Município,Sim,Não,Total_Servidores,Codigo,Municipio,Codigo ,Total,Total_pop,Servidores_por_1000
110001 ALTA FLORESTA D'OESTE,396.0,30,426.0,110001,Alta Floresta D'Oeste,  1 100 015 ,   21 494,21494.0,19.819484507304363
110002 ARIQUEMES,1330.0,407,1737.0,110002,Ariquemes,  1 100 023 ,   96 833,96833.0,17.93809961480074
110003 CABIXI,101.0,16,117.0,110003,Cabixi,  1 100 031 ,   5 351,5351.0,21.865071949168378
110004 CACOAL,2515.0,642,3157.0,110004,Cacoal,  1 100 049 ,   86 887,86887.0,36.33454947230311
110005 CEREJEIRAS,259.0,17,276.0,110005,Cerejeiras,  1 100 056 ,   15 890,15890.0,17.36941472624292
110006 COLORADO DO OESTE,209.0,6,215.0,110006,Colorado do Oeste,  1 100 064 ,   15 663,15663.0,13.726616867777565
110007 CORUMBIARA,132.0,28,160.0,110007,Corumbiara,  1 100 072 ,   7 519,7519.0,21.2794254555127
110008 COSTA MARQUES,151.0,-,151.0,110008,Costa Marques,  1 100 080 ,   12 627,12627.0,11.958501623505187
110009 ESPIGAO D'OESTE,275.0,101,376.0,110009,Espigão D'Oeste,  1 100 098 ,   29 414,29414.0,12.783028489834772
110010 GUAJARA-MIRIM,694.0,107,801.0,110010,Guajará-Mirim,  1 100 106 ,   39 387,39387.0,20.336659303831215
110011 JARU,672.0,197,869.0,110011,Jaru,  1 100 114 ,   50 591,50591.0,17.176968235456897
110012 JI-PARANA,1942.0,692,2634.0,110012,Ji-Paraná,  1 100 122 ,   124 333,124333.0,21.185043391537246
110013 MACHADINHO D'OESTE,451.0,21,472.0,110013,Machadinho D'Oeste,  1 100 130 ,   30 707,30707.0,15.371088025531638
110014 NOVA BRASILANDIA D'OESTE,162.0,16,178.0,110014,Nova Brasilândia D'Oeste,  1 100 148 ,   15 679,15679.0,11.352764844696729
110015 OURO PRETO DO OESTE,390.0,103,493.0,110015,Ouro Preto do Oeste,  1 100 155 ,   35 044,35044.0,14.068028763839745
110018 PIMENTA BUENO,474.0,266,740.0,110018,Pimenta Bueno,  1 100 189 ,   35 079,35079.0,21.09524216767867
110020 PORTO VELHO,11402.0,2406,13808.0,110020,Porto Velho,  1 100 205 ,   460 434,460434.0,29.989097243035918
110025 PRESIDENTE MEDICI,214.0,34,248.0,110025,Presidente Médici,  1 100 254 ,   19 327,19327.0,12.831789724220004
110026 RIO CRESPO,99.0,1,100.0,110026,Rio Crespo,  1 100 262 ,   3 471,3471.0,28.81014116969173
110028 ROLIM DE MOURA,543.0,208,751.0,110028,Rolim de Moura,  1 100 288 ,   56 406,56406.0,13.314186434067299
110029 SANTA LUZIA D'OESTE,116.0,1,117.0,110029,Santa Luzia D'Oeste,  1 100 296 ,   7 419,7419.0,15.770319450060656
110030 VILHENA,1717.0,605,2322.0,110030,Vilhena,  1 100 304 ,   95 832,95832.0,24.229902329075884
110032 SAO MIGUEL DO GUAPORE,189.0,48,237.0,110032,São Miguel do Guaporé,  1 100 320 ,   21 635,21635.0,10.954471920499191
110033 NOVA MAMORE,298.0,11,309.0,110033,Nova Mamoré,  1 100 338 ,   25 444,25444.0,12.14431693130011
110034 ALVORADA D'OESTE,166.0,22,188.0,110034,Alvorada D'Oeste,  1 100 346 ,   13 117,13117.0,14.332545551574293
110037 ALTO ALEGRE DOS PARECIS,126.0,10,136.0,110037,Alto Alegre dos Parecis,  1 100 379 ,   11 479,11479.0,11.847721926997124
110040 ALTO PARAISO,151.0,14,165.0,110040,Alto Paraíso,  1 100 403 ,   16 320,16320.0,10.11029411764706
110045 BURITIS,384.0,61,445.0,110045,Buritis,  1 100 452 ,   27 992,27992.0,15.897399256930553
110050 NOVO HORIZONTE DO OESTE,112.0,-,112.0,110050,Novo Horizonte do Oeste,  1 100 502 ,   7 667,7667.0,14.608060519107864
110060 CACAULANDIA,72.0,6,78.0,110060,Cacaulândia,  1 100 601 ,   4 150,4150.0,18.79518072289157
110070 CAMPO NOVO DE RONDONIA,157.0,4,161.0,110070,Campo Novo de Rondônia,  1 100 700 ,   8 844,8844.0,18.20443238353686
110080 CANDEIAS DO JAMARI,286.0,2,288.0,110080,Candeias do Jamari,  1 100 809 ,   22 310,22310.0,12.909009412819362
110090 CASTANHEIRAS,105.0,-,105.0,110090,Castanheiras,  1 100 908 ,   3 233,3233.0,32.47757500773275
110092 CHUPINGUAIA,162.0,9,171.0,110092,Chupinguaia,  1 100 924 ,   9 324,9324.0,18.33976833976834
110094 CUJUBIM,172.0,3,175.0,110094,Cujubim,  1 100 940 ,   14 863,14863.0,11.774204400188388
110100 GOVERNADOR JORGE TEIXEIRA,99.0,1,100.0,110100,Governador Jorge Teixeira,  1 101 005 ,   8 001,8001.0,12.49843769528809
110110 ITAPUA DO OESTE,130.0,3,133.0,110110,Itapuã do Oeste,  1 101 104 ,   8 548,8548.0,15.559195133364529
110120 MINISTRO ANDREAZZA,88.0,6,94.0,110120,Ministro Andreazza,  1 101 203 ,   6 466,6466.0,14.53758119393752
110130 MIRANTE DA SERRA,79.0,10,89.0,110130,Mirante da Serra,  1 101 302 ,   9 235,9235.0,9.637249593936113
110140 MONTE NEGRO,214.0,14,228.0,110140,Monte Negro,  1 101 401 ,   11 548,11548.0,19.743678559057845
110143 NOVA UNIAO,85.0,3,88.0,110143,Nova União,  1 101 435 ,   6 200,6200.0,14.193548387096776
110145 PARECIS,71.0,3,74.0,110145,Parecis,  1 101 450 ,   4 125,4125.0,17.939393939393938
110146 PIMENTEIRAS DO OESTE,64.0,-,64.0,110146,Pimenteiras do Oeste,  1 101 468 ,   2 156,2156.0,29.68460111317254
110147 PRIMAVERA DE RONDONIA,68.0,-,68.0,110147,Primavera de Rondônia,  1 101 476 ,   3 076,3076.0,22.106631989596877
110148 SAO FELIPE D'OESTE,90.0,3,93.0,110148,São Felipe D'Oeste,  1 101 484 ,   5 258,5258.0,17.687333586915177
110149 SAO FRANCISCO DO GUAPORE,278.0,19,297.0,110149,São Francisco do Guaporé,  1 101 492 ,   16 286,16286.0,18.236522166277783
110150 SERINGUEIRAS,113.0,22,135.0,110150,Seringueiras,  1 101 500 ,   11 171,11171.0,12.084862590636469
110155 TEIXEIROPOLIS,60.0,-,60.0,110155,Teixeirópolis,  1 101 559 ,   4 256,4256.0,14.097744360902254
110160 THEOBROMA,150.0,1,151.0,110160,Theobroma,  1 101 609 ,   8 113,8113.0,18.612104030568222
110170 URUPA,114.0,28,142.0,110170,Urupá,  1 101 708 ,   10 725,10725.0,13.24009324009324
110175 VALE DO ANARI,99.0,2,101.0,110175,Vale do Anari,  1 101 757 ,   7 788,7788.0,12.968669748330766
110180 VALE DO PARAISO,92.0,-,92.0,110180,Vale do Paraíso,  1 101 807 ,   6 479,6479.0,14.199722179348663
120001 ACRELANDIA,223.0,2,225.0,120001,Acrelândia,  1 200 013 ,   14 021,14021.0,16.047357535125883
120005 ASSIS BRASIL,181.0,1,182.0,120005,Assis Brasil,  1 200 054 ,   8 100,8100.0,22.469135802469136
120010 BRASILEIA,622.0,17,639.0,120010,Brasiléia,  1 200 104 ,   26 000,26000.0,24.576923076923077
120013 BUJARI,88.0,2,90.0,120013,Bujari,  1 200 138 ,   12 917,12917.0,6.96756212742897
120017 CAPIXABA,132.0,-,132.0,120017,Capixaba,  1 200 179 ,   10 392,10392.0,12.702078521939953
120020 CRUZEIRO DO SUL,2177.0,129,2306.0,120020,Cruzeiro do Sul,  1 200 203 ,   91 888,91888.0,25.095768761971094
120025 EPITACIOLANDIA,152.0,2,154.0,120025,Epitaciolândia,  1 200 252 ,   18 757,18757.0,8.210268166551154
120030 FEIJO,321.0,5,326.0,120030,Feijó,  1 200 302 ,   35 426,35426.0,9.202280810704002
120032 JORDAO,149.0,2,151.0,120032,Jordão,  1 200 328 ,   9 222,9222.0,16.373888527434396
120033 MANCIO LIMA,280.0,5,285.0,120033,Mâncio Lima,  1 200 336 ,   19 294,19294.0,14.771431533119104
120034 MANOEL URBANO,152.0,-,152.0,120034,Manoel Urbano,  1 200 344 ,   11 996,11996.0,12.670890296765588
120035 MARECHAL THAUMATURGO,294.0,-,294.0,120035,Marechal Thaumaturgo,  1 200 351 ,   17 093,17093.0,17.200023401392382
120038 PLACIDO DE CASTRO,371.0,1,372.0,120038,Plácido de Castro,  1 200 385 ,   16 560,16560.0,22.463768115942027
120039 PORTO WALTER,197.0,-,197.0,120039,Porto Walter,  1 200 393 ,   10 735,10735.0,18.351187703772705
120040 RIO BRANCO,7570.0,1726,9296.0,120040,Rio Branco,  1 200 401 ,   364 756,364756.0,25.485530052966915
120042 RODRIGUES ALVES,201.0,1,202.0,120042,Rodrigues Alves,  1 200 427 ,   14 938,14938.0,13.522559914312492
120043 SANTA ROSA DO PURUS,136.0,-,136.0,120043,Santa Rosa do Purus,  1 200 435 ,   6 723,6723.0,20.229064405771233
120045 SENADOR GUIOMARD,301.0,5,306.0,120045,Senador Guiomard,  1 200 450 ,   21 454,21454.0,14.263074484944534
120050 SENA MADUREIRA,627.0,18,645.0,120050,Sena Madureira,  1 200 500 ,   41 343,41343.0,15.601190044263841
120060 TARAUACA,425.0,17,442.0,120060,Tarauacá,  1 200 609 ,   43 467,43467.0,10.168633676122116
120070 XAPURI,242.0,2,244.0,120070,Xapuri,  1 200 708 ,   18 243,18243.0,13.37499314805679
120080 PORTO ACRE,145.0,1,146.0,120080,Porto Acre,  1 200 807 ,   16 693,16693.0,8.746181033966334
130002 ALVARAES,316.0,-,316.0,130002,Alvarães,  1 300 029 ,   15 866,15866.0,19.916803227026346
130006 AMATURA,289.0,-,289.0,130006,Amaturá,  1 300 060 ,   10 819,10819.0,26.71226545891487
130008 ANAMA,261.0,12,273.0,130008,Anamã,  1 300 086 ,   9 962,9962.0,27.404135715719736
130010 ANORI,360.0,-,360.0,130010,Anori,  1 300 102 ,   17 194,17194.0,20.937536349889495
130014 APUI,267.0,-,267.0,130014,Apuí,  1 300 144 ,   20 647,20647.0,12.931660773962319
130020 ATALAIA DO NORTE,449.0,-,449.0,130020,Atalaia do Norte,  1 300 201 ,   15 314,15314.0,29.319576857777196
130030 AUTAZES,606.0,3,609.0,130030,Autazes,  1 300 300 ,   41 564,41564.0,14.652102781253006
130040 BARCELOS,523.0,1,524.0,130040,Barcelos,  1 300 409 ,   18 834,18834.0,27.82202399915047
130050 BARREIRINHA,539.0,3,542.0,130050,Barreirinha,  1 300 508 ,   31 051,31051.0,17.455154423368008
130060 BENJAMIN CONSTANT,611.0,1,612.0,130060,Benjamin Constant,  1 300 607 ,   37 648,37648.0,16.255843603909902
130063 BERURI,272.0,3,275.0,130063,Beruri,  1 300 631 ,   20 718,20718.0,13.273481996331693
130068 BOA VISTA DO RAMOS,328.0,-,328.0,130068,Boa Vista do Ramos,  1 300 680 ,   23 785,23785.0,13.790203910027328
130070 BOCA DO ACRE,607.0,4,611.0,130070,Boca do Acre,  1 300 706 ,   35 447,35447.0,17.23700172087906
130080 BORBA,782.0,-,782.0,130080,Borba,  1 300 805 ,   33 080,33080.0,23.639661426844015
130083 CAAPIRANGA,272.0,2,274.0,130083,Caapiranga,  1 300 839 ,   13 469,13469.0,20.34300987452669
130090 CANUTAMA,226.0,-,226.0,130090,Canutama,  1 300 904 ,   16 869,16869.0,13.397356096982632
130100 CARAUARI,303.0,8,311.0,130100,Carauari,  1 301 001 ,   28 742,28742.0,10.820402198872731
130110 CAREIRO,752.0,-,752.0,130110,Careiro,  1 301 100 ,   30 792,30792.0,24.42192777344765
130115 CAREIRO DA VARZEA,350.0,-,350.0,130115,Careiro da Várzea,  1 301 159 ,   19 637,19637.0,17.823496460762847
130120 COARI,1212.0,16,1228.0,130120,Coari,  1 301 209 ,   70 616,70616.0,17.389826668177186
130130 CODAJAS,370.0,2,372.0,130130,Codajás,  1 301 308 ,   23 549,23549.0,15.796849123105014
130140 EIRUNEPE,573.0,6,579.0,130140,Eirunepé,  1 301 407 ,   33 170,33170.0,17.455532107325897
130150 ENVIRA,473.0,-,473.0,130150,Envira,  1 301 506 ,   17 186,17186.0,27.522401955079715
130160 FONTE BOA,565.0,-,565.0,130160,Fonte Boa,  1 301 605 ,   25 871,25871.0,21.83912488887171
130165 GUAJARA,343.0,2,345.0,130165,Guajará,  1 301 654 ,   13 815,13815.0,24.9728555917481
130170 HUMAITA,837.0,156,993.0,130170,Humaitá,  1 301 704 ,   57 473,57473.0,17.277678214117934
130180 IPIXUNA,307.0,-,307.0,130180,Ipixuna,  1 301 803 ,   24 311,24311.0,12.6280284644811
130185 IRANDUBA,907.0,9,916.0,130185,Iranduba,  1 301 852 ,   61 163,61163.0,14.976374605562187
130190 ITACOATIARA,1611.0,49,1660.0,130190,Itacoatiara,  1 301 902 ,   103 598,103598.0,16.023475356667117
130195 ITAMARATI,171.0,-,171.0,130195,Itamarati,  1 301 951 ,   10 937,10937.0,15.635000457163754
130200 ITAPIRANGA,172.0,2,174.0,130200,Itapiranga,  1 302 009 ,   10 162,10162.0,17.122613658728596
130210 JAPURA,202.0,-,202.0,130210,Japurá,  1 302 108 ,   8 858,8858.0,22.804244750508015
130220 JURUA,204.0,-,204.0,130220,Juruá,  1 302 207 ,   10 742,10742.0,18.990876931670083
130230 JUTAI,378.0,-,378.0,130230,Jutaí,  1 302 306 ,   25 172,25172.0,15.016685205784205
130240 LABREA,822.0,4,826.0,130240,Lábrea,  1 302 405 ,   45 448,45448.0,18.17461714486886
130250 MANACAPURU,1696.0,36,1732.0,130250,Manacapuru,  1 302 504 ,   101 883,101883.0,16.999892033018266
130255 MANAQUIRI,303.0,-,303.0,130255,Manaquiri,  1 302 553 ,   17 107,17107.0,17.71204769977202
130260 MANAUS,32738.0,7358,40096.0,130260,Manaus,  1 302 603 ,  2 063 689,2063689.0,19.429284160549383
130270 MANICORE,1037.0,11,1048.0,130270,Manicoré,  1 302 702 ,   53 914,53914.0,19.438364803205104
130280 MARAA,301.0,-,301.0,130280,Maraã,  1 302 801 ,   15 529,15529.0,19.38308970313607
130290 MAUES,775.0,7,782.0,130290,Maués,  1 302 900 ,   61 204,61204.0,12.776942683484739
130300 NHAMUNDA,427.0,2,429.0,130300,Nhamundá,  1 303 007 ,   20 136,20136.0,21.30512514898689
130310 NOVA OLINDA DO NORTE,498.0,1,499.0,130310,Nova Olinda do Norte,  1 303 106 ,   27 062,27062.0,18.43913975315941
130320 NOVO AIRAO,343.0,-,343.0,130320,Novo Airão,  1 303 205 ,   15 761,15761.0,21.762578516591585
130330 NOVO ARIPUANA,303.0,-,303.0,130330,Novo Aripuanã,  1 303 304 ,   23 818,23818.0,12.721471156268368
130340 PARINTINS,1887.0,71,1958.0,130340,Parintins,  1 303 403 ,   96 372,96372.0,20.317104553189722
130350 PAUINI,319.0,-,319.0,130350,Pauini,  1 303 502 ,   19 373,19373.0,16.466215867444383
130353 PRESIDENTE FIGUEIREDO,550.0,30,580.0,130353,Presidente Figueiredo,  1 303 536 ,   30 668,30668.0,18.912221207773577
130356 RIO PRETO DA EVA,497.0,5,502.0,130356,Rio Preto da Eva,  1 303 569 ,   24 936,24936.0,20.13153673403914
130360 SANTA ISABEL DO RIO NEGRO,335.0,16,351.0,130360,Santa Isabel do Rio Negro,  1 303 601 ,   14 164,14164.0,24.781135272521887
130370 SANTO ANTONIO DO ICA,511.0,7,518.0,130370,Santo Antônio do Içá,  1 303 700 ,   28 211,28211.0,18.3616319875226
130380 SAO GABRIEL DA CACHOEIRA,913.0,3,916.0,130380,São Gabriel da Cachoeira,  1 303 809 ,   51 795,51795.0,17.68510473983975
130390 SAO PAULO DE OLIVENCA,723.0,-,723.0,130390,São Paulo de Olivença,  1 303 908 ,   32 967,32967.0,21.93102193102193
130395 SAO SEBASTIAO DO UATUMA,219.0,-,219.0,130395,São Sebastião do Uatumã,  1 303 957 ,   11 670,11670.0,18.76606683804627
130400 SILVES,203.0,1,204.0,130400,Silves,  1 304 005 ,   11 559,11559.0,17.648585517778354
130406 TABATINGA,1479.0,12,1491.0,130406,Tabatinga,  1 304 062 ,   66 764,66764.0,22.33239470373255
130410 TAPAUA,454.0,1,455.0,130410,Tapauá,  1 304 104 ,   19 599,19599.0,23.21547017704985
130420 TEFE,1347.0,32,1379.0,130420,Tefé,  1 304 203 ,   73 669,73669.0,18.718864108376657
130423 TONANTINS,390.0,-,390.0,130423,Tonantins,  1 304 237 ,   19 247,19247.0,20.26289811399179
130426 UARINI,280.0,-,280.0,130426,Uarini,  1 304 260 ,   14 431,14431.0,19.402674797311345
130430 URUCARA,283.0,1,284.0,130430,Urucará,  1 304 302 ,   18 631,18631.0,15.243411518437014
130440 URUCURITUBA,430.0,-,430.0,130440,Urucurituba,  1 304 401 ,   23 945,23945.0,17.957820004176238
140002 AMAJARI,325.0,-,325.0,140002,Amajari,  1 400 027 ,   13 927,13927.0,23.33596610899691
140005 ALTO ALEGRE,520.0,-,520.0,140005,Alto Alegre,  1 400 050 ,   21 096,21096.0,24.649222601441032
140010 BOA VISTA,8279.0,691,8970.0,140010,Boa Vista,  1 400 100 ,   413 486,413486.0,21.693600266998157
140015 BONFIM,299.0,1,300.0,140015,Bonfim,  1 400 159 ,   13 923,13923.0,21.54708037060978
140017 CANTA,237.0,-,237.0,140017,Cantá,  1 400 175 ,   18 682,18682.0,12.686007922064018
140020 CARACARAI,405.0,2,407.0,140020,Caracaraí,  1 400 209 ,   20 957,20957.0,19.420718614305482
140023 CAROEBE,190.0,-,190.0,140023,Caroebe,  1 400 233 ,   10 656,10656.0,17.83033033033033
140028 IRACEMA,215.0,1,216.0,140028,Iracema,  1 400 282 ,   10 023,10023.0,21.550434001795868
140030 MUCAJAI,304.0,4,308.0,140030,Mucajaí,  1 400 308 ,   18 095,18095.0,17.02127659574468
140040 NORMANDIA,241.0,-,241.0,140040,Normandia,  1 400 407 ,   13 986,13986.0,17.23151723151723
140045 PACARAIMA,281.0,3,284.0,140045,Pacaraima,  1 400 456 ,   19 305,19305.0,14.71121471121471
140047 RORAINOPOLIS,457.0,10,467.0,140047,Rorainópolis,  1 400 472 ,   32 647,32647.0,14.304530278432933
140050 SAO JOAO DA BALIZA,145.0,-,145.0,140050,São João da Baliza,  1 400 506 ,   8 858,8858.0,16.369383608037932
140060 SAO LUIZ,185.0,-,185.0,140060,São Luiz,  1 400 605 ,   7 315,7315.0,25.290498974709504
140070 UIRAMUTA,295.0,-,295.0,140070,Uiramutã,  1 400 704 ,   13 751,13751.0,21.45298523743728
150010 ABAETETUBA,2062.0,91,2153.0,150010,Abaetetuba,  1 500 107 ,   158 188,158188.0,13.610387640023264
150013 ABEL FIGUEIREDO,112.0,-,112.0,150013,Abel Figueiredo,  1 500 131 ,   6 136,6136.0,18.252933507170795
150020 ACARA,442.0,1,443.0,150020,Acará,  1 500 206 ,   59 023,59023.0,7.505548684411162
150030 AFUA,315.0,-,315.0,150030,Afuá,  1 500 305 ,   37 765,37765.0,8.341056533827619
150034 AGUA AZUL DO NORTE,338.0,6,344.0,150034,Água Azul do Norte,  1 500 347 ,   18 080,18080.0,19.02654867256637
150040 ALENQUER,373.0,4,377.0,150040,Alenquer,  1 500 404 ,   69 377,69377.0,5.434077576141949
150050 ALMEIRIM,424.0,11,435.0,150050,Almeirim,  1 500 503 ,   34 280,34280.0,12.689614935822636
150060 ALTAMIRA,2744.0,193,2937.0,150060,Altamira,  1 500 602 ,   126 279,126279.0,23.258023899460717
150070 ANAJAS,482.0,1,483.0,150070,Anajás,  1 500 701 ,   28 011,28011.0,17.24322587554889
150080 ANANINDEUA,5395.0,719,6114.0,150080,Ananindeua,  1 500 800 ,   478 778,478778.0,12.770010317934409
150085 ANAPU,278.0,3,281.0,150085,Anapu,  1 500 859 ,   31 850,31850.0,8.822605965463108
150090 AUGUSTO CORREA,528.0,57,585.0,150090,Augusto Corrêa,  1 500 909 ,   44 573,44573.0,13.124537275929374
150095 AURORA DO PARA,341.0,3,344.0,150095,Aurora do Pará,  1 500 958 ,   23 774,23774.0,14.469588626230335
150100 AVEIRO,142.0,-,142.0,150100,Aveiro,  1 501 006 ,   18 290,18290.0,7.763805358119191
150110 BAGRE,331.0,-,331.0,150110,Bagre,  1 501 105 ,   31 892,31892.0,10.378778377022451
150120 BAIAO,401.0,-,401.0,150120,Baião,  1 501 204 ,   51 641,51641.0,7.76514784764044
150125 BANNACH,92.0,1,93.0,150125,Bannach,  1 501 253 ,   4 031,4031.0,23.07119821384272
150130 BARCARENA,1503.0,206,1709.0,150130,Barcarena,  1 501 303 ,   126 650,126650.0,13.493880773786024
150140 BELEM,21708.0,4526,26234.0,150140,Belém,  1 501 402 ,  1 303 403,1303403.0,20.127312887878883
150145 BELTERRA,207.0,2,209.0,150145,Belterra,  1 501 451 ,   18 099,18099.0,11.547599314879276
150150 BENEVIDES,697.0,22,719.0,150150,Benevides,  1 501 501 ,   63 567,63567.0,11.31090030990923
150157 BOM JESUS DO TOCANTINS,262.0,1,263.0,150157,Bom Jesus do Tocantins,  1 501 576 ,   18 005,18005.0,14.60705359622327
150160 BONITO,195.0,-,195.0,150160,Bonito,  1 501 600 ,   12 622,12622.0,15.449215655205197
150170 BRAGANCA,1539.0,44,1583.0,150170,Bragança,  1 501 709 ,   123 082,123082.0,12.861344469540631
150172 BRASIL NOVO,218.0,5,223.0,150172,Brasil Novo,  1 501 725 ,   24 718,24718.0,9.021765515009305
150175 BREJO GRANDE DO ARAGUAIA,114.0,1,115.0,150175,Brejo Grande do Araguaia,  1 501 758 ,   6 783,6783.0,16.954150081085068
150178 BREU BRANCO,545.0,7,552.0,150178,Breu Branco,  1 501 782 ,   45 712,45712.0,12.07560378018901
150180 BREVES,1247.0,262,1509.0,150180,Breves,  1 501 808 ,   106 968,106968.0,14.107022660982723
150190 BUJARU,252.0,-,252.0,150190,Bujaru,  1 501 907 ,   24 383,24383.0,10.335069515646147
150195 CACHOEIRA DO PIRIA,257.0,-,257.0,150195,Cachoeira do Piriá,  1 501 956 ,   19 630,19630.0,13.092205807437596
150200 CACHOEIRA DO ARARI,191.0,3,194.0,150200,Cachoeira do Arari,  1 502 004 ,   23 981,23981.0,8.08973770901964
150210 CAMETA,1678.0,276,1954.0,150210,Cametá,  1 502 103 ,   134 184,134184.0,14.562093841292553
150215 CANAA DOS CARAJAS,1252.0,624,1876.0,150215,Canaã dos Carajás,  1 502 152 ,   77 079,77079.0,24.338665524980865
150220 CAPANEMA,1321.0,82,1403.0,150220,Capanema,  1 502 202 ,   70 394,70394.0,19.93067590987868
150230 CAPITAO POCO,580.0,33,613.0,150230,Capitão Poço,  1 502 301 ,   56 506,56506.0,10.848405479064171
150240 CASTANHAL,2849.0,136,2985.0,150240,Castanhal,  1 502 400 ,   192 256,192256.0,15.526173435419441
150250 CHAVES,195.0,-,195.0,150250,Chaves,  1 502 509 ,   20 757,20757.0,9.394421159127042
150260 COLARES,129.0,-,129.0,150260,Colares,  1 502 608 ,   12 868,12868.0,10.024867889337893
150270 CONCEICAO DO ARAGUAIA,790.0,47,837.0,150270,Conceição do Araguaia,  1 502 707 ,   44 617,44617.0,18.759665598314545
150275 CONCORDIA DO PARA,264.0,7,271.0,150275,Concórdia do Pará,  1 502 756 ,   26 881,26881.0,10.081470183400915
150276 CUMARU DO NORTE,170.0,1,171.0,150276,Cumaru do Norte,  1 502 764 ,   14 036,14036.0,12.182958107722998
150277 CURIONOPOLIS,361.0,24,385.0,150277,Curionópolis,  1 502 772 ,   19 950,19950.0,19.29824561403509
150280 CURRALINHO,351.0,-,351.0,150280,Curralinho,  1 502 806 ,   33 903,33903.0,10.353066100345103
150285 CURUA,138.0,1,139.0,150285,Curuá,  1 502 855 ,   14 117,14117.0,9.84628462137848
150290 CURUCA,295.0,-,295.0,150290,Curuçá,  1 502 905 ,   41 262,41262.0,7.149435315786922
150293 DOM ELISEU,551.0,58,609.0,150293,Dom Eliseu,  1 502 939 ,   58 484,58484.0,10.413104438820875
150295 ELDORADO DOS CARAJAS,356.0,45,401.0,150295,Eldorado do Carajás,  1 502 954 ,   28 192,28192.0,14.223893303064699
150300 FARO,190.0,-,190.0,150300,Faro,  1 503 002 ,   8 728,8728.0,21.769019248395967
150304 FLORESTA DO ARAGUAIA,264.0,2,266.0,150304,Floresta do Araguaia,  1 503 044 ,   17 898,17898.0,14.8619957537155
150307 GARRAFAO DO NORTE,421.0,-,421.0,150307,Garrafão do Norte,  1 503 077 ,   24 703,24703.0,17.042464477998625
150309 GOIANESIA DO PARA,387.0,-,387.0,150309,Goianésia do Pará,  1 503 093 ,   26 362,26362.0,14.68022153099158
150310 GURUPA,335.0,-,335.0,150310,Gurupá,  1 503 101 ,   31 786,31786.0,10.539231108034983
150320 IGARAPE-ACU,557.0,2,559.0,150320,Igarapé-Açu,  1 503 200 ,   35 797,35797.0,15.615833729083443
150330 IGARAPE-MIRI,534.0,7,541.0,150330,Igarapé-Miri,  1 503 309 ,   64 831,64831.0,8.344773333744659
150340 INHANGAPI,142.0,-,142.0,150340,Inhangapi,  1 503 408 ,   10 325,10325.0,13.753026634382566
150345 IPIXUNA DO PARA,644.0,77,721.0,150345,Ipixuna do Pará,  1 503 457 ,   30 329,30329.0,23.772626858782022
150350 IRITUIA,396.0,-,396.0,150350,Irituia,  1 503 507 ,   30 955,30955.0,12.792763689226296
150360 ITAITUBA,1692.0,148,1840.0,150360,Itaituba,  1 503 606 ,   123 314,123314.0,14.921257926918273
150370 ITUPIRANGA,460.0,3,463.0,150370,Itupiranga,  1 503 705 ,   49 754,49754.0,9.305784459540941
150375 JACAREACANGA,366.0,9,375.0,150375,Jacareacanga,  1 503 754 ,   24 042,24042.0,15.597704017968557
150380 JACUNDA,512.0,84,596.0,150380,Jacundá,  1 503 804 ,   37 707,37707.0,15.806083751027662
150390 JURUTI,603.0,90,693.0,150390,Juruti,  1 503 903 ,   50 881,50881.0,13.620015329887384
150400 LIMOEIRO DO AJURU,350.0,-,350.0,150400,Limoeiro do Ajuru,  1 504 000 ,   29 569,29569.0,11.836720890121411
150405 MAE DO RIO,272.0,68,340.0,150405,Mãe do Rio,  1 504 059 ,   34 353,34353.0,9.89724332663814
150410 MAGALHAES BARATA,132.0,-,132.0,150410,Magalhães Barata,  1 504 109 ,   8 115,8115.0,16.266173752310536
150420 MARABA,3652.0,1029,4681.0,150420,Marabá,  1 504 208 ,   266 533,266533.0,17.56255322980644
150430 MARACANA,397.0,-,397.0,150430,Maracanã,  1 504 307 ,   25 971,25971.0,15.286280851719226
150440 MARAPANIM,242.0,2,244.0,150440,Marapanim,  1 504 406 ,   26 573,26573.0,9.18225266247695
150442 MARITUBA,1610.0,48,1658.0,150442,Marituba,  1 504 422 ,   111 785,111785.0,14.832043655231024
150445 MEDICILANDIA,225.0,10,235.0,150445,Medicilândia,  1 504 455 ,   27 094,27094.0,8.673507049531262
150450 MELGACO,244.0,-,244.0,150450,Melgaço,  1 504 505 ,   27 881,27881.0,8.751479502169937
150460 MOCAJUBA,257.0,-,257.0,150460,Mocajuba,  1 504 604 ,   27 198,27198.0,9.449224207662327
150470 MOJU,454.0,15,469.0,150470,Moju,  1 504 703 ,   84 094,84094.0,5.577092301472162
150475 MOJUI DOS CAMPOS,218.0,2,220.0,150475,Mojuí dos Campos,  1 504 752 ,   23 501,23501.0,9.361303774307476
150480 MONTE ALEGRE,541.0,15,556.0,150480,Monte Alegre,  1 504 802 ,   60 012,60012.0,9.264813703925881
150490 MUANA,346.0,-,346.0,150490,Muaná,  1 504 901 ,   45 368,45368.0,7.626520895785576
150495 NOVA ESPERANCA DO PIRIA,286.0,1,287.0,150495,Nova Esperança do Piriá,  1 504 950 ,   20 478,20478.0,14.015040531301885
150497 NOVA IPIXUNA,148.0,4,152.0,150497,Nova Ipixuna,  1 504 976 ,   13 955,13955.0,10.892153350053745
150500 NOVA TIMBOTEUA,258.0,13,271.0,150500,Nova Timboteua,  1 505 007 ,   12 806,12806.0,21.16195533343745
150503 NOVO PROGRESSO,519.0,60,579.0,150503,Novo Progresso,  1 505 031 ,   33 638,33638.0,17.212676140079672
150506 NOVO REPARTIMENTO,634.0,25,659.0,150506,Novo Repartimento,  1 505 064 ,   60 732,60732.0,10.850951722321016
150510 OBIDOS,424.0,43,467.0,150510,Óbidos,  1 505 106 ,   52 229,52229.0,8.94139271286067
150520 OEIRAS DO PARA,354.0,-,354.0,150520,Oeiras do Pará,  1 505 205 ,   33 844,33844.0,10.459756529960998
150530 ORIXIMINA,778.0,176,954.0,150530,Oriximiná,  1 505 304 ,   68 294,68294.0,13.969016311828272
150540 OUREM,257.0,-,257.0,150540,Ourém,  1 505 403 ,   17 855,17855.0,14.393727247269672
150543 OURILANDIA DO NORTE,818.0,46,864.0,150543,Ourilândia do Norte,  1 505 437 ,   32 467,32467.0,26.611636430837468
150548 PACAJA,433.0,23,456.0,150548,Pacajá,  1 505 486 ,   41 097,41097.0,11.095700416088766
150549 PALESTINA DO PARA,68.0,1,69.0,150549,Palestina do Pará,  1 505 494 ,   6 885,6885.0,10.021786492374728
150550 PARAGOMINAS,1255.0,262,1517.0,150550,Paragominas,  1 505 502 ,   105 550,105550.0,14.372335386072951
150553 PARAUAPEBAS,2147.0,1143,3290.0,150553,Parauapebas,  1 505 536 ,   267 836,267836.0,12.28363625502173
150555 PAU D'ARCO,140.0,-,140.0,150555,Pau D'Arco,  1 505 551 ,   6 931,6931.0,20.19910546818641
150560 PEIXE-BOI,94.0,-,94.0,150560,Peixe-Boi,  1 505 601 ,   8 285,8285.0,11.345805672902836
150563 PICARRA,182.0,-,182.0,150563,Piçarra,  1 505 635 ,   12 832,12832.0,14.183291770573566
150565 PLACAS,234.0,3,237.0,150565,Placas,  1 505 650 ,   18 668,18668.0,12.69552174844654
150570 PONTA DE PEDRAS,253.0,-,253.0,150570,Ponta de Pedras,  1 505 700 ,   24 984,24984.0,10.126480947806595
150580 PORTEL,699.0,1,700.0,150580,Portel,  1 505 809 ,   62 503,62503.0,11.199462425803562
150590 PORTO DE MOZ,365.0,2,367.0,150590,Porto de Moz,  1 505 908 ,   40 597,40597.0,9.040076852969431
150600 PRAINHA,276.0,1,277.0,150600,Prainha,  1 506 005 ,   35 577,35577.0,7.785929111504624
150610 PRIMAVERA,137.0,-,137.0,150610,Primavera,  1 506 104 ,   10 851,10851.0,12.625564464104691
150611 QUATIPURU,142.0,-,142.0,150611,Quatipuru,  1 506 112 ,   11 524,11524.0,12.322110378340854
150613 REDENCAO,1404.0,229,1633.0,150613,Redenção,  1 506 138 ,   85 597,85597.0,19.077771417222564
150616 RIO MARIA,246.0,11,257.0,150616,Rio Maria,  1 506 161 ,   18 384,18384.0,13.979547432550042
150618 RONDON DO PARA,293.0,32,325.0,150618,Rondon do Pará,  1 506 187 ,   53 143,53143.0,6.115574958131833
150619 RUROPOLIS,353.0,6,359.0,150619,Rurópolis,  1 506 195 ,   35 769,35769.0,10.036623892197154
150620 SALINOPOLIS,474.0,20,494.0,150620,Salinópolis,  1 506 203 ,   44 772,44772.0,11.033681765389082
150630 SALVATERRA,204.0,-,204.0,150630,Salvaterra,  1 506 302 ,   24 129,24129.0,8.45455675742882
150635 SANTA BARBARA DO PARA,227.0,-,227.0,150635,Santa Bárbara do Pará,  1 506 351 ,   21 087,21087.0,10.764926257884005
150640 SANTA CRUZ DO ARARI,128.0,-,128.0,150640,Santa Cruz do Arari,  1 506 401 ,   7 445,7445.0,17.192746809939557
150650 SANTA IZABEL DO PARA,564.0,17,581.0,150650,Santa Izabel do Pará,  1 506 500 ,   73 019,73019.0,7.956833153014968
150655 SANTA LUZIA DO PARA,291.0,1,292.0,150655,Santa Luzia do Pará,  1 506 559 ,   20 370,20370.0,14.334806087383406
150658 SANTA MARIA DAS BARREIRAS,206.0,4,210.0,150658,Santa Maria das Barreiras,  1 506 583 ,   16 548,16548.0,12.690355329949238
150660 SANTA MARIA DO PARA,269.0,6,275.0,150660,Santa Maria do Pará,  1 506 609 ,   24 624,24624.0,11.16796621182586
150670 SANTANA DO ARAGUAIA,504.0,16,520.0,150670,Santana do Araguaia,  1 506 708 ,   32 413,32413.0,16.04294573165088
150680 SANTAREM,4567.0,458,5025.0,150680,Santarém,  1 506 807 ,   331 942,331942.0,15.138186791668423
150690 SANTAREM NOVO,128.0,-,128.0,150690,Santarém Novo,  1 506 906 ,   6 116,6116.0,20.928711576193592
150700 SANTO ANTONIO DO TAUA,274.0,1,275.0,150700,Santo Antônio do Tauá,  1 507 003 ,   27 461,27461.0,10.014201959142056
150710 SAO CAETANO DE ODIVELAS,222.0,-,222.0,150710,São Caetano de Odivelas,  1 507 102 ,   16 666,16666.0,13.320532821312852
150715 SAO DOMINGOS DO ARAGUAIA,203.0,2,205.0,150715,São Domingos do Araguaia,  1 507 151 ,   21 092,21092.0,9.719324862507113
150720 SAO DOMINGOS DO CAPIM,450.0,2,452.0,150720,São Domingos do Capim,  1 507 201 ,   30 599,30599.0,14.771724566162293
150730 SAO FELIX DO XINGU,897.0,48,945.0,150730,São Félix do Xingu,  1 507 300 ,   65 418,65418.0,14.445565440704394
150740 SAO FRANCISCO DO PARA,173.0,-,173.0,150740,São Francisco do Pará,  1 507 409 ,   14 894,14894.0,11.615415603598764
150745 SAO GERALDO DO ARAGUAIA,291.0,11,302.0,150745,São Geraldo do Araguaia,  1 507 458 ,   24 255,24255.0,12.451041022469594
150746 SAO JOAO DA PONTA,78.0,-,78.0,150746,São João da Ponta,  1 507 466 ,   4 430,4430.0,17.607223476297968
150747 SAO JOAO DE PIRABAS,239.0,-,239.0,150747,São João de Pirabas,  1 507 474 ,   20 689,20689.0,11.552032481028567
150750 SAO JOAO DO ARAGUAIA,120.0,-,120.0,150750,São João do Araguaia,  1 507 508 ,   13 664,13664.0,8.782201405152223
150760 SAO MIGUEL DO GUAMA,643.0,37,680.0,150760,São Miguel do Guamá,  1 507 607 ,   52 894,52894.0,12.855900480205694
150770 SAO SEBASTIAO DA BOA VISTA,295.0,-,295.0,150770,São Sebastião da Boa Vista,  1 507 706 ,   25 643,25643.0,11.504114183207893
150775 SAPUCAIA,104.0,-,104.0,150775,Sapucaia,  1 507 755 ,   5 847,5847.0,17.78689926458013
150780 SENADOR JOSE PORFIRIO,138.0,-,138.0,150780,Senador José Porfírio,  1 507 805 ,   22 576,22576.0,6.112686038270731
150790 SOURE,184.0,-,184.0,150790,Soure,  1 507 904 ,   24 204,24204.0,7.602049248058172
150795 TAILANDIA,736.0,111,847.0,150795,Tailândia,  1 507 953 ,   72 493,72493.0,11.683886720097114
150796 TERRA ALTA,154.0,-,154.0,150796,Terra Alta,  1 507 961 ,   10 400,10400.0,14.807692307692308
150797 TERRA SANTA,188.0,6,194.0,150797,Terra Santa,  1 507 979 ,   18 782,18782.0,10.32903844106059
150800 TOME-ACU,694.0,44,738.0,150800,Tomé-Açu,  1 508 001 ,   67 585,67585.0,10.919582747651107
150803 TRACUATEUA,255.0,-,255.0,150803,Tracuateua,  1 508 035 ,   28 595,28595.0,8.917642944570728
150805 TRAIRAO,164.0,-,164.0,150805,Trairão,  1 508 050 ,   15 242,15242.0,10.759742815903424
150808 TUCUMA,376.0,36,412.0,150808,Tucumã,  1 508 084 ,   39 550,39550.0,10.417193426042983
150810 TUCURUI,2104.0,69,2173.0,150810,Tucuruí,  1 508 100 ,   91 306,91306.0,23.799093159266643
150812 ULIANOPOLIS,594.0,11,605.0,150812,Ulianópolis,  1 508 126 ,   37 972,37972.0,15.932792584009269
150815 URUARA,349.0,8,357.0,150815,Uruará,  1 508 159 ,   43 558,43558.0,8.19596859359934
150820 VIGIA,319.0,1,320.0,150820,Vigia,  1 508 209 ,   50 832,50832.0,6.295247088448221
150830 VISEU,588.0,-,588.0,150830,Viseu,  1 508 308 ,   58 692,58692.0,10.01840114496013
150835 VITORIA DO XINGU,415.0,7,422.0,150835,Vitória do Xingu,  1 508 357 ,   15 607,15607.0,27.039149099762927
150840 XINGUARA,542.0,110,652.0,150840,Xinguara,  1 508 407 ,   52 893,52893.0,12.326772918911766
160005 SERRA DO NAVIO,114.0,-,114.0,160005,Serra do Navio,  1 600 055 ,   4 673,4673.0,24.395463299807403
160010 AMAPA,226.0,1,227.0,160010,Amapá,  1 600 105 ,   7 943,7943.0,28.578622686642326
160015 PEDRA BRANCA DO AMAPARI,337.0,8,345.0,160015,Pedra Branca do Amapari,  1 600 154 ,   12 847,12847.0,26.854518564645442
160020 CALCOENE,212.0,1,213.0,160020,Calçoene,  1 600 204 ,   10 612,10612.0,20.071617037316248
160021 CUTIAS,147.0,-,147.0,160021,Cutias,  1 600 212 ,   4 461,4461.0,32.95225285810356
160023 FERREIRA GOMES,243.0,2,245.0,160023,Ferreira Gomes,  1 600 238 ,   6 666,6666.0,36.75367536753675
160025 ITAUBAL,98.0,-,98.0,160025,Itaubal,  1 600 253 ,   5 599,5599.0,17.503125558135384
160027 LARANJAL DO JARI,632.0,6,638.0,160027,Laranjal do Jari,  1 600 279 ,   35 114,35114.0,18.16939112604659
160030 MACAPA,11283.0,758,12041.0,160030,Macapá,  1 600 303 ,   442 933,442933.0,27.18469836295783
160040 MAZAGAO,343.0,29,372.0,160040,Mazagão,  1 600 402 ,   21 924,21924.0,16.967706622879035
160050 OIAPOQUE,400.0,8,408.0,160050,Oiapoque,  1 600 501 ,   27 482,27482.0,14.846081071246633
160053 PORTO GRANDE,504.0,4,508.0,160053,Porto Grande,  1 600 535 ,   17 848,17848.0,28.462572837292697
160055 PRACUUBA,57.0,-,57.0,160055,Pracuúba,  1 600 550 ,   3 803,3803.0,14.988167236392323
160060 SANTANA,1689.0,99,1788.0,160060,Santana,  1 600 600 ,   107 618,107618.0,16.614321024363953
160070 TARTARUGALZINHO,314.0,1,315.0,160070,Tartarugalzinho,  1 600 709 ,   12 945,12945.0,24.33371958285052
160080 VITORIA DO JARI,216.0,-,216.0,160080,Vitória do Jari,  1 600 808 ,   11 291,11291.0,19.1302807545833
170025 ABREULANDIA,47.0,-,47.0,170025,Abreulândia,  1 700 251 ,   2 576,2576.0,18.24534161490683
170030 AGUIARNOPOLIS,89.0,-,89.0,170030,Aguiarnópolis,  1 700 301 ,   4 497,4497.0,19.79097175895041
170035 ALIANCA DO TOCANTINS,79.0,-,79.0,170035,Aliança do Tocantins,  1 700 350 ,   5 147,5147.0,15.348746842821061
170040 ALMAS,132.0,-,132.0,170040,Almas,  1 700 400 ,   6 499,6499.0,20.310817048776734
170070 ALVORADA,221.0,2,223.0,170070,Alvorada,  1 700 707 ,   8 802,8802.0,25.33515110202227
170100 ANANAS,163.0,-,163.0,170100,Ananás,  1 701 002 ,   10 325,10325.0,15.786924939467314
170105 ANGICO,74.0,-,74.0,170105,Angico,  1 701 051 ,   2 876,2876.0,25.73018080667594
170110 APARECIDA DO RIO NEGRO,56.0,-,56.0,170110,Aparecida do Rio Negro,  1 701 101 ,   4 856,4856.0,11.532125205930807
170130 ARAGOMINAS,89.0,-,89.0,170130,Aragominas,  1 701 309 ,   5 290,5290.0,16.824196597353495
170190 ARAGUACEMA,114.0,-,114.0,170190,Araguacema,  1 701 903 ,   5 927,5927.0,19.234013834992407
170200 ARAGUACU,248.0,-,248.0,170200,Araguaçu,  1 702 000 ,   8 133,8133.0,30.493052993975162
170210 ARAGUAINA,5565.0,374,5939.0,170210,Araguaína,  1 702 109 ,   171 301,171301.0,34.66996690036836
170215 ARAGUANA,98.0,-,98.0,170215,Araguanã,  1 702 158 ,   4 310,4310.0,22.737819025522043
170220 ARAGUATINS,366.0,26,392.0,170220,Araguatins,  1 702 208 ,   31 918,31918.0,12.281471270129707
170230 ARAPOEMA,211.0,-,211.0,170230,Arapoema,  1 702 307 ,   5 550,5550.0,38.01801801801802
170240 ARRAIAS,318.0,3,321.0,170240,Arraias,  1 702 406 ,   10 287,10287.0,31.20443277923593
170255 AUGUSTINOPOLIS,962.0,3,965.0,170255,Augustinópolis,  1 702 554 ,   17 484,17484.0,55.19331960649737
170270 AURORA DO TOCANTINS,58.0,-,58.0,170270,Aurora do Tocantins,  1 702 703 ,   3 342,3342.0,17.354877318970676
170290 AXIXA DO TOCANTINS,114.0,-,114.0,170290,Axixá do Tocantins,  1 702 901 ,   10 262,10262.0,11.108945624634574
170300 BABACULANDIA,116.0,-,116.0,170300,Babaçulândia,  1 703 008 ,   7 880,7880.0,14.720812182741117
170305 BANDEIRANTES DO TOCANTINS,95.0,1,96.0,170305,Bandeirantes do Tocantins,  1 703 057 ,   3 407,3407.0,28.17728206633402
170307 BARRA DO OURO,59.0,-,59.0,170307,Barra do Ouro,  1 703 073 ,   4 476,4476.0,13.181411974977658
170310 BARROLANDIA,82.0,-,82.0,170310,Barrolândia,  1 703 107 ,   4 846,4846.0,16.921172100701607
170320 BERNARDO SAYAO,47.0,-,47.0,170320,Bernardo Sayão,  1 703 206 ,   4 229,4229.0,11.113738472452116
170330 BOM JESUS DO TOCANTINS,51.0,-,51.0,170330,Bom Jesus do Tocantins,  1 703 305 ,   4 038,4038.0,12.63001485884101
170360 BRASILANDIA DO TOCANTINS,38.0,-,38.0,170360,Brasilândia do Tocantins,  1 703 602 ,   1 974,1974.0,19.250253292806487
170370 BREJINHO DE NAZARE,117.0,-,117.0,170370,Brejinho de Nazaré,  1 703 701 ,   4 725,4725.0,24.761904761904763
170380 BURITI DO TOCANTINS,133.0,-,133.0,170380,Buriti do Tocantins,  1 703 800 ,   10 307,10307.0,12.903851751237022
170382 CACHOEIRINHA,31.0,-,31.0,170382,Cachoeirinha,  1 703 826 ,   1 961,1961.0,15.80826109127996
170384 CAMPOS LINDOS,105.0,2,107.0,170384,Campos Lindos,  1 703 842 ,   8 653,8653.0,12.365653530567434
170386 CARIRI DO TOCANTINS,76.0,1,77.0,170386,Cariri do Tocantins,  1 703 867 ,   4 007,4007.0,19.21637135013726
170388 CARMOLANDIA,36.0,-,36.0,170388,Carmolândia,  1 703 883 ,   2 201,2201.0,16.35620172648796
170389 CARRASCO BONITO,80.0,-,80.0,170389,Carrasco Bonito,  1 703 891 ,   3 318,3318.0,24.110910186859556
170390 CASEARA,54.0,-,54.0,170390,Caseara,  1 703 909 ,   4 847,4847.0,11.140911904270682
170410 CENTENARIO,51.0,-,51.0,170410,Centenário,  1 704 105 ,   2 131,2131.0,23.932426091037073
170460 CHAPADA DE AREIA,40.0,-,40.0,170460,Chapada de Areia,  1 704 600 ,   1 501,1501.0,26.64890073284477
170510 CHAPADA DA NATIVIDADE,77.0,-,77.0,170510,Chapada da Natividade,  1 705 102 ,   3 117,3117.0,24.7032402951556
170550 COLINAS DO TOCANTINS,407.0,33,440.0,170550,Colinas do Tocantins,  1 705 508 ,   34 233,34233.0,12.853094966844857
170555 COMBINADO,61.0,-,61.0,170555,Combinado,  1 705 557 ,   4 756,4756.0,12.825904121110177
170560 CONCEICAO DO TOCANTINS,95.0,-,95.0,170560,Conceição do Tocantins,  1 705 607 ,   3 887,3887.0,24.44044250064317
170600 COUTO MAGALHAES,72.0,1,73.0,170600,Couto Magalhães,  1 706 001 ,   5 331,5331.0,13.693490902269742
170610 CRISTALANDIA,118.0,1,119.0,170610,Cristalândia,  1 706 100 ,   6 371,6371.0,18.678386438549676
170625 CRIXAS DO TOCANTINS,36.0,-,36.0,170625,Crixás do Tocantins,  1 706 258 ,   1 470,1470.0,24.489795918367346
170650 DARCINOPOLIS,76.0,1,77.0,170650,Darcinópolis,  1 706 506 ,   5 827,5827.0,13.214347005320061
170700 DIANOPOLIS,409.0,17,426.0,170700,Dianópolis,  1 707 009 ,   17 739,17739.0,24.014882462371045
170710 DIVINOPOLIS DO TOCANTINS,142.0,-,142.0,170710,Divinópolis do Tocantins,  1 707 108 ,   7 024,7024.0,20.21640091116173
170720 DOIS IRMAOS DO TOCANTINS,92.0,-,92.0,170720,Dois Irmãos do Tocantins,  1 707 207 ,   6 327,6327.0,14.540856646119805
170730 DUERE,123.0,-,123.0,170730,Dueré,  1 707 306 ,   4 248,4248.0,28.954802259887007
170740 ESPERANTINA,118.0,-,118.0,170740,Esperantina,  1 707 405 ,   7 530,7530.0,15.670650730411687
170755 FATIMA,90.0,-,90.0,170755,Fátima,  1 707 553 ,   3 467,3467.0,25.959042399769253
170765 FIGUEIROPOLIS,85.0,-,85.0,170765,Figueirópolis,  1 707 652 ,   5 211,5211.0,16.31164843600077
170770 FILADELFIA,128.0,-,128.0,170770,Filadélfia,  1 707 702 ,   7 712,7712.0,16.597510373443985
170820 FORMOSO DO ARAGUAIA,337.0,8,345.0,170820,Formoso do Araguaia,  1 708 205 ,   18 881,18881.0,18.272337270271702
170825 FORTALEZA DO TABOCAO,67.0,-,67.0,170825,Tabocão,  1 708 254 ,   3 455,3455.0,19.39218523878437
170830 GOIANORTE,86.0,1,87.0,170830,Goianorte,  1 708 304 ,   4 738,4738.0,18.362178134233854
170900 GOIATINS,170.0,-,170.0,170900,Goiatins,  1 709 005 ,   12 433,12433.0,13.673288828118716
170930 GUARAI,585.0,18,603.0,170930,Guaraí,  1 709 302 ,   24 775,24775.0,24.339051463168516
170950 GURUPI,2037.0,205,2242.0,170950,Gurupi,  1 709 500 ,   85 125,85125.0,26.337738619676944
170980 IPUEIRAS,60.0,-,60.0,170980,Ipueiras,  1 709 807 ,   1 590,1590.0,37.73584905660377
171050 ITACAJA,147.0,1,148.0,171050,Itacajá,  1 710 508 ,   6 819,6819.0,21.70406217920516
171070 ITAGUATINS,100.0,-,100.0,171070,Itaguatins,  1 710 706 ,   5 172,5172.0,19.334880123743233
171090 ITAPIRATINS,48.0,-,48.0,171090,Itapiratins,  1 710 904 ,   3 577,3577.0,13.419066256639642
171110 ITAPORA DO TOCANTINS,58.0,-,58.0,171110,Itaporã do Tocantins,  1 711 100 ,   2 404,2404.0,24.126455906821963
171150 JAU DO TOCANTINS,55.0,-,55.0,171150,Jaú do Tocantins,  1 711 506 ,   3 334,3334.0,16.49670065986803
171180 JUARINA,35.0,-,35.0,171180,Juarina,  1 711 803 ,   2 243,2243.0,15.60410164957646
171190 LAGOA DA CONFUSAO,131.0,5,136.0,171190,Lagoa da Confusão,  1 711 902 ,   15 288,15288.0,8.895866038723181
171195 LAGOA DO TOCANTINS,71.0,-,71.0,171195,Lagoa do Tocantins,  1 711 951 ,   3 516,3516.0,20.193401592719
171200 LAJEADO,93.0,2,95.0,171200,Lajeado,  1 712 009 ,   3 357,3357.0,28.299076556449208
171215 LAVANDEIRA,47.0,-,47.0,171215,Lavandeira,  1 712 157 ,   1 626,1626.0,28.90528905289053
171240 LIZARDA,43.0,-,43.0,171240,Lizarda,  1 712 405 ,   2 999,2999.0,14.338112704234746
171245 LUZINOPOLIS,56.0,1,57.0,171245,Luzinópolis,  1 712 454 ,   2 717,2717.0,20.97902097902098
171250 MARIANOPOLIS DO TOCANTINS,105.0,-,105.0,171250,Marianópolis do Tocantins,  1 712 504 ,   4 615,4615.0,22.75189599133261
171270 MATEIROS,36.0,-,36.0,171270,Mateiros,  1 712 702 ,   2 748,2748.0,13.100436681222707
171280 MAURILANDIA DO TOCANTINS,62.0,-,62.0,171280,Maurilândia do Tocantins,  1 712 801 ,   3 095,3095.0,20.032310177705977
171320 MIRACEMA DO TOCANTINS,603.0,7,610.0,171320,Miracema do Tocantins,  1 713 205 ,   18 566,18566.0,32.85575783690618
171330 MIRANORTE,158.0,14,172.0,171330,Miranorte,  1 713 304 ,   12 701,12701.0,13.54224076844343
171360 MONTE DO CARMO,145.0,-,145.0,171360,Monte do Carmo,  1 713 601 ,   5 694,5694.0,25.465402177730947
171370 MONTE SANTO DO TOCANTINS,35.0,-,35.0,171370,Monte Santo do Tocantins,  1 713 700 ,   2 396,2396.0,14.607679465776295
171380 PALMEIRAS DO TOCANTINS,72.0,-,72.0,171380,Palmeiras do Tocantins,  1 713 809 ,   4 872,4872.0,14.778325123152708
171395 MURICILANDIA,63.0,-,63.0,171395,Muricilândia,  1 713 957 ,   3 367,3367.0,18.711018711018713
171420 NATIVIDADE,127.0,3,130.0,171420,Natividade,  1 714 203 ,   8 754,8754.0,14.850354123829106
171430 NAZARE,70.0,-,70.0,171430,Nazaré,  1 714 302 ,   4 521,4521.0,15.483300154833001
171488 NOVA OLINDA,140.0,1,141.0,171488,Nova Olinda,  1 714 880 ,   10 367,10367.0,13.600848847303945
171500 NOVA ROSALANDIA,84.0,-,84.0,171500,Nova Rosalândia,  1 715 002 ,   3 362,3362.0,24.98512790005949
171510 NOVO ACORDO,64.0,-,64.0,171510,Novo Acordo,  1 715 101 ,   3 969,3969.0,16.12496850592089
171515 NOVO ALEGRE,63.0,-,63.0,171515,Novo Alegre,  1 715 150 ,   1 846,1846.0,34.12784398699892
171525 NOVO JARDIM,49.0,-,49.0,171525,Novo Jardim,  1 715 259 ,   2 230,2230.0,21.973094170403588
171550 OLIVEIRA DE FATIMA,46.0,-,46.0,171550,Oliveira de Fátima,  1 715 507 ,   1 164,1164.0,39.51890034364261
171570 PALMEIRANTE,65.0,40,105.0,171570,Palmeirante,  1 715 705 ,   4 798,4798.0,21.88411838265944
171575 PALMEIROPOLIS,133.0,4,137.0,171575,Palmeirópolis,  1 715 754 ,   6 975,6975.0,19.641577060931898
171610 PARAISO DO TOCANTINS,937.0,168,1105.0,171610,Paraíso do Tocantins,  1 716 109 ,   52 360,52360.0,21.103896103896105
171620 PARANA,182.0,1,183.0,171620,Paranã,  1 716 208 ,   10 542,10542.0,17.359134889015365
171630 PAU D'ARCO,71.0,-,71.0,171630,Pau D'Arco,  1 716 307 ,   4 043,4043.0,17.5612169181301
171650 PEDRO AFONSO,394.0,5,399.0,171650,Pedro Afonso,  1 716 505 ,   14 055,14055.0,28.38847385272145
171660 PEIXE,209.0,-,209.0,171660,Peixe,  1 716 604 ,   9 317,9317.0,22.43211334120425
171665 PEQUIZEIRO,82.0,3,85.0,171665,Pequizeiro,  1 716 653 ,   4 921,4921.0,17.272912009754116
171670 COLMEIA,103.0,2,105.0,171670,Colméia,  1 716 703 ,   8 941,8941.0,11.743652835253327
171700 PINDORAMA DO TOCANTINS,97.0,-,97.0,171700,Pindorama do Tocantins,  1 717 008 ,   4 478,4478.0,21.661456007146047
171720 PIRAQUE,49.0,-,49.0,171720,Piraquê,  1 717 206 ,   2 282,2282.0,21.472392638036812
171750 PIUM,106.0,-,106.0,171750,Pium,  1 717 503 ,   7 128,7128.0,14.870931537598205
171780 PONTE ALTA DO BOM JESUS,78.0,-,78.0,171780,Ponte Alta do Bom Jesus,  1 717 800 ,   4 220,4220.0,18.48341232227488
171790 PONTE ALTA DO TOCANTINS,141.0,1,142.0,171790,Ponte Alta do Tocantins,  1 717 909 ,   7 586,7586.0,18.718692327972583
171800 PORTO ALEGRE DO TOCANTINS,49.0,1,50.0,171800,Porto Alegre do Tocantins,  1 718 006 ,   2 866,2866.0,17.44591765526867
171820 PORTO NACIONAL,1815.0,85,1900.0,171820,Porto Nacional,  1 718 204 ,   64 418,64418.0,29.49486168462231
171830 PRAIA NORTE,118.0,-,118.0,171830,Praia Norte,  1 718 303 ,   9 044,9044.0,13.047324192835028
171840 PRESIDENTE KENNEDY,52.0,-,52.0,171840,Presidente Kennedy,  1 718 402 ,   3 047,3047.0,17.065966524450282
171845 PUGMIL,47.0,-,47.0,171845,Pugmil,  1 718 451 ,   2 193,2193.0,21.431828545371637
171850 RECURSOLANDIA,62.0,-,62.0,171850,Recursolândia,  1 718 501 ,   3 421,3421.0,18.12335574393452
171855 RIACHINHO,64.0,1,65.0,171855,Riachinho,  1 718 550 ,   3 960,3960.0,16.414141414141415
171865 RIO DA CONCEICAO,58.0,-,58.0,171865,Rio da Conceição,  1 718 659 ,   1 768,1768.0,32.8054298642534
171870 RIO DOS BOIS,42.0,-,42.0,171870,Rio dos Bois,  1 718 709 ,   2 738,2738.0,15.339663988312637
171875 RIO SONO,106.0,1,107.0,171875,Rio Sono,  1 718 758 ,   4 841,4841.0,22.10287130758108
171880 SAMPAIO,54.0,1,55.0,171880,Sampaio,  1 718 808 ,   4 215,4215.0,13.048635824436536
171884 SANDOLANDIA,53.0,-,53.0,171884,Sandolândia,  1 718 840 ,   3 723,3723.0,14.235831318828902
171886 SANTA FE DO ARAGUAIA,91.0,-,91.0,171886,Santa Fé do Araguaia,  1 718 865 ,   7 216,7216.0,12.610864745011087
171888 SANTA MARIA DO TOCANTINS,48.0,-,48.0,171888,Santa Maria do Tocantins,  1 718 881 ,   2 680,2680.0,17.910447761194032
171889 SANTA RITA DO TOCANTINS,51.0,-,51.0,171889,Santa Rita do Tocantins,  1 718 899 ,   2 219,2219.0,22.98332582244254
171890 SANTA ROSA DO TOCANTINS,81.0,1,82.0,171890,Santa Rosa do Tocantins,  1 718 907 ,   4 653,4653.0,17.623038899634643
171900 SANTA TEREZA DO TOCANTINS,78.0,-,78.0,171900,Santa Tereza do Tocantins,  1 719 004 ,   2 781,2781.0,28.047464940668824
172000 SANTA TEREZINHA DO TOCANTINS,58.0,-,58.0,172000,Santa Terezinha do Tocantins,  1 720 002 ,   2 406,2406.0,24.106400665004156
172010 SAO BENTO DO TOCANTINS,84.0,-,84.0,172010,São Bento do Tocantins,  1 720 101 ,   5 654,5654.0,14.856738592147153
172015 SAO FELIX DO TOCANTINS,46.0,2,48.0,172015,São Félix do Tocantins,  1 720 150 ,   1 783,1783.0,26.9209197980931
172020 SAO MIGUEL DO TOCANTINS,157.0,-,157.0,172020,São Miguel do Tocantins,  1 720 200 ,   13 241,13241.0,11.85711049014425
172025 SAO SALVADOR DO TOCANTINS,75.0,-,75.0,172025,São Salvador do Tocantins,  1 720 259 ,   2 385,2385.0,31.446540880503143
172030 SAO SEBASTIAO DO TOCANTINS,64.0,-,64.0,172030,São Sebastião do Tocantins,  1 720 309 ,   4 100,4100.0,15.609756097560975
172049 SAO VALERIO,89.0,-,89.0,172049,São Valério,  1 720 499 ,   4 422,4422.0,20.126639529624605
172065 SILVANOPOLIS,112.0,2,114.0,172065,Silvanópolis,  1 720 655 ,   5 108,5108.0,22.317932654659355
172080 SITIO NOVO DO TOCANTINS,218.0,-,218.0,172080,Sítio Novo do Tocantins,  1 720 804 ,   10 830,10830.0,20.12927054478301
172085 SUCUPIRA,31.0,-,31.0,172085,Sucupira,  1 720 853 ,   1 577,1577.0,19.657577679137603
172090 TAGUATINGA,248.0,3,251.0,172090,Taguatinga,  1 720 903 ,   14 011,14011.0,17.914495753336663
172093 TAIPAS DO TOCANTINS,42.0,-,42.0,172093,Taipas do Tocantins,  1 720 937 ,   2 021,2021.0,20.78179119247897
172097 TALISMA,56.0,-,56.0,172097,Talismã,  1 720 978 ,   2 456,2456.0,22.80130293159609
172100 PALMAS,7451.0,1484,8935.0,172100,Palmas,  1 721 000 ,   302 692,302692.0,29.518454402494946
172110 TOCANTINIA,163.0,-,163.0,172110,Tocantínia,  1 721 109 ,   7 459,7459.0,21.85279528086875
172120 TOCANTINOPOLIS,350.0,10,360.0,172120,Tocantinópolis,  1 721 208 ,   22 615,22615.0,15.918638072076055
172125 TUPIRAMA,66.0,-,66.0,172125,Tupirama,  1 721 257 ,   1 909,1909.0,34.57307490832897
172130 TUPIRATINS,33.0,-,33.0,172130,Tupiratins,  1 721 307 ,   1 874,1874.0,17.609391675560296
172208 WANDERLANDIA,130.0,3,133.0,172208,Wanderlândia,  1 722 081 ,   10 522,10522.0,12.640182474814674
172210 XAMBIOA,202.0,10,212.0,172210,Xambioá,  1 722 107 ,   10 517,10517.0,20.15783968812399
210005 ACAILANDIA,1328.0,338,1666.0,210005,Açailândia,  2 100 055 ,   106 550,106550.0,15.635851712810886
210010 AFONSO CUNHA,87.0,-,87.0,210010,Afonso Cunha,  2 100 105 ,   6 144,6144.0,14.16015625
210015 AGUA DOCE DO MARANHAO,126.0,-,126.0,210015,Água Doce do Maranhão,  2 100 154 ,   12 142,12142.0,10.377203096689177
210020 ALCANTARA,270.0,5,275.0,210020,Alcântara,  2 100 204 ,   18 467,18467.0,14.891427952564033
210030 ALDEIAS ALTAS,292.0,-,292.0,210030,Aldeias Altas,  2 100 303 ,   23 286,23286.0,12.539723438976209
210040 ALTAMIRA DO MARANHAO,101.0,-,101.0,210040,Altamira do Maranhão,  2 100 402 ,   6 447,6447.0,15.666201333953776
210043 ALTO ALEGRE DO MARANHAO,491.0,-,491.0,210043,Alto Alegre do Maranhão,  2 100 436 ,   24 048,24048.0,20.417498336660014
210047 ALTO ALEGRE DO PINDARE,458.0,7,465.0,210047,Alto Alegre do Pindaré,  2 100 477 ,   25 710,25710.0,18.08634772462077
210050 ALTO PARNAIBA,170.0,10,180.0,210050,Alto Parnaíba,  2 100 501 ,   11 109,11109.0,16.203078584931138
210055 AMAPA DO MARANHAO,87.0,-,87.0,210055,Amapá do Maranhão,  2 100 550 ,   7 170,7170.0,12.133891213389122
210060 AMARANTE DO MARANHAO,926.0,-,926.0,210060,Amarante do Maranhão,  2 100 600 ,   37 085,37085.0,24.969664284751246
210070 ANAJATUBA,333.0,3,336.0,210070,Anajatuba,  2 100 709 ,   25 322,25322.0,13.26909406839902
210080 ANAPURUS,164.0,-,164.0,210080,Anapurus,  2 100 808 ,   13 793,13793.0,11.890089175668818
210083 APICUM-ACU,169.0,-,169.0,210083,Apicum-Açu,  2 100 832 ,   17 519,17519.0,9.646669330441235
210087 ARAGUANA,155.0,-,155.0,210087,Araguanã,  2 100 873 ,   11 181,11181.0,13.86280296932296
210090 ARAIOSES,317.0,-,317.0,210090,Araioses,  2 100 907 ,   39 052,39052.0,8.11738195226877
210095 ARAME,261.0,7,268.0,210095,Arame,  2 100 956 ,   25 517,25517.0,10.502802053532939
210100 ARARI,405.0,-,405.0,210100,Arari,  2 101 004 ,   29 472,29472.0,13.74185667752443
210110 AXIXA,224.0,-,224.0,210110,Axixá,  2 101 103 ,   11 790,11790.0,18.999151823579304
210120 BACABAL,1863.0,221,2084.0,210120,Bacabal,  2 101 202 ,   103 711,103711.0,20.09430050814282
210125 BACABEIRA,237.0,-,237.0,210125,Bacabeira,  2 101 251 ,   16 966,16966.0,13.96911469998821
210130 BACURI,206.0,1,207.0,210130,Bacuri,  2 101 301 ,   16 290,16290.0,12.70718232044199
210135 BACURITUBA,72.0,-,72.0,210135,Bacurituba,  2 101 350 ,   5 252,5252.0,13.709063214013709
210140 BALSAS,1389.0,207,1596.0,210140,Balsas,  2 101 400 ,   101 767,101767.0,15.682883449448251
210150 BARAO DE GRAJAU,261.0,1,262.0,210150,Barão de Grajaú,  2 101 509 ,   18 984,18984.0,13.80109565950274
210160 BARRA DO CORDA,1421.0,39,1460.0,210160,Barra do Corda,  2 101 608 ,   84 532,84532.0,17.271565797567785
210170 BARREIRINHAS,809.0,6,815.0,210170,Barreirinhas,  2 101 707 ,   65 589,65589.0,12.425864093064385
210173 BELAGUA,110.0,-,110.0,210173,Belágua,  2 101 731 ,   8 460,8460.0,13.002364066193854
210177 BELA VISTA DO MARANHAO,192.0,-,192.0,210177,Bela Vista do Maranhão,  2 101 772 ,   11 750,11750.0,16.340425531914892
210180 BENEDITO LEITE,98.0,4,102.0,210180,Benedito Leite,  2 101 806 ,   5 469,5469.0,18.650575973669778
210190 BEQUIMAO,294.0,27,321.0,210190,Bequimão,  2 101 905 ,   19 584,19584.0,16.39093137254902
210193 BERNARDO DO MEARIM,136.0,-,136.0,210193,Bernardo do Mearim,  2 101 939 ,   5 840,5840.0,23.287671232876715
210197 BOA VISTA DO GURUPI,83.0,-,83.0,210197,Boa Vista do Gurupi,  2 101 970 ,   7 574,7574.0,10.958542381832585
210200 BOM JARDIM,512.0,-,512.0,210200,Bom Jardim,  2 102 002 ,   33 100,33100.0,15.468277945619334
210203 BOM JESUS DAS SELVAS,402.0,-,402.0,210203,Bom Jesus das Selvas,  2 102 036 ,   28 599,28599.0,14.056435539704186
210207 BOM LUGAR,129.0,3,132.0,210207,Bom Lugar,  2 102 077 ,   12 212,12212.0,10.809040288241073
210210 BREJO,354.0,-,354.0,210210,Brejo,  2 102 101 ,   34 120,34120.0,10.37514654161782
210215 BREJO DE AREIA,84.0,3,87.0,210215,Brejo de Areia,  2 102 150 ,   9 218,9218.0,9.438055977435452
210220 BURITI,357.0,2,359.0,210220,Buriti,  2 102 200 ,   29 685,29685.0,12.093649991578237
210230 BURITI BRAVO,335.0,-,335.0,210230,Buriti Bravo,  2 102 309 ,   22 455,22455.0,14.918726341572032
210232 BURITICUPU,868.0,14,882.0,210232,Buriticupu,  2 102 325 ,   55 499,55499.0,15.89217823744572
210235 BURITIRANA,155.0,-,155.0,210235,Buritirana,  2 102 358 ,   12 918,12918.0,11.998761418176189
210237 CACHOEIRA GRANDE,128.0,-,128.0,210237,Cachoeira Grande,  2 102 374 ,   9 732,9732.0,13.152486642005753
210240 CAJAPIO,154.0,-,154.0,210240,Cajapió,  2 102 408 ,   10 121,10121.0,15.215887758126666
210250 CAJARI,198.0,-,198.0,210250,Cajari,  2 102 507 ,   16 412,16412.0,12.064343163538874
210255 CAMPESTRE DO MARANHAO,164.0,1,165.0,210255,Campestre do Maranhão,  2 102 556 ,   12 301,12301.0,13.413543614340297
210260 CANDIDO MENDES,236.0,-,236.0,210260,Cândido Mendes,  2 102 606 ,   19 932,19932.0,11.840256873369457
210270 CANTANHEDE,332.0,-,332.0,210270,Cantanhede,  2 102 705 ,   24 303,24303.0,13.660864913796651
210275 CAPINZAL DO NORTE,237.0,1,238.0,210275,Capinzal do Norte,  2 102 754 ,   11 374,11374.0,20.92491647617373
210280 CAROLINA,276.0,7,283.0,210280,Carolina,  2 102 804 ,   24 062,24062.0,11.761283351342366
210290 CARUTAPERA,492.0,1,493.0,210290,Carutapera,  2 102 903 ,   24 238,24238.0,20.339962043072862
210300 CAXIAS,3396.0,280,3676.0,210300,Caxias,  2 103 000 ,   156 973,156973.0,23.418040045103297
210310 CEDRAL,117.0,-,117.0,210310,Cedral,  2 103 109 ,   10 208,10208.0,11.461598746081506
210312 CENTRAL DO MARANHAO,95.0,-,95.0,210312,Central do Maranhão,  2 103 125 ,   7 094,7094.0,13.39159853397237
210315 CENTRO DO GUILHERME,120.0,-,120.0,210315,Centro do Guilherme,  2 103 158 ,   12 342,12342.0,9.722897423432183
210317 CENTRO NOVO DO MARANHAO,257.0,-,257.0,210317,Centro Novo do Maranhão,  2 103 174 ,   16 267,16267.0,15.79885658080777
210320 CHAPADINHA,1130.0,39,1169.0,210320,Chapadinha,  2 103 208 ,   81 386,81386.0,14.363649767773326
210325 CIDELANDIA,187.0,1,188.0,210325,Cidelândia,  2 103 257 ,   12 878,12878.0,14.598540145985401
210330 CODO,1673.0,42,1715.0,210330,Codó,  2 103 307 ,   114 275,114275.0,15.007656967840736
210340 COELHO NETO,711.0,49,760.0,210340,Coelho Neto,  2 103 406 ,   41 658,41658.0,18.243794709299532
210350 COLINAS,850.0,20,870.0,210350,Colinas,  2 103 505 ,   40 316,40316.0,21.579521777954163
210355 CONCEICAO DO LAGO-ACU,165.0,-,165.0,210355,Conceição do Lago-Açu,  2 103 554 ,   14 915,14915.0,11.062688568555146
210360 COROATA,1197.0,32,1229.0,210360,Coroatá,  2 103 604 ,   59 566,59566.0,20.63257563039318
210370 CURURUPU,550.0,-,550.0,210370,Cururupu,  2 103 703 ,   31 558,31558.0,17.42822739083592
210375 DAVINOPOLIS,205.0,3,208.0,210375,Davinópolis,  2 103 752 ,   14 404,14404.0,14.44043321299639
210380 DOM PEDRO,366.0,2,368.0,210380,Dom Pedro,  2 103 802 ,   23 053,23053.0,15.963215199757082
210390 DUQUE BACELAR,156.0,6,162.0,210390,Duque Bacelar,  2 103 901 ,   10 223,10223.0,15.84662036584173
210400 ESPERANTINOPOLIS,304.0,3,307.0,210400,Esperantinópolis,  2 104 008 ,   18 311,18311.0,16.76587843372836
210405 ESTREITO,469.0,9,478.0,210405,Estreito,  2 104 057 ,   33 294,33294.0,14.356941190604914
210407 FEIRA NOVA DO MARANHAO,115.0,2,117.0,210407,Feira Nova do Maranhão,  2 104 073 ,   8 048,8048.0,14.537773359840955
210408 FERNANDO FALCAO,158.0,-,158.0,210408,Fernando Falcão,  2 104 081 ,   10 873,10873.0,14.531408075048285
210409 FORMOSA DA SERRA NEGRA,223.0,-,223.0,210409,Formosa da Serra Negra,  2 104 099 ,   17 719,17719.0,12.585360347649416
210410 FORTALEZA DOS NOGUEIRAS,171.0,3,174.0,210410,Fortaleza dos Nogueiras,  2 104 107 ,   12 640,12640.0,13.765822784810126
210420 FORTUNA,204.0,-,204.0,210420,Fortuna,  2 104 206 ,   16 976,16976.0,12.016965127238455
210430 GODOFREDO VIANA,118.0,7,125.0,210430,Godofredo Viana,  2 104 305 ,   10 186,10186.0,12.271745533084626
210440 GONCALVES DIAS,226.0,1,227.0,210440,Gonçalves Dias,  2 104 404 ,   17 206,17206.0,13.193072184121819
210450 GOVERNADOR ARCHER,134.0,-,134.0,210450,Governador Archer,  2 104 503 ,   10 231,10231.0,13.09744892972339
210455 GOVERNADOR EDISON LOBAO,234.0,6,240.0,210455,Governador Edison Lobão,  2 104 552 ,   18 411,18411.0,13.035685188202706
210460 GOVERNADOR EUGENIO BARROS,213.0,-,213.0,210460,Governador Eugênio Barros,  2 104 602 ,   13 930,13930.0,15.290739411342427
210462 GOVERNADOR LUIZ ROCHA,110.0,-,110.0,210462,Governador Luiz Rocha,  2 104 628 ,   7 063,7063.0,15.574118646467506
210465 GOVERNADOR NEWTON BELLO,164.0,-,164.0,210465,Governador Newton Bello,  2 104 651 ,   10 713,10713.0,15.30850368710912
210467 GOVERNADOR NUNES FREIRE,357.0,-,357.0,210467,Governador Nunes Freire,  2 104 677 ,   23 128,23128.0,15.435835351089588
210470 GRACA ARANHA,88.0,-,88.0,210470,Graça Aranha,  2 104 701 ,   6 023,6023.0,14.610659139963474
210480 GRAJAU,991.0,1,992.0,210480,Grajaú,  2 104 800 ,   73 872,73872.0,13.428633311674247
210490 GUIMARAES,159.0,-,159.0,210490,Guimarães,  2 104 909 ,   10 290,10290.0,15.45189504373178
210500 HUMBERTO DE CAMPOS,319.0,2,321.0,210500,Humberto de Campos,  2 105 005 ,   25 680,25680.0,12.5
210510 ICATU,270.0,-,270.0,210510,Icatu,  2 105 104 ,   24 794,24794.0,10.889731386625797
210515 IGARAPE DO MEIO,187.0,-,187.0,210515,Igarapé do Meio,  2 105 153 ,   13 974,13974.0,13.38199513381995
210520 IGARAPE GRANDE,211.0,5,216.0,210520,Igarapé Grande,  2 105 203 ,   10 231,10231.0,21.11230573746457
210530 IMPERATRIZ,5030.0,905,5935.0,210530,Imperatriz,  2 105 302 ,   273 110,273110.0,21.731170590604517
210535 ITAIPAVA DO GRAJAU,221.0,-,221.0,210535,Itaipava do Grajaú,  2 105 351 ,   13 828,13828.0,15.982065374602255
210540 ITAPECURU MIRIM,823.0,41,864.0,210540,Itapecuru Mirim,  2 105 401 ,   60 440,60440.0,14.295168762409
210542 ITINGA DO MARANHAO,266.0,-,266.0,210542,Itinga do Maranhão,  2 105 427 ,   22 513,22513.0,11.815395549238218
210545 JATOBA,119.0,-,119.0,210545,Jatobá,  2 105 450 ,   7 471,7471.0,15.928255922901887
210547 JENIPAPO DOS VIEIRAS,220.0,-,220.0,210547,Jenipapo dos Vieiras,  2 105 476 ,   17 076,17076.0,12.883579292574373
210550 JOAO LISBOA,397.0,5,402.0,210550,João Lisboa,  2 105 500 ,   24 709,24709.0,16.26937553118297
210560 JOSELANDIA,162.0,2,164.0,210560,Joselândia,  2 105 609 ,   14 924,14924.0,10.989010989010989
210565 JUNCO DO MARANHAO,87.0,-,87.0,210565,Junco do Maranhão,  2 105 658 ,   5 146,5146.0,16.906335017489315
210570 LAGO DA PEDRA,724.0,14,738.0,210570,Lago da Pedra,  2 105 708 ,   44 403,44403.0,16.62049861495845
210580 LAGO DO JUNCO,182.0,-,182.0,210580,Lago do Junco,  2 105 807 ,   9 506,9506.0,19.145802650957293
210590 LAGO VERDE,151.0,-,151.0,210590,Lago Verde,  2 105 906 ,   14 769,14769.0,10.224118085178414
210592 LAGOA DO MATO,140.0,-,140.0,210592,Lagoa do Mato,  2 105 922 ,   10 572,10572.0,13.242527430949679
210594 LAGO DOS RODRIGUES,155.0,-,155.0,210594,Lago dos Rodrigues,  2 105 948 ,   8 758,8758.0,17.69810459008906
210596 LAGOA GRANDE DO MARANHAO,130.0,-,130.0,210596,Lagoa Grande do Maranhão,  2 105 963 ,   11 411,11411.0,11.39251599333976
210598 LAJEADO NOVO,110.0,-,110.0,210598,Lajeado Novo,  2 105 989 ,   7 057,7057.0,15.58736006801757
210600 LIMA CAMPOS,185.0,47,232.0,210600,Lima Campos,  2 106 003 ,   11 297,11297.0,20.53642559971674
210610 LORETO,164.0,1,165.0,210610,Loreto,  2 106 102 ,   11 597,11597.0,14.227817539018712
210620 LUIS DOMINGUES,108.0,-,108.0,210620,Luís Domingues,  2 106 201 ,   7 161,7161.0,15.081692501047339
210630 MAGALHAES DE ALMEIDA,189.0,-,189.0,210630,Magalhães de Almeida,  2 106 300 ,   13 807,13807.0,13.688708626059245
210632 MARACACUME,204.0,3,207.0,210632,Maracaçumé,  2 106 326 ,   21 149,21149.0,9.787696817816444
210635 MARAJA DO SENA,73.0,-,73.0,210635,Marajá do Sena,  2 106 359 ,   7 027,7027.0,10.388501494236516
210637 MARANHAOZINHO,134.0,-,134.0,210637,Maranhãozinho,  2 106 375 ,   13 761,13761.0,9.737664413923406
210640 MATA ROMA,307.0,1,308.0,210640,Mata Roma,  2 106 409 ,   17 090,17090.0,18.02223522527794
210650 MATINHA,298.0,1,299.0,210650,Matinha,  2 106 508 ,   22 034,22034.0,13.569937369519835
210660 MATOES,405.0,3,408.0,210660,Matões,  2 106 607 ,   32 174,32174.0,12.6810468079816
210663 MATOES DO NORTE,203.0,4,207.0,210663,Matões do Norte,  2 106 631 ,   17 432,17432.0,11.87471317117944
210667 MILAGRES DO MARANHAO,119.0,-,119.0,210667,Milagres do Maranhão,  2 106 672 ,   8 818,8818.0,13.4951236107961
210670 MIRADOR,265.0,-,265.0,210670,Mirador,  2 106 706 ,   21 030,21030.0,12.601046124583927
210675 MIRANDA DO NORTE,429.0,3,432.0,210675,Miranda do Norte,  2 106 755 ,   23 864,23864.0,18.10258129399933
210680 MIRINZAL,139.0,2,141.0,210680,Mirinzal,  2 106 805 ,   13 978,13978.0,10.087280011446559
210690 MONCAO,534.0,-,534.0,210690,Monção,  2 106 904 ,   27 751,27751.0,19.242549818024575
210700 MONTES ALTOS,141.0,-,141.0,210700,Montes Altos,  2 107 001 ,   9 106,9106.0,15.484296068526247
210710 MORROS,326.0,2,328.0,210710,Morros,  2 107 100 ,   18 554,18554.0,17.67812870540045
210720 NINA RODRIGUES,213.0,-,213.0,210720,Nina Rodrigues,  2 107 209 ,   14 176,14176.0,15.025395033860045
210725 NOVA COLINAS,76.0,-,76.0,210725,Nova Colinas,  2 107 258 ,   5 021,5021.0,15.136427006572397
210730 NOVA IORQUE,65.0,-,65.0,210730,Nova Iorque,  2 107 308 ,   4 320,4320.0,15.046296296296296
210735 NOVA OLINDA DO MARANHAO,198.0,1,199.0,210735,Nova Olinda do Maranhão,  2 107 357 ,   14 314,14314.0,13.902473103255554
210740 OLHO D'AGUA DAS CUNHAS,206.0,1,207.0,210740,Olho d'Água das Cunhãs,  2 107 407 ,   17 919,17919.0,11.551983927674536
210745 OLINDA NOVA DO MARANHAO,166.0,-,166.0,210745,Olinda Nova do Maranhão,  2 107 456 ,   13 577,13577.0,12.226559622891655
210750 PACO DO LUMIAR,1189.0,68,1257.0,210750,Paço do Lumiar,  2 107 506 ,   145 643,145643.0,8.630692858565123
210760 PALMEIRANDIA,243.0,1,244.0,210760,Palmeirândia,  2 107 605 ,   21 059,21059.0,11.586495085236717
210770 PARAIBANO,256.0,1,257.0,210770,Paraibano,  2 107 704 ,   18 274,18274.0,14.063697055926452
210780 PARNARAMA,489.0,7,496.0,210780,Parnarama,  2 107 803 ,   31 250,31250.0,15.872
210790 PASSAGEM FRANCA,240.0,-,240.0,210790,Passagem Franca,  2 107 902 ,   17 220,17220.0,13.937282229965156
210800 PASTOS BONS,252.0,1,253.0,210800,Pastos Bons,  2 108 009 ,   18 802,18802.0,13.456015317519414
210805 PAULINO NEVES,255.0,1,256.0,210805,Paulino Neves,  2 108 058 ,   17 056,17056.0,15.0093808630394
210810 PAULO RAMOS,265.0,-,265.0,210810,Paulo Ramos,  2 108 108 ,   20 341,20341.0,13.027874735755372
210820 PEDREIRAS,882.0,55,937.0,210820,Pedreiras,  2 108 207 ,   37 050,37050.0,25.290148448043183
210825 PEDRO DO ROSARIO,379.0,16,395.0,210825,Pedro do Rosário,  2 108 256 ,   24 320,24320.0,16.241776315789473
210830 PENALVA,399.0,1,400.0,210830,Penalva,  2 108 306 ,   32 511,32511.0,12.303528036664513
210840 PERI MIRIM,175.0,-,175.0,210840,Peri Mirim,  2 108 405 ,   11 108,11108.0,15.75441123514584
210845 PERITORO,473.0,7,480.0,210845,Peritoró,  2 108 454 ,   20 479,20479.0,23.43864446506177
210850 PINDARE-MIRIM,353.0,-,353.0,210850,Pindaré-Mirim,  2 108 504 ,   31 429,31429.0,11.23166502274969
210860 PINHEIRO,1356.0,64,1420.0,210860,Pinheiro,  2 108 603 ,   84 621,84621.0,16.780704553243286
210870 PIO XII,339.0,-,339.0,210870,Pio XII,  2 108 702 ,   21 886,21886.0,15.489353924883487
210880 PIRAPEMAS,217.0,1,218.0,210880,Pirapemas,  2 108 801 ,   17 714,17714.0,12.306650107259795
210890 POCAO DE PEDRAS,210.0,1,211.0,210890,Poção de Pedras,  2 108 900 ,   17 161,17161.0,12.29532078550201
210900 PORTO FRANCO,385.0,6,391.0,210900,Porto Franco,  2 109 007 ,   23 903,23903.0,16.35777935823955
210905 PORTO RICO DO MARANHAO,94.0,2,96.0,210905,Porto Rico do Maranhão,  2 109 056 ,   5 954,5954.0,16.123614376889485
210910 PRESIDENTE DUTRA,1039.0,52,1091.0,210910,Presidente Dutra,  2 109 106 ,   45 155,45155.0,24.16122245598494
210920 PRESIDENTE JUSCELINO,174.0,-,174.0,210920,Presidente Juscelino,  2 109 205 ,   11 356,11356.0,15.32229658330398
210923 PRESIDENTE MEDICI,195.0,-,195.0,210923,Presidente Médici,  2 109 239 ,   4 696,4696.0,41.524701873935264
210927 PRESIDENTE SARNEY,219.0,7,226.0,210927,Presidente Sarney,  2 109 270 ,   17 511,17511.0,12.906173262520701
210930 PRESIDENTE VARGAS,205.0,-,205.0,210930,Presidente Vargas,  2 109 304 ,   10 549,10549.0,19.433121622902643
210940 PRIMEIRA CRUZ,124.0,-,124.0,210940,Primeira Cruz,  2 109 403 ,   13 614,13614.0,9.108270897605406
210945 RAPOSA,424.0,52,476.0,210945,Raposa,  2 109 452 ,   30 839,30839.0,15.435001134926555
210950 RIACHAO,228.0,-,228.0,210950,Riachão,  2 109 502 ,   22 145,22145.0,10.295777827952133
210955 RIBAMAR FIQUENE,123.0,-,123.0,210955,Ribamar Fiquene,  2 109 551 ,   7 420,7420.0,16.576819407008088
210960 ROSARIO,506.0,10,516.0,210960,Rosário,  2 109 601 ,   38 475,38475.0,13.41130604288499
210970 SAMBAIBA,79.0,-,79.0,210970,Sambaíba,  2 109 700 ,   5 568,5568.0,14.188218390804598
210975 SANTA FILOMENA DO MARANHAO,95.0,-,95.0,210975,Santa Filomena do Maranhão,  2 109 759 ,   6 697,6697.0,14.18545617440645
210980 SANTA HELENA,387.0,-,387.0,210980,Santa Helena,  2 109 809 ,   41 561,41561.0,9.311614253747504
210990 SANTA INES,1339.0,195,1534.0,210990,Santa Inês,  2 109 908 ,   85 014,85014.0,18.044086856282494
211000 SANTA LUZIA,697.0,20,717.0,211000,Santa Luzia,  2 110 005 ,   57 635,57635.0,12.44035742170556
211003 SANTA LUZIA DO PARUA,383.0,1,384.0,211003,Santa Luzia do Paruá,  2 110 039 ,   24 307,24307.0,15.797918295141319
211010 SANTA QUITERIA DO MARANHAO,389.0,-,389.0,211010,Santa Quitéria do Maranhão,  2 110 104 ,   23 957,23957.0,16.23742538715198
211020 SANTA RITA,540.0,8,548.0,211020,Santa Rita,  2 110 203 ,   37 035,37035.0,14.796813824760362
211023 SANTANA DO MARANHAO,150.0,-,150.0,211023,Santana do Maranhão,  2 110 237 ,   10 567,10567.0,14.195135800132487
211027 SANTO AMARO DO MARANHAO,152.0,-,152.0,211027,Santo Amaro do Maranhão,  2 110 278 ,   13 949,13949.0,10.89683848304538
211030 SANTO ANTONIO DOS LOPES,205.0,2,207.0,211030,Santo Antônio dos Lopes,  2 110 302 ,   14 304,14304.0,14.471476510067115
211040 SAO BENEDITO DO RIO PRETO,299.0,-,299.0,211040,São Benedito do Rio Preto,  2 110 401 ,   18 364,18364.0,16.281855804835548
211050 SAO BENTO,466.0,-,466.0,211050,São Bento,  2 110 500 ,   46 395,46395.0,10.044185795883177
211060 SAO BERNARDO,337.0,-,337.0,211060,São Bernardo,  2 110 609 ,   26 943,26943.0,12.507887020747503
211065 SAO DOMINGOS DO AZEITAO,104.0,-,104.0,211065,São Domingos do Azeitão,  2 110 658 ,   7 992,7992.0,13.013013013013014
211070 SAO DOMINGOS DO MARANHAO,580.0,1,581.0,211070,São Domingos do Maranhão,  2 110 708 ,   34 034,34034.0,17.071164129987658
211080 SAO FELIX DE BALSAS,95.0,-,95.0,211080,São Félix de Balsas,  2 110 807 ,   4 402,4402.0,21.581099500227168
211085 SAO FRANCISCO DO BREJAO,131.0,-,131.0,211085,São Francisco do Brejão,  2 110 856 ,   9 051,9051.0,14.47353883548779
211090 SAO FRANCISCO DO MARANHAO,167.0,2,169.0,211090,São Francisco do Maranhão,  2 110 906 ,   12 064,12064.0,14.008620689655173
211100 SAO JOAO BATISTA,238.0,-,238.0,211100,São João Batista,  2 111 003 ,   18 544,18544.0,12.834339948231234
211102 SAO JOAO DO CARU,193.0,-,193.0,211102,São João do Carú,  2 111 029 ,   12 251,12251.0,15.753816015019181
211105 SAO JOAO DO PARAISO,113.0,-,113.0,211105,São João do Paraíso,  2 111 052 ,   9 904,9904.0,11.409531502423263
211107 SAO JOAO DO SOTER,269.0,7,276.0,211107,São João do Soter,  2 111 078 ,   16 889,16889.0,16.341997750014805
211110 SAO JOAO DOS PATOS,361.0,-,361.0,211110,São João dos Patos,  2 111 102 ,   25 020,25020.0,14.428457234212631
211120 SAO JOSE DE RIBAMAR,1691.0,120,1811.0,211120,São José de Ribamar,  2 111 201 ,   244 579,244579.0,7.404560489657738
211125 SAO JOSE DOS BASILIOS,96.0,-,96.0,211125,São José dos Basílios,  2 111 250 ,   6 957,6957.0,13.799051315222078
211130 SAO LUIS,25046.0,6461,31507.0,211130,São Luís,  2 111 300 ,  1 037 775,1037775.0,30.360145503601455
211140 SAO LUIS GONZAGA DO MARANHAO,209.0,4,213.0,211140,São Luís Gonzaga do Maranhão,  2 111 409 ,   17 818,17818.0,11.954203614322594
211150 SAO MATEUS DO MARANHAO,438.0,33,471.0,211150,São Mateus do Maranhão,  2 111 508 ,   38 829,38829.0,12.130108939194933
211153 SAO PEDRO DA AGUA BRANCA,189.0,2,191.0,211153,São Pedro da Água Branca,  2 111 532 ,   14 338,14338.0,13.321244246059422
211157 SAO PEDRO DOS CRENTES,117.0,9,126.0,211157,São Pedro dos Crentes,  2 111 573 ,   5 783,5783.0,21.78799930831748
211160 SAO RAIMUNDO DAS MANGABEIRAS,267.0,1,268.0,211160,São Raimundo das Mangabeiras,  2 111 607 ,   18 672,18672.0,14.353041988003428
211163 SAO RAIMUNDO DO DOCA BEZERRA,104.0,-,104.0,211163,São Raimundo do Doca Bezerra,  2 111 631 ,   5 650,5650.0,18.407079646017696
211167 SAO ROBERTO,70.0,-,70.0,211167,São Roberto,  2 111 672 ,   4 544,4544.0,15.40492957746479
211170 SAO VICENTE FERRER,243.0,-,243.0,211170,São Vicente Ferrer,  2 111 706 ,   19 498,19498.0,12.46281669914863
211172 SATUBINHA,206.0,-,206.0,211172,Satubinha,  2 111 722 ,   8 784,8784.0,23.451730418943534
211174 SENADOR ALEXANDRE COSTA,136.0,-,136.0,211174,Senador Alexandre Costa,  2 111 748 ,   10 207,10207.0,13.324189281865387
211176 SENADOR LA ROCQUE,200.0,-,200.0,211176,Senador La Rocque,  2 111 763 ,   14 700,14700.0,13.605442176870747
211178 SERRANO DO MARANHAO,153.0,-,153.0,211178,Serrano do Maranhão,  2 111 789 ,   10 202,10202.0,14.997059400117623
211180 SITIO NOVO,321.0,1,322.0,211180,Sítio Novo,  2 111 805 ,   17 074,17074.0,18.859083987349187
211190 SUCUPIRA DO NORTE,173.0,-,173.0,211190,Sucupira do Norte,  2 111 904 ,   10 238,10238.0,16.897831607735885
211195 SUCUPIRA DO RIACHAO,91.0,-,91.0,211195,Sucupira do Riachão,  2 111 953 ,   4 985,4985.0,18.254764292878633
211200 TASSO FRAGOSO,137.0,1,138.0,211200,Tasso Fragoso,  2 112 001 ,   8 862,8862.0,15.572105619498984
211210 TIMBIRAS,414.0,3,417.0,211210,Timbiras,  2 112 100 ,   26 484,26484.0,15.745355686452196
211220 TIMON,2181.0,71,2252.0,211220,Timon,  2 112 209 ,   174 465,174465.0,12.908033129854125
211223 TRIZIDELA DO VALE,265.0,-,265.0,211223,Trizidela do Vale,  2 112 233 ,   22 484,22484.0,11.78615904643302
211227 TUFILANDIA,137.0,-,137.0,211227,Tufilândia,  2 112 274 ,   5 507,5507.0,24.877428727074633
211230 TUNTUM,644.0,1,645.0,211230,Tuntum,  2 112 308 ,   36 251,36251.0,17.792612617582964
211240 TURIACU,390.0,-,390.0,211240,Turiaçu,  2 112 407 ,   37 491,37491.0,10.402496599183804
211245 TURILANDIA,241.0,-,241.0,211245,Turilândia,  2 112 456 ,   31 638,31638.0,7.617422087363297
211250 TUTOIA,562.0,12,574.0,211250,Tutóia,  2 112 506 ,   53 356,53356.0,10.757927880650723
211260 URBANO SANTOS,266.0,-,266.0,211260,Urbano Santos,  2 112 605 ,   32 812,32812.0,8.10679019870779
211270 VARGEM GRANDE,534.0,1,535.0,211270,Vargem Grande,  2 112 704 ,   43 261,43261.0,12.366796884029494
211280 VIANA,646.0,1,647.0,211280,Viana,  2 112 803 ,   51 442,51442.0,12.577271490221998
211285 VILA NOVA DOS MARTIRIOS,183.0,-,183.0,211285,Vila Nova dos Martírios,  2 112 852 ,   10 362,10362.0,17.660683265778808
211290 VITORIA DO MEARIM,441.0,9,450.0,211290,Vitória do Mearim,  2 112 902 ,   30 805,30805.0,14.608018178867068
211300 VITORINO FREIRE,373.0,1,374.0,211300,Vitorino Freire,  2 113 009 ,   30 845,30845.0,12.125141838223374
211400 ZE DOCA,538.0,3,541.0,211400,Zé Doca,  2 114 007 ,   40 801,40801.0,13.259478934339844
220005 ACAUA,71.0,-,71.0,220005,Acauã,  2 200 053 ,   6 420,6420.0,11.059190031152648
220010 AGRICOLANDIA,85.0,-,85.0,220010,Agricolândia,  2 200 103 ,   4 940,4940.0,17.206477732793523
220020 AGUA BRANCA,290.0,7,297.0,220020,Água Branca,  2 200 202 ,   17 573,17573.0,16.90092755932396
220025 ALAGOINHA DO PIAUI,71.0,-,71.0,220025,Alagoinha do Piauí,  2 200 251 ,   6 819,6819.0,10.412083883267343
220027 ALEGRETE DO PIAUI,59.0,-,59.0,220027,Alegrete do Piauí,  2 200 277 ,   4 634,4634.0,12.73198100992663
220030 ALTO LONGA,133.0,-,133.0,220030,Alto Longá,  2 200 301 ,   13 479,13479.0,9.867200830922174
220040 ALTOS,492.0,17,509.0,220040,Altos,  2 200 400 ,   47 453,47453.0,10.72640296714644
220045 ALVORADA DO GURGUEIA,69.0,-,69.0,220045,Alvorada do Gurguéia,  2 200 459 ,   5 322,5322.0,12.965050732807216
220050 AMARANTE,276.0,-,276.0,220050,Amarante,  2 200 509 ,   17 234,17234.0,16.01485435766508
220060 ANGICAL DO PIAUI,113.0,-,113.0,220060,Angical do Piauí,  2 200 608 ,   6 827,6827.0,16.55192617547971
220070 ANISIO DE ABREU,96.0,-,96.0,220070,Anísio de Abreu,  2 200 707 ,   9 407,9407.0,10.20516636547252
220080 ANTONIO ALMEIDA,64.0,-,64.0,220080,Antônio Almeida,  2 200 806 ,   3 152,3152.0,20.30456852791878
220090 AROAZES,83.0,-,83.0,220090,Aroazes,  2 200 905 ,   5 369,5369.0,15.459117154032407
220095 AROEIRAS DO ITAIM,30.0,1,31.0,220095,Aroeiras do Itaim,  2 200 954 ,   2 690,2690.0,11.524163568773234
220100 ARRAIAL,76.0,-,76.0,220100,Arraial,  2 201 002 ,   4 520,4520.0,16.8141592920354
220105 ASSUNCAO DO PIAUI,75.0,-,75.0,220105,Assunção do Piauí,  2 201 051 ,   7 452,7452.0,10.064412238325282
220110 AVELINO LOPES,136.0,2,138.0,220110,Avelino Lopes,  2 201 101 ,   10 866,10866.0,12.700165654334622
220115 BAIXA GRANDE DO RIBEIRO,145.0,1,146.0,220115,Baixa Grande do Ribeiro,  2 201 150 ,   13 272,13272.0,11.000602772754672
220117 BARRA D'ALCANTARA,52.0,-,52.0,220117,Barra D'Alcântara,  2 201 176 ,   3 995,3995.0,13.016270337922403
220120 BARRAS,563.0,4,567.0,220120,Barras,  2 201 200 ,   47 938,47938.0,11.827777545996913
220130 BARREIRAS DO PIAUI,53.0,-,53.0,220130,Barreiras do Piauí,  2 201 309 ,   3 264,3264.0,16.237745098039216
220140 BARRO DURO,99.0,-,99.0,220140,Barro Duro,  2 201 408 ,   6 640,6640.0,14.909638554216867
220150 BATALHA,226.0,-,226.0,220150,Batalha,  2 201 507 ,   26 300,26300.0,8.593155893536121
220155 BELA VISTA DO PIAUI,54.0,-,54.0,220155,Bela Vista do Piauí,  2 201 556 ,   4 091,4091.0,13.199706673185041
220157 BELEM DO PIAUI,37.0,-,37.0,220157,Belém do Piauí,  2 201 572 ,   3 423,3423.0,10.809231668127374
220160 BENEDITINOS,118.0,1,119.0,220160,Beneditinos,  2 201 606 ,   9 929,9929.0,11.985094168597039
220170 BERTOLINIA,82.0,1,83.0,220170,Bertolínia,  2 201 705 ,   5 562,5562.0,14.922689679971233
220173 BETANIA DO PIAUI,93.0,-,93.0,220173,Betânia do Piauí,  2 201 739 ,   6 220,6220.0,14.95176848874598
220177 BOA HORA,62.0,-,62.0,220177,Boa Hora,  2 201 770 ,   6 902,6902.0,8.982903506230079
220180 BOCAINA,95.0,1,96.0,220180,Bocaina,  2 201 804 ,   4 078,4078.0,23.54095144678764
220190 BOM JESUS,569.0,12,581.0,220190,Bom Jesus,  2 201 903 ,   28 796,28796.0,20.176413390748714
220191 BOM PRINCIPIO DO PIAUI,65.0,-,65.0,220191,Bom Princípio do Piauí,  2 201 919 ,   5 636,5636.0,11.533002129169624
220192 BONFIM DO PIAUI,54.0,1,55.0,220192,Bonfim do Piauí,  2 201 929 ,   5 913,5913.0,9.301538981904278
220194 BOQUEIRAO DO PIAUI,72.0,-,72.0,220194,Boqueirão do Piauí,  2 201 945 ,   6 545,6545.0,11.000763941940413
220196 BRASILEIRA,83.0,4,87.0,220196,Brasileira,  2 201 960 ,   8 436,8436.0,10.312944523470838
220198 BREJO DO PIAUI,43.0,-,43.0,220198,Brejo do Piauí,  2 201 988 ,   3 904,3904.0,11.014344262295083
220200 BURITI DOS LOPES,218.0,2,220.0,220200,Buriti dos Lopes,  2 202 000 ,   19 654,19654.0,11.19365014755266
220202 BURITI DOS MONTES,103.0,-,103.0,220202,Buriti dos Montes,  2 202 026 ,   7 434,7434.0,13.855259617971482
220205 CABECEIRAS DO PIAUI,69.0,-,69.0,220205,Cabeceiras do Piauí,  2 202 059 ,   10 212,10212.0,6.756756756756757
220207 CAJAZEIRAS DO PIAUI,49.0,-,49.0,220207,Cajazeiras do Piauí,  2 202 075 ,   3 108,3108.0,15.765765765765764
220208 CAJUEIRO DA PRAIA,83.0,1,84.0,220208,Cajueiro da Praia,  2 202 083 ,   7 957,7957.0,10.556742490888524
220209 CALDEIRAO GRANDE DO PIAUI,67.0,-,67.0,220209,Caldeirão Grande do Piauí,  2 202 091 ,   5 503,5503.0,12.175177176085771
220210 CAMPINAS DO PIAUI,60.0,-,60.0,220210,Campinas do Piauí,  2 202 109 ,   4 938,4938.0,12.150668286755772
220211 CAMPO ALEGRE DO FIDALGO,42.0,-,42.0,220211,Campo Alegre do Fidalgo,  2 202 117 ,   4 616,4616.0,9.098786828422876
220213 CAMPO GRANDE DO PIAUI,60.0,1,61.0,220213,Campo Grande do Piauí,  2 202 133 ,   6 020,6020.0,10.132890365448505
220217 CAMPO LARGO DO PIAUI,62.0,-,62.0,220217,Campo Largo do Piauí,  2 202 174 ,   7 419,7419.0,8.35692141798086
220220 CAMPO MAIOR,940.0,120,1060.0,220220,Campo Maior,  2 202 208 ,   45 793,45793.0,23.147642652807196
220225 CANAVIEIRA,52.0,-,52.0,220225,Canavieira,  2 202 251 ,   3 414,3414.0,15.231400117164617
220230 CANTO DO BURITI,343.0,2,345.0,220230,Canto do Buriti,  2 202 307 ,   19 365,19365.0,17.815646785437647
220240 CAPITAO DE CAMPOS,135.0,-,135.0,220240,Capitão de Campos,  2 202 406 ,   11 100,11100.0,12.162162162162163
220245 CAPITAO GERVASIO OLIVEIRA,56.0,-,56.0,220245,Capitão Gervásio Oliveira,  2 202 455 ,   3 974,3974.0,14.091595369904379
220250 CARACOL,104.0,6,110.0,220250,Caracol,  2 202 505 ,   10 318,10318.0,10.660980810234541
220253 CARAUBAS DO PIAUI,68.0,-,68.0,220253,Caraúbas do Piauí,  2 202 539 ,   5 630,5630.0,12.078152753108348
220255 CARIDADE DO PIAUI,63.0,1,64.0,220255,Caridade do Piauí,  2 202 554 ,   5 033,5033.0,12.716073912179615
220260 CASTELO DO PIAUI,203.0,4,207.0,220260,Castelo do Piauí,  2 202 604 ,   19 288,19288.0,10.732061385317296
220265 CAXINGO,49.0,-,49.0,220265,Caxingó,  2 202 653 ,   5 496,5496.0,8.915574963609897
220270 COCAL,297.0,-,297.0,220270,Cocal,  2 202 703 ,   28 212,28212.0,10.527435133985538
220271 COCAL DE TELHA,58.0,-,58.0,220271,Cocal de Telha,  2 202 711 ,   4 911,4911.0,11.810221950722868
220272 COCAL DOS ALVES,74.0,-,74.0,220272,Cocal dos Alves,  2 202 729 ,   6 386,6386.0,11.587848418415282
220273 COIVARAS,44.0,-,44.0,220273,Coivaras,  2 202 737 ,   4 117,4117.0,10.687393733300947
220275 COLONIA DO GURGUEIA,81.0,1,82.0,220275,Colônia do Gurguéia,  2 202 752 ,   6 150,6150.0,13.333333333333334
220277 COLONIA DO PIAUI,83.0,-,83.0,220277,Colônia do Piauí,  2 202 778 ,   6 994,6994.0,11.867314841292536
220280 CONCEICAO DO CANINDE,76.0,-,76.0,220280,Conceição do Canindé,  2 202 802 ,   4 932,4932.0,15.409570154095702
220285 CORONEL JOSE DIAS,41.0,-,41.0,220285,Coronel José Dias,  2 202 851 ,   4 250,4250.0,9.647058823529411
220290 CORRENTE,318.0,12,330.0,220290,Corrente,  2 202 901 ,   27 278,27278.0,12.097661118850356
220300 CRISTALANDIA DO PIAUI,99.0,-,99.0,220300,Cristalândia do Piauí,  2 203 008 ,   7 356,7356.0,13.458401305057096
220310 CRISTINO CASTRO,142.0,-,142.0,220310,Cristino Castro,  2 203 107 ,   10 503,10503.0,13.519946681900409
220320 CURIMATA,190.0,-,190.0,220320,Curimatá,  2 203 206 ,   11 270,11270.0,16.85891748003549
220323 CURRAIS,48.0,-,48.0,220323,Currais,  2 203 230 ,   4 854,4854.0,9.888751545117428
220325 CURRALINHOS,62.0,-,62.0,220325,Curralinhos,  2 203 255 ,   4 413,4413.0,14.049399501472921
220327 CURRAL NOVO DO PIAUI,62.0,-,62.0,220327,Curral Novo do Piauí,  2 203 271 ,   5 073,5073.0,12.221565148827125
220330 DEMERVAL LOBAO,261.0,-,261.0,220330,Demerval Lobão,  2 203 305 ,   16 352,16352.0,15.961350293542075
220335 DIRCEU ARCOVERDE,72.0,1,73.0,220335,Dirceu Arcoverde,  2 203 354 ,   7 054,7054.0,10.34873830450808
220340 DOM EXPEDITO LOPES,77.0,-,77.0,220340,Dom Expedito Lopes,  2 203 404 ,   6 320,6320.0,12.183544303797468
220342 DOMINGOS MOURAO,43.0,-,43.0,220342,Domingos Mourão,  2 203 420 ,   4 075,4075.0,10.552147239263805
220345 DOM INOCENCIO,126.0,1,127.0,220345,Dom Inocêncio,  2 203 453 ,   9 159,9159.0,13.866142591986025
220350 ELESBAO VELOSO,229.0,7,236.0,220350,Elesbão Veloso,  2 203 503 ,   13 607,13607.0,17.344014110384364
220360 ELISEU MARTINS,61.0,-,61.0,220360,Eliseu Martins,  2 203 602 ,   4 377,4377.0,13.936486177747314
220370 ESPERANTINA,492.0,25,517.0,220370,Esperantina,  2 203 701 ,   40 970,40970.0,12.618989504515499
220375 FARTURA DO PIAUI,42.0,1,43.0,220375,Fartura do Piauí,  2 203 750 ,   5 284,5284.0,8.13777441332324
220380 FLORES DO PIAUI,57.0,-,57.0,220380,Flores do Piauí,  2 203 800 ,   4 414,4414.0,12.913457181694609
220385 FLORESTA DO PIAUI,25.0,-,25.0,220385,Floresta do Piauí,  2 203 859 ,   2 333,2333.0,10.715816545220747
220390 FLORIANO,1695.0,99,1794.0,220390,Floriano,  2 203 909 ,   62 036,62036.0,28.918692372170998
220400 FRANCINOPOLIS,96.0,-,96.0,220400,Francinópolis,  2 204 006 ,   4 505,4505.0,21.309655937846834
220410 FRANCISCO AYRES,60.0,1,61.0,220410,Francisco Ayres,  2 204 105 ,   4 412,4412.0,13.825929283771533
220415 FRANCISCO MACEDO,33.0,-,33.0,220415,Francisco Macedo,  2 204 154 ,   2 929,2929.0,11.266643905769888
220420 FRANCISCO SANTOS,88.0,1,89.0,220420,Francisco Santos,  2 204 204 ,   8 237,8237.0,10.804904698312491
220430 FRONTEIRAS,150.0,1,151.0,220430,Fronteiras,  2 204 303 ,   10 259,10259.0,14.718783507164442
220435 GEMINIANO,50.0,1,51.0,220435,Geminiano,  2 204 352 ,   5 445,5445.0,9.366391184573002
220440 GILBUES,137.0,-,137.0,220440,Gilbués,  2 204 402 ,   10 892,10892.0,12.578038927653324
220450 GUADALUPE,148.0,4,152.0,220450,Guadalupe,  2 204 501 ,   10 270,10270.0,14.800389483933788
220455 GUARIBAS,45.0,1,46.0,220455,Guaribas,  2 204 550 ,   4 276,4276.0,10.757717492984098
220460 HUGO NAPOLEAO,59.0,-,59.0,220460,Hugo Napoleão,  2 204 600 ,   3 518,3518.0,16.770892552586698
220465 ILHA GRANDE,100.0,1,101.0,220465,Ilha Grande,  2 204 659 ,   9 274,9274.0,10.890662065990943
220470 INHUMA,212.0,5,217.0,220470,Inhuma,  2 204 709 ,   14 958,14958.0,14.507287070463965
220480 IPIRANGA DO PIAUI,135.0,2,137.0,220480,Ipiranga do Piauí,  2 204 808 ,   9 420,9420.0,14.543524416135881
220490 ISAIAS COELHO,86.0,-,86.0,220490,Isaías Coelho,  2 204 907 ,   7 774,7774.0,11.062516079238486
220500 ITAINOPOLIS,158.0,3,161.0,220500,Itainópolis,  2 205 003 ,   10 790,10790.0,14.921223354958295
220510 ITAUEIRA,153.0,2,155.0,220510,Itaueira,  2 205 102 ,   10 323,10323.0,15.015015015015015
220515 JACOBINA DO PIAUI,94.0,8,102.0,220515,Jacobina do Piauí,  2 205 151 ,   5 613,5613.0,18.172100481026188
220520 JAICOS,213.0,5,218.0,220520,Jaicós,  2 205 201 ,   17 527,17527.0,12.437952872710675
220525 JARDIM DO MULATO,62.0,-,62.0,220525,Jardim do Mulato,  2 205 250 ,   4 180,4180.0,14.832535885167465
220527 JATOBA DO PIAUI,51.0,-,51.0,220527,Jatobá do Piauí,  2 205 276 ,   4 494,4494.0,11.348464619492658
220530 JERUMENHA,54.0,-,54.0,220530,Jerumenha,  2 205 300 ,   4 497,4497.0,12.00800533689126
220535 JOAO COSTA,49.0,-,49.0,220535,João Costa,  2 205 359 ,   2 970,2970.0,16.4983164983165
220540 JOAQUIM PIRES,116.0,-,116.0,220540,Joaquim Pires,  2 205 409 ,   13 886,13886.0,8.353737577416103
220545 JOCA MARQUES,64.0,-,64.0,220545,Joca Marques,  2 205 458 ,   5 394,5394.0,11.865035224323321
220550 JOSE DE FREITAS,379.0,7,386.0,220550,José de Freitas,  2 205 508 ,   42 559,42559.0,9.069761977490073
220551 JUAZEIRO DO PIAUI,49.0,1,50.0,220551,Juazeiro do Piauí,  2 205 516 ,   5 214,5214.0,9.589566551591869
220552 JULIO BORGES,87.0,2,89.0,220552,Júlio Borges,  2 205 524 ,   5 388,5388.0,16.51818856718634
220553 JUREMA,52.0,-,52.0,220553,Jurema,  2 205 532 ,   4 425,4425.0,11.751412429378531
220554 LAGOINHA DO PIAUI,39.0,-,39.0,220554,Lagoinha do Piauí,  2 205 540 ,   2 939,2939.0,13.269819666553248
220555 LAGOA ALEGRE,70.0,-,70.0,220555,Lagoa Alegre,  2 205 557 ,   8 256,8256.0,8.478682170542635
220556 LAGOA DO BARRO DO PIAUI,88.0,-,88.0,220556,Lagoa do Barro do Piauí,  2 205 565 ,   4 995,4995.0,17.61761761761762
220557 LAGOA DE SAO FRANCISCO,67.0,-,67.0,220557,Lagoa de São Francisco,  2 205 573 ,   6 331,6331.0,10.582846311799084
220558 LAGOA DO PIAUI,40.0,-,40.0,220558,Lagoa do Piauí,  2 205 581 ,   4 810,4810.0,8.316008316008316
220559 LAGOA DO SITIO,48.0,1,49.0,220559,Lagoa do Sítio,  2 205 599 ,   4 520,4520.0,10.84070796460177
220560 LANDRI SALES,79.0,-,79.0,220560,Landri Sales,  2 205 607 ,   5 213,5213.0,15.154421638212161
220570 LUIS CORREIA,285.0,3,288.0,220570,Luís Correia,  2 205 706 ,   30 641,30641.0,9.39917104533142
220580 LUZILANDIA,333.0,3,336.0,220580,Luzilândia,  2 205 805 ,   25 375,25375.0,13.241379310344827
220585 MADEIRO,71.0,-,71.0,220585,Madeiro,  2 205 854 ,   8 032,8032.0,8.83964143426295
220590 MANOEL EMIDIO,91.0,-,91.0,220590,Manoel Emídio,  2 205 904 ,   5 209,5209.0,17.46976387022461
220595 MARCOLANDIA,108.0,1,109.0,220595,Marcolândia,  2 205 953 ,   8 533,8533.0,12.773936481893825
220600 MARCOS PARENTE,81.0,-,81.0,220600,Marcos Parente,  2 206 001 ,   4 724,4724.0,17.146486028789163
220605 MASSAPE DO PIAUI,58.0,1,59.0,220605,Massapê do Piauí,  2 206 050 ,   5 218,5218.0,11.307014181678804
220610 MATIAS OLIMPIO,98.0,-,98.0,220610,Matias Olímpio,  2 206 100 ,   10 641,10641.0,9.209660746170472
220620 MIGUEL ALVES,305.0,-,305.0,220620,Miguel Alves,  2 206 209 ,   32 150,32150.0,9.486780715396579
220630 MIGUEL LEAO,43.0,-,43.0,220630,Miguel Leão,  2 206 308 ,   1 318,1318.0,32.62518968133536
220635 MILTON BRANDAO,69.0,-,69.0,220635,Milton Brandão,  2 206 357 ,   6 542,6542.0,10.54723326199939
220640 MONSENHOR GIL,126.0,-,126.0,220640,Monsenhor Gil,  2 206 407 ,   10 255,10255.0,12.286689419795222
220650 MONSENHOR HIPOLITO,91.0,-,91.0,220650,Monsenhor Hipólito,  2 206 506 ,   7 577,7577.0,12.010030355021778
220660 MONTE ALEGRE DO PIAUI,153.0,3,156.0,220660,Monte Alegre do Piauí,  2 206 605 ,   10 660,10660.0,14.634146341463415
220665 MORRO CABECA NO TEMPO,48.0,-,48.0,220665,Morro Cabeça no Tempo,  2 206 654 ,   4 377,4377.0,10.966415352981494
220667 MORRO DO CHAPEU DO PIAUI,58.0,-,58.0,220667,Morro do Chapéu do Piauí,  2 206 670 ,   6 425,6425.0,9.027237354085603
220669 MURICI DOS PORTELAS,69.0,1,70.0,220669,Murici dos Portelas,  2 206 696 ,   9 797,9797.0,7.145044401347351
220670 NAZARE DO PIAUI,62.0,-,62.0,220670,Nazaré do Piauí,  2 206 704 ,   6 665,6665.0,9.30232558139535
220672 NAZARIA,86.0,-,86.0,220672,Nazária,  2 206 720 ,   10 262,10262.0,8.380432664198013
220675 NOSSA SENHORA DE NAZARE,61.0,-,61.0,220675,Nossa Senhora de Nazaré,  2 206 753 ,   5 228,5228.0,11.667941851568477
220680 NOSSA SENHORA DOS REMEDIOS,90.0,-,90.0,220680,Nossa Senhora dos Remédios,  2 206 803 ,   8 525,8525.0,10.557184750733137
220690 NOVO ORIENTE DO PIAUI,83.0,-,83.0,220690,Novo Oriente do Piauí,  2 206 902 ,   6 097,6097.0,13.613252419222569
220695 NOVO SANTO ANTONIO,56.0,-,56.0,220695,Novo Santo Antônio,  2 206 951 ,   2 827,2827.0,19.808984789529536
220700 OEIRAS,761.0,20,781.0,220700,Oeiras,  2 207 009 ,   38 161,38161.0,20.465920704384057
220710 OLHO D'AGUA DO PIAUI,32.0,-,32.0,220710,Olho D'Água do Piauí,  2 207 108 ,   2 637,2637.0,12.135001896094046
220720 PADRE MARCOS,70.0,-,70.0,220720,Padre Marcos,  2 207 207 ,   6 382,6382.0,10.968348480100282
220730 PAES LANDIM,96.0,-,96.0,220730,Paes Landim,  2 207 306 ,   4 088,4088.0,23.483365949119374
220735 PAJEU DO PIAUI,36.0,-,36.0,220735,Pajeú do Piauí,  2 207 355 ,   3 000,3000.0,12.0
220740 PALMEIRA DO PIAUI,54.0,-,54.0,220740,Palmeira do Piauí,  2 207 405 ,   4 952,4952.0,10.904684975767367
220750 PALMEIRAIS,165.0,-,165.0,220750,Palmeirais,  2 207 504 ,   13 264,13264.0,12.439686369119421
220755 PAQUETA,42.0,-,42.0,220755,Paquetá,  2 207 553 ,   3 813,3813.0,11.014948859166012
220760 PARNAGUA,143.0,-,143.0,220760,Parnaguá,  2 207 603 ,   10 103,10103.0,14.154211620310798
220770 PARNAIBA,2609.0,307,2916.0,220770,Parnaíba,  2 207 702 ,   162 159,162159.0,17.982350655837788
220775 PASSAGEM FRANCA DO PIAUI,50.0,-,50.0,220775,Passagem Franca do Piauí,  2 207 751 ,   4 135,4135.0,12.091898428053204
220777 PATOS DO PIAUI,56.0,-,56.0,220777,Patos do Piauí,  2 207 777 ,   5 425,5425.0,10.32258064516129
220779 PAU D'ARCO DO PIAUI,42.0,-,42.0,220779,Pau D'Arco do Piauí,  2 207 793 ,   3 880,3880.0,10.824742268041236
220780 PAULISTANA,457.0,53,510.0,220780,Paulistana,  2 207 801 ,   21 055,21055.0,24.222274994063167
220785 PAVUSSU,41.0,-,41.0,220785,Pavussu,  2 207 850 ,   3 628,3628.0,11.300992282249172
220790 PEDRO II,447.0,5,452.0,220790,Pedro II,  2 207 900 ,   37 894,37894.0,11.928009711299943
220793 PEDRO LAURENTINO,28.0,-,28.0,220793,Pedro Laurentino,  2 207 934 ,   2 458,2458.0,11.391375101708705
220795 NOVA SANTA RITA,43.0,-,43.0,220795,Nova Santa Rita,  2 207 959 ,   4 076,4076.0,10.549558390578998
220800 PICOS,1813.0,371,2184.0,220800,Picos,  2 208 007 ,   83 090,83090.0,26.28475147430497
220810 PIMENTEIRAS,154.0,-,154.0,220810,Pimenteiras,  2 208 106 ,   11 341,11341.0,13.579049466537343
220820 PIO IX,187.0,2,189.0,220820,Pio IX,  2 208 205 ,   17 613,17613.0,10.730710270822689
220830 PIRACURUCA,260.0,10,270.0,220830,Piracuruca,  2 208 304 ,   28 846,28846.0,9.360049920266242
220840 PIRIPIRI,1177.0,53,1230.0,220840,Piripiri,  2 208 403 ,   65 538,65538.0,18.76773780097043
220850 PORTO,167.0,1,168.0,220850,Porto,  2 208 502 ,   12 052,12052.0,13.939595087952208
220855 PORTO ALEGRE DO PIAUI,39.0,-,39.0,220855,Porto Alegre do Piauí,  2 208 551 ,   2 364,2364.0,16.497461928934012
220860 PRATA DO PIAUI,52.0,-,52.0,220860,Prata do Piauí,  2 208 601 ,   3 042,3042.0,17.094017094017097
220865 QUEIMADA NOVA,105.0,1,106.0,220865,Queimada Nova,  2 208 650 ,   8 738,8738.0,12.130922407873655
220870 REDENCAO DO GURGUEIA,89.0,-,89.0,220870,Redenção do Gurguéia,  2 208 700 ,   8 394,8394.0,10.602811532046701
220880 REGENERACAO,215.0,-,215.0,220880,Regeneração,  2 208 809 ,   17 133,17133.0,12.548882273974202
220885 RIACHO FRIO,50.0,-,50.0,220885,Riacho Frio,  2 208 858 ,   4 165,4165.0,12.004801920768308
220887 RIBEIRA DO PIAUI,52.0,-,52.0,220887,Ribeira do Piauí,  2 208 874 ,   4 055,4055.0,12.82367447595561
220890 RIBEIRO GONCALVES,102.0,-,102.0,220890,Ribeiro Gonçalves,  2 208 908 ,   6 164,6164.0,16.54769630110318
220900 RIO GRANDE DO PIAUI,86.0,1,87.0,220900,Rio Grande do Piauí,  2 209 005 ,   5 801,5801.0,14.997414238924323
220910 SANTA CRUZ DO PIAUI,74.0,3,77.0,220910,Santa Cruz do Piauí,  2 209 104 ,   5 831,5831.0,13.205282112845138
220915 SANTA CRUZ DOS MILAGRES,47.0,-,47.0,220915,Santa Cruz dos Milagres,  2 209 153 ,   3 435,3435.0,13.682678311499274
220920 SANTA FILOMENA,79.0,-,79.0,220920,Santa Filomena,  2 209 203 ,   6 087,6087.0,12.978478725151962
220930 SANTA LUZ,61.0,1,62.0,220930,Santa Luz,  2 209 302 ,   5 336,5336.0,11.619190404797601
220935 SANTANA DO PIAUI,40.0,-,40.0,220935,Santana do Piauí,  2 209 351 ,   4 125,4125.0,9.696969696969697
220937 SANTA ROSA DO PIAUI,61.0,-,61.0,220937,Santa Rosa do Piauí,  2 209 377 ,   4 650,4650.0,13.118279569892474
220940 SANTO ANTONIO DE LISBOA,61.0,-,61.0,220940,Santo Antônio de Lisboa,  2 209 401 ,   5 839,5839.0,10.446994348347319
220945 SANTO ANTONIO DOS MILAGRES,29.0,-,29.0,220945,Santo Antônio dos Milagres,  2 209 450 ,   2 138,2138.0,13.564078578110383
220950 SANTO INACIO DO PIAUI,61.0,-,61.0,220950,Santo Inácio do Piauí,  2 209 500 ,   3 646,3646.0,16.730663741086122
220955 SAO BRAZ DO PIAUI,46.0,-,46.0,220955,São Braz do Piauí,  2 209 559 ,   4 358,4358.0,10.555300596603947
220960 SAO FELIX DO PIAUI,50.0,1,51.0,220960,São Félix do Piauí,  2 209 609 ,   2 842,2842.0,17.945109078114005
220965 SAO FRANCISCO DE ASSIS DO PIAUI,51.0,-,51.0,220965,São Francisco de Assis do Piauí,  2 209 658 ,   5 572,5572.0,9.152907394113424
220970 SAO FRANCISCO DO PIAUI,72.0,-,72.0,220970,São Francisco do Piauí,  2 209 708 ,   5 392,5392.0,13.353115727002967
220975 SAO GONCALO DO GURGUEIA,37.0,1,38.0,220975,São Gonçalo do Gurguéia,  2 209 757 ,   2 947,2947.0,12.894468951476078
220980 SAO GONCALO DO PIAUI,49.0,-,49.0,220980,São Gonçalo do Piauí,  2 209 807 ,   4 837,4837.0,10.130246020260492
220985 SAO JOAO DA CANABRAVA,57.0,-,57.0,220985,São João da Canabrava,  2 209 856 ,   4 242,4242.0,13.437057991513438
220987 SAO JOAO DA FRONTEIRA,48.0,-,48.0,220987,São João da Fronteira,  2 209 872 ,   5 522,5522.0,8.692502716407098
220990 SAO JOAO DA SERRA,65.0,-,65.0,220990,São João da Serra,  2 209 906 ,   6 114,6114.0,10.631337912986588
220995 SAO JOAO DA VARJOTA,42.0,1,43.0,220995,São João da Varjota,  2 209 955 ,   4 383,4383.0,9.810631987223362
220997 SAO JOAO DO ARRAIAL,71.0,-,71.0,220997,São João do Arraial,  2 209 971 ,   8 186,8186.0,8.673344734913266
221000 SAO JOAO DO PIAUI,410.0,17,427.0,221000,São João do Piauí,  2 210 003 ,   21 421,21421.0,19.933709910835162
221005 SAO JOSE DO DIVINO,69.0,1,70.0,221005,São José do Divino,  2 210 052 ,   4 841,4841.0,14.459822350753976
221010 SAO JOSE DO PEIXE,45.0,-,45.0,221010,São José do Peixe,  2 210 102 ,   3 297,3297.0,13.64877161055505
221020 SAO JOSE DO PIAUI,75.0,-,75.0,221020,São José do Piauí,  2 210 201 ,   6 597,6597.0,11.368804001819008
221030 SAO JULIAO,53.0,-,53.0,221030,São Julião,  2 210 300 ,   6 025,6025.0,8.796680497925312
221035 SAO LOURENCO DO PIAUI,44.0,-,44.0,221035,São Lourenço do Piauí,  2 210 359 ,   4 410,4410.0,9.977324263038549
221037 SAO LUIS DO PIAUI,39.0,-,39.0,221037,São Luis do Piauí,  2 210 375 ,   2 309,2309.0,16.89042875703768
221038 SAO MIGUEL DA BAIXA GRANDE,33.0,-,33.0,221038,São Miguel da Baixa Grande,  2 210 383 ,   2 269,2269.0,14.543851917144115
221039 SAO MIGUEL DO FIDALGO,37.0,5,42.0,221039,São Miguel do Fidalgo,  2 210 391 ,   2 829,2829.0,14.846235418875928
221040 SAO MIGUEL DO TAPUIO,215.0,2,217.0,221040,São Miguel do Tapuio,  2 210 409 ,   17 554,17554.0,12.361854847897915
221050 SAO PEDRO DO PIAUI,169.0,-,169.0,221050,São Pedro do Piauí,  2 210 508 ,   13 755,13755.0,12.286441294074882
221060 SAO RAIMUNDO NONATO,667.0,24,691.0,221060,São Raimundo Nonato,  2 210 607 ,   38 934,38934.0,17.74798376740124
221062 SEBASTIAO BARROS,50.0,-,50.0,221062,Sebastião Barros,  2 210 623 ,   3 202,3202.0,15.61524047470331
221063 SEBASTIAO LEAL,48.0,-,48.0,221063,Sebastião Leal,  2 210 631 ,   4 446,4446.0,10.79622132253711
221065 SIGEFREDO PACHECO,61.0,-,61.0,221065,Sigefredo Pacheco,  2 210 656 ,   9 460,9460.0,6.4482029598308666
221070 SIMOES,151.0,4,155.0,221070,Simões,  2 210 706 ,   14 350,14350.0,10.801393728222997
221080 SIMPLICIO MENDES,299.0,4,303.0,221080,Simplício Mendes,  2 210 805 ,   13 870,13870.0,21.845710165825523
221090 SOCORRO DO PIAUI,82.0,-,82.0,221090,Socorro do Piauí,  2 210 904 ,   4 141,4141.0,19.801980198019802
221093 SUSSUAPARA,50.0,-,50.0,221093,Sussuapara,  2 210 938 ,   6 220,6220.0,8.038585209003214
221095 TAMBORIL DO PIAUI,36.0,-,36.0,221095,Tamboril do Piauí,  2 210 953 ,   2 949,2949.0,12.207527975584943
221097 TANQUE DO PIAUI,55.0,3,58.0,221097,Tanque do Piauí,  2 210 979 ,   2 316,2316.0,25.043177892918827
221100 TERESINA,18496.0,2886,21382.0,221100,Teresina,  2 211 001 ,   866 300,866300.0,24.68198083804687
221110 UNIAO,362.0,4,366.0,221110,União,  2 211 100 ,   46 119,46119.0,7.935991673713654
221120 URUCUI,446.0,12,458.0,221120,Uruçuí,  2 211 209 ,   25 203,25203.0,18.17243978891402
221130 VALENCA DO PIAUI,344.0,7,351.0,221130,Valença do Piauí,  2 211 308 ,   22 279,22279.0,15.754746622379818
221135 VARZEA BRANCA,47.0,-,47.0,221135,Várzea Branca,  2 211 357 ,   5 055,5055.0,9.297725024727992
221140 VARZEA GRANDE,64.0,-,64.0,221140,Várzea Grande,  2 211 407 ,   4 417,4417.0,14.489472492642063
221150 VERA MENDES,38.0,-,38.0,221150,Vera Mendes,  2 211 506 ,   3 185,3185.0,11.930926216640502
221160 VILA NOVA DO PIAUI,37.0,-,37.0,221160,Vila Nova do Piauí,  2 211 605 ,   2 935,2935.0,12.606473594548552
221170 WALL FERRAZ,41.0,2,43.0,221170,Wall Ferraz,  2 211 704 ,   4 059,4059.0,10.593742301059375
230010 ABAIARA,118.0,2,120.0,230010,Abaiara,  2 300 101 ,   10 038,10038.0,11.954572624028692
230015 ACARAPE,176.0,-,176.0,230015,Acarape,  2 300 150 ,   14 027,14027.0,12.54723034148428
230020 ACARAU,775.0,87,862.0,230020,Acaraú,  2 300 200 ,   65 264,65264.0,13.20789409168914
230030 ACOPIARA,460.0,33,493.0,230030,Acopiara,  2 300 309 ,   44 962,44962.0,10.964814732440727
230040 AIUABA,258.0,-,258.0,230040,Aiuaba,  2 300 408 ,   14 076,14076.0,18.329070758738276
230050 ALCANTARAS,213.0,-,213.0,230050,Alcântaras,  2 300 507 ,   11 369,11369.0,18.735157005893218
230060 ALTANEIRA,137.0,-,137.0,230060,Altaneira,  2 300 606 ,   6 782,6782.0,20.20053081686818
230070 ALTO SANTO,312.0,19,331.0,230070,Alto Santo,  2 300 705 ,   14 155,14155.0,23.38396326386436
230075 AMONTADA,325.0,2,327.0,230075,Amontada,  2 300 754 ,   42 156,42156.0,7.756902931966979
230080 ANTONINA DO NORTE,151.0,-,151.0,230080,Antonina do Norte,  2 300 804 ,   7 245,7245.0,20.841959972394754
230090 APUIARES,175.0,-,175.0,230090,Apuiarés,  2 300 903 ,   12 928,12928.0,13.536509900990099
230100 AQUIRAZ,1312.0,108,1420.0,230100,Aquiraz,  2 301 000 ,   80 645,80645.0,17.608035216070434
230110 ARACATI,1094.0,186,1280.0,230110,Aracati,  2 301 109 ,   75 113,75113.0,17.040991572697134
230120 ARACOIABA,642.0,13,655.0,230120,Aracoiaba,  2 301 208 ,   25 553,25553.0,25.63299808241694
230125 ARARENDA,179.0,-,179.0,230125,Ararendá,  2 301 257 ,   11 096,11096.0,16.131939437635182
230130 ARARIPE,230.0,3,233.0,230130,Araripe,  2 301 307 ,   19 783,19783.0,11.77778901076682
230140 ARATUBA,185.0,-,185.0,230140,Aratuba,  2 301 406 ,   11 224,11224.0,16.482537419814683
230150 ARNEIROZ,129.0,-,129.0,230150,Arneiroz,  2 301 505 ,   7 429,7429.0,17.364382824067842
230160 ASSARE,291.0,5,296.0,230160,Assaré,  2 301 604 ,   21 697,21697.0,13.64243904687284
230170 AURORA,291.0,1,292.0,230170,Aurora,  2 301 703 ,   23 714,23714.0,12.313401366281521
230180 BAIXIO,105.0,2,107.0,230180,Baixio,  2 301 802 ,   5 704,5704.0,18.75876577840112
230185 BANABUIU,368.0,1,369.0,230185,Banabuiú,  2 301 851 ,   17 195,17195.0,21.45972666472812
230190 BARBALHA,2028.0,43,2071.0,230190,Barbalha,  2 301 901 ,   75 033,75033.0,27.60118881025682
230195 BARREIRA,258.0,-,258.0,230195,Barreira,  2 301 950 ,   22 392,22392.0,11.52197213290461
230200 BARRO,263.0,6,269.0,230200,Barro,  2 302 008 ,   19 381,19381.0,13.879572777462464
230205 BARROQUINHA,275.0,-,275.0,230205,Barroquinha,  2 302 057 ,   14 567,14567.0,18.87828653806549
230210 BATURITE,667.0,27,694.0,230210,Baturité,  2 302 107 ,   35 218,35218.0,19.70583224487478
230220 BEBERIBE,507.0,13,520.0,230220,Beberibe,  2 302 206 ,   53 114,53114.0,9.790262454343488
230230 BELA CRUZ,392.0,20,412.0,230230,Bela Cruz,  2 302 305 ,   32 775,32775.0,12.570556826849733
230240 BOA VIAGEM,428.0,11,439.0,230240,Boa Viagem,  2 302 404 ,   50 411,50411.0,8.708416813790642
230250 BREJO SANTO,797.0,49,846.0,230250,Brejo Santo,  2 302 503 ,   51 090,51090.0,16.559013505578392
230260 CAMOCIM,873.0,39,912.0,230260,Camocim,  2 302 602 ,   62 326,62326.0,14.63273754131502
230270 CAMPOS SALES,239.0,25,264.0,230270,Campos Sales,  2 302 701 ,   25 135,25135.0,10.50328227571116
230280 CANINDE,908.0,43,951.0,230280,Canindé,  2 302 800 ,   74 174,74174.0,12.821204195540217
230290 CAPISTRANO,198.0,5,203.0,230290,Capistrano,  2 302 909 ,   17 254,17254.0,11.765387736177118
230300 CARIDADE,209.0,-,209.0,230300,Caridade,  2 303 006 ,   16 377,16377.0,12.761800085485742
230310 CARIRE,277.0,-,277.0,230310,Cariré,  2 303 105 ,   17 632,17632.0,15.710072595281305
230320 CARIRIACU,367.0,6,373.0,230320,Caririaçu,  2 303 204 ,   26 320,26320.0,14.171732522796352
230330 CARIUS,183.0,2,185.0,230330,Cariús,  2 303 303 ,   17 015,17015.0,10.872759330002939
230340 CARNAUBAL,290.0,11,301.0,230340,Carnaubal,  2 303 402 ,   17 210,17210.0,17.48983149331784
230350 CASCAVEL,1089.0,68,1157.0,230350,Cascavel,  2 303 501 ,   72 720,72720.0,15.910341034103409
230360 CATARINA,239.0,-,239.0,230360,Catarina,  2 303 600 ,   10 243,10243.0,23.3330079078395
230365 CATUNDA,211.0,-,211.0,230365,Catunda,  2 303 659 ,   10 444,10444.0,20.202987361164304
230370 CAUCAIA,3342.0,351,3693.0,230370,Caucaia,  2 303 709 ,   355 679,355679.0,10.382957666885028
230380 CEDRO,246.0,5,251.0,230380,Cedro,  2 303 808 ,   22 344,22344.0,11.23344074471894
230390 CHAVAL,235.0,-,235.0,230390,Chaval,  2 303 907 ,   12 462,12462.0,18.857326271866473
230393 CHORO,197.0,-,197.0,230393,Choró,  2 303 931 ,   12 113,12113.0,16.263518533806653
230395 CHOROZINHO,212.0,-,212.0,230395,Chorozinho,  2 303 956 ,   20 163,20163.0,10.514308386648812
230400 COREAU,298.0,18,316.0,230400,Coreaú,  2 304 004 ,   20 953,20953.0,15.08137259580967
230410 CRATEUS,1462.0,126,1588.0,230410,Crateús,  2 304 103 ,   76 390,76390.0,20.788061264563424
230420 CRATO,1861.0,236,2097.0,230420,Crato,  2 304 202 ,   131 050,131050.0,16.001526135062953
230423 CROATA,312.0,7,319.0,230423,Croatá,  2 304 236 ,   17 481,17481.0,18.248383959727704
230425 CRUZ,454.0,11,465.0,230425,Cruz,  2 304 251 ,   29 761,29761.0,15.624474984039514
230426 DEPUTADO IRAPUAN PINHEIRO,130.0,-,130.0,230426,Deputado Irapuan Pinheiro,  2 304 269 ,   8 932,8932.0,14.554411106135245
230427 ERERE,114.0,2,116.0,230427,Ereré,  2 304 277 ,   6 474,6474.0,17.91782514674081
230428 EUSEBIO,1183.0,141,1324.0,230428,Eusébio,  2 304 285 ,   74 170,74170.0,17.850883106377243
230430 FARIAS BRITO,296.0,14,310.0,230430,Farias Brito,  2 304 301 ,   18 217,18217.0,17.01707196574628
230435 FORQUILHA,356.0,6,362.0,230435,Forquilha,  2 304 350 ,   24 173,24173.0,14.975385760972987
230440 FORTALEZA,43068.0,13491,56559.0,230440,Fortaleza,  2 304 400 ,  2 428 708,2428708.0,23.28769040988048
230445 FORTIM,258.0,7,265.0,230445,Fortim,  2 304 459 ,   17 294,17294.0,15.323233491384295
230450 FRECHEIRINHA,305.0,3,308.0,230450,Frecheirinha,  2 304 509 ,   15 657,15657.0,19.671712333141727
230460 GENERAL SAMPAIO,122.0,-,122.0,230460,General Sampaio,  2 304 608 ,   6 734,6734.0,18.117018117018116
230465 GRACA,189.0,1,190.0,230465,Graça,  2 304 657 ,   13 801,13801.0,13.767118324759075
230470 GRANJA,713.0,3,716.0,230470,Granja,  2 304 707 ,   53 344,53344.0,13.422315536892622
230480 GRANJEIRO,98.0,-,98.0,230480,Granjeiro,  2 304 806 ,   4 841,4841.0,20.243751291055567
230490 GROAIRAS,130.0,1,131.0,230490,Groaíras,  2 304 905 ,   10 910,10910.0,12.007332722273143
230495 GUAIUBA,234.0,6,240.0,230495,Guaiúba,  2 304 954 ,   24 325,24325.0,9.86639260020555
230500 GUARACIABA DO NORTE,389.0,70,459.0,230500,Guaraciaba do Norte,  2 305 001 ,   42 053,42053.0,10.914797993008822
230510 GUARAMIRANGA,104.0,1,105.0,230510,Guaramiranga,  2 305 100 ,   5 654,5654.0,18.57092324018394
230520 HIDROLANDIA,332.0,1,333.0,230520,Hidrolândia,  2 305 209 ,   17 855,17855.0,18.65023802856343
230523 HORIZONTE,829.0,22,851.0,230523,Horizonte,  2 305 233 ,   74 755,74755.0,11.383853922814527
230526 IBARETAMA,193.0,1,194.0,230526,Ibaretama,  2 305 266 ,   11 956,11956.0,16.226162596186015
230530 IBIAPINA,398.0,7,405.0,230530,Ibiapina,  2 305 308 ,   23 965,23965.0,16.89964531608596
230533 IBICUITINGA,159.0,53,212.0,230533,Ibicuitinga,  2 305 332 ,   11 611,11611.0,18.258547928688312
230535 ICAPUI,261.0,-,261.0,230535,Icapuí,  2 305 357 ,   21 433,21433.0,12.177483320113843
230540 ICO,782.0,35,817.0,230540,Icó,  2 305 407 ,   62 642,62642.0,13.042367740493598
230550 IGUATU,1659.0,231,1890.0,230550,Iguatu,  2 305 506 ,   98 064,98064.0,19.273127753303964
230560 INDEPENDENCIA,407.0,13,420.0,230560,Independência,  2 305 605 ,   24 024,24024.0,17.482517482517483
230565 IPAPORANGA,228.0,-,228.0,230565,Ipaporanga,  2 305 654 ,   11 575,11575.0,19.697624190064793
230570 IPAUMIRIM,148.0,15,163.0,230570,Ipaumirim,  2 305 704 ,   12 083,12083.0,13.490027311098236
230580 IPU,484.0,25,509.0,230580,Ipu,  2 305 803 ,   41 081,41081.0,12.390156033202697
230590 IPUEIRAS,423.0,13,436.0,230590,Ipueiras,  2 305 902 ,   36 798,36798.0,11.848470025544867
230600 IRACEMA,204.0,3,207.0,230600,Iracema,  2 306 009 ,   14 001,14001.0,14.784658238697236
230610 IRAUCUBA,346.0,-,346.0,230610,Irauçuba,  2 306 108 ,   23 915,23915.0,14.467907171231444
230620 ITAICABA,138.0,1,139.0,230620,Itaiçaba,  2 306 207 ,   7 536,7536.0,18.4447983014862
230625 ITAITINGA,562.0,9,571.0,230625,Itaitinga,  2 306 256 ,   64 650,64650.0,8.83217324052591
230630 ITAPAGE,555.0,64,619.0,230630,Itapajé,  2 306 306 ,   46 426,46426.0,13.333046137939947
230640 ITAPIPOCA,1809.0,191,2000.0,230640,Itapipoca,  2 306 405 ,   131 123,131123.0,15.252854190340368
230650 ITAPIUNA,310.0,-,310.0,230650,Itapiúna,  2 306 504 ,   17 841,17841.0,17.375707639706295
230655 ITAREMA,470.0,4,474.0,230655,Itarema,  2 306 553 ,   42 957,42957.0,11.034290104057545
230660 ITATIRA,378.0,6,384.0,230660,Itatira,  2 306 603 ,   20 424,20424.0,18.80141010575793
230670 JAGUARETAMA,296.0,-,296.0,230670,Jaguaretama,  2 306 702 ,   17 232,17232.0,17.177344475394612
230680 JAGUARIBARA,173.0,1,174.0,230680,Jaguaribara,  2 306 801 ,   10 356,10356.0,16.801853997682503
230690 JAGUARIBE,425.0,51,476.0,230690,Jaguaribe,  2 306 900 ,   33 726,33726.0,14.113740141137402
230700 JAGUARUANA,437.0,23,460.0,230700,Jaguaruana,  2 307 007 ,   31 701,31701.0,14.510583262357654
230710 JARDIM,275.0,-,275.0,230710,Jardim,  2 307 106 ,   27 411,27411.0,10.032468716938455
230720 JATI,148.0,-,148.0,230720,Jati,  2 307 205 ,   7 861,7861.0,18.827121231395495
230725 JIJOCA DE JERICOACOARA,469.0,9,478.0,230725,Jijoca de Jericoacoara,  2 307 254 ,   25 555,25555.0,18.704754451183724
230730 JUAZEIRO DO NORTE,3772.0,742,4514.0,230730,Juazeiro do Norte,  2 307 304 ,   286 120,286120.0,15.776597231930658
230740 JUCAS,311.0,3,314.0,230740,Jucás,  2 307 403 ,   23 922,23922.0,13.125992809965723
230750 LAVRAS DA MANGABEIRA,314.0,8,322.0,230750,Lavras da Mangabeira,  2 307 502 ,   30 802,30802.0,10.453866632036881
230760 LIMOEIRO DO NORTE,1454.0,118,1572.0,230760,Limoeiro do Norte,  2 307 601 ,   59 560,59560.0,26.393552719946275
230763 MADALENA,242.0,1,243.0,230763,Madalena,  2 307 635 ,   16 896,16896.0,14.382102272727272
230765 MARACANAU,2798.0,569,3367.0,230765,Maracanaú,  2 307 650 ,   234 509,234509.0,14.357657915048037
230770 MARANGUAPE,937.0,239,1176.0,230770,Maranguape,  2 307 700 ,   105 093,105093.0,11.190088778510463
230780 MARCO,271.0,5,276.0,230780,Marco,  2 307 809 ,   25 799,25799.0,10.698089073219894
230790 MARTINOPOLE,214.0,1,215.0,230790,Martinópole,  2 307 908 ,   10 846,10846.0,19.822976212428546
230800 MASSAPE,440.0,5,445.0,230800,Massapê,  2 308 005 ,   37 697,37697.0,11.804652890150411
230810 MAURITI,505.0,25,530.0,230810,Mauriti,  2 308 104 ,   45 561,45561.0,11.632756085248348
230820 MERUOCA,218.0,9,227.0,230820,Meruoca,  2 308 203 ,   15 157,15157.0,14.97657847859075
230830 MILAGRES,330.0,10,340.0,230830,Milagres,  2 308 302 ,   25 900,25900.0,13.127413127413128
230835 MILHA,262.0,9,271.0,230835,Milhã,  2 308 351 ,   14 123,14123.0,19.188557671882744
230837 MIRAIMA,142.0,-,142.0,230837,Miraíma,  2 308 377 ,   14 196,14196.0,10.002817695125387
230840 MISSAO VELHA,338.0,-,338.0,230840,Missão Velha,  2 308 401 ,   36 822,36822.0,9.179294986692737
230850 MOMBACA,484.0,15,499.0,230850,Mombaça,  2 308 500 ,   37 735,37735.0,13.223797535444547
230860 MONSENHOR TABOSA,388.0,1,389.0,230860,Monsenhor Tabosa,  2 308 609 ,   17 149,17149.0,22.68353839874045
230870 MORADA NOVA,547.0,42,589.0,230870,Morada Nova,  2 308 708 ,   61 443,61443.0,9.586120469378123
230880 MORAUJO,125.0,-,125.0,230880,Moraújo,  2 308 807 ,   8 254,8254.0,15.144172522413376
230890 MORRINHOS,264.0,1,265.0,230890,Morrinhos,  2 308 906 ,   22 753,22753.0,11.646815804509295
230900 MUCAMBO,241.0,72,313.0,230900,Mucambo,  2 309 003 ,   13 666,13666.0,22.903556271037612
230910 MULUNGU,127.0,4,131.0,230910,Mulungu,  2 309 102 ,   10 569,10569.0,12.394739332008704
230920 NOVA OLINDA,158.0,2,160.0,230920,Nova Olinda,  2 309 201 ,   15 399,15399.0,10.390285083446978
230930 NOVA RUSSAS,375.0,8,383.0,230930,Nova Russas,  2 309 300 ,   30 699,30699.0,12.475976416169907
230940 NOVO ORIENTE,354.0,1,355.0,230940,Novo Oriente,  2 309 409 ,   27 545,27545.0,12.888001452169178
230945 OCARA,408.0,-,408.0,230945,Ocara,  2 309 458 ,   24 493,24493.0,16.657820601804595
230950 OROS,267.0,6,273.0,230950,Orós,  2 309 508 ,   19 675,19675.0,13.875476493011437
230960 PACAJUS,720.0,53,773.0,230960,Pacajus,  2 309 607 ,   70 983,70983.0,10.889931392023442
230970 PACATUBA,720.0,5,725.0,230970,Pacatuba,  2 309 706 ,   81 524,81524.0,8.893086698395566
230980 PACOTI,150.0,6,156.0,230980,Pacoti,  2 309 805 ,   11 186,11186.0,13.946003933488289
230990 PACUJA,97.0,7,104.0,230990,Pacujá,  2 309 904 ,   6 175,6175.0,16.842105263157894
231000 PALHANO,153.0,1,154.0,231000,Palhano,  2 310 001 ,   9 346,9346.0,16.477637491975177
231010 PALMACIA,161.0,-,161.0,231010,Palmácia,  2 310 100 ,   10 242,10242.0,15.71958601835579
231020 PARACURU,433.0,10,443.0,231020,Paracuru,  2 310 209 ,   38 980,38980.0,11.364802462801435
231025 PARAIPABA,355.0,19,374.0,231025,Paraipaba,  2 310 258 ,   32 216,32216.0,11.60913831636454
231030 PARAMBU,417.0,7,424.0,231030,Parambu,  2 310 308 ,   31 445,31445.0,13.483860709174749
231040 PARAMOTI,146.0,-,146.0,231040,Paramoti,  2 310 407 ,   10 384,10384.0,14.060092449922958
231050 PEDRA BRANCA,650.0,20,670.0,231050,Pedra Branca,  2 310 506 ,   40 187,40187.0,16.672058128250427
231060 PENAFORTE,184.0,25,209.0,231060,Penaforte,  2 310 605 ,   8 972,8972.0,23.294694605439144
231070 PENTECOSTE,504.0,27,531.0,231070,Pentecoste,  2 310 704 ,   37 813,37813.0,14.042789516832835
231080 PEREIRO,190.0,3,193.0,231080,Pereiro,  2 310 803 ,   15 274,15274.0,12.635851774256906
231085 PINDORETAMA,273.0,2,275.0,231085,Pindoretama,  2 310 852 ,   23 391,23391.0,11.7566585438844
231090 PIQUET CARNEIRO,220.0,-,220.0,231090,Piquet Carneiro,  2 310 902 ,   16 616,16616.0,13.240250361097736
231095 PIRES FERREIRA,163.0,5,168.0,231095,Pires Ferreira,  2 310 951 ,   10 606,10606.0,15.840090514802942
231100 PORANGA,147.0,-,147.0,231100,Poranga,  2 311 009 ,   12 065,12065.0,12.184003315375051
231110 PORTEIRAS,159.0,3,162.0,231110,Porteiras,  2 311 108 ,   17 050,17050.0,9.501466275659824
231120 POTENGI,114.0,5,119.0,231120,Potengi,  2 311 207 ,   8 833,8833.0,13.472206498358428
231123 POTIRETAMA,95.0,-,95.0,231123,Potiretama,  2 311 231 ,   5 974,5974.0,15.902243053230666
231126 QUITERIANOPOLIS,331.0,7,338.0,231126,Quiterianópolis,  2 311 264 ,   20 213,20213.0,16.721911641023105
231130 QUIXADA,1287.0,148,1435.0,231130,Quixadá,  2 311 306 ,   84 168,84168.0,17.04923486360612
231135 QUIXELO,193.0,7,200.0,231135,Quixelô,  2 311 355 ,   15 910,15910.0,12.57071024512885
231140 QUIXERAMOBIM,1847.0,32,1879.0,231140,Quixeramobim,  2 311 405 ,   82 177,82177.0,22.865278605935966
231150 QUIXERE,283.0,9,292.0,231150,Quixeré,  2 311 504 ,   20 874,20874.0,13.988694069176967
231160 REDENCAO,485.0,8,493.0,231160,Redenção,  2 311 603 ,   27 214,27214.0,18.115675755126038
231170 RERIUTABA,407.0,1,408.0,231170,Reriutaba,  2 311 702 ,   18 606,18606.0,21.928410190261204
231180 RUSSAS,743.0,72,815.0,231180,Russas,  2 311 801 ,   72 928,72928.0,11.17540587977183
231190 SABOEIRO,197.0,-,197.0,231190,Saboeiro,  2 311 900 ,   13 854,13854.0,14.21971993648044
231195 SALITRE,287.0,-,287.0,231195,Salitre,  2 311 959 ,   16 633,16633.0,17.254854806709552
231200 SANTANA DO ACARAU,464.0,2,466.0,231200,Santana do Acaraú,  2 312 007 ,   30 628,30628.0,15.214836097688389
231210 SANTANA DO CARIRI,188.0,1,189.0,231210,Santana do Cariri,  2 312 106 ,   16 954,16954.0,11.147811725846408
231220 SANTA QUITERIA,445.0,3,448.0,231220,Santa Quitéria,  2 312 205 ,   40 183,40183.0,11.14899335539905
231230 SAO BENEDITO,500.0,221,721.0,231230,São Benedito,  2 312 304 ,   47 640,47640.0,15.134340890008396
231240 SAO GONCALO DO AMARANTE,1354.0,100,1454.0,231240,São Gonçalo do Amarante,  2 312 403 ,   54 143,54143.0,26.854810409471213
231250 SAO JOAO DO JAGUARIBE,139.0,-,139.0,231250,São João do Jaguaribe,  2 312 502 ,   5 855,5855.0,23.740392826643895
231260 SAO LUIS DO CURU,128.0,-,128.0,231260,São Luís do Curu,  2 312 601 ,   10 822,10822.0,11.827758270190353
231270 SENADOR POMPEU,359.0,-,359.0,231270,Senador Pompeu,  2 312 700 ,   24 266,24266.0,14.794362482485782
231280 SENADOR SA,100.0,-,100.0,231280,Senador Sá,  2 312 809 ,   7 262,7262.0,13.770311209033324
231290 SOBRAL,6945.0,1417,8362.0,231290,Sobral,  2 312 908 ,   203 023,203023.0,41.18745166803761
231300 SOLONOPOLE,288.0,2,290.0,231300,Solonópole,  2 313 005 ,   18 179,18179.0,15.952472633258157
231310 TABULEIRO DO NORTE,432.0,52,484.0,231310,Tabuleiro do Norte,  2 313 104 ,   30 652,30652.0,15.790160511549002
231320 TAMBORIL,351.0,3,354.0,231320,Tamboril,  2 313 203 ,   24 815,24815.0,14.265565182349384
231325 TARRAFAS,80.0,-,80.0,231325,Tarrafas,  2 313 252 ,   7 529,7529.0,10.625581086465667
231330 TAUA,1042.0,33,1075.0,231330,Tauá,  2 313 302 ,   61 227,61227.0,17.557613471181014
231335 TEJUCUOCA,248.0,-,248.0,231335,Tejuçuoca,  2 313 351 ,   17 154,17154.0,14.457269441529672
231340 TIANGUA,1079.0,55,1134.0,231340,Tianguá,  2 313 401 ,   81 506,81506.0,13.913086153166637
231350 TRAIRI,555.0,13,568.0,231350,Trairi,  2 313 500 ,   58 415,58415.0,9.72352991526149
231355 TURURU,164.0,-,164.0,231355,Tururu,  2 313 559 ,   15 412,15412.0,10.641058915131067
231360 UBAJARA,422.0,5,427.0,231360,Ubajara,  2 313 609 ,   32 767,32767.0,13.031403546250802
231370 UMARI,118.0,2,120.0,231370,Umari,  2 313 708 ,   6 871,6871.0,17.464706738466017
231375 UMIRIM,155.0,3,158.0,231375,Umirim,  2 313 757 ,   17 470,17470.0,9.0440755580996
231380 URUBURETAMA,188.0,1,189.0,231380,Uruburetama,  2 313 807 ,   20 189,20189.0,9.36153350834613
231390 URUOCA,254.0,3,257.0,231390,Uruoca,  2 313 906 ,   13 746,13746.0,18.696348028517388
231395 VARJOTA,362.0,6,368.0,231395,Varjota,  2 313 955 ,   18 105,18105.0,20.325876829605082
231400 VARZEA ALEGRE,377.0,15,392.0,231400,Várzea Alegre,  2 314 003 ,   38 984,38984.0,10.055407346603735
231410 VICOSA DO CEARA,593.0,12,605.0,231410,Viçosa do Ceará,  2 314 102 ,   59 712,59712.0,10.131966773847802
240010 ACARI,128.0,-,128.0,240010,Acari,  2 400 109 ,   10 597,10597.0,12.078890251958102
240020 ACU,969.0,131,1100.0,240020,Açu,  2 400 208 ,   56 496,56496.0,19.470404984423674
240030 AFONSO BEZERRA,177.0,4,181.0,240030,Afonso Bezerra,  2 400 307 ,   10 839,10839.0,16.698957468401144
240040 AGUA NOVA,43.0,-,43.0,240040,Água Nova,  2 400 406 ,   2 946,2946.0,14.596062457569586
240050 ALEXANDRIA,308.0,29,337.0,240050,Alexandria,  2 400 505 ,   13 640,13640.0,24.70674486803519
240060 ALMINO AFONSO,118.0,-,118.0,240060,Almino Afonso,  2 400 604 ,   4 687,4687.0,25.176018775336036
240070 ALTO DO RODRIGUES,147.0,10,157.0,240070,Alto do Rodrigues,  2 400 703 ,   12 484,12484.0,12.576097404677988
240080 ANGICOS,262.0,14,276.0,240080,Angicos,  2 400 802 ,   11 632,11632.0,23.72764786795048
240090 ANTONIO MARTINS,117.0,-,117.0,240090,Antônio Martins,  2 400 901 ,   6 577,6577.0,17.7892656226243
240100 APODI,472.0,107,579.0,240100,Apodi,  2 401 008 ,   36 093,36093.0,16.041891779569447
240110 AREIA BRANCA,365.0,22,387.0,240110,Areia Branca,  2 401 107 ,   24 093,24093.0,16.062756817332833
240120 ARES,229.0,-,229.0,240120,Arês,  2 401 206 ,   13 251,13251.0,17.281714587578296
240130 AUGUSTO SEVERO,117.0,-,117.0,240130,Campo Grande,  2 401 305 ,   9 730,9730.0,12.024665981500513
240140 BAIA FORMOSA,119.0,-,119.0,240140,Baía Formosa,  2 401 404 ,   8 825,8825.0,13.484419263456092
240145 BARAUNA,399.0,45,444.0,240145,Baraúna,  2 401 453 ,   26 913,26913.0,16.497603388696913
240150 BARCELONA,64.0,-,64.0,240150,Barcelona,  2 401 503 ,   3 986,3986.0,16.056196688409432
240160 BENTO FERNANDES,63.0,-,63.0,240160,Bento Fernandes,  2 401 602 ,   4 807,4807.0,13.105887247763677
240165 BODO,42.0,-,42.0,240165,Bodó,  2 401 651 ,   2 306,2306.0,18.213356461405027
240170 BOM JESUS,148.0,1,149.0,240170,Bom Jesus,  2 401 701 ,   9 952,9952.0,14.971864951768488
240180 BREJINHO,171.0,-,171.0,240180,Brejinho,  2 401 800 ,   12 202,12202.0,14.014096049827897
240185 CAICARA DO NORTE,108.0,-,108.0,240185,Caiçara do Norte,  2 401 859 ,   6 293,6293.0,17.161925949467662
240190 CAICARA DO RIO DO VENTO,97.0,-,97.0,240190,Caiçara do Rio do Vento,  2 401 909 ,   3 268,3268.0,29.68176254589963
240200 CAICO,1711.0,223,1934.0,240200,Caicó,  2 402 006 ,   61 146,61146.0,31.629215320707818
240210 CAMPO REDONDO,190.0,2,192.0,240210,Campo Redondo,  2 402 105 ,   10 215,10215.0,18.79588839941263
240220 CANGUARETAMA,415.0,4,419.0,240220,Canguaretama,  2 402 204 ,   29 668,29668.0,14.122960765808278
240230 CARAUBAS,359.0,10,369.0,240230,Caraúbas,  2 402 303 ,   19 727,19727.0,18.705327723424748
240240 CARNAUBA DOS DANTAS,136.0,-,136.0,240240,Carnaúba dos Dantas,  2 402 402 ,   7 992,7992.0,17.017017017017018
240250 CARNAUBAIS,149.0,1,150.0,240250,Carnaubais,  2 402 501 ,   9 714,9714.0,15.441630636195184
240260 CEARA-MIRIM,747.0,80,827.0,240260,Ceará-Mirim,  2 402 600 ,   79 115,79115.0,10.453137837325412
240270 CERRO CORA,140.0,-,140.0,240270,Cerro Corá,  2 402 709 ,   11 000,11000.0,12.727272727272728
240280 CORONEL EZEQUIEL,80.0,-,80.0,240280,Coronel Ezequiel,  2 402 808 ,   5 117,5117.0,15.634160641000587
240290 CORONEL JOAO PESSOA,80.0,-,80.0,240290,Coronel João Pessoa,  2 402 907 ,   4 237,4237.0,18.881283927307056
240300 CRUZETA,105.0,-,105.0,240300,Cruzeta,  2 403 004 ,   8 005,8005.0,13.11680199875078
240310 CURRAIS NOVOS,949.0,103,1052.0,240310,Currais Novos,  2 403 103 ,   41 313,41313.0,25.464139617069687
240320 DOUTOR SEVERIANO,90.0,-,90.0,240320,Doutor Severiano,  2 403 202 ,   7 044,7044.0,12.776831345826235
240325 PARNAMIRIM,3134.0,252,3386.0,240325,Parnamirim,  2 403 251 ,   252 716,252716.0,13.398439354848922
240330 ENCANTO,105.0,1,106.0,240330,Encanto,  2 403 301 ,   6 016,6016.0,17.61968085106383
240340 EQUADOR,117.0,-,117.0,240340,Equador,  2 403 400 ,   5 360,5360.0,21.828358208955223
240350 ESPIRITO SANTO,392.0,1,393.0,240350,Espírito Santo,  2 403 509 ,   10 620,10620.0,37.005649717514125
240360 EXTREMOZ,477.0,2,479.0,240360,Extremoz,  2 403 608 ,   61 635,61635.0,7.771558367810497
240370 FELIPE GUERRA,100.0,-,100.0,240370,Felipe Guerra,  2 403 707 ,   5 944,5944.0,16.82368775235532
240375 FERNANDO PEDROZA,79.0,1,80.0,240375,Fernando Pedroza,  2 403 756 ,   2 938,2938.0,27.22940776038121
240380 FLORANIA,136.0,-,136.0,240380,Florânia,  2 403 806 ,   10 196,10196.0,13.338564142801099
240390 FRANCISCO DANTAS,43.0,-,43.0,240390,Francisco Dantas,  2 403 905 ,   2 700,2700.0,15.925925925925927
240400 FRUTUOSO GOMES,105.0,1,106.0,240400,Frutuoso Gomes,  2 404 002 ,   4 122,4122.0,25.71567200388161
240410 GALINHOS,84.0,-,84.0,240410,Galinhos,  2 404 101 ,   2 104,2104.0,39.92395437262358
240420 GOIANINHA,346.0,6,352.0,240420,Goianinha,  2 404 200 ,   26 741,26741.0,13.16330728095434
240430 GOVERNADOR DIX-SEPT ROSADO,152.0,3,155.0,240430,Governador Dix-Sept Rosado,  2 404 309 ,   11 938,11938.0,12.983749371754062
240440 GROSSOS,141.0,-,141.0,240440,Grossos,  2 404 408 ,   9 924,9924.0,14.207980652962515
240450 GUAMARE,696.0,1,697.0,240450,Guamaré,  2 404 507 ,   15 295,15295.0,45.57044785877738
240460 IELMO MARINHO,148.0,-,148.0,240460,Ielmo Marinho,  2 404 606 ,   11 615,11615.0,12.74214377959535
240470 IPANGUACU,130.0,-,130.0,240470,Ipanguaçu,  2 404 705 ,   14 131,14131.0,9.19963201471941
240480 IPUEIRA,59.0,-,59.0,240480,Ipueira,  2 404 804 ,   2 035,2035.0,28.992628992628994
240485 ITAJA,134.0,2,136.0,240485,Itajá,  2 404 853 ,   7 292,7292.0,18.650575973669778
240490 ITAU,72.0,4,76.0,240490,Itaú,  2 404 903 ,   5 320,5320.0,14.285714285714285
240500 JACANA,143.0,-,143.0,240500,Jaçanã,  2 405 009 ,   7 834,7834.0,18.253765636967067
240510 JANDAIRA,143.0,-,143.0,240510,Jandaíra,  2 405 108 ,   6 562,6562.0,21.792136543736667
240520 JANDUIS,133.0,-,133.0,240520,Janduís,  2 405 207 ,   4 746,4746.0,28.023598820058996
240530 JANUARIO CICCO,133.0,-,133.0,240530,Januário Cicco,  2 405 306 ,   9 051,9051.0,14.694508894044857
240540 JAPI,88.0,-,88.0,240540,Japi,  2 405 405 ,   5 117,5117.0,17.197576705100644
240550 JARDIM DE ANGICOS,92.0,-,92.0,240550,Jardim de Angicos,  2 405 504 ,   2 437,2437.0,37.75133360689372
240560 JARDIM DE PIRANHAS,175.0,1,176.0,240560,Jardim de Piranhas,  2 405 603 ,   13 977,13977.0,12.592115618516134
240570 JARDIM DO SERIDO,137.0,4,141.0,240570,Jardim do Seridó,  2 405 702 ,   11 655,11655.0,12.097812097812097
240580 JOAO CAMARA,580.0,23,603.0,240580,João Câmara,  2 405 801 ,   33 290,33290.0,18.113547611895466
240590 JOAO DIAS,48.0,-,48.0,240590,João Dias,  2 405 900 ,   2 076,2076.0,23.12138728323699
240600 JOSE DA PENHA,90.0,-,90.0,240600,José da Penha,  2 406 007 ,   5 803,5803.0,15.509219369291745
240610 JUCURUTU,280.0,1,281.0,240610,Jucurutu,  2 406 106 ,   17 793,17793.0,15.792727477097737
240615 JUNDIA,57.0,-,57.0,240615,Jundiá,  2 406 155 ,   3 739,3739.0,15.244717838994385
240620 LAGOA D'ANTA,103.0,-,103.0,240620,Lagoa d'Anta,  2 406 205 ,   6 654,6654.0,15.47941088067328
240630 LAGOA DE PEDRAS,91.0,-,91.0,240630,Lagoa de Pedras,  2 406 304 ,   7 338,7338.0,12.401199236849278
240640 LAGOA DE VELHOS,58.0,-,58.0,240640,Lagoa de Velhos,  2 406 403 ,   2 567,2567.0,22.59446825087651
240650 LAGOA NOVA,189.0,-,189.0,240650,Lagoa Nova,  2 406 502 ,   15 573,15573.0,12.136389905605856
240660 LAGOA SALGADA,105.0,-,105.0,240660,Lagoa Salgada,  2 406 601 ,   8 319,8319.0,12.621709340064912
240670 LAJES,181.0,3,184.0,240670,Lajes,  2 406 700 ,   9 866,9866.0,18.64990877762011
240680 LAJES PINTADAS,110.0,-,110.0,240680,Lajes Pintadas,  2 406 809 ,   4 787,4787.0,22.97890119072488
240690 LUCRECIA,121.0,8,129.0,240690,Lucrécia,  2 406 908 ,   3 490,3490.0,36.96275071633238
240700 LUIS GOMES,115.0,4,119.0,240700,Luís Gomes,  2 407 005 ,   9 070,9070.0,13.120176405733186
240710 MACAIBA,1163.0,25,1188.0,240710,Macaíba,  2 407 104 ,   82 249,82249.0,14.443944607229268
240720 MACAU,378.0,15,393.0,240720,Macau,  2 407 203 ,   27 369,27369.0,14.359311629946289
240725 MAJOR SALES,74.0,-,74.0,240725,Major Sales,  2 407 252 ,   3 924,3924.0,18.858307849133535
240730 MARCELINO VIEIRA,75.0,-,75.0,240730,Marcelino Vieira,  2 407 302 ,   7 896,7896.0,9.498480243161094
240740 MARTINS,105.0,1,106.0,240740,Martins,  2 407 401 ,   8 179,8179.0,12.96001956229368
240750 MAXARANGUAPE,150.0,31,181.0,240750,Maxaranguape,  2 407 500 ,   10 255,10255.0,17.64992686494393
240760 MESSIAS TARGINO,83.0,-,83.0,240760,Messias Targino,  2 407 609 ,   4 274,4274.0,19.41974730931212
240770 MONTANHAS,151.0,-,151.0,240770,Montanhas,  2 407 708 ,   11 444,11444.0,13.194687172317373
240780 MONTE ALEGRE,288.0,4,292.0,240780,Monte Alegre,  2 407 807 ,   23 031,23031.0,12.678563675046677
240790 MONTE DAS GAMELEIRAS,66.0,-,66.0,240790,Monte das Gameleiras,  2 407 906 ,   2 276,2276.0,28.99824253075571
240800 MOSSORO,4743.0,791,5534.0,240800,Mossoró,  2 408 003 ,   264 577,264577.0,20.916406187990642
240810 NATAL,16865.0,4646,21511.0,240810,Natal,  2 408 102 ,   751 300,751300.0,28.631705044589378
240820 NISIA FLORESTA,252.0,3,255.0,240820,Nísia Floresta,  2 408 201 ,   31 942,31942.0,7.983219585498717
240830 NOVA CRUZ,531.0,2,533.0,240830,Nova Cruz,  2 408 300 ,   34 269,34269.0,15.553415623449766
240840 OLHO-D'AGUA DO BORGES,110.0,-,110.0,240840,Olho d'Água do Borges,  2 408 409 ,   3 905,3905.0,28.169014084507044
240850 OURO BRANCO,98.0,-,98.0,240850,Ouro Branco,  2 408 508 ,   4 913,4913.0,19.947079177691837
240860 PARANA,103.0,-,103.0,240860,Paraná,  2 408 607 ,   3 934,3934.0,26.182003050330454
240870 PARAU,66.0,-,66.0,240870,Paraú,  2 408 706 ,   3 579,3579.0,18.440905280804692
240880 PARAZINHO,94.0,-,94.0,240880,Parazinho,  2 408 805 ,   4 801,4801.0,19.579254322016247
240890 PARELHAS,338.0,10,348.0,240890,Parelhas,  2 408 904 ,   21 499,21499.0,16.186799386017956
240895 RIO DO FOGO,231.0,8,239.0,240895,Rio do Fogo,  2 408 953 ,   10 351,10351.0,23.08955656458313
240910 PASSA E FICA,182.0,1,183.0,240910,Passa e Fica,  2 409 100 ,   10 896,10896.0,16.795154185022025
240920 PASSAGEM,66.0,-,66.0,240920,Passagem,  2 409 209 ,   3 115,3115.0,21.18780096308186
240930 PATU,184.0,1,185.0,240930,Patu,  2 409 308 ,   11 007,11007.0,16.80748614518034
240933 SANTA MARIA,111.0,-,111.0,240933,Santa Maria,  2 409 332 ,   4 847,4847.0,22.900763358778626
240940 PAU DOS FERROS,1073.0,45,1118.0,240940,Pau dos Ferros,  2 409 407 ,   30 479,30479.0,36.6809934709144
240950 PEDRA GRANDE,104.0,-,104.0,240950,Pedra Grande,  2 409 506 ,   3 618,3618.0,28.745163073521283
240960 PEDRA PRETA,62.0,-,62.0,240960,Pedra Preta,  2 409 605 ,   2 441,2441.0,25.399426464563703
240970 PEDRO AVELINO,105.0,-,105.0,240970,Pedro Avelino,  2 409 704 ,   6 242,6242.0,16.821531560397307
240980 PEDRO VELHO,237.0,-,237.0,240980,Pedro Velho,  2 409 803 ,   13 824,13824.0,17.144097222222225
240990 PENDENCIAS,233.0,6,239.0,240990,Pendências,  2 409 902 ,   12 278,12278.0,19.4657110278547
241000 PILOES,56.0,-,56.0,241000,Pilões,  2 410 009 ,   2 965,2965.0,18.88701517706577
241010 POCO BRANCO,201.0,-,201.0,241010,Poço Branco,  2 410 108 ,   12 390,12390.0,16.222760290556902
241020 PORTALEGRE,107.0,1,108.0,241020,Portalegre,  2 410 207 ,   7 601,7601.0,14.20865675569004
241025 PORTO DO MANGUE,109.0,-,109.0,241025,Porto do Mangue,  2 410 256 ,   5 228,5228.0,20.849273144605966
241030 SERRA CAIADA,120.0,8,128.0,241030,Serra Caiada,  2 410 306 ,   10 125,10125.0,12.641975308641975
241040 PUREZA,103.0,-,103.0,241040,Pureza,  2 410 405 ,   9 362,9362.0,11.001922666096988
241050 RAFAEL FERNANDES,57.0,7,64.0,241050,Rafael Fernandes,  2 410 504 ,   5 432,5432.0,11.7820324005891
241060 RAFAEL GODEIRO,56.0,-,56.0,241060,Rafael Godeiro,  2 410 603 ,   2 934,2934.0,19.0865712338105
241070 RIACHO DA CRUZ,53.0,-,53.0,241070,Riacho da Cruz,  2 410 702 ,   2 701,2701.0,19.622362088115512
241080 RIACHO DE SANTANA,43.0,-,43.0,241080,Riacho de Santana,  2 410 801 ,   4 127,4127.0,10.419190695420403
241090 RIACHUELO,124.0,-,124.0,241090,Riachuelo,  2 410 900 ,   7 389,7389.0,16.78170253078901
241100 RODOLFO FERNANDES,60.0,1,61.0,241100,Rodolfo Fernandes,  2 411 007 ,   4 242,4242.0,14.380009429514379
241105 TIBAU,126.0,3,129.0,241105,Tibau,  2 411 056 ,   5 382,5382.0,23.968784838350057
241110 RUY BARBOSA,76.0,-,76.0,241110,Ruy Barbosa,  2 411 106 ,   3 206,3206.0,23.705552089831567
241120 SANTA CRUZ,1005.0,30,1035.0,241120,Santa Cruz,  2 411 205 ,   37 313,37313.0,27.73832176453247
241140 SANTANA DO MATOS,131.0,-,131.0,241140,Santana do Matos,  2 411 403 ,   12 456,12456.0,10.517019910083494
241142 SANTANA DO SERIDO,72.0,1,73.0,241142,Santana do Seridó,  2 411 429 ,   2 696,2696.0,27.077151335311573
241150 SANTO ANTONIO,546.0,2,548.0,241150,Santo Antônio,  2 411 502 ,   22 177,22177.0,24.710285430851783
241160 SAO BENTO DO NORTE,70.0,-,70.0,241160,São Bento do Norte,  2 411 601 ,   3 304,3304.0,21.1864406779661
241170 SAO BENTO DO TRAIRI,104.0,-,104.0,241170,São Bento do Trairí,  2 411 700 ,   3 792,3792.0,27.426160337552744
241180 SAO FERNANDO,59.0,-,59.0,241180,São Fernando,  2 411 809 ,   3 492,3492.0,16.895761741122566
241190 SAO FRANCISCO DO OESTE,44.0,-,44.0,241190,São Francisco do Oeste,  2 411 908 ,   4 161,4161.0,10.57438115837539
241200 SAO GONCALO DO AMARANTE,831.0,65,896.0,241200,São Gonçalo do Amarante,  2 412 005 ,   115 838,115838.0,7.734940175072084
241210 SAO JOAO DO SABUGI,103.0,6,109.0,241210,São João do Sabugi,  2 412 104 ,   5 956,5956.0,18.300873069173942
241220 SAO JOSE DE MIPIBU,827.0,27,854.0,241220,São José de Mipibu,  2 412 203 ,   47 286,47286.0,18.060313834961722
241230 SAO JOSE DO CAMPESTRE,174.0,-,174.0,241230,São José do Campestre,  2 412 302 ,   11 121,11121.0,15.646074993256
241240 SAO JOSE DO SERIDO,72.0,2,74.0,241240,São José do Seridó,  2 412 401 ,   4 558,4558.0,16.235190873189996
241250 SAO MIGUEL,216.0,5,221.0,241250,São Miguel,  2 412 500 ,   23 537,23537.0,9.389471895313761
241255 SAO MIGUEL DO GOSTOSO,169.0,-,169.0,241255,São Miguel do Gostoso,  2 412 559 ,   10 221,10221.0,16.534585656980724
241260 SAO PAULO DO POTENGI,365.0,2,367.0,241260,São Paulo do Potengi,  2 412 609 ,   16 786,16786.0,21.863457643274156
241270 SAO PEDRO,60.0,-,60.0,241270,São Pedro,  2 412 708 ,   5 776,5776.0,10.38781163434903
241280 SAO RAFAEL,105.0,-,105.0,241280,São Rafael,  2 412 807 ,   7 711,7711.0,13.616910906497212
241290 SAO TOME,137.0,-,137.0,241290,São Tomé,  2 412 906 ,   9 972,9972.0,13.738467709586843
241300 SAO VICENTE,106.0,2,108.0,241300,São Vicente,  2 413 003 ,   6 310,6310.0,17.11568938193344
241310 SENADOR ELOI DE SOUZA,86.0,-,86.0,241310,Senador Elói de Souza,  2 413 102 ,   5 965,5965.0,14.417435037720033
241320 SENADOR GEORGINO AVELINO,79.0,-,79.0,241320,Senador Georgino Avelino,  2 413 201 ,   4 065,4065.0,19.43419434194342
241330 SERRA DE SAO BENTO,103.0,-,103.0,241330,Serra de São Bento,  2 413 300 ,   5 703,5703.0,18.060669822900227
241335 SERRA DO MEL,173.0,2,175.0,241335,Serra do Mel,  2 413 359 ,   13 091,13091.0,13.367962722481094
241340 SERRA NEGRA DO NORTE,91.0,1,92.0,241340,Serra Negra do Norte,  2 413 409 ,   7 597,7597.0,12.110043438199288
241350 SERRINHA,83.0,-,83.0,241350,Serrinha,  2 413 508 ,   6 436,6436.0,12.896208825357364
241355 SERRINHA DOS PINTOS,58.0,-,58.0,241355,Serrinha dos Pintos,  2 413 557 ,   4 659,4659.0,12.44902339557845
241360 SEVERIANO MELO,101.0,2,103.0,241360,Severiano Melo,  2 413 607 ,   5 487,5487.0,18.771642063058138
241370 SITIO NOVO,85.0,-,85.0,241370,Sítio Novo,  2 413 706 ,   4 654,4654.0,18.263859045981953
241380 TABOLEIRO GRANDE,46.0,2,48.0,241380,Taboleiro Grande,  2 413 805 ,   2 338,2338.0,20.53036783575706
241390 TAIPU,151.0,-,151.0,241390,Taipu,  2 413 904 ,   11 422,11422.0,13.220101558396077
241400 TANGARA,185.0,-,185.0,241400,Tangará,  2 414 001 ,   13 281,13281.0,13.92967397033356
241410 TENENTE ANANIAS,128.0,4,132.0,241410,Tenente Ananias,  2 414 100 ,   10 262,10262.0,12.862989670629506
241415 TENENTE LAURENTINO CRUZ,90.0,1,91.0,241415,Tenente Laurentino Cruz,  2 414 159 ,   5 891,5891.0,15.44729248005432
241420 TIBAU DO SUL,204.0,-,204.0,241420,Tibau do Sul,  2 414 209 ,   16 929,16929.0,12.050327839801525
241430 TIMBAUBA DOS BATISTAS,48.0,-,48.0,241430,Timbaúba dos Batistas,  2 414 308 ,   2 348,2348.0,20.442930153321974
241440 TOUROS,364.0,9,373.0,241440,Touros,  2 414 407 ,   33 035,33035.0,11.29105494172847
241445 TRIUNFO POTIGUAR,106.0,-,106.0,241445,Triunfo Potiguar,  2 414 456 ,   3 376,3376.0,31.398104265402843
241450 UMARIZAL,105.0,-,105.0,241450,Umarizal,  2 414 506 ,   10 078,10078.0,10.418733875769002
241460 UPANEMA,184.0,-,184.0,241460,Upanema,  2 414 605 ,   13 577,13577.0,13.552331148265448
241470 VARZEA,55.0,1,56.0,241470,Várzea,  2 414 704 ,   5 233,5233.0,10.701318555321995
241475 VENHA-VER,50.0,-,50.0,241475,Venha-Ver,  2 414 753 ,   3 014,3014.0,16.5892501658925
241480 VERA CRUZ,141.0,-,141.0,241480,Vera Cruz,  2 414 803 ,   10 735,10735.0,13.13460642757336
241490 VICOSA,34.0,-,34.0,241490,Viçosa,  2 414 902 ,   1 822,1822.0,18.660812294182215
241500 VILA FLOR,61.0,1,62.0,241500,Vila Flor,  2 415 008 ,   3 174,3174.0,19.533711405166983
250010 AGUA BRANCA,189.0,1,190.0,250010,Água Branca,  2 500 106 ,   9 335,9335.0,20.353508302088912
250020 AGUIAR,114.0,1,115.0,250020,Aguiar,  2 500 205 ,   5 003,5003.0,22.98620827503498
250030 ALAGOA GRANDE,342.0,3,345.0,250030,Alagoa Grande,  2 500 304 ,   26 062,26062.0,13.237664031923874
250040 ALAGOA NOVA,263.0,5,268.0,250040,Alagoa Nova,  2 500 403 ,   21 013,21013.0,12.754009422738305
250050 ALAGOINHA,154.0,-,154.0,250050,Alagoinha,  2 500 502 ,   13 725,13725.0,11.22040072859745
250053 ALCANTIL,115.0,-,115.0,250053,Alcantil,  2 500 536 ,   5 578,5578.0,20.616708497669418
250057 ALGODAO DE JANDAIRA,36.0,-,36.0,250057,Algodão de Jandaíra,  2 500 577 ,   2 953,2953.0,12.190992211310531
250060 ALHANDRA,380.0,4,384.0,250060,Alhandra,  2 500 601 ,   21 730,21730.0,17.67142199723884
250070 SAO JOAO DO RIO DO PEIXE,281.0,5,286.0,250070,São João do Rio do Peixe,  2 500 700 ,   17 964,17964.0,15.920730349588064
250073 AMPARO,54.0,-,54.0,250073,Amparo,  2 500 734 ,   2 234,2234.0,24.171888988361683
250077 APARECIDA,84.0,2,86.0,250077,Aparecida,  2 500 775 ,   7 960,7960.0,10.804020100502512
250080 ARACAGI,213.0,-,213.0,250080,Araçagi,  2 500 809 ,   16 646,16646.0,12.795866874924906
250090 ARARA,137.0,-,137.0,250090,Arara,  2 500 908 ,   12 212,12212.0,11.21847363249263
250100 ARARUNA,211.0,7,218.0,250100,Araruna,  2 501 005 ,   17 189,17189.0,12.682529524696026
250110 AREIA,299.0,5,304.0,250110,Areia,  2 501 104 ,   22 633,22633.0,13.43171475279459
250115 AREIA DE BARAUNAS,42.0,2,44.0,250115,Areia de Baraúnas,  2 501 153 ,   2 005,2005.0,21.945137157107233
250120 AREIAL,77.0,-,77.0,250120,Areial,  2 501 203 ,   7 128,7128.0,10.802469135802468
250130 AROEIRAS,228.0,2,230.0,250130,Aroeiras,  2 501 302 ,   18 705,18705.0,12.296177492649024
250135 ASSUNCAO,66.0,-,66.0,250135,Assunção,  2 501 351 ,   4 152,4152.0,15.895953757225433
250140 BAIA DA TRAICAO,202.0,-,202.0,250140,Baía da Traição,  2 501 401 ,   9 224,9224.0,21.899392888117955
250150 BANANEIRAS,233.0,3,236.0,250150,Bananeiras,  2 501 500 ,   23 134,23134.0,10.201435117143598
250153 BARAUNA,92.0,-,92.0,250153,Baraúna,  2 501 534 ,   4 762,4762.0,19.319613607727845
250157 BARRA DE SANTANA,144.0,-,144.0,250157,Barra de Santana,  2 501 575 ,   8 059,8059.0,17.86822186375481
250160 BARRA DE SANTA ROSA,151.0,23,174.0,250160,Barra de Santa Rosa,  2 501 609 ,   12 904,12904.0,13.484190948543088
250170 BARRA DE SAO MIGUEL,112.0,-,112.0,250170,Barra de São Miguel,  2 501 708 ,   5 906,5906.0,18.963765662038604
250180 BAYEUX,1022.0,39,1061.0,250180,Bayeux,  2 501 807 ,   82 742,82742.0,12.82299195088347
250190 BELEM,390.0,6,396.0,250190,Belém,  2 501 906 ,   16 401,16401.0,24.14486921529175
250200 BELEM DO BREJO DO CRUZ,113.0,2,115.0,250200,Belém do Brejo do Cruz,  2 502 003 ,   6 268,6268.0,18.34716017868539
250205 BERNARDINO BATISTA,68.0,-,68.0,250205,Bernardino Batista,  2 502 052 ,   3 504,3504.0,19.406392694063925
250210 BOA VENTURA,113.0,2,115.0,250210,Boa Ventura,  2 502 102 ,   5 207,5207.0,22.085653927405417
250215 BOA VISTA,106.0,3,109.0,250215,Boa Vista,  2 502 151 ,   6 377,6377.0,17.09267680727615
250220 BOM JESUS,58.0,-,58.0,250220,Bom Jesus,  2 502 201 ,   2 286,2286.0,25.37182852143482
250230 BOM SUCESSO,92.0,1,93.0,250230,Bom Sucesso,  2 502 300 ,   4 661,4661.0,19.952799828363013
250240 BONITO DE SANTA FE,151.0,6,157.0,250240,Bonito de Santa Fé,  2 502 409 ,   10 252,10252.0,15.314085056574326
250250 BOQUEIRAO,332.0,4,336.0,250250,Boqueirão,  2 502 508 ,   17 598,17598.0,19.093078758949883
250260 IGARACY,84.0,5,89.0,250260,Igaracy,  2 502 607 ,   5 648,5648.0,15.757790368271955
250270 BORBOREMA,51.0,-,51.0,250270,Borborema,  2 502 706 ,   4 214,4214.0,12.10251542477456
250280 BREJO DO CRUZ,185.0,4,189.0,250280,Brejo do Cruz,  2 502 805 ,   13 613,13613.0,13.883787556012635
250290 BREJO DOS SANTOS,105.0,1,106.0,250290,Brejo dos Santos,  2 502 904 ,   5 742,5742.0,18.460466736328804
250300 CAAPORA,308.0,1,309.0,250300,Caaporã,  2 503 001 ,   21 193,21193.0,14.580285943471901
250310 CABACEIRAS,103.0,-,103.0,250310,Cabaceiras,  2 503 100 ,   5 335,5335.0,19.30646672914714
250320 CABEDELO,1034.0,75,1109.0,250320,Cabedelo,  2 503 209 ,   66 519,66519.0,16.671928321231526
250330 CACHOEIRA DOS INDIOS,117.0,-,117.0,250330,Cachoeira dos Índios,  2 503 308 ,   9 151,9151.0,12.78548792481696
250340 CACIMBA DE AREIA,78.0,1,79.0,250340,Cacimba de Areia,  2 503 407 ,   3 291,3291.0,24.004861744150716
250350 CACIMBA DE DENTRO,158.0,7,165.0,250350,Cacimba de Dentro,  2 503 506 ,   16 064,16064.0,10.271414342629482
250355 CACIMBAS,99.0,25,124.0,250355,Cacimbas,  2 503 555 ,   7 223,7223.0,17.167381974248926
250360 CAICARA,95.0,3,98.0,250360,Caiçara,  2 503 605 ,   6 602,6602.0,14.843986670705847
250370 CAJAZEIRAS,1541.0,190,1731.0,250370,Cajazeiras,  2 503 704 ,   63 239,63239.0,27.372349341387437
250375 CAJAZEIRINHAS,95.0,-,95.0,250375,Cajazeirinhas,  2 503 753 ,   2 740,2740.0,34.67153284671533
250380 CALDAS BRANDAO,86.0,-,86.0,250380,Caldas Brandão,  2 503 803 ,   5 753,5753.0,14.948722405701373
250390 CAMALAU,85.0,-,85.0,250390,Camalaú,  2 503 902 ,   6 085,6085.0,13.968775677896467
250400 CAMPINA GRANDE,9045.0,1545,10590.0,250400,Campina Grande,  2 504 009 ,   419 379,419379.0,25.25162204116086
250403 CAPIM,109.0,-,109.0,250403,Capim,  2 504 033 ,   6 970,6970.0,15.638450502152082
250407 CARAUBAS,63.0,-,63.0,250407,Caraúbas,  2 504 074 ,   3 944,3944.0,15.973630831643003
250410 CARRAPATEIRA,54.0,-,54.0,250410,Carrapateira,  2 504 108 ,   2 312,2312.0,23.356401384083046
250415 CASSERENGUE,79.0,-,79.0,250415,Casserengue,  2 504 157 ,   6 889,6889.0,11.467556974887502
250420 CATINGUEIRA,90.0,2,92.0,250420,Catingueira,  2 504 207 ,   4 491,4491.0,20.485415274994434
250430 CATOLE DO ROCHA,553.0,15,568.0,250430,Catolé do Rocha,  2 504 306 ,   30 661,30661.0,18.525162258243373
250435 CATURITE,74.0,-,74.0,250435,Caturité,  2 504 355 ,   5 254,5254.0,14.084507042253522
250440 CONCEICAO,270.0,8,278.0,250440,Conceição,  2 504 405 ,   18 260,18260.0,15.224534501642935
250450 CONDADO,101.0,3,104.0,250450,Condado,  2 504 504 ,   6 451,6451.0,16.121531545496822
250460 CONDE,378.0,47,425.0,250460,Conde,  2 504 603 ,   27 605,27605.0,15.395761637384531
250470 CONGO,95.0,1,96.0,250470,Congo,  2 504 702 ,   4 933,4933.0,19.46077437664707
250480 COREMAS,262.0,11,273.0,250480,Coremas,  2 504 801 ,   14 683,14683.0,18.592930600013624
250485 COXIXOLA,28.0,-,28.0,250485,Coxixola,  2 504 850 ,   1 824,1824.0,15.350877192982455
250490 CRUZ DO ESPIRITO SANTO,160.0,1,161.0,250490,Cruz do Espírito Santo,  2 504 900 ,   17 095,17095.0,9.417958467388125
250500 CUBATI,116.0,2,118.0,250500,Cubati,  2 505 006 ,   7 580,7580.0,15.567282321899736
250510 CUITE,356.0,7,363.0,250510,Cuité,  2 505 105 ,   19 719,19719.0,18.4086414118363
250520 CUITEGI,71.0,-,71.0,250520,Cuitegi,  2 505 204 ,   6 730,6730.0,10.549777117384844
250523 CUITE DE MAMANGUAPE,94.0,-,94.0,250523,Cuité de Mamanguape,  2 505 238 ,   6 251,6251.0,15.037593984962406
250527 CURRAL DE CIMA,117.0,1,118.0,250527,Curral de Cima,  2 505 279 ,   5 254,5254.0,22.45907879710697
250530 CURRAL VELHO,37.0,-,37.0,250530,Curral Velho,  2 505 303 ,   2 292,2292.0,16.14310645724258
250535 DAMIAO,49.0,26,75.0,250535,Damião,  2 505 352 ,   4 982,4982.0,15.054195102368526
250540 DESTERRO,108.0,3,111.0,250540,Desterro,  2 505 402 ,   8 067,8067.0,13.75976199330606
250550 VISTA SERRANA,61.0,2,63.0,250550,Vista Serrana,  2 505 501 ,   3 641,3641.0,17.30293875308981
250560 DIAMANTE,91.0,-,91.0,250560,Diamante,  2 505 600 ,   6 299,6299.0,14.446737577393236
250570 DONA INES,164.0,-,164.0,250570,Dona Inês,  2 505 709 ,   10 380,10380.0,15.79961464354528
250580 DUAS ESTRADAS,64.0,-,64.0,250580,Duas Estradas,  2 505 808 ,   3 327,3327.0,19.236549443943492
250590 EMAS,45.0,-,45.0,250590,Emas,  2 505 907 ,   3 011,3011.0,14.945200929923612
250600 ESPERANCA,452.0,45,497.0,250600,Esperança,  2 506 004 ,   31 231,31231.0,15.913675514712944
250610 FAGUNDES,104.0,2,106.0,250610,Fagundes,  2 506 103 ,   11 049,11049.0,9.593628382659064
250620 FREI MARTINHO,92.0,1,93.0,250620,Frei Martinho,  2 506 202 ,   2 846,2846.0,32.67744202389318
250625 GADO BRAVO,81.0,-,81.0,250625,Gado Bravo,  2 506 251 ,   8 179,8179.0,9.903411174960263
250630 GUARABIRA,1038.0,132,1170.0,250630,Guarabira,  2 506 301 ,   57 484,57484.0,20.35348966668986
250640 GURINHEM,190.0,-,190.0,250640,Gurinhém,  2 506 400 ,   13 766,13766.0,13.802121168095308
250650 GURJAO,54.0,1,55.0,250650,Gurjão,  2 506 509 ,   3 242,3242.0,16.964836520666253
250660 IBIARA,99.0,-,99.0,250660,Ibiara,  2 506 608 ,   5 631,5631.0,17.581246670218434
250670 IMACULADA,139.0,3,142.0,250670,Imaculada,  2 506 707 ,   10 392,10392.0,13.664357197844497
250680 INGA,283.0,1,284.0,250680,Ingá,  2 506 806 ,   17 692,17692.0,16.052453086140627
250690 ITABAIANA,659.0,53,712.0,250690,Itabaiana,  2 506 905 ,   23 182,23182.0,30.713484600120783
250700 ITAPORANGA,511.0,26,537.0,250700,Itaporanga,  2 507 002 ,   23 940,23940.0,22.43107769423559
250710 ITAPOROROCA,237.0,2,239.0,250710,Itapororoca,  2 507 101 ,   18 382,18382.0,13.001849635513002
250720 ITATUBA,115.0,-,115.0,250720,Itatuba,  2 507 200 ,   10 499,10499.0,10.953424135631966
250730 JACARAU,226.0,1,227.0,250730,Jacaraú,  2 507 309 ,   14 477,14477.0,15.680044208054154
250740 JERICO,106.0,4,110.0,250740,Jericó,  2 507 408 ,   7 516,7516.0,14.635444385311336
250750 JOAO PESSOA,18208.0,2924,21132.0,250750,João Pessoa,  2 507 507 ,   833 932,833932.0,25.34019560347846
250760 JUAREZ TAVORA,95.0,2,97.0,250760,Juarez Távora,  2 507 606 ,   7 796,7796.0,12.442278091328886
250770 JUAZEIRINHO,200.0,9,209.0,250770,Juazeirinho,  2 507 705 ,   17 007,17007.0,12.289057446933615
250780 JUNCO DO SERIDO,90.0,1,91.0,250780,Junco do Seridó,  2 507 804 ,   6 793,6793.0,13.39614308847343
250790 JURIPIRANGA,165.0,3,168.0,250790,Juripiranga,  2 507 903 ,   10 012,10012.0,16.779864163004394
250800 JURU,129.0,3,132.0,250800,Juru,  2 508 000 ,   9 234,9234.0,14.294996751137102
250810 LAGOA,57.0,-,57.0,250810,Lagoa,  2 508 109 ,   4 415,4415.0,12.910532276330692
250820 LAGOA DE DENTRO,113.0,-,113.0,250820,Lagoa de Dentro,  2 508 208 ,   7 819,7819.0,14.451975956004604
250830 LAGOA SECA,274.0,6,280.0,250830,Lagoa Seca,  2 508 307 ,   27 730,27730.0,10.09736747205193
250840 LASTRO,49.0,-,49.0,250840,Lastro,  2 508 406 ,   3 162,3162.0,15.496521189120811
250850 LIVRAMENTO,91.0,1,92.0,250850,Livramento,  2 508 505 ,   6 877,6877.0,13.377926421404682
250855 LOGRADOURO,75.0,-,75.0,250855,Logradouro,  2 508 554 ,   4 797,4797.0,15.634771732332707
250860 LUCENA,165.0,-,165.0,250860,Lucena,  2 508 604 ,   12 560,12560.0,13.136942675159236
250870 MAE D'AGUA,60.0,-,60.0,250870,Mãe d'Água,  2 508 703 ,   3 583,3583.0,16.745743790120013
250880 MALTA,58.0,3,61.0,250880,Malta,  2 508 802 ,   6 046,6046.0,10.089315249751904
250890 MAMANGUAPE,973.0,18,991.0,250890,Mamanguape,  2 508 901 ,   44 599,44599.0,22.220229153120023
250900 MANAIRA,109.0,2,111.0,250900,Manaíra,  2 509 008 ,   10 434,10434.0,10.638297872340425
250905 MARCACAO,155.0,-,155.0,250905,Marcação,  2 509 057 ,   8 999,8999.0,17.22413601511279
250910 MARI,229.0,13,242.0,250910,Mari,  2 509 107 ,   21 512,21512.0,11.249535143175901
250915 MARIZOPOLIS,62.0,2,64.0,250915,Marizópolis,  2 509 156 ,   6 705,6705.0,9.54511558538404
250920 MASSARANDUBA,139.0,-,139.0,250920,Massaranduba,  2 509 206 ,   14 139,14139.0,9.830964000282904
250930 MATARACA,145.0,1,146.0,250930,Mataraca,  2 509 305 ,   8 244,8244.0,17.709849587578848
250933 MATINHAS,45.0,-,45.0,250933,Matinhas,  2 509 339 ,   4 571,4571.0,9.844672938087946
250937 MATO GROSSO,38.0,-,38.0,250937,Mato Grosso,  2 509 370 ,   2 543,2543.0,14.942980731419583
250939 MATUREIA,75.0,17,92.0,250939,Maturéia,  2 509 396 ,   6 433,6433.0,14.301259132597544
250940 MOGEIRO,161.0,2,163.0,250940,Mogeiro,  2 509 404 ,   13 899,13899.0,11.727462407367437
250950 MONTADAS,59.0,2,61.0,250950,Montadas,  2 509 503 ,   5 812,5812.0,10.49552649690296
250960 MONTE HOREBE,66.0,-,66.0,250960,Monte Horebe,  2 509 602 ,   4 338,4338.0,15.214384508990317
250970 MONTEIRO,984.0,31,1015.0,250970,Monteiro,  2 509 701 ,   32 277,32277.0,31.446540880503143
250980 MULUNGU,106.0,-,106.0,250980,Mulungu,  2 509 800 ,   8 791,8791.0,12.057786372426346
250990 NATUBA,131.0,-,131.0,250990,Natuba,  2 509 909 ,   8 945,8945.0,14.645053102291783
251000 NAZAREZINHO,67.0,-,67.0,251000,Nazarezinho,  2 510 006 ,   7 203,7203.0,9.301679855615715
251010 NOVA FLORESTA,132.0,10,142.0,251010,Nova Floresta,  2 510 105 ,   9 724,9724.0,14.60304401480872
251020 NOVA OLINDA,88.0,-,88.0,251020,Nova Olinda,  2 510 204 ,   5 787,5787.0,15.206497321582859
251030 NOVA PALMEIRA,87.0,-,87.0,251030,Nova Palmeira,  2 510 303 ,   4 259,4259.0,20.427330359239257
251040 OLHO D'AGUA,81.0,-,81.0,251040,Olho d'Água,  2 510 402 ,   6 060,6060.0,13.366336633663366
251050 OLIVEDOS,46.0,-,46.0,251050,Olivedos,  2 510 501 ,   3 580,3580.0,12.849162011173185
251060 OURO VELHO,45.0,-,45.0,251060,Ouro Velho,  2 510 600 ,   2 918,2918.0,15.421521590130226
251065 PARARI,39.0,-,39.0,251065,Parari,  2 510 659 ,   1 720,1720.0,22.674418604651166
251070 PASSAGEM,60.0,-,60.0,251070,Passagem,  2 510 709 ,   2 463,2463.0,24.360535931790498
251080 PATOS,2953.0,580,3533.0,251080,Patos,  2 510 808 ,   103 165,103165.0,34.24611059952503
251090 PAULISTA,165.0,1,166.0,251090,Paulista,  2 510 907 ,   11 834,11834.0,14.027378739225957
251100 PEDRA BRANCA,59.0,-,59.0,251100,Pedra Branca,  2 511 004 ,   3 739,3739.0,15.779620219309978
251110 PEDRA LAVRADA,124.0,-,124.0,251110,Pedra Lavrada,  2 511 103 ,   6 859,6859.0,18.078437089954804
251120 PEDRAS DE FOGO,350.0,8,358.0,251120,Pedras de Fogo,  2 511 202 ,   29 662,29662.0,12.069314274155486
251130 PIANCO,548.0,-,548.0,251130,Piancó,  2 511 301 ,   16 441,16441.0,33.33130588163737
251140 PICUI,515.0,9,524.0,251140,Picuí,  2 511 400 ,   18 333,18333.0,28.582337860688376
251150 PILAR,172.0,-,172.0,251150,Pilar,  2 511 509 ,   12 311,12311.0,13.971245227845017
251160 PILOES,58.0,-,58.0,251160,Pilões,  2 511 608 ,   6 815,6815.0,8.51063829787234
251170 PILOEZINHOS,52.0,2,54.0,251170,Pilõezinhos,  2 511 707 ,   5 329,5329.0,10.133233252017265
251180 PIRPIRITUBA,89.0,-,89.0,251180,Pirpirituba,  2 511 806 ,   9 340,9340.0,9.528907922912206
251190 PITIMBU,263.0,1,264.0,251190,Pitimbu,  2 511 905 ,   16 751,16751.0,15.760253119216763
251200 POCINHOS,246.0,-,246.0,251200,Pocinhos,  2 512 002 ,   17 469,17469.0,14.082088270650868
251203 POCO DANTAS,62.0,-,62.0,251203,Poço Dantas,  2 512 036 ,   3 830,3830.0,16.18798955613577
251207 POCO DE JOSE DE MOURA,85.0,-,85.0,251207,Poço de José de Moura,  2 512 077 ,   4 006,4006.0,21.218172740888665
251210 POMBAL,575.0,25,600.0,251210,Pombal,  2 512 101 ,   32 473,32473.0,18.476888491977952
251220 PRATA,86.0,1,87.0,251220,Prata,  2 512 200 ,   3 915,3915.0,22.22222222222222
251230 PRINCESA ISABEL,628.0,49,677.0,251230,Princesa Isabel,  2 512 309 ,   21 114,21114.0,32.06403334280572
251240 PUXINANA,112.0,5,117.0,251240,Puxinanã,  2 512 408 ,   14 277,14277.0,8.194998949359109
251250 QUEIMADAS,617.0,7,624.0,251250,Queimadas,  2 512 507 ,   47 658,47658.0,13.093289689034371
251260 QUIXABA,51.0,-,51.0,251260,Quixaba,  2 512 606 ,   1 743,1743.0,29.259896729776248
251270 REMIGIO,172.0,10,182.0,251270,Remígio,  2 512 705 ,   17 885,17885.0,10.176125244618396
251272 PEDRO REGIS,69.0,1,70.0,251272,Pedro Régis,  2 512 721 ,   5 766,5766.0,12.140131807145336
251274 RIACHAO,62.0,-,62.0,251274,Riachão,  2 512 747 ,   2 927,2927.0,21.182097710966858
251275 RIACHAO DO BACAMARTE,56.0,-,56.0,251275,Riachão do Bacamarte,  2 512 754 ,   4 690,4690.0,11.940298507462687
251276 RIACHAO DO POCO,62.0,1,63.0,251276,Riachão do Poço,  2 512 762 ,   4 738,4738.0,13.296749683410722
251278 RIACHO DE SANTO ANTONIO,61.0,-,61.0,251278,Riacho de Santo Antônio,  2 512 788 ,   1 955,1955.0,31.202046035805626
251280 RIACHO DOS CAVALOS,67.0,-,67.0,251280,Riacho dos Cavalos,  2 512 804 ,   8 493,8493.0,7.888849640880725
251290 RIO TINTO,289.0,3,292.0,251290,Rio Tinto,  2 512 903 ,   24 581,24581.0,11.879093608884912
251300 SALGADINHO,52.0,-,52.0,251300,Salgadinho,  2 513 000 ,   3 355,3355.0,15.49925484351714
251310 SALGADO DE SAO FELIX,158.0,2,160.0,251310,Salgado de São Félix,  2 513 109 ,   11 505,11505.0,13.906996957844417
251315 SANTA CECILIA,82.0,-,82.0,251315,Santa Cecília,  2 513 158 ,   7 670,7670.0,10.691003911342895
251320 SANTA CRUZ,92.0,1,93.0,251320,Santa Cruz,  2 513 208 ,   5 947,5947.0,15.638136875735665
251330 SANTA HELENA,80.0,-,80.0,251330,Santa Helena,  2 513 307 ,   5 865,5865.0,13.640238704177323
251335 SANTA INES,53.0,-,53.0,251335,Santa Inês,  2 513 356 ,   3 227,3227.0,16.42392314843508
251340 SANTA LUZIA,344.0,4,348.0,251340,Santa Luzia,  2 513 406 ,   14 959,14959.0,23.263587138177687
251350 SANTANA DE MANGUEIRA,67.0,-,67.0,251350,Santana de Mangueira,  2 513 505 ,   5 010,5010.0,13.373253493013971
251360 SANTANA DOS GARROTES,112.0,8,120.0,251360,Santana dos Garrotes,  2 513 604 ,   6 569,6569.0,18.267620642411327
251365 JOCA CLAUDINO,29.0,-,29.0,251365,Joca Claudino,  2 513 653 ,   2 539,2539.0,11.421819614021267
251370 SANTA RITA,1624.0,59,1683.0,251370,Santa Rita,  2 513 703 ,   149 910,149910.0,11.226736041624976
251380 SANTA TERESINHA,52.0,19,71.0,251380,Santa Teresinha,  2 513 802 ,   4 402,4402.0,16.129032258064516
251385 SANTO ANDRE,54.0,-,54.0,251385,Santo André,  2 513 851 ,   2 622,2622.0,20.594965675057207
251390 SAO BENTO,379.0,114,493.0,251390,São Bento,  2 513 901 ,   32 235,32235.0,15.293935163642004
251392 SAO BENTINHO,85.0,2,87.0,251392,São Bentinho,  2 513 927 ,   4 327,4327.0,20.1063092211694
251394 SAO DOMINGOS DO CARIRI,49.0,-,49.0,251394,São Domingos do Cariri,  2 513 943 ,   2 585,2585.0,18.95551257253385
251396 SAO DOMINGOS,41.0,-,41.0,251396,São Domingos,  2 513 968 ,   2 595,2595.0,15.79961464354528
251398 SAO FRANCISCO,63.0,-,63.0,251398,São Francisco,  2 513 984 ,   3 137,3137.0,20.082881734140898
251400 SAO JOAO DO CARIRI,75.0,-,75.0,251400,São João do Cariri,  2 514 008 ,   4 226,4226.0,17.747278750591576
251410 SAO JOAO DO TIGRE,71.0,-,71.0,251410,São João do Tigre,  2 514 107 ,   4 263,4263.0,16.654937837203846
251420 SAO JOSE DA LAGOA TAPADA,80.0,-,80.0,251420,São José da Lagoa Tapada,  2 514 206 ,   7 126,7126.0,11.226494527083918
251430 SAO JOSE DE CAIANA,70.0,-,70.0,251430,São José de Caiana,  2 514 305 ,   5 034,5034.0,13.90544298768375
251440 SAO JOSE DE ESPINHARAS,86.0,-,86.0,251440,São José de Espinharas,  2 514 404 ,   4 083,4083.0,21.06294391378888
251445 SAO JOSE DOS RAMOS,88.0,6,94.0,251445,São José dos Ramos,  2 514 453 ,   5 891,5891.0,15.956543880495673
251450 SAO JOSE DE PIRANHAS,223.0,8,231.0,251450,São José de Piranhas,  2 514 503 ,   19 067,19067.0,12.115172811664133
251455 SAO JOSE DE PRINCESA,41.0,-,41.0,251455,São José de Princesa,  2 514 552 ,   3 416,3416.0,12.002341920374707
251460 SAO JOSE DO BONFIM,41.0,2,43.0,251460,São José do Bonfim,  2 514 602 ,   3 242,3242.0,13.26341764342998
251465 SAO JOSE DO BREJO DO CRUZ,20.0,-,20.0,251465,São José do Brejo do Cruz,  2 514 651 ,   1 699,1699.0,11.771630370806356
251470 SAO JOSE DO SABUGI,102.0,-,102.0,251470,São José do Sabugi,  2 514 701 ,   4 138,4138.0,24.649589173513775
251480 SAO JOSE DOS CORDEIROS,40.0,-,40.0,251480,São José dos Cordeiros,  2 514 800 ,   3 411,3411.0,11.726766344180591
251490 SAO MAMEDE,119.0,4,123.0,251490,São Mamede,  2 514 909 ,   7 470,7470.0,16.46586345381526
251500 SAO MIGUEL DE TAIPU,101.0,-,101.0,251500,São Miguel de Taipu,  2 515 005 ,   7 066,7066.0,14.293801302009625
251510 SAO SEBASTIAO DE LAGOA DE ROCA,113.0,-,113.0,251510,São Sebastião de Lagoa de Roça,  2 515 104 ,   11 040,11040.0,10.23550724637681
251520 SAO SEBASTIAO DO UMBUZEIRO,36.0,-,36.0,251520,São Sebastião do Umbuzeiro,  2 515 203 ,   3 279,3279.0,10.978956999085087
251530 SAPE,582.0,5,587.0,251530,Sapé,  2 515 302 ,   51 306,51306.0,11.441156979690485
251540 SAO VICENTE DO SERIDO,117.0,1,118.0,251540,São Vicente do Seridó,  2 515 401 ,   10 291,10291.0,11.466329802740258
251550 SERRA BRANCA,176.0,4,180.0,251550,Serra Branca,  2 515 500 ,   13 614,13614.0,13.221683561040106
251560 SERRA DA RAIZ,47.0,-,47.0,251560,Serra da Raiz,  2 515 609 ,   3 094,3094.0,15.190691661279896
251570 SERRA GRANDE,58.0,-,58.0,251570,Serra Grande,  2 515 708 ,   2 942,2942.0,19.714479945615228
251580 SERRA REDONDA,80.0,1,81.0,251580,Serra Redonda,  2 515 807 ,   6 828,6828.0,11.862917398945518
251590 SERRARIA,120.0,-,120.0,251590,Serraria,  2 515 906 ,   4 885,4885.0,24.56499488229273
251593 SERTAOZINHO,66.0,-,66.0,251593,Sertãozinho,  2 515 930 ,   5 054,5054.0,13.058963197467353
251597 SOBRADO,89.0,-,89.0,251597,Sobrado,  2 515 971 ,   8 236,8236.0,10.806216610004856
251600 SOLANEA,323.0,12,335.0,251600,Solânea,  2 516 003 ,   26 774,26774.0,12.512138641966088
251610 SOLEDADE,212.0,11,223.0,251610,Soledade,  2 516 102 ,   13 968,13968.0,15.965063001145474
251615 SOSSEGO,46.0,-,46.0,251615,Sossêgo,  2 516 151 ,   3 345,3345.0,13.75186846038864
251620 SOUSA,1018.0,120,1138.0,251620,Sousa,  2 516 201 ,   67 259,67259.0,16.919668743216523
251630 SUME,275.0,6,281.0,251630,Sumé,  2 516 300 ,   17 166,17166.0,16.369567750203892
251640 TACIMA,133.0,-,133.0,251640,Tacima,  2 516 409 ,   8 010,8010.0,16.604244694132337
251650 TAPEROA,359.0,-,359.0,251650,Taperoá,  2 516 508 ,   14 068,14068.0,25.51890816036395
251660 TAVARES,163.0,2,165.0,251660,Tavares,  2 516 607 ,   14 101,14101.0,11.701297780299269
251670 TEIXEIRA,237.0,9,246.0,251670,Teixeira,  2 516 706 ,   14 631,14631.0,16.813614927209347
251675 TENORIO,55.0,-,55.0,251675,Tenório,  2 516 755 ,   2 966,2966.0,18.54349291975725
251680 TRIUNFO,136.0,1,137.0,251680,Triunfo,  2 516 805 ,   9 892,9892.0,13.849575414476345
251690 UIRAUNA,260.0,3,263.0,251690,Uiraúna,  2 516 904 ,   14 930,14930.0,17.615539182853315
251700 UMBUZEIRO,162.0,-,162.0,251700,Umbuzeiro,  2 517 001 ,   9 124,9124.0,17.755370451556335
251710 VARZEA,49.0,-,49.0,251710,Várzea,  2 517 100 ,   2 668,2668.0,18.365817091454275
251720 VIEIROPOLIS,71.0,-,71.0,251720,Vieirópolis,  2 517 209 ,   4 864,4864.0,14.59703947368421
251740 ZABELE,34.0,-,34.0,251740,Zabelê,  2 517 407 ,   2 228,2228.0,15.26032315978456
260005 ABREU E LIMA,726.0,150,876.0,260005,Abreu e Lima,  2 600 054 ,   98 462,98462.0,8.896833296093925
260010 AFOGADOS DA INGAZEIRA,822.0,36,858.0,260010,Afogados da Ingazeira,  2 600 104 ,   40 241,40241.0,21.321537735145746
260020 AFRANIO,251.0,9,260.0,260020,Afrânio,  2 600 203 ,   18 674,18674.0,13.923101638641963
260030 AGRESTINA,310.0,45,355.0,260030,Agrestina,  2 600 302 ,   23 779,23779.0,14.929139156398502
260040 AGUA PRETA,337.0,-,337.0,260040,Água Preta,  2 600 401 ,   26 461,26461.0,12.735724273459052
260050 AGUAS BELAS,385.0,3,388.0,260050,Águas Belas,  2 600 500 ,   41 548,41548.0,9.338596322325985
260060 ALAGOINHA,220.0,-,220.0,260060,Alagoinha,  2 600 609 ,   13 542,13542.0,16.245753950671983
260070 ALIANCA,332.0,-,332.0,260070,Aliança,  2 600 708 ,   35 741,35741.0,9.289051789261633
260080 ALTINHO,214.0,4,218.0,260080,Altinho,  2 600 807 ,   20 674,20674.0,10.54464544838928
260090 AMARAJI,184.0,1,185.0,260090,Amaraji,  2 600 906 ,   18 205,18205.0,10.162043394671795
260100 ANGELIM,152.0,1,153.0,260100,Angelim,  2 601 003 ,   10 241,10241.0,14.939947270774338
260105 ARACOIABA,279.0,3,282.0,260105,Araçoiaba,  2 601 052 ,   19 243,19243.0,14.65467962375929
260110 ARARIPINA,1005.0,40,1045.0,260110,Araripina,  2 601 102 ,   85 088,85088.0,12.281402783001127
260120 ARCOVERDE,1988.0,158,2146.0,260120,Arcoverde,  2 601 201 ,   77 742,77742.0,27.60412646960459
260130 BARRA DE GUABIRABA,182.0,-,182.0,260130,Barra de Guabiraba,  2 601 300 ,   12 263,12263.0,14.841392807632715
260140 BARREIROS,577.0,5,582.0,260140,Barreiros,  2 601 409 ,   40 121,40121.0,14.506118990055084
260150 BELEM DE MARIA,104.0,-,104.0,260150,Belém de Maria,  2 601 508 ,   10 378,10378.0,10.021198689535556
260160 BELEM DE SAO FRANCISCO,223.0,3,226.0,260160,Belém do São Francisco,  2 601 607 ,   18 301,18301.0,12.349051964373531
260170 BELO JARDIM,596.0,81,677.0,260170,Belo Jardim,  2 601 706 ,   79 507,79507.0,8.514973524343768
260180 BETANIA,115.0,-,115.0,260180,Betânia,  2 601 805 ,   11 232,11232.0,10.23860398860399
260190 BEZERROS,939.0,54,993.0,260190,Bezerros,  2 601 904 ,   61 694,61694.0,16.09556845074075
260200 BODOCO,407.0,14,421.0,260200,Bodocó,  2 602 001 ,   34 478,34478.0,12.210685074540287
260210 BOM CONSELHO,463.0,17,480.0,260210,Bom Conselho,  2 602 100 ,   44 294,44294.0,10.836682169142547
260220 BOM JARDIM,312.0,-,312.0,260220,Bom Jardim,  2 602 209 ,   37 629,37629.0,8.291477318025992
260230 BONITO,361.0,3,364.0,260230,Bonito,  2 602 308 ,   37 474,37474.0,9.71340129156215
260240 BREJAO,172.0,-,172.0,260240,Brejão,  2 602 407 ,   9 079,9079.0,18.944817711201672
260250 BREJINHO,140.0,-,140.0,260250,Brejinho,  2 602 506 ,   7 720,7720.0,18.134715025906733
260260 BREJO DA MADRE DE DEUS,501.0,7,508.0,260260,Brejo da Madre de Deus,  2 602 605 ,   48 648,48648.0,10.442361453708271
260270 BUENOS AIRES,129.0,-,129.0,260270,Buenos Aires,  2 602 704 ,   12 808,12808.0,10.071830106183635
260280 BUIQUE,414.0,13,427.0,260280,Buíque,  2 602 803 ,   52 097,52097.0,8.196249304182583
260290 CABO DE SANTO AGOSTINHO,3212.0,430,3642.0,260290,Cabo de Santo Agostinho,  2 602 902 ,   203 440,203440.0,17.902084152575696
260300 CABROBO,424.0,3,427.0,260300,Cabrobó,  2 603 009 ,   30 294,30294.0,14.095200369710174
260310 CACHOEIRINHA,170.0,6,176.0,260310,Cachoeirinha,  2 603 108 ,   19 899,19899.0,8.84466556108347
260320 CAETES,254.0,1,255.0,260320,Caetés,  2 603 207 ,   28 827,28827.0,8.845873660110312
260330 CALCADO,134.0,-,134.0,260330,Calçado,  2 603 306 ,   11 093,11093.0,12.079689894528082
260340 CALUMBI,90.0,1,91.0,260340,Calumbi,  2 603 405 ,   5 228,5228.0,17.40627390971691
260345 CAMARAGIBE,1445.0,670,2115.0,260345,Camaragibe,  2 603 454 ,   147 771,147771.0,14.312686521712651
260350 CAMOCIM DE SAO FELIX,151.0,2,153.0,260350,Camocim de São Félix,  2 603 504 ,   17 419,17419.0,8.783512256731155
260360 CAMUTANGA,121.0,-,121.0,260360,Camutanga,  2 603 603 ,   7 750,7750.0,15.61290322580645
260370 CANHOTINHO,243.0,4,247.0,260370,Canhotinho,  2 603 702 ,   24 329,24329.0,10.152492909696248
260380 CAPOEIRAS,208.0,1,209.0,260380,Capoeiras,  2 603 801 ,   18 338,18338.0,11.39709892027484
260390 CARNAIBA,299.0,-,299.0,260390,Carnaíba,  2 603 900 ,   18 644,18644.0,16.037331044840165
260392 CARNAUBEIRA DA PENHA,205.0,-,205.0,260392,Carnaubeira da Penha,  2 603 926 ,   12 239,12239.0,16.749734455429365
260400 CARPINA,1034.0,163,1197.0,260400,Carpina,  2 604 007 ,   79 293,79293.0,15.095910105557866
260410 CARUARU,6706.0,1918,8624.0,260410,Caruaru,  2 604 106 ,   378 048,378048.0,22.81191806331471
260415 CASINHAS,158.0,-,158.0,260415,Casinhas,  2 604 155 ,   12 967,12967.0,12.184776740957815
260420 CATENDE,303.0,4,307.0,260420,Catende,  2 604 205 ,   32 156,32156.0,9.547207364100013
260430 CEDRO,231.0,-,231.0,260430,Cedro,  2 604 304 ,   10 518,10518.0,21.962350256702795
260440 CHA DE ALEGRIA,118.0,-,118.0,260440,Chã de Alegria,  2 604 403 ,   12 984,12984.0,9.088108441158349
260450 CHA GRANDE,211.0,4,215.0,260450,Chã Grande,  2 604 502 ,   20 546,20546.0,10.464323956001168
260460 CONDADO,211.0,2,213.0,260460,Condado,  2 604 601 ,   24 587,24587.0,8.663114654085492
260470 CORRENTES,164.0,-,164.0,260470,Correntes,  2 604 700 ,   17 131,17131.0,9.573288190998774
260480 CORTES,198.0,3,201.0,260480,Cortês,  2 604 809 ,   10 198,10198.0,19.709747009217494
260490 CUMARU,188.0,1,189.0,260490,Cumaru,  2 604 908 ,   15 920,15920.0,11.871859296482413
260500 CUPIRA,250.0,4,254.0,260500,Cupira,  2 605 004 ,   23 518,23518.0,10.800238115486012
260510 CUSTODIA,323.0,17,340.0,260510,Custódia,  2 605 103 ,   37 699,37699.0,9.018806864903578
260515 DORMENTES,236.0,12,248.0,260515,Dormentes,  2 605 152 ,   17 188,17188.0,14.428671165929718
260520 ESCADA,629.0,15,644.0,260520,Escada,  2 605 202 ,   59 891,59891.0,10.752867709672572
260530 EXU,302.0,4,306.0,260530,Exu,  2 605 301 ,   31 843,31843.0,9.609647332223723
260540 FEIRA NOVA,224.0,1,225.0,260540,Feira Nova,  2 605 400 ,   21 427,21427.0,10.500770056470808
260545 FERNANDO DE NORONHA,135.0,-,135.0,260545,Fernando de Noronha,  2 605 459 ,   3 167,3167.0,42.62709188506473
260550 FERREIROS,116.0,-,116.0,260550,Ferreiros,  2 605 509 ,   15 026,15026.0,7.719952083056036
260560 FLORES,192.0,1,193.0,260560,Flores,  2 605 608 ,   20 347,20347.0,9.485427827198114
260570 FLORESTA,311.0,6,317.0,260570,Floresta,  2 605 707 ,   30 137,30137.0,10.51863158244019
260580 FREI MIGUELINHO,157.0,-,157.0,260580,Frei Miguelinho,  2 605 806 ,   13 636,13636.0,11.513640363743033
260590 GAMELEIRA,215.0,1,216.0,260590,Gameleira,  2 605 905 ,   18 214,18214.0,11.859009553091028
260600 GARANHUNS,2198.0,221,2419.0,260600,Garanhuns,  2 606 002 ,   142 506,142506.0,16.974723871275593
260610 GLORIA DO GOITA,262.0,9,271.0,260610,Glória do Goitá,  2 606 101 ,   29 347,29347.0,9.234334003475654
260620 GOIANA,1581.0,92,1673.0,260620,Goiana,  2 606 200 ,   81 055,81055.0,20.640305965085435
260630 GRANITO,133.0,2,135.0,260630,Granito,  2 606 309 ,   6 967,6967.0,19.377063298406775
260640 GRAVATA,825.0,173,998.0,260640,Gravatá,  2 606 408 ,   86 516,86516.0,11.535438531601091
260650 IATI,201.0,1,202.0,260650,Iati,  2 606 507 ,   17 165,17165.0,11.768132828429945
260660 IBIMIRIM,324.0,3,327.0,260660,Ibimirim,  2 606 606 ,   26 593,26593.0,12.296468995600346
260670 IBIRAJUBA,106.0,1,107.0,260670,Ibirajuba,  2 606 705 ,   7 140,7140.0,14.985994397759104
260680 IGARASSU,1464.0,75,1539.0,260680,Igarassu,  2 606 804 ,   115 196,115196.0,13.35983888329456
260690 IGUARACY,171.0,-,171.0,260690,Iguaracy,  2 606 903 ,   11 081,11081.0,15.431820232830972
260700 INAJA,211.0,-,211.0,260700,Inajá,  2 607 000 ,   25 603,25603.0,8.2412217318283
260710 INGAZEIRA,111.0,-,111.0,260710,Ingazeira,  2 607 109 ,   4 765,4765.0,23.29485834207765
260720 IPOJUCA,1404.0,119,1523.0,260720,Ipojuca,  2 607 208 ,   98 932,98932.0,15.394412323616223
260730 IPUBI,397.0,7,404.0,260730,Ipubi,  2 607 307 ,   29 009,29009.0,13.926712399600124
260740 ITACURUBA,89.0,-,89.0,260740,Itacuruba,  2 607 406 ,   4 284,4284.0,20.7749766573296
260750 ITAIBA,217.0,7,224.0,260750,Itaíba,  2 607 505 ,   32 650,32650.0,6.860643185298621
260760 ILHA DE ITAMARACA,405.0,2,407.0,260760,Ilha de Itamaracá,  2 607 604 ,   24 540,24540.0,16.58516707416463
260765 ITAMBE,349.0,1,350.0,260765,Itambé,  2 607 653 ,   34 935,34935.0,10.018605982539002
260770 ITAPETIM,196.0,-,196.0,260770,Itapetim,  2 607 703 ,   13 791,13791.0,14.212167355521718
260775 ITAPISSUMA,343.0,3,346.0,260775,Itapissuma,  2 607 752 ,   27 749,27749.0,12.468917798839598
260780 ITAQUITINGA,153.0,1,154.0,260780,Itaquitinga,  2 607 802 ,   16 554,16554.0,9.302887519632716
260790 JABOATAO DOS GUARARAPES,6010.0,1523,7533.0,260790,Jaboatão dos Guararapes,  2 607 901 ,   644 037,644037.0,11.696532963168265
260795 JAQUEIRA,162.0,-,162.0,260795,Jaqueira,  2 607 950 ,   10 247,10247.0,15.809505221040306
260800 JATAUBA,247.0,1,248.0,260800,Jataúba,  2 608 008 ,   15 843,15843.0,15.653600959414254
260805 JATOBA,255.0,6,261.0,260805,Jatobá,  2 608 057 ,   14 020,14020.0,18.61626248216833
260810 JOAO ALFREDO,297.0,4,301.0,260810,João Alfredo,  2 608 107 ,   27 725,27725.0,10.856627592425609
260820 JOAQUIM NABUCO,109.0,-,109.0,260820,Joaquim Nabuco,  2 608 206 ,   13 269,13269.0,8.214635616851307
260825 JUCATI,117.0,-,117.0,260825,Jucati,  2 608 255 ,   11 517,11517.0,10.15889554571503
260830 JUPI,168.0,3,171.0,260830,Jupi,  2 608 305 ,   15 329,15329.0,11.155326505316719
260840 JUREMA,174.0,-,174.0,260840,Jurema,  2 608 404 ,   13 648,13648.0,12.749120750293084
260845 LAGOA DO CARRO,190.0,-,190.0,260845,Lagoa do Carro,  2 608 453 ,   17 981,17981.0,10.566709304265613
260850 LAGOA DE ITAENGA,222.0,2,224.0,260850,Lagoa de Itaenga,  2 608 503 ,   19 003,19003.0,11.787612482239647
260860 LAGOA DO OURO,188.0,2,190.0,260860,Lagoa do Ouro,  2 608 602 ,   11 933,11933.0,15.922232464593982
260870 LAGOA DOS GATOS,136.0,1,137.0,260870,Lagoa dos Gatos,  2 608 701 ,   14 076,14076.0,9.732878658709861
260875 LAGOA GRANDE,298.0,9,307.0,260875,Lagoa Grande,  2 608 750 ,   24 088,24088.0,12.744935237462636
260880 LAJEDO,317.0,22,339.0,260880,Lajedo,  2 608 800 ,   39 582,39582.0,8.564499014703653
260890 LIMOEIRO,1088.0,103,1191.0,260890,Limoeiro,  2 608 909 ,   56 510,56510.0,21.075915767120865
260900 MACAPARANA,318.0,-,318.0,260900,Macaparana,  2 609 006 ,   23 879,23879.0,13.31714058377654
260910 MACHADOS,160.0,-,160.0,260910,Machados,  2 609 105 ,   11 333,11333.0,14.118062295949882
260915 MANARI,254.0,-,254.0,260915,Manari,  2 609 154 ,   23 763,23763.0,10.688886083406977
260920 MARAIAL,102.0,-,102.0,260920,Maraial,  2 609 204 ,   9 359,9359.0,10.898600277807457
260930 MIRANDIBA,187.0,1,188.0,260930,Mirandiba,  2 609 303 ,   14 166,14166.0,13.27121276295355
260940 MORENO,614.0,14,628.0,260940,Moreno,  2 609 402 ,   55 292,55292.0,11.357881791217537
260950 NAZARE DA MATA,416.0,2,418.0,260950,Nazaré da Mata,  2 609 501 ,   30 648,30648.0,13.63873662229183
260960 OLINDA,3320.0,836,4156.0,260960,Olinda,  2 609 600 ,   349 976,349976.0,11.875100006857613
260970 OROBO,183.0,-,183.0,260970,Orobó,  2 609 709 ,   21 808,21808.0,8.391415994130595
260980 OROCO,225.0,1,226.0,260980,Orocó,  2 609 808 ,   13 613,13613.0,16.601777712480718
260990 OURICURI,911.0,16,927.0,260990,Ouricuri,  2 609 907 ,   65 245,65245.0,14.20798528622883
261000 PALMARES,1520.0,12,1532.0,261000,Palmares,  2 610 004 ,   54 584,54584.0,28.066832771508135
261010 PALMEIRINA,86.0,-,86.0,261010,Palmeirina,  2 610 103 ,   7 031,7031.0,12.231546010524818
261020 PANELAS,268.0,-,268.0,261020,Panelas,  2 610 202 ,   22 991,22991.0,11.656735244226002
261030 PARANATAMA,185.0,1,186.0,261030,Paranatama,  2 610 301 ,   12 199,12199.0,15.24715140585294
261040 PARNAMIRIM,257.0,6,263.0,261040,Parnamirim,  2 610 400 ,   18 612,18612.0,14.130668385987533
261050 PASSIRA,239.0,-,239.0,261050,Passira,  2 610 509 ,   28 340,28340.0,8.433309809456599
261060 PAUDALHO,540.0,42,582.0,261060,Paudalho,  2 610 608 ,   56 665,56665.0,10.270890320303538
261070 PAULISTA,3011.0,301,3312.0,261070,Paulista,  2 610 707 ,   342 167,342167.0,9.679483994657579
261080 PEDRA,212.0,1,213.0,261080,Pedra,  2 610 806 ,   22 795,22795.0,9.344154419828909
261090 PESQUEIRA,673.0,43,716.0,261090,Pesqueira,  2 610 905 ,   62 722,62722.0,11.415452313382865
261100 PETROLANDIA,358.0,22,380.0,261100,Petrolândia,  2 611 002 ,   34 161,34161.0,11.123796141799128
261110 PETROLINA,6062.0,1442,7504.0,261110,Petrolina,  2 611 101 ,   386 791,386791.0,19.400658236618742
261120 POCAO,132.0,-,132.0,261120,Poção,  2 611 200 ,   10 500,10500.0,12.571428571428571
261130 POMBOS,198.0,2,200.0,261130,Pombos,  2 611 309 ,   27 552,27552.0,7.259001161440186
261140 PRIMAVERA,122.0,-,122.0,261140,Primavera,  2 611 408 ,   13 838,13838.0,8.816302933949993
261150 QUIPAPA,201.0,2,203.0,261150,Quipapá,  2 611 507 ,   17 928,17928.0,11.323070058009817
261153 QUIXABA,134.0,-,134.0,261153,Quixaba,  2 611 533 ,   6 554,6554.0,20.445529447665546
261160 RECIFE,42213.0,11264,53477.0,261160,Recife,  2 611 606 ,  1 488 920,1488920.0,35.91663756279719
261170 RIACHO DAS ALMAS,256.0,-,256.0,261170,Riacho das Almas,  2 611 705 ,   20 639,20639.0,12.403701729734967
261180 RIBEIRAO,340.0,6,346.0,261180,Ribeirão,  2 611 804 ,   33 507,33507.0,10.326200495418869
261190 RIO FORMOSO,208.0,1,209.0,261190,Rio Formoso,  2 611 903 ,   20 009,20009.0,10.445299615173173
261200 SAIRE,126.0,6,132.0,261200,Sairé,  2 612 000 ,   10 887,10887.0,12.12455221824194
261210 SALGADINHO,100.0,-,100.0,261210,Salgadinho,  2 612 109 ,   5 727,5727.0,17.461148943600488
261220 SALGUEIRO,1238.0,96,1334.0,261220,Salgueiro,  2 612 208 ,   62 372,62372.0,21.387802218944397
261230 SALOA,167.0,2,169.0,261230,Saloá,  2 612 307 ,   13 836,13836.0,12.214512864989882
261240 SANHARO,224.0,-,224.0,261240,Sanharó,  2 612 406 ,   18 624,18624.0,12.027491408934708
261245 SANTA CRUZ,180.0,-,180.0,261245,Santa Cruz,  2 612 455 ,   13 841,13841.0,13.00484069070154
261247 SANTA CRUZ DA BAIXA VERDE,133.0,1,134.0,261247,Santa Cruz da Baixa Verde,  2 612 471 ,   11 567,11567.0,11.584680556756288
261250 SANTA CRUZ DO CAPIBARIBE,800.0,115,915.0,261250,Santa Cruz do Capibaribe,  2 612 505 ,   98 254,98254.0,9.31259796038838
261255 SANTA FILOMENA,122.0,-,122.0,261255,Santa Filomena,  2 612 554 ,   12 106,12106.0,10.077647447546672
261260 SANTA MARIA DA BOA VISTA,363.0,6,369.0,261260,Santa Maria da Boa Vista,  2 612 604 ,   40 578,40578.0,9.093597515895313
261270 SANTA MARIA DO CAMBUCA,129.0,-,129.0,261270,Santa Maria do Cambucá,  2 612 703 ,   14 013,14013.0,9.20573752943695
261280 SANTA TEREZINHA,169.0,-,169.0,261280,Santa Terezinha,  2 612 802 ,   10 244,10244.0,16.497461928934012
261290 SAO BENEDITO DO SUL,107.0,-,107.0,261290,São Benedito do Sul,  2 612 901 ,   13 113,13113.0,8.159841378784412
261300 SAO BENTO DO UNA,414.0,75,489.0,261300,São Bento do Una,  2 613 008 ,   49 449,49449.0,9.888976521264333
261310 SAO CAITANO,264.0,7,271.0,261310,São Caitano,  2 613 107 ,   37 126,37126.0,7.29946668103216
261320 SAO JOAO,232.0,2,234.0,261320,São João,  2 613 206 ,   23 837,23837.0,9.816671561018584
261330 SAO JOAQUIM DO MONTE,221.0,8,229.0,261330,São Joaquim do Monte,  2 613 305 ,   20 037,20037.0,11.428856615261767
261340 SAO JOSE DA COROA GRANDE,199.0,1,200.0,261340,São José da Coroa Grande,  2 613 404 ,   18 825,18825.0,10.624169986719787
261350 SAO JOSE DO BELMONTE,367.0,9,376.0,261350,São José do Belmonte,  2 613 503 ,   34 843,34843.0,10.791263668455644
261360 SAO JOSE DO EGITO,412.0,2,414.0,261360,São José do Egito,  2 613 602 ,   31 004,31004.0,13.353115727002967
261370 SAO LOURENCO DA MATA,839.0,32,871.0,261370,São Lourenço da Mata,  2 613 701 ,   111 249,111249.0,7.829283858731315
261380 SAO VICENTE FERRER,181.0,-,181.0,261380,São Vicente Férrer,  2 613 800 ,   16 677,16677.0,10.853270971997361
261390 SERRA TALHADA,1888.0,122,2010.0,261390,Serra Talhada,  2 613 909 ,   92 228,92228.0,21.793815327232508
261400 SERRITA,216.0,1,217.0,261400,Serrita,  2 614 006 ,   18 207,18207.0,11.918492887351018
261410 SERTANIA,438.0,13,451.0,261410,Sertânia,  2 614 105 ,   32 811,32811.0,13.745390265459754
261420 SIRINHAEM,290.0,-,290.0,261420,Sirinhaém,  2 614 204 ,   37 596,37596.0,7.713586551760826
261430 MOREILANDIA,144.0,-,144.0,261430,Moreilândia,  2 614 303 ,   10 540,10540.0,13.66223908918406
261440 SOLIDAO,97.0,3,100.0,261440,Solidão,  2 614 402 ,   5 210,5210.0,19.193857965451055
261450 SURUBIM,621.0,17,638.0,261450,Surubim,  2 614 501 ,   64 120,64120.0,9.950093574547724
261460 TABIRA,317.0,11,328.0,261460,Tabira,  2 614 600 ,   27 681,27681.0,11.849282901629275
261470 TACAIMBO,103.0,-,103.0,261470,Tacaimbó,  2 614 709 ,   13 738,13738.0,7.497452322026495
261480 TACARATU,245.0,10,255.0,261480,Tacaratu,  2 614 808 ,   23 902,23902.0,10.668563300142246
261485 TAMANDARE,245.0,2,247.0,261485,Tamandaré,  2 614 857 ,   23 561,23561.0,10.483426000594202
261500 TAQUARITINGA DO NORTE,233.0,2,235.0,261500,Taquaritinga do Norte,  2 615 003 ,   24 736,24736.0,9.5003234152652
261510 TEREZINHA,104.0,-,104.0,261510,Terezinha,  2 615 102 ,   6 513,6513.0,15.968063872255488
261520 TERRA NOVA,110.0,-,110.0,261520,Terra Nova,  2 615 201 ,   8 920,8920.0,12.331838565022421
261530 TIMBAUBA,507.0,44,551.0,261530,Timbaúba,  2 615 300 ,   46 147,46147.0,11.940104448826576
261540 TORITAMA,275.0,5,280.0,261540,Toritama,  2 615 409 ,   41 137,41137.0,6.806524539951869
261550 TRACUNHAEM,123.0,-,123.0,261550,Tracunhaém,  2 615 508 ,   13 867,13867.0,8.869979087041177
261560 TRINDADE,276.0,16,292.0,261560,Trindade,  2 615 607 ,   30 321,30321.0,9.63028923848158
261570 TRIUNFO,133.0,3,136.0,261570,Triunfo,  2 615 706 ,   14 705,14705.0,9.248554913294798
261580 TUPANATINGA,236.0,1,237.0,261580,Tupanatinga,  2 615 805 ,   26 937,26937.0,8.798307161153804
261590 TUPARETAMA,113.0,-,113.0,261590,Tuparetama,  2 615 904 ,   8 005,8005.0,14.116177389131794
261600 VENTUROSA,176.0,11,187.0,261600,Venturosa,  2 616 001 ,   17 251,17251.0,10.8399513071706
261610 VERDEJANTE,103.0,-,103.0,261610,Verdejante,  2 616 100 ,   9 169,9169.0,11.23350419893118
261618 VERTENTE DO LERIO,97.0,-,97.0,261618,Vertente do Lério,  2 616 183 ,   7 558,7558.0,12.834083090764754
261620 VERTENTES,187.0,9,196.0,261620,Vertentes,  2 616 209 ,   21 959,21959.0,8.925725215173733
261630 VICENCIA,273.0,-,273.0,261630,Vicência,  2 616 308 ,   26 359,26359.0,10.356993816153876
261640 VITORIA DE SANTO ANTAO,1667.0,298,1965.0,261640,Vitória de Santo Antão,  2 616 407 ,   134 084,134084.0,14.654992392828376
261650 XEXEU,163.0,-,163.0,261650,Xexéu,  2 616 506 ,   11 611,11611.0,14.038411850831107
270010 AGUA BRANCA,305.0,-,305.0,270010,Água Branca,  2 700 102 ,   19 008,19008.0,16.045875420875422
270020 ANADIA,200.0,-,200.0,270020,Anadia,  2 700 201 ,   13 966,13966.0,14.320492624946299
270030 ARAPIRACA,4423.0,418,4841.0,270030,Arapiraca,  2 700 300 ,   234 696,234696.0,20.62668302825783
270040 ATALAIA,490.0,9,499.0,270040,Atalaia,  2 700 409 ,   37 512,37512.0,13.302409895500105
270050 BARRA DE SANTO ANTONIO,227.0,1,228.0,270050,Barra de Santo Antônio,  2 700 508 ,   16 365,16365.0,13.932172318973418
270060 BARRA DE SAO MIGUEL,142.0,6,148.0,270060,Barra de São Miguel,  2 700 607 ,   7 944,7944.0,18.63041289023162
270070 BATALHA,244.0,2,246.0,270070,Batalha,  2 700 706 ,   16 448,16448.0,14.956225680933853
270080 BELEM,83.0,-,83.0,270080,Belém,  2 700 805 ,   4 722,4722.0,17.57729775518848
270090 BELO MONTE,82.0,1,83.0,270090,Belo Monte,  2 700 904 ,   5 936,5936.0,13.982479784366578
270100 BOCA DA MATA,279.0,34,313.0,270100,Boca da Mata,  2 701 001 ,   21 187,21187.0,14.773209987256337
270110 BRANQUINHA,171.0,-,171.0,270110,Branquinha,  2 701 100 ,   9 603,9603.0,17.80693533270853
270120 CACIMBINHAS,143.0,1,144.0,270120,Cacimbinhas,  2 701 209 ,   10 482,10482.0,13.737836290784202
270130 CAJUEIRO,236.0,1,237.0,270130,Cajueiro,  2 701 308 ,   16 024,16024.0,14.790314528207688
270135 CAMPESTRE,97.0,-,97.0,270135,Campestre,  2 701 357 ,   6 665,6665.0,14.553638409602401
270140 CAMPO ALEGRE,507.0,-,507.0,270140,Campo Alegre,  2 701 407 ,   32 106,32106.0,15.791440852177162
270150 CAMPO GRANDE,120.0,-,120.0,270150,Campo Grande,  2 701 506 ,   8 143,8143.0,14.736583568709321
270160 CANAPI,302.0,-,302.0,270160,Canapi,  2 701 605 ,   15 559,15559.0,19.409987788418277
270170 CAPELA,317.0,-,317.0,270170,Capela,  2 701 704 ,   15 032,15032.0,21.088344864289517
270180 CARNEIROS,119.0,-,119.0,270180,Carneiros,  2 701 803 ,   8 999,8999.0,13.223691521280141
270190 CHA PRETA,102.0,1,103.0,270190,Chã Preta,  2 701 902 ,   5 910,5910.0,17.42808798646362
270200 COITE DO NOIA,154.0,-,154.0,270200,Coité do Nóia,  2 702 009 ,   10 810,10810.0,14.246068455134136
270210 COLONIA LEOPOLDINA,234.0,4,238.0,270210,Colônia Leopoldina,  2 702 108 ,   15 816,15816.0,15.048052604957006
270220 COQUEIRO SECO,107.0,-,107.0,270220,Coqueiro Seco,  2 702 207 ,   5 581,5581.0,19.172191363554916
270230 CORURIPE,1140.0,11,1151.0,270230,Coruripe,  2 702 306 ,   50 414,50414.0,22.830959654064344
270235 CRAIBAS,287.0,-,287.0,270235,Craíbas,  2 702 355 ,   25 397,25397.0,11.300547308737253
270240 DELMIRO GOUVEIA,1341.0,36,1377.0,270240,Delmiro Gouveia,  2 702 405 ,   51 318,51318.0,26.83269028411084
270250 DOIS RIACHOS,140.0,1,141.0,270250,Dois Riachos,  2 702 504 ,   9 805,9805.0,14.38041815400306
270255 ESTRELA DE ALAGOAS,184.0,15,199.0,270255,Estrela de Alagoas,  2 702 553 ,   15 429,15429.0,12.897789876207144
270260 FEIRA GRANDE,235.0,5,240.0,270260,Feira Grande,  2 702 603 ,   22 712,22712.0,10.567101091933779
270270 FELIZ DESERTO,71.0,-,71.0,270270,Feliz Deserto,  2 702 702 ,   3 963,3963.0,17.91572041382791
270280 FLEXEIRAS,154.0,1,155.0,270280,Flexeiras,  2 702 801 ,   9 618,9618.0,16.115616552297777
270290 GIRAU DO PONCIANO,393.0,-,393.0,270290,Girau do Ponciano,  2 702 900 ,   36 102,36102.0,10.885823500083097
270300 IBATEGUARA,181.0,-,181.0,270300,Ibateguara,  2 703 007 ,   13 731,13731.0,13.18185128541257
270310 IGACI,248.0,-,248.0,270310,Igaci,  2 703 106 ,   23 995,23995.0,10.335486559699937
270320 IGREJA NOVA,214.0,3,217.0,270320,Igreja Nova,  2 703 205 ,   21 372,21372.0,10.153471832303948
270330 INHAPI,261.0,1,262.0,270330,Inhapi,  2 703 304 ,   15 167,15167.0,17.27434561877761
270340 JACARE DOS HOMENS,87.0,-,87.0,270340,Jacaré dos Homens,  2 703 403 ,   5 083,5083.0,17.115876450914815
270350 JACUIPE,71.0,-,71.0,270350,Jacuípe,  2 703 502 ,   5 352,5352.0,13.266068759342302
270360 JAPARATINGA,101.0,-,101.0,270360,Japaratinga,  2 703 601 ,   9 219,9219.0,10.95563510142098
270370 JARAMATAIA,78.0,-,78.0,270370,Jaramataia,  2 703 700 ,   4 985,4985.0,15.646940822467402
270375 JEQUIA DA PRAIA,168.0,-,168.0,270375,Jequiá da Praia,  2 703 759 ,   9 470,9470.0,17.740232312566
270380 JOAQUIM GOMES,280.0,-,280.0,270380,Joaquim Gomes,  2 703 809 ,   17 150,17150.0,16.3265306122449
270390 JUNDIA,68.0,-,68.0,270390,Jundiá,  2 703 908 ,   4 092,4092.0,16.617790811339198
270400 JUNQUEIRO,411.0,5,416.0,270400,Junqueiro,  2 704 005 ,   23 907,23907.0,17.400761283306142
270410 LAGOA DA CANOA,220.0,-,220.0,270410,Lagoa da Canoa,  2 704 104 ,   18 457,18457.0,11.919596900904805
270420 LIMOEIRO DE ANADIA,425.0,-,425.0,270420,Limoeiro de Anadia,  2 704 203 ,   24 740,24740.0,17.178658043654
270430 MACEIO,20246.0,4201,24447.0,270430,Maceió,  2 704 302 ,   957 916,957916.0,25.521026895886486
270440 MAJOR ISIDORO,277.0,-,277.0,270440,Major Isidoro,  2 704 401 ,   17 700,17700.0,15.649717514124292
270450 MARAGOGI,393.0,11,404.0,270450,Maragogi,  2 704 500 ,   32 174,32174.0,12.556722819668055
270460 MARAVILHA,119.0,-,119.0,270460,Maravilha,  2 704 609 ,   9 534,9534.0,12.481644640234949
270470 MARECHAL DEODORO,644.0,21,665.0,270470,Marechal Deodoro,  2 704 708 ,   60 370,60370.0,11.015405002484679
270480 MARIBONDO,180.0,3,183.0,270480,Maribondo,  2 704 807 ,   13 679,13679.0,13.378170918926822
270490 MAR VERMELHO,44.0,-,44.0,270490,Mar Vermelho,  2 704 906 ,   3 155,3155.0,13.946117274167987
270500 MATA GRANDE,357.0,4,361.0,270500,Mata Grande,  2 705 002 ,   21 844,21844.0,16.52627723860099
270510 MATRIZ DE CAMARAGIBE,340.0,3,343.0,270510,Matriz de Camaragibe,  2 705 101 ,   23 857,23857.0,14.377331600788029
270520 MESSIAS,181.0,4,185.0,270520,Messias,  2 705 200 ,   15 405,15405.0,12.009087958455048
270530 MINADOR DO NEGRAO,75.0,-,75.0,270530,Minador do Negrão,  2 705 309 ,   4 845,4845.0,15.479876160990711
270540 MONTEIROPOLIS,85.0,-,85.0,270540,Monteirópolis,  2 705 408 ,   7 184,7184.0,11.83184855233853
270550 MURICI,276.0,2,278.0,270550,Murici,  2 705 507 ,   25 187,25187.0,11.037439949180133
270560 NOVO LINO,177.0,-,177.0,270560,Novo Lino,  2 705 606 ,   10 020,10020.0,17.664670658682635
270570 OLHO D'AGUA DAS FLORES,206.0,2,208.0,270570,Olho d'Água das Flores,  2 705 705 ,   20 695,20695.0,10.050736892969315
270580 OLHO D'AGUA DO CASADO,90.0,1,91.0,270580,Olho d'Água do Casado,  2 705 804 ,   8 349,8349.0,10.899508923224337
270590 OLHO D'AGUA GRANDE,60.0,-,60.0,270590,Olho d'Água Grande,  2 705 903 ,   4 330,4330.0,13.856812933025404
270600 OLIVENCA,110.0,2,112.0,270600,Olivença,  2 706 000 ,   10 812,10812.0,10.358860525342212
270610 OURO BRANCO,237.0,1,238.0,270610,Ouro Branco,  2 706 109 ,   11 446,11446.0,20.7932902323956
270620 PALESTINA,77.0,-,77.0,270620,Palestina,  2 706 208 ,   4 325,4325.0,17.803468208092486
270630 PALMEIRA DOS INDIOS,1120.0,61,1181.0,270630,Palmeira dos Índios,  2 706 307 ,   71 574,71574.0,16.50040517506357
270640 PAO DE ACUCAR,316.0,4,320.0,270640,Pão de Açúcar,  2 706 406 ,   23 823,23823.0,13.432397263149056
270642 PARICONHA,170.0,-,170.0,270642,Pariconha,  2 706 422 ,   10 573,10573.0,16.07869100539109
270644 PARIPUEIRA,203.0,7,210.0,270644,Paripueira,  2 706 448 ,   13 835,13835.0,15.178894109143478
270650 PASSO DE CAMARAGIBE,195.0,2,197.0,270650,Passo de Camaragibe,  2 706 505 ,   13 804,13804.0,14.27122573167198
270660 PAULO JACINTO,103.0,-,103.0,270660,Paulo Jacinto,  2 706 604 ,   6 576,6576.0,15.663017031630172
270670 PENEDO,968.0,45,1013.0,270670,Penedo,  2 706 703 ,   58 650,58650.0,17.271952259164532
270680 PIACABUCU,271.0,1,272.0,270680,Piaçabuçu,  2 706 802 ,   15 908,15908.0,17.098315313050037
270690 PILAR,482.0,4,486.0,270690,Pilar,  2 706 901 ,   35 370,35370.0,13.740458015267174
270700 PINDOBA,57.0,-,57.0,270700,Pindoba,  2 707 008 ,   2 731,2731.0,20.871475649945072
270710 PIRANHAS,335.0,9,344.0,270710,Piranhas,  2 707 107 ,   22 609,22609.0,15.215179795656598
270720 POCO DAS TRINCHEIRAS,107.0,1,108.0,270720,Poço das Trincheiras,  2 707 206 ,   12 518,12518.0,8.627576290142194
270730 PORTO CALVO,955.0,1,956.0,270730,Porto Calvo,  2 707 305 ,   24 071,24071.0,39.715840638112255
270740 PORTO DE PEDRAS,135.0,-,135.0,270740,Porto de Pedras,  2 707 404 ,   9 295,9295.0,14.523937600860679
270750 PORTO REAL DO COLEGIO,243.0,3,246.0,270750,Porto Real do Colégio,  2 707 503 ,   20 082,20082.0,12.249775918733194
270760 QUEBRANGULO,155.0,2,157.0,270760,Quebrangulo,  2 707 602 ,   11 080,11080.0,14.169675090252708
270770 RIO LARGO,766.0,39,805.0,270770,Rio Largo,  2 707 701 ,   93 927,93927.0,8.570485589872986
270780 ROTEIRO,87.0,-,87.0,270780,Roteiro,  2 707 800 ,   6 474,6474.0,13.438368860055608
270790 SANTA LUZIA DO NORTE,101.0,-,101.0,270790,Santa Luzia do Norte,  2 707 909 ,   6 919,6919.0,14.59748518572048
270800 SANTANA DO IPANEMA,931.0,28,959.0,270800,Santana do Ipanema,  2 708 006 ,   46 220,46220.0,20.748593682388574
270810 SANTANA DO MUNDAU,156.0,3,159.0,270810,Santana do Mundaú,  2 708 105 ,   11 323,11323.0,14.04221496069946
270820 SAO BRAS,105.0,-,105.0,270820,São Brás,  2 708 204 ,   6 555,6555.0,16.018306636155607
270830 SAO JOSE DA LAJE,402.0,-,402.0,270830,São José da Laje,  2 708 303 ,   20 813,20813.0,19.314851294863786
270840 SAO JOSE DA TAPERA,412.0,-,412.0,270840,São José da Tapera,  2 708 402 ,   30 604,30604.0,13.462292510782904
270850 SAO LUIS DO QUITUNDE,342.0,-,342.0,270850,São Luís do Quitunde,  2 708 501 ,   30 873,30873.0,11.077640656884656
270860 SAO MIGUEL DOS CAMPOS,1153.0,36,1189.0,270860,São Miguel dos Campos,  2 708 600 ,   51 990,51990.0,22.869782650509713
270870 SAO MIGUEL DOS MILAGRES,109.0,-,109.0,270870,São Miguel dos Milagres,  2 708 709 ,   8 482,8482.0,12.85074274935157
270880 SAO SEBASTIAO,393.0,7,400.0,270880,São Sebastião,  2 708 808 ,   31 786,31786.0,12.584156546907444
270890 SATUBA,197.0,3,200.0,270890,Satuba,  2 708 907 ,   24 278,24278.0,8.237910865804432
270895 SENADOR RUI PALMEIRA,132.0,-,132.0,270895,Senador Rui Palmeira,  2 708 956 ,   12 303,12303.0,10.729090465740063
270900 TANQUE D'ARCA,71.0,-,71.0,270900,Tanque d'Arca,  2 709 004 ,   5 796,5796.0,12.249827467218772
270910 TAQUARANA,262.0,-,262.0,270910,Taquarana,  2 709 103 ,   19 032,19032.0,13.766288356452291
270915 TEOTONIO VILELA,466.0,10,476.0,270915,Teotônio Vilela,  2 709 152 ,   38 053,38053.0,12.508869208735186
270920 TRAIPU,270.0,-,270.0,270920,Traipu,  2 709 202 ,   23 565,23565.0,11.457670273711011
270930 UNIAO DOS PALMARES,1216.0,21,1237.0,270930,União dos Palmares,  2 709 301 ,   59 280,59280.0,20.867071524966263
270940 VICOSA,300.0,11,311.0,270940,Viçosa,  2 709 400 ,   24 092,24092.0,12.908849410592728
280010 AMPARO DE SAO FRANCISCO,49.0,-,49.0,280010,Amparo do São Francisco,  2 800 100 ,   2 170,2170.0,22.58064516129032
280020 AQUIDABA,238.0,18,256.0,280020,Aquidabã,  2 800 209 ,   20 131,20131.0,12.71670557846108
280030 ARACAJU,17042.0,5468,22510.0,280030,Aracaju,  2 800 308 ,   602 757,602757.0,37.345066087992336
280040 ARAUA,150.0,-,150.0,280040,Arauá,  2 800 407 ,   10 318,10318.0,14.537701104865283
280050 AREIA BRANCA,229.0,3,232.0,280050,Areia Branca,  2 800 506 ,   18 081,18081.0,12.83114871965046
280060 BARRA DOS COQUEIROS,568.0,28,596.0,280060,Barra dos Coqueiros,  2 800 605 ,   41 511,41511.0,14.357640143576402
280067 BOQUIM,329.0,4,333.0,280067,Boquim,  2 800 670 ,   24 636,24636.0,13.51680467608378
280070 BREJO GRANDE,125.0,-,125.0,280070,Brejo Grande,  2 800 704 ,   7 841,7841.0,15.941844152531564
280100 CAMPO DO BRITO,233.0,9,242.0,280100,Campo do Brito,  2 801 009 ,   18 149,18149.0,13.334067992726872
280110 CANHOBA,79.0,-,79.0,280110,Canhoba,  2 801 108 ,   3 791,3791.0,20.838828805064626
280120 CANINDE DE SAO FRANCISCO,489.0,3,492.0,280120,Canindé de São Francisco,  2 801 207 ,   26 834,26834.0,18.33494820004472
280130 CAPELA,581.0,2,583.0,280130,Capela,  2 801 306 ,   31 645,31645.0,18.423131616369094
280140 CARIRA,232.0,4,236.0,280140,Carira,  2 801 405 ,   19 939,19939.0,11.83610010532123
280150 CARMOPOLIS,266.0,8,274.0,280150,Carmópolis,  2 801 504 ,   13 853,13853.0,19.77910921821988
280160 CEDRO DE SAO JOAO,118.0,-,118.0,280160,Cedro de São João,  2 801 603 ,   5 391,5391.0,21.88833240586162
280170 CRISTINAPOLIS,276.0,-,276.0,280170,Cristinápolis,  2 801 702 ,   17 100,17100.0,16.140350877192983
280190 CUMBE,59.0,-,59.0,280190,Cumbe,  2 801 900 ,   3 824,3824.0,15.42887029288703
280200 DIVINA PASTORA,124.0,-,124.0,280200,Divina Pastora,  2 802 007 ,   4 340,4340.0,28.57142857142857
280210 ESTANCIA,1235.0,65,1300.0,280210,Estância,  2 802 106 ,   65 078,65078.0,19.97602876548142
280220 FEIRA NOVA,63.0,-,63.0,280220,Feira Nova,  2 802 205 ,   5 975,5975.0,10.543933054393307
280230 FREI PAULO,161.0,-,161.0,280230,Frei Paulo,  2 802 304 ,   14 530,14530.0,11.080523055746731
280240 GARARU,108.0,2,110.0,280240,Gararu,  2 802 403 ,   11 096,11096.0,9.913482335976928
280250 GENERAL MAYNARD,78.0,1,79.0,280250,General Maynard,  2 802 502 ,   3 037,3037.0,26.01251234771156
280260 GRACHO CARDOSO,76.0,-,76.0,280260,Gracho Cardoso,  2 802 601 ,   5 834,5834.0,13.027082619129242
280270 ILHA DAS FLORES,95.0,1,96.0,280270,Ilha das Flores,  2 802 700 ,   8 321,8321.0,11.537074870808796
280280 INDIAROBA,214.0,2,216.0,280280,Indiaroba,  2 802 809 ,   16 549,16549.0,13.05214816605233
280290 ITABAIANA,1516.0,188,1704.0,280290,Itabaiana,  2 802 908 ,   103 440,103440.0,16.473317865429234
280300 ITABAIANINHA,344.0,4,348.0,280300,Itabaianinha,  2 803 005 ,   40 678,40678.0,8.554992870839275
280310 ITABI,68.0,3,71.0,280310,Itabi,  2 803 104 ,   4 745,4745.0,14.963119072708114
280320 ITAPORANGA D'AJUDA,374.0,43,417.0,280320,Itaporanga d'Ajuda,  2 803 203 ,   34 411,34411.0,12.11821801168231
280330 JAPARATUBA,232.0,2,234.0,280330,Japaratuba,  2 803 302 ,   16 209,16209.0,14.436424208772904
280340 JAPOATA,146.0,-,146.0,280340,Japoatã,  2 803 401 ,   13 407,13407.0,10.889833668978891
280350 LAGARTO,2161.0,45,2206.0,280350,Lagarto,  2 803 500 ,   101 579,101579.0,21.717087193219072
280360 LARANJEIRAS,263.0,-,263.0,280360,Laranjeiras,  2 803 609 ,   23 975,23975.0,10.969760166840459
280370 MACAMBIRA,104.0,-,104.0,280370,Macambira,  2 803 708 ,   6 838,6838.0,15.209125475285171
280380 MALHADA DOS BOIS,53.0,-,53.0,280380,Malhada dos Bois,  2 803 807 ,   3 579,3579.0,14.808605755797709
280390 MALHADOR,98.0,-,98.0,280390,Malhador,  2 803 906 ,   11 533,11533.0,8.497355414896385
280400 MARUIM,134.0,1,135.0,280400,Maruim,  2 804 003 ,   15 719,15719.0,8.588332591131751
280410 MOITA BONITA,129.0,-,129.0,280410,Moita Bonita,  2 804 102 ,   11 050,11050.0,11.67420814479638
280420 MONTE ALEGRE DE SERGIPE,171.0,-,171.0,280420,Monte Alegre de Sergipe,  2 804 201 ,   14 336,14336.0,11.928013392857142
280430 MURIBECA,91.0,-,91.0,280430,Muribeca,  2 804 300 ,   7 822,7822.0,11.633853234466889
280440 NEOPOLIS,344.0,11,355.0,280440,Neópolis,  2 804 409 ,   16 426,16426.0,21.612078412273227
280445 NOSSA SENHORA APARECIDA,97.0,-,97.0,280445,Nossa Senhora Aparecida,  2 804 458 ,   9 232,9232.0,10.506932409012132
280450 NOSSA SENHORA DA GLORIA,593.0,32,625.0,280450,Nossa Senhora da Glória,  2 804 508 ,   41 212,41212.0,15.165485780840532
280460 NOSSA SENHORA DAS DORES,377.0,8,385.0,280460,Nossa Senhora das Dores,  2 804 607 ,   24 996,24996.0,15.402464394303088
280470 NOSSA SENHORA DE LOURDES,56.0,-,56.0,280470,Nossa Senhora de Lourdes,  2 804 706 ,   6 268,6268.0,8.934269304403319
280480 NOSSA SENHORA DO SOCORRO,1881.0,84,1965.0,280480,Nossa Senhora do Socorro,  2 804 805 ,   192 330,192330.0,10.21681484947746
280490 PACATUBA,170.0,-,170.0,280490,Pacatuba,  2 804 904 ,   12 502,12502.0,13.597824348104304
280500 PEDRA MOLE,59.0,-,59.0,280500,Pedra Mole,  2 805 000 ,   2 778,2778.0,21.23830093592513
280510 PEDRINHAS,87.0,-,87.0,280510,Pedrinhas,  2 805 109 ,   7 396,7396.0,11.763115197404002
280520 PINHAO,93.0,-,93.0,280520,Pinhão,  2 805 208 ,   5 677,5677.0,16.381891844283956
280530 PIRAMBU,77.0,1,78.0,280530,Pirambu,  2 805 307 ,   7 913,7913.0,9.85719701756603
280540 POCO REDONDO,260.0,-,260.0,280540,Poço Redondo,  2 805 406 ,   33 439,33439.0,7.775352133736057
280550 POCO VERDE,252.0,3,255.0,280550,Poço Verde,  2 805 505 ,   21 794,21794.0,11.700468018720748
280560 PORTO DA FOLHA,327.0,1,328.0,280560,Porto da Folha,  2 805 604 ,   26 576,26576.0,12.341962673088501
280570 PROPRIA,659.0,42,701.0,280570,Propriá,  2 805 703 ,   26 618,26618.0,26.335562401382525
280580 RIACHAO DO DANTAS,193.0,-,193.0,280580,Riachão do Dantas,  2 805 802 ,   18 313,18313.0,10.538961393545568
280590 RIACHUELO,131.0,-,131.0,280590,Riachuelo,  2 805 901 ,   8 748,8748.0,14.974851394604482
280600 RIBEIROPOLIS,213.0,11,224.0,280600,Ribeirópolis,  2 806 008 ,   17 033,17033.0,13.150942288498797
280610 ROSARIO DO CATETE,154.0,3,157.0,280610,Rosário do Catete,  2 806 107 ,   9 295,9295.0,16.890801506186122
280620 SALGADO,203.0,-,203.0,280620,Salgado,  2 806 206 ,   20 279,20279.0,10.010355540214015
280630 SANTA LUZIA DO ITANHY,143.0,2,145.0,280630,Santa Luzia do Itanhy,  2 806 305 ,   13 616,13616.0,10.649236192714453
280640 SANTANA DO SAO FRANCISCO,113.0,-,113.0,280640,Santana do São Francisco,  2 806 404 ,   7 346,7346.0,15.382521099918323
280650 SANTA ROSA DE LIMA,53.0,-,53.0,280650,Santa Rosa de Lima,  2 806 503 ,   3 937,3937.0,13.462026924053848
280660 SANTO AMARO DAS BROTAS,168.0,-,168.0,280660,Santo Amaro das Brotas,  2 806 602 ,   11 092,11092.0,15.146051208077894
280670 SAO CRISTOVAO,689.0,65,754.0,280670,São Cristóvão,  2 806 701 ,   95 612,95612.0,7.886039409279171
280680 SAO DOMINGOS,128.0,-,128.0,280680,São Domingos,  2 806 800 ,   10 327,10327.0,12.394693521835963
280690 SAO FRANCISCO,87.0,-,87.0,280690,São Francisco,  2 806 909 ,   3 243,3243.0,26.82701202590194
280700 SAO MIGUEL DO ALEIXO,48.0,-,48.0,280700,São Miguel do Aleixo,  2 807 006 ,   3 434,3434.0,13.977868375072802
280710 SIMAO DIAS,523.0,16,539.0,280710,Simão Dias,  2 807 105 ,   42 578,42578.0,12.659119733195547
280720 SIRIRI,106.0,2,108.0,280720,Siriri,  2 807 204 ,   7 834,7834.0,13.786060760786317
280730 TELHA,46.0,-,46.0,280730,Telha,  2 807 303 ,   3 274,3274.0,14.050091631032377
280740 TOBIAS BARRETO,550.0,17,567.0,280740,Tobias Barreto,  2 807 402 ,   50 905,50905.0,11.138395049602199
280750 TOMAR DO GERU,145.0,-,145.0,280750,Tomar do Geru,  2 807 501 ,   12 012,12012.0,12.071262071262073
280760 UMBAUBA,228.0,2,230.0,280760,Umbaúba,  2 807 600 ,   23 917,23917.0,9.61659070953715
290010 ABAIRA,135.0,1,136.0,290010,Abaíra,  2 900 108 ,   7 301,7301.0,18.627585262292836
290020 ABARE,264.0,2,266.0,290020,Abaré,  2 900 207 ,   17 639,17639.0,15.080219967118317
290030 ACAJUTIBA,175.0,3,178.0,290030,Acajutiba,  2 900 306 ,   13 795,13795.0,12.903225806451612
290035 ADUSTINA,209.0,16,225.0,290035,Adustina,  2 900 355 ,   14 201,14201.0,15.843954651080908
290040 AGUA FRIA,166.0,-,166.0,290040,Água Fria,  2 900 405 ,   14 497,14497.0,11.45064496102642
290050 ERICO CARDOSO,184.0,12,196.0,290050,Érico Cardoso,  2 900 504 ,   10 604,10604.0,18.48359109769898
290060 AIQUARA,84.0,-,84.0,290060,Aiquara,  2 900 603 ,   4 447,4447.0,18.889138745221498
290070 ALAGOINHAS,2203.0,1155,3358.0,290070,Alagoinhas,  2 900 702 ,   151 055,151055.0,22.230313461984046
290080 ALCOBACA,317.0,6,323.0,290080,Alcobaça,  2 900 801 ,   24 530,24530.0,13.167549938850387
290090 ALMADINA,75.0,-,75.0,290090,Almadina,  2 900 900 ,   5 218,5218.0,14.373323112303565
290100 AMARGOSA,542.0,134,676.0,290100,Amargosa,  2 901 007 ,   36 521,36521.0,18.509898414610774
290110 AMELIA RODRIGUES,314.0,4,318.0,290110,Amélia Rodrigues,  2 901 106 ,   24 138,24138.0,13.174248073576932
290115 AMERICA DOURADA,219.0,-,219.0,290115,América Dourada,  2 901 155 ,   15 137,15137.0,14.467860210081257
290120 ANAGE,240.0,1,241.0,290120,Anagé,  2 901 205 ,   25 438,25438.0,9.474015252771444
290130 ANDARAI,172.0,4,176.0,290130,Andaraí,  2 901 304 ,   13 080,13080.0,13.45565749235474
290135 ANDORINHA,171.0,4,175.0,290135,Andorinha,  2 901 353 ,   15 012,15012.0,11.657340794031441
290140 ANGICAL,187.0,13,200.0,290140,Angical,  2 901 403 ,   13 732,13732.0,14.564520827264783
290150 ANGUERA,137.0,-,137.0,290150,Anguera,  2 901 502 ,   11 031,11031.0,12.419544918865016
290160 ANTAS,264.0,7,271.0,290160,Antas,  2 901 601 ,   14 206,14206.0,19.076446571871042
290170 ANTONIO CARDOSO,152.0,-,152.0,290170,Antônio Cardoso,  2 901 700 ,   11 146,11146.0,13.637179257132605
290180 ANTONIO GONCALVES,155.0,-,155.0,290180,Antônio Gonçalves,  2 901 809 ,   10 862,10862.0,14.269931872583317
290190 APORA,208.0,-,208.0,290190,Aporá,  2 901 908 ,   15 922,15922.0,13.063685466649918
290195 APUAREMA,110.0,-,110.0,290195,Apuarema,  2 901 957 ,   6 913,6913.0,15.912049761319254
290200 ARACATU,244.0,46,290.0,290200,Aracatu,  2 902 005 ,   13 936,13936.0,20.809414466130885
290205 ARACAS,147.0,7,154.0,290205,Araçás,  2 902 054 ,   11 557,11557.0,13.325257419745608
290210 ARACI,542.0,9,551.0,290210,Araci,  2 902 104 ,   48 294,48294.0,11.409284797283306
290220 ARAMARI,101.0,2,103.0,290220,Aramari,  2 902 203 ,   9 833,9833.0,10.474931353605207
290225 ARATACA,96.0,-,96.0,290225,Arataca,  2 902 252 ,   10 191,10191.0,9.420076538121872
290230 ARATUIPE,101.0,-,101.0,290230,Aratuípe,  2 902 302 ,   8 677,8677.0,11.63996773078253
290240 AURELINO LEAL,183.0,-,183.0,290240,Aurelino Leal,  2 902 401 ,   11 179,11179.0,16.36997942570892
290250 BAIANOPOLIS,171.0,2,173.0,290250,Baianópolis,  2 902 500 ,   13 614,13614.0,12.707506978110768
290260 BAIXA GRANDE,186.0,9,195.0,290260,Baixa Grande,  2 902 609 ,   18 220,18220.0,10.702524698133919
290265 BANZAE,174.0,2,176.0,290265,Banzaê,  2 902 658 ,   11 958,11958.0,14.718180297708647
290270 BARRA,498.0,2,500.0,290270,Barra,  2 902 708 ,   51 092,51092.0,9.786267908870274
290280 BARRA DA ESTIVA,248.0,12,260.0,290280,Barra da Estiva,  2 902 807 ,   26 026,26026.0,9.99000999000999
290290 BARRA DO CHOCA,509.0,18,527.0,290290,Barra do Choça,  2 902 906 ,   36 539,36539.0,14.422945346068584
290300 BARRA DO MENDES,249.0,4,253.0,290300,Barra do Mendes,  2 903 003 ,   13 836,13836.0,18.285631685458224
290310 BARRA DO ROCHA,114.0,-,114.0,290310,Barra do Rocha,  2 903 102 ,   5 775,5775.0,19.74025974025974
290320 BARREIRAS,3401.0,304,3705.0,290320,Barreiras,  2 903 201 ,   159 734,159734.0,23.194811373909126
290323 BARRO ALTO,156.0,-,156.0,290323,Barro Alto,  2 903 235 ,   13 453,13453.0,11.595926559131792
290327 BARROCAS,211.0,6,217.0,290327,Barrocas,  2 903 276 ,   15 203,15203.0,14.273498651581924
290330 BARRO PRETO,115.0,2,117.0,290330,Barro Preto,  2 903 300 ,   5 833,5833.0,20.05828904508829
290340 BELMONTE,216.0,7,223.0,290340,Belmonte,  2 903 409 ,   20 121,20121.0,11.082948163610158
290350 BELO CAMPO,302.0,3,305.0,290350,Belo Campo,  2 903 508 ,   18 412,18412.0,16.565283510753854
290360 BIRITINGA,207.0,1,208.0,290360,Biritinga,  2 903 607 ,   15 146,15146.0,13.73299881156741
290370 BOA NOVA,142.0,-,142.0,290370,Boa Nova,  2 903 706 ,   13 690,13690.0,10.372534696859022
290380 BOA VISTA DO TUPIM,258.0,-,258.0,290380,Boa Vista do Tupim,  2 903 805 ,   16 873,16873.0,15.290701120132756
290390 BOM JESUS DA LAPA,1220.0,75,1295.0,290390,Bom Jesus da Lapa,  2 903 904 ,   65 550,65550.0,19.75591151792525
290395 BOM JESUS DA SERRA,117.0,2,119.0,290395,Bom Jesus da Serra,  2 903 953 ,   9 730,9730.0,12.23021582733813
290400 BONINAL,144.0,-,144.0,290400,Boninal,  2 904 001 ,   13 622,13622.0,10.571134928791661
290405 BONITO,269.0,2,271.0,290405,Bonito,  2 904 050 ,   15 844,15844.0,17.1042665993436
290410 BOQUIRA,342.0,23,365.0,290410,Boquira,  2 904 100 ,   19 322,19322.0,18.890384018217578
290420 BOTUPORA,229.0,20,249.0,290420,Botuporã,  2 904 209 ,   11 024,11024.0,22.587082728592165
290430 BREJOES,189.0,6,195.0,290430,Brejões,  2 904 308 ,   12 943,12943.0,15.066058873522367
290440 BREJOLANDIA,154.0,-,154.0,290440,Brejolândia,  2 904 407 ,   9 108,9108.0,16.908212560386474
290450 BROTAS DE MACAUBAS,158.0,13,171.0,290450,Brotas de Macaúbas,  2 904 506 ,   11 765,11765.0,14.534636634084148
290460 BRUMADO,1001.0,153,1154.0,290460,Brumado,  2 904 605 ,   70 510,70510.0,16.36647284073181
290470 BUERAREMA,186.0,-,186.0,290470,Buerarema,  2 904 704 ,   14 804,14804.0,12.564171845447177
290475 BURITIRAMA,257.0,1,258.0,290475,Buritirama,  2 904 753 ,   19 589,19589.0,13.170657001378325
290480 CAATIBA,138.0,1,139.0,290480,Caatiba,  2 904 803 ,   6 205,6205.0,22.401289282836423
290485 CABACEIRAS DO PARAGUACU,245.0,1,246.0,290485,Cabaceiras do Paraguaçu,  2 904 852 ,   16 559,16559.0,14.855969563379432
290490 CACHOEIRA,398.0,50,448.0,290490,Cachoeira,  2 904 902 ,   29 250,29250.0,15.316239316239317
290500 CACULE,260.0,82,342.0,290500,Caculé,  2 905 008 ,   22 462,22462.0,15.22571454011219
290510 CAEM,124.0,-,124.0,290510,Caém,  2 905 107 ,   10 384,10384.0,11.941448382126348
290515 CAETANOS,129.0,4,133.0,290515,Caetanos,  2 905 156 ,   11 266,11266.0,11.80543227409906
290520 CAETITE,1026.0,135,1161.0,290520,Caetité,  2 905 206 ,   52 012,52012.0,22.321771898792587
290530 CAFARNAUM,219.0,5,224.0,290530,Cafarnaum,  2 905 305 ,   17 466,17466.0,12.824916981564181
290540 CAIRU,246.0,-,246.0,290540,Cairu,  2 905 404 ,   17 761,17761.0,13.85057147683126
290550 CALDEIRAO GRANDE,130.0,-,130.0,290550,Caldeirão Grande,  2 905 503 ,   13 080,13080.0,9.938837920489297
290560 CAMACAN,416.0,18,434.0,290560,Camacan,  2 905 602 ,   22 579,22579.0,19.221400416316047
290570 CAMACARI,4240.0,2080,6320.0,290570,Camaçari,  2 905 701 ,   300 372,300372.0,21.0405763519902
290580 CAMAMU,279.0,15,294.0,290580,Camamu,  2 905 800 ,   30 469,30469.0,9.649151596704847
290590 CAMPO ALEGRE DE LOURDES,326.0,8,334.0,290590,Campo Alegre de Lourdes,  2 905 909 ,   30 671,30671.0,10.889765576603306
290600 CAMPO FORMOSO,872.0,56,928.0,290600,Campo Formoso,  2 906 006 ,   71 377,71377.0,13.001387001415022
290610 CANAPOLIS,131.0,-,131.0,290610,Canápolis,  2 906 105 ,   10 225,10225.0,12.811735941320293
290620 CANARANA,254.0,18,272.0,290620,Canarana,  2 906 204 ,   24 206,24206.0,11.236883417334544
290630 CANAVIEIRAS,323.0,28,351.0,290630,Canavieiras,  2 906 303 ,   32 683,32683.0,10.73952819508613
290640 CANDEAL,112.0,2,114.0,290640,Candeal,  2 906 402 ,   7 772,7772.0,14.668039114770973
290650 CANDEIAS,837.0,187,1024.0,290650,Candeias,  2 906 501 ,   72 382,72382.0,14.14716365947335
290660 CANDIBA,127.0,9,136.0,290660,Candiba,  2 906 600 ,   13 016,13016.0,10.448678549477565
290670 CANDIDO SALES,335.0,1,336.0,290670,Cândido Sales,  2 906 709 ,   25 247,25247.0,13.308511902404245
290680 CANSANCAO,356.0,23,379.0,290680,Cansanção,  2 906 808 ,   37 439,37439.0,10.123133630705949
290682 CANUDOS,208.0,-,208.0,290682,Canudos,  2 906 824 ,   16 105,16105.0,12.915243713132567
290685 CAPELA DO ALTO ALEGRE,118.0,10,128.0,290685,Capela do Alto Alegre,  2 906 857 ,   10 744,10744.0,11.913626209977663
290687 CAPIM GROSSO,411.0,46,457.0,290687,Capim Grosso,  2 906 873 ,   33 235,33235.0,13.75056416428464
290689 CARAIBAS,102.0,-,102.0,290689,Caraíbas,  2 906 899 ,   9 940,9940.0,10.261569416498993
290690 CARAVELAS,286.0,5,291.0,290690,Caravelas,  2 906 907 ,   20 580,20580.0,14.1399416909621
290700 CARDEAL DA SILVA,144.0,4,148.0,290700,Cardeal da Silva,  2 907 004 ,   8 365,8365.0,17.692767483562463
290710 CARINHANHA,272.0,11,283.0,290710,Carinhanha,  2 907 103 ,   28 869,28869.0,9.802902767674668
290720 CASA NOVA,585.0,12,597.0,290720,Casa Nova,  2 907 202 ,   72 086,72086.0,8.28177454706878
290730 CASTRO ALVES,417.0,44,461.0,290730,Castro Alves,  2 907 301 ,   24 712,24712.0,18.654904499838135
290740 CATOLANDIA,64.0,-,64.0,290740,Catolândia,  2 907 400 ,   3 434,3434.0,18.637157833430404
290750 CATU,624.0,286,910.0,290750,Catu,  2 907 509 ,   48 148,48148.0,18.90005815402509
290755 CATURAMA,152.0,4,156.0,290755,Caturama,  2 907 558 ,   8 841,8841.0,17.645062775704105
290760 CENTRAL,176.0,-,176.0,290760,Central,  2 907 608 ,   16 348,16348.0,10.765842916564718
290770 CHORROCHO,182.0,3,185.0,290770,Chorrochó,  2 907 707 ,   10 579,10579.0,17.487475186690613
290780 CICERO DANTAS,372.0,25,397.0,290780,Cícero Dantas,  2 907 806 ,   30 907,30907.0,12.844986572621089
290790 CIPO,159.0,8,167.0,290790,Cipó,  2 907 905 ,   17 230,17230.0,9.692396982008125
290800 COARACI,266.0,5,271.0,290800,Coaraci,  2 908 002 ,   17 333,17333.0,15.634916056078001
290810 COCOS,218.0,-,218.0,290810,Cocos,  2 908 101 ,   19 151,19151.0,11.383217586549005
290820 CONCEICAO DA FEIRA,240.0,35,275.0,290820,Conceição da Feira,  2 908 200 ,   20 800,20800.0,13.221153846153847
290830 CONCEICAO DO ALMEIDA,333.0,14,347.0,290830,Conceição do Almeida,  2 908 309 ,   15 794,15794.0,21.970368494364948
290840 CONCEICAO DO COITE,689.0,135,824.0,290840,Conceição do Coité,  2 908 408 ,   67 825,67825.0,12.148912642830814
290850 CONCEICAO DO JACUIPE,557.0,50,607.0,290850,Conceição do Jacuípe,  2 908 507 ,   35 308,35308.0,17.19157131528266
290860 CONDE,251.0,10,261.0,290860,Conde,  2 908 606 ,   23 654,23654.0,11.034074575124714
290870 CONDEUBA,284.0,15,299.0,290870,Condeúba,  2 908 705 ,   17 053,17053.0,17.53357180554741
290880 CONTENDAS DO SINCORA,94.0,-,94.0,290880,Contendas do Sincorá,  2 908 804 ,   4 333,4333.0,21.693976459727672
290890 CORACAO DE MARIA,262.0,2,264.0,290890,Coração de Maria,  2 908 903 ,   26 692,26692.0,9.890603926270042
290900 CORDEIROS,134.0,7,141.0,290900,Cordeiros,  2 909 000 ,   7 546,7546.0,18.685396236416643
290910 CORIBE,247.0,5,252.0,290910,Coribe,  2 909 109 ,   13 990,13990.0,18.01286633309507
290920 CORONEL JOAO SA,176.0,-,176.0,290920,Coronel João Sá,  2 909 208 ,   17 056,17056.0,10.318949343339586
290930 CORRENTINA,391.0,18,409.0,290930,Correntina,  2 909 307 ,   32 457,32457.0,12.601287857781065
290940 COTEGIPE,135.0,-,135.0,290940,Cotegipe,  2 909 406 ,   13 063,13063.0,10.334532649467963
290950 CRAVOLANDIA,78.0,-,78.0,290950,Cravolândia,  2 909 505 ,   4 415,4415.0,17.667044167610417
290960 CRISOPOLIS,251.0,-,251.0,290960,Crisópolis,  2 909 604 ,   19 729,19729.0,12.72238836230929
290970 CRISTOPOLIS,202.0,1,203.0,290970,Cristópolis,  2 909 703 ,   13 993,13993.0,14.507253626813407
290980 CRUZ DAS ALMAS,800.0,212,1012.0,290980,Cruz das Almas,  2 909 802 ,   60 348,60348.0,16.76940412275469
290990 CURACA,411.0,5,416.0,290990,Curaçá,  2 909 901 ,   34 180,34180.0,12.170860152135752
291000 DARIO MEIRA,154.0,-,154.0,291000,Dário Meira,  2 910 008 ,   10 820,10820.0,14.232902033271719
291005 DIAS D'AVILA,671.0,227,898.0,291005,Dias d'Ávila,  2 910 057 ,   71 485,71485.0,12.562075959991606
291010 DOM BASILIO,224.0,6,230.0,291010,Dom Basílio,  2 910 107 ,   11 884,11884.0,19.353752945136318
291020 DOM MACEDO COSTA,58.0,-,58.0,291020,Dom Macedo Costa,  2 910 206 ,   4 407,4407.0,13.160880417517586
291030 ELISIO MEDRADO,113.0,-,113.0,291030,Elísio Medrado,  2 910 305 ,   7 808,7808.0,14.47233606557377
291040 ENCRUZILHADA,284.0,3,287.0,291040,Encruzilhada,  2 910 404 ,   19 107,19107.0,15.020673051761136
291050 ENTRE RIOS,458.0,38,496.0,291050,Entre Rios,  2 910 503 ,   38 098,38098.0,13.019056118431413
291060 ESPLANADA,481.0,23,504.0,291060,Esplanada,  2 910 602 ,   32 554,32554.0,15.48196842169933
291070 EUCLIDES DA CUNHA,671.0,70,741.0,291070,Euclides da Cunha,  2 910 701 ,   61 456,61456.0,12.057406925279874
291072 EUNAPOLIS,1399.0,458,1857.0,291072,Eunápolis,  2 910 727 ,   113 710,113710.0,16.331017500659573
291075 FATIMA,232.0,-,232.0,291075,Fátima,  2 910 750 ,   17 895,17895.0,12.964515227717241
291077 FEIRA DA MATA,80.0,-,80.0,291077,Feira da Mata,  2 910 776 ,   5 631,5631.0,14.207068016338129
291080 FEIRA DE SANTANA,10138.0,1321,11459.0,291080,Feira de Santana,  2 910 800 ,   616 272,616272.0,18.59406236207389
291085 FILADELFIA,261.0,2,263.0,291085,Filadélfia,  2 910 859 ,   17 897,17897.0,14.695200312901605
291090 FIRMINO ALVES,73.0,-,73.0,291090,Firmino Alves,  2 910 909 ,   4 873,4873.0,14.980504822491278
291100 FLORESTA AZUL,119.0,1,120.0,291100,Floresta Azul,  2 911 006 ,   11 059,11059.0,10.850890677276427
291110 FORMOSA DO RIO PRETO,399.0,1,400.0,291110,Formosa do Rio Preto,  2 911 105 ,   25 899,25899.0,15.444611761071855
291120 GANDU,477.0,221,698.0,291120,Gandu,  2 911 204 ,   32 178,32178.0,21.69183914475729
291125 GAVIAO,63.0,-,63.0,291125,Gavião,  2 911 253 ,   4 360,4360.0,14.44954128440367
291130 GENTIO DO OURO,171.0,4,175.0,291130,Gentio do Ouro,  2 911 303 ,   10 884,10884.0,16.07864755604557
291140 GLORIA,183.0,-,183.0,291140,Glória,  2 911 402 ,   15 524,15524.0,11.78819891780469
291150 GONGOGI,170.0,-,170.0,291150,Gongogi,  2 911 501 ,   5 555,5555.0,30.603060306030603
291160 GOVERNADOR MANGABEIRA,254.0,83,337.0,291160,Governador Mangabeira,  2 911 600 ,   20 605,20605.0,16.355253579228343
291165 GUAJERU,195.0,26,221.0,291165,Guajeru,  2 911 659 ,   8 050,8050.0,27.45341614906832
291170 GUANAMBI,1906.0,311,2217.0,291170,Guanambi,  2 911 709 ,   87 817,87817.0,25.245681360101116
291180 GUARATINGA,184.0,1,185.0,291180,Guaratinga,  2 911 808 ,   19 049,19049.0,9.711795894797627
291185 HELIOPOLIS,126.0,-,126.0,291185,Heliópolis,  2 911 857 ,   12 309,12309.0,10.236412381184499
291190 IACU,290.0,6,296.0,291190,Iaçu,  2 911 907 ,   24 607,24607.0,12.029097411305726
291200 IBIASSUCE,154.0,8,162.0,291200,Ibiassucê,  2 912 004 ,   10 429,10429.0,15.533608207881867
291210 IBICARAI,360.0,20,380.0,291210,Ibicaraí,  2 912 103 ,   21 665,21665.0,17.53981075467344
291220 IBICOARA,267.0,16,283.0,291220,Ibicoara,  2 912 202 ,   20 785,20785.0,13.615588164541737
291230 IBICUI,208.0,9,217.0,291230,Ibicuí,  2 912 301 ,   13 934,13934.0,15.573417539830631
291240 IBIPEBA,240.0,8,248.0,291240,Ibipeba,  2 912 400 ,   16 603,16603.0,14.937059567548033
291250 IBIPITANGA,228.0,38,266.0,291250,Ibipitanga,  2 912 509 ,   13 863,13863.0,19.187765995816203
291260 IBIQUERA,66.0,-,66.0,291260,Ibiquera,  2 912 608 ,   3 725,3725.0,17.718120805369125
291270 IBIRAPITANGA,289.0,2,291.0,291270,Ibirapitanga,  2 912 707 ,   25 344,25344.0,11.482007575757576
291280 IBIRAPUA,189.0,6,195.0,291280,Ibirapuã,  2 912 806 ,   8 896,8896.0,21.919964028776977
291290 IBIRATAIA,278.0,8,286.0,291290,Ibirataia,  2 912 905 ,   18 792,18792.0,15.219242230736484
291300 IBITIARA,173.0,6,179.0,291300,Ibitiara,  2 913 002 ,   14 637,14637.0,12.229281956685114
291310 IBITITA,180.0,3,183.0,291310,Ibititá,  2 913 101 ,   16 969,16969.0,10.784371500972362
291320 IBOTIRAMA,577.0,41,618.0,291320,Ibotirama,  2 913 200 ,   26 309,26309.0,23.490060435592383
291330 ICHU,84.0,2,86.0,291330,Ichu,  2 913 309 ,   6 190,6190.0,13.893376413570275
291340 IGAPORA,220.0,8,228.0,291340,Igaporã,  2 913 408 ,   15 527,15527.0,14.68409866683841
291345 IGRAPIUNA,197.0,3,200.0,291345,Igrapiúna,  2 913 457 ,   13 151,13151.0,15.207968975743288
291350 IGUAI,231.0,-,231.0,291350,Iguaí,  2 913 507 ,   21 491,21491.0,10.748685496254245
291360 ILHEUS,3411.0,506,3917.0,291360,Ilhéus,  2 913 606 ,   178 649,178649.0,21.925675486568636
291370 INHAMBUPE,336.0,12,348.0,291370,Inhambupe,  2 913 705 ,   33 790,33790.0,10.298905001479728
291380 IPECAETA,142.0,-,142.0,291380,Ipecaetá,  2 913 804 ,   13 709,13709.0,10.358158873732584
291390 IPIAU,599.0,120,719.0,291390,Ipiaú,  2 913 903 ,   40 706,40706.0,17.66324374785044
291400 IPIRA,439.0,42,481.0,291400,Ipirá,  2 914 000 ,   56 876,56876.0,8.456994162739996
291410 IPUPIARA,117.0,2,119.0,291410,Ipupiara,  2 914 109 ,   9 935,9935.0,11.977856064418722
291420 IRAJUBA,96.0,-,96.0,291420,Irajuba,  2 914 208 ,   6 101,6101.0,15.735125389280448
291430 IRAMAIA,122.0,1,123.0,291430,Iramaia,  2 914 307 ,   10 752,10752.0,11.439732142857142
291440 IRAQUARA,270.0,7,277.0,291440,Iraquara,  2 914 406 ,   23 879,23879.0,11.60015076008208
291450 IRARA,345.0,39,384.0,291450,Irará,  2 914 505 ,   28 043,28043.0,13.693256784224227
291460 IRECE,1949.0,121,2070.0,291460,Irecê,  2 914 604 ,   74 507,74507.0,27.782624451393826
291465 ITABELA,296.0,18,314.0,291465,Itabela,  2 914 653 ,   28 165,28165.0,11.14858867388603
291470 ITABERABA,1197.0,143,1340.0,291470,Itaberaba,  2 914 703 ,   65 073,65073.0,20.5922579257142
291480 ITABUNA,4077.0,825,4902.0,291480,Itabuna,  2 914 802 ,   186 708,186708.0,26.254900700559162
291490 ITACARE,321.0,24,345.0,291490,Itacaré,  2 914 901 ,   27 704,27704.0,12.45307536817788
291500 ITAETE,165.0,2,167.0,291500,Itaeté,  2 915 007 ,   13 472,13472.0,12.396080760095012
291510 ITAGI,175.0,4,179.0,291510,Itagi,  2 915 106 ,   13 803,13803.0,12.968195319858001
291520 ITAGIBA,118.0,4,122.0,291520,Itagibá,  2 915 205 ,   15 310,15310.0,7.968647942521228
291530 ITAGIMIRIM,93.0,-,93.0,291530,Itagimirim,  2 915 304 ,   6 347,6347.0,14.652591775642037
291535 ITAGUACU DA BAHIA,266.0,-,266.0,291535,Itaguaçu da Bahia,  2 915 353 ,   12 311,12311.0,21.606693201202177
291540 ITAJU DO COLONIA,79.0,-,79.0,291540,Itaju do Colônia,  2 915 403 ,   6 037,6037.0,13.085969852575781
291550 ITAJUIPE,194.0,47,241.0,291550,Itajuípe,  2 915 502 ,   18 781,18781.0,12.832117565624834
291560 ITAMARAJU,585.0,70,655.0,291560,Itamaraju,  2 915 601 ,   59 605,59605.0,10.989010989010989
291570 ITAMARI,92.0,-,92.0,291570,Itamari,  2 915 700 ,   7 051,7051.0,13.04779463905829
291580 ITAMBE,286.0,28,314.0,291580,Itambé,  2 915 809 ,   24 394,24394.0,12.872017709272772
291590 ITANAGRA,123.0,-,123.0,291590,Itanagra,  2 915 908 ,   5 914,5914.0,20.798106188704768
291600 ITANHEM,246.0,15,261.0,291600,Itanhém,  2 916 005 ,   17 813,17813.0,14.652220288553304
291610 ITAPARICA,357.0,31,388.0,291610,Itaparica,  2 916 104 ,   19 789,19789.0,19.606852291677193
291620 ITAPE,110.0,9,119.0,291620,Itapé,  2 916 203 ,   10 341,10341.0,11.507591142055894
291630 ITAPEBI,108.0,1,109.0,291630,Itapebi,  2 916 302 ,   9 174,9174.0,11.881403967734903
291640 ITAPETINGA,959.0,143,1102.0,291640,Itapetinga,  2 916 401 ,   65 897,65897.0,16.723067817958327
291650 ITAPICURU,469.0,-,469.0,291650,Itapicuru,  2 916 500 ,   31 679,31679.0,14.804760251270558
291660 ITAPITANGA,99.0,-,99.0,291660,Itapitanga,  2 916 609 ,   10 279,10279.0,9.63128709018387
291670 ITAQUARA,93.0,3,96.0,291670,Itaquara,  2 916 708 ,   8 153,8153.0,11.774806819575616
291680 ITARANTIM,264.0,3,267.0,291680,Itarantim,  2 916 807 ,   17 052,17052.0,15.65798733286418
291685 ITATIM,175.0,3,178.0,291685,Itatim,  2 916 856 ,   15 737,15737.0,11.310923301772892
291690 ITIRUCU,123.0,1,124.0,291690,Itiruçu,  2 916 906 ,   10 999,10999.0,11.273752159287207
291700 ITIUBA,328.0,15,343.0,291700,Itiúba,  2 917 003 ,   33 872,33872.0,10.126358053849788
291710 ITORORO,219.0,5,224.0,291710,Itororó,  2 917 102 ,   16 617,16617.0,13.480170909309743
291720 ITUACU,233.0,9,242.0,291720,Ituaçu,  2 917 201 ,   17 914,17914.0,13.508987384168806
291730 ITUBERA,244.0,103,347.0,291730,Ituberá,  2 917 300 ,   21 902,21902.0,15.843301981554196
291733 IUIU,146.0,3,149.0,291733,Iuiu,  2 917 334 ,   11 118,11118.0,13.401690951610002
291735 JABORANDI,151.0,2,153.0,291735,Jaborandi,  2 917 359 ,   9 275,9275.0,16.495956873315365
291740 JACARACI,235.0,6,241.0,291740,Jacaraci,  2 917 409 ,   14 436,14436.0,16.694375173178166
291750 JACOBINA,1305.0,313,1618.0,291750,Jacobina,  2 917 508 ,   82 590,82590.0,19.590749485409855
291760 JAGUAQUARA,569.0,51,620.0,291760,Jaguaquara,  2 917 607 ,   45 964,45964.0,13.48881733530589
291770 JAGUARARI,480.0,60,540.0,291770,Jaguarari,  2 917 706 ,   32 703,32703.0,16.5122465828823
291780 JAGUARIPE,145.0,-,145.0,291780,Jaguaripe,  2 917 805 ,   17 659,17659.0,8.211110481907243
291790 JANDAIRA,114.0,-,114.0,291790,Jandaíra,  2 917 904 ,   9 285,9285.0,12.277867528271406
291800 JEQUIE,3448.0,350,3798.0,291800,Jequié,  2 918 001 ,   158 813,158813.0,23.914918803876258
291810 JEREMOABO,494.0,33,527.0,291810,Jeremoabo,  2 918 100 ,   37 626,37626.0,14.006272258544623
291820 JIQUIRICA,173.0,4,177.0,291820,Jiquiriçá,  2 918 209 ,   13 629,13629.0,12.987012987012989
291830 JITAUNA,166.0,6,172.0,291830,Jitaúna,  2 918 308 ,   14 355,14355.0,11.981887843956809
291835 JOAO DOURADO,214.0,12,226.0,291835,João Dourado,  2 918 357 ,   24 854,24854.0,9.093103725758429
291840 JUAZEIRO,3747.0,445,4192.0,291840,Juazeiro,  2 918 407 ,   237 821,237821.0,17.626702435865628
291845 JUCURUCU,95.0,-,95.0,291845,Jucuruçu,  2 918 456 ,   9 655,9655.0,9.83946141895391
291850 JUSSARA,164.0,1,165.0,291850,Jussara,  2 918 506 ,   16 354,16354.0,10.089274795157149
291855 JUSSARI,95.0,-,95.0,291855,Jussari,  2 918 555 ,   5 888,5888.0,16.134510869565215
291860 JUSSIAPE,130.0,8,138.0,291860,Jussiape,  2 918 605 ,   7 379,7379.0,18.701721100420112
291870 LAFAIETE COUTINHO,67.0,-,67.0,291870,Lafaiete Coutinho,  2 918 704 ,   4 075,4075.0,16.441717791411044
291875 LAGOA REAL,145.0,-,145.0,291875,Lagoa Real,  2 918 753 ,   14 105,14105.0,10.280042538107056
291880 LAJE,429.0,20,449.0,291880,Laje,  2 918 803 ,   21 052,21052.0,21.328139844195324
291890 LAJEDAO,80.0,1,81.0,291890,Lajedão,  2 918 902 ,   3 845,3845.0,21.066319895968793
291900 LAJEDINHO,41.0,-,41.0,291900,Lajedinho,  2 919 009 ,   3 527,3527.0,11.624610150269351
291905 LAJEDO DO TABOCAL,84.0,-,84.0,291905,Lajedo do Tabocal,  2 919 058 ,   7 494,7494.0,11.20896717373899
291910 LAMARAO,110.0,-,110.0,291910,Lamarão,  2 919 108 ,   9 015,9015.0,12.201885745978924
291915 LAPAO,264.0,6,270.0,291915,Lapão,  2 919 157 ,   25 736,25736.0,10.491140814423375
291920 LAURO DE FREITAS,3423.0,927,4350.0,291920,Lauro de Freitas,  2 919 207 ,   203 331,203331.0,21.39368812428995
291930 LENCOIS,142.0,-,142.0,291930,Lençóis,  2 919 306 ,   10 774,10774.0,13.179877482829033
291940 LICINIO DE ALMEIDA,126.0,5,131.0,291940,Licínio de Almeida,  2 919 405 ,   11 834,11834.0,11.069798884569883
291950 LIVRAMENTO DE NOSSA SENHORA,515.0,99,614.0,291950,Livramento de Nossa Senhora,  2 919 504 ,   43 903,43903.0,13.985376853517982
291955 LUIS EDUARDO MAGALHAES,1027.0,282,1309.0,291955,Luís Eduardo Magalhães,  2 919 553 ,   107 909,107909.0,12.130591516926298
291960 MACAJUBA,183.0,2,185.0,291960,Macajuba,  2 919 603 ,   10 454,10454.0,17.696575473502964
291970 MACARANI,196.0,12,208.0,291970,Macarani,  2 919 702 ,   21 599,21599.0,9.630075466456779
291980 MACAUBAS,692.0,71,763.0,291980,Macaúbas,  2 919 801 ,   41 859,41859.0,18.22786019732913
291990 MACURURE,153.0,-,153.0,291990,Macururé,  2 919 900 ,   7 256,7256.0,21.085997794928332
291992 MADRE DE DEUS,464.0,27,491.0,291992,Madre de Deus,  2 919 926 ,   18 504,18504.0,26.534803285776047
291995 MAETINGA,153.0,-,153.0,291995,Maetinga,  2 919 959 ,   6 973,6973.0,21.941775419475118
292000 MAIQUINIQUE,132.0,4,136.0,292000,Maiquinique,  2 920 007 ,   8 731,8731.0,15.57668079257817
292010 MAIRI,350.0,1,351.0,292010,Mairi,  2 920 106 ,   17 674,17674.0,19.859680887178907
292020 MALHADA,178.0,4,182.0,292020,Malhada,  2 920 205 ,   15 398,15398.0,11.819716846343681
292030 MALHADA DE PEDRAS,90.0,-,90.0,292030,Malhada de Pedras,  2 920 304 ,   8 670,8670.0,10.380622837370241
292040 MANOEL VITORINO,149.0,-,149.0,292040,Manoel Vitorino,  2 920 403 ,   13 860,13860.0,10.75036075036075
292045 MANSIDAO,130.0,-,130.0,292045,Mansidão,  2 920 452 ,   13 919,13919.0,9.339751418923774
292050 MARACAS,333.0,101,434.0,292050,Maracás,  2 920 502 ,   27 620,27620.0,15.713251267197682
292060 MARAGOGIPE,401.0,18,419.0,292060,Maragogipe,  2 920 601 ,   35 859,35859.0,11.684653782871804
292070 MARAU,180.0,-,180.0,292070,Maraú,  2 920 700 ,   24 527,24527.0,7.338851062094834
292080 MARCIONILIO SOUZA,136.0,3,139.0,292080,Marcionílio Souza,  2 920 809 ,   9 267,9267.0,14.999460451062912
292090 MASCOTE,169.0,-,169.0,292090,Mascote,  2 920 908 ,   13 544,13544.0,12.477849970466629
292100 MATA DE SAO JOAO,455.0,86,541.0,292100,Mata de São João,  2 921 005 ,   42 566,42566.0,12.709674388009208
292105 MATINA,139.0,26,165.0,292105,Matina,  2 921 054 ,   10 330,10330.0,15.972894482090997
292110 MEDEIROS NETO,292.0,15,307.0,292110,Medeiros Neto,  2 921 104 ,   22 194,22194.0,13.832567360547896
292120 MIGUEL CALMON,348.0,22,370.0,292120,Miguel Calmon,  2 921 203 ,   24 661,24661.0,15.003446737764081
292130 MILAGRES,147.0,1,148.0,292130,Milagres,  2 921 302 ,   11 071,11071.0,13.368259416493542
292140 MIRANGABA,154.0,2,156.0,292140,Mirangaba,  2 921 401 ,   15 734,15734.0,9.914834117198424
292145 MIRANTE,138.0,2,140.0,292145,Mirante,  2 921 450 ,   10 187,10187.0,13.743005791695298
292150 MONTE SANTO,444.0,5,449.0,292150,Monte Santo,  2 921 500 ,   47 780,47780.0,9.397237337798241
292160 MORPARA,131.0,-,131.0,292160,Morpará,  2 921 609 ,   7 996,7996.0,16.3831915957979
292170 MORRO DO CHAPEU,500.0,5,505.0,292170,Morro do Chapéu,  2 921 708 ,   33 594,33594.0,15.032446270167291
292180 MORTUGABA,145.0,17,162.0,292180,Mortugaba,  2 921 807 ,   11 143,11143.0,14.538275150318585
292190 MUCUGE,258.0,8,266.0,292190,Mucugê,  2 921 906 ,   12 137,12137.0,21.91645381890088
292200 MUCURI,517.0,84,601.0,292200,Mucuri,  2 922 003 ,   37 977,37977.0,15.825367985886196
292205 MULUNGU DO MORRO,193.0,2,195.0,292205,Mulungu do Morro,  2 922 052 ,   13 152,13152.0,14.826642335766422
292210 MUNDO NOVO,234.0,3,237.0,292210,Mundo Novo,  2 922 102 ,   17 305,17305.0,13.695463738803815
292220 MUNIZ FERREIRA,116.0,-,116.0,292220,Muniz Ferreira,  2 922 201 ,   7 190,7190.0,16.133518776077885
292225 MUQUEM DE SAO FRANCISCO,110.0,-,110.0,292225,Muquém do São Francisco,  2 922 250 ,   10 443,10443.0,10.53337163650292
292230 MURITIBA,305.0,26,331.0,292230,Muritiba,  2 922 300 ,   28 707,28707.0,11.530288779740133
292240 MUTUIPE,279.0,19,298.0,292240,Mutuípe,  2 922 409 ,   20 037,20037.0,14.872485901082996
292250 NAZARE,375.0,72,447.0,292250,Nazaré,  2 922 508 ,   27 060,27060.0,16.518847006651885
292260 NILO PECANHA,110.0,-,110.0,292260,Nilo Peçanha,  2 922 607 ,   12 063,12063.0,9.118793003398823
292265 NORDESTINA,239.0,-,239.0,292265,Nordestina,  2 922 656 ,   18 523,18523.0,12.902877503644119
292270 NOVA CANAA,210.0,2,212.0,292270,Nova Canaã,  2 922 706 ,   13 715,13715.0,15.457528253736784
292273 NOVA FATIMA,72.0,11,83.0,292273,Nova Fátima,  2 922 730 ,   7 967,7967.0,10.417974143341283
292275 NOVA IBIA,81.0,2,83.0,292275,Nova Ibiá,  2 922 755 ,   6 501,6501.0,12.767266574373174
292280 NOVA ITARANA,123.0,-,123.0,292280,Nova Itarana,  2 922 805 ,   7 780,7780.0,15.809768637532134
292285 NOVA REDENCAO,115.0,-,115.0,292285,Nova Redenção,  2 922 854 ,   7 538,7538.0,15.256036083841868
292290 NOVA SOURE,257.0,5,262.0,292290,Nova Soure,  2 922 904 ,   24 236,24236.0,10.810364746657864
292300 NOVA VICOSA,340.0,18,358.0,292300,Nova Viçosa,  2 923 001 ,   39 509,39509.0,9.061226555974589
292303 NOVO HORIZONTE,138.0,2,140.0,292303,Novo Horizonte,  2 923 035 ,   11 162,11162.0,12.54255509765275
292305 NOVO TRIUNFO,165.0,7,172.0,292305,Novo Triunfo,  2 923 050 ,   10 660,10660.0,16.135084427767353
292310 OLINDINA,237.0,10,247.0,292310,Olindina,  2 923 100 ,   22 633,22633.0,10.913268236645607
292320 OLIVEIRA DOS BREJINHOS,327.0,11,338.0,292320,Oliveira dos Brejinhos,  2 923 209 ,   20 715,20715.0,16.31667873521603
292330 OURICANGAS,114.0,-,114.0,292330,Ouriçangas,  2 923 308 ,   7 716,7716.0,14.774494556765163
292335 OUROLANDIA,212.0,16,228.0,292335,Ourolândia,  2 923 357 ,   19 243,19243.0,11.848464376656446
292340 PALMAS DE MONTE ALTO,184.0,8,192.0,292340,Palmas de Monte Alto,  2 923 407 ,   20 078,20078.0,9.562705448749876
292350 PALMEIRAS,106.0,8,114.0,292350,Palmeiras,  2 923 506 ,   10 339,10339.0,11.026211432440274
292360 PARAMIRIM,454.0,90,544.0,292360,Paramirim,  2 923 605 ,   20 351,20351.0,26.730873175765318
292370 PARATINGA,309.0,3,312.0,292370,Paratinga,  2 923 704 ,   29 252,29252.0,10.665937371803636
292380 PARIPIRANGA,231.0,61,292.0,292380,Paripiranga,  2 923 803 ,   26 604,26604.0,10.97579311381747
292390 PAU BRASIL,153.0,-,153.0,292390,Pau Brasil,  2 923 902 ,   9 370,9370.0,16.328708644610458
292400 PAULO AFONSO,1592.0,465,2057.0,292400,Paulo Afonso,  2 924 009 ,   112 870,112870.0,18.224506068928857
292405 PE DE SERRA,195.0,4,199.0,292405,Pé de Serra,  2 924 058 ,   13 243,13243.0,15.026806614815374
292410 PEDRAO,91.0,5,96.0,292410,Pedrão,  2 924 108 ,   6 235,6235.0,15.396952686447474
292420 PEDRO ALEXANDRE,163.0,3,166.0,292420,Pedro Alexandre,  2 924 207 ,   13 954,13954.0,11.896230471549377
292430 PIATA,314.0,14,328.0,292430,Piatã,  2 924 306 ,   20 086,20086.0,16.329781937668027
292440 PILAO ARCADO,275.0,8,283.0,292440,Pilão Arcado,  2 924 405 ,   35 357,35357.0,8.004072743728257
292450 PINDAI,154.0,5,159.0,292450,Pindaí,  2 924 504 ,   14 731,14731.0,10.793564591677416
292460 PINDOBACU,322.0,4,326.0,292460,Pindobaçu,  2 924 603 ,   19 083,19083.0,17.083267830005763
292465 PINTADAS,132.0,3,135.0,292465,Pintadas,  2 924 652 ,   10 325,10325.0,13.075060532687653
292467 PIRAI DO NORTE,127.0,-,127.0,292467,Piraí do Norte,  2 924 678 ,   10 974,10974.0,11.572808456351375
292470 PIRIPA,150.0,9,159.0,292470,Piripá,  2 924 702 ,   9 152,9152.0,17.373251748251747
292480 PIRITIBA,223.0,10,233.0,292480,Piritiba,  2 924 801 ,   17 566,17566.0,13.264260503244905
292490 PLANALTINO,144.0,1,145.0,292490,Planaltino,  2 924 900 ,   8 022,8022.0,18.075292944402893
292500 PLANALTO,288.0,32,320.0,292500,Planalto,  2 925 006 ,   23 334,23334.0,13.713893888746036
292510 POCOES,490.0,103,593.0,292510,Poções,  2 925 105 ,   48 293,48293.0,12.279212308202018
292520 POJUCA,430.0,57,487.0,292520,Pojuca,  2 925 204 ,   32 136,32136.0,15.154344037839182
292525 PONTO NOVO,243.0,1,244.0,292525,Ponto Novo,  2 925 253 ,   17 938,17938.0,13.602408295239158
292530 PORTO SEGURO,2204.0,726,2930.0,292530,Porto Seguro,  2 925 303 ,   168 326,168326.0,17.406698905694903
292540 POTIRAGUA,91.0,-,91.0,292540,Potiraguá,  2 925 402 ,   10 274,10274.0,8.857309713840763
292550 PRADO,428.0,15,443.0,292550,Prado,  2 925 501 ,   35 003,35003.0,12.656058052166959
292560 PRESIDENTE DUTRA,174.0,1,175.0,292560,Presidente Dutra,  2 925 600 ,   15 130,15130.0,11.566424322538003
292570 PRESIDENTE JANIO QUADROS,170.0,5,175.0,292570,Presidente Jânio Quadros,  2 925 709 ,   12 621,12621.0,13.865779256794232
292575 PRESIDENTE TANCREDO NEVES,246.0,37,283.0,292575,Presidente Tancredo Neves,  2 925 758 ,   27 734,27734.0,10.204081632653061
292580 QUEIMADAS,226.0,6,232.0,292580,Queimadas,  2 925 808 ,   25 988,25988.0,8.927197167923657
292590 QUIJINGUE,219.0,-,219.0,292590,Quijingue,  2 925 907 ,   25 272,25272.0,8.665716999050332
292593 QUIXABEIRA,98.0,7,105.0,292593,Quixabeira,  2 925 931 ,   9 461,9461.0,11.098192580065533
292595 RAFAEL JAMBEIRO,271.0,-,271.0,292595,Rafael Jambeiro,  2 925 956 ,   19 662,19662.0,13.782931543078018
292600 REMANSO,592.0,29,621.0,292600,Remanso,  2 926 004 ,   40 586,40586.0,15.300842655102745
292610 RETIROLANDIA,179.0,4,183.0,292610,Retirolândia,  2 926 103 ,   13 651,13651.0,13.405611310526702
292620 RIACHAO DAS NEVES,221.0,-,221.0,292620,Riachão das Neves,  2 926 202 ,   21 642,21642.0,10.211625542925793
292630 RIACHAO DO JACUIPE,317.0,31,348.0,292630,Riachão do Jacuípe,  2 926 301 ,   33 386,33386.0,10.423530821302343
292640 RIACHO DE SANTANA,329.0,13,342.0,292640,Riacho de Santana,  2 926 400 ,   30 711,30711.0,11.136075021979096
292650 RIBEIRA DO AMPARO,123.0,-,123.0,292650,Ribeira do Amparo,  2 926 509 ,   13 841,13841.0,8.886641138646052
292660 RIBEIRA DO POMBAL,1093.0,100,1193.0,292660,Ribeira do Pombal,  2 926 608 ,   54 010,54010.0,22.088502129235327
292665 RIBEIRAO DO LARGO,100.0,-,100.0,292665,Ribeirão do Largo,  2 926 657 ,   9 740,9740.0,10.266940451745379
292670 RIO DE CONTAS,204.0,2,206.0,292670,Rio de Contas,  2 926 707 ,   13 184,13184.0,15.625
292680 RIO DO ANTONIO,172.0,1,173.0,292680,Rio do Antônio,  2 926 806 ,   13 146,13146.0,13.159896546478016
292690 RIO DO PIRES,177.0,2,179.0,292690,Rio do Pires,  2 926 905 ,   10 497,10497.0,17.052491187958463
292700 RIO REAL,413.0,16,429.0,292700,Rio Real,  2 927 002 ,   35 362,35362.0,12.13166676092981
292710 RODELAS,227.0,7,234.0,292710,Rodelas,  2 927 101 ,   10 308,10308.0,22.70081490104773
292720 RUY BARBOSA,460.0,20,480.0,292720,Ruy Barbosa,  2 927 200 ,   28 282,28282.0,16.97192560639276
292730 SALINAS DA MARGARIDA,135.0,8,143.0,292730,Salinas da Margarida,  2 927 309 ,   14 987,14987.0,9.541602722359379
292740 SALVADOR,53428.0,10383,63811.0,292740,Salvador,  2 927 408 ,  2 417 678,2417678.0,26.393506496729504
292750 SANTA BARBARA,191.0,18,209.0,292750,Santa Bárbara,  2 927 507 ,   20 952,20952.0,9.975181366933946
292760 SANTA BRIGIDA,203.0,3,206.0,292760,Santa Brígida,  2 927 606 ,   14 965,14965.0,13.765452723020381
292770 SANTA CRUZ CABRALIA,339.0,14,353.0,292770,Santa Cruz Cabrália,  2 927 705 ,   29 185,29185.0,12.095254411512762
292780 SANTA CRUZ DA VITORIA,79.0,-,79.0,292780,Santa Cruz da Vitória,  2 927 804 ,   4 681,4681.0,16.876735740226447
292790 SANTA INES,165.0,1,166.0,292790,Santa Inês,  2 927 903 ,   10 300,10300.0,16.116504854368934
292800 SANTALUZ,458.0,45,503.0,292800,Santaluz,  2 928 000 ,   37 834,37834.0,13.294919913305492
292805 SANTA LUZIA,128.0,-,128.0,292805,Santa Luzia,  2 928 059 ,   13 896,13896.0,9.211283822682788
292810 SANTA MARIA DA VITORIA,598.0,55,653.0,292810,Santa Maria da Vitória,  2 928 109 ,   38 604,38604.0,16.91534556004559
292820 SANTANA,236.0,1,237.0,292820,Santana,  2 928 208 ,   24 755,24755.0,9.573823470006058
292830 SANTANOPOLIS,116.0,-,116.0,292830,Santanópolis,  2 928 307 ,   8 716,8716.0,13.30885727397889
292840 SANTA RITA DE CASSIA,313.0,-,313.0,292840,Santa Rita de Cássia,  2 928 406 ,   27 390,27390.0,11.427528294998174
292850 SANTA TERESINHA,194.0,-,194.0,292850,Santa Terezinha,  2 928 505 ,   10 441,10441.0,18.58059572837851
292860 SANTO AMARO,525.0,47,572.0,292860,Santo Amaro,  2 928 604 ,   56 012,56012.0,10.212097407698352
292870 SANTO ANTONIO DE JESUS,2309.0,968,3277.0,292870,Santo Antônio de Jesus,  2 928 703 ,   103 055,103055.0,31.79855417010334
292880 SANTO ESTEVAO,470.0,100,570.0,292880,Santo Estêvão,  2 928 802 ,   52 276,52276.0,10.903665161833345
292890 SAO DESIDERIO,399.0,20,419.0,292890,São Desidério,  2 928 901 ,   32 828,32828.0,12.763494577799438
292895 SAO DOMINGOS,128.0,3,131.0,292895,São Domingos,  2 928 950 ,   8 426,8426.0,15.547116069309281
292900 SAO FELIX,233.0,-,233.0,292900,São Félix,  2 929 008 ,   11 026,11026.0,21.131870125158716
292905 SAO FELIX DO CORIBE,191.0,2,193.0,292905,São Félix do Coribe,  2 929 057 ,   15 194,15194.0,12.70238251941556
292910 SAO FELIPE,277.0,27,304.0,292910,São Felipe,  2 929 107 ,   20 283,20283.0,14.987920918996204
292920 SAO FRANCISCO DO CONDE,980.0,24,1004.0,292920,São Francisco do Conde,  2 929 206 ,   38 733,38733.0,25.921049234502878
292925 SAO GABRIEL,171.0,2,173.0,292925,São Gabriel,  2 929 255 ,   18 600,18600.0,9.301075268817204
292930 SAO GONCALO DOS CAMPOS,273.0,15,288.0,292930,São Gonçalo dos Campos,  2 929 305 ,   39 513,39513.0,7.288740414547111
292935 SAO JOSE DA VITORIA,86.0,-,86.0,292935,São José da Vitória,  2 929 354 ,   5 315,5315.0,16.180620884289745
292937 SAO JOSE DO JACUIPE,96.0,-,96.0,292937,São José do Jacuípe,  2 929 370 ,   10 187,10187.0,9.423775400019633
292940 SAO MIGUEL DAS MATAS,137.0,2,139.0,292940,São Miguel das Matas,  2 929 404 ,   10 334,10334.0,13.450745113218503
292950 SAO SEBASTIAO DO PASSE,424.0,42,466.0,292950,São Sebastião do Passé,  2 929 503 ,   40 958,40958.0,11.3775086674154
292960 SAPEACU,368.0,4,372.0,292960,Sapeaçu,  2 929 602 ,   17 963,17963.0,20.709235651060514
292970 SATIRO DIAS,180.0,1,181.0,292970,Sátiro Dias,  2 929 701 ,   16 008,16008.0,11.306846576711644
292975 SAUBARA,151.0,-,151.0,292975,Saubara,  2 929 750 ,   11 438,11438.0,13.201608672844904
292980 SAUDE,119.0,1,120.0,292980,Saúde,  2 929 800 ,   10 478,10478.0,11.452567283832792
292990 SEABRA,793.0,148,941.0,292990,Seabra,  2 929 909 ,   46 160,46160.0,20.38561525129983
293000 SEBASTIAO LARANJEIRAS,183.0,2,185.0,293000,Sebastião Laranjeiras,  2 930 006 ,   9 360,9360.0,19.764957264957264
293010 SENHOR DO BONFIM,974.0,248,1222.0,293010,Senhor do Bonfim,  2 930 105 ,   74 523,74523.0,16.397622210592704
293015 SERRA DO RAMALHO,288.0,10,298.0,293015,Serra do Ramalho,  2 930 154 ,   34 222,34222.0,8.707848752264624
293020 SENTO SE,323.0,1,324.0,293020,Sento Sé,  2 930 204 ,   38 154,38154.0,8.4919012423337
293030 SERRA DOURADA,293.0,14,307.0,293030,Serra Dourada,  2 930 303 ,   17 066,17066.0,17.98898394468534
293040 SERRA PRETA,138.0,1,139.0,293040,Serra Preta,  2 930 402 ,   17 996,17996.0,7.723938653034008
293050 SERRINHA,951.0,267,1218.0,293050,Serrinha,  2 930 501 ,   80 435,80435.0,15.142661776589792
293060 SERROLANDIA,178.0,9,187.0,293060,Serrolândia,  2 930 600 ,   13 335,13335.0,14.023247094113236
293070 SIMOES FILHO,1113.0,109,1222.0,293070,Simões Filho,  2 930 709 ,   114 559,114559.0,10.666992554055117
293075 SITIO DO MATO,109.0,-,109.0,293075,Sítio do Mato,  2 930 758 ,   13 408,13408.0,8.129474940334129
293076 SITIO DO QUINTO,102.0,2,104.0,293076,Sítio do Quinto,  2 930 766 ,   14 773,14773.0,7.039870033168619
293077 SOBRADINHO,240.0,6,246.0,293077,Sobradinho,  2 930 774 ,   25 475,25475.0,9.656526005888125
293080 SOUTO SOARES,164.0,-,164.0,293080,Souto Soares,  2 930 808 ,   17 054,17054.0,9.616512255189399
293090 TABOCAS DO BREJO VELHO,165.0,-,165.0,293090,Tabocas do Brejo Velho,  2 930 907 ,   11 979,11979.0,13.774104683195592
293100 TANHACU,266.0,3,269.0,293100,Tanhaçu,  2 931 004 ,   21 006,21006.0,12.805864990954966
293105 TANQUE NOVO,282.0,15,297.0,293105,Tanque Novo,  2 931 053 ,   17 158,17158.0,17.309709756381864
293110 TANQUINHO,79.0,-,79.0,293110,Tanquinho,  2 931 103 ,   7 717,7717.0,10.23713878450175
293120 TAPEROA,170.0,-,170.0,293120,Taperoá,  2 931 202 ,   18 044,18044.0,9.421414320549767
293130 TAPIRAMUTA,218.0,3,221.0,293130,Tapiramutá,  2 931 301 ,   15 818,15818.0,13.971424958907573
293135 TEIXEIRA DE FREITAS,2084.0,391,2475.0,293135,Teixeira de Freitas,  2 931 350 ,   145 216,145216.0,17.043576465403262
293140 TEODORO SAMPAIO,135.0,11,146.0,293140,Teodoro Sampaio,  2 931 400 ,   7 110,7110.0,20.534458509142052
293150 TEOFILANDIA,227.0,18,245.0,293150,Teofilândia,  2 931 509 ,   21 176,21176.0,11.569701548923309
293160 TEOLANDIA,172.0,5,177.0,293160,Teolândia,  2 931 608 ,   15 332,15332.0,11.544482128880773
293170 TERRA NOVA,156.0,2,158.0,293170,Terra Nova,  2 931 707 ,   10 798,10798.0,14.632339322096684
293180 TREMEDAL,218.0,9,227.0,293180,Tremedal,  2 931 806 ,   16 296,16296.0,13.929798723613157
293190 TUCANO,529.0,11,540.0,293190,Tucano,  2 931 905 ,   48 736,48736.0,11.080105055810899
293200 UAUA,324.0,26,350.0,293200,Uauá,  2 932 002 ,   24 665,24665.0,14.190147982971823
293210 UBAIRA,187.0,4,191.0,293210,Ubaíra,  2 932 101 ,   18 626,18626.0,10.254482980779555
293220 UBAITABA,216.0,8,224.0,293220,Ubaitaba,  2 932 200 ,   17 596,17596.0,12.730165946806093
293230 UBATA,168.0,17,185.0,293230,Ubatã,  2 932 309 ,   16 094,16094.0,11.494967068472722
293240 UIBAI,124.0,1,125.0,293240,Uibaí,  2 932 408 ,   13 432,13432.0,9.30613460393091
293245 UMBURANAS,159.0,-,159.0,293245,Umburanas,  2 932 457 ,   13 642,13642.0,11.655182524556515
293250 UNA,288.0,13,301.0,293250,Una,  2 932 507 ,   18 131,18131.0,16.601400915558987
293260 URANDI,177.0,12,189.0,293260,Urandi,  2 932 606 ,   15 355,15355.0,12.30869423640508
293270 URUCUCA,187.0,4,191.0,293270,Uruçuca,  2 932 705 ,   21 420,21420.0,8.916900093370682
293280 UTINGA,217.0,6,223.0,293280,Utinga,  2 932 804 ,   16 277,16277.0,13.700313325551392
293290 VALENCA,1005.0,214,1219.0,293290,Valença,  2 932 903 ,   85 655,85655.0,14.23151012783842
293300 VALENTE,260.0,10,270.0,293300,Valente,  2 933 000 ,   24 362,24362.0,11.082833921681306
293305 VARZEA DA ROCA,153.0,-,153.0,293305,Várzea da Roça,  2 933 059 ,   13 800,13800.0,11.086956521739129
293310 VARZEA DO POCO,71.0,-,71.0,293310,Várzea do Poço,  2 933 109 ,   8 101,8101.0,8.764350080237008
293315 VARZEA NOVA,144.0,14,158.0,293315,Várzea Nova,  2 933 158 ,   13 377,13377.0,11.811317933766913
293317 VARZEDO,88.0,-,88.0,293317,Varzedo,  2 933 174 ,   9 913,9913.0,8.87723191768385
293320 VERA CRUZ,297.0,10,307.0,293320,Vera Cruz,  2 933 208 ,   42 529,42529.0,7.2186037762467965
293325 VEREDA,97.0,1,98.0,293325,Vereda,  2 933 257 ,   6 003,6003.0,16.325170747959355
293330 VITORIA DA CONQUISTA,6016.0,1817,7833.0,293330,Vitória da Conquista,  2 933 307 ,   370 879,370879.0,21.120095772475658
293340 WAGNER,114.0,3,117.0,293340,Wagner,  2 933 406 ,   9 503,9503.0,12.311901504787961
293345 WANDERLEY,151.0,6,157.0,293345,Wanderley,  2 933 455 ,   12 968,12968.0,12.106724244293645
293350 WENCESLAU GUIMARAES,231.0,14,245.0,293350,Wenceslau Guimarães,  2 933 505 ,   24 474,24474.0,10.010623518836315
293360 XIQUE-XIQUE,483.0,23,506.0,293360,Xique-Xique,  2 933 604 ,   44 757,44757.0,11.30549411265277
310010 ABADIA DOS DOURADOS,86.0,7,93.0,310010,Abadia dos Dourados,  3 100 104 ,   6 272,6272.0,14.82780612244898
310020 ABAETE,360.0,58,418.0,310020,Abaeté,  3 100 203 ,   22 675,22675.0,18.434399117971335
310030 ABRE CAMPO,221.0,28,249.0,310030,Abre Campo,  3 100 302 ,   13 927,13927.0,17.878940188123785
310040 ACAIACA,75.0,4,79.0,310040,Acaiaca,  3 100 401 ,   3 909,3909.0,20.20977232028652
310050 ACUCENA,140.0,-,140.0,310050,Açucena,  3 100 500 ,   8 943,8943.0,15.65470200156547
310060 AGUA BOA,161.0,18,179.0,310060,Água Boa,  3 100 609 ,   12 589,12589.0,14.2187624116292
310070 AGUA COMPRIDA,53.0,-,53.0,310070,Água Comprida,  3 100 708 ,   2 108,2108.0,25.142314990512336
310080 AGUANIL,60.0,2,62.0,310080,Aguanil,  3 100 807 ,   4 357,4357.0,14.2299747532706
310090 AGUAS FORMOSAS,366.0,28,394.0,310090,Águas Formosas,  3 100 906 ,   18 448,18448.0,21.35732870771899
310100 AGUAS VERMELHAS,210.0,6,216.0,310100,Águas Vermelhas,  3 101 003 ,   14 037,14037.0,15.387903398162
310110 AIMORES,393.0,24,417.0,310110,Aimorés,  3 101 102 ,   25 269,25269.0,16.502433812180936
310120 AIURUOCA,207.0,6,213.0,310120,Aiuruoca,  3 101 201 ,   6 233,6233.0,34.17295042515642
310130 ALAGOA,74.0,1,75.0,310130,Alagoa,  3 101 300 ,   2 749,2749.0,27.282648235722082
310140 ALBERTINA,76.0,-,76.0,310140,Albertina,  3 101 409 ,   2 952,2952.0,25.745257452574528
310150 ALEM PARAIBA,605.0,105,710.0,310150,Além Paraíba,  3 101 508 ,   30 717,30717.0,23.114236416316697
310160 ALFENAS,2151.0,385,2536.0,310160,Alfenas,  3 101 607 ,   78 970,78970.0,32.11346080790174
310163 ALFREDO VASCONCELOS,82.0,3,85.0,310163,Alfredo Vasconcelos,  3 101 631 ,   6 931,6931.0,12.263742605684605
310170 ALMENARA,605.0,38,643.0,310170,Almenara,  3 101 706 ,   40 364,40364.0,15.930036666336338
310180 ALPERCATA,66.0,2,68.0,310180,Alpercata,  3 101 805 ,   6 903,6903.0,9.850789511806461
310190 ALPINOPOLIS,300.0,70,370.0,310190,Alpinópolis,  3 101 904 ,   18 300,18300.0,20.218579234972676
310200 ALTEROSA,179.0,82,261.0,310200,Alterosa,  3 102 001 ,   13 915,13915.0,18.75673733381243
310205 ALTO CAPARAO,88.0,6,94.0,310205,Alto Caparaó,  3 102 050 ,   5 795,5795.0,16.22088006902502
310210 ALTO RIO DOCE,153.0,63,216.0,310210,Alto Rio Doce,  3 102 100 ,   10 891,10891.0,19.832889541823523
310220 ALVARENGA,103.0,3,106.0,310220,Alvarenga,  3 102 209 ,   3 975,3975.0,26.666666666666668
310230 ALVINOPOLIS,212.0,21,233.0,310230,Alvinópolis,  3 102 308 ,   15 059,15059.0,15.472474931934391
310240 ALVORADA DE MINAS,98.0,3,101.0,310240,Alvorada de Minas,  3 102 407 ,   4 159,4159.0,24.284683818225535
310250 AMPARO DO SERRA,65.0,2,67.0,310250,Amparo do Serra,  3 102 506 ,   4 541,4541.0,14.75445937018278
310260 ANDRADAS,471.0,163,634.0,310260,Andradas,  3 102 605 ,   40 553,40553.0,15.633861859788423
310270 CACHOEIRA DE PAJEU,153.0,2,155.0,310270,Cachoeira de Pajeú,  3 102 704 ,   9 110,9110.0,17.014270032930842
310280 ANDRELANDIA,168.0,83,251.0,310280,Andrelândia,  3 102 803 ,   11 927,11927.0,21.044688521841202
310285 ANGELANDIA,105.0,3,108.0,310285,Angelândia,  3 102 852 ,   7 718,7718.0,13.99326250323918
310290 ANTONIO CARLOS,233.0,24,257.0,310290,Antônio Carlos,  3 102 902 ,   11 095,11095.0,23.16358720144209
310300 ANTONIO DIAS,149.0,4,153.0,310300,Antônio Dias,  3 103 009 ,   9 219,9219.0,16.59616010413277
310310 ANTONIO PRADO DE MINAS,57.0,-,57.0,310310,Antônio Prado de Minas,  3 103 108 ,   1 538,1538.0,37.06111833550065
310320 ARACAI,72.0,-,72.0,310320,Araçaí,  3 103 207 ,   2 181,2181.0,33.012379642365886
310330 ARACITABA,55.0,-,55.0,310330,Aracitaba,  3 103 306 ,   2 049,2049.0,26.842362127867254
310340 ARACUAI,542.0,40,582.0,310340,Araçuaí,  3 103 405 ,   34 297,34297.0,16.96941423448115
310350 ARAGUARI,2535.0,769,3304.0,310350,Araguari,  3 103 504 ,   117 808,117808.0,28.045633573271765
310360 ARANTINA,72.0,17,89.0,310360,Arantina,  3 103 603 ,   2 915,2915.0,30.53173241852487
310370 ARAPONGA,127.0,2,129.0,310370,Araponga,  3 103 702 ,   8 048,8048.0,16.02882703777336
310375 ARAPORA,218.0,8,226.0,310375,Araporã,  3 103 751 ,   8 479,8479.0,26.654086566812126
310380 ARAPUA,63.0,-,63.0,310380,Arapuá,  3 103 801 ,   2 631,2631.0,23.94526795895097
310390 ARAUJOS,89.0,2,91.0,310390,Araújos,  3 103 900 ,   9 199,9199.0,9.892379606478967
310400 ARAXA,1688.0,574,2262.0,310400,Araxá,  3 104 007 ,   111 691,111691.0,20.252303229445523
310410 ARCEBURGO,143.0,9,152.0,310410,Arceburgo,  3 104 106 ,   9 177,9177.0,16.563146997929607
310420 ARCOS,514.0,121,635.0,310420,Arcos,  3 104 205 ,   41 416,41416.0,15.332238748309832
310430 AREADO,187.0,63,250.0,310430,Areado,  3 104 304 ,   13 881,13881.0,18.010229810532383
310440 ARGIRITA,49.0,-,49.0,310440,Argirita,  3 104 403 ,   2 688,2688.0,18.229166666666668
310445 ARICANDUVA,72.0,7,79.0,310445,Aricanduva,  3 104 452 ,   4 719,4719.0,16.740834922653104
310450 ARINOS,358.0,76,434.0,310450,Arinos,  3 104 502 ,   17 272,17272.0,25.12737378415933
310460 ASTOLFO DUTRA,154.0,31,185.0,310460,Astolfo Dutra,  3 104 601 ,   14 138,14138.0,13.085302022916961
310470 ATALEIA,157.0,4,161.0,310470,Ataléia,  3 104 700 ,   13 736,13736.0,11.721025043680838
310480 AUGUSTO DE LIMA,81.0,-,81.0,310480,Augusto de Lima,  3 104 809 ,   4 538,4538.0,17.849272807404144
310490 BAEPENDI,430.0,39,469.0,310490,Baependi,  3 104 908 ,   18 366,18366.0,25.53631710769901
310500 BALDIM,118.0,13,131.0,310500,Baldim,  3 105 004 ,   7 492,7492.0,17.485317672183662
310510 BAMBUI,424.0,205,629.0,310510,Bambuí,  3 105 103 ,   23 546,23546.0,26.713666864860276
310520 BANDEIRA,61.0,13,74.0,310520,Bandeira,  3 105 202 ,   4 741,4741.0,15.608521408985446
310530 BANDEIRA DO SUL,65.0,7,72.0,310530,Bandeira do Sul,  3 105 301 ,   5 943,5943.0,12.115093387178193
310540 BARAO DE COCAIS,492.0,369,861.0,310540,Barão de Cocais,  3 105 400 ,   30 778,30778.0,27.974527259730976
310550 BARAO DE MONTE ALTO,81.0,1,82.0,310550,Barão de Monte Alto,  3 105 509 ,   4 964,4964.0,16.518936341659952
310560 BARBACENA,3731.0,1036,4767.0,310560,Barbacena,  3 105 608 ,   125 317,125317.0,38.03953174748837
310570 BARRA LONGA,80.0,-,80.0,310570,Barra Longa,  3 105 707 ,   5 666,5666.0,14.119308153900459
310590 BARROSO,437.0,41,478.0,310590,Barroso,  3 105 905 ,   20 080,20080.0,23.804780876494025
310600 BELA VISTA DE MINAS,118.0,38,156.0,310600,Bela Vista de Minas,  3 106 002 ,   10 167,10167.0,15.343759221009147
310610 BELMIRO BRAGA,90.0,2,92.0,310610,Belmiro Braga,  3 106 101 ,   3 244,3244.0,28.36004932182491
310620 BELO HORIZONTE,63561.0,33516,97077.0,310620,Belo Horizonte,  3 106 200 ,  2 315 560,2315560.0,41.92376790063743
310630 BELO ORIENTE,466.0,95,561.0,310630,Belo Oriente,  3 106 309 ,   23 928,23928.0,23.44533600802407
310640 BELO VALE,189.0,1,190.0,310640,Belo Vale,  3 106 408 ,   8 627,8627.0,22.023878520922683
310650 BERILO,148.0,9,157.0,310650,Berilo,  3 106 507 ,   9 826,9826.0,15.978017504579688
310660 BERTOPOLIS,98.0,-,98.0,310660,Bertópolis,  3 106 606 ,   4 451,4451.0,22.017524151875985
310665 BERIZAL,68.0,2,70.0,310665,Berizal,  3 106 655 ,   4 201,4201.0,16.66269935729588
310670 BETIM,6512.0,3359,9871.0,310670,Betim,  3 106 705 ,   411 846,411846.0,23.9676966633159
310680 BIAS FORTES,70.0,-,70.0,310680,Bias Fortes,  3 106 804 ,   3 361,3361.0,20.827134781315085
310690 BICAS,221.0,64,285.0,310690,Bicas,  3 106 903 ,   13 978,13978.0,20.389183001860065
310700 BIQUINHAS,55.0,-,55.0,310700,Biquinhas,  3 107 000 ,   2 383,2383.0,23.08015107007973
310710 BOA ESPERANCA,539.0,87,626.0,310710,Boa Esperança,  3 107 109 ,   39 848,39848.0,15.709696848022483
310720 BOCAINA DE MINAS,95.0,13,108.0,310720,Bocaina de Minas,  3 107 208 ,   5 348,5348.0,20.19446522064323
310730 BOCAIUVA,640.0,47,687.0,310730,Bocaiúva,  3 107 307 ,   48 032,48032.0,14.30296469020653
310740 BOM DESPACHO,769.0,146,915.0,310740,Bom Despacho,  3 107 406 ,   51 737,51737.0,17.685602180257842
310750 BOM JARDIM DE MINAS,161.0,30,191.0,310750,Bom Jardim de Minas,  3 107 505 ,   6 783,6783.0,28.15863187380215
310760 BOM JESUS DA PENHA,80.0,-,80.0,310760,Bom Jesus da Penha,  3 107 604 ,   4 474,4474.0,17.881090746535538
310770 BOM JESUS DO AMPARO,50.0,1,51.0,310770,Bom Jesus do Amparo,  3 107 703 ,   5 631,5631.0,9.057005860415556
310780 BOM JESUS DO GALHO,192.0,4,196.0,310780,Bom Jesus do Galho,  3 107 802 ,   14 536,14536.0,13.48376444689048
310790 BOM REPOUSO,109.0,11,120.0,310790,Bom Repouso,  3 107 901 ,   12 649,12649.0,9.486915961736106
310800 BOM SUCESSO,210.0,13,223.0,310800,Bom Sucesso,  3 108 008 ,   17 151,17151.0,13.002157308611743
310810 BONFIM,85.0,14,99.0,310810,Bonfim,  3 108 107 ,   7 434,7434.0,13.317191283292978
310820 BONFINOPOLIS DE MINAS,113.0,7,120.0,310820,Bonfinópolis de Minas,  3 108 206 ,   5 528,5528.0,21.70767004341534
310825 BONITO DE MINAS,196.0,2,198.0,310825,Bonito de Minas,  3 108 255 ,   10 204,10204.0,19.404155233241866
310830 BORDA DA MATA,170.0,29,199.0,310830,Borda da Mata,  3 108 305 ,   17 404,17404.0,11.434153068260171
310840 BOTELHOS,198.0,20,218.0,310840,Botelhos,  3 108 404 ,   14 828,14828.0,14.701915295387105
310850 BOTUMIRIM,68.0,-,68.0,310850,Botumirim,  3 108 503 ,   5 790,5790.0,11.744386873920552
310855 BRASILANDIA DE MINAS,240.0,26,266.0,310855,Brasilândia de Minas,  3 108 552 ,   15 020,15020.0,17.70972037283622
310860 BRASILIA DE MINAS,729.0,158,887.0,310860,Brasília de Minas,  3 108 602 ,   32 025,32025.0,27.69711163153786
310870 BRAS PIRES,69.0,5,74.0,310870,Brás Pires,  3 108 701 ,   4 260,4260.0,17.37089201877934
310880 BRAUNAS,57.0,-,57.0,310880,Braúnas,  3 108 800 ,   4 441,4441.0,12.834947083990093
310890 BRAZOPOLIS,156.0,30,186.0,310890,Brazópolis,  3 108 909 ,   14 246,14246.0,13.056296504281903
310900 BRUMADINHO,1247.0,117,1364.0,310900,Brumadinho,  3 109 006 ,   38 915,38915.0,35.05075163818579
310910 BUENO BRANDAO,135.0,29,164.0,310910,Bueno Brandão,  3 109 105 ,   10 911,10911.0,15.030702960315278
310920 BUENOPOLIS,131.0,1,132.0,310920,Buenópolis,  3 109 204 ,   9 150,9150.0,14.426229508196721
310925 BUGRE,72.0,1,73.0,310925,Bugre,  3 109 253 ,   4 041,4041.0,18.064835436773077
310930 BURITIS,357.0,31,388.0,310930,Buritis,  3 109 303 ,   24 030,24030.0,16.1464835622139
310940 BURITIZEIRO,405.0,13,418.0,310940,Buritizeiro,  3 109 402 ,   23 910,23910.0,17.482225010455878
310945 CABECEIRA GRANDE,116.0,15,131.0,310945,Cabeceira Grande,  3 109 451 ,   6 627,6627.0,19.76761732307228
310950 CABO VERDE,164.0,9,173.0,310950,Cabo Verde,  3 109 501 ,   11 410,11410.0,15.16213847502191
310960 CACHOEIRA DA PRATA,67.0,2,69.0,310960,Cachoeira da Prata,  3 109 600 ,   3 693,3693.0,18.68399675060926
310970 CACHOEIRA DE MINAS,148.0,18,166.0,310970,Cachoeira de Minas,  3 109 709 ,   11 883,11883.0,13.969536312379029
310980 CACHOEIRA DOURADA,72.0,-,72.0,310980,Cachoeira Dourada,  3 109 808 ,   2 315,2315.0,31.101511879049674
310990 CAETANOPOLIS,214.0,67,281.0,310990,Caetanópolis,  3 109 907 ,   11 435,11435.0,24.573677306515087
311000 CAETE,394.0,55,449.0,311000,Caeté,  3 110 004 ,   38 776,38776.0,11.579327419022077
311010 CAIANA,94.0,1,95.0,311010,Caiana,  3 110 103 ,   5 304,5304.0,17.911010558069382
311020 CAJURI,71.0,3,74.0,311020,Cajuri,  3 110 202 ,   4 088,4088.0,18.101761252446185
311030 CALDAS,217.0,18,235.0,311030,Caldas,  3 110 301 ,   14 217,14217.0,16.529506928325247
311040 CAMACHO,59.0,2,61.0,311040,Camacho,  3 110 400 ,   2 838,2838.0,21.49400986610289
311050 CAMANDUCAIA,242.0,36,278.0,311050,Camanducaia,  3 110 509 ,   26 097,26097.0,10.652565428976512
311060 CAMBUI,356.0,84,440.0,311060,Cambuí,  3 110 608 ,   29 536,29536.0,14.897074756229687
311070 CAMBUQUIRA,183.0,17,200.0,311070,Cambuquira,  3 110 707 ,   12 313,12313.0,16.24299520831641
311080 CAMPANARIO,80.0,-,80.0,311080,Campanário,  3 110 806 ,   2 923,2923.0,27.369141293191927
311090 CAMPANHA,228.0,70,298.0,311090,Campanha,  3 110 905 ,   15 935,15935.0,18.70097270160025
311100 CAMPESTRE,279.0,52,331.0,311100,Campestre,  3 111 002 ,   20 696,20696.0,15.993428681870894
311110 CAMPINA VERDE,350.0,79,429.0,311110,Campina Verde,  3 111 101 ,   18 011,18011.0,23.818777413802675
311115 CAMPO AZUL,80.0,3,83.0,311115,Campo Azul,  3 111 150 ,   3 714,3714.0,22.34787291330102
311120 CAMPO BELO,1185.0,188,1373.0,311120,Campo Belo,  3 111 200 ,   52 277,52277.0,26.263940164890872
311130 CAMPO DO MEIO,174.0,4,178.0,311130,Campo do Meio,  3 111 309 ,   11 377,11377.0,15.645600773490376
311140 CAMPO FLORIDO,109.0,5,114.0,311140,Campo Florido,  3 111 408 ,   8 466,8466.0,13.465627214741318
311150 CAMPOS ALTOS,189.0,8,197.0,311150,Campos Altos,  3 111 507 ,   12 979,12979.0,15.178365051236613
311160 CAMPOS GERAIS,372.0,12,384.0,311160,Campos Gerais,  3 111 606 ,   26 105,26105.0,14.709825703888143
311170 CANAA,93.0,9,102.0,311170,Canaã,  3 111 705 ,   4 715,4715.0,21.633085896076352
311180 CANAPOLIS,158.0,55,213.0,311180,Canápolis,  3 111 804 ,   10 608,10608.0,20.079185520361992
311190 CANA VERDE,69.0,3,72.0,311190,Cana Verde,  3 111 903 ,   5 272,5272.0,13.657056145675266
311200 CANDEIAS,187.0,71,258.0,311200,Candeias,  3 112 000 ,   14 001,14001.0,18.427255196057423
311205 CANTAGALO,66.0,-,66.0,311205,Cantagalo,  3 112 059 ,   3 974,3974.0,16.60795168595873
311210 CAPARAO,66.0,2,68.0,311210,Caparaó,  3 112 109 ,   5 048,5048.0,13.47068145800317
311220 CAPELA NOVA,81.0,5,86.0,311220,Capela Nova,  3 112 208 ,   4 362,4362.0,19.715726730857405
311230 CAPELINHA,531.0,111,642.0,311230,Capelinha,  3 112 307 ,   39 626,39626.0,16.201483874223996
311240 CAPETINGA,78.0,3,81.0,311240,Capetinga,  3 112 406 ,   6 562,6562.0,12.343797622676012
311250 CAPIM BRANCO,102.0,4,106.0,311250,Capim Branco,  3 112 505 ,   10 663,10663.0,9.94091719028416
311260 CAPINOPOLIS,188.0,12,200.0,311260,Capinópolis,  3 112 604 ,   14 655,14655.0,13.647219379051519
311265 CAPITAO ANDRADE,107.0,-,107.0,311265,Capitão Andrade,  3 112 653 ,   4 585,4585.0,23.336968375136316
311270 CAPITAO ENEAS,197.0,10,207.0,311270,Capitão Enéas,  3 112 703 ,   14 108,14108.0,14.672526226254607
311280 CAPITOLIO,171.0,14,185.0,311280,Capitólio,  3 112 802 ,   10 380,10380.0,17.822736030828516
311290 CAPUTIRA,96.0,3,99.0,311290,Caputira,  3 112 901 ,   8 936,8936.0,11.078782452999103
311300 CARAI,185.0,8,193.0,311300,Caraí,  3 113 008 ,   19 548,19548.0,9.873132801309596
311310 CARANAIBA,46.0,3,49.0,311310,Caranaíba,  3 113 107 ,   2 933,2933.0,16.706443914081145
311320 CARANDAI,431.0,127,558.0,311320,Carandaí,  3 113 206 ,   23 812,23812.0,23.433562909457418
311330 CARANGOLA,1011.0,79,1090.0,311330,Carangola,  3 113 305 ,   31 240,31240.0,34.89116517285532
311340 CARATINGA,1325.0,317,1642.0,311340,Caratinga,  3 113 404 ,   87 360,87360.0,18.795787545787544
311350 CARBONITA,115.0,15,130.0,311350,Carbonita,  3 113 503 ,   8 512,8512.0,15.272556390977442
311360 CAREACU,80.0,37,117.0,311360,Careaçu,  3 113 602 ,   6 816,6816.0,17.16549295774648
311370 CARLOS CHAGAS,224.0,15,239.0,311370,Carlos Chagas,  3 113 701 ,   18 615,18615.0,12.83910824603814
311380 CARMESIA,65.0,-,65.0,311380,Carmésia,  3 113 800 ,   2 605,2605.0,24.95201535508637
311390 CARMO DA CACHOEIRA,137.0,5,142.0,311390,Carmo da Cachoeira,  3 113 909 ,   11 547,11547.0,12.297566467480731
311400 CARMO DA MATA,139.0,13,152.0,311400,Carmo da Mata,  3 114 006 ,   11 019,11019.0,13.79435520464652
311410 CARMO DE MINAS,181.0,22,203.0,311410,Carmo de Minas,  3 114 105 ,   13 797,13797.0,14.713343480466767
311420 CARMO DO CAJURU,209.0,15,224.0,311420,Carmo do Cajuru,  3 114 204 ,   23 479,23479.0,9.540440393543166
311430 CARMO DO PARANAIBA,513.0,182,695.0,311430,Carmo do Paranaíba,  3 114 303 ,   29 011,29011.0,23.95643031953397
311440 CARMO DO RIO CLARO,245.0,47,292.0,311440,Carmo do Rio Claro,  3 114 402 ,   20 954,20954.0,13.935286818745825
311450 CARMOPOLIS DE MINAS,195.0,75,270.0,311450,Carmópolis de Minas,  3 114 501 ,   18 003,18003.0,14.997500416597235
311455 CARNEIRINHO,168.0,10,178.0,311455,Carneirinho,  3 114 550 ,   9 422,9422.0,18.891954998938655
311460 CARRANCAS,79.0,1,80.0,311460,Carrancas,  3 114 600 ,   4 049,4049.0,19.75796492961225
311470 CARVALHOPOLIS,59.0,3,62.0,311470,Carvalhópolis,  3 114 709 ,   3 341,3341.0,18.55731816821311
311480 CARVALHOS,72.0,7,79.0,311480,Carvalhos,  3 114 808 ,   4 422,4422.0,17.86521935775667
311490 CASA GRANDE,35.0,-,35.0,311490,Casa Grande,  3 114 907 ,   2 214,2214.0,15.808491418247517
311500 CASCALHO RICO,80.0,-,80.0,311500,Cascalho Rico,  3 115 003 ,   2 712,2712.0,29.49852507374631
311510 CASSIA,292.0,19,311.0,311510,Cássia,  3 115 102 ,   17 155,17155.0,18.128825415330805
311520 CONCEICAO DA BARRA DE MINAS,80.0,1,81.0,311520,Conceição da Barra de Minas,  3 115 201 ,   3 560,3560.0,22.752808988764045
311530 CATAGUASES,957.0,318,1275.0,311530,Cataguases,  3 115 300 ,   66 261,66261.0,19.242088106125777
311535 CATAS ALTAS,68.0,6,74.0,311535,Catas Altas,  3 115 359 ,   5 473,5473.0,13.520920884341313
311540 CATAS ALTAS DA NORUEGA,40.0,-,40.0,311540,Catas Altas da Noruega,  3 115 409 ,   3 110,3110.0,12.861736334405144
311545 CATUJI,89.0,1,90.0,311545,Catuji,  3 115 458 ,   7 030,7030.0,12.802275960170697
311547 CATUTI,81.0,-,81.0,311547,Catuti,  3 115 474 ,   4 739,4739.0,17.092213547161847
311550 CAXAMBU,307.0,179,486.0,311550,Caxambu,  3 115 508 ,   21 056,21056.0,23.08130699088146
311560 CEDRO DO ABAETE,38.0,2,40.0,311560,Cedro do Abaeté,  3 115 607 ,   1 081,1081.0,37.00277520814061
311570 CENTRAL DE MINAS,87.0,4,91.0,311570,Central de Minas,  3 115 706 ,   6 171,6171.0,14.74639442553881
311580 CENTRALINA,150.0,2,152.0,311580,Centralina,  3 115 805 ,   10 207,10207.0,14.891740962084842
311590 CHACARA,53.0,1,54.0,311590,Chácara,  3 115 904 ,   3 075,3075.0,17.5609756097561
311600 CHALE,86.0,4,90.0,311600,Chalé,  3 116 001 ,   6 075,6075.0,14.814814814814815
311610 CHAPADA DO NORTE,210.0,5,215.0,311610,Chapada do Norte,  3 116 100 ,   10 337,10337.0,20.79907129728161
311615 CHAPADA GAUCHA,224.0,14,238.0,311615,Chapada Gaúcha,  3 116 159 ,   12 355,12355.0,19.26345609065156
311620 CHIADOR,81.0,-,81.0,311620,Chiador,  3 116 209 ,   2 800,2800.0,28.928571428571427
311630 CIPOTANEA,81.0,5,86.0,311630,Cipotânea,  3 116 308 ,   5 581,5581.0,15.409424834259093
311640 CLARAVAL,67.0,-,67.0,311640,Claraval,  3 116 407 ,   4 658,4658.0,14.383855732073853
311650 CLARO DOS POCOES,103.0,-,103.0,311650,Claro dos Poções,  3 116 506 ,   7 166,7166.0,14.373430086519676
311660 CLAUDIO,339.0,126,465.0,311660,Cláudio,  3 116 605 ,   30 159,30159.0,15.418283099572268
311670 COIMBRA,72.0,9,81.0,311670,Coimbra,  3 116 704 ,   7 117,7117.0,11.381199943796544
311680 COLUNA,152.0,56,208.0,311680,Coluna,  3 116 803 ,   8 163,8163.0,25.480828126914126
311690 COMENDADOR GOMES,57.0,3,60.0,311690,Comendador Gomes,  3 116 902 ,   2 773,2773.0,21.63721601153985
311700 COMERCINHO,86.0,10,96.0,311700,Comercinho,  3 117 009 ,   6 660,6660.0,14.414414414414415
311710 CONCEICAO DA APARECIDA,135.0,77,212.0,311710,Conceição da Aparecida,  3 117 108 ,   10 371,10371.0,20.44161604474014
311720 CONCEICAO DAS PEDRAS,54.0,-,54.0,311720,Conceição das Pedras,  3 117 207 ,   2 772,2772.0,19.48051948051948
311730 CONCEICAO DAS ALAGOAS,457.0,39,496.0,311730,Conceição das Alagoas,  3 117 306 ,   28 381,28381.0,17.476480744159826
311740 CONCEICAO DE IPANEMA,65.0,3,68.0,311740,Conceição de Ipanema,  3 117 405 ,   4 409,4409.0,15.422998412338398
311750 CONCEICAO DO MATO DENTRO,373.0,59,432.0,311750,Conceição do Mato Dentro,  3 117 504 ,   23 163,23163.0,18.650433881621552
311760 CONCEICAO DO PARA,81.0,6,87.0,311760,Conceição do Pará,  3 117 603 ,   5 415,5415.0,16.066481994459835
311770 CONCEICAO DO RIO VERDE,192.0,24,216.0,311770,Conceição do Rio Verde,  3 117 702 ,   12 541,12541.0,17.223506897376602
311780 CONCEICAO DOS OUROS,107.0,17,124.0,311780,Conceição dos Ouros,  3 117 801 ,   10 880,10880.0,11.397058823529411
311783 CONEGO MARINHO,103.0,7,110.0,311783,Cônego Marinho,  3 117 836 ,   7 237,7237.0,15.199668370871908
311787 CONFINS,146.0,39,185.0,311787,Confins,  3 117 876 ,   7 350,7350.0,25.170068027210885
311790 CONGONHAL,118.0,14,132.0,311790,Congonhal,  3 117 900 ,   11 083,11083.0,11.910132635567987
311800 CONGONHAS,1318.0,263,1581.0,311800,Congonhas,  3 118 007 ,   52 890,52890.0,29.892229154849687
311810 CONGONHAS DO NORTE,70.0,2,72.0,311810,Congonhas do Norte,  3 118 106 ,   4 831,4831.0,14.903746636307183
311820 CONQUISTA,121.0,7,128.0,311820,Conquista,  3 118 205 ,   6 694,6694.0,19.121601434120105
311830 CONSELHEIRO LAFAIETE,2164.0,760,2924.0,311830,Conselheiro Lafaiete,  3 118 304 ,   131 621,131621.0,22.215299990123157
311840 CONSELHEIRO PENA,264.0,62,326.0,311840,Conselheiro Pena,  3 118 403 ,   20 824,20824.0,15.655013446023817
311850 CONSOLACAO,14.0,-,14.0,311850,Consolação,  3 118 502 ,   1 563,1563.0,8.957133717210493
311860 CONTAGEM,7696.0,2878,10574.0,311860,Contagem,  3 118 601 ,   621 863,621863.0,17.003745197897285
311870 COQUEIRAL,114.0,5,119.0,311870,Coqueiral,  3 118 700 ,   9 023,9023.0,13.188518231186967
311880 CORACAO DE JESUS,437.0,24,461.0,311880,Coração de Jesus,  3 118 809 ,   25 377,25377.0,18.16605587736927
311890 CORDISBURGO,76.0,2,78.0,311890,Cordisburgo,  3 118 908 ,   7 547,7547.0,10.33523254273221
311900 CORDISLANDIA,42.0,1,43.0,311900,Cordislândia,  3 119 005 ,   3 200,3200.0,13.4375
311910 CORINTO,284.0,31,315.0,311910,Corinto,  3 119 104 ,   23 532,23532.0,13.386027536970934
311920 COROACI,105.0,-,105.0,311920,Coroaci,  3 119 203 ,   10 884,10884.0,9.647188533627343
311930 COROMANDEL,417.0,178,595.0,311930,Coromandel,  3 119 302 ,   28 894,28894.0,20.592510555824738
311940 CORONEL FABRICIANO,1316.0,747,2063.0,311940,Coronel Fabriciano,  3 119 401 ,   104 736,104736.0,19.69714329361442
311950 CORONEL MURTA,90.0,1,91.0,311950,Coronel Murta,  3 119 500 ,   8 200,8200.0,11.097560975609756
311960 CORONEL PACHECO,72.0,1,73.0,311960,Coronel Pacheco,  3 119 609 ,   2 762,2762.0,26.430123099203474
311970 CORONEL XAVIER CHAVES,45.0,3,48.0,311970,Coronel Xavier Chaves,  3 119 708 ,   3 486,3486.0,13.769363166953529
311980 CORREGO DANTA,57.0,3,60.0,311980,Córrego Danta,  3 119 807 ,   2 960,2960.0,20.27027027027027
311990 CORREGO DO BOM JESUS,33.0,-,33.0,311990,Córrego do Bom Jesus,  3 119 906 ,   4 272,4272.0,7.724719101123595
311995 CORREGO FUNDO,81.0,4,85.0,311995,Córrego Fundo,  3 119 955 ,   6 133,6133.0,13.859448883091472
312000 CORREGO NOVO,62.0,-,62.0,312000,Córrego Novo,  3 120 003 ,   2 875,2875.0,21.565217391304348
312010 COUTO DE MAGALHAES DE MINAS,68.0,3,71.0,312010,Couto de Magalhães de Minas,  3 120 102 ,   4 245,4245.0,16.725559481743225
312015 CRISOLITA,86.0,1,87.0,312015,Crisólita,  3 120 151 ,   5 265,5265.0,16.524216524216527
312020 CRISTAIS,132.0,20,152.0,312020,Cristais,  3 120 201 ,   12 197,12197.0,12.462080839550708
312030 CRISTALIA,77.0,-,77.0,312030,Cristália,  3 120 300 ,   5 121,5121.0,15.036125756688147
312040 CRISTIANO OTONI,45.0,-,45.0,312040,Cristiano Otoni,  3 120 409 ,   4 667,4667.0,9.642168416541676
312050 CRISTINA,153.0,14,167.0,312050,Cristina,  3 120 508 ,   10 374,10374.0,16.097937150568733
312060 CRUCILANDIA,76.0,140,216.0,312060,Crucilândia,  3 120 607 ,   5 434,5434.0,39.74972396025028
312070 CRUZEIRO DA FORTALEZA,78.0,2,80.0,312070,Cruzeiro da Fortaleza,  3 120 706 ,   3 521,3521.0,22.72081794944618
312080 CRUZILIA,281.0,13,294.0,312080,Cruzília,  3 120 805 ,   15 362,15362.0,19.13813305559172
312083 CUPARAQUE,80.0,2,82.0,312083,Cuparaque,  3 120 839 ,   3 983,3983.0,20.587496861662064
312087 CURRAL DE DENTRO,148.0,-,148.0,312087,Curral de Dentro,  3 120 870 ,   7 406,7406.0,19.983796921415067
312090 CURVELO,1397.0,485,1882.0,312090,Curvelo,  3 120 904 ,   80 665,80665.0,23.33106055910246
312100 DATAS,108.0,-,108.0,312100,Datas,  3 121 001 ,   5 465,5465.0,19.762122598353155
312110 DELFIM MOREIRA,97.0,8,105.0,312110,Delfim Moreira,  3 121 100 ,   7 952,7952.0,13.204225352112676
312120 DELFINOPOLIS,115.0,6,121.0,312120,Delfinópolis,  3 121 209 ,   8 393,8393.0,14.416775884665794
312125 DELTA,150.0,7,157.0,312125,Delta,  3 121 258 ,   10 494,10494.0,14.960930055269678
312130 DESCOBERTO,84.0,1,85.0,312130,Descoberto,  3 121 308 ,   4 928,4928.0,17.248376623376625
312140 DESTERRO DE ENTRE RIOS,121.0,16,137.0,312140,Desterro de Entre Rios,  3 121 407 ,   7 653,7653.0,17.901476545145695
312150 DESTERRO DO MELO,45.0,2,47.0,312150,Desterro do Melo,  3 121 506 ,   2 994,2994.0,15.69806279225117
312160 DIAMANTINA,1563.0,139,1702.0,312160,Diamantina,  3 121 605 ,   47 702,47702.0,35.67984570877531
312170 DIOGO DE VASCONCELOS,50.0,-,50.0,312170,Diogo de Vasconcelos,  3 121 704 ,   3 549,3549.0,14.088475626937164
312180 DIONISIO,129.0,2,131.0,312180,Dionísio,  3 121 803 ,   6 847,6847.0,19.132466773769536
312190 DIVINESIA,75.0,8,83.0,312190,Divinésia,  3 121 902 ,   4 226,4226.0,19.640321817321343
312200 DIVINO,215.0,139,354.0,312200,Divino,  3 122 009 ,   20 706,20706.0,17.096493769921764
312210 DIVINO DAS LARANJEIRAS,76.0,2,78.0,312210,Divino das Laranjeiras,  3 122 108 ,   4 178,4178.0,18.669219722355194
312220 DIVINOLANDIA DE MINAS,95.0,4,99.0,312220,Divinolândia de Minas,  3 122 207 ,   6 516,6516.0,15.193370165745856
312230 DIVINOPOLIS,4594.0,2554,7148.0,312230,Divinópolis,  3 122 306 ,   231 091,231091.0,30.931537792471364
312235 DIVISA ALEGRE,75.0,10,85.0,312235,Divisa Alegre,  3 122 355 ,   6 321,6321.0,13.447239360860625
312240 DIVISA NOVA,83.0,3,86.0,312240,Divisa Nova,  3 122 405 ,   5 851,5851.0,14.698342163732695
312245 DIVISOPOLIS,104.0,5,109.0,312245,Divisópolis,  3 122 454 ,   10 213,10213.0,10.67267208459806
312247 DOM BOSCO,89.0,1,90.0,312247,Dom Bosco,  3 122 470 ,   3 697,3697.0,24.344062753583987
312250 DOM CAVATI,67.0,5,72.0,312250,Dom Cavati,  3 122 504 ,   4 904,4904.0,14.68189233278956
312260 DOM JOAQUIM,106.0,-,106.0,312260,Dom Joaquim,  3 122 603 ,   4 899,4899.0,21.637068789548888
312270 DOM SILVERIO,113.0,5,118.0,312270,Dom Silvério,  3 122 702 ,   5 228,5228.0,22.5707727620505
312280 DOM VICOSO,60.0,4,64.0,312280,Dom Viçoso,  3 122 801 ,   3 095,3095.0,20.678513731825525
312290 DONA EUSEBIA,62.0,-,62.0,312290,Dona Euzébia,  3 122 900 ,   6 093,6093.0,10.175611357295256
312300 DORES DE CAMPOS,89.0,31,120.0,312300,Dores de Campos,  3 123 007 ,   10 007,10007.0,11.99160587588688
312310 DORES DE GUANHAES,61.0,2,63.0,312310,Dores de Guanhães,  3 123 106 ,   5 029,5029.0,12.52734141976536
312320 DORES DO INDAIA,169.0,26,195.0,312320,Dores do Indaiá,  3 123 205 ,   12 630,12630.0,15.439429928741092
312330 DORES DO TURVO,65.0,3,68.0,312330,Dores do Turvo,  3 123 304 ,   4 987,4987.0,13.635452175656708
312340 DORESOPOLIS,37.0,-,37.0,312340,Doresópolis,  3 123 403 ,   1 461,1461.0,25.325119780971935
312350 DOURADOQUARA,51.0,-,51.0,312350,Douradoquara,  3 123 502 ,   1 829,1829.0,27.884089666484417
312352 DURANDE,74.0,1,75.0,312352,Durandé,  3 123 528 ,   7 817,7817.0,9.594473583216068
312360 ELOI MENDES,281.0,144,425.0,312360,Elói Mendes,  3 123 601 ,   26 336,26336.0,16.137606318347512
312370 ENGENHEIRO CALDAS,179.0,23,202.0,312370,Engenheiro Caldas,  3 123 700 ,   13 622,13622.0,14.828953163999412
312380 ENGENHEIRO NAVARRO,85.0,3,88.0,312380,Engenheiro Navarro,  3 123 809 ,   6 354,6354.0,13.849543594586088
312385 ENTRE FOLHAS,72.0,-,72.0,312385,Entre Folhas,  3 123 858 ,   5 179,5179.0,13.902297740876618
312390 ENTRE RIOS DE MINAS,209.0,56,265.0,312390,Entre Rios de Minas,  3 123 908 ,   14 746,14746.0,17.97097517970975
312400 ERVALIA,280.0,13,293.0,312400,Ervália,  3 124 005 ,   20 255,20255.0,14.46556405825722
312410 ESMERALDAS,607.0,63,670.0,312410,Esmeraldas,  3 124 104 ,   85 598,85598.0,7.827285684244959
312420 ESPERA FELIZ,273.0,12,285.0,312420,Espera Feliz,  3 124 203 ,   24 102,24102.0,11.824744834453572
312430 ESPINOSA,328.0,63,391.0,312430,Espinosa,  3 124 302 ,   30 443,30443.0,12.84367506487534
312440 ESPIRITO SANTO DO DOURADO,68.0,1,69.0,312440,Espírito Santo do Dourado,  3 124 401 ,   6 611,6611.0,10.437150204205112
312450 ESTIVA,113.0,7,120.0,312450,Estiva,  3 124 500 ,   11 502,11502.0,10.432968179447053
312460 ESTRELA DALVA,48.0,-,48.0,312460,Estrela Dalva,  3 124 609 ,   2 186,2186.0,21.957913998170174
312470 ESTRELA DO INDAIA,54.0,6,60.0,312470,Estrela do Indaiá,  3 124 708 ,   2 772,2772.0,21.645021645021643
312480 ESTRELA DO SUL,111.0,1,112.0,312480,Estrela do Sul,  3 124 807 ,   6 840,6840.0,16.374269005847953
312490 EUGENOPOLIS,147.0,16,163.0,312490,Eugenópolis,  3 124 906 ,   10 801,10801.0,15.091195259698177
312500 EWBANK DA CAMARA,83.0,-,83.0,312500,Ewbank da Câmara,  3 125 002 ,   3 875,3875.0,21.419354838709676
312510 EXTREMA,732.0,158,890.0,312510,Extrema,  3 125 101 ,   53 482,53482.0,16.641112897797388
312520 FAMA,39.0,-,39.0,312520,Fama,  3 125 200 ,   2 578,2578.0,15.12800620636152
312530 FARIA LEMOS,50.0,1,51.0,312530,Faria Lemos,  3 125 309 ,   3 188,3188.0,15.997490589711418
312540 FELICIO DOS SANTOS,117.0,-,117.0,312540,Felício dos Santos,  3 125 408 ,   5 133,5133.0,22.793687901811804
312550 SAO GONCALO DO RIO PRETO,83.0,1,84.0,312550,São Gonçalo do Rio Preto,  3 125 507 ,   3 032,3032.0,27.704485488126647
312560 FELISBURGO,117.0,1,118.0,312560,Felisburgo,  3 125 606 ,   6 489,6489.0,18.1846201263677
312570 FELIXLANDIA,225.0,55,280.0,312570,Felixlândia,  3 125 705 ,   13 978,13978.0,20.031478036915153
312580 FERNANDES TOURINHO,48.0,1,49.0,312580,Fernandes Tourinho,  3 125 804 ,   2 789,2789.0,17.569021154535676
312590 FERROS,117.0,23,140.0,312590,Ferros,  3 125 903 ,   9 590,9590.0,14.598540145985401
312595 FERVEDOURO,194.0,2,196.0,312595,Fervedouro,  3 125 952 ,   10 445,10445.0,18.764959310674964
312600 FLORESTAL,105.0,31,136.0,312600,Florestal,  3 126 000 ,   8 045,8045.0,16.904909881914232
312610 FORMIGA,1078.0,207,1285.0,312610,Formiga,  3 126 109 ,   68 248,68248.0,18.828390575548003
312620 FORMOSO,172.0,-,172.0,312620,Formoso,  3 126 208 ,   7 949,7949.0,21.637941879481698
312630 FORTALEZA DE MINAS,65.0,1,66.0,312630,Fortaleza de Minas,  3 126 307 ,   3 477,3477.0,18.98188093183779
312640 FORTUNA DE MINAS,67.0,-,67.0,312640,Fortuna de Minas,  3 126 406 ,   3 093,3093.0,21.6618170061429
312650 FRANCISCO BADARO,131.0,9,140.0,312650,Francisco Badaró,  3 126 505 ,   7 366,7366.0,19.00624490904154
312660 FRANCISCO DUMONT,86.0,5,91.0,312660,Francisco Dumont,  3 126 604 ,   4 503,4503.0,20.208749722407283
312670 FRANCISCO SA,451.0,15,466.0,312670,Francisco Sá,  3 126 703 ,   23 476,23476.0,19.850059635372297
312675 FRANCISCOPOLIS,85.0,-,85.0,312675,Franciscópolis,  3 126 752 ,   5 034,5034.0,16.88518077075884
312680 FREI GASPAR,73.0,-,73.0,312680,Frei Gaspar,  3 126 802 ,   5 640,5640.0,12.943262411347517
312690 FREI INOCENCIO,161.0,1,162.0,312690,Frei Inocêncio,  3 126 901 ,   8 226,8226.0,19.693654266958426
312695 FREI LAGONEGRO,35.0,-,35.0,312695,Frei Lagonegro,  3 126 950 ,   3 391,3391.0,10.32143910350929
312700 FRONTEIRA,311.0,29,340.0,312700,Fronteira,  3 127 008 ,   14 540,14540.0,23.383768913342504
312705 FRONTEIRA DOS VALES,67.0,-,67.0,312705,Fronteira dos Vales,  3 127 057 ,   4 345,4345.0,15.420023014959725
312707 FRUTA DE LEITE,67.0,-,67.0,312707,Fruta de Leite,  3 127 073 ,   4 647,4647.0,14.41790402410157
312710 FRUTAL,870.0,349,1219.0,312710,Frutal,  3 127 107 ,   58 588,58588.0,20.806308459070117
312720 FUNILANDIA,106.0,-,106.0,312720,Funilândia,  3 127 206 ,   4 686,4686.0,22.620571916346563
312730 GALILEIA,108.0,2,110.0,312730,Galiléia,  3 127 305 ,   6 222,6222.0,17.67920282867245
312733 GAMELEIRAS,110.0,-,110.0,312733,Gameleiras,  3 127 339 ,   4 793,4793.0,22.950135614437723
312735 GLAUCILANDIA,41.0,-,41.0,312735,Glaucilândia,  3 127 354 ,   2 928,2928.0,14.002732240437158
312737 GOIABEIRA,93.0,4,97.0,312737,Goiabeira,  3 127 370 ,   2 830,2830.0,34.2756183745583
312738 GOIANA,82.0,-,82.0,312738,Goianá,  3 127 388 ,   4 053,4053.0,20.231926967678266
312740 GONCALVES,55.0,-,55.0,312740,Gonçalves,  3 127 404 ,   4 727,4727.0,11.635286651152951
312750 GONZAGA,90.0,2,92.0,312750,Gonzaga,  3 127 503 ,   5 230,5230.0,17.590822179732314
312760 GOUVEIA,138.0,1,139.0,312760,Gouveia,  3 127 602 ,   11 331,11331.0,12.267231488835938
312770 GOVERNADOR VALADARES,4231.0,1917,6148.0,312770,Governador Valadares,  3 127 701 ,   257 171,257171.0,23.906272480178558
312780 GRAO MOGOL,235.0,-,235.0,312780,Grão Mogol,  3 127 800 ,   13 901,13901.0,16.905258614488165
312790 GRUPIARA,71.0,-,71.0,312790,Grupiara,  3 127 909 ,   1 392,1392.0,51.00574712643678
312800 GUANHAES,518.0,77,595.0,312800,Guanhães,  3 128 006 ,   32 244,32244.0,18.453045527850144
312810 GUAPE,134.0,10,144.0,312810,Guapé,  3 128 105 ,   13 772,13772.0,10.45599767644496
312820 GUARACIABA,121.0,1,122.0,312820,Guaraciaba,  3 128 204 ,   9 753,9753.0,12.508971598482518
312825 GUARACIAMA,60.0,-,60.0,312825,Guaraciama,  3 128 253 ,   5 051,5051.0,11.87883587408434
312830 GUARANESIA,317.0,12,329.0,312830,Guaranésia,  3 128 303 ,   19 150,19150.0,17.180156657963447
312840 GUARANI,127.0,4,131.0,312840,Guarani,  3 128 402 ,   7 714,7714.0,16.98211044853513
312850 GUARARA,51.0,3,54.0,312850,Guarará,  3 128 501 ,   3 149,3149.0,17.14830104795173
312860 GUARDA-MOR,144.0,6,150.0,312860,Guarda-Mor,  3 128 600 ,   6 539,6539.0,22.93928735280624
312870 GUAXUPE,846.0,186,1032.0,312870,Guaxupé,  3 128 709 ,   50 911,50911.0,20.27066842136277
312880 GUIDOVAL,88.0,11,99.0,312880,Guidoval,  3 128 808 ,   7 131,7131.0,13.883045856121162
312890 GUIMARANIA,100.0,19,119.0,312890,Guimarânia,  3 128 907 ,   8 478,8478.0,14.036329322953527
312900 GUIRICEMA,104.0,3,107.0,312900,Guiricema,  3 129 004 ,   7 778,7778.0,13.756749807148367
312910 GURINHATA,106.0,-,106.0,312910,Gurinhatã,  3 129 103 ,   5 192,5192.0,20.41602465331279
312920 HELIODORA,66.0,2,68.0,312920,Heliodora,  3 129 202 ,   6 134,6134.0,11.085751548744701
312930 IAPU,115.0,7,122.0,312930,Iapu,  3 129 301 ,   12 030,12030.0,10.141313383208644
312940 IBERTIOGA,179.0,6,185.0,312940,Ibertioga,  3 129 400 ,   5 198,5198.0,35.59061177375914
312950 IBIA,280.0,57,337.0,312950,Ibiá,  3 129 509 ,   22 229,22229.0,15.160376085293985
312960 IBIAI,104.0,2,106.0,312960,Ibiaí,  3 129 608 ,   6 286,6286.0,16.862869869551385
312965 IBIRACATU,86.0,-,86.0,312965,Ibiracatu,  3 129 657 ,   5 081,5081.0,16.925802007478843
312970 IBIRACI,198.0,30,228.0,312970,Ibiraci,  3 129 707 ,   10 948,10948.0,20.82572159298502
312980 IBIRITE,1728.0,247,1975.0,312980,Ibirité,  3 129 806 ,   170 537,170537.0,11.581064519722993
312990 IBITIURA DE MINAS,47.0,-,47.0,312990,Ibitiúra de Minas,  3 129 905 ,   3 365,3365.0,13.967310549777118
313000 IBITURUNA,33.0,-,33.0,313000,Ibituruna,  3 130 002 ,   2 698,2698.0,12.231282431430689
313005 ICARAI DE MINAS,121.0,-,121.0,313005,Icaraí de Minas,  3 130 051 ,   10 677,10677.0,11.332771377727827
313010 IGARAPE,569.0,56,625.0,313010,Igarapé,  3 130 101 ,   45 847,45847.0,13.632298732741509
313020 IGARATINGA,166.0,1,167.0,313020,Igaratinga,  3 130 200 ,   10 830,10830.0,15.420129270544782
313030 IGUATAMA,112.0,22,134.0,313030,Iguatama,  3 130 309 ,   6 826,6826.0,19.630823322590096
313040 IJACI,80.0,18,98.0,313040,Ijaci,  3 130 408 ,   7 003,7003.0,13.994002570327003
313050 ILICINEA,180.0,11,191.0,313050,Ilicínea,  3 130 507 ,   12 741,12741.0,14.990974020877482
313055 IMBE DE MINAS,88.0,-,88.0,313055,Imbé de Minas,  3 130 556 ,   6 986,6986.0,12.59662181505869
313060 INCONFIDENTES,74.0,2,76.0,313060,Inconfidentes,  3 130 606 ,   7 301,7301.0,10.409532940693056
313065 INDAIABIRA,93.0,2,95.0,313065,Indaiabira,  3 130 655 ,   6 346,6346.0,14.970059880239521
313070 INDIANOPOLIS,112.0,2,114.0,313070,Indianópolis,  3 130 705 ,   6 171,6171.0,18.473505104521145
313080 INGAI,47.0,-,47.0,313080,Ingaí,  3 130 804 ,   2 580,2580.0,18.217054263565892
313090 INHAPIM,388.0,28,416.0,313090,Inhapim,  3 130 903 ,   22 692,22692.0,18.332451965450378
313100 INHAUMA,121.0,1,122.0,313100,Inhaúma,  3 131 000 ,   6 239,6239.0,19.554415771758293
313110 INIMUTABA,103.0,14,117.0,313110,Inimutaba,  3 131 109 ,   7 371,7371.0,15.873015873015872
313115 IPABA,239.0,7,246.0,313115,Ipaba,  3 131 158 ,   17 136,17136.0,14.355742296918766
313120 IPANEMA,236.0,59,295.0,313120,Ipanema,  3 131 208 ,   19 522,19522.0,15.111156643786497
313130 IPATINGA,4734.0,1250,5984.0,313130,Ipatinga,  3 131 307 ,   227 731,227731.0,26.276615831836686
313140 IPIACU,69.0,3,72.0,313140,Ipiaçu,  3 131 406 ,   3 775,3775.0,19.072847682119207
313150 IPUIUNA,135.0,16,151.0,313150,Ipuiúna,  3 131 505 ,   9 135,9135.0,16.529830322933773
313160 IRAI DE MINAS,112.0,3,115.0,313160,Iraí de Minas,  3 131 604 ,   7 180,7180.0,16.016713091922007
313170 ITABIRA,2566.0,426,2992.0,313170,Itabira,  3 131 703 ,   113 343,113343.0,26.39774842734002
313180 ITABIRINHA,164.0,6,170.0,313180,Itabirinha,  3 131 802 ,   10 362,10362.0,16.406099208646978
313190 ITABIRITO,941.0,168,1109.0,313190,Itabirito,  3 131 901 ,   53 365,53365.0,20.781411037196666
313200 ITACAMBIRA,94.0,-,94.0,313200,Itacambira,  3 132 008 ,   4 252,4252.0,22.107243650047035
313210 ITACARAMBI,282.0,7,289.0,313210,Itacarambi,  3 132 107 ,   17 208,17208.0,16.79451417945142
313220 ITAGUARA,224.0,26,250.0,313220,Itaguara,  3 132 206 ,   13 846,13846.0,18.055756175068613
313230 ITAIPE,119.0,-,119.0,313230,Itaipé,  3 132 305 ,   10 463,10463.0,11.37341106757144
313240 ITAJUBA,1782.0,622,2404.0,313240,Itajubá,  3 132 404 ,   93 073,93073.0,25.8291878418016
313250 ITAMARANDIBA,474.0,130,604.0,313250,Itamarandiba,  3 132 503 ,   32 948,32948.0,18.331916960058273
313260 ITAMARATI DE MINAS,54.0,3,57.0,313260,Itamarati de Minas,  3 132 602 ,   3 690,3690.0,15.447154471544716
313270 ITAMBACURI,461.0,18,479.0,313270,Itambacuri,  3 132 701 ,   21 042,21042.0,22.763995817888034
313280 ITAMBE DO MATO DENTRO,42.0,-,42.0,313280,Itambé do Mato Dentro,  3 132 800 ,   2 142,2142.0,19.607843137254903
313290 ITAMOGI,149.0,10,159.0,313290,Itamogi,  3 132 909 ,   10 770,10770.0,14.763231197771587
313300 ITAMONTE,195.0,24,219.0,313300,Itamonte,  3 133 006 ,   14 786,14786.0,14.811307994048425
313310 ITANHANDU,366.0,81,447.0,313310,Itanhandu,  3 133 105 ,   15 236,15236.0,29.338409031241795
313320 ITANHOMI,163.0,7,170.0,313320,Itanhomi,  3 133 204 ,   11 128,11128.0,15.276779295470885
313330 ITAOBIM,449.0,28,477.0,313330,Itaobim,  3 133 303 ,   19 151,19151.0,24.907315544880163
313340 ITAPAGIPE,196.0,24,220.0,313340,Itapagipe,  3 133 402 ,   13 690,13690.0,16.070124178232284
313350 ITAPECERICA,186.0,35,221.0,313350,Itapecerica,  3 133 501 ,   21 046,21046.0,10.50080775444265
313360 ITAPEVA,91.0,13,104.0,313360,Itapeva,  3 133 600 ,   12 692,12692.0,8.194138039710053
313370 ITATIAIUCU,208.0,16,224.0,313370,Itatiaiuçu,  3 133 709 ,   12 966,12966.0,17.27595249113065
313375 ITAU DE MINAS,169.0,40,209.0,313375,Itaú de Minas,  3 133 758 ,   14 406,14406.0,14.507843953908095
313380 ITAUNA,1019.0,417,1436.0,313380,Itaúna,  3 133 808 ,   97 669,97669.0,14.702720412822902
313390 ITAVERAVA,79.0,11,90.0,313390,Itaverava,  3 133 907 ,   5 642,5642.0,15.951790145338533
313400 ITINGA,154.0,30,184.0,313400,Itinga,  3 134 004 ,   13 745,13745.0,13.386686067660968
313410 ITUETA,95.0,6,101.0,313410,Itueta,  3 134 103 ,   6 055,6055.0,16.680429397192405
313420 ITUIUTABA,1098.0,540,1638.0,313420,Ituiutaba,  3 134 202 ,   102 217,102217.0,16.024731698249802
313430 ITUMIRIM,99.0,4,103.0,313430,Itumirim,  3 134 301 ,   6 638,6638.0,15.516721904188008
313440 ITURAMA,589.0,137,726.0,313440,Iturama,  3 134 400 ,   38 295,38295.0,18.958088523305914
313450 ITUTINGA,102.0,3,105.0,313450,Itutinga,  3 134 509 ,   4 217,4217.0,24.899217453165758
313460 JABOTICATUBAS,216.0,45,261.0,313460,Jaboticatubas,  3 134 608 ,   20 406,20406.0,12.790355777712438
313470 JACINTO,268.0,5,273.0,313470,Jacinto,  3 134 707 ,   11 042,11042.0,24.723781923564573
313480 JACUI,71.0,4,75.0,313480,Jacuí,  3 134 806 ,   7 495,7495.0,10.00667111407605
313490 JACUTINGA,249.0,29,278.0,313490,Jacutinga,  3 134 905 ,   25 525,25525.0,10.89128305582762
313500 JAGUARACU,59.0,3,62.0,313500,Jaguaraçu,  3 135 001 ,   3 092,3092.0,20.051746442432083
313505 JAIBA,465.0,25,490.0,313505,Jaíba,  3 135 050 ,   37 660,37660.0,13.011152416356877
313507 JAMPRUCA,50.0,1,51.0,313507,Jampruca,  3 135 076 ,   4 296,4296.0,11.871508379888267
313510 JANAUBA,1431.0,125,1556.0,313510,Janaúba,  3 135 100 ,   70 699,70699.0,22.00879786135589
313520 JANUARIA,871.0,96,967.0,313520,Januária,  3 135 209 ,   65 150,65150.0,14.842670759785111
313530 JAPARAIBA,61.0,15,76.0,313530,Japaraíba,  3 135 308 ,   4 506,4506.0,16.866400355082114
313535 JAPONVAR,112.0,5,117.0,313535,Japonvar,  3 135 357 ,   8 127,8127.0,14.396456256921374
313540 JECEABA,140.0,27,167.0,313540,Jeceaba,  3 135 407 ,   6 197,6197.0,26.94852347910279
313545 JENIPAPO DE MINAS,84.0,3,87.0,313545,Jenipapo de Minas,  3 135 456 ,   6 100,6100.0,14.262295081967213
313550 JEQUERI,166.0,10,176.0,313550,Jequeri,  3 135 506 ,   12 419,12419.0,14.171833480956598
313560 JEQUITAI,124.0,4,128.0,313560,Jequitaí,  3 135 605 ,   6 484,6484.0,19.740900678593462
313570 JEQUITIBA,122.0,4,126.0,313570,Jequitibá,  3 135 704 ,   5 883,5883.0,21.417644059153496
313580 JEQUITINHONHA,360.0,9,369.0,313580,Jequitinhonha,  3 135 803 ,   24 007,24007.0,15.370516932561337
313590 JESUANIA,68.0,-,68.0,313590,Jesuânia,  3 135 902 ,   5 138,5138.0,13.234721681588166
313600 JOAIMA,169.0,22,191.0,313600,Joaíma,  3 136 009 ,   13 888,13888.0,13.752880184331797
313610 JOANESIA,63.0,1,64.0,313610,Joanésia,  3 136 108 ,   4 329,4329.0,14.784014784014783
313620 JOAO MONLEVADE,780.0,562,1342.0,313620,João Monlevade,  3 136 207 ,   80 187,80187.0,16.735879880778683
313630 JOAO PINHEIRO,814.0,95,909.0,313630,João Pinheiro,  3 136 306 ,   46 801,46801.0,19.422661908933566
313640 JOAQUIM FELICIO,96.0,4,100.0,313640,Joaquim Felício,  3 136 405 ,   3 854,3854.0,25.94706798131811
313650 JORDANIA,169.0,40,209.0,313650,Jordânia,  3 136 504 ,   10 304,10304.0,20.283385093167702
313652 JOSE GONCALVES DE MINAS,80.0,1,81.0,313652,José Gonçalves de Minas,  3 136 520 ,   3 969,3969.0,20.408163265306122
313655 JOSE RAYDAN,60.0,-,60.0,313655,José Raydan,  3 136 553 ,   4 268,4268.0,14.058106841611997
313657 JOSENOPOLIS,54.0,-,54.0,313657,Josenópolis,  3 136 579 ,   3 630,3630.0,14.87603305785124
313660 NOVA UNIAO,99.0,-,99.0,313660,Nova União,  3 136 603 ,   5 909,5909.0,16.75410390929091
313665 JUATUBA,338.0,143,481.0,313665,Juatuba,  3 136 652 ,   30 716,30716.0,15.659591092590183
313670 JUIZ DE FORA,12481.0,8184,20665.0,313670,Juiz de Fora,  3 136 702 ,   540 756,540756.0,38.21501749402688
313680 JURAMENTO,85.0,1,86.0,313680,Juramento,  3 136 801 ,   3 768,3768.0,22.823779193205944
313690 JURUAIA,184.0,10,194.0,313690,Juruaia,  3 136 900 ,   11 084,11084.0,17.50270660411404
313695 JUVENILIA,88.0,1,89.0,313695,Juvenília,  3 136 959 ,   5 789,5789.0,15.373985144239073
313700 LADAINHA,238.0,17,255.0,313700,Ladainha,  3 137 007 ,   14 383,14383.0,17.72926371410693
313710 LAGAMAR,124.0,24,148.0,313710,Lagamar,  3 137 106 ,   6 631,6631.0,22.319408837279447
313720 LAGOA DA PRATA,561.0,401,962.0,313720,Lagoa da Prata,  3 137 205 ,   51 412,51412.0,18.71158484400529
313730 LAGOA DOS PATOS,83.0,-,83.0,313730,Lagoa dos Patos,  3 137 304 ,   3 313,3313.0,25.052822215514638
313740 LAGOA DOURADA,127.0,20,147.0,313740,Lagoa Dourada,  3 137 403 ,   12 769,12769.0,11.5122562455948
313750 LAGOA FORMOSA,310.0,49,359.0,313750,Lagoa Formosa,  3 137 502 ,   18 904,18904.0,18.990689801100295
313753 LAGOA GRANDE,156.0,14,170.0,313753,Lagoa Grande,  3 137 536 ,   8 969,8969.0,18.95417549336604
313760 LAGOA SANTA,1006.0,312,1318.0,313760,Lagoa Santa,  3 137 601 ,   75 145,75145.0,17.53942378069066
313770 LAJINHA,220.0,11,231.0,313770,Lajinha,  3 137 700 ,   20 835,20835.0,11.087113030957523
313780 LAMBARI,267.0,31,298.0,313780,Lambari,  3 137 809 ,   20 414,20414.0,14.597825022043695
313790 LAMIM,86.0,-,86.0,313790,Lamim,  3 137 908 ,   3 184,3184.0,27.01005025125628
313800 LARANJAL,88.0,14,102.0,313800,Laranjal,  3 138 005 ,   5 963,5963.0,17.105483816870706
313810 LASSANCE,148.0,2,150.0,313810,Lassance,  3 138 104 ,   7 124,7124.0,21.055586749017404
313820 LAVRAS,1843.0,761,2604.0,313820,Lavras,  3 138 203 ,   104 761,104761.0,24.85657830681265
313830 LEANDRO FERREIRA,39.0,4,43.0,313830,Leandro Ferreira,  3 138 302 ,   3 199,3199.0,13.441700531416068
313835 LEME DO PRADO,62.0,3,65.0,313835,Leme do Prado,  3 138 351 ,   4 341,4341.0,14.973508408200876
313840 LEOPOLDINA,725.0,73,798.0,313840,Leopoldina,  3 138 401 ,   51 145,51145.0,15.602698210968814
313850 LIBERDADE,90.0,11,101.0,313850,Liberdade,  3 138 500 ,   4 737,4737.0,21.32151150517205
313860 LIMA DUARTE,266.0,41,307.0,313860,Lima Duarte,  3 138 609 ,   17 221,17221.0,17.82707159862958
313862 LIMEIRA DO OESTE,182.0,13,195.0,313862,Limeira do Oeste,  3 138 625 ,   8 687,8687.0,22.447335098422933
313865 LONTRA,114.0,6,120.0,313865,Lontra,  3 138 658 ,   8 790,8790.0,13.651877133105803
313867 LUISBURGO,96.0,2,98.0,313867,Luisburgo,  3 138 674 ,   6 956,6956.0,14.08855664174813
313868 LUISLANDIA,72.0,1,73.0,313868,Luislândia,  3 138 682 ,   6 210,6210.0,11.755233494363928
313870 LUMINARIAS,77.0,4,81.0,313870,Luminárias,  3 138 708 ,   5 586,5586.0,14.500537056928035
313880 LUZ,261.0,25,286.0,313880,Luz,  3 138 807 ,   17 875,17875.0,16.0
313890 MACHACALIS,153.0,3,156.0,313890,Machacalis,  3 138 906 ,   6 487,6487.0,24.04809619238477
313900 MACHADO,556.0,350,906.0,313900,Machado,  3 139 003 ,   37 684,37684.0,24.042033754378515
313910 MADRE DE DEUS DE MINAS,63.0,7,70.0,313910,Madre de Deus de Minas,  3 139 102 ,   5 191,5191.0,13.484877672895397
313920 MALACACHETA,223.0,28,251.0,313920,Malacacheta,  3 139 201 ,   17 516,17516.0,14.329755651975336
313925 MAMONAS,91.0,-,91.0,313925,Mamonas,  3 139 250 ,   5 997,5997.0,15.174253793563448
313930 MANGA,352.0,10,362.0,313930,Manga,  3 139 300 ,   18 886,18886.0,19.167637403367575
313940 MANHUACU,1710.0,489,2199.0,313940,Manhuaçu,  3 139 409 ,   91 886,91886.0,23.931828570184795
313950 MANHUMIRIM,367.0,25,392.0,313950,Manhumirim,  3 139 508 ,   20 613,20613.0,19.01712511521855
313960 MANTENA,444.0,69,513.0,313960,Mantena,  3 139 607 ,   26 535,26535.0,19.33295647258338
313970 MARAVILHAS,92.0,-,92.0,313970,Maravilhas,  3 139 706 ,   7 333,7333.0,12.546024819309968
313980 MAR DE ESPANHA,187.0,35,222.0,313980,Mar de Espanha,  3 139 805 ,   12 721,12721.0,17.4514582186935
313990 MARIA DA FE,137.0,16,153.0,313990,Maria da Fé,  3 139 904 ,   14 247,14247.0,10.739102969046115
314000 MARIANA,976.0,197,1173.0,314000,Mariana,  3 140 001 ,   61 387,61387.0,19.108280254777068
314010 MARILAC,64.0,-,64.0,314010,Marilac,  3 140 100 ,   4 224,4224.0,15.151515151515152
314015 MARIO CAMPOS,138.0,-,138.0,314015,Mário Campos,  3 140 159 ,   15 900,15900.0,8.679245283018867
314020 MARIPA DE MINAS,62.0,-,62.0,314020,Maripá de Minas,  3 140 209 ,   3 387,3387.0,18.305284912902273
314030 MARLIERIA,62.0,-,62.0,314030,Marliéria,  3 140 308 ,   4 592,4592.0,13.501742160278745
314040 MARMELOPOLIS,34.0,1,35.0,314040,Marmelópolis,  3 140 407 ,   3 200,3200.0,10.9375
314050 MARTINHO CAMPOS,161.0,56,217.0,314050,Martinho Campos,  3 140 506 ,   14 003,14003.0,15.496679283010785
314053 MARTINS SOARES,61.0,2,63.0,314053,Martins Soares,  3 140 530 ,   8 396,8396.0,7.503573130061935
314055 MATA VERDE,80.0,6,86.0,314055,Mata Verde,  3 140 555 ,   9 112,9112.0,9.438103599648814
314060 MATERLANDIA,62.0,1,63.0,314060,Materlândia,  3 140 605 ,   3 963,3963.0,15.897047691143074
314070 MATEUS LEME,466.0,98,564.0,314070,Mateus Leme,  3 140 704 ,   37 841,37841.0,14.904468697973098
314080 MATIAS BARBOSA,173.0,25,198.0,314080,Matias Barbosa,  3 140 803 ,   14 121,14121.0,14.021669853409815
314085 MATIAS CARDOSO,110.0,-,110.0,314085,Matias Cardoso,  3 140 852 ,   8 895,8895.0,12.366498032602586
314090 MATIPO,256.0,19,275.0,314090,Matipó,  3 140 902 ,   18 552,18552.0,14.823199655023716
314100 MATO VERDE,235.0,12,247.0,314100,Mato Verde,  3 141 009 ,   12 038,12038.0,20.518358531317492
314110 MATOZINHOS,361.0,53,414.0,314110,Matozinhos,  3 141 108 ,   37 618,37618.0,11.005369769791058
314120 MATUTINA,74.0,4,78.0,314120,Matutina,  3 141 207 ,   3 814,3814.0,20.45097011012061
314130 MEDEIROS,62.0,1,63.0,314130,Medeiros,  3 141 306 ,   3 900,3900.0,16.153846153846153
314140 MEDINA,308.0,14,322.0,314140,Medina,  3 141 405 ,   20 156,20156.0,15.975391942845803
314150 MENDES PIMENTEL,90.0,-,90.0,314150,Mendes Pimentel,  3 141 504 ,   5 606,5606.0,16.054227613271493
314160 MERCES,132.0,8,140.0,314160,Mercês,  3 141 603 ,   10 373,10373.0,13.496577653523572
314170 MESQUITA,90.0,-,90.0,314170,Mesquita,  3 141 702 ,   5 040,5040.0,17.857142857142858
314180 MINAS NOVAS,363.0,24,387.0,314180,Minas Novas,  3 141 801 ,   24 405,24405.0,15.85740626920713
314190 MINDURI,72.0,4,76.0,314190,Minduri,  3 141 900 ,   3 741,3741.0,20.315423683507085
314200 MIRABELA,297.0,3,300.0,314200,Mirabela,  3 142 007 ,   13 651,13651.0,21.976411984470005
314210 MIRADOURO,184.0,5,189.0,314210,Miradouro,  3 142 106 ,   8 968,8968.0,21.074933095450493
314220 MIRAI,201.0,10,211.0,314220,Miraí,  3 142 205 ,   13 633,13633.0,15.477151030587544
314225 MIRAVANIA,77.0,1,78.0,314225,Miravânia,  3 142 254 ,   3 985,3985.0,19.57340025094103
314230 MOEDA,75.0,1,76.0,314230,Moeda,  3 142 304 ,   5 125,5125.0,14.829268292682926
314240 MOEMA,100.0,2,102.0,314240,Moema,  3 142 403 ,   7 548,7548.0,13.513513513513514
314250 MONJOLOS,74.0,-,74.0,314250,Monjolos,  3 142 502 ,   2 169,2169.0,34.11710465652374
314260 MONSENHOR PAULO,110.0,8,118.0,314260,Monsenhor Paulo,  3 142 601 ,   8 340,8340.0,14.148681055155876
314270 MONTALVANIA,196.0,5,201.0,314270,Montalvânia,  3 142 700 ,   14 060,14060.0,14.29587482219061
314280 MONTE ALEGRE DE MINAS,235.0,2,237.0,314280,Monte Alegre de Minas,  3 142 809 ,   20 170,20170.0,11.750123946455131
314290 MONTE AZUL,370.0,7,377.0,314290,Monte Azul,  3 142 908 ,   20 328,20328.0,18.545848091302634
314300 MONTE BELO,144.0,93,237.0,314300,Monte Belo,  3 143 005 ,   13 046,13046.0,18.166487812356277
314310 MONTE CARMELO,629.0,131,760.0,314310,Monte Carmelo,  3 143 104 ,   47 692,47692.0,15.935586681204397
314315 MONTE FORMOSO,63.0,1,64.0,314315,Monte Formoso,  3 143 153 ,   4 381,4381.0,14.608536863729743
314320 MONTE SANTO DE MINAS,277.0,39,316.0,314320,Monte Santo de Minas,  3 143 203 ,   20 890,20890.0,15.126854954523695
314330 MONTES CLAROS,9741.0,1397,11138.0,314330,Montes Claros,  3 143 302 ,   414 240,414240.0,26.887794515256857
314340 MONTE SIAO,169.0,51,220.0,314340,Monte Sião,  3 143 401 ,   24 089,24089.0,9.132799202955706
314345 MONTEZUMA,112.0,4,116.0,314345,Montezuma,  3 143 450 ,   6 888,6888.0,16.840882694541232
314350 MORADA NOVA DE MINAS,143.0,9,152.0,314350,Morada Nova de Minas,  3 143 500 ,   9 067,9067.0,16.764089555531047
314360 MORRO DA GARCA,45.0,-,45.0,314360,Morro da Garça,  3 143 609 ,   2 411,2411.0,18.664454583160513
314370 MORRO DO PILAR,42.0,1,43.0,314370,Morro do Pilar,  3 143 708 ,   3 133,3133.0,13.724864347270985
314380 MUNHOZ,73.0,1,74.0,314380,Munhoz,  3 143 807 ,   7 451,7451.0,9.931552811703126
314390 MURIAE,2671.0,173,2844.0,314390,Muriaé,  3 143 906 ,   104 108,104108.0,27.31778537672417
314400 MUTUM,314.0,17,331.0,314400,Mutum,  3 144 003 ,   27 635,27635.0,11.977564682467886
314410 MUZAMBINHO,208.0,34,242.0,314410,Muzambinho,  3 144 102 ,   21 891,21891.0,11.054771367228541
314420 NACIP RAYDAN,63.0,-,63.0,314420,Nacip Raydan,  3 144 201 ,   2 459,2459.0,25.620170801138674
314430 NANUQUE,362.0,179,541.0,314430,Nanuque,  3 144 300 ,   35 038,35038.0,15.440379017067183
314435 NAQUE,83.0,5,88.0,314435,Naque,  3 144 359 ,   6 303,6303.0,13.961605584642234
314437 NATALANDIA,76.0,-,76.0,314437,Natalândia,  3 144 375 ,   3 520,3520.0,21.59090909090909
314440 NATERCIA,70.0,5,75.0,314440,Natércia,  3 144 409 ,   4 691,4691.0,15.988062246855682
314450 NAZARENO,131.0,13,144.0,314450,Nazareno,  3 144 508 ,   8 179,8179.0,17.60606431104047
314460 NEPOMUCENO,237.0,17,254.0,314460,Nepomuceno,  3 144 607 ,   25 018,25018.0,10.152690063154528
314465 NINHEIRA,139.0,2,141.0,314465,Ninheira,  3 144 656 ,   10 588,10588.0,13.316962599168871
314467 NOVA BELEM,71.0,5,76.0,314467,Nova Belém,  3 144 672 ,   3 151,3151.0,24.11932719771501
314470 NOVA ERA,171.0,50,221.0,314470,Nova Era,  3 144 706 ,   17 438,17438.0,12.67347172840922
314480 NOVA LIMA,1386.0,756,2142.0,314480,Nova Lima,  3 144 805 ,   111 697,111697.0,19.176880310124712
314490 NOVA MODICA,63.0,3,66.0,314490,Nova Módica,  3 144 904 ,   3 663,3663.0,18.01801801801802
314500 NOVA PONTE,213.0,67,280.0,314500,Nova Ponte,  3 145 000 ,   14 598,14598.0,19.180709686258393
314505 NOVA PORTEIRINHA,68.0,-,68.0,314505,Nova Porteirinha,  3 145 059 ,   6 706,6706.0,10.140172979421413
314510 NOVA RESENDE,139.0,23,162.0,314510,Nova Resende,  3 145 109 ,   16 387,16387.0,9.885885152865075
314520 NOVA SERRANA,1024.0,281,1305.0,314520,Nova Serrana,  3 145 208 ,   105 552,105552.0,12.363574351978173
314530 NOVO CRUZEIRO,266.0,24,290.0,314530,Novo Cruzeiro,  3 145 307 ,   26 975,26975.0,10.750695088044486
314535 NOVO ORIENTE DE MINAS,102.0,1,103.0,314535,Novo Oriente de Minas,  3 145 356 ,   10 275,10275.0,10.024330900243308
314537 NOVORIZONTE,75.0,-,75.0,314537,Novorizonte,  3 145 372 ,   4 571,4571.0,16.407788230146576
314540 OLARIA,52.0,-,52.0,314540,Olaria,  3 145 406 ,   1 945,1945.0,26.73521850899743
314545 OLHOS-D'AGUA,66.0,2,68.0,314545,Olhos-d'Água,  3 145 455 ,   5 385,5385.0,12.627669452181987
314550 OLIMPIO NORONHA,51.0,8,59.0,314550,Olímpio Noronha,  3 145 505 ,   2 555,2555.0,23.091976516634052
314560 OLIVEIRA,787.0,77,864.0,314560,Oliveira,  3 145 604 ,   39 262,39262.0,22.00601090112577
314570 OLIVEIRA FORTES,34.0,-,34.0,314570,Oliveira Fortes,  3 145 703 ,   2 027,2027.0,16.773556980759743
314580 ONCA DE PITANGUI,56.0,-,56.0,314580,Onça de Pitangui,  3 145 802 ,   2 969,2969.0,18.86156955203772
314585 ORATORIOS,55.0,2,57.0,314585,Oratórios,  3 145 851 ,   4 917,4917.0,11.592434411226357
314587 ORIZANIA,82.0,1,83.0,314587,Orizânia,  3 145 877 ,   8 437,8437.0,9.837620007111532
314590 OURO BRANCO,511.0,518,1029.0,314590,Ouro Branco,  3 145 901 ,   38 724,38724.0,26.572668112798265
314600 OURO FINO,348.0,81,429.0,314600,Ouro Fino,  3 146 008 ,   32 094,32094.0,13.36698448308095
314610 OURO PRETO,1286.0,205,1491.0,314610,Ouro Preto,  3 146 107 ,   74 821,74821.0,19.9275604442603
314620 OURO VERDE DE MINAS,107.0,3,110.0,314620,Ouro Verde de Minas,  3 146 206 ,   5 757,5757.0,19.107173875282264
314625 PADRE CARVALHO,87.0,1,88.0,314625,Padre Carvalho,  3 146 255 ,   5 058,5058.0,17.398181099248717
314630 PADRE PARAISO,236.0,12,248.0,314630,Padre Paraíso,  3 146 305 ,   17 334,17334.0,14.30714203299873
314640 PAINEIRAS,57.0,4,61.0,314640,Paineiras,  3 146 404 ,   4 224,4224.0,14.441287878787879
314650 PAINS,108.0,9,117.0,314650,Pains,  3 146 503 ,   8 142,8142.0,14.369933677229183
314655 PAI PEDRO,71.0,3,74.0,314655,Pai Pedro,  3 146 552 ,   5 551,5551.0,13.33093136371825
314660 PAIVA,32.0,-,32.0,314660,Paiva,  3 146 602 ,   1 474,1474.0,21.709633649932154
314670 PALMA,109.0,8,117.0,314670,Palma,  3 146 701 ,   5 707,5707.0,20.50113895216401
314675 PALMOPOLIS,112.0,2,114.0,314675,Palmópolis,  3 146 750 ,   6 301,6301.0,18.09236629106491
314690 PAPAGAIOS,165.0,17,182.0,314690,Papagaios,  3 146 909 ,   13 920,13920.0,13.074712643678161
314700 PARACATU,1197.0,320,1517.0,314700,Paracatu,  3 147 006 ,   94 023,94023.0,16.13435010582517
314710 PARA DE MINAS,1489.0,204,1693.0,314710,Pará de Minas,  3 147 105 ,   97 139,97139.0,17.42863319572983
314720 PARAGUACU,235.0,31,266.0,314720,Paraguaçu,  3 147 204 ,   21 723,21723.0,12.245085853703447
314730 PARAISOPOLIS,259.0,98,357.0,314730,Paraisópolis,  3 147 303 ,   20 445,20445.0,17.461482024944974
314740 PARAOPEBA,272.0,131,403.0,314740,Paraopeba,  3 147 402 ,   24 107,24107.0,16.71713610154727
314750 PASSABEM,41.0,2,43.0,314750,Passabém,  3 147 501 ,   1 600,1600.0,26.875
314760 PASSA QUATRO,209.0,34,243.0,314760,Passa Quatro,  3 147 600 ,   15 515,15515.0,15.662262326780537
314770 PASSA TEMPO,124.0,5,129.0,314770,Passa Tempo,  3 147 709 ,   8 473,8473.0,15.224831818718283
314780 PASSA-VINTE,43.0,1,44.0,314780,Passa Vinte,  3 147 808 ,   2 233,2233.0,19.704433497536947
314790 PASSOS,2659.0,409,3068.0,314790,Passos,  3 147 907 ,   111 939,111939.0,27.40778459696799
314795 PATIS,87.0,-,87.0,314795,Patis,  3 147 956 ,   4 837,4837.0,17.986355178829854
314800 PATOS DE MINAS,2678.0,1694,4372.0,314800,Patos de Minas,  3 148 004 ,   159 235,159235.0,27.45627531635633
314810 PATROCINIO,1359.0,314,1673.0,314810,Patrocínio,  3 148 103 ,   89 826,89826.0,18.624897023133613
314820 PATROCINIO DO MURIAE,62.0,1,63.0,314820,Patrocínio do Muriaé,  3 148 202 ,   5 576,5576.0,11.29842180774749
314830 PAULA CANDIDO,98.0,30,128.0,314830,Paula Cândido,  3 148 301 ,   8 659,8659.0,14.782307425799745
314840 PAULISTAS,76.0,2,78.0,314840,Paulistas,  3 148 400 ,   4 389,4389.0,17.7717019822283
314850 PAVAO,107.0,3,110.0,314850,Pavão,  3 148 509 ,   8 047,8047.0,13.669690567913507
314860 PECANHA,305.0,82,387.0,314860,Peçanha,  3 148 608 ,   17 446,17446.0,22.182735297489398
314870 PEDRA AZUL,382.0,9,391.0,314870,Pedra Azul,  3 148 707 ,   24 410,24410.0,16.018025399426467
314875 PEDRA BONITA,72.0,2,74.0,314875,Pedra Bonita,  3 148 756 ,   7 320,7320.0,10.109289617486338
314880 PEDRA DO ANTA,107.0,-,107.0,314880,Pedra do Anta,  3 148 806 ,   3 311,3311.0,32.31652068861371
314890 PEDRA DO INDAIA,68.0,2,70.0,314890,Pedra do Indaiá,  3 148 905 ,   4 112,4112.0,17.023346303501945
314900 PEDRA DOURADA,51.0,1,52.0,314900,Pedra Dourada,  3 149 002 ,   2 757,2757.0,18.86108088501995
314910 PEDRALVA,116.0,8,124.0,314910,Pedralva,  3 149 101 ,   10 760,10760.0,11.524163568773234
314915 PEDRAS DE MARIA DA CRUZ,102.0,-,102.0,314915,Pedras de Maria da Cruz,  3 149 150 ,   10 433,10433.0,9.776670181155948
314920 PEDRINOPOLIS,69.0,1,70.0,314920,Pedrinópolis,  3 149 200 ,   3 344,3344.0,20.933014354066987
314930 PEDRO LEOPOLDO,543.0,168,711.0,314930,Pedro Leopoldo,  3 149 309 ,   62 580,62580.0,11.361457334611698
314940 PEDRO TEIXEIRA,64.0,-,64.0,314940,Pedro Teixeira,  3 149 408 ,   1 810,1810.0,35.35911602209945
314950 PEQUERI,67.0,-,67.0,314950,Pequeri,  3 149 507 ,   3 351,3351.0,19.994031632348555
314960 PEQUI,80.0,8,88.0,314960,Pequi,  3 149 606 ,   4 155,4155.0,21.17930204572804
314970 PERDIGAO,100.0,4,104.0,314970,Perdigão,  3 149 705 ,   12 268,12268.0,8.4773394196283
314980 PERDIZES,278.0,20,298.0,314980,Perdizes,  3 149 804 ,   17 151,17151.0,17.375080170252463
314990 PERDOES,226.0,19,245.0,314990,Perdões,  3 149 903 ,   21 384,21384.0,11.457164234942013
314995 PERIQUITO,95.0,2,97.0,314995,Periquito,  3 149 952 ,   6 553,6553.0,14.802380589043187
315000 PESCADOR,73.0,7,80.0,315000,Pescador,  3 150 000 ,   3 570,3570.0,22.408963585434172
315010 PIAU,65.0,-,65.0,315010,Piau,  3 150 109 ,   2 796,2796.0,23.24749642346209
315015 PIEDADE DE CARATINGA,83.0,-,83.0,315015,Piedade de Caratinga,  3 150 158 ,   8 529,8529.0,9.731504279516942
315020 PIEDADE DE PONTE NOVA,62.0,-,62.0,315020,Piedade de Ponte Nova,  3 150 208 ,   3 976,3976.0,15.593561368209256
315030 PIEDADE DO RIO GRANDE,97.0,14,111.0,315030,Piedade do Rio Grande,  3 150 307 ,   4 604,4604.0,24.10947002606429
315040 PIEDADE DOS GERAIS,67.0,-,67.0,315040,Piedade dos Gerais,  3 150 406 ,   5 019,5019.0,13.349272763498703
315050 PIMENTA,117.0,18,135.0,315050,Pimenta,  3 150 505 ,   8 563,8563.0,15.765502744365293
315053 PINGO-D'AGUA,83.0,2,85.0,315053,Pingo-d'Água,  3 150 539 ,   4 706,4706.0,18.06204844878878
315057 PINTOPOLIS,100.0,-,100.0,315057,Pintópolis,  3 150 570 ,   7 084,7084.0,14.116318464144552
315060 PIRACEMA,96.0,2,98.0,315060,Piracema,  3 150 604 ,   6 700,6700.0,14.626865671641792
315070 PIRAJUBA,133.0,3,136.0,315070,Pirajuba,  3 150 703 ,   5 537,5537.0,24.562037204262236
315080 PIRANGA,227.0,12,239.0,315080,Piranga,  3 150 802 ,   17 018,17018.0,14.04395346104125
315090 PIRANGUCU,49.0,11,60.0,315090,Piranguçu,  3 150 901 ,   6 041,6041.0,9.932130441979805
315100 PIRANGUINHO,69.0,16,85.0,315100,Piranguinho,  3 151 008 ,   9 120,9120.0,9.320175438596491
315110 PIRAPETINGA,165.0,18,183.0,315110,Pirapetinga,  3 151 107 ,   11 077,11077.0,16.520718606120788
315120 PIRAPORA,1094.0,87,1181.0,315120,Pirapora,  3 151 206 ,   55 606,55606.0,21.23871524655613
315130 PIRAUBA,104.0,34,138.0,315130,Piraúba,  3 151 305 ,   11 610,11610.0,11.886304909560724
315140 PITANGUI,227.0,312,539.0,315140,Pitangui,  3 151 404 ,   26 685,26685.0,20.19861345325089
315150 PIUMHI,741.0,88,829.0,315150,Piumhi,  3 151 503 ,   36 062,36062.0,22.988187011258386
315160 PLANURA,171.0,6,177.0,315160,Planura,  3 151 602 ,   11 145,11145.0,15.88156123822342
315170 POCO FUNDO,360.0,23,383.0,315170,Poço Fundo,  3 151 701 ,   16 390,16390.0,23.36790726052471
315180 POCOS DE CALDAS,3199.0,1834,5033.0,315180,Poços de Caldas,  3 151 800 ,   163 742,163742.0,30.73737953609947
315190 POCRANE,114.0,3,117.0,315190,Pocrane,  3 151 909 ,   8 350,8350.0,14.011976047904191
315200 POMPEU,388.0,123,511.0,315200,Pompéu,  3 152 006 ,   31 047,31047.0,16.45891712564821
315210 PONTE NOVA,1548.0,162,1710.0,315210,Ponte Nova,  3 152 105 ,   57 776,57776.0,29.597064525062308
315213 PONTO CHIQUE,83.0,1,84.0,315213,Ponto Chique,  3 152 131 ,   3 747,3747.0,22.41793434747798
315217 PONTO DOS VOLANTES,146.0,3,149.0,315217,Ponto dos Volantes,  3 152 170 ,   10 883,10883.0,13.691077827804833
315220 PORTEIRINHA,452.0,34,486.0,315220,Porteirinha,  3 152 204 ,   37 438,37438.0,12.981462684972488
315230 PORTO FIRME,142.0,5,147.0,315230,Porto Firme,  3 152 303 ,   10 569,10569.0,13.908600624467784
315240 POTE,190.0,8,198.0,315240,Poté,  3 152 402 ,   13 666,13666.0,14.488511634713888
315250 POUSO ALEGRE,2370.0,803,3173.0,315250,Pouso Alegre,  3 152 501 ,   152 217,152217.0,20.845240676139984
315260 POUSO ALTO,97.0,6,103.0,315260,Pouso Alto,  3 152 600 ,   6 566,6566.0,15.686871763630826
315270 PRADOS,110.0,6,116.0,315270,Prados,  3 152 709 ,   9 048,9048.0,12.82051282051282
315280 PRATA,396.0,34,430.0,315280,Prata,  3 152 808 ,   28 342,28342.0,15.171829793239715
315290 PRATAPOLIS,87.0,2,89.0,315290,Pratápolis,  3 152 907 ,   8 406,8406.0,10.58767546990245
315300 PRATINHA,54.0,3,57.0,315300,Pratinha,  3 153 004 ,   3 559,3559.0,16.015734756954203
315310 PRESIDENTE BERNARDES,125.0,1,126.0,315310,Presidente Bernardes,  3 153 103 ,   4 850,4850.0,25.97938144329897
315320 PRESIDENTE JUSCELINO,76.0,-,76.0,315320,Presidente Juscelino,  3 153 202 ,   3 465,3465.0,21.933621933621932
315330 PRESIDENTE KUBITSCHEK,50.0,-,50.0,315330,Presidente Kubitschek,  3 153 301 ,   3 071,3071.0,16.2813415825464
315340 PRESIDENTE OLEGARIO,230.0,1,231.0,315340,Presidente Olegário,  3 153 400 ,   18 765,18765.0,12.310151878497201
315350 ALTO JEQUITIBA,91.0,6,97.0,315350,Alto Jequitibá,  3 153 509 ,   8 397,8397.0,11.551744670715733
315360 PRUDENTE DE MORAIS,123.0,-,123.0,315360,Prudente de Morais,  3 153 608 ,   11 466,11466.0,10.727367870225013
315370 QUARTEL GERAL,58.0,-,58.0,315370,Quartel Geral,  3 153 707 ,   3 179,3179.0,18.24473104749921
315380 QUELUZITO,32.0,-,32.0,315380,Queluzito,  3 153 806 ,   1 770,1770.0,18.07909604519774
315390 RAPOSOS,130.0,1,131.0,315390,Raposos,  3 153 905 ,   16 279,16279.0,8.047177345045764
315400 RAUL SOARES,315.0,33,348.0,315400,Raul Soares,  3 154 002 ,   23 423,23423.0,14.857191649233659
315410 RECREIO,134.0,2,136.0,315410,Recreio,  3 154 101 ,   11 007,11007.0,12.355773598619061
315415 REDUTO,83.0,1,84.0,315415,Reduto,  3 154 150 ,   7 848,7848.0,10.703363914373089
315420 RESENDE COSTA,176.0,46,222.0,315420,Resende Costa,  3 154 200 ,   11 230,11230.0,19.768477292965272
315430 RESPLENDOR,337.0,21,358.0,315430,Resplendor,  3 154 309 ,   17 226,17226.0,20.782538023917333
315440 RESSAQUINHA,107.0,-,107.0,315440,Ressaquinha,  3 154 408 ,   4 548,4548.0,23.52682497801231
315445 RIACHINHO,124.0,2,126.0,315445,Riachinho,  3 154 457 ,   6 863,6863.0,18.359318082471223
315450 RIACHO DOS MACHADOS,102.0,9,111.0,315450,Riacho dos Machados,  3 154 507 ,   8 756,8756.0,12.67702147099132
315460 RIBEIRAO DAS NEVES,2404.0,183,2587.0,315460,Ribeirão das Neves,  3 154 606 ,   329 794,329794.0,7.8442906784235
315470 RIBEIRAO VERMELHO,67.0,10,77.0,315470,Ribeirão Vermelho,  3 154 705 ,   4 080,4080.0,18.872549019607842
315480 RIO ACIMA,128.0,-,128.0,315480,Rio Acima,  3 154 804 ,   10 261,10261.0,12.47441769808011
315490 RIO CASCA,190.0,84,274.0,315490,Rio Casca,  3 154 903 ,   12 789,12789.0,21.42466181875049
315500 RIO DOCE,47.0,1,48.0,315500,Rio Doce,  3 155 009 ,   2 484,2484.0,19.32367149758454
315510 RIO DO PRADO,99.0,1,100.0,315510,Rio do Prado,  3 155 108 ,   4 639,4639.0,21.55636990730761
315520 RIO ESPERA,89.0,1,90.0,315520,Rio Espera,  3 155 207 ,   5 429,5429.0,16.57763860747836
315530 RIO MANSO,71.0,-,71.0,315530,Rio Manso,  3 155 306 ,   5 568,5568.0,12.751436781609195
315540 RIO NOVO,141.0,27,168.0,315540,Rio Novo,  3 155 405 ,   8 518,8518.0,19.722939657196523
315550 RIO PARANAIBA,135.0,24,159.0,315550,Rio Paranaíba,  3 155 504 ,   14 532,14532.0,10.941370767960363
315560 RIO PARDO DE MINAS,358.0,14,372.0,315560,Rio Pardo de Minas,  3 155 603 ,   28 271,28271.0,13.158360157051396
315570 RIO PIRACICABA,159.0,23,182.0,315570,Rio Piracicaba,  3 155 702 ,   14 631,14631.0,12.439341125008543
315580 RIO POMBA,270.0,39,309.0,315580,Rio Pomba,  3 155 801 ,   17 443,17443.0,17.71484263028149
315590 RIO PRETO,119.0,5,124.0,315590,Rio Preto,  3 155 900 ,   5 141,5141.0,24.11982104648901
315600 RIO VERMELHO,174.0,14,188.0,315600,Rio Vermelho,  3 156 007 ,   12 641,12641.0,14.872241120164544
315610 RITAPOLIS,70.0,4,74.0,315610,Ritápolis,  3 156 106 ,   4 994,4994.0,14.817781337605126
315620 ROCHEDO DE MINAS,61.0,-,61.0,315620,Rochedo de Minas,  3 156 205 ,   2 291,2291.0,26.625927542557836
315630 RODEIRO,71.0,7,78.0,315630,Rodeiro,  3 156 304 ,   8 664,8664.0,9.002770083102494
315640 ROMARIA,53.0,1,54.0,315640,Romaria,  3 156 403 ,   3 386,3386.0,15.948021264028352
315645 ROSARIO DA LIMEIRA,55.0,9,64.0,315645,Rosário da Limeira,  3 156 452 ,   4 734,4734.0,13.51922264469793
315650 RUBELITA,119.0,1,120.0,315650,Rubelita,  3 156 502 ,   5 679,5679.0,21.130480718436345
315660 RUBIM,165.0,3,168.0,315660,Rubim,  3 156 601 ,   10 298,10298.0,16.313847348999804
315670 SABARA,940.0,90,1030.0,315670,Sabará,  3 156 700 ,   129 380,129380.0,7.961044983768744
315680 SABINOPOLIS,173.0,8,181.0,315680,Sabinópolis,  3 156 809 ,   14 240,14240.0,12.710674157303371
315690 SACRAMENTO,557.0,93,650.0,315690,Sacramento,  3 156 908 ,   26 670,26670.0,24.371953505811774
315700 SALINAS,685.0,125,810.0,315700,Salinas,  3 157 005 ,   40 178,40178.0,20.160286724077853
315710 SALTO DA DIVISA,112.0,-,112.0,315710,Salto da Divisa,  3 157 104 ,   6 110,6110.0,18.330605564648117
315720 SANTA BARBARA,313.0,100,413.0,315720,Santa Bárbara,  3 157 203 ,   30 466,30466.0,13.556095319372414
315725 SANTA BARBARA DO LESTE,60.0,-,60.0,315725,Santa Bárbara do Leste,  3 157 252 ,   8 458,8458.0,7.093875620714117
315727 SANTA BARBARA DO MONTE VERDE,81.0,-,81.0,315727,Santa Bárbara do Monte Verde,  3 157 278 ,   3 095,3095.0,26.17124394184168
315730 SANTA BARBARA DO TUGURIO,53.0,-,53.0,315730,Santa Bárbara do Tugúrio,  3 157 302 ,   4 208,4208.0,12.595057034220533
315733 SANTA CRUZ DE MINAS,79.0,4,83.0,315733,Santa Cruz de Minas,  3 157 336 ,   8 109,8109.0,10.235540757183376
315737 SANTA CRUZ DE SALINAS,73.0,-,73.0,315737,Santa Cruz de Salinas,  3 157 377 ,   3 910,3910.0,18.670076726342714
315740 SANTA CRUZ DO ESCALVADO,66.0,-,66.0,315740,Santa Cruz do Escalvado,  3 157 401 ,   4 673,4673.0,14.123689278835865
315750 SANTA EFIGENIA DE MINAS,56.0,-,56.0,315750,Santa Efigênia de Minas,  3 157 500 ,   4 039,4039.0,13.86481802426343
315760 SANTA FE DE MINAS,72.0,-,72.0,315760,Santa Fé de Minas,  3 157 609 ,   3 522,3522.0,20.442930153321974
315765 SANTA HELENA DE MINAS,121.0,-,121.0,315765,Santa Helena de Minas,  3 157 658 ,   5 938,5938.0,20.377231391040755
315770 SANTA JULIANA,172.0,24,196.0,315770,Santa Juliana,  3 157 708 ,   15 734,15734.0,12.457099275454429
315780 SANTA LUZIA,1615.0,334,1949.0,315780,Santa Luzia,  3 157 807 ,   219 132,219132.0,8.894182501871018
315790 SANTA MARGARIDA,173.0,10,183.0,315790,Santa Margarida,  3 157 906 ,   16 395,16395.0,11.161939615736504
315800 SANTA MARIA DE ITABIRA,109.0,20,129.0,315800,Santa Maria de Itabira,  3 158 003 ,   10 485,10485.0,12.303290414878397
315810 SANTA MARIA DO SALTO,91.0,6,97.0,315810,Santa Maria do Salto,  3 158 102 ,   4 755,4755.0,20.399579390115665
315820 SANTA MARIA DO SUACUI,228.0,7,235.0,315820,Santa Maria do Suaçuí,  3 158 201 ,   12 788,12788.0,18.37660306537379
315830 SANTANA DA VARGEM,86.0,2,88.0,315830,Santana da Vargem,  3 158 300 ,   6 691,6691.0,13.151995217456285
315840 SANTANA DE CATAGUASES,42.0,1,43.0,315840,Santana de Cataguases,  3 158 409 ,   3 489,3489.0,12.324448265978791
315850 SANTANA DE PIRAPAMA,103.0,1,104.0,315850,Santana de Pirapama,  3 158 508 ,   7 030,7030.0,14.793741109530583
315860 SANTANA DO DESERTO,85.0,1,86.0,315860,Santana do Deserto,  3 158 607 ,   3 747,3747.0,22.9516946890846
315870 SANTANA DO GARAMBEU,51.0,-,51.0,315870,Santana do Garambéu,  3 158 706 ,   2 137,2137.0,23.865231633130556
315880 SANTANA DO JACARE,70.0,1,71.0,315880,Santana do Jacaré,  3 158 805 ,   4 214,4214.0,16.84859990507831
315890 SANTANA DO MANHUACU,97.0,5,102.0,315890,Santana do Manhuaçu,  3 158 904 ,   8 987,8987.0,11.34972738399911
315895 SANTANA DO PARAISO,305.0,44,349.0,315895,Santana do Paraíso,  3 158 953 ,   44 800,44800.0,7.790178571428571
315900 SANTANA DO RIACHO,70.0,-,70.0,315900,Santana do Riacho,  3 159 001 ,   5 313,5313.0,13.175230566534914
315910 SANTANA DOS MONTES,42.0,1,43.0,315910,Santana dos Montes,  3 159 100 ,   3 469,3469.0,12.395503026808878
315920 SANTA RITA DE CALDAS,92.0,17,109.0,315920,Santa Rita de Caldas,  3 159 209 ,   8 460,8460.0,12.884160756501181
315930 SANTA RITA DE JACUTINGA,92.0,2,94.0,315930,Santa Rita de Jacutinga,  3 159 308 ,   4 755,4755.0,19.768664563617246
315935 SANTA RITA DE MINAS,79.0,2,81.0,315935,Santa Rita de Minas,  3 159 357 ,   6 773,6773.0,11.959249963088736
315940 SANTA RITA DE IBITIPOCA,48.0,-,48.0,315940,Santa Rita de Ibitipoca,  3 159 407 ,   3 301,3301.0,14.541048167222055
315950 SANTA RITA DO ITUETO,101.0,3,104.0,315950,Santa Rita do Itueto,  3 159 506 ,   5 826,5826.0,17.851012701682116
315960 SANTA RITA DO SAPUCAI,413.0,317,730.0,315960,Santa Rita do Sapucaí,  3 159 605 ,   40 635,40635.0,17.96480866248308
315970 SANTA ROSA DA SERRA,78.0,5,83.0,315970,Santa Rosa da Serra,  3 159 704 ,   3 382,3382.0,24.541691306918985
315980 SANTA VITORIA,315.0,21,336.0,315980,Santa Vitória,  3 159 803 ,   20 973,20973.0,16.02059791160063
315990 SANTO ANTONIO DO AMPARO,312.0,115,427.0,315990,Santo Antônio do Amparo,  3 159 902 ,   17 285,17285.0,24.703500144634074
316000 SANTO ANTONIO DO AVENTUREIRO,58.0,-,58.0,316000,Santo Antônio do Aventureiro,  3 160 009 ,   3 769,3769.0,15.388697267179623
316010 SANTO ANTONIO DO GRAMA,64.0,2,66.0,316010,Santo Antônio do Grama,  3 160 108 ,   4 229,4229.0,15.606526365571057
316020 SANTO ANTONIO DO ITAMBE,82.0,-,82.0,316020,Santo Antônio do Itambé,  3 160 207 ,   3 915,3915.0,20.94508301404853
316030 SANTO ANTONIO DO JACINTO,133.0,-,133.0,316030,Santo Antônio do Jacinto,  3 160 306 ,   10 327,10327.0,12.87886123753268
316040 SANTO ANTONIO DO MONTE,483.0,29,512.0,316040,Santo Antônio do Monte,  3 160 405 ,   27 295,27295.0,18.758014288331196
316045 SANTO ANTONIO DO RETIRO,117.0,2,119.0,316045,Santo Antônio do Retiro,  3 160 454 ,   6 629,6629.0,17.951425554382258
316050 SANTO ANTONIO DO RIO ABAIXO,28.0,-,28.0,316050,Santo Antônio do Rio Abaixo,  3 160 504 ,   1 808,1808.0,15.486725663716815
316060 SANTO HIPOLITO,57.0,-,57.0,316060,Santo Hipólito,  3 160 603 ,   2 717,2717.0,20.97902097902098
316070 SANTOS DUMONT,579.0,94,673.0,316070,Santos Dumont,  3 160 702 ,   42 406,42406.0,15.870395698721877
316080 SAO BENTO ABADE,84.0,-,84.0,316080,São Bento Abade,  3 160 801 ,   4 713,4713.0,17.82304264799491
316090 SAO BRAS DO SUACUI,65.0,5,70.0,316090,São Brás do Suaçuí,  3 160 900 ,   3 989,3989.0,17.548257708698923
316095 SAO DOMINGOS DAS DORES,68.0,2,70.0,316095,São Domingos das Dores,  3 160 959 ,   5 626,5626.0,12.442232492001422
316100 SAO DOMINGOS DO PRATA,206.0,33,239.0,316100,São Domingos do Prata,  3 161 007 ,   17 392,17392.0,13.74195032198712
316105 SAO FELIX DE MINAS,111.0,-,111.0,316105,São Félix de Minas,  3 161 056 ,   3 200,3200.0,34.6875
316110 SAO FRANCISCO,597.0,26,623.0,316110,São Francisco,  3 161 106 ,   52 762,52762.0,11.807740419241119
316120 SAO FRANCISCO DE PAULA,70.0,1,71.0,316120,São Francisco de Paula,  3 161 205 ,   6 187,6187.0,11.475674802004203
316130 SAO FRANCISCO DE SALES,113.0,9,122.0,316130,São Francisco de Sales,  3 161 304 ,   5 732,5732.0,21.284019539427774
316140 SAO FRANCISCO DO GLORIA,71.0,2,73.0,316140,São Francisco do Glória,  3 161 403 ,   4 800,4800.0,15.208333333333334
316150 SAO GERALDO,78.0,2,80.0,316150,São Geraldo,  3 161 502 ,   10 282,10282.0,7.780587434351294
316160 SAO GERALDO DA PIEDADE,55.0,-,55.0,316160,São Geraldo da Piedade,  3 161 601 ,   3 305,3305.0,16.64145234493192
316165 SAO GERALDO DO BAIXIO,49.0,-,49.0,316165,São Geraldo do Baixio,  3 161 650 ,   3 143,3143.0,15.590200445434299
316170 SAO GONCALO DO ABAETE,101.0,5,106.0,316170,São Gonçalo do Abaeté,  3 161 700 ,   7 375,7375.0,14.372881355932202
316180 SAO GONCALO DO PARA,118.0,17,135.0,316180,São Gonçalo do Pará,  3 161 809 ,   11 770,11770.0,11.469838572642312
316190 SAO GONCALO DO RIO ABAIXO,256.0,34,290.0,316190,São Gonçalo do Rio Abaixo,  3 161 908 ,   11 850,11850.0,24.47257383966245
316200 SAO GONCALO DO SAPUCAI,332.0,43,375.0,316200,São Gonçalo do Sapucaí,  3 162 005 ,   23 959,23959.0,15.651738386410118
316210 SAO GOTARDO,494.0,164,658.0,316210,São Gotardo,  3 162 104 ,   40 910,40910.0,16.08408702028844
316220 SAO JOAO BATISTA DO GLORIA,122.0,3,125.0,316220,São João Batista do Glória,  3 162 203 ,   7 652,7652.0,16.335598536330373
316225 SAO JOAO DA LAGOA,96.0,-,96.0,316225,São João da Lagoa,  3 162 252 ,   4 822,4822.0,19.908751555371218
316230 SAO JOAO DA MATA,40.0,1,41.0,316230,São João da Mata,  3 162 302 ,   2 914,2914.0,14.070006863417982
316240 SAO JOAO DA PONTE,334.0,4,338.0,316240,São João da Ponte,  3 162 401 ,   23 930,23930.0,14.124529878813204
316245 SAO JOAO DAS MISSOES,232.0,2,234.0,316245,São João das Missões,  3 162 450 ,   13 024,13024.0,17.966830466830466
316250 SAO JOAO DEL REI,2107.0,409,2516.0,316250,São João del Rei,  3 162 500 ,   90 225,90225.0,27.88584095317262
316255 SAO JOAO DO MANHUACU,128.0,1,129.0,316255,São João do Manhuaçu,  3 162 559 ,   11 246,11246.0,11.470745153832473
316257 SAO JOAO DO MANTENINHA,91.0,3,94.0,316257,São João do Manteninha,  3 162 575 ,   5 331,5331.0,17.632714312511727
316260 SAO JOAO DO ORIENTE,93.0,1,94.0,316260,São João do Oriente,  3 162 609 ,   7 070,7070.0,13.295615275813295
316265 SAO JOAO DO PACUI,62.0,-,62.0,316265,São João do Pacuí,  3 162 658 ,   3 972,3972.0,15.609264853977844
316270 SAO JOAO DO PARAISO,342.0,12,354.0,316270,São João do Paraíso,  3 162 708 ,   23 910,23910.0,14.805520702634881
316280 SAO JOAO EVANGELISTA,245.0,14,259.0,316280,São João Evangelista,  3 162 807 ,   15 315,15315.0,16.911524649036892
316290 SAO JOAO NEPOMUCENO,336.0,71,407.0,316290,São João Nepomuceno,  3 162 906 ,   25 565,25565.0,15.920203403090163
316292 SAO JOAQUIM DE BICAS,457.0,27,484.0,316292,São Joaquim de Bicas,  3 162 922 ,   34 348,34348.0,14.091067893327123
316294 SAO JOSE DA BARRA,115.0,4,119.0,316294,São José da Barra,  3 162 948 ,   7 793,7793.0,15.270114205055819
316295 SAO JOSE DA LAPA,278.0,23,301.0,316295,São José da Lapa,  3 162 955 ,   26 090,26090.0,11.536987351475661
316300 SAO JOSE DA SAFIRA,60.0,-,60.0,316300,São José da Safira,  3 163 003 ,   3 806,3806.0,15.764582238570677
316310 SAO JOSE DA VARGINHA,78.0,4,82.0,316310,São José da Varginha,  3 163 102 ,   4 536,4536.0,18.077601410934744
316320 SAO JOSE DO ALEGRE,42.0,3,45.0,316320,São José do Alegre,  3 163 201 ,   4 133,4133.0,10.887974836680378
316330 SAO JOSE DO DIVINO,63.0,2,65.0,316330,São José do Divino,  3 163 300 ,   3 464,3464.0,18.76443418013857
316340 SAO JOSE DO GOIABAL,91.0,-,91.0,316340,São José do Goiabal,  3 163 409 ,   5 396,5396.0,16.86434395848777
316350 SAO JOSE DO JACURI,79.0,1,80.0,316350,São José do Jacuri,  3 163 508 ,   6 197,6197.0,12.909472325318703
316360 SAO JOSE DO MANTIMENTO,50.0,6,56.0,316360,São José do Mantimento,  3 163 607 ,   2 753,2753.0,20.341445695604797
316370 SAO LOURENCO,1130.0,299,1429.0,316370,São Lourenço,  3 163 706 ,   44 798,44798.0,31.898745479708918
316380 SAO MIGUEL DO ANTA,93.0,7,100.0,316380,São Miguel do Anta,  3 163 805 ,   6 334,6334.0,15.787811809283234
316390 SAO PEDRO DA UNIAO,68.0,2,70.0,316390,São Pedro da União,  3 163 904 ,   4 885,4885.0,14.329580348004095
316400 SAO PEDRO DOS FERROS,71.0,11,82.0,316400,São Pedro dos Ferros,  3 164 001 ,   7 166,7166.0,11.442924923248674
316410 SAO PEDRO DO SUACUI,48.0,-,48.0,316410,São Pedro do Suaçuí,  3 164 100 ,   5 103,5103.0,9.40623162845385
316420 SAO ROMAO,117.0,-,117.0,316420,São Romão,  3 164 209 ,   10 315,10315.0,11.342704798836646
316430 SAO ROQUE DE MINAS,85.0,2,87.0,316430,São Roque de Minas,  3 164 308 ,   7 129,7129.0,12.20367512975172
316440 SAO SEBASTIAO DA BELA VISTA,53.0,1,54.0,316440,São Sebastião da Bela Vista,  3 164 407 ,   6 387,6387.0,8.454673555659934
316443 SAO SEBASTIAO DA VARGEM ALEGRE,64.0,-,64.0,316443,São Sebastião da Vargem Alegre,  3 164 431 ,   3 113,3113.0,20.55894635399936
316447 SAO SEBASTIAO DO ANTA,68.0,5,73.0,316447,São Sebastião do Anta,  3 164 472 ,   6 194,6194.0,11.78559896674201
316450 SAO SEBASTIAO DO MARANHAO,135.0,6,141.0,316450,São Sebastião do Maranhão,  3 164 506 ,   10 079,10079.0,13.98948308363925
316460 SAO SEBASTIAO DO OESTE,107.0,4,111.0,316460,São Sebastião do Oeste,  3 164 605 ,   8 815,8815.0,12.59217243335224
316470 SAO SEBASTIAO DO PARAISO,1715.0,270,1985.0,316470,São Sebastião do Paraíso,  3 164 704 ,   71 796,71796.0,27.647779820602818
316480 SAO SEBASTIAO DO RIO PRETO,41.0,-,41.0,316480,São Sebastião do Rio Preto,  3 164 803 ,   1 259,1259.0,32.56552819698173
316490 SAO SEBASTIAO DO RIO VERDE,38.0,-,38.0,316490,São Sebastião do Rio Verde,  3 164 902 ,   2 300,2300.0,16.52173913043478
316500 SAO TIAGO,154.0,25,179.0,316500,São Tiago,  3 165 008 ,   11 192,11192.0,15.993566833452467
316510 SAO TOMAS DE AQUINO,106.0,2,108.0,316510,São Tomás de Aquino,  3 165 107 ,   6 740,6740.0,16.023738872403563
316520 SAO THOME DAS LETRAS,114.0,37,151.0,316520,São Tomé das Letras,  3 165 206 ,   6 904,6904.0,21.87137891077636
316530 SAO VICENTE DE MINAS,120.0,18,138.0,316530,São Vicente de Minas,  3 165 305 ,   6 804,6804.0,20.282186948853614
316540 SAPUCAI-MIRIM,65.0,4,69.0,316540,Sapucaí-Mirim,  3 165 404 ,   6 311,6311.0,10.933291079068294
316550 SARDOA,77.0,-,77.0,316550,Sardoá,  3 165 503 ,   5 104,5104.0,15.086206896551724
316553 SARZEDO,538.0,70,608.0,316553,Sarzedo,  3 165 537 ,   36 844,36844.0,16.502008468135923
316555 SETUBINHA,102.0,1,103.0,316555,Setubinha,  3 165 552 ,   9 917,9917.0,10.386205505697287
316556 SEM-PEIXE,58.0,-,58.0,316556,Sem-Peixe,  3 165 560 ,   2 433,2433.0,23.83888203863543
316557 SENADOR AMARAL,70.0,2,72.0,316557,Senador Amaral,  3 165 578 ,   6 206,6206.0,11.601675797615211
316560 SENADOR CORTES,27.0,-,27.0,316560,Senador Cortes,  3 165 602 ,   2 240,2240.0,12.053571428571429
316570 SENADOR FIRMINO,145.0,16,161.0,316570,Senador Firmino,  3 165 701 ,   7 716,7716.0,20.86573354069466
316580 SENADOR JOSE BENTO,35.0,1,36.0,316580,Senador José Bento,  3 165 800 ,   2 068,2068.0,17.408123791102515
316590 SENADOR MODESTINO GONCALVES,86.0,-,86.0,316590,Senador Modestino Gonçalves,  3 165 909 ,   4 008,4008.0,21.457085828343313
316600 SENHORA DE OLIVEIRA,72.0,1,73.0,316600,Senhora de Oliveira,  3 166 006 ,   5 483,5483.0,13.313879263177094
316610 SENHORA DO PORTO,56.0,1,57.0,316610,Senhora do Porto,  3 166 105 ,   3 067,3067.0,18.584936419954353
316620 SENHORA DOS REMEDIOS,92.0,40,132.0,316620,Senhora dos Remédios,  3 166 204 ,   10 384,10384.0,12.711864406779663
316630 SERICITA,97.0,6,103.0,316630,Sericita,  3 166 303 ,   7 345,7345.0,14.023144996596324
316640 SERITINGA,42.0,4,46.0,316640,Seritinga,  3 166 402 ,   1 819,1819.0,25.288620120945573
316650 SERRA AZUL DE MINAS,70.0,-,70.0,316650,Serra Azul de Minas,  3 166 501 ,   3 792,3792.0,18.459915611814345
316660 SERRA DA SAUDADE,25.0,-,25.0,316660,Serra da Saudade,  3 166 600 ,833,833.0,30.012004801920767
316670 SERRA DOS AIMORES,70.0,-,70.0,316670,Serra dos Aimorés,  3 166 709 ,   6 944,6944.0,10.080645161290322
316680 SERRA DO SALITRE,209.0,22,231.0,316680,Serra do Salitre,  3 166 808 ,   11 801,11801.0,19.574612320989747
316690 SERRANIA,87.0,1,88.0,316690,Serrania,  3 166 907 ,   7 621,7621.0,11.547041070725626
316695 SERRANOPOLIS DE MINAS,59.0,-,59.0,316695,Serranópolis de Minas,  3 166 956 ,   4 399,4399.0,13.412139122527847
316700 SERRANOS,48.0,-,48.0,316700,Serranos,  3 167 004 ,   1 990,1990.0,24.120603015075375
316710 SERRO,275.0,9,284.0,316710,Serro,  3 167 103 ,   21 952,21952.0,12.937317784256559
316720 SETE LAGOAS,3302.0,1271,4573.0,316720,Sete Lagoas,  3 167 202 ,   227 397,227397.0,20.110203740594642
316730 SILVEIRANIA,42.0,-,42.0,316730,Silveirânia,  3 167 301 ,   2 323,2323.0,18.080068876452863
316740 SILVIANOPOLIS,63.0,4,67.0,316740,Silvianópolis,  3 167 400 ,   6 179,6179.0,10.843178507849165
316750 SIMAO PEREIRA,59.0,-,59.0,316750,Simão Pereira,  3 167 509 ,   2 947,2947.0,20.02035968781812
316760 SIMONESIA,173.0,11,184.0,316760,Simonésia,  3 167 608 ,   19 750,19750.0,9.316455696202532
316770 SOBRALIA,102.0,20,122.0,316770,Sobrália,  3 167 707 ,   5 137,5137.0,23.749270001946662
316780 SOLEDADE DE MINAS,41.0,3,44.0,316780,Soledade de Minas,  3 167 806 ,   5 613,5613.0,7.838945305540709
316790 TABULEIRO,65.0,2,67.0,316790,Tabuleiro,  3 167 905 ,   4 014,4014.0,16.69157947184853
316800 TAIOBEIRAS,851.0,13,864.0,316800,Taiobeiras,  3 168 002 ,   33 050,33050.0,26.142208774583963
316805 TAPARUBA,87.0,-,87.0,316805,Taparuba,  3 168 051 ,   3 387,3387.0,25.686448184233832
316810 TAPIRA,61.0,8,69.0,316810,Tapira,  3 168 101 ,   4 118,4118.0,16.755706653715396
316820 TAPIRAI,42.0,-,42.0,316820,Tapiraí,  3 168 200 ,   1 690,1690.0,24.85207100591716
316830 TAQUARACU DE MINAS,74.0,1,75.0,316830,Taquaraçu de Minas,  3 168 309 ,   4 224,4224.0,17.75568181818182
316840 TARUMIRIM,212.0,6,218.0,316840,Tarumirim,  3 168 408 ,   14 709,14709.0,14.820857978108641
316850 TEIXEIRAS,175.0,16,191.0,316850,Teixeiras,  3 168 507 ,   12 255,12255.0,15.58547531619747
316860 TEOFILO OTONI,3597.0,419,4016.0,316860,Teófilo Otoni,  3 168 606 ,   137 418,137418.0,29.22470127639756
316870 TIMOTEO,1011.0,383,1394.0,316870,Timóteo,  3 168 705 ,   81 579,81579.0,17.08773091114135
316880 TIRADENTES,82.0,15,97.0,316880,Tiradentes,  3 168 804 ,   7 744,7744.0,12.525826446280991
316890 TIROS,109.0,9,118.0,316890,Tiros,  3 168 903 ,   7 883,7883.0,14.96892046175314
316900 TOCANTINS,127.0,13,140.0,316900,Tocantins,  3 169 000 ,   16 185,16185.0,8.649984553599012
316905 TOCOS DO MOJI,42.0,5,47.0,316905,Tocos do Moji,  3 169 059 ,   3 826,3826.0,12.284370099320439
316910 TOLEDO,77.0,1,78.0,316910,Toledo,  3 169 109 ,   7 214,7214.0,10.812309398392015
316920 TOMBOS,149.0,43,192.0,316920,Tombos,  3 169 208 ,   8 609,8609.0,22.30224183993495
316930 TRES CORACOES,1308.0,346,1654.0,316930,Três Corações,  3 169 307 ,   75 485,75485.0,21.911638073789497
316935 TRES MARIAS,429.0,84,513.0,316935,Três Marias,  3 169 356 ,   28 895,28895.0,17.753936667243465
316940 TRES PONTAS,733.0,331,1064.0,316940,Três Pontas,  3 169 406 ,   55 255,55255.0,19.256175911682202
316950 TUMIRITINGA,85.0,19,104.0,316950,Tumiritinga,  3 169 505 ,   5 886,5886.0,17.66904519198097
316960 TUPACIGUARA,417.0,26,443.0,316960,Tupaciguara,  3 169 604 ,   25 470,25470.0,17.39301138594425
316970 TURMALINA,306.0,34,340.0,316970,Turmalina,  3 169 703 ,   20 000,20000.0,17.0
316980 TURVOLANDIA,50.0,3,53.0,316980,Turvolândia,  3 169 802 ,   4 935,4935.0,10.739614994934144
316990 UBA,1727.0,278,2005.0,316990,Ubá,  3 169 901 ,   103 365,103365.0,19.397281478256662
317000 UBAI,138.0,6,144.0,317000,Ubaí,  3 170 008 ,   11 708,11708.0,12.299282541851724
317005 UBAPORANGA,128.0,4,132.0,317005,Ubaporanga,  3 170 057 ,   13 017,13017.0,10.140585388338327
317010 UBERABA,7292.0,2419,9711.0,317010,Uberaba,  3 170 107 ,   337 836,337836.0,28.74471637125706
317020 UBERLANDIA,12765.0,12290,25055.0,317020,Uberlândia,  3 170 206 ,   713 224,713224.0,35.129216066761636
317030 UMBURATIBA,48.0,-,48.0,317030,Umburatiba,  3 170 305 ,   2 684,2684.0,17.883755588673623
317040 UNAI,1068.0,559,1627.0,317040,Unaí,  3 170 404 ,   86 619,86619.0,18.783407797365474
317043 UNIAO DE MINAS,81.0,1,82.0,317043,União de Minas,  3 170 438 ,   3 828,3828.0,21.42110762800418
317047 URUANA DE MINAS,89.0,-,89.0,317047,Uruana de Minas,  3 170 479 ,   3 282,3282.0,27.117611212675197
317050 URUCANIA,120.0,-,120.0,317050,Urucânia,  3 170 503 ,   10 600,10600.0,11.320754716981131
317052 URUCUIA,237.0,9,246.0,317052,Urucuia,  3 170 529 ,   17 479,17479.0,14.07403169517707
317057 VARGEM ALEGRE,66.0,5,71.0,317057,Vargem Alegre,  3 170 578 ,   5 780,5780.0,12.283737024221454
317060 VARGEM BONITA,43.0,-,43.0,317060,Vargem Bonita,  3 170 602 ,   2 158,2158.0,19.925857275254867
317065 VARGEM GRANDE DO RIO PARDO,118.0,3,121.0,317065,Vargem Grande do Rio Pardo,  3 170 651 ,   4 633,4633.0,26.116986833585152
317070 VARGINHA,2117.0,853,2970.0,317070,Varginha,  3 170 701 ,   136 467,136467.0,21.76350326452549
317075 VARJAO DE MINAS,110.0,4,114.0,317075,Varjão de Minas,  3 170 750 ,   6 969,6969.0,16.358157554885924
317080 VARZEA DA PALMA,426.0,36,462.0,317080,Várzea da Palma,  3 170 800 ,   33 744,33744.0,13.691322901849217
317090 VARZELANDIA,230.0,4,234.0,317090,Varzelândia,  3 170 909 ,   18 840,18840.0,12.420382165605096
317100 VAZANTE,314.0,85,399.0,317100,Vazante,  3 171 006 ,   19 975,19975.0,19.97496871088861
317103 VERDELANDIA,132.0,18,150.0,317103,Verdelândia,  3 171 030 ,   7 672,7672.0,19.551616266944734
317107 VEREDINHA,80.0,1,81.0,317107,Veredinha,  3 171 071 ,   5 181,5181.0,15.63404748118124
317110 VERISSIMO,80.0,-,80.0,317110,Veríssimo,  3 171 105 ,   3 411,3411.0,23.453532688361182
317115 VERMELHO NOVO,61.0,-,61.0,317115,Vermelho Novo,  3 171 154 ,   4 899,4899.0,12.451520718513981
317120 VESPASIANO,1282.0,767,2049.0,317120,Vespasiano,  3 171 204 ,   129 246,129246.0,15.853488695975116
317130 VICOSA,1333.0,693,2026.0,317130,Viçosa,  3 171 303 ,   76 430,76430.0,26.507915739892713
317140 VIEIRAS,73.0,-,73.0,317140,Vieiras,  3 171 402 ,   3 700,3700.0,19.72972972972973
317150 MATHIAS LOBATO,73.0,1,74.0,317150,Mathias Lobato,  3 171 501 ,   3 038,3038.0,24.358130348913758
317160 VIRGEM DA LAPA,158.0,12,170.0,317160,Virgem da Lapa,  3 171 600 ,   11 804,11804.0,14.401897661809555
317170 VIRGINIA,95.0,15,110.0,317170,Virgínia,  3 171 709 ,   8 908,8908.0,12.348450830713965
317180 VIRGINOPOLIS,175.0,12,187.0,317180,Virginópolis,  3 171 808 ,   10 314,10314.0,18.13069614116735
317190 VIRGOLANDIA,138.0,-,138.0,317190,Virgolândia,  3 171 907 ,   4 552,4552.0,30.31634446397188
317200 VISCONDE DO RIO BRANCO,504.0,85,589.0,317200,Visconde do Rio Branco,  3 172 004 ,   39 160,39160.0,15.040858018386107
317210 VOLTA GRANDE,70.0,2,72.0,317210,Volta Grande,  3 172 103 ,   4 443,4443.0,16.205266711681297
317220 WENCESLAU BRAZ,25.0,-,25.0,317220,Wenceslau Braz,  3 172 202 ,   2 356,2356.0,10.611205432937181
320010 AFONSO CLAUDIO,433.0,135,568.0,320010,Afonso Cláudio,  3 200 102 ,   30 684,30684.0,18.511276235171422
320013 AGUIA BRANCA,171.0,19,190.0,320013,Águia Branca,  3 200 136 ,   9 711,9711.0,19.56544125218824
320016 AGUA DOCE DO NORTE,100.0,7,107.0,320016,Água Doce do Norte,  3 200 169 ,   12 042,12042.0,8.885567181531307
320020 ALEGRE,427.0,150,577.0,320020,Alegre,  3 200 201 ,   29 177,29177.0,19.775850841416183
320030 ALFREDO CHAVES,233.0,59,292.0,320030,Alfredo Chaves,  3 200 300 ,   13 836,13836.0,21.104365423532812
320035 ALTO RIO NOVO,90.0,2,92.0,320035,Alto Rio Novo,  3 200 359 ,   7 434,7434.0,12.375571697605597
320040 ANCHIETA,749.0,181,930.0,320040,Anchieta,  3 200 409 ,   29 984,29984.0,31.016542155816435
320050 APIACA,148.0,23,171.0,320050,Apiacá,  3 200 508 ,   7 223,7223.0,23.67437352900457
320060 ARACRUZ,1628.0,431,2059.0,320060,Aracruz,  3 200 607 ,   94 765,94765.0,21.72743101355986
320070 ATILIO VIVACQUA,243.0,11,254.0,320070,Atílio Vivácqua,  3 200 706 ,   10 540,10540.0,24.098671726755217
320080 BAIXO GUANDU,505.0,78,583.0,320080,Baixo Guandu,  3 200 805 ,   30 674,30674.0,19.006324574558256
320090 BARRA DE SAO FRANCISCO,865.0,215,1080.0,320090,Barra de São Francisco,  3 200 904 ,   42 498,42498.0,25.412960609911053
320100 BOA ESPERANCA,185.0,79,264.0,320100,Boa Esperança,  3 201 001 ,   13 608,13608.0,19.400352733686066
320110 BOM JESUS DO NORTE,189.0,9,198.0,320110,Bom Jesus do Norte,  3 201 100 ,   10 254,10254.0,19.309537741369223
320115 BREJETUBA,175.0,14,189.0,320115,Brejetuba,  3 201 159 ,   12 985,12985.0,14.555256064690028
320120 CACHOEIRO DE ITAPEMIRIM,5186.0,1287,6473.0,320120,Cachoeiro de Itapemirim,  3 201 209 ,   185 786,185786.0,34.841161336160965
320130 CARIACICA,2700.0,1331,4031.0,320130,Cariacica,  3 201 308 ,   353 491,353491.0,11.403402066813582
320140 CASTELO,483.0,239,722.0,320140,Castelo,  3 201 407 ,   36 930,36930.0,19.550500947738964
320150 COLATINA,3093.0,717,3810.0,320150,Colatina,  3 201 506 ,   120 033,120033.0,31.741271150433633
320160 CONCEICAO DA BARRA,339.0,55,394.0,320160,Conceição da Barra,  3 201 605 ,   27 458,27458.0,14.349187850535364
320170 CONCEICAO DO CASTELO,160.0,29,189.0,320170,Conceição do Castelo,  3 201 704 ,   11 937,11937.0,15.833123900477506
320180 DIVINO DE SAO LOURENCO,89.0,22,111.0,320180,Divino de São Lourenço,  3 201 803 ,   5 083,5083.0,21.83749754082235
320190 DOMINGOS MARTINS,455.0,65,520.0,320190,Domingos Martins,  3 201 902 ,   35 416,35416.0,14.68262932008132
320200 DORES DO RIO PRETO,122.0,11,133.0,320200,Dores do Rio Preto,  3 202 009 ,   6 596,6596.0,20.16373559733172
320210 ECOPORANGA,280.0,44,324.0,320210,Ecoporanga,  3 202 108 ,   21 992,21992.0,14.732630047289923
320220 FUNDAO,238.0,86,324.0,320220,Fundão,  3 202 207 ,   18 014,18014.0,17.986010880426335
320225 GOVERNADOR LINDENBERG,186.0,85,271.0,320225,Governador Lindenberg,  3 202 256 ,   11 009,11009.0,24.61622309019893
320230 GUACUI,611.0,37,648.0,320230,Guaçuí,  3 202 306 ,   29 358,29358.0,22.072348252605764
320240 GUARAPARI,1219.0,838,2057.0,320240,Guarapari,  3 202 405 ,   124 656,124656.0,16.50141188550892
320245 IBATIBA,197.0,252,449.0,320245,Ibatiba,  3 202 454 ,   25 380,25380.0,17.69109535066982
320250 IBIRACU,142.0,31,173.0,320250,Ibiraçu,  3 202 504 ,   11 723,11723.0,14.757314680542525
320255 IBITIRAMA,107.0,44,151.0,320255,Ibitirama,  3 202 553 ,   9 520,9520.0,15.861344537815125
320260 ICONHA,208.0,79,287.0,320260,Iconha,  3 202 603 ,   12 326,12326.0,23.28411487911731
320265 IRUPI,152.0,51,203.0,320265,Irupi,  3 202 652 ,   13 710,13710.0,14.806710430342816
320270 ITAGUACU,173.0,61,234.0,320270,Itaguaçu,  3 202 702 ,   13 589,13589.0,17.219810140554863
320280 ITAPEMIRIM,908.0,116,1024.0,320280,Itapemirim,  3 202 801 ,   39 832,39832.0,25.70797348865234
320290 ITARANA,160.0,16,176.0,320290,Itarana,  3 202 900 ,   10 597,10597.0,16.60847409644239
320300 IUNA,256.0,113,369.0,320300,Iúna,  3 203 007 ,   28 590,28590.0,12.906610703043022
320305 JAGUARE,295.0,168,463.0,320305,Jaguaré,  3 203 056 ,   28 931,28931.0,16.00359475994608
320310 JERONIMO MONTEIRO,278.0,51,329.0,320310,Jerônimo Monteiro,  3 203 106 ,   11 575,11575.0,28.42332613390929
320313 JOAO NEIVA,238.0,23,261.0,320313,João Neiva,  3 203 130 ,   14 079,14079.0,18.53824845514596
320316 LARANJA DA TERRA,188.0,45,233.0,320316,Laranja da Terra,  3 203 163 ,   11 094,11094.0,21.002343609158103
320320 LINHARES,2962.0,1626,4588.0,320320,Linhares,  3 203 205 ,   166 786,166786.0,27.508304054297124
320330 MANTENOPOLIS,140.0,25,165.0,320330,Mantenópolis,  3 203 304 ,   12 770,12770.0,12.920908379013312
320332 MARATAIZES,508.0,192,700.0,320332,Marataízes,  3 203 320 ,   41 929,41929.0,16.694888978988292
320334 MARECHAL FLORIANO,213.0,51,264.0,320334,Marechal Floriano,  3 203 346 ,   17 641,17641.0,14.965138030723882
320335 MARILANDIA,178.0,29,207.0,320335,Marilândia,  3 203 353 ,   12 387,12387.0,16.711068055219183
320340 MIMOSO DO SUL,453.0,167,620.0,320340,Mimoso do Sul,  3 203 403 ,   24 475,24475.0,25.33197139938713
320350 MONTANHA,285.0,104,389.0,320350,Montanha,  3 203 502 ,   18 900,18900.0,20.582010582010582
320360 MUCURICI,122.0,8,130.0,320360,Mucurici,  3 203 601 ,   5 466,5466.0,23.783388218075377
320370 MUNIZ FREIRE,267.0,39,306.0,320370,Muniz Freire,  3 203 700 ,   18 153,18153.0,16.85671789786812
320380 MUQUI,196.0,20,216.0,320380,Muqui,  3 203 809 ,   13 745,13745.0,15.71480538377592
320390 NOVA VENECIA,715.0,292,1007.0,320390,Nova Venécia,  3 203 908 ,   49 065,49065.0,20.52379496586161
320400 PANCAS,243.0,34,277.0,320400,Pancas,  3 204 005 ,   18 893,18893.0,14.661514846768645
320405 PEDRO CANARIO,254.0,14,268.0,320405,Pedro Canário,  3 204 054 ,   21 522,21522.0,12.452374314654772
320410 PINHEIROS,255.0,205,460.0,320410,Pinheiros,  3 204 104 ,   23 915,23915.0,19.234789880827933
320420 PIUMA,351.0,44,395.0,320420,Piúma,  3 204 203 ,   22 300,22300.0,17.713004484304935
320425 PONTO BELO,118.0,17,135.0,320425,Ponto Belo,  3 204 252 ,   6 497,6497.0,20.778820994305065
320430 PRESIDENTE KENNEDY,331.0,18,349.0,320430,Presidente Kennedy,  3 204 302 ,   13 696,13696.0,25.481892523364486
320435 RIO BANANAL,184.0,39,223.0,320435,Rio Bananal,  3 204 351 ,   19 274,19274.0,11.569990660994085
320440 RIO NOVO DO SUL,164.0,6,170.0,320440,Rio Novo do Sul,  3 204 401 ,   11 069,11069.0,15.358207606829886
320450 SANTA LEOPOLDINA,210.0,23,233.0,320450,Santa Leopoldina,  3 204 500 ,   13 106,13106.0,17.778116893026095
320455 SANTA MARIA DE JETIBA,431.0,388,819.0,320455,Santa Maria de Jetibá,  3 204 559 ,   41 636,41636.0,19.670477471418966
320460 SANTA TERESA,635.0,114,749.0,320460,Santa Teresa,  3 204 609 ,   22 808,22808.0,32.83935461241669
320465 SAO DOMINGOS DO NORTE,139.0,13,152.0,320465,São Domingos do Norte,  3 204 658 ,   8 589,8589.0,17.697054371870998
320470 SAO GABRIEL DA PALHA,358.0,146,504.0,320470,São Gabriel da Palha,  3 204 708 ,   32 252,32252.0,15.626937864318492
320480 SAO JOSE DO CALCADO,508.0,35,543.0,320480,São José do Calçado,  3 204 807 ,   10 878,10878.0,49.917264202978494
320490 SAO MATEUS,1534.0,441,1975.0,320490,São Mateus,  3 204 906 ,   123 752,123752.0,15.959338030900511
320495 SAO ROQUE DO CANAA,142.0,51,193.0,320495,São Roque do Canaã,  3 204 955 ,   10 886,10886.0,17.729193459489252
320500 SERRA,7420.0,2127,9547.0,320500,Serra,  3 205 002 ,   520 653,520653.0,18.33658886052707
320501 SOORETAMA,316.0,41,357.0,320501,Sooretama,  3 205 010 ,   26 502,26502.0,13.47068145800317
320503 VARGEM ALTA,283.0,36,319.0,320503,Vargem Alta,  3 205 036 ,   19 563,19563.0,16.30629249092675
320506 VENDA NOVA DO IMIGRANTE,563.0,207,770.0,320506,Venda Nova do Imigrante,  3 205 069 ,   23 831,23831.0,32.31085560824137
320510 VIANA,790.0,69,859.0,320510,Viana,  3 205 101 ,   73 423,73423.0,11.699331272217153
320515 VILA PAVAO,117.0,61,178.0,320515,Vila Pavão,  3 205 150 ,   8 911,8911.0,19.97531141286051
320517 VILA VALERIO,129.0,58,187.0,320517,Vila Valério,  3 205 176 ,   13 728,13728.0,13.621794871794872
320520 VILA VELHA,7403.0,3658,11061.0,320520,Vila Velha,  3 205 200 ,   467 722,467722.0,23.648663094744315
320530 VITORIA,12863.0,4582,17445.0,320530,Vitória,  3 205 309 ,   322 869,322869.0,54.03120150897113
330010 ANGRA DOS REIS,3407.0,883,4290.0,330010,Angra dos Reis,  3 300 100 ,   167 434,167434.0,25.622036145585724
330015 APERIBE,234.0,16,250.0,330015,Aperibé,  3 300 159 ,   11 034,11034.0,22.65724125430488
330020 ARARUAMA,1833.0,388,2221.0,330020,Araruama,  3 300 209 ,   129 671,129671.0,17.127962304601645
330022 AREAL,250.0,29,279.0,330022,Areal,  3 300 225 ,   11 828,11828.0,23.588096043287116
330023 ARMACAO DOS BUZIOS,776.0,143,919.0,330023,Armação dos Búzios,  3 300 233 ,   40 006,40006.0,22.971554266859968
330025 ARRAIAL DO CABO,1005.0,10,1015.0,330025,Arraial do Cabo,  3 300 258 ,   30 986,30986.0,32.75672884528497
330030 BARRA DO PIRAI,1221.0,204,1425.0,330030,Barra do Piraí,  3 300 308 ,   92 883,92883.0,15.341881722166598
330040 BARRA MANSA,2888.0,664,3552.0,330040,Barra Mansa,  3 300 407 ,   169 894,169894.0,20.907153872414565
330045 BELFORD ROXO,4447.0,370,4817.0,330045,Belford Roxo,  3 300 456 ,   483 087,483087.0,9.971288815472162
330050 BOM JARDIM,289.0,31,320.0,330050,Bom Jardim,  3 300 506 ,   28 102,28102.0,11.387089886840794
330060 BOM JESUS DO ITABAPOANA,1442.0,164,1606.0,330060,Bom Jesus do Itabapoana,  3 300 605 ,   35 173,35173.0,45.660023313336936
330070 CABO FRIO,3899.0,732,4631.0,330070,Cabo Frio,  3 300 704 ,   222 161,222161.0,20.845242864409144
330080 CACHOEIRAS DE MACACU,1158.0,67,1225.0,330080,Cachoeiras de Macacu,  3 300 803 ,   56 943,56943.0,21.512740810986426
330090 CAMBUCI,254.0,4,258.0,330090,Cambuci,  3 300 902 ,   14 616,14616.0,17.651888341543515
330093 CARAPEBUS,482.0,34,516.0,330093,Carapebus,  3 300 936 ,   13 847,13847.0,37.26438939842565
330095 COMENDADOR LEVY GASPARIAN,249.0,13,262.0,330095,Comendador Levy Gasparian,  3 300 951 ,   8 741,8741.0,29.973687221141745
330100 CAMPOS DOS GOYTACAZES,9578.0,2660,12238.0,330100,Campos dos Goytacazes,  3 301 009 ,   483 540,483540.0,25.309178144517517
330110 CANTAGALO,332.0,157,489.0,330110,Cantagalo,  3 301 108 ,   19 390,19390.0,25.21918514698298
330115 CARDOSO MOREIRA,190.0,-,190.0,330115,Cardoso Moreira,  3 301 157 ,   12 958,12958.0,14.66275659824047
330120 CARMO,479.0,33,512.0,330120,Carmo,  3 301 207 ,   17 198,17198.0,29.770903593441098
330130 CASIMIRO DE ABREU,872.0,28,900.0,330130,Casimiro de Abreu,  3 301 306 ,   46 110,46110.0,19.518542615484712
330140 CONCEICAO DE MACABU,306.0,28,334.0,330140,Conceição de Macabu,  3 301 405 ,   21 104,21104.0,15.826383623957545
330150 CORDEIRO,270.0,73,343.0,330150,Cordeiro,  3 301 504 ,   20 783,20783.0,16.503873358033008
330160 DUAS BARRAS,182.0,10,192.0,330160,Duas Barras,  3 301 603 ,   10 980,10980.0,17.48633879781421
330170 DUQUE DE CAXIAS,12315.0,3441,15756.0,330170,Duque de Caxias,  3 301 702 ,   808 161,808161.0,19.496115254262456
330180 ENGENHEIRO PAULO DE FRONTIN,296.0,1,297.0,330180,Engenheiro Paulo de Frontin,  3 301 801 ,   12 242,12242.0,24.260741708871098
330185 GUAPIMIRIM,832.0,131,963.0,330185,Guapimirim,  3 301 850 ,   51 696,51696.0,18.628133704735376
330187 IGUABA GRANDE,526.0,33,559.0,330187,Iguaba Grande,  3 301 876 ,   27 920,27920.0,20.021489971346703
330190 ITABORAI,3690.0,456,4146.0,330190,Itaboraí,  3 301 900 ,   224 267,224267.0,18.48689285539112
330200 ITAGUAI,1698.0,400,2098.0,330200,Itaguaí,  3 302 007 ,   116 841,116841.0,17.956025710153114
330205 ITALVA,167.0,17,184.0,330205,Italva,  3 302 056 ,   14 073,14073.0,13.074682015206424
330210 ITAOCARA,493.0,30,523.0,330210,Itaocara,  3 302 106 ,   22 919,22919.0,22.819494742353506
330220 ITAPERUNA,3705.0,392,4097.0,330220,Itaperuna,  3 302 205 ,   101 041,101041.0,40.5478963984917
330225 ITATIAIA,549.0,56,605.0,330225,Itatiaia,  3 302 254 ,   30 908,30908.0,19.574220266597642
330227 JAPERI,981.0,22,1003.0,330227,Japeri,  3 302 270 ,   96 289,96289.0,10.416558485392931
330230 LAJE DO MURIAE,177.0,1,178.0,330230,Laje do Muriaé,  3 302 304 ,   7 336,7336.0,24.263904034896402
330240 MACAE,3970.0,2066,6036.0,330240,Macaé,  3 302 403 ,   246 391,246391.0,24.497648047209516
330245 MACUCO,106.0,5,111.0,330245,Macuco,  3 302 452 ,   5 415,5415.0,20.49861495844875
330250 MAGE,3645.0,351,3996.0,330250,Magé,  3 302 502 ,   228 127,228127.0,17.51655875893691
330260 MANGARATIBA,1178.0,8,1186.0,330260,Mangaratiba,  3 302 601 ,   41 220,41220.0,28.772440562833573
330270 MARICA,4072.0,232,4304.0,330270,Maricá,  3 302 700 ,   197 277,197277.0,21.81703898579155
330280 MENDES,404.0,17,421.0,330280,Mendes,  3 302 809 ,   17 502,17502.0,24.054393783567594
330285 MESQUITA,2739.0,181,2920.0,330285,Mesquita,  3 302 858 ,   167 127,167127.0,17.471743045707754
330290 MIGUEL PEREIRA,436.0,58,494.0,330290,Miguel Pereira,  3 302 908 ,   26 582,26582.0,18.584004213377472
330300 MIRACEMA,400.0,45,445.0,330300,Miracema,  3 303 005 ,   26 881,26881.0,16.55444365909006
330310 NATIVIDADE,298.0,24,322.0,330310,Natividade,  3 303 104 ,   15 074,15074.0,21.36128433063553
330320 NILOPOLIS,1861.0,553,2414.0,330320,Nilópolis,  3 303 203 ,   146 774,146774.0,16.44705465545669
330330 NITEROI,10047.0,6385,16432.0,330330,Niterói,  3 303 302 ,   481 749,481749.0,34.109048487905525
330340 NOVA FRIBURGO,2233.0,1539,3772.0,330340,Nova Friburgo,  3 303 401 ,   189 939,189939.0,19.859007365522615
330350 NOVA IGUACU,8548.0,2864,11412.0,330350,Nova Iguaçu,  3 303 500 ,   785 867,785867.0,14.521541176814907
330360 PARACAMBI,925.0,70,995.0,330360,Paracambi,  3 303 609 ,   41 375,41375.0,24.048338368580062
330370 PARAIBA DO SUL,912.0,45,957.0,330370,Paraíba do Sul,  3 303 708 ,   42 063,42063.0,22.751586905356252
330380 PARATY,744.0,33,777.0,330380,Paraty,  3 303 807 ,   45 243,45243.0,17.173927458391354
330385 PATY DO ALFERES,277.0,33,310.0,330385,Paty do Alferes,  3 303 856 ,   29 619,29619.0,10.466254768898342
330390 PETROPOLIS,6142.0,1478,7620.0,330390,Petrópolis,  3 303 906 ,   278 881,278881.0,27.323482058655845
330395 PINHEIRAL,533.0,30,563.0,330395,Pinheiral,  3 303 955 ,   24 298,24298.0,23.17063132768129
330400 PIRAI,861.0,15,876.0,330400,Piraí,  3 304 003 ,   27 474,27474.0,31.884690980563445
330410 PORCIUNCULA,307.0,62,369.0,330410,Porciúncula,  3 304 102 ,   17 288,17288.0,21.3442850532161
330411 PORTO REAL,553.0,35,588.0,330411,Porto Real,  3 304 110 ,   20 373,20373.0,28.861728758651154
330412 QUATIS,237.0,20,257.0,330412,Quatis,  3 304 128 ,   13 682,13682.0,18.78380353749452
330414 QUEIMADOS,1194.0,107,1301.0,330414,Queimados,  3 304 144 ,   140 523,140523.0,9.25827088803968
330415 QUISSAMA,501.0,3,504.0,330415,Quissamã,  3 304 151 ,   22 393,22393.0,22.507033447952487
330420 RESENDE,2142.0,900,3042.0,330420,Resende,  3 304 201 ,   129 612,129612.0,23.4700490695306
330430 RIO BONITO,1145.0,236,1381.0,330430,Rio Bonito,  3 304 300 ,   56 276,56276.0,24.539768284881653
330440 RIO CLARO,302.0,4,306.0,330440,Rio Claro,  3 304 409 ,   17 401,17401.0,17.585196253088903
330450 RIO DAS FLORES,300.0,-,300.0,330450,Rio das Flores,  3 304 508 ,   8 954,8954.0,33.50457895912441
330452 RIO DAS OSTRAS,1490.0,520,2010.0,330452,Rio das Ostras,  3 304 524 ,   156 491,156491.0,12.844189122697152
330455 RIO DE JANEIRO,107977.0,58844,166821.0,330455,Rio de Janeiro,  3 304 557 ,  6 211 223,6211223.0,26.85799559925638
330460 SANTA MARIA MADALENA,149.0,18,167.0,330460,Santa Maria Madalena,  3 304 607 ,   10 232,10232.0,16.32134480062549
330470 SANTO ANTONIO DE PADUA,526.0,119,645.0,330470,Santo Antônio de Pádua,  3 304 706 ,   41 325,41325.0,15.60798548094374
330475 SAO FRANCISCO DE ITABAPOANA,746.0,67,813.0,330475,São Francisco de Itabapoana,  3 304 755 ,   45 059,45059.0,18.043010275416677
330480 SAO FIDELIS,557.0,54,611.0,330480,São Fidélis,  3 304 805 ,   38 961,38961.0,15.68234901568235
330490 SAO GONCALO,8621.0,1955,10576.0,330490,São Gonçalo,  3 304 904 ,   896 744,896744.0,11.793778380451945
330500 SAO JOAO DA BARRA,1078.0,62,1140.0,330500,São João da Barra,  3 305 000 ,   36 573,36573.0,31.170535641046673
330510 SAO JOAO DE MERITI,3502.0,617,4119.0,330510,São João de Meriti,  3 305 109 ,   440 962,440962.0,9.340940942756973
330513 SAO JOSE DE UBA,174.0,20,194.0,330513,São José de Ubá,  3 305 133 ,   7 070,7070.0,27.439886845827438
330515 SAO JOSE DO VALE DO RIO PRETO,352.0,69,421.0,330515,São José do Vale do Rio Preto,  3 305 158 ,   22 080,22080.0,19.067028985507246
330520 SAO PEDRO DA ALDEIA,997.0,167,1164.0,330520,São Pedro da Aldeia,  3 305 208 ,   104 029,104029.0,11.189187630372299
330530 SAO SEBASTIAO DO ALTO,211.0,-,211.0,330530,São Sebastião do Alto,  3 305 307 ,   7 750,7750.0,27.2258064516129
330540 SAPUCAIA,307.0,11,318.0,330540,Sapucaia,  3 305 406 ,   17 729,17729.0,17.936713858649668
330550 SAQUAREMA,1741.0,79,1820.0,330550,Saquarema,  3 305 505 ,   89 559,89559.0,20.321799037506004
330555 SEROPEDICA,1070.0,88,1158.0,330555,Seropédica,  3 305 554 ,   80 596,80596.0,14.36795870762817
330560 SILVA JARDIM,411.0,5,416.0,330560,Silva Jardim,  3 305 604 ,   21 352,21352.0,19.48295241663544
330570 SUMIDOURO,213.0,-,213.0,330570,Sumidouro,  3 305 703 ,   15 206,15206.0,14.007628567670656
330575 TANGUA,405.0,49,454.0,330575,Tanguá,  3 305 752 ,   31 086,31086.0,14.604645177893584
330580 TERESOPOLIS,3198.0,601,3799.0,330580,Teresópolis,  3 305 802 ,   165 123,165123.0,23.007091683169513
330590 TRAJANO DE MORAES,123.0,6,129.0,330590,Trajano de Moraes,  3 305 901 ,   10 302,10302.0,12.521840419336051
330600 TRES RIOS,1381.0,347,1728.0,330600,Três Rios,  3 306 008 ,   78 346,78346.0,22.05600796466954
330610 VALENCA,1608.0,312,1920.0,330610,Valença,  3 306 107 ,   68 088,68088.0,28.198801550934085
330615 VARRE-SAI,145.0,1,146.0,330615,Varre-Sai,  3 306 156 ,   10 207,10207.0,14.303909082002548
330620 VASSOURAS,1073.0,150,1223.0,330620,Vassouras,  3 306 206 ,   33 976,33976.0,35.9959971744761
330630 VOLTA REDONDA,5141.0,2577,7718.0,330630,Volta Redonda,  3 306 305 ,   261 563,261563.0,29.50723152739493
350010 ADAMANTINA,770.0,140,910.0,350010,Adamantina,  3 500 105 ,   34 687,34687.0,26.234612390809236
350020 ADOLFO,92.0,2,94.0,350020,Adolfo,  3 500 204 ,   4 351,4351.0,21.604228912893586
350030 AGUAI,373.0,71,444.0,350030,Aguaí,  3 500 303 ,   32 072,32072.0,13.84385133449738
350040 AGUAS DA PRATA,77.0,12,89.0,350040,Águas da Prata,  3 500 402 ,   7 369,7369.0,12.077622472520016
350050 AGUAS DE LINDOIA,215.0,38,253.0,350050,Águas de Lindóia,  3 500 501 ,   17 930,17930.0,14.110429447852761
350055 AGUAS DE SANTA BARBARA,106.0,2,108.0,350055,Águas de Santa Bárbara,  3 500 550 ,   7 177,7177.0,15.048070224327713
350060 AGUAS DE SAO PEDRO,98.0,2,100.0,350060,Águas de São Pedro,  3 500 600 ,   2 780,2780.0,35.97122302158273
350070 AGUDOS,487.0,18,505.0,350070,Agudos,  3 500 709 ,   37 680,37680.0,13.402335456475585
350075 ALAMBARI,80.0,8,88.0,350075,Alambari,  3 500 758 ,   6 141,6141.0,14.329913694837975
350080 ALFREDO MARCONDES,66.0,3,69.0,350080,Alfredo Marcondes,  3 500 808 ,   4 445,4445.0,15.523059617547807
350090 ALTAIR,80.0,-,80.0,350090,Altair,  3 500 907 ,   3 451,3451.0,23.181686467690525
350100 ALTINOPOLIS,250.0,29,279.0,350100,Altinópolis,  3 501 004 ,   16 818,16818.0,16.58936853371388
350110 ALTO ALEGRE,83.0,3,86.0,350110,Alto Alegre,  3 501 103 ,   3 841,3841.0,22.390002603488675
350115 ALUMINIO,134.0,30,164.0,350115,Alumínio,  3 501 152 ,   17 301,17301.0,9.47922085428588
350120 ALVARES FLORENCE,90.0,1,91.0,350120,Álvares Florence,  3 501 202 ,   3 915,3915.0,23.243933588761177
350130 ALVARES MACHADO,352.0,19,371.0,350130,Álvares Machado,  3 501 301 ,   27 255,27255.0,13.612181251146579
350140 ALVARO DE CARVALHO,69.0,-,69.0,350140,Álvaro de Carvalho,  3 501 400 ,   4 808,4808.0,14.351081530782029
350150 ALVINLANDIA,38.0,-,38.0,350150,Alvinlândia,  3 501 509 ,   2 885,2885.0,13.171577123050259
350160 AMERICANA,2429.0,2380,4809.0,350160,Americana,  3 501 608 ,   237 240,237240.0,20.270612038442085
350170 AMERICO BRASILIENSE,1103.0,40,1143.0,350170,Américo Brasiliense,  3 501 707 ,   33 019,33019.0,34.616432962839575
350180 AMERICO DE CAMPOS,114.0,7,121.0,350180,Américo de Campos,  3 501 806 ,   5 870,5870.0,20.61328790459966
350190 AMPARO,1166.0,428,1594.0,350190,Amparo,  3 501 905 ,   68 008,68008.0,23.43841900952829
350200 ANALANDIA,88.0,1,89.0,350200,Analândia,  3 502 002 ,   4 589,4589.0,19.394203530180867
350210 ANDRADINA,1047.0,250,1297.0,350210,Andradina,  3 502 101 ,   59 783,59783.0,21.695130722780725
350220 ANGATUBA,313.0,71,384.0,350220,Angatuba,  3 502 200 ,   24 022,24022.0,15.98534676546499
350230 ANHEMBI,101.0,2,103.0,350230,Anhembi,  3 502 309 ,   5 674,5674.0,18.152978498413816
350240 ANHUMAS,66.0,1,67.0,350240,Anhumas,  3 502 408 ,   4 023,4023.0,16.654238130748197
350250 APARECIDA,577.0,34,611.0,350250,Aparecida,  3 502 507 ,   32 569,32569.0,18.7601707144831
350260 APARECIDA D'OESTE,80.0,-,80.0,350260,Aparecida d'Oeste,  3 502 606 ,   4 086,4086.0,19.57905041605482
350270 APIAI,434.0,23,457.0,350270,Apiaí,  3 502 705 ,   24 585,24585.0,18.588570266422614
350275 ARACARIGUAMA,299.0,19,318.0,350275,Araçariguama,  3 502 754 ,   21 522,21522.0,14.775578477836632
350280 ARACATUBA,3702.0,724,4426.0,350280,Araçatuba,  3 502 804 ,   200 124,200124.0,22.11628790150107
350290 ARACOIABA DA SERRA,222.0,91,313.0,350290,Araçoiaba da Serra,  3 502 903 ,   32 443,32443.0,9.647689794408654
350300 ARAMINA,93.0,2,95.0,350300,Aramina,  3 503 000 ,   5 420,5420.0,17.527675276752767
350310 ARANDU,91.0,2,93.0,350310,Arandu,  3 503 109 ,   6 885,6885.0,13.507625272331154
350315 ARAPEI,72.0,-,72.0,350315,Arapeí,  3 503 158 ,   2 330,2330.0,30.901287553648068
350320 ARARAQUARA,4421.0,2727,7148.0,350320,Araraquara,  3 503 208 ,   242 228,242228.0,29.509387849464144
350330 ARARAS,1866.0,741,2607.0,350330,Araras,  3 503 307 ,   130 866,130866.0,19.92114070881665
350335 ARCO-IRIS,22.0,-,22.0,350335,Arco-Íris,  3 503 356 ,   2 044,2044.0,10.76320939334638
350340 AREALVA,116.0,17,133.0,350340,Arealva,  3 503 406 ,   8 130,8130.0,16.359163591635916
350350 AREIAS,70.0,-,70.0,350350,Areias,  3 503 505 ,   3 577,3577.0,19.569471624266143
350360 AREIOPOLIS,105.0,11,116.0,350360,Areiópolis,  3 503 604 ,   10 130,10130.0,11.451135241855873
350370 ARIRANHA,128.0,31,159.0,350370,Ariranha,  3 503 703 ,   7 602,7602.0,20.91554853985793
350380 ARTUR NOGUEIRA,382.0,142,524.0,350380,Artur Nogueira,  3 503 802 ,   51 456,51456.0,10.183457711442786
350390 ARUJA,931.0,377,1308.0,350390,Arujá,  3 503 901 ,   86 678,86678.0,15.090334340893882
350395 ASPASIA,57.0,-,57.0,350395,Aspásia,  3 503 950 ,   1 842,1842.0,30.944625407166125
350400 ASSIS,1875.0,741,2616.0,350400,Assis,  3 504 008 ,   101 409,101409.0,25.7965269354791
350410 ATIBAIA,1600.0,1799,3399.0,350410,Atibaia,  3 504 107 ,   158 647,158647.0,21.42492451795496
350420 AURIFLAMA,178.0,22,200.0,350420,Auriflama,  3 504 206 ,   13 692,13692.0,14.607069821793749
350430 AVAI,67.0,-,67.0,350430,Avaí,  3 504 305 ,   4 483,4483.0,14.945349096587107
350440 AVANHANDAVA,123.0,11,134.0,350440,Avanhandava,  3 504 404 ,   11 263,11263.0,11.897363047145522
350450 AVARE,1313.0,160,1473.0,350450,Avaré,  3 504 503 ,   92 805,92805.0,15.871989655729754
350460 BADY BASSITT,316.0,15,331.0,350460,Bady Bassitt,  3 504 602 ,   27 260,27260.0,12.142333088774762
350470 BALBINOS,63.0,-,63.0,350470,Balbinos,  3 504 701 ,   3 887,3887.0,16.207872395163367
350480 BALSAMO,123.0,5,128.0,350480,Bálsamo,  3 504 800 ,   9 596,9596.0,13.338891204668613
350490 BANANAL,157.0,2,159.0,350490,Bananal,  3 504 909 ,   9 969,9969.0,15.949443274149862
350500 BARAO DE ANTONINA,46.0,-,46.0,350500,Barão de Antonina,  3 505 005 ,   3 531,3531.0,13.027470971396205
350510 BARBOSA,77.0,-,77.0,350510,Barbosa,  3 505 104 ,   5 640,5640.0,13.652482269503547
350520 BARIRI,392.0,31,423.0,350520,Bariri,  3 505 203 ,   31 595,31595.0,13.388194334546604
350530 BARRA BONITA,424.0,98,522.0,350530,Barra Bonita,  3 505 302 ,   34 346,34346.0,15.198276364059863
350535 BARRA DO CHAPEU,79.0,-,79.0,350535,Barra do Chapéu,  3 505 351 ,   5 179,5179.0,15.253910021239621
350540 BARRA DO TURVO,90.0,-,90.0,350540,Barra do Turvo,  3 505 401 ,   6 876,6876.0,13.089005235602095
350550 BARRETOS,5594.0,462,6056.0,350550,Barretos,  3 505 500 ,   122 485,122485.0,49.442788912928116
350560 BARRINHA,328.0,235,563.0,350560,Barrinha,  3 505 609 ,   32 092,32092.0,17.54331297519631
350570 BARUERI,6324.0,2163,8487.0,350570,Barueri,  3 505 708 ,   316 473,316473.0,26.81745362163597
350580 BASTOS,364.0,25,389.0,350580,Bastos,  3 505 807 ,   21 503,21503.0,18.090499000139516
350590 BATATAIS,805.0,225,1030.0,350590,Batatais,  3 505 906 ,   58 402,58402.0,17.636382315674123
350600 BAURU,7716.0,2513,10229.0,350600,Bauru,  3 506 003 ,   379 146,379146.0,26.97905292420334
350610 BEBEDOURO,1513.0,449,1962.0,350610,Bebedouro,  3 506 102 ,   76 373,76373.0,25.689707095439488
350620 BENTO DE ABREU,35.0,-,35.0,350620,Bento de Abreu,  3 506 201 ,   2 606,2606.0,13.43054489639294
350630 BERNARDINO DE CAMPOS,193.0,6,199.0,350630,Bernardino de Campos,  3 506 300 ,   11 607,11607.0,17.14482639786336
350635 BERTIOGA,588.0,118,706.0,350635,Bertioga,  3 506 359 ,   64 188,64188.0,10.99894061195239
350640 BILAC,103.0,8,111.0,350640,Bilac,  3 506 409 ,   7 319,7319.0,15.166006285011614
350650 BIRIGUI,1328.0,340,1668.0,350650,Birigui,  3 506 508 ,   118 979,118979.0,14.019280713403205
350660 BIRITIBA-MIRIM,301.0,16,317.0,350660,Biritiba Mirim,  3 506 607 ,   29 683,29683.0,10.679513526260823
350670 BOA ESPERANCA DO SUL,168.0,2,170.0,350670,Boa Esperança do Sul,  3 506 706 ,   12 978,12978.0,13.099090768993682
350680 BOCAINA,106.0,28,134.0,350680,Bocaina,  3 506 805 ,   11 259,11259.0,11.90158983923972
350690 BOFETE,121.0,24,145.0,350690,Bofete,  3 506 904 ,   10 460,10460.0,13.862332695984703
350700 BOITUVA,730.0,185,915.0,350700,Boituva,  3 507 001 ,   61 081,61081.0,14.98010838067484
350710 BOM JESUS DOS PERDOES,174.0,18,192.0,350710,Bom Jesus dos Perdões,  3 507 100 ,   22 006,22006.0,8.72489321094247
350715 BOM SUCESSO DE ITARARE,57.0,-,57.0,350715,Bom Sucesso de Itararé,  3 507 159 ,   3 555,3555.0,16.033755274261605
350720 BORA,37.0,-,37.0,350720,Borá,  3 507 209 ,907,907.0,40.79382579933848
350730 BORACEIA,64.0,1,65.0,350730,Boracéia,  3 507 308 ,   4 715,4715.0,13.785790031813361
350740 BORBOREMA,270.0,21,291.0,350740,Borborema,  3 507 407 ,   14 226,14226.0,20.45550400674821
350745 BOREBI,59.0,-,59.0,350745,Borebi,  3 507 456 ,   2 713,2713.0,21.74714338370807
350750 BOTUCATU,5322.0,1120,6442.0,350750,Botucatu,  3 507 506 ,   145 155,145155.0,44.38014536185457
350760 BRAGANCA PAULISTA,3857.0,576,4433.0,350760,Bragança Paulista,  3 507 605 ,   176 811,176811.0,25.07196950415981
350770 BRAUNA,52.0,-,52.0,350770,Braúna,  3 507 704 ,   5 356,5356.0,9.70873786407767
350775 BREJO ALEGRE,56.0,-,56.0,350775,Brejo Alegre,  3 507 753 ,   2 565,2565.0,21.83235867446394
350780 BRODOWSKI,345.0,51,396.0,350780,Brodowski,  3 507 803 ,   25 201,25201.0,15.713662156263641
350790 BROTAS,215.0,88,303.0,350790,Brotas,  3 507 902 ,   23 898,23898.0,12.67888526236505
350800 BURI,216.0,61,277.0,350800,Buri,  3 508 009 ,   20 250,20250.0,13.679012345679013
350810 BURITAMA,221.0,23,244.0,350810,Buritama,  3 508 108 ,   17 210,17210.0,14.177803602556653
350820 BURITIZAL,69.0,2,71.0,350820,Buritizal,  3 508 207 ,   4 356,4356.0,16.299357208448118
350830 CABRALIA PAULISTA,54.0,-,54.0,350830,Cabrália Paulista,  3 508 306 ,   4 299,4299.0,12.561060711793441
350840 CABREUVA,510.0,94,604.0,350840,Cabreúva,  3 508 405 ,   47 011,47011.0,12.848056837761375
350850 CACAPAVA,1229.0,517,1746.0,350850,Caçapava,  3 508 504 ,   96 202,96202.0,18.149310825138773
350860 CACHOEIRA PAULISTA,453.0,172,625.0,350860,Cachoeira Paulista,  3 508 603 ,   31 564,31564.0,19.80103915853504
350870 CACONDE,201.0,31,232.0,350870,Caconde,  3 508 702 ,   17 101,17101.0,13.566458101865388
350880 CAFELANDIA,186.0,32,218.0,350880,Cafelândia,  3 508 801 ,   16 654,16654.0,13.089948360754173
350890 CAIABU,69.0,-,69.0,350890,Caiabu,  3 508 900 ,   3 712,3712.0,18.58836206896552
350900 CAIEIRAS,1666.0,503,2169.0,350900,Caieiras,  3 509 007 ,   95 032,95032.0,22.823890899907397
350910 CAIUA,85.0,-,85.0,350910,Caiuá,  3 509 106 ,   5 466,5466.0,15.550676911818513
350920 CAJAMAR,1064.0,249,1313.0,350920,Cajamar,  3 509 205 ,   92 689,92689.0,14.165650724465685
350925 CAJATI,361.0,27,388.0,350925,Cajati,  3 509 254 ,   28 515,28515.0,13.60687357531124
350930 CAJOBI,140.0,1,141.0,350930,Cajobi,  3 509 304 ,   9 133,9133.0,15.43851965400197
350940 CAJURU,329.0,78,407.0,350940,Cajuru,  3 509 403 ,   23 830,23830.0,17.079311791859002
350945 CAMPINA DO MONTE ALEGRE,55.0,5,60.0,350945,Campina do Monte Alegre,  3 509 452 ,   5 954,5954.0,10.077258985555929
350950 CAMPINAS,22713.0,13863,36576.0,350950,Campinas,  3 509 502 ,  1 139 047,1139047.0,32.11105424095757
350960 CAMPO LIMPO PAULISTA,750.0,97,847.0,350960,Campo Limpo Paulista,  3 509 601 ,   77 632,77632.0,10.910449299258037
350970 CAMPOS DO JORDAO,676.0,147,823.0,350970,Campos do Jordão,  3 509 700 ,   46 974,46974.0,17.520330395537957
350980 CAMPOS NOVOS PAULISTA,81.0,-,81.0,350980,Campos Novos Paulista,  3 509 809 ,   4 888,4888.0,16.571194762684126
350990 CANANEIA,139.0,1,140.0,350990,Cananéia,  3 509 908 ,   12 289,12289.0,11.39230205875173
350995 CANAS,67.0,-,67.0,350995,Canas,  3 509 957 ,   4 931,4931.0,13.587507604948286
351000 CANDIDO MOTA,355.0,60,415.0,351000,Cândido Mota,  3 510 005 ,   29 449,29449.0,14.092159326292913
351010 CANDIDO RODRIGUES,58.0,-,58.0,351010,Cândido Rodrigues,  3 510 104 ,   2 889,2889.0,20.07615091727241
351015 CANITAR,58.0,-,58.0,351015,Canitar,  3 510 153 ,   6 283,6283.0,9.231258952729586
351020 CAPAO BONITO,613.0,40,653.0,351020,Capão Bonito,  3 510 203 ,   46 337,46337.0,14.092409953169174
351030 CAPELA DO ALTO,230.0,46,276.0,351030,Capela do Alto,  3 510 302 ,   22 866,22866.0,12.0703227499344
351040 CAPIVARI,592.0,392,984.0,351040,Capivari,  3 510 401 ,   50 068,50068.0,19.65327155069106
351050 CARAGUATATUBA,3405.0,611,4016.0,351050,Caraguatatuba,  3 510 500 ,   134 873,134873.0,29.776159794769896
351060 CARAPICUIBA,2912.0,547,3459.0,351060,Carapicuíba,  3 510 609 ,   386 984,386984.0,8.938354040477126
351070 CARDOSO,159.0,10,169.0,351070,Cardoso,  3 510 708 ,   11 345,11345.0,14.896430145438519
351080 CASA BRANCA,848.0,60,908.0,351080,Casa Branca,  3 510 807 ,   28 083,28083.0,32.332727984901894
351090 CASSIA DOS COQUEIROS,67.0,-,67.0,351090,Cássia dos Coqueiros,  3 510 906 ,   2 799,2799.0,23.93712040014291
351100 CASTILHO,277.0,20,297.0,351100,Castilho,  3 511 003 ,   19 977,19977.0,14.867097161735996
351110 CATANDUVA,3336.0,775,4111.0,351110,Catanduva,  3 511 102 ,   115 791,115791.0,35.503622906788955
351120 CATIGUA,87.0,7,94.0,351120,Catiguá,  3 511 201 ,   7 003,7003.0,13.422818791946309
351130 CEDRAL,164.0,23,187.0,351130,Cedral,  3 511 300 ,   12 618,12618.0,14.8200982723094
351140 CERQUEIRA CESAR,226.0,11,237.0,351140,Cerqueira César,  3 511 409 ,   21 469,21469.0,11.039172760724766
351150 CERQUILHO,382.0,237,619.0,351150,Cerquilho,  3 511 508 ,   44 695,44695.0,13.849423872916432
351160 CESARIO LANGE,201.0,15,216.0,351160,Cesário Lange,  3 511 607 ,   19 048,19048.0,11.33977320453591
351170 CHARQUEADA,133.0,34,167.0,351170,Charqueada,  3 511 706 ,   15 535,15535.0,10.749919536530415
351190 CLEMENTINA,70.0,5,75.0,351190,Clementina,  3 511 904 ,   6 982,6982.0,10.741907762818677
351200 COLINA,343.0,42,385.0,351200,Colina,  3 512 001 ,   18 486,18486.0,20.826571459482853
351210 COLOMBIA,167.0,11,178.0,351210,Colômbia,  3 512 100 ,   6 629,6629.0,26.851712173781866
351220 CONCHAL,297.0,32,329.0,351220,Conchal,  3 512 209 ,   28 101,28101.0,11.707768406818264
351230 CONCHAS,180.0,51,231.0,351230,Conchas,  3 512 308 ,   15 232,15232.0,15.165441176470589
351240 CORDEIROPOLIS,306.0,76,382.0,351240,Cordeirópolis,  3 512 407 ,   24 514,24514.0,15.582932202007015
351250 COROADOS,44.0,-,44.0,351250,Coroados,  3 512 506 ,   5 400,5400.0,8.148148148148147
351260 CORONEL MACEDO,53.0,-,53.0,351260,Coronel Macedo,  3 512 605 ,   4 280,4280.0,12.383177570093457
351270 CORUMBATAI,74.0,1,75.0,351270,Corumbataí,  3 512 704 ,   4 195,4195.0,17.878426698450536
351280 COSMOPOLIS,675.0,85,760.0,351280,Cosmópolis,  3 512 803 ,   59 773,59773.0,12.714770883174678
351290 COSMORAMA,74.0,-,74.0,351290,Cosmorama,  3 512 902 ,   8 719,8719.0,8.48721183621975
351300 COTIA,2426.0,1210,3636.0,351300,Cotia,  3 513 009 ,   274 413,274413.0,13.250101124946704
351310 CRAVINHOS,375.0,133,508.0,351310,Cravinhos,  3 513 108 ,   33 281,33281.0,15.26396442414591
351320 CRISTAIS PAULISTA,122.0,5,127.0,351320,Cristais Paulista,  3 513 207 ,   9 272,9272.0,13.697152717860225
351330 CRUZALIA,59.0,-,59.0,351330,Cruzália,  3 513 306 ,   2 108,2108.0,27.988614800759013
351340 CRUZEIRO,1090.0,332,1422.0,351340,Cruzeiro,  3 513 405 ,   74 961,74961.0,18.969864329451315
351350 CUBATAO,1964.0,240,2204.0,351350,Cubatão,  3 513 504 ,   112 476,112476.0,19.595291439951634
351360 CUNHA,208.0,38,246.0,351360,Cunha,  3 513 603 ,   22 110,22110.0,11.12618724559023
351370 DESCALVADO,355.0,109,464.0,351370,Descalvado,  3 513 702 ,   31 756,31756.0,14.61141201662678
351380 DIADEMA,4901.0,1213,6114.0,351380,Diadema,  3 513 801 ,   393 237,393237.0,15.547875708542177
351385 DIRCE REIS,40.0,-,40.0,351385,Dirce Reis,  3 513 850 ,   1 620,1620.0,24.691358024691358
351390 DIVINOLANDIA,656.0,5,661.0,351390,Divinolândia,  3 513 900 ,   11 158,11158.0,59.240007169743684
351400 DOBRADA,83.0,16,99.0,351400,Dobrada,  3 514 007 ,   8 759,8759.0,11.302660121018382
351410 DOIS CORREGOS,279.0,47,326.0,351410,Dois Córregos,  3 514 106 ,   24 510,24510.0,13.300693594451245
351420 DOLCINOPOLIS,57.0,-,57.0,351420,Dolcinópolis,  3 514 205 ,   2 207,2207.0,25.826914363389218
351430 DOURADO,127.0,11,138.0,351430,Dourado,  3 514 304 ,   8 096,8096.0,17.045454545454543
351440 DRACENA,884.0,208,1092.0,351440,Dracena,  3 514 403 ,   45 474,45474.0,24.01372212692967
351450 DUARTINA,167.0,36,203.0,351450,Duartina,  3 514 502 ,   12 328,12328.0,16.46658014276444
351460 DUMONT,119.0,-,119.0,351460,Dumont,  3 514 601 ,   9 471,9471.0,12.564671101256469
351470 ECHAPORA,94.0,1,95.0,351470,Echaporã,  3 514 700 ,   6 205,6205.0,15.310233682514102
351480 ELDORADO,186.0,4,190.0,351480,Eldorado,  3 514 809 ,   13 069,13069.0,14.538220215777795
351490 ELIAS FAUSTO,184.0,29,213.0,351490,Elias Fausto,  3 514 908 ,   17 699,17699.0,12.03457822475846
351492 ELISIARIO,50.0,1,51.0,351492,Elisiário,  3 514 924 ,   3 138,3138.0,16.252390057361378
351495 EMBAUBA,53.0,4,57.0,351495,Embaúba,  3 514 957 ,   2 323,2323.0,24.537236332328884
351500 EMBU DAS ARTES,2311.0,245,2556.0,351500,Embu das Artes,  3 515 004 ,   250 691,250691.0,10.195818756955775
351510 EMBU-GUACU,517.0,66,583.0,351510,Embu-Guaçu,  3 515 103 ,   66 970,66970.0,8.705390473346274
351512 EMILIANOPOLIS,52.0,1,53.0,351512,Emilianópolis,  3 515 129 ,   3 014,3014.0,17.584605175846054
351515 ENGENHEIRO COELHO,182.0,100,282.0,351515,Engenheiro Coelho,  3 515 152 ,   19 566,19566.0,14.41275682306041
351518 ESPIRITO SANTO DO PINHAL,961.0,155,1116.0,351518,Espírito Santo do Pinhal,  3 515 186 ,   39 816,39816.0,28.028933092224232
351519 ESPIRITO SANTO DO TURVO,54.0,-,54.0,351519,Espírito Santo do Turvo,  3 515 194 ,   4 157,4157.0,12.990137118114024
351520 ESTRELA D'OESTE,156.0,16,172.0,351520,Estrela d'Oeste,  3 515 202 ,   9 417,9417.0,18.2648401826484
351530 ESTRELA DO NORTE,72.0,-,72.0,351530,Estrela do Norte,  3 515 301 ,   2 703,2703.0,26.637069922308545
351535 EUCLIDES DA CUNHA PAULISTA,118.0,8,126.0,351535,Euclides da Cunha Paulista,  3 515 350 ,   7 924,7924.0,15.901060070671377
351540 FARTURA,222.0,20,242.0,351540,Fartura,  3 515 400 ,   16 641,16641.0,14.542395288744666
351550 FERNANDOPOLIS,1381.0,501,1882.0,351550,Fernandópolis,  3 515 509 ,   71 186,71186.0,26.437782710083443
351560 FERNANDO PRESTES,102.0,2,104.0,351560,Fernando Prestes,  3 515 608 ,   5 942,5942.0,17.502524402558063
351565 FERNAO,50.0,-,50.0,351565,Fernão,  3 515 657 ,   1 656,1656.0,30.193236714975843
351570 FERRAZ DE VASCONCELOS,2012.0,69,2081.0,351570,Ferraz de Vasconcelos,  3 515 707 ,   179 198,179198.0,11.612852822018104
351580 FLORA RICA,42.0,-,42.0,351580,Flora Rica,  3 515 806 ,   1 487,1487.0,28.24478816408877
351590 FLOREAL,36.0,-,36.0,351590,Floreal,  3 515 905 ,   2 733,2733.0,13.172338090010976
351600 FLORIDA PAULISTA,121.0,8,129.0,351600,Flórida Paulista,  3 516 002 ,   12 958,12958.0,9.955240006173794
351610 FLORINIA,69.0,-,69.0,351610,Florínea,  3 516 101 ,   3 851,3851.0,17.917424045702415
351620 FRANCA,4770.0,1793,6563.0,351620,Franca,  3 516 200 ,   352 536,352536.0,18.61653845281049
351630 FRANCISCO MORATO,1891.0,112,2003.0,351630,Francisco Morato,  3 516 309 ,   165 139,165139.0,12.12917602746777
351640 FRANCO DA ROCHA,2642.0,255,2897.0,351640,Franco da Rocha,  3 516 408 ,   144 849,144849.0,20.000138074822747
351650 GABRIEL MONTEIRO,41.0,1,42.0,351650,Gabriel Monteiro,  3 516 507 ,   2 763,2763.0,15.20086862106406
351660 GALIA,124.0,4,128.0,351660,Gália,  3 516 606 ,   6 380,6380.0,20.062695924764892
351670 GARCA,832.0,86,918.0,351670,Garça,  3 516 705 ,   42 110,42110.0,21.800047494656848
351680 GASTAO VIDIGAL,47.0,-,47.0,351680,Gastão Vidigal,  3 516 804 ,   3 252,3252.0,14.452644526445265
351685 GAVIAO PEIXOTO,94.0,3,97.0,351685,Gavião Peixoto,  3 516 853 ,   4 702,4702.0,20.62951935346661
351690 GENERAL SALGADO,105.0,15,120.0,351690,General Salgado,  3 516 903 ,   10 312,10312.0,11.636927851047323
351700 GETULINA,126.0,12,138.0,351700,Getulina,  3 517 000 ,   10 232,10232.0,13.487099296325255
351710 GLICERIO,61.0,-,61.0,351710,Glicério,  3 517 109 ,   4 138,4138.0,14.741420976317062
351720 GUAICARA,145.0,10,155.0,351720,Guaiçara,  3 517 208 ,   11 239,11239.0,13.791262567844115
351730 GUAIMBE,70.0,-,70.0,351730,Guaimbê,  3 517 307 ,   5 512,5512.0,12.69956458635704
351740 GUAIRA,473.0,77,550.0,351740,Guaíra,  3 517 406 ,   39 279,39279.0,14.002393136281475
351750 GUAPIACU,279.0,6,285.0,351750,Guapiaçu,  3 517 505 ,   21 711,21711.0,13.126986320298467
351760 GUAPIARA,208.0,2,210.0,351760,Guapiara,  3 517 604 ,   17 071,17071.0,12.301564056001405
351770 GUARA,300.0,34,334.0,351770,Guará,  3 517 703 ,   18 606,18606.0,17.951198538105988
351780 GUARACAI,133.0,6,139.0,351780,Guaraçaí,  3 517 802 ,   7 441,7441.0,18.68028490794248
351790 GUARACI,155.0,13,168.0,351790,Guaraci,  3 517 901 ,   10 350,10350.0,16.231884057971016
351800 GUARANI D'OESTE,51.0,2,53.0,351800,Guarani d'Oeste,  3 518 008 ,   1 968,1968.0,26.930894308943092
351810 GUARANTA,100.0,-,100.0,351810,Guarantã,  3 518 107 ,   6 427,6427.0,15.559358954411078
351820 GUARARAPES,321.0,57,378.0,351820,Guararapes,  3 518 206 ,   31 043,31043.0,12.176658183809554
351830 GUARAREMA,347.0,45,392.0,351830,Guararema,  3 518 305 ,   31 236,31236.0,12.54962223075938
351840 GUARATINGUETA,2171.0,1453,3624.0,351840,Guaratinguetá,  3 518 404 ,   118 044,118044.0,30.700416793737926
351850 GUAREI,174.0,3,177.0,351850,Guareí,  3 518 503 ,   15 013,15013.0,11.789782188769733
351860 GUARIBA,390.0,86,476.0,351860,Guariba,  3 518 602 ,   37 498,37498.0,12.694010347218518
351870 GUARUJA,3814.0,737,4551.0,351870,Guarujá,  3 518 701 ,   287 634,287634.0,15.822190700682116
351880 GUARULHOS,14074.0,4451,18525.0,351880,Guarulhos,  3 518 800 ,  1 291 771,1291771.0,14.34077711916431
351885 GUATAPARA,127.0,1,128.0,351885,Guatapará,  3 518 859 ,   7 320,7320.0,17.48633879781421
351890 GUZOLANDIA,59.0,-,59.0,351890,Guzolândia,  3 518 909 ,   4 246,4246.0,13.89543099387659
351900 HERCULANDIA,129.0,3,132.0,351900,Herculândia,  3 519 006 ,   9 125,9125.0,14.465753424657535
351905 HOLAMBRA,92.0,34,126.0,351905,Holambra,  3 519 055 ,   15 094,15094.0,8.347687822976017
351907 HORTOLANDIA,1793.0,349,2142.0,351907,Hortolândia,  3 519 071 ,   236 641,236641.0,9.05168588706099
351910 IACANGA,129.0,8,137.0,351910,Iacanga,  3 519 105 ,   10 437,10437.0,13.126377311487976
351920 IACRI,80.0,-,80.0,351920,Iacri,  3 519 204 ,   6 131,6131.0,13.0484423421954
351925 IARAS,98.0,-,98.0,351925,Iaras,  3 519 253 ,   8 010,8010.0,12.23470661672909
351930 IBATE,209.0,52,261.0,351930,Ibaté,  3 519 303 ,   32 178,32178.0,8.111131829200074
351940 IBIRA,122.0,12,134.0,351940,Ibirá,  3 519 402 ,   11 690,11690.0,11.46278870829769
351950 IBIRAREMA,83.0,9,92.0,351950,Ibirarema,  3 519 501 ,   6 385,6385.0,14.408770555990603
351960 IBITINGA,680.0,139,819.0,351960,Ibitinga,  3 519 600 ,   60 033,60033.0,13.64249662685523
351970 IBIUNA,551.0,122,673.0,351970,Ibiúna,  3 519 709 ,   75 605,75605.0,8.901527676740956
351980 ICEM,148.0,31,179.0,351980,Icém,  3 519 808 ,   7 819,7819.0,22.89295306305154
351990 IEPE,148.0,15,163.0,351990,Iepê,  3 519 907 ,   7 619,7619.0,21.3938837117732
352000 IGARACU DO TIETE,159.0,4,163.0,352000,Igaraçu do Tietê,  3 520 004 ,   23 106,23106.0,7.054444732969792
352010 IGARAPAVA,401.0,56,457.0,352010,Igarapava,  3 520 103 ,   26 212,26212.0,17.43476270410499
352020 IGARATA,125.0,1,126.0,352020,Igaratá,  3 520 202 ,   10 605,10605.0,11.881188118811881
352030 IGUAPE,377.0,14,391.0,352030,Iguape,  3 520 301 ,   29 115,29115.0,13.429503692254851
352040 ILHABELA,1021.0,55,1076.0,352040,Ilhabela,  3 520 400 ,   34 934,34934.0,30.800938913379515
352042 ILHA COMPRIDA,167.0,9,176.0,352042,Ilha Comprida,  3 520 426 ,   13 419,13419.0,13.11573142559058
352044 ILHA SOLTEIRA,488.0,107,595.0,352044,Ilha Solteira,  3 520 442 ,   25 549,25549.0,23.288582723394263
352050 INDAIATUBA,2544.0,972,3516.0,352050,Indaiatuba,  3 520 509 ,   255 748,255748.0,13.747908097033017
352060 INDIANA,73.0,3,76.0,352060,Indiana,  3 520 608 ,   5 090,5090.0,14.93123772102161
352070 INDIAPORA,88.0,12,100.0,352070,Indiaporã,  3 520 707 ,   4 035,4035.0,24.783147459727388
352080 INUBIA PAULISTA,46.0,-,46.0,352080,Inúbia Paulista,  3 520 806 ,   3 615,3615.0,12.72475795297372
352090 IPAUSSU,152.0,9,161.0,352090,Ipaussu,  3 520 905 ,   13 712,13712.0,11.741540256709452
352100 IPERO,326.0,14,340.0,352100,Iperó,  3 521 002 ,   36 459,36459.0,9.325543761485504
352110 IPEUNA,152.0,9,161.0,352110,Ipeúna,  3 521 101 ,   6 831,6831.0,23.56902356902357
352115 IPIGUA,86.0,-,86.0,352115,Ipiguá,  3 521 150 ,   6 761,6761.0,12.720011832569147
352120 IPORANGA,90.0,-,90.0,352120,Iporanga,  3 521 200 ,   4 046,4046.0,22.244191794364802
352130 IPUA,294.0,58,352.0,352130,Ipuã,  3 521 309 ,   14 454,14454.0,24.3531202435312
352140 IRACEMAPOLIS,188.0,18,206.0,352140,Iracemápolis,  3 521 408 ,   21 967,21967.0,9.377702918013384
352150 IRAPUA,101.0,7,108.0,352150,Irapuã,  3 521 507 ,   6 867,6867.0,15.727391874180864
352160 IRAPURU,113.0,-,113.0,352160,Irapuru,  3 521 606 ,   7 085,7085.0,15.949188426252647
352170 ITABERA,253.0,3,256.0,352170,Itaberá,  3 521 705 ,   17 983,17983.0,14.235667018851137
352180 ITAI,185.0,6,191.0,352180,Itaí,  3 521 804 ,   25 180,25180.0,7.585385226370136
352190 ITAJOBI,179.0,16,195.0,352190,Itajobi,  3 521 903 ,   16 989,16989.0,11.478015186297016
352200 ITAJU,36.0,-,36.0,352200,Itaju,  3 522 000 ,   3 618,3618.0,9.950248756218905
352210 ITANHAEM,1796.0,160,1956.0,352210,Itanhaém,  3 522 109 ,   112 476,112476.0,17.390376613677585
352215 ITAOCA,36.0,-,36.0,352215,Itaoca,  3 522 158 ,   3 422,3422.0,10.520163646990065
352220 ITAPECERICA DA SERRA,1944.0,587,2531.0,352220,Itapecerica da Serra,  3 522 208 ,   158 522,158522.0,15.9662381246767
352230 ITAPETININGA,2113.0,550,2663.0,352230,Itapetininga,  3 522 307 ,   157 790,157790.0,16.876861651562205
352240 ITAPEVA,1573.0,346,1919.0,352240,Itapeva,  3 522 406 ,   89 728,89728.0,21.38685805991441
352250 ITAPEVI,2658.0,921,3579.0,352250,Itapevi,  3 522 505 ,   232 297,232297.0,15.407000520884901
352260 ITAPIRA,1543.0,672,2215.0,352260,Itapira,  3 522 604 ,   72 022,72022.0,30.75449168309683
352265 ITAPIRAPUA PAULISTA,78.0,-,78.0,352265,Itapirapuã Paulista,  3 522 653 ,   4 306,4306.0,18.114259173246634
352270 ITAPOLIS,457.0,59,516.0,352270,Itápolis,  3 522 703 ,   39 493,39493.0,13.065606563188412
352280 ITAPORANGA,210.0,33,243.0,352280,Itaporanga,  3 522 802 ,   14 085,14085.0,17.252396166134186
352290 ITAPUI,144.0,5,149.0,352290,Itapuí,  3 522 901 ,   13 659,13659.0,10.908558459623691
352300 ITAPURA,55.0,3,58.0,352300,Itapura,  3 523 008 ,   3 979,3979.0,14.576526765518974
352310 ITAQUAQUECETUBA,2392.0,245,2637.0,352310,Itaquaquecetuba,  3 523 107 ,   369 275,369275.0,7.141019565364566
352320 ITARARE,558.0,58,616.0,352320,Itararé,  3 523 206 ,   44 438,44438.0,13.86200999144876
352330 ITARIRI,201.0,12,213.0,352330,Itariri,  3 523 305 ,   15 528,15528.0,13.717156105100464
352340 ITATIBA,1295.0,224,1519.0,352340,Itatiba,  3 523 404 ,   121 590,121590.0,12.492803684513529
352350 ITATINGA,131.0,7,138.0,352350,Itatinga,  3 523 503 ,   19 070,19070.0,7.23649711588883
352360 ITIRAPINA,279.0,23,302.0,352360,Itirapina,  3 523 602 ,   16 148,16148.0,18.70200644042606
352370 ITIRAPUA,80.0,-,80.0,352370,Itirapuã,  3 523 701 ,   5 779,5779.0,13.843225471534867
352380 ITOBI,57.0,4,61.0,352380,Itobi,  3 523 800 ,   8 046,8046.0,7.5814069102659705
352390 ITU,2333.0,635,2968.0,352390,Itu,  3 523 909 ,   168 240,168240.0,17.641464574417498
352400 ITUPEVA,698.0,120,818.0,352400,Itupeva,  3 524 006 ,   70 616,70616.0,11.583777047694573
352410 ITUVERAVA,738.0,196,934.0,352410,Ituverava,  3 524 105 ,   37 571,37571.0,24.859599158925768
352420 JABORANDI,112.0,7,119.0,352420,Jaborandi,  3 524 204 ,   6 221,6221.0,19.12875743449606
352430 JABOTICABAL,1052.0,340,1392.0,352430,Jaboticabal,  3 524 303 ,   71 821,71821.0,19.38151794043525
352440 JACAREI,3176.0,2071,5247.0,352440,Jacareí,  3 524 402 ,   240 275,240275.0,21.837477889917803
352450 JACI,187.0,13,200.0,352450,Jaci,  3 524 501 ,   7 613,7613.0,26.270852489163275
352460 JACUPIRANGA,234.0,7,241.0,352460,Jacupiranga,  3 524 600 ,   16 097,16097.0,14.971733863452817
352470 JAGUARIUNA,1174.0,111,1285.0,352470,Jaguariúna,  3 524 709 ,   59 347,59347.0,21.65231603956392
352480 JALES,1284.0,215,1499.0,352480,Jales,  3 524 808 ,   48 776,48776.0,30.73232737411842
352490 JAMBEIRO,77.0,-,77.0,352490,Jambeiro,  3 524 907 ,   6 397,6397.0,12.036892293262467
352500 JANDIRA,673.0,123,796.0,352500,Jandira,  3 525 003 ,   118 045,118045.0,6.743191155915117
352510 JARDINOPOLIS,363.0,54,417.0,352510,Jardinópolis,  3 525 102 ,   45 282,45282.0,9.208957201537034
352520 JARINU,269.0,33,302.0,352520,Jarinu,  3 525 201 ,   37 535,37535.0,8.045823897695485
352530 JAU,4232.0,601,4833.0,352530,Jaú,  3 525 300 ,   133 497,133497.0,36.20306074293805
352540 JERIQUARA,63.0,-,63.0,352540,Jeriquara,  3 525 409 ,   3 863,3863.0,16.30856847010096
352550 JOANOPOLIS,124.0,11,135.0,352550,Joanópolis,  3 525 508 ,   12 815,12815.0,10.53452984783457
352560 JOAO RAMALHO,74.0,1,75.0,352560,João Ramalho,  3 525 607 ,   4 371,4371.0,17.158544955387786
352570 JOSE BONIFACIO,320.0,74,394.0,352570,José Bonifácio,  3 525 706 ,   36 633,36633.0,10.75532989381159
352580 JULIO MESQUITA,56.0,4,60.0,352580,Júlio Mesquita,  3 525 805 ,   4 254,4254.0,14.104372355430185
352585 JUMIRIM,51.0,1,52.0,352585,Jumirim,  3 525 854 ,   3 056,3056.0,17.015706806282722
352590 JUNDIAI,6117.0,4143,10260.0,352590,Jundiaí,  3 525 904 ,   443 221,443221.0,23.148722646264503
352600 JUNQUEIROPOLIS,279.0,17,296.0,352600,Junqueirópolis,  3 526 001 ,   20 448,20448.0,14.475743348982787
352610 JUQUIA,213.0,3,216.0,352610,Juquiá,  3 526 100 ,   17 154,17154.0,12.591815320041974
352620 JUQUITIBA,316.0,7,323.0,352620,Juquitiba,  3 526 209 ,   27 404,27404.0,11.786600496277917
352630 LAGOINHA,69.0,13,82.0,352630,Lagoinha,  3 526 308 ,   5 083,5083.0,16.13220539051741
352640 LARANJAL PAULISTA,298.0,49,347.0,352640,Laranjal Paulista,  3 526 407 ,   26 261,26261.0,13.213510528921214
352650 LAVINIA,91.0,-,91.0,352650,Lavínia,  3 526 506 ,   9 689,9689.0,9.392094127360924
352660 LAVRINHAS,63.0,9,72.0,352660,Lavrinhas,  3 526 605 ,   7 171,7171.0,10.040440663784688
352670 LEME,1237.0,295,1532.0,352670,Leme,  3 526 704 ,   98 161,98161.0,15.60701296849054
352680 LENCOIS PAULISTA,860.0,262,1122.0,352680,Lençóis Paulista,  3 526 803 ,   66 505,66505.0,16.870911961506653
352690 LIMEIRA,3491.0,3150,6641.0,352690,Limeira,  3 526 902 ,   291 869,291869.0,22.7533585272845
352700 LINDOIA,103.0,17,120.0,352700,Lindóia,  3 527 009 ,   7 014,7014.0,17.108639863130882
352710 LINS,1176.0,652,1828.0,352710,Lins,  3 527 108 ,   74 779,74779.0,24.44536567752979
352720 LORENA,1179.0,1182,2361.0,352720,Lorena,  3 527 207 ,   84 855,84855.0,27.82393494785222
352725 LOURDES,31.0,-,31.0,352725,Lourdes,  3 527 256 ,   1 950,1950.0,15.897435897435898
352730 LOUVEIRA,708.0,44,752.0,352730,Louveira,  3 527 306 ,   51 847,51847.0,14.504214322911643
352740 LUCELIA,221.0,19,240.0,352740,Lucélia,  3 527 405 ,   20 061,20061.0,11.963511290563781
352750 LUCIANOPOLIS,37.0,-,37.0,352750,Lucianópolis,  3 527 504 ,   2 372,2372.0,15.598650927487354
352760 LUIS ANTONIO,249.0,14,263.0,352760,Luís Antônio,  3 527 603 ,   12 265,12265.0,21.44313086017122
352770 LUIZIANIA,61.0,4,65.0,352770,Luiziânia,  3 527 702 ,   4 701,4701.0,13.826845352052754
352780 LUPERCIO,42.0,-,42.0,352780,Lupércio,  3 527 801 ,   3 981,3981.0,10.550113036925396
352790 LUTECIA,64.0,-,64.0,352790,Lutécia,  3 527 900 ,   2 661,2661.0,24.0511086057873
352800 MACATUBA,149.0,25,174.0,352800,Macatuba,  3 528 007 ,   16 829,16829.0,10.339295264127399
352810 MACAUBAL,115.0,5,120.0,352810,Macaubal,  3 528 106 ,   7 481,7481.0,16.040636278572386
352820 MACEDONIA,74.0,1,75.0,352820,Macedônia,  3 528 205 ,   3 963,3963.0,18.925056775170326
352830 MAGDA,63.0,-,63.0,352830,Magda,  3 528 304 ,   3 165,3165.0,19.90521327014218
352840 MAIRINQUE,373.0,57,430.0,352840,Mairinque,  3 528 403 ,   50 027,50027.0,8.59535850640654
352850 MAIRIPORA,871.0,29,900.0,352850,Mairiporã,  3 528 502 ,   93 853,93853.0,9.589464375139848
352860 MANDURI,131.0,32,163.0,352860,Manduri,  3 528 601 ,   9 871,9871.0,16.51301793131395
352870 MARABA PAULISTA,61.0,-,61.0,352870,Marabá Paulista,  3 528 700 ,   4 573,4573.0,13.339164662147386
352880 MARACAI,144.0,17,161.0,352880,Maracaí,  3 528 809 ,   12 673,12673.0,12.704174228675136
352885 MARAPOAMA,62.0,1,63.0,352885,Marapoama,  3 528 858 ,   3 292,3292.0,19.13730255164034
352890 MARIAPOLIS,42.0,1,43.0,352890,Mariápolis,  3 528 908 ,   3 513,3513.0,12.240250498149729
352900 MARILIA,6434.0,931,7365.0,352900,Marília,  3 529 005 ,   237 627,237627.0,30.99395270739436
352910 MARINOPOLIS,47.0,-,47.0,352910,Marinópolis,  3 529 104 ,   1 860,1860.0,25.268817204301076
352920 MARTINOPOLIS,331.0,54,385.0,352920,Martinópolis,  3 529 203 ,   24 881,24881.0,15.47365459587637
352930 MATAO,1097.0,284,1381.0,352930,Matão,  3 529 302 ,   79 033,79033.0,17.473713512077232
352940 MAUA,3728.0,1973,5701.0,352940,Mauá,  3 529 401 ,   418 261,418261.0,13.630245229653255
352950 MENDONCA,105.0,2,107.0,352950,Mendonça,  3 529 500 ,   6 159,6159.0,17.372950154245817
352960 MERIDIANO,49.0,13,62.0,352960,Meridiano,  3 529 609 ,   4 572,4572.0,13.560804899387575
352965 MESOPOLIS,44.0,1,45.0,352965,Mesópolis,  3 529 658 ,   1 952,1952.0,23.053278688524593
352970 MIGUELOPOLIS,370.0,27,397.0,352970,Miguelópolis,  3 529 708 ,   19 441,19441.0,20.420760248958388
352980 MINEIROS DO TIETE,128.0,-,128.0,352980,Mineiros do Tietê,  3 529 807 ,   11 230,11230.0,11.398040961709707
352990 MIRACATU,265.0,1,266.0,352990,Miracatu,  3 529 906 ,   18 553,18553.0,14.3373039400636
353000 MIRA ESTRELA,74.0,1,75.0,353000,Mira Estrela,  3 530 003 ,   3 126,3126.0,23.99232245681382
353010 MIRANDOPOLIS,415.0,74,489.0,353010,Mirandópolis,  3 530 102 ,   27 983,27983.0,17.47489547225101
353020 MIRANTE DO PARANAPANEMA,319.0,18,337.0,353020,Mirante do Paranapanema,  3 530 201 ,   15 917,15917.0,21.17233146949802
353030 MIRASSOL,487.0,190,677.0,353030,Mirassol,  3 530 300 ,   63 337,63337.0,10.688854855771508
353040 MIRASSOLANDIA,67.0,-,67.0,353040,Mirassolândia,  3 530 409 ,   4 669,4669.0,14.349967873206253
353050 MOCOCA,1034.0,289,1323.0,353050,Mococa,  3 530 508 ,   67 681,67681.0,19.54758351679201
353060 MOGI DAS CRUZES,6107.0,4059,10166.0,353060,Mogi das Cruzes,  3 530 607 ,   451 505,451505.0,22.51580824132623
353070 MOGI GUACU,2068.0,670,2738.0,353070,Mogi Guaçu,  3 530 706 ,   153 658,153658.0,17.818792383084514
353080 MOGI MIRIM,1326.0,700,2026.0,353080,Mogi Mirim,  3 530 805 ,   92 558,92558.0,21.88897772207697
353090 MOMBUCA,49.0,-,49.0,353090,Mombuca,  3 530 904 ,   3 722,3722.0,13.164965072541644
353100 MONCOES,70.0,1,71.0,353100,Monções,  3 531 001 ,   1 937,1937.0,36.654620547238
353110 MONGAGUA,402.0,43,445.0,353110,Mongaguá,  3 531 100 ,   61 951,61951.0,7.18309631805782
353120 MONTE ALEGRE DO SUL,103.0,8,111.0,353120,Monte Alegre do Sul,  3 531 209 ,   8 627,8627.0,12.866581662223252
353130 MONTE ALTO,615.0,248,863.0,353130,Monte Alto,  3 531 308 ,   47 574,47574.0,18.140160591919955
353140 MONTE APRAZIVEL,210.0,45,255.0,353140,Monte Aprazível,  3 531 407 ,   22 280,22280.0,11.44524236983842
353150 MONTE AZUL PAULISTA,233.0,27,260.0,353150,Monte Azul Paulista,  3 531 506 ,   18 151,18151.0,14.324279654013552
353160 MONTE CASTELO,67.0,-,67.0,353160,Monte Castelo,  3 531 605 ,   4 222,4222.0,15.869256276646139
353170 MONTEIRO LOBATO,80.0,10,90.0,353170,Monteiro Lobato,  3 531 704 ,   4 138,4138.0,21.749637506041566
353180 MONTE MOR,457.0,76,533.0,353180,Monte Mor,  3 531 803 ,   64 662,64662.0,8.242862887012466
353190 MORRO AGUDO,527.0,65,592.0,353190,Morro Agudo,  3 531 902 ,   27 933,27933.0,21.19357032900154
353200 MORUNGABA,124.0,10,134.0,353200,Morungaba,  3 532 009 ,   13 720,13720.0,9.766763848396502
353205 MOTUCA,58.0,1,59.0,353205,Motuca,  3 532 058 ,   4 034,4034.0,14.625681705503224
353210 MURUTINGA DO SUL,55.0,2,57.0,353210,Murutinga do Sul,  3 532 108 ,   3 737,3737.0,15.252876639015252
353215 NANTES,67.0,-,67.0,353215,Nantes,  3 532 157 ,   2 660,2660.0,25.18796992481203
353220 NARANDIBA,96.0,-,96.0,353220,Narandiba,  3 532 207 ,   5 713,5713.0,16.803780850691407
353230 NATIVIDADE DA SERRA,64.0,-,64.0,353230,Natividade da Serra,  3 532 306 ,   6 999,6999.0,9.144163451921704
353240 NAZARE PAULISTA,125.0,10,135.0,353240,Nazaré Paulista,  3 532 405 ,   18 217,18217.0,7.410660372179833
353250 NEVES PAULISTA,84.0,4,88.0,353250,Neves Paulista,  3 532 504 ,   9 699,9699.0,9.073100319620579
353260 NHANDEARA,194.0,74,268.0,353260,Nhandeara,  3 532 603 ,   9 852,9852.0,27.202598457166058
353270 NIPOA,83.0,2,85.0,353270,Nipoã,  3 532 702 ,   4 750,4750.0,17.89473684210526
353280 NOVA ALIANCA,139.0,1,140.0,353280,Nova Aliança,  3 532 801 ,   6 693,6693.0,20.917376363364706
353282 NOVA CAMPINA,120.0,-,120.0,353282,Nova Campina,  3 532 827 ,   8 497,8497.0,14.122631517006003
353284 NOVA CANAA PAULISTA,43.0,-,43.0,353284,Nova Canaã Paulista,  3 532 843 ,   2 032,2032.0,21.161417322834644
353286 NOVA CASTILHO,46.0,-,46.0,353286,Nova Castilho,  3 532 868 ,   1 062,1062.0,43.314500941619585
353290 NOVA EUROPA,142.0,19,161.0,353290,Nova Europa,  3 532 900 ,   9 311,9311.0,17.29137579207389
353300 NOVA GRANADA,231.0,35,266.0,353300,Nova Granada,  3 533 007 ,   19 419,19419.0,13.697924712910037
353310 NOVA GUATAPORANGA,52.0,-,52.0,353310,Nova Guataporanga,  3 533 106 ,   2 156,2156.0,24.118738404452692
353320 NOVA INDEPENDENCIA,67.0,4,71.0,353320,Nova Independência,  3 533 205 ,   4 609,4609.0,15.404643089607289
353325 NOVAIS,74.0,-,74.0,353325,Novais,  3 533 254 ,   4 412,4412.0,16.772438803263828
353330 NOVA LUZITANIA,35.0,1,36.0,353330,Nova Luzitânia,  3 533 304 ,   2 837,2837.0,12.689460697920339
353340 NOVA ODESSA,380.0,64,444.0,353340,Nova Odessa,  3 533 403 ,   62 019,62019.0,7.159096405940115
353350 NOVO HORIZONTE,602.0,106,708.0,353350,Novo Horizonte,  3 533 502 ,   38 324,38324.0,18.474063250182656
353360 NUPORANGA,90.0,17,107.0,353360,Nuporanga,  3 533 601 ,   7 391,7391.0,14.477066702746583
353370 OCAUCU,46.0,-,46.0,353370,Ocauçu,  3 533 700 ,   4 331,4331.0,10.621103671207573
353380 OLEO,32.0,-,32.0,353380,Óleo,  3 533 809 ,   2 512,2512.0,12.738853503184714
353390 OLIMPIA,755.0,191,946.0,353390,Olímpia,  3 533 908 ,   55 074,55074.0,17.176889276246506
353400 ONDA VERDE,83.0,3,86.0,353400,Onda Verde,  3 534 005 ,   4 771,4771.0,18.025571159086144
353410 ORIENTE,87.0,5,92.0,353410,Oriente,  3 534 104 ,   6 085,6085.0,15.119145439605587
353420 ORINDIUVA,136.0,15,151.0,353420,Orindiúva,  3 534 203 ,   6 024,6024.0,25.066401062416997
353430 ORLANDIA,377.0,228,605.0,353430,Orlândia,  3 534 302 ,   38 319,38319.0,15.788512226310708
353440 OSASCO,6818.0,7180,13998.0,353440,Osasco,  3 534 401 ,   728 615,728615.0,19.211792235954515
353450 OSCAR BRESSANE,67.0,-,67.0,353450,Oscar Bressane,  3 534 500 ,   2 470,2470.0,27.125506072874494
353460 OSVALDO CRUZ,369.0,66,435.0,353460,Osvaldo Cruz,  3 534 609 ,   31 272,31272.0,13.910207214121257
353470 OURINHOS,1664.0,701,2365.0,353470,Ourinhos,  3 534 708 ,   103 970,103970.0,22.746946234490718
353475 OUROESTE,227.0,20,247.0,353475,Ouroeste,  3 534 757 ,   10 294,10294.0,23.994559937827862
353480 OURO VERDE,88.0,4,92.0,353480,Ouro Verde,  3 534 807 ,   7 779,7779.0,11.826712945108627
353490 PACAEMBU,177.0,8,185.0,353490,Pacaembu,  3 534 906 ,   14 877,14877.0,12.435302816428043
353500 PALESTINA,159.0,25,184.0,353500,Palestina,  3 535 002 ,   11 476,11476.0,16.03346113628442
353510 PALMARES PAULISTA,106.0,24,130.0,353510,Palmares Paulista,  3 535 101 ,   9 650,9650.0,13.471502590673575
353520 PALMEIRA D'OESTE,109.0,10,119.0,353520,Palmeira d'Oeste,  3 535 200 ,   8 903,8903.0,13.366281028866673
353530 PALMITAL,345.0,38,383.0,353530,Palmital,  3 535 309 ,   19 594,19594.0,19.546800040828828
353540 PANORAMA,167.0,10,177.0,353540,Panorama,  3 535 408 ,   14 964,14964.0,11.828388131515638
353550 PARAGUACU PAULISTA,610.0,51,661.0,353550,Paraguaçu Paulista,  3 535 507 ,   41 120,41120.0,16.074902723735406
353560 PARAIBUNA,183.0,13,196.0,353560,Paraibuna,  3 535 606 ,   17 667,17667.0,11.094130299428313
353570 PARAISO,104.0,2,106.0,353570,Paraíso,  3 535 705 ,   6 099,6099.0,17.37989834399082
353580 PARANAPANEMA,171.0,33,204.0,353580,Paranapanema,  3 535 804 ,   19 395,19395.0,10.518174787316317
353590 PARANAPUA,58.0,-,58.0,353590,Paranapuã,  3 535 903 ,   4 031,4031.0,14.388489208633095
353600 PARAPUA,108.0,-,108.0,353600,Parapuã,  3 536 000 ,   10 580,10580.0,10.207939508506616
353610 PARDINHO,70.0,1,71.0,353610,Pardinho,  3 536 109 ,   7 153,7153.0,9.925905214595275
353620 PARIQUERA-ACU,1340.0,9,1349.0,353620,Pariquera-Açu,  3 536 208 ,   19 233,19233.0,70.139863775802
353625 PARISI,56.0,-,56.0,353625,Parisi,  3 536 257 ,   2 892,2892.0,19.363762102351316
353630 PATROCINIO PAULISTA,250.0,2,252.0,353630,Patrocínio Paulista,  3 536 307 ,   14 512,14512.0,17.364939360529217
353640 PAULICEIA,128.0,5,133.0,353640,Paulicéia,  3 536 406 ,   7 955,7955.0,16.71904462602137
353650 PAULINIA,1294.0,360,1654.0,353650,Paulínia,  3 536 505 ,   110 537,110537.0,14.963315450934981
353657 PAULISTANIA,47.0,-,47.0,353657,Paulistânia,  3 536 570 ,   2 090,2090.0,22.488038277511965
353660 PAULO DE FARIA,96.0,1,97.0,353660,Paulo de Faria,  3 536 604 ,   7 400,7400.0,13.108108108108107
353670 PEDERNEIRAS,559.0,138,697.0,353670,Pederneiras,  3 536 703 ,   44 827,44827.0,15.548664867155955
353680 PEDRA BELA,70.0,-,70.0,353680,Pedra Bela,  3 536 802 ,   6 557,6557.0,10.67561384779625
353690 PEDRANOPOLIS,43.0,-,43.0,353690,Pedranópolis,  3 536 901 ,   2 787,2787.0,15.428776462145676
353700 PEDREGULHO,221.0,12,233.0,353700,Pedregulho,  3 537 008 ,   15 525,15525.0,15.008051529790661
353710 PEDREIRA,331.0,69,400.0,353710,Pedreira,  3 537 107 ,   43 112,43112.0,9.2781592132121
353715 PEDRINHAS PAULISTA,62.0,-,62.0,353715,Pedrinhas Paulista,  3 537 156 ,   2 804,2804.0,22.111269614835948
353720 PEDRO DE TOLEDO,164.0,7,171.0,353720,Pedro de Toledo,  3 537 206 ,   11 281,11281.0,15.158230653310875
353730 PENAPOLIS,769.0,201,970.0,353730,Penápolis,  3 537 305 ,   61 679,61679.0,15.726584412847162
353740 PEREIRA BARRETO,246.0,61,307.0,353740,Pereira Barreto,  3 537 404 ,   24 095,24095.0,12.7412326208757
353750 PEREIRAS,77.0,2,79.0,353750,Pereiras,  3 537 503 ,   8 737,8737.0,9.04200526496509
353760 PERUIBE,646.0,123,769.0,353760,Peruíbe,  3 537 602 ,   68 352,68352.0,11.25058520599251
353770 PIACATU,59.0,3,62.0,353770,Piacatu,  3 537 701 ,   5 519,5519.0,11.233919188258742
353780 PIEDADE,286.0,62,348.0,353780,Piedade,  3 537 800 ,   52 970,52970.0,6.569756465924108
353790 PILAR DO SUL,225.0,27,252.0,353790,Pilar do Sul,  3 537 909 ,   27 619,27619.0,9.124153662333901
353800 PINDAMONHANGABA,1954.0,1054,3008.0,353800,Pindamonhangaba,  3 538 006 ,   165 428,165428.0,18.183137074739463
353810 PINDORAMA,180.0,8,188.0,353810,Pindorama,  3 538 105 ,   14 542,14542.0,12.92807041672397
353820 PINHALZINHO,95.0,12,107.0,353820,Pinhalzinho,  3 538 204 ,   15 224,15224.0,7.028376248029427
353830 PIQUEROBI,49.0,-,49.0,353830,Piquerobi,  3 538 303 ,   3 264,3264.0,15.012254901960786
353850 PIQUETE,122.0,10,132.0,353850,Piquete,  3 538 501 ,   12 490,12490.0,10.568454763811049
353860 PIRACAIA,207.0,18,225.0,353860,Piracaia,  3 538 600 ,   26 029,26029.0,8.644204541088786
353870 PIRACICABA,5757.0,3498,9255.0,353870,Piracicaba,  3 538 709 ,   423 323,423323.0,21.86273838180302
353880 PIRAJU,454.0,70,524.0,353880,Piraju,  3 538 808 ,   29 436,29436.0,17.801331702676993
353890 PIRAJUI,520.0,32,552.0,353890,Pirajuí,  3 538 907 ,   22 431,22431.0,24.60880032098435
353900 PIRANGI,131.0,24,155.0,353900,Pirangi,  3 539 004 ,   10 885,10885.0,14.23977951309141
353910 PIRAPORA DO BOM JESUS,154.0,9,163.0,353910,Pirapora do Bom Jesus,  3 539 103 ,   18 370,18370.0,8.873162765378334
353920 PIRAPOZINHO,273.0,38,311.0,353920,Pirapozinho,  3 539 202 ,   25 348,25348.0,12.269212561148807
353930 PIRASSUNUNGA,1261.0,423,1684.0,353930,Pirassununga,  3 539 301 ,   73 545,73545.0,22.897545720307296
353940 PIRATININGA,149.0,5,154.0,353940,Piratininga,  3 539 400 ,   15 108,15108.0,10.193275086047128
353950 PITANGUEIRAS,442.0,99,541.0,353950,Pitangueiras,  3 539 509 ,   33 674,33674.0,16.065807447882637
353960 PLANALTO,85.0,-,85.0,353960,Planalto,  3 539 608 ,   4 389,4389.0,19.366598313966733
353970 PLATINA,67.0,-,67.0,353970,Platina,  3 539 707 ,   3 025,3025.0,22.14876033057851
353980 POA,507.0,129,636.0,353980,Poá,  3 539 806 ,   103 765,103765.0,6.129234327567098
353990 POLONI,83.0,23,106.0,353990,Poloni,  3 539 905 ,   5 592,5592.0,18.955650929899857
354000 POMPEIA,378.0,80,458.0,354000,Pompéia,  3 540 002 ,   20 196,20196.0,22.677757971875618
354010 PONGAI,51.0,-,51.0,354010,Pongaí,  3 540 101 ,   3 395,3395.0,15.022091310751104
354020 PONTAL,493.0,109,602.0,354020,Pontal,  3 540 200 ,   37 607,37607.0,16.007658148748902
354025 PONTALINDA,42.0,-,42.0,354025,Pontalinda,  3 540 259 ,   4 127,4127.0,10.176883935061788
354030 PONTES GESTAL,92.0,1,93.0,354030,Pontes Gestal,  3 540 309 ,   2 387,2387.0,38.96103896103896
354040 POPULINA,71.0,19,90.0,354040,Populina,  3 540 408 ,   4 127,4127.0,21.80760843227526
354050 PORANGABA,108.0,10,118.0,354050,Porangaba,  3 540 507 ,   10 451,10451.0,11.29078557075878
354060 PORTO FELIZ,659.0,71,730.0,354060,Porto Feliz,  3 540 606 ,   56 497,56497.0,12.921040055224172
354070 PORTO FERREIRA,553.0,150,703.0,354070,Porto Ferreira,  3 540 705 ,   52 649,52649.0,13.35258029592205
354075 POTIM,159.0,7,166.0,354075,Potim,  3 540 754 ,   20 392,20392.0,8.140447234209494
354080 POTIRENDABA,158.0,40,198.0,354080,Potirendaba,  3 540 804 ,   18 496,18496.0,10.705017301038062
354085 PRACINHA,56.0,-,56.0,354085,Pracinha,  3 540 853 ,   2 578,2578.0,21.722265321955007
354090 PRADOPOLIS,166.0,20,186.0,354090,Pradópolis,  3 540 903 ,   17 078,17078.0,10.891205059140415
354100 PRAIA GRANDE,4094.0,694,4788.0,354100,Praia Grande,  3 541 000 ,   349 935,349935.0,13.68254104333662
354105 PRATANIA,53.0,1,54.0,354105,Pratânia,  3 541 059 ,   5 126,5126.0,10.53452984783457
354110 PRESIDENTE ALVES,42.0,-,42.0,354110,Presidente Alves,  3 541 109 ,   3 804,3804.0,11.041009463722398
354120 PRESIDENTE BERNARDES,210.0,28,238.0,354120,Presidente Bernardes,  3 541 208 ,   14 490,14490.0,16.425120772946862
354130 PRESIDENTE EPITACIO,550.0,66,616.0,354130,Presidente Epitácio,  3 541 307 ,   39 505,39505.0,15.592962916086572
354140 PRESIDENTE PRUDENTE,5844.0,2056,7900.0,354140,Presidente Prudente,  3 541 406 ,   225 668,225668.0,35.007178687275115
354150 PRESIDENTE VENCESLAU,537.0,66,603.0,354150,Presidente Venceslau,  3 541 505 ,   35 201,35201.0,17.130195164910088
354160 PROMISSAO,704.0,41,745.0,354160,Promissão,  3 541 604 ,   35 131,35131.0,21.20634197717116
354165 QUADRA,63.0,2,65.0,354165,Quadra,  3 541 653 ,   3 405,3405.0,19.08957415565345
354170 QUATA,205.0,23,228.0,354170,Quatá,  3 541 703 ,   13 163,13163.0,17.321279343614677
354180 QUEIROZ,68.0,-,68.0,354180,Queiroz,  3 541 802 ,   3 265,3265.0,20.82695252679939
354190 QUELUZ,118.0,1,119.0,354190,Queluz,  3 541 901 ,   9 159,9159.0,12.992684790916039
354200 QUINTANA,100.0,8,108.0,354200,Quintana,  3 542 008 ,   7 038,7038.0,15.34526854219949
354210 RAFARD,71.0,-,71.0,354210,Rafard,  3 542 107 ,   8 965,8965.0,7.919687674288901
354220 RANCHARIA,383.0,129,512.0,354220,Rancharia,  3 542 206 ,   28 588,28588.0,17.909612424793618
354230 REDENCAO DA SERRA,58.0,1,59.0,354230,Redenção da Serra,  3 542 305 ,   4 494,4494.0,13.12861593235425
354240 REGENTE FEIJO,249.0,39,288.0,354240,Regente Feijó,  3 542 404 ,   20 145,20145.0,14.296351451973194
354250 REGINOPOLIS,91.0,4,95.0,354250,Reginópolis,  3 542 503 ,   7 662,7662.0,12.398851474810753
354260 REGISTRO,1644.0,225,1869.0,354260,Registro,  3 542 602 ,   59 947,59947.0,31.177540160475086
354270 RESTINGA,92.0,-,92.0,354270,Restinga,  3 542 701 ,   6 404,6404.0,14.366021236727045
354280 RIBEIRA,69.0,-,69.0,354280,Ribeira,  3 542 800 ,   3 132,3132.0,22.03065134099617
354290 RIBEIRAO BONITO,89.0,15,104.0,354290,Ribeirão Bonito,  3 542 909 ,   10 989,10989.0,9.464009464009463
354300 RIBEIRAO BRANCO,194.0,5,199.0,354300,Ribeirão Branco,  3 543 006 ,   18 627,18627.0,10.68341654587427
354310 RIBEIRAO CORRENTE,34.0,-,34.0,354310,Ribeirão Corrente,  3 543 105 ,   4 608,4608.0,7.378472222222222
354320 RIBEIRAO DO SUL,64.0,-,64.0,354320,Ribeirão do Sul,  3 543 204 ,   4 677,4677.0,13.683985460765447
354323 RIBEIRAO DOS INDIOS,52.0,-,52.0,354323,Ribeirão dos Índios,  3 543 238 ,   2 025,2025.0,25.67901234567901
354325 RIBEIRAO GRANDE,45.0,-,45.0,354325,Ribeirão Grande,  3 543 253 ,   7 450,7450.0,6.040268456375839
354330 RIBEIRAO PIRES,1028.0,596,1624.0,354330,Ribeirão Pires,  3 543 303 ,   115 559,115559.0,14.053427253610709
354340 RIBEIRAO PRETO,13329.0,5381,18710.0,354340,Ribeirão Preto,  3 543 402 ,   698 642,698642.0,26.78052564832919
354350 RIVERSUL,74.0,-,74.0,354350,Riversul,  3 543 501 ,   5 599,5599.0,13.21664582961243
354360 RIFAINA,84.0,-,84.0,354360,Rifaina,  3 543 600 ,   4 049,4049.0,20.74586317609286
354370 RINCAO,101.0,6,107.0,354370,Rincão,  3 543 709 ,   9 098,9098.0,11.760826555286876
354380 RINOPOLIS,111.0,1,112.0,354380,Rinópolis,  3 543 808 ,   9 259,9259.0,12.09633869748353
354390 RIO CLARO,2687.0,1680,4367.0,354390,Rio Claro,  3 543 907 ,   201 418,201418.0,21.681279726737433
354400 RIO DAS PEDRAS,212.0,56,268.0,354400,Rio das Pedras,  3 544 004 ,   31 328,31328.0,8.554647599591421
354410 RIO GRANDE DA SERRA,179.0,4,183.0,354410,Rio Grande da Serra,  3 544 103 ,   44 170,44170.0,4.143083540864841
354420 RIOLANDIA,138.0,3,141.0,354420,Riolândia,  3 544 202 ,   10 309,10309.0,13.677369288970802
354425 ROSANA,418.0,19,437.0,354425,Rosana,  3 544 251 ,   17 440,17440.0,25.057339449541285
354430 ROSEIRA,164.0,10,174.0,354430,Roseira,  3 544 301 ,   10 832,10832.0,16.06351550960118
354440 RUBIACEA,41.0,1,42.0,354440,Rubiácea,  3 544 400 ,   2 700,2700.0,15.555555555555555
354450 RUBINEIA,68.0,-,68.0,354450,Rubinéia,  3 544 509 ,   3 833,3833.0,17.740673102008873
354460 SABINO,61.0,2,63.0,354460,Sabino,  3 544 608 ,   5 112,5112.0,12.32394366197183
354470 SAGRES,32.0,-,32.0,354470,Sagres,  3 544 707 ,   2 474,2474.0,12.934518997574777
354480 SALES,84.0,1,85.0,354480,Sales,  3 544 806 ,   6 437,6437.0,13.204909119154886
354490 SALES OLIVEIRA,165.0,32,197.0,354490,Sales Oliveira,  3 544 905 ,   11 411,11411.0,17.264043466830252
354500 SALESOPOLIS,142.0,3,145.0,354500,Salesópolis,  3 545 001 ,   15 202,15202.0,9.538218655440073
354510 SALMOURAO,45.0,-,45.0,354510,Salmourão,  3 545 100 ,   4 808,4808.0,9.359400998336106
354515 SALTINHO,90.0,12,102.0,354515,Saltinho,  3 545 159 ,   8 161,8161.0,12.498468324960177
354520 SALTO,997.0,262,1259.0,354520,Salto,  3 545 209 ,   134 319,134319.0,9.373208555751605
354530 SALTO DE PIRAPORA,482.0,54,536.0,354530,Salto de Pirapora,  3 545 308 ,   43 748,43748.0,12.251988662338851
354540 SALTO GRANDE,139.0,-,139.0,354540,Salto Grande,  3 545 407 ,   9 050,9050.0,15.359116022099448
354550 SANDOVALINA,86.0,5,91.0,354550,Sandovalina,  3 545 506 ,   3 645,3645.0,24.96570644718793
354560 SANTA ADELIA,182.0,31,213.0,354560,Santa Adélia,  3 545 605 ,   14 018,14018.0,15.194749607647312
354570 SANTA ALBERTINA,72.0,11,83.0,354570,Santa Albertina,  3 545 704 ,   6 393,6393.0,12.982950101673707
354580 SANTA BARBARA D'OESTE,1511.0,416,1927.0,354580,Santa Bárbara d'Oeste,  3 545 803 ,   183 347,183347.0,10.510125608818251
354600 SANTA BRANCA,139.0,13,152.0,354600,Santa Branca,  3 546 009 ,   13 975,13975.0,10.876565295169947
354610 SANTA CLARA D'OESTE,62.0,3,65.0,354610,Santa Clara d'Oeste,  3 546 108 ,   2 598,2598.0,25.01924557351809
354620 SANTA CRUZ DA CONCEICAO,39.0,-,39.0,354620,Santa Cruz da Conceição,  3 546 207 ,   4 277,4277.0,9.11854103343465
354625 SANTA CRUZ DA ESPERANCA,53.0,-,53.0,354625,Santa Cruz da Esperança,  3 546 256 ,   2 116,2116.0,25.04725897920605
354630 SANTA CRUZ DAS PALMEIRAS,278.0,75,353.0,354630,Santa Cruz das Palmeiras,  3 546 306 ,   28 864,28864.0,12.229767184035477
354640 SANTA CRUZ DO RIO PARDO,792.0,91,883.0,354640,Santa Cruz do Rio Pardo,  3 546 405 ,   46 442,46442.0,19.012962404719868
354650 SANTA ERNESTINA,45.0,4,49.0,354650,Santa Ernestina,  3 546 504 ,   6 118,6118.0,8.009153318077804
354660 SANTA FE DO SUL,608.0,104,712.0,354660,Santa Fé do Sul,  3 546 603 ,   34 794,34794.0,20.463298269816637
354670 SANTA GERTRUDES,217.0,33,250.0,354670,Santa Gertrudes,  3 546 702 ,   23 611,23611.0,10.588285121341746
354680 SANTA ISABEL,682.0,98,780.0,354680,Santa Isabel,  3 546 801 ,   53 174,53174.0,14.668823109038252
354690 SANTA LUCIA,57.0,-,57.0,354690,Santa Lúcia,  3 546 900 ,   7 149,7149.0,7.973143096936634
354700 SANTA MARIA DA SERRA,54.0,3,57.0,354700,Santa Maria da Serra,  3 547 007 ,   5 243,5243.0,10.87163837497616
354710 SANTA MERCEDES,61.0,2,63.0,354710,Santa Mercedes,  3 547 106 ,   2 956,2956.0,21.312584573748307
354720 SANTANA DA PONTE PENSA,42.0,3,45.0,354720,Santana da Ponte Pensa,  3 547 205 ,   1 670,1670.0,26.94610778443114
354730 SANTANA DE PARNAIBA,1918.0,118,2036.0,354730,Santana de Parnaíba,  3 547 304 ,   154 105,154105.0,13.211771194964472
354740 SANTA RITA D'OESTE,47.0,-,47.0,354740,Santa Rita d'Oeste,  3 547 403 ,   2 733,2733.0,17.19721917306989
354750 SANTA RITA DO PASSA QUATRO,475.0,41,516.0,354750,Santa Rita do Passa Quatro,  3 547 502 ,   24 833,24833.0,20.778802400032216
354760 SANTA ROSA DE VITERBO,204.0,72,276.0,354760,Santa Rosa de Viterbo,  3 547 601 ,   23 411,23411.0,11.789329802229721
354765 SANTA SALETE,35.0,-,35.0,354765,Santa Salete,  3 547 650 ,   1 645,1645.0,21.27659574468085
354770 SANTO ANASTACIO,186.0,37,223.0,354770,Santo Anastácio,  3 547 700 ,   17 963,17963.0,12.414407392974447
354780 SANTO ANDRE,8501.0,6256,14757.0,354780,Santo André,  3 547 809 ,   748 919,748919.0,19.7044006094117
354790 SANTO ANTONIO DA ALEGRIA,115.0,2,117.0,354790,Santo Antônio da Alegria,  3 547 908 ,   6 775,6775.0,17.26937269372694
354800 SANTO ANTONIO DE POSSE,239.0,108,347.0,354800,Santo Antônio de Posse,  3 548 005 ,   23 244,23244.0,14.928583720530028
354805 SANTO ANTONIO DO ARACANGUA,130.0,2,132.0,354805,Santo Antônio do Aracanguá,  3 548 054 ,   8 379,8379.0,15.753669889008236
354810 SANTO ANTONIO DO JARDIM,68.0,2,70.0,354810,Santo Antônio do Jardim,  3 548 104 ,   6 126,6126.0,11.426705843943846
354820 SANTO ANTONIO DO PINHAL,90.0,3,93.0,354820,Santo Antônio do Pinhal,  3 548 203 ,   7 133,7133.0,13.037992429552782
354830 SANTO EXPEDITO,48.0,-,48.0,354830,Santo Expedito,  3 548 302 ,   3 000,3000.0,16.0
354840 SANTOPOLIS DO AGUAPEI,58.0,-,58.0,354840,Santópolis do Aguapeí,  3 548 401 ,   3 899,3899.0,14.875609130546295
354850 SANTOS,10274.0,5748,16022.0,354850,Santos,  3 548 500 ,   418 608,418608.0,38.27447158200512
354860 SAO BENTO DO SAPUCAI,149.0,7,156.0,354860,São Bento do Sapucaí,  3 548 609 ,   11 674,11674.0,13.3630289532294
354870 SAO BERNARDO DO CAMPO,10175.0,6570,16745.0,354870,São Bernardo do Campo,  3 548 708 ,   810 729,810729.0,20.654250680560335
354880 SAO CAETANO DO SUL,3406.0,1498,4904.0,354880,São Caetano do Sul,  3 548 807 ,   165 655,165655.0,29.603694425160725
354890 SAO CARLOS,3405.0,1276,4681.0,354890,São Carlos,  3 548 906 ,   254 857,254857.0,18.367162761862534
354900 SAO FRANCISCO,57.0,1,58.0,354900,São Francisco,  3 549 003 ,   2 602,2602.0,22.29054573405073
354910 SAO JOAO DA BOA VISTA,1717.0,1220,2937.0,354910,São João da Boa Vista,  3 549 102 ,   92 547,92547.0,31.73522642549191
354920 SAO JOAO DAS DUAS PONTES,29.0,-,29.0,354920,São João das Duas Pontes,  3 549 201 ,   2 580,2580.0,11.24031007751938
354925 SAO JOAO DE IRACEMA,39.0,-,39.0,354925,São João de Iracema,  3 549 250 ,   1 846,1846.0,21.12676056338028
354930 SAO JOAO DO PAU D'ALHO,45.0,3,48.0,354930,São João do Pau d'Alho,  3 549 300 ,   2 242,2242.0,21.40945584299732
354940 SAO JOAQUIM DA BARRA,709.0,171,880.0,354940,São Joaquim da Barra,  3 549 409 ,   48 558,48558.0,18.122657440586515
354950 SAO JOSE DA BELA VISTA,84.0,-,84.0,354950,São José da Bela Vista,  3 549 508 ,   7 626,7626.0,11.014948859166012
354960 SAO JOSE DO BARREIRO,47.0,1,48.0,354960,São José do Barreiro,  3 549 607 ,   3 853,3853.0,12.457825071372957
354970 SAO JOSE DO RIO PARDO,855.0,333,1188.0,354970,São José do Rio Pardo,  3 549 706 ,   52 205,52205.0,22.756440953931616
354980 SAO JOSE DO RIO PRETO,10907.0,3459,14366.0,354980,São José do Rio Preto,  3 549 805 ,   480 393,480393.0,29.904682208108778
354990 SAO JOSE DOS CAMPOS,10851.0,6131,16982.0,354990,São José dos Campos,  3 549 904 ,   697 054,697054.0,24.362531453804152
354995 SAO LOURENCO DA SERRA,159.0,12,171.0,354995,São Lourenço da Serra,  3 549 953 ,   16 067,16067.0,10.64293271923819
355000 SAO LUIS DO PARAITINGA,116.0,1,117.0,355000,São Luiz do Paraitinga,  3 550 001 ,   10 337,10337.0,11.318564380381154
355010 SAO MANUEL,424.0,76,500.0,355010,São Manuel,  3 550 100 ,   37 289,37289.0,13.408780069189305
355020 SAO MIGUEL ARCANJO,395.0,48,443.0,355020,São Miguel Arcanjo,  3 550 209 ,   32 039,32039.0,13.826898467492743
355030 SAO PAULO,177498.0,100746,278244.0,355030,São Paulo,  3 550 308 ,  11 451 999,11451999.0,24.29654421031647
355040 SAO PEDRO,541.0,88,629.0,355040,São Pedro,  3 550 407 ,   38 256,38256.0,16.441865328314513
355050 SAO PEDRO DO TURVO,85.0,-,85.0,355050,São Pedro do Turvo,  3 550 506 ,   7 217,7217.0,11.77774698628239
355060 SAO ROQUE,750.0,960,1710.0,355060,São Roque,  3 550 605 ,   79 484,79484.0,21.513763776357504
355070 SAO SEBASTIAO,1401.0,324,1725.0,355070,São Sebastião,  3 550 704 ,   81 595,81595.0,21.141001286843554
355080 SAO SEBASTIAO DA GRAMA,138.0,20,158.0,355080,São Sebastião da Grama,  3 550 803 ,   10 441,10441.0,15.13265012929796
355090 SAO SIMAO,176.0,25,201.0,355090,São Simão,  3 550 902 ,   13 442,13442.0,14.95313197440857
355100 SAO VICENTE,1832.0,365,2197.0,355100,São Vicente,  3 551 009 ,   329 911,329911.0,6.659371769962202
355110 SARAPUI,112.0,1,113.0,355110,Sarapuí,  3 551 108 ,   10 369,10369.0,10.897868646928345
355120 SARUTAIA,30.0,-,30.0,355120,Sarutaiá,  3 551 207 ,   3 704,3704.0,8.099352051835854
355130 SEBASTIANOPOLIS DO SUL,73.0,-,73.0,355130,Sebastianópolis do Sul,  3 551 306 ,   3 130,3130.0,23.322683706070286
355140 SERRA AZUL,114.0,2,116.0,355140,Serra Azul,  3 551 405 ,   12 746,12746.0,9.100894398242586
355150 SERRANA,569.0,61,630.0,355150,Serrana,  3 551 504 ,   43 909,43909.0,14.347855792662097
355160 SERRA NEGRA,311.0,35,346.0,355160,Serra Negra,  3 551 603 ,   29 894,29894.0,11.57422894226266
355170 SERTAOZINHO,1495.0,1200,2695.0,355170,Sertãozinho,  3 551 702 ,   126 887,126887.0,21.239370463483255
355180 SETE BARRAS,110.0,5,115.0,355180,Sete Barras,  3 551 801 ,   12 730,12730.0,9.033778476040847
355190 SEVERINIA,125.0,7,132.0,355190,Severínia,  3 551 900 ,   14 576,14576.0,9.055982436882546
355200 SILVEIRAS,102.0,-,102.0,355200,Silveiras,  3 552 007 ,   6 186,6186.0,16.488845780795344
355210 SOCORRO,374.0,41,415.0,355210,Socorro,  3 552 106 ,   40 122,40122.0,10.343452469966602
355220 SOROCABA,10013.0,6951,16964.0,355220,Sorocaba,  3 552 205 ,   723 682,723682.0,23.441235238682182
355230 SUD MENNUCCI,156.0,7,163.0,355230,Sud Mennucci,  3 552 304 ,   7 355,7355.0,22.161794697484705
355240 SUMARE,2434.0,575,3009.0,355240,Sumaré,  3 552 403 ,   279 545,279545.0,10.763919941333237
355250 SUZANO,2006.0,649,2655.0,355250,Suzano,  3 552 502 ,   307 429,307429.0,8.636140377127727
355255 SUZANAPOLIS,52.0,15,67.0,355255,Suzanápolis,  3 552 551 ,   3 408,3408.0,19.65962441314554
355260 TABAPUA,178.0,14,192.0,355260,Tabapuã,  3 552 601 ,   11 323,11323.0,16.956636933674822
355270 TABATINGA,131.0,36,167.0,355270,Tabatinga,  3 552 700 ,   14 769,14769.0,11.30746834585957
355280 TABOAO DA SERRA,3134.0,787,3921.0,355280,Taboão da Serra,  3 552 809 ,   273 542,273542.0,14.334179029180163
355290 TACIBA,85.0,-,85.0,355290,Taciba,  3 552 908 ,   6 260,6260.0,13.578274760383387
355300 TAGUAI,144.0,5,149.0,355300,Taguaí,  3 553 005 ,   12 669,12669.0,11.760991396321732
355310 TAIACU,72.0,4,76.0,355310,Taiaçu,  3 553 104 ,   5 677,5677.0,13.387352474898714
355320 TAIUVA,71.0,10,81.0,355320,Taiúva,  3 553 203 ,   6 548,6548.0,12.370189370800245
355330 TAMBAU,243.0,98,341.0,355330,Tambaú,  3 553 302 ,   21 435,21435.0,15.908560765103802
355340 TANABI,266.0,29,295.0,355340,Tanabi,  3 553 401 ,   25 265,25265.0,11.676231941420939
355350 TAPIRAI,77.0,-,77.0,355350,Tapiraí,  3 553 500 ,   7 996,7996.0,9.629814907453728
355360 TAPIRATIBA,129.0,17,146.0,355360,Tapiratiba,  3 553 609 ,   11 816,11816.0,12.356127285037239
355365 TAQUARAL,47.0,-,47.0,355365,Taquaral,  3 553 658 ,   2 619,2619.0,17.945780832378773
355370 TAQUARITINGA,549.0,170,719.0,355370,Taquaritinga,  3 553 708 ,   52 260,52260.0,13.758132414848834
355380 TAQUARITUBA,266.0,12,278.0,355380,Taquarituba,  3 553 807 ,   24 350,24350.0,11.416837782340863
355385 TAQUARIVAI,77.0,-,77.0,355385,Taquarivaí,  3 553 856 ,   6 876,6876.0,11.198371146015125
355390 TARABAI,91.0,-,91.0,355390,Tarabai,  3 553 906 ,   6 536,6536.0,13.922888616891065
355395 TARUMA,156.0,6,162.0,355395,Tarumã,  3 553 955 ,   14 882,14882.0,10.885633651390942
355400 TATUI,1339.0,809,2148.0,355400,Tatuí,  3 554 003 ,   123 942,123942.0,17.330686934211165
355410 TAUBATE,5477.0,1741,7218.0,355410,Taubaté,  3 554 102 ,   310 739,310739.0,23.22849722757684
355420 TEJUPA,29.0,-,29.0,355420,Tejupá,  3 554 201 ,   4 127,4127.0,7.026896050399806
355430 TEODORO SAMPAIO,322.0,37,359.0,355430,Teodoro Sampaio,  3 554 300 ,   22 173,22173.0,16.19086276101565
355440 TERRA ROXA,98.0,4,102.0,355440,Terra Roxa,  3 554 409 ,   7 904,7904.0,12.904858299595142
355450 TIETE,392.0,107,499.0,355450,Tietê,  3 554 508 ,   37 663,37663.0,13.24907734381223
355460 TIMBURI,50.0,-,50.0,355460,Timburi,  3 554 607 ,   2 464,2464.0,20.29220779220779
355465 TORRE DE PEDRA,39.0,1,40.0,355465,Torre de Pedra,  3 554 656 ,   2 046,2046.0,19.550342130987293
355470 TORRINHA,94.0,3,97.0,355470,Torrinha,  3 554 706 ,   9 335,9335.0,10.391001606855918
355475 TRABIJU,45.0,-,45.0,355475,Trabiju,  3 554 755 ,   1 682,1682.0,26.7538644470868
355480 TREMEMBE,279.0,33,312.0,355480,Tremembé,  3 554 805 ,   51 173,51173.0,6.096965196490336
355490 TRES FRONTEIRAS,45.0,2,47.0,355490,Três Fronteiras,  3 554 904 ,   6 804,6804.0,6.907701352145796
355495 TUIUTI,41.0,-,41.0,355495,Tuiuti,  3 554 953 ,   6 778,6778.0,6.0489820005901445
355500 TUPA,1160.0,228,1388.0,355500,Tupã,  3 555 000 ,   63 928,63928.0,21.711925916656238
355510 TUPI PAULISTA,260.0,31,291.0,355510,Tupi Paulista,  3 555 109 ,   15 854,15854.0,18.35498927715403
355520 TURIUBA,37.0,-,37.0,355520,Turiúba,  3 555 208 ,   1 818,1818.0,20.35203520352035
355530 TURMALINA,53.0,-,53.0,355530,Turmalina,  3 555 307 ,   1 669,1669.0,31.75554224086279
355535 UBARANA,71.0,-,71.0,355535,Ubarana,  3 555 356 ,   5 365,5365.0,13.233923578751165
355540 UBATUBA,1515.0,105,1620.0,355540,Ubatuba,  3 555 406 ,   92 981,92981.0,17.422914358847503
355550 UBIRAJARA,63.0,-,63.0,355550,Ubirajara,  3 555 505 ,   5 132,5132.0,12.275915822291504
355560 UCHOA,119.0,15,134.0,355560,Uchoa,  3 555 604 ,   10 394,10394.0,12.892053107562056
355570 UNIAO PAULISTA,50.0,-,50.0,355570,União Paulista,  3 555 703 ,   1 603,1603.0,31.191515907673114
355580 URANIA,119.0,-,119.0,355580,Urânia,  3 555 802 ,   8 833,8833.0,13.472206498358428
355590 URU,31.0,-,31.0,355590,Uru,  3 555 901 ,   1 387,1387.0,22.35039653929344
355600 URUPES,143.0,28,171.0,355600,Urupês,  3 556 008 ,   13 744,13744.0,12.441792782305006
355610 VALENTIM GENTIL,168.0,14,182.0,355610,Valentim Gentil,  3 556 107 ,   14 098,14098.0,12.909632571996028
355620 VALINHOS,1166.0,690,1856.0,355620,Valinhos,  3 556 206 ,   126 373,126373.0,14.686681490508258
355630 VALPARAISO,273.0,36,309.0,355630,Valparaíso,  3 556 305 ,   24 241,24241.0,12.746998886184564
355635 VARGEM,73.0,4,77.0,355635,Vargem,  3 556 354 ,   10 512,10512.0,7.324961948249619
355640 VARGEM GRANDE DO SUL,356.0,101,457.0,355640,Vargem Grande do Sul,  3 556 404 ,   40 133,40133.0,11.387137766924976
355645 VARGEM GRANDE PAULISTA,296.0,87,383.0,355645,Vargem Grande Paulista,  3 556 453 ,   50 415,50415.0,7.596945353565407
355650 VARZEA PAULISTA,460.0,79,539.0,355650,Várzea Paulista,  3 556 503 ,   115 771,115771.0,4.655742802601687
355660 VERA CRUZ,98.0,10,108.0,355660,Vera Cruz,  3 556 602 ,   10 176,10176.0,10.61320754716981
355670 VINHEDO,840.0,291,1131.0,355670,Vinhedo,  3 556 701 ,   76 540,76540.0,14.776587405278285
355680 VIRADOURO,254.0,29,283.0,355680,Viradouro,  3 556 800 ,   17 414,17414.0,16.251292063856667
355690 VISTA ALEGRE DO ALTO,54.0,5,59.0,355690,Vista Alegre do Alto,  3 556 909 ,   8 109,8109.0,7.275866321371316
355695 VITORIA BRASIL,28.0,-,28.0,355695,Vitória Brasil,  3 556 958 ,   1 794,1794.0,15.60758082497213
355700 VOTORANTIM,914.0,348,1262.0,355700,Votorantim,  3 557 006 ,   127 923,127923.0,9.865309600306434
355710 VOTUPORANGA,2075.0,693,2768.0,355710,Votuporanga,  3 557 105 ,   96 634,96634.0,28.644162510089618
355715 ZACARIAS,42.0,-,42.0,355715,Zacarias,  3 557 154 ,   2 692,2692.0,15.601783060921248
355720 CHAVANTES,96.0,5,101.0,355720,Chavantes,  3 557 204 ,   12 211,12211.0,8.271230857423635
355730 ESTIVA GERBI,126.0,-,126.0,355730,Estiva Gerbi,  3 557 303 ,   11 295,11295.0,11.155378486055778
410010 ABATIA,63.0,3,66.0,410010,Abatiá,  4 100 103 ,   7 241,7241.0,9.114763154260462
410020 ADRIANOPOLIS,117.0,9,126.0,410020,Adrianópolis,  4 100 202 ,   6 256,6256.0,20.14066496163683
410030 AGUDOS DO SUL,119.0,16,135.0,410030,Agudos do Sul,  4 100 301 ,   10 233,10233.0,13.192612137203167
410040 ALMIRANTE TAMANDARE,674.0,97,771.0,410040,Almirante Tamandaré,  4 100 400 ,   119 825,119825.0,6.434383475902358
410045 ALTAMIRA DO PARANA,103.0,-,103.0,410045,Altamira do Paraná,  4 100 459 ,   3 590,3590.0,28.690807799442897
410050 ALTONIA,168.0,79,247.0,410050,Altônia,  4 100 509 ,   18 742,18742.0,13.178956354711344
410060 ALTO PARANA,119.0,6,125.0,410060,Alto Paraná,  4 100 608 ,   13 909,13909.0,8.98698684305126
410070 ALTO PIQUIRI,87.0,17,104.0,410070,Alto Piquiri,  4 100 707 ,   9 727,9727.0,10.69188855762311
410080 ALVORADA DO SUL,152.0,5,157.0,410080,Alvorada do Sul,  4 100 806 ,   10 326,10326.0,15.204338562851055
410090 AMAPORA,69.0,-,69.0,410090,Amaporã,  4 100 905 ,   4 762,4762.0,14.489710205795886
410100 AMPERE,211.0,87,298.0,410100,Ampére,  4 101 002 ,   19 620,19620.0,15.188583078491336
410105 ANAHY,74.0,-,74.0,410105,Anahy,  4 101 051 ,   2 918,2918.0,25.359835503769705
410110 ANDIRA,179.0,43,222.0,410110,Andirá,  4 101 101 ,   19 878,19878.0,11.168125565952309
410115 ANGULO,55.0,4,59.0,410115,Ângulo,  4 101 150 ,   3 235,3235.0,18.238021638330757
410120 ANTONINA,229.0,13,242.0,410120,Antonina,  4 101 200 ,   18 091,18091.0,13.37681720192361
410130 ANTONIO OLINTO,99.0,5,104.0,410130,Antônio Olinto,  4 101 309 ,   7 018,7018.0,14.81903676261043
410140 APUCARANA,1945.0,463,2408.0,410140,Apucarana,  4 101 408 ,   130 134,130134.0,18.504003565555504
410150 ARAPONGAS,1658.0,329,1987.0,410150,Arapongas,  4 101 507 ,   119 138,119138.0,16.678137957662543
410160 ARAPOTI,256.0,50,306.0,410160,Arapoti,  4 101 606 ,   25 777,25777.0,11.8710478333398
410165 ARAPUA,36.0,-,36.0,410165,Arapuã,  4 101 655 ,   3 527,3527.0,10.206974766090163
410170 ARARUNA,158.0,77,235.0,410170,Araruna,  4 101 705 ,   14 485,14485.0,16.223679668622715
410180 ARAUCARIA,2586.0,637,3223.0,410180,Araucária,  4 101 804 ,   151 666,151666.0,21.250642859968615
410185 ARIRANHA DO IVAI,40.0,-,40.0,410185,Ariranha do Ivaí,  4 101 853 ,   2 329,2329.0,17.174753112924
410190 ASSAI,146.0,39,185.0,410190,Assaí,  4 101 903 ,   13 797,13797.0,13.408712038849025
410200 ASSIS CHATEAUBRIAND,400.0,115,515.0,410200,Assis Chateaubriand,  4 102 000 ,   36 808,36808.0,13.991523581830037
410210 ASTORGA,339.0,62,401.0,410210,Astorga,  4 102 109 ,   25 475,25475.0,15.740922473012759
410220 ATALAIA,78.0,4,82.0,410220,Atalaia,  4 102 208 ,   3 980,3980.0,20.603015075376884
410230 BALSA NOVA,149.0,6,155.0,410230,Balsa Nova,  4 102 307 ,   13 395,13395.0,11.571481896229937
410240 BANDEIRANTES,358.0,101,459.0,410240,Bandeirantes,  4 102 406 ,   31 273,31273.0,14.677197582579222
410250 BARBOSA FERRAZ,188.0,56,244.0,410250,Barbosa Ferraz,  4 102 505 ,   10 795,10795.0,22.603056970819825
410260 BARRACAO,112.0,27,139.0,410260,Barracão,  4 102 604 ,   9 759,9759.0,14.243262629367763
410270 BARRA DO JACARE,33.0,-,33.0,410270,Barra do Jacaré,  4 102 703 ,   2 814,2814.0,11.727078891257996
410275 BELA VISTA DA CAROBA,50.0,2,52.0,410275,Bela Vista da Caroba,  4 102 752 ,   4 031,4031.0,12.900024807740015
410280 BELA VISTA DO PARAISO,163.0,28,191.0,410280,Bela Vista do Paraíso,  4 102 802 ,   14 833,14833.0,12.87669385828895
410290 BITURUNA,213.0,8,221.0,410290,Bituruna,  4 102 901 ,   15 533,15533.0,14.227773128178717
410300 BOA ESPERANCA,65.0,19,84.0,410300,Boa Esperança,  4 103 008 ,   4 558,4558.0,18.429135585783236
410302 BOA ESPERANCA DO IGUACU,37.0,-,37.0,410302,Boa Esperança do Iguaçu,  4 103 024 ,   2 455,2455.0,15.071283095723015
410304 BOA VENTURA DE SAO ROQUE,56.0,-,56.0,410304,Boa Ventura de São Roque,  4 103 040 ,   6 378,6378.0,8.780181875195987
410305 BOA VISTA DA APARECIDA,123.0,5,128.0,410305,Boa Vista da Aparecida,  4 103 057 ,   7 924,7924.0,16.153457849570923
410310 BOCAIUVA DO SUL,162.0,8,170.0,410310,Bocaiúva do Sul,  4 103 107 ,   13 299,13299.0,12.782916008722461
410315 BOM JESUS DO SUL,47.0,-,47.0,410315,Bom Jesus do Sul,  4 103 156 ,   3 980,3980.0,11.809045226130653
410320 BOM SUCESSO,108.0,9,117.0,410320,Bom Sucesso,  4 103 206 ,   6 581,6581.0,17.778453122625738
410322 BOM SUCESSO DO SUL,58.0,1,59.0,410322,Bom Sucesso do Sul,  4 103 222 ,   3 202,3202.0,18.425983760149904
410330 BORRAZOPOLIS,103.0,14,117.0,410330,Borrazópolis,  4 103 305 ,   7 735,7735.0,15.126050420168067
410335 BRAGANEY,76.0,4,80.0,410335,Braganey,  4 103 354 ,   4 854,4854.0,16.481252575195715
410337 BRASILANDIA DO SUL,101.0,8,109.0,410337,Brasilândia do Sul,  4 103 370 ,   3 708,3708.0,29.395900755124057
410340 CAFEARA,43.0,-,43.0,410340,Cafeara,  4 103 404 ,   2 627,2627.0,16.36848115721355
410345 CAFELANDIA,221.0,69,290.0,410345,Cafelândia,  4 103 453 ,   18 997,18997.0,15.265568247618045
410347 CAFEZAL DO SUL,68.0,1,69.0,410347,Cafezal do Sul,  4 103 479 ,   4 473,4473.0,15.425888665325285
410350 CALIFORNIA,75.0,3,78.0,410350,Califórnia,  4 103 503 ,   8 710,8710.0,8.955223880597016
410360 CAMBARA,226.0,43,269.0,410360,Cambará,  4 103 602 ,   23 212,23212.0,11.58883336205411
410370 CAMBE,1354.0,239,1593.0,410370,Cambé,  4 103 701 ,   107 208,107208.0,14.858965748824714
410380 CAMBIRA,102.0,10,112.0,410380,Cambira,  4 103 800 ,   9 460,9460.0,11.839323467230445
410390 CAMPINA DA LAGOA,143.0,44,187.0,410390,Campina da Lagoa,  4 103 909 ,   15 723,15723.0,11.893404566558544
410395 CAMPINA DO SIMAO,47.0,8,55.0,410395,Campina do Simão,  4 103 958 ,   3 936,3936.0,13.973577235772357
410400 CAMPINA GRANDE DO SUL,2127.0,1010,3137.0,410400,Campina Grande do Sul,  4 104 006 ,   47 825,47825.0,65.59330893883953
410405 CAMPO BONITO,69.0,2,71.0,410405,Campo Bonito,  4 104 055 ,   4 027,4027.0,17.630990812018872
410410 CAMPO DO TENENTE,117.0,9,126.0,410410,Campo do Tenente,  4 104 105 ,   7 508,7508.0,16.782099094299415
410420 CAMPO LARGO,3209.0,481,3690.0,410420,Campo Largo,  4 104 204 ,   136 327,136327.0,27.067272073763817
410425 CAMPO MAGRO,231.0,7,238.0,410425,Campo Magro,  4 104 253 ,   30 160,30160.0,7.891246684350133
410430 CAMPO MOURAO,2307.0,1615,3922.0,410430,Campo Mourão,  4 104 303 ,   99 432,99432.0,39.444042159465766
410440 CANDIDO DE ABREU,179.0,6,185.0,410440,Cândido de Abreu,  4 104 402 ,   15 244,15244.0,12.135922330097086
410442 CANDOI,141.0,11,152.0,410442,Candói,  4 104 428 ,   14 973,14973.0,10.1516062245375
410445 CANTAGALO,100.0,10,110.0,410445,Cantagalo,  4 104 451 ,   10 933,10933.0,10.061282356169395
410450 CAPANEMA,164.0,34,198.0,410450,Capanema,  4 104 501 ,   20 481,20481.0,9.667496704262488
410460 CAPITAO LEONIDAS MARQUES,164.0,17,181.0,410460,Capitão Leônidas Marques,  4 104 600 ,   14 648,14648.0,12.356635718186784
410465 CARAMBEI,196.0,67,263.0,410465,Carambeí,  4 104 659 ,   23 283,23283.0,11.295795215393206
410470 CARLOPOLIS,152.0,7,159.0,410470,Carlópolis,  4 104 709 ,   16 905,16905.0,9.40550133096717
410480 CASCAVEL,9292.0,2157,11449.0,410480,Cascavel,  4 104 808 ,   348 051,348051.0,32.894604526348154
410490 CASTRO,711.0,200,911.0,410490,Castro,  4 104 907 ,   73 075,73075.0,12.466643859048922
410500 CATANDUVAS,131.0,4,135.0,410500,Catanduvas,  4 105 003 ,   10 446,10446.0,12.923607122343482
410510 CENTENARIO DO SUL,145.0,16,161.0,410510,Centenário do Sul,  4 105 102 ,   10 832,10832.0,14.863367799113737
410520 CERRO AZUL,154.0,3,157.0,410520,Cerro Azul,  4 105 201 ,   16 134,16134.0,9.731002851121854
410530 CEU AZUL,146.0,18,164.0,410530,Céu Azul,  4 105 300 ,   11 087,11087.0,14.792098854514297
410540 CHOPINZINHO,414.0,141,555.0,410540,Chopinzinho,  4 105 409 ,   21 085,21085.0,26.322029879060942
410550 CIANORTE,1453.0,216,1669.0,410550,Cianorte,  4 105 508 ,   79 527,79527.0,20.986583173010423
410560 CIDADE GAUCHA,111.0,30,141.0,410560,Cidade Gaúcha,  4 105 607 ,   11 467,11467.0,12.29615418156449
410570 CLEVELANDIA,143.0,12,155.0,410570,Clevelândia,  4 105 706 ,   15 070,15070.0,10.28533510285335
410580 COLOMBO,1516.0,263,1779.0,410580,Colombo,  4 105 805 ,   232 212,232212.0,7.6611027853857685
410590 COLORADO,525.0,91,616.0,410590,Colorado,  4 105 904 ,   22 896,22896.0,26.904262753319358
410600 CONGONHINHAS,93.0,3,96.0,410600,Congonhinhas,  4 106 001 ,   8 320,8320.0,11.538461538461538
410610 CONSELHEIRO MAIRINCK,55.0,5,60.0,410610,Conselheiro Mairinck,  4 106 100 ,   3 461,3461.0,17.336030049118754
410620 CONTENDA,192.0,23,215.0,410620,Contenda,  4 106 209 ,   19 128,19128.0,11.240066917607697
410630 CORBELIA,333.0,107,440.0,410630,Corbélia,  4 106 308 ,   17 470,17470.0,25.186033199771035
410640 CORNELIO PROCOPIO,925.0,235,1160.0,410640,Cornélio Procópio,  4 106 407 ,   45 206,45206.0,25.660310578241823
410645 CORONEL DOMINGOS SOARES,89.0,1,90.0,410645,Coronel Domingos Soares,  4 106 456 ,   5 649,5649.0,15.932023366967606
410650 CORONEL VIVIDA,307.0,39,346.0,410650,Coronel Vivida,  4 106 506 ,   23 331,23331.0,14.83005443401483
410655 CORUMBATAI DO SUL,57.0,9,66.0,410655,Corumbataí do Sul,  4 106 555 ,   3 760,3760.0,17.553191489361705
410657 CRUZEIRO DO IGUACU,70.0,4,74.0,410657,Cruzeiro do Iguaçu,  4 106 571 ,   4 133,4133.0,17.90466973142995
410660 CRUZEIRO DO OESTE,230.0,20,250.0,410660,Cruzeiro do Oeste,  4 106 605 ,   23 831,23831.0,10.4905375351433
410670 CRUZEIRO DO SUL,57.0,2,59.0,410670,Cruzeiro do Sul,  4 106 704 ,   4 494,4494.0,13.12861593235425
410680 CRUZ MACHADO,178.0,5,183.0,410680,Cruz Machado,  4 106 803 ,   15 978,15978.0,11.45324821629741
410685 CRUZMALTINA,48.0,1,49.0,410685,Cruzmaltina,  4 106 852 ,   2 892,2892.0,16.9432918395574
410690 CURITIBA,31860.0,18245,50105.0,410690,Curitiba,  4 106 902 ,  1 773 718,1773718.0,28.248571644421492
410700 CURIUVA,158.0,17,175.0,410700,Curiúva,  4 107 009 ,   13 647,13647.0,12.823331135047995
410710 DIAMANTE DO NORTE,72.0,1,73.0,410710,Diamante do Norte,  4 107 108 ,   5 142,5142.0,14.196810579541033
410712 DIAMANTE DO SUL,46.0,-,46.0,410712,Diamante do Sul,  4 107 124 ,   3 171,3171.0,14.506464837590665
410715 DIAMANTE D'OESTE,52.0,1,53.0,410715,Diamante D'Oeste,  4 107 157 ,   4 557,4557.0,11.63045863506693
410720 DOIS VIZINHOS,553.0,149,702.0,410720,Dois Vizinhos,  4 107 207 ,   44 869,44869.0,15.645545922574607
410725 DOURADINA,119.0,19,138.0,410725,Douradina,  4 107 256 ,   9 161,9161.0,15.063857657460977
410730 DOUTOR CAMARGO,102.0,7,109.0,410730,Doutor Camargo,  4 107 306 ,   6 327,6327.0,17.22775406985933
410740 ENEAS MARQUES,77.0,9,86.0,410740,Enéas Marques,  4 107 405 ,   5 999,5999.0,14.335722620436739
410750 ENGENHEIRO BELTRAO,182.0,83,265.0,410750,Engenheiro Beltrão,  4 107 504 ,   12 454,12454.0,21.278304159306245
410752 ESPERANCA NOVA,49.0,4,53.0,410752,Esperança Nova,  4 107 520 ,   1 849,1849.0,28.66414277988102
410753 ENTRE RIOS DO OESTE,52.0,9,61.0,410753,Entre Rios do Oeste,  4 107 538 ,   4 575,4575.0,13.333333333333334
410754 ESPIGAO ALTO DO IGUACU,62.0,3,65.0,410754,Espigão Alto do Iguaçu,  4 107 546 ,   4 797,4797.0,13.550135501355014
410755 FAROL,43.0,4,47.0,410755,Farol,  4 107 553 ,   3 039,3039.0,15.465613688713393
410760 FAXINAL,157.0,54,211.0,410760,Faxinal,  4 107 603 ,   16 389,16389.0,12.874488986515345
410765 FAZENDA RIO GRANDE,662.0,300,962.0,410765,Fazenda Rio Grande,  4 107 652 ,   148 873,148873.0,6.461883618923512
410770 FENIX,54.0,17,71.0,410770,Fênix,  4 107 702 ,   4 492,4492.0,15.805877114870883
410773 FERNANDES PINHEIRO,73.0,1,74.0,410773,Fernandes Pinheiro,  4 107 736 ,   6 255,6255.0,11.830535571542766
410775 FIGUEIRA,88.0,14,102.0,410775,Figueira,  4 107 751 ,   8 062,8062.0,12.651947407591168
410780 FLORAI,72.0,19,91.0,410780,Floraí,  4 107 801 ,   4 792,4792.0,18.98998330550918
410785 FLOR DA SERRA DO SUL,78.0,7,85.0,410785,Flor da Serra do Sul,  4 107 850 ,   4 364,4364.0,19.477543538038496
410790 FLORESTA,112.0,23,135.0,410790,Floresta,  4 107 900 ,   10 458,10458.0,12.908777969018933
410800 FLORESTOPOLIS,135.0,15,150.0,410800,Florestópolis,  4 108 007 ,   11 446,11446.0,13.105014852350166
410810 FLORIDA,52.0,-,52.0,410810,Flórida,  4 108 106 ,   2 652,2652.0,19.607843137254903
410820 FORMOSA DO OESTE,81.0,2,83.0,410820,Formosa do Oeste,  4 108 205 ,   7 635,7635.0,10.870988867059594
410830 FOZ DO IGUACU,4586.0,898,5484.0,410830,Foz do Iguaçu,  4 108 304 ,   285 415,285415.0,19.214126797820718
410832 FRANCISCO ALVES,75.0,2,77.0,410832,Francisco Alves,  4 108 320 ,   8 116,8116.0,9.48743223262691
410840 FRANCISCO BELTRAO,2184.0,702,2886.0,410840,Francisco Beltrão,  4 108 403 ,   96 666,96666.0,29.855378312953885
410845 FOZ DO JORDAO,52.0,9,61.0,410845,Foz do Jordão,  4 108 452 ,   4 926,4926.0,12.383272431993504
410850 GENERAL CARNEIRO,96.0,23,119.0,410850,General Carneiro,  4 108 502 ,   11 062,11062.0,10.757548363767853
410855 GODOY MOREIRA,50.0,1,51.0,410855,Godoy Moreira,  4 108 551 ,   2 977,2977.0,17.13134027544508
410860 GOIOERE,422.0,260,682.0,410860,Goioerê,  4 108 601 ,   28 437,28437.0,23.982839258712243
410865 GOIOXIM,98.0,3,101.0,410865,Goioxim,  4 108 650 ,   6 566,6566.0,15.382272311909839
410870 GRANDES RIOS,70.0,8,78.0,410870,Grandes Rios,  4 108 700 ,   5 641,5641.0,13.827335578798085
410880 GUAIRA,403.0,191,594.0,410880,Guaíra,  4 108 809 ,   32 097,32097.0,18.50640246752033
410890 GUAIRACA,100.0,3,103.0,410890,Guairaçá,  4 108 908 ,   6 587,6587.0,15.636860482769091
410895 GUAMIRANGA,95.0,4,99.0,410895,Guamiranga,  4 108 957 ,   7 856,7856.0,12.60183299389002
410900 GUAPIRAMA,51.0,1,52.0,410900,Guapirama,  4 109 005 ,   4 626,4626.0,11.24081279723303
410910 GUAPOREMA,35.0,1,36.0,410910,Guaporema,  4 109 104 ,   2 191,2191.0,16.430853491556366
410920 GUARACI,90.0,2,92.0,410920,Guaraci,  4 109 203 ,   4 748,4748.0,19.376579612468408
410930 GUARANIACU,202.0,17,219.0,410930,Guaraniaçu,  4 109 302 ,   13 735,13735.0,15.94466690935566
410940 GUARAPUAVA,3163.0,555,3718.0,410940,Guarapuava,  4 109 401 ,   182 093,182093.0,20.418137984436523
410950 GUARAQUECABA,112.0,1,113.0,410950,Guaraqueçaba,  4 109 500 ,   7 430,7430.0,15.208613728129205
410960 GUARATUBA,383.0,70,453.0,410960,Guaratuba,  4 109 609 ,   42 062,42062.0,10.769815985925538
410965 HONORIO SERPA,106.0,1,107.0,410965,Honório Serpa,  4 109 658 ,   4 941,4941.0,21.655535316737502
410970 IBAITI,266.0,43,309.0,410970,Ibaiti,  4 109 708 ,   28 830,28830.0,10.718002081165452
410975 IBEMA,72.0,1,73.0,410975,Ibema,  4 109 757 ,   6 218,6218.0,11.740109359922805
410980 IBIPORA,792.0,115,907.0,410980,Ibiporã,  4 109 807 ,   51 603,51603.0,17.57649749045598
410990 ICARAIMA,124.0,4,128.0,410990,Icaraíma,  4 109 906 ,   8 991,8991.0,14.236458680903127
411000 IGUARACU,72.0,13,85.0,411000,Iguaraçu,  4 110 003 ,   5 338,5338.0,15.92356687898089
411005 IGUATU,48.0,-,48.0,411005,Iguatu,  4 110 052 ,   2 144,2144.0,22.388059701492537
411007 IMBAU,82.0,6,88.0,411007,Imbaú,  4 110 078 ,   14 249,14249.0,6.175871991016914
411010 IMBITUVA,278.0,38,316.0,411010,Imbituva,  4 110 102 ,   29 924,29924.0,10.560085550060153
411020 INACIO MARTINS,153.0,12,165.0,411020,Inácio Martins,  4 110 201 ,   9 670,9670.0,17.063081695966908
411030 INAJA,54.0,-,54.0,411030,Inajá,  4 110 300 ,   2 536,2536.0,21.293375394321767
411040 INDIANOPOLIS,69.0,4,73.0,411040,Indianópolis,  4 110 409 ,   4 448,4448.0,16.41187050359712
411050 IPIRANGA,166.0,16,182.0,411050,Ipiranga,  4 110 508 ,   14 142,14142.0,12.86946683637392
411060 IPORA,213.0,24,237.0,411060,Iporã,  4 110 607 ,   15 746,15746.0,15.05144163597104
411065 IRACEMA DO OESTE,46.0,-,46.0,411065,Iracema do Oeste,  4 110 656 ,   2 343,2343.0,19.632949210413997
411070 IRATI,792.0,253,1045.0,411070,Irati,  4 110 706 ,   59 250,59250.0,17.63713080168776
411080 IRETAMA,124.0,62,186.0,411080,Iretama,  4 110 805 ,   10 684,10684.0,17.409210033695246
411090 ITAGUAJE,58.0,1,59.0,411090,Itaguajé,  4 110 904 ,   4 481,4481.0,13.166703860745368
411095 ITAIPULANDIA,159.0,23,182.0,411095,Itaipulândia,  4 110 953 ,   11 485,11485.0,15.846756639094473
411100 ITAMBARACA,75.0,-,75.0,411100,Itambaracá,  4 111 001 ,   5 908,5908.0,12.694651320243738
411110 ITAMBE,66.0,18,84.0,411110,Itambé,  4 111 100 ,   6 111,6111.0,13.745704467353951
411120 ITAPEJARA D'OESTE,125.0,9,134.0,411120,Itapejara d'Oeste,  4 111 209 ,   12 344,12344.0,10.855476344782891
411125 ITAPERUCU,209.0,12,221.0,411125,Itaperuçu,  4 111 258 ,   31 217,31217.0,7.079475926578467
411130 ITAUNA DO SUL,60.0,2,62.0,411130,Itaúna do Sul,  4 111 308 ,   3 572,3572.0,17.357222844344903
411140 IVAI,104.0,3,107.0,411140,Ivaí,  4 111 407 ,   13 229,13229.0,8.088290876105527
411150 IVAIPORA,891.0,130,1021.0,411150,Ivaiporã,  4 111 506 ,   32 720,32720.0,31.204156479217602
411155 IVATE,82.0,7,89.0,411155,Ivaté,  4 111 555 ,   6 831,6831.0,13.028839115795638
411160 IVATUBA,54.0,1,55.0,411160,Ivatuba,  4 111 605 ,   2 708,2708.0,20.31019202363368
411170 JABOTI,89.0,5,94.0,411170,Jaboti,  4 111 704 ,   5 427,5427.0,17.320803390455133
411180 JACAREZINHO,732.0,89,821.0,411180,Jacarezinho,  4 111 803 ,   40 375,40375.0,20.3343653250774
411190 JAGUAPITA,228.0,14,242.0,411190,Jaguapitã,  4 111 902 ,   15 122,15122.0,16.003174183309085
411200 JAGUARIAIVA,326.0,59,385.0,411200,Jaguariaíva,  4 112 009 ,   35 141,35141.0,10.955863521242993
411210 JANDAIA DO SUL,379.0,71,450.0,411210,Jandaia do Sul,  4 112 108 ,   21 408,21408.0,21.020179372197312
411220 JANIOPOLIS,120.0,30,150.0,411220,Janiópolis,  4 112 207 ,   5 870,5870.0,25.55366269165247
411230 JAPIRA,68.0,2,70.0,411230,Japira,  4 112 306 ,   4 972,4972.0,14.07884151246983
411240 JAPURA,87.0,4,91.0,411240,Japurá,  4 112 405 ,   9 144,9144.0,9.95188101487314
411250 JARDIM ALEGRE,96.0,9,105.0,411250,Jardim Alegre,  4 112 504 ,   12 004,12004.0,8.747084305231589
411260 JARDIM OLINDA,31.0,-,31.0,411260,Jardim Olinda,  4 112 603 ,   1 343,1343.0,23.08265078183172
411270 JATAIZINHO,116.0,1,117.0,411270,Jataizinho,  4 112 702 ,   11 813,11813.0,9.904342673325997
411275 JESUITAS,103.0,1,104.0,411275,Jesuítas,  4 112 751 ,   10 506,10506.0,9.899105273177232
411280 JOAQUIM TAVORA,133.0,15,148.0,411280,Joaquim Távora,  4 112 801 ,   11 945,11945.0,12.390121389702806
411290 JUNDIAI DO SUL,58.0,1,59.0,411290,Jundiaí do Sul,  4 112 900 ,   3 333,3333.0,17.7017701770177
411295 JURANDA,126.0,34,160.0,411295,Juranda,  4 112 959 ,   7 771,7771.0,20.589370737356838
411300 JUSSARA,91.0,12,103.0,411300,Jussara,  4 113 007 ,   6 690,6690.0,15.39611360239163
411310 KALORE,119.0,-,119.0,411310,Kaloré,  4 113 106 ,   4 582,4582.0,25.971191619380182
411320 LAPA,776.0,93,869.0,411320,Lapa,  4 113 205 ,   45 003,45003.0,19.309823789525144
411325 LARANJAL,64.0,-,64.0,411325,Laranjal,  4 113 254 ,   5 600,5600.0,11.428571428571429
411330 LARANJEIRAS DO SUL,442.0,80,522.0,411330,Laranjeiras do Sul,  4 113 304 ,   32 227,32227.0,16.197598287150527
411340 LEOPOLIS,64.0,-,64.0,411340,Leópolis,  4 113 403 ,   3 752,3752.0,17.057569296375267
411342 LIDIANOPOLIS,37.0,1,38.0,411342,Lidianópolis,  4 113 429 ,   3 938,3938.0,9.649568308786186
411345 LINDOESTE,97.0,1,98.0,411345,Lindoeste,  4 113 452 ,   5 175,5175.0,18.93719806763285
411350 LOANDA,328.0,90,418.0,411350,Loanda,  4 113 502 ,   23 225,23225.0,17.9978471474704
411360 LOBATO,65.0,5,70.0,411360,Lobato,  4 113 601 ,   4 601,4601.0,15.214083894805478
411370 LONDRINA,11902.0,2161,14063.0,411370,Londrina,  4 113 700 ,   555 965,555965.0,25.29475776352828
411373 LUIZIANA,102.0,3,105.0,411373,Luiziana,  4 113 734 ,   6 690,6690.0,15.695067264573991
411375 LUNARDELLI,58.0,2,60.0,411375,Lunardelli,  4 113 759 ,   4 872,4872.0,12.315270935960593
411380 LUPIONOPOLIS,88.0,1,89.0,411380,Lupionópolis,  4 113 809 ,   4 813,4813.0,18.491585289840017
411390 MALLET,156.0,43,199.0,411390,Mallet,  4 113 908 ,   13 428,13428.0,14.819779565087876
411400 MAMBORE,162.0,80,242.0,411400,Mamborê,  4 114 005 ,   13 452,13452.0,17.989889979185254
411410 MANDAGUACU,211.0,33,244.0,411410,Mandaguaçu,  4 114 104 ,   31 457,31457.0,7.75662014813873
411420 MANDAGUARI,376.0,196,572.0,411420,Mandaguari,  4 114 203 ,   36 716,36716.0,15.579039111014271
411430 MANDIRITUBA,196.0,8,204.0,411430,Mandirituba,  4 114 302 ,   27 439,27439.0,7.434673275265133
411435 MANFRINOPOLIS,46.0,1,47.0,411435,Manfrinópolis,  4 114 351 ,   2 770,2770.0,16.96750902527076
411440 MANGUEIRINHA,210.0,8,218.0,411440,Mangueirinha,  4 114 401 ,   16 603,16603.0,13.130157200505932
411450 MANOEL RIBAS,177.0,12,189.0,411450,Manoel Ribas,  4 114 500 ,   14 240,14240.0,13.27247191011236
411460 MARECHAL CANDIDO RONDON,502.0,329,831.0,411460,Marechal Cândido Rondon,  4 114 609 ,   55 836,55836.0,14.882871265849989
411470 MARIA HELENA,69.0,3,72.0,411470,Maria Helena,  4 114 708 ,   5 865,5865.0,12.27621483375959
411480 MARIALVA,352.0,65,417.0,411480,Marialva,  4 114 807 ,   41 851,41851.0,9.963919619602878
411490 MARILANDIA DO SUL,104.0,3,107.0,411490,Marilândia do Sul,  4 114 906 ,   8 677,8677.0,12.331450962314163
411500 MARILENA,86.0,4,90.0,411500,Marilena,  4 115 002 ,   7 253,7253.0,12.408658486143665
411510 MARILUZ,74.0,24,98.0,411510,Mariluz,  4 115 101 ,   9 847,9847.0,9.952269726820353
411520 MARINGA,7927.0,4135,12062.0,411520,Maringá,  4 115 200 ,   409 657,409657.0,29.44414473571793
411530 MARIOPOLIS,82.0,5,87.0,411530,Mariópolis,  4 115 309 ,   6 371,6371.0,13.655627060116151
411535 MARIPA,84.0,4,88.0,411535,Maripá,  4 115 358 ,   6 555,6555.0,13.424866514111365
411540 MARMELEIRO,173.0,53,226.0,411540,Marmeleiro,  4 115 408 ,   15 901,15901.0,14.212942582227532
411545 MARQUINHO,51.0,1,52.0,411545,Marquinho,  4 115 457 ,   4 504,4504.0,11.545293072824157
411550 MARUMBI,47.0,4,51.0,411550,Marumbi,  4 115 507 ,   4 699,4699.0,10.853373058097468
411560 MATELANDIA,241.0,60,301.0,411560,Matelândia,  4 115 606 ,   18 450,18450.0,16.314363143631436
411570 MATINHOS,381.0,76,457.0,411570,Matinhos,  4 115 705 ,   39 259,39259.0,11.64064290990601
411573 MATO RICO,48.0,1,49.0,411573,Mato Rico,  4 115 739 ,   3 267,3267.0,14.99846954392409
411575 MAUA DA SERRA,108.0,11,119.0,411575,Mauá da Serra,  4 115 754 ,   9 383,9383.0,12.682510924011511
411580 MEDIANEIRA,563.0,203,766.0,411580,Medianeira,  4 115 804 ,   54 369,54369.0,14.088910960289871
411585 MERCEDES,74.0,23,97.0,411585,Mercedes,  4 115 853 ,   5 931,5931.0,16.3547462485247
411590 MIRADOR,46.0,-,46.0,411590,Mirador,  4 115 903 ,   2 238,2238.0,20.55406613047364
411600 MIRASELVA,43.0,-,43.0,411600,Miraselva,  4 116 000 ,   1 966,1966.0,21.871820956256357
411605 MISSAL,191.0,27,218.0,411605,Missal,  4 116 059 ,   11 064,11064.0,19.70354302241504
411610 MOREIRA SALES,153.0,56,209.0,411610,Moreira Sales,  4 116 109 ,   11 175,11175.0,18.702460850111855
411620 MORRETES,185.0,48,233.0,411620,Morretes,  4 116 208 ,   18 309,18309.0,12.725981757605549
411630 MUNHOZ DE MELO,70.0,5,75.0,411630,Munhoz de Melo,  4 116 307 ,   3 951,3951.0,18.98253606681853
411640 NOSSA SENHORA DAS GRACAS,68.0,12,80.0,411640,Nossa Senhora das Graças,  4 116 406 ,   3 669,3669.0,21.804306350504227
411650 NOVA ALIANCA DO IVAI,28.0,-,28.0,411650,Nova Aliança do Ivaí,  4 116 505 ,   1 323,1323.0,21.164021164021165
411660 NOVA AMERICA DA COLINA,46.0,-,46.0,411660,Nova América da Colina,  4 116 604 ,   3 280,3280.0,14.02439024390244
411670 NOVA AURORA,164.0,10,174.0,411670,Nova Aurora,  4 116 703 ,   13 765,13765.0,12.64075553941155
411680 NOVA CANTU,78.0,22,100.0,411680,Nova Cantu,  4 116 802 ,   6 790,6790.0,14.727540500736376
411690 NOVA ESPERANCA,244.0,72,316.0,411690,Nova Esperança,  4 116 901 ,   26 585,26585.0,11.886402106451007
411695 NOVA ESPERANCA DO SUDOESTE,60.0,3,63.0,411695,Nova Esperança do Sudoeste,  4 116 950 ,   5 597,5597.0,11.256030016080041
411700 NOVA FATIMA,65.0,5,70.0,411700,Nova Fátima,  4 117 008 ,   7 225,7225.0,9.688581314878892
411705 NOVA LARANJEIRAS,145.0,8,153.0,411705,Nova Laranjeiras,  4 117 057 ,   12 074,12074.0,12.671856882557563
411710 NOVA LONDRINA,131.0,18,149.0,411710,Nova Londrina,  4 117 107 ,   12 923,12923.0,11.529830534705564
411720 NOVA OLIMPIA,86.0,4,90.0,411720,Nova Olímpia,  4 117 206 ,   5 833,5833.0,15.429453111606378
411721 NOVA SANTA BARBARA,49.0,1,50.0,411721,Nova Santa Bárbara,  4 117 214 ,   4 184,4184.0,11.950286806883366
411722 NOVA SANTA ROSA,92.0,11,103.0,411722,Nova Santa Rosa,  4 117 222 ,   8 322,8322.0,12.376832492189378
411725 NOVA PRATA DO IGUACU,94.0,23,117.0,411725,Nova Prata do Iguaçu,  4 117 255 ,   12 699,12699.0,9.213323883770375
411727 NOVA TEBAS,125.0,-,125.0,411727,Nova Tebas,  4 117 271 ,   6 848,6848.0,18.253504672897197
411729 NOVO ITACOLOMI,51.0,-,51.0,411729,Novo Itacolomi,  4 117 297 ,   3 125,3125.0,16.32
411730 ORTIGUEIRA,207.0,26,233.0,411730,Ortigueira,  4 117 305 ,   24 192,24192.0,9.631283068783068
411740 OURIZONA,41.0,-,41.0,411740,Ourizona,  4 117 404 ,   3 187,3187.0,12.864763100094132
411745 OURO VERDE DO OESTE,74.0,2,76.0,411745,Ouro Verde do Oeste,  4 117 453 ,   6 785,6785.0,11.201179071481208
411750 PAICANDU,370.0,19,389.0,411750,Paiçandu,  4 117 503 ,   45 962,45962.0,8.463513337104565
411760 PALMAS,409.0,79,488.0,411760,Palmas,  4 117 602 ,   48 247,48247.0,10.114618525504177
411770 PALMEIRA,423.0,58,481.0,411770,Palmeira,  4 117 701 ,   33 855,33855.0,14.207650273224045
411780 PALMITAL,115.0,9,124.0,411780,Palmital,  4 117 800 ,   13 033,13033.0,9.514309828895879
411790 PALOTINA,413.0,127,540.0,411790,Palotina,  4 117 909 ,   35 011,35011.0,15.423723972465796
411800 PARAISO DO NORTE,99.0,23,122.0,411800,Paraíso do Norte,  4 118 006 ,   13 245,13245.0,9.21102302755757
411810 PARANACITY,105.0,14,119.0,411810,Paranacity,  4 118 105 ,   9 557,9557.0,12.451606152558334
411820 PARANAGUA,1844.0,357,2201.0,411820,Paranaguá,  4 118 204 ,   145 829,145829.0,15.093019906877233
411830 PARANAPOEMA,45.0,-,45.0,411830,Paranapoema,  4 118 303 ,   2 398,2398.0,18.765638031693076
411840 PARANAVAI,1337.0,339,1676.0,411840,Paranavaí,  4 118 402 ,   92 001,92001.0,18.21719329137727
411845 PATO BRAGADO,83.0,2,85.0,411845,Pato Bragado,  4 118 451 ,   5 733,5733.0,14.82644339787197
411850 PATO BRANCO,2284.0,910,3194.0,411850,Pato Branco,  4 118 501 ,   91 836,91836.0,34.779389346225884
411860 PAULA FREITAS,78.0,6,84.0,411860,Paula Freitas,  4 118 600 ,   5 666,5666.0,14.825273561595482
411870 PAULO FRONTIN,69.0,7,76.0,411870,Paulo Frontin,  4 118 709 ,   6 343,6343.0,11.981712123600818
411880 PEABIRU,119.0,70,189.0,411880,Peabiru,  4 118 808 ,   13 346,13346.0,14.161546530795745
411885 PEROBAL,69.0,1,70.0,411885,Perobal,  4 118 857 ,   7 189,7189.0,9.737098344693282
411890 PEROLA,130.0,55,185.0,411890,Pérola,  4 118 907 ,   11 878,11878.0,15.575012628388619
411900 PEROLA D'OESTE,73.0,6,79.0,411900,Pérola d'Oeste,  4 119 004 ,   6 221,6221.0,12.698923002732679
411910 PIEN,130.0,34,164.0,411910,Piên,  4 119 103 ,   13 655,13655.0,12.010252654705237
411915 PINHAIS,1634.0,1017,2651.0,411915,Pinhais,  4 119 152 ,   127 019,127019.0,20.870893330918996
411920 PINHALAO,70.0,17,87.0,411920,Pinhalão,  4 119 202 ,   6 566,6566.0,13.250076149862931
411925 PINHAL DE SAO BENTO,31.0,1,32.0,411925,Pinhal de São Bento,  4 119 251 ,   2 761,2761.0,11.590003621876132
411930 PINHAO,229.0,33,262.0,411930,Pinhão,  4 119 301 ,   29 886,29886.0,8.766646590376764
411940 PIRAI DO SUL,218.0,30,248.0,411940,Piraí do Sul,  4 119 400 ,   23 651,23651.0,10.485814553295844
411950 PIRAQUARA,1353.0,143,1496.0,411950,Piraquara,  4 119 509 ,   118 730,118730.0,12.600016844942306
411960 PITANGA,377.0,67,444.0,411960,Pitanga,  4 119 608 ,   33 567,33567.0,13.227276789704174
411965 PITANGUEIRAS,23.0,-,23.0,411965,Pitangueiras,  4 119 657 ,   3 046,3046.0,7.550886408404464
411970 PLANALTINA DO PARANA,65.0,-,65.0,411970,Planaltina do Paraná,  4 119 707 ,   4 070,4070.0,15.97051597051597
411980 PLANALTO,134.0,32,166.0,411980,Planalto,  4 119 806 ,   14 374,14374.0,11.548629469876165
411990 PONTA GROSSA,4183.0,1900,6083.0,411990,Ponta Grossa,  4 119 905 ,   358 371,358371.0,16.97402970664479
411995 PONTAL DO PARANA,245.0,43,288.0,411995,Pontal do Paraná,  4 119 954 ,   30 425,30425.0,9.465899753492193
412000 PORECATU,132.0,9,141.0,412000,Porecatu,  4 120 002 ,   11 624,11624.0,12.130075705437028
412010 PORTO AMAZONAS,56.0,-,56.0,412010,Porto Amazonas,  4 120 101 ,   4 098,4098.0,13.66520253782333
412015 PORTO BARREIRO,35.0,1,36.0,412015,Porto Barreiro,  4 120 150 ,   3 110,3110.0,11.57556270096463
412020 PORTO RICO,51.0,-,51.0,412020,Porto Rico,  4 120 200 ,   3 182,3182.0,16.027655562539284
412030 PORTO VITORIA,64.0,2,66.0,412030,Porto Vitória,  4 120 309 ,   3 562,3562.0,18.528916339135318
412033 PRADO FERREIRA,56.0,1,57.0,412033,Prado Ferreira,  4 120 333 ,   3 709,3709.0,15.368023726071717
412035 PRANCHITA,134.0,25,159.0,412035,Pranchita,  4 120 358 ,   5 737,5737.0,27.71483353669165
412040 PRESIDENTE CASTELO BRANCO,75.0,1,76.0,412040,Presidente Castelo Branco,  4 120 408 ,   4 336,4336.0,17.527675276752767
412050 PRIMEIRO DE MAIO,109.0,13,122.0,412050,Primeiro de Maio,  4 120 507 ,   10 082,10082.0,12.10077365602063
412060 PRUDENTOPOLIS,432.0,86,518.0,412060,Prudentópolis,  4 120 606 ,   49 393,49393.0,10.487316016439577
412065 QUARTO CENTENARIO,58.0,1,59.0,412065,Quarto Centenário,  4 120 655 ,   4 201,4201.0,14.044275172577958
412070 QUATIGUA,77.0,7,84.0,412070,Quatiguá,  4 120 705 ,   8 099,8099.0,10.371650821089023
412080 QUATRO BARRAS,198.0,47,245.0,412080,Quatro Barras,  4 120 804 ,   24 191,24191.0,10.127733454590551
412085 QUATRO PONTES,30.0,15,45.0,412085,Quatro Pontes,  4 120 853 ,   4 480,4480.0,10.044642857142858
412090 QUEDAS DO IGUACU,293.0,55,348.0,412090,Quedas do Iguaçu,  4 120 903 ,   30 738,30738.0,11.321491313683389
412100 QUERENCIA DO NORTE,118.0,5,123.0,412100,Querência do Norte,  4 121 000 ,   10 685,10685.0,11.511464670098269
412110 QUINTA DO SOL,83.0,8,91.0,412110,Quinta do Sol,  4 121 109 ,   5 001,5001.0,18.19636072785443
412120 QUITANDINHA,177.0,49,226.0,412120,Quitandinha,  4 121 208 ,   18 398,18398.0,12.283943906946407
412125 RAMILANDIA,43.0,3,46.0,412125,Ramilândia,  4 121 257 ,   4 221,4221.0,10.89789149490642
412130 RANCHO ALEGRE,47.0,3,50.0,412130,Rancho Alegre,  4 121 307 ,   3 512,3512.0,14.236902050113894
412135 RANCHO ALEGRE D'OESTE,28.0,12,40.0,412135,Rancho Alegre D'Oeste,  4 121 356 ,   2 618,2618.0,15.278838808250574
412140 REALEZA,150.0,56,206.0,412140,Realeza,  4 121 406 ,   19 247,19247.0,10.702966696108485
412150 REBOUCAS,225.0,49,274.0,412150,Rebouças,  4 121 505 ,   14 514,14514.0,18.878324376464104
412160 RENASCENCA,80.0,20,100.0,412160,Renascença,  4 121 604 ,   6 845,6845.0,14.609203798392988
412170 RESERVA,190.0,27,217.0,412170,Reserva,  4 121 703 ,   24 573,24573.0,8.830830586415985
412175 RESERVA DO IGUACU,92.0,1,93.0,412175,Reserva do Iguaçu,  4 121 752 ,   6 553,6553.0,14.191973142072333
412180 RIBEIRAO CLARO,92.0,16,108.0,412180,Ribeirão Claro,  4 121 802 ,   12 364,12364.0,8.735037204788094
412190 RIBEIRAO DO PINHAL,125.0,20,145.0,412190,Ribeirão do Pinhal,  4 121 901 ,   13 060,13060.0,11.10260336906585
412200 RIO AZUL,221.0,59,280.0,412200,Rio Azul,  4 122 008 ,   14 025,14025.0,19.964349376114082
412210 RIO BOM,50.0,4,54.0,412210,Rio Bom,  4 122 107 ,   3 197,3197.0,16.890835157960588
412215 RIO BONITO DO IGUACU,145.0,3,148.0,412215,Rio Bonito do Iguaçu,  4 122 156 ,   13 929,13929.0,10.625314092899705
412217 RIO BRANCO DO IVAI,54.0,2,56.0,412217,Rio Branco do Ivaí,  4 122 172 ,   3 808,3808.0,14.705882352941176
412220 RIO BRANCO DO SUL,270.0,25,295.0,412220,Rio Branco do Sul,  4 122 206 ,   37 558,37558.0,7.854518344959795
412230 RIO NEGRO,464.0,92,556.0,412230,Rio Negro,  4 122 305 ,   31 324,31324.0,17.749968075596986
412240 ROLANDIA,740.0,169,909.0,412240,Rolândia,  4 122 404 ,   71 670,71670.0,12.683131017161992
412250 RONCADOR,145.0,47,192.0,412250,Roncador,  4 122 503 ,   11 251,11251.0,17.06514976446538
412260 RONDON,94.0,17,111.0,412260,Rondon,  4 122 602 ,   9 097,9097.0,12.201824777399143
412265 ROSARIO DO IVAI,70.0,2,72.0,412265,Rosário do Ivaí,  4 122 651 ,   5 435,5435.0,13.247470101195951
412270 SABAUDIA,75.0,6,81.0,412270,Sabáudia,  4 122 701 ,   8 822,8822.0,9.181591475855814
412280 SALGADO FILHO,51.0,3,54.0,412280,Salgado Filho,  4 122 800 ,   4 075,4075.0,13.251533742331288
412290 SALTO DO ITARARE,62.0,1,63.0,412290,Salto do Itararé,  4 122 909 ,   5 192,5192.0,12.134052388289676
412300 SALTO DO LONTRA,169.0,37,206.0,412300,Salto do Lontra,  4 123 006 ,   15 223,15223.0,13.53215529133548
412310 SANTA AMELIA,31.0,1,32.0,412310,Santa Amélia,  4 123 105 ,   3 394,3394.0,9.428403064230995
412320 SANTA CECILIA DO PAVAO,53.0,1,54.0,412320,Santa Cecília do Pavão,  4 123 204 ,   3 365,3365.0,16.047548291233284
412330 SANTA CRUZ DE MONTE CASTELO,87.0,10,97.0,412330,Santa Cruz de Monte Castelo,  4 123 303 ,   8 613,8613.0,11.262045744804366
412340 SANTA FE,119.0,44,163.0,412340,Santa Fé,  4 123 402 ,   11 378,11378.0,14.32589207242046
412350 SANTA HELENA,285.0,58,343.0,412350,Santa Helena,  4 123 501 ,   25 492,25492.0,13.455201631884513
412360 SANTA INES,22.0,-,22.0,412360,Santa Inês,  4 123 600 ,   1 748,1748.0,12.585812356979405
412370 SANTA ISABEL DO IVAI,72.0,7,79.0,412370,Santa Isabel do Ivaí,  4 123 709 ,   8 912,8912.0,8.864452423698383
412380 SANTA IZABEL DO OESTE,170.0,85,255.0,412380,Santa Izabel do Oeste,  4 123 808 ,   14 070,14070.0,18.123667377398718
412382 SANTA LUCIA,52.0,1,53.0,412382,Santa Lúcia,  4 123 824 ,   3 644,3644.0,14.544456641053786
412385 SANTA MARIA DO OESTE,95.0,3,98.0,412385,Santa Maria do Oeste,  4 123 857 ,   9 934,9934.0,9.865109724179584
412390 SANTA MARIANA,142.0,12,154.0,412390,Santa Mariana,  4 123 907 ,   11 066,11066.0,13.916500994035786
412395 SANTA MONICA,39.0,2,41.0,412395,Santa Mônica,  4 123 956 ,   3 356,3356.0,12.216924910607865
412400 SANTANA DO ITARARE,97.0,-,97.0,412400,Santana do Itararé,  4 124 004 ,   5 514,5514.0,17.591585056220527
412402 SANTA TEREZA DO OESTE,112.0,2,114.0,412402,Santa Tereza do Oeste,  4 124 020 ,   13 174,13174.0,8.653408228328527
412405 SANTA TEREZINHA DE ITAIPU,194.0,36,230.0,412405,Santa Terezinha de Itaipu,  4 124 053 ,   24 262,24262.0,9.479845025142199
412410 SANTO ANTONIO DA PLATINA,722.0,103,825.0,412410,Santo Antônio da Platina,  4 124 103 ,   44 369,44369.0,18.594063422659968
412420 SANTO ANTONIO DO CAIUA,61.0,1,62.0,412420,Santo Antônio do Caiuá,  4 124 202 ,   2 493,2493.0,24.86963497793823
412430 SANTO ANTONIO DO PARAISO,52.0,-,52.0,412430,Santo Antônio do Paraíso,  4 124 301 ,   2 125,2125.0,24.47058823529412
412440 SANTO ANTONIO DO SUDOESTE,202.0,116,318.0,412440,Santo Antônio do Sudoeste,  4 124 400 ,   23 673,23673.0,13.433024965150171
412450 SANTO INACIO,75.0,10,85.0,412450,Santo Inácio,  4 124 509 ,   6 181,6181.0,13.75182009383595
412460 SAO CARLOS DO IVAI,68.0,6,74.0,412460,São Carlos do Ivaí,  4 124 608 ,   6 587,6587.0,11.234249278882649
412470 SAO JERONIMO DA SERRA,120.0,14,134.0,412470,São Jerônimo da Serra,  4 124 707 ,   10 830,10830.0,12.3730378578024
412480 SAO JOAO,103.0,21,124.0,412480,São João,  4 124 806 ,   11 886,11886.0,10.432441527847887
412490 SAO JOAO DO CAIUA,64.0,-,64.0,412490,São João do Caiuá,  4 124 905 ,   5 586,5586.0,11.457214464733262
412500 SAO JOAO DO IVAI,132.0,8,140.0,412500,São João do Ivaí,  4 125 001 ,   10 667,10667.0,13.124589856566983
412510 SAO JOAO DO TRIUNFO,122.0,6,128.0,412510,São João do Triunfo,  4 125 100 ,   13 726,13726.0,9.325367914906018
412520 SAO JORGE D'OESTE,102.0,40,142.0,412520,São Jorge d'Oeste,  4 125 209 ,   9 378,9378.0,15.141821283855833
412530 SAO JORGE DO IVAI,68.0,11,79.0,412530,São Jorge do Ivaí,  4 125 308 ,   5 168,5168.0,15.286377708978328
412535 SAO JORGE DO PATROCINIO,88.0,8,96.0,412535,São Jorge do Patrocínio,  4 125 357 ,   6 504,6504.0,14.760147601476014
412540 SAO JOSE DA BOA VISTA,93.0,2,95.0,412540,São José da Boa Vista,  4 125 407 ,   6 040,6040.0,15.728476821192054
412545 SAO JOSE DAS PALMEIRAS,61.0,2,63.0,412545,São José das Palmeiras,  4 125 456 ,   3 957,3957.0,15.921152388172858
412550 SAO JOSE DOS PINHAIS,2407.0,800,3207.0,412550,São José dos Pinhais,  4 125 506 ,   329 628,329628.0,9.729149222760203
412555 SAO MANOEL DO PARANA,40.0,-,40.0,412555,São Manoel do Paraná,  4 125 555 ,   2 138,2138.0,18.709073900841908
412560 SAO MATEUS DO SUL,354.0,105,459.0,412560,São Mateus do Sul,  4 125 605 ,   42 366,42366.0,10.834159467497521
412570 SAO MIGUEL DO IGUACU,311.0,55,366.0,412570,São Miguel do Iguaçu,  4 125 704 ,   29 122,29122.0,12.567818144358219
412575 SAO PEDRO DO IGUACU,87.0,-,87.0,412575,São Pedro do Iguaçu,  4 125 753 ,   5 784,5784.0,15.04149377593361
412580 SAO PEDRO DO IVAI,87.0,-,87.0,412580,São Pedro do Ivaí,  4 125 803 ,   8 690,8690.0,10.01150747986191
412590 SAO PEDRO DO PARANA,37.0,1,38.0,412590,São Pedro do Paraná,  4 125 902 ,   2 661,2661.0,14.280345734686207
412600 SAO SEBASTIAO DA AMOREIRA,108.0,6,114.0,412600,São Sebastião da Amoreira,  4 126 009 ,   8 063,8063.0,14.13865806771673
412610 SAO TOME,54.0,2,56.0,412610,São Tomé,  4 126 108 ,   5 232,5232.0,10.703363914373089
412620 SAPOPEMA,95.0,8,103.0,412620,Sapopema,  4 126 207 ,   6 695,6695.0,15.384615384615385
412625 SARANDI,1056.0,117,1173.0,412625,Sarandi,  4 126 256 ,   118 455,118455.0,9.902494618209447
412627 SAUDADE DO IGUACU,68.0,-,68.0,412627,Saudade do Iguaçu,  4 126 272 ,   6 108,6108.0,11.132940406024884
412630 SENGES,156.0,4,160.0,412630,Sengés,  4 126 306 ,   17 270,17270.0,9.264620729588882
412635 SERRANOPOLIS DO IGUACU,42.0,1,43.0,412635,Serranópolis do Iguaçu,  4 126 355 ,   5 007,5007.0,8.587976832434592
412640 SERTANEJA,110.0,8,118.0,412640,Sertaneja,  4 126 405 ,   5 616,5616.0,21.01139601139601
412650 SERTANOPOLIS,169.0,48,217.0,412650,Sertanópolis,  4 126 504 ,   15 930,15930.0,13.622096672944132
412660 SIQUEIRA CAMPOS,204.0,46,250.0,412660,Siqueira Campos,  4 126 603 ,   22 811,22811.0,10.959624742448819
412665 SULINA,49.0,-,49.0,412665,Sulina,  4 126 652 ,   3 440,3440.0,14.24418604651163
412667 TAMARANA,170.0,16,186.0,412667,Tamarana,  4 126 678 ,   10 707,10707.0,17.371812832726253
412670 TAMBOARA,66.0,3,69.0,412670,Tamboara,  4 126 702 ,   4 880,4880.0,14.139344262295081
412680 TAPEJARA,110.0,10,120.0,412680,Tapejara,  4 126 801 ,   15 869,15869.0,7.5619131640305
412690 TAPIRA,75.0,-,75.0,412690,Tapira,  4 126 900 ,   5 745,5745.0,13.054830287206265
412700 TEIXEIRA SOARES,140.0,2,142.0,412700,Teixeira Soares,  4 127 007 ,   9 547,9547.0,14.873782340002094
412710 TELEMACO BORBA,711.0,232,943.0,412710,Telêmaco Borba,  4 127 106 ,   75 042,75042.0,12.566296207457157
412720 TERRA BOA,277.0,69,346.0,412720,Terra Boa,  4 127 205 ,   17 568,17568.0,19.694899817850636
412730 TERRA RICA,188.0,15,203.0,412730,Terra Rica,  4 127 304 ,   14 842,14842.0,13.677401967389839
412740 TERRA ROXA,140.0,28,168.0,412740,Terra Roxa,  4 127 403 ,   18 119,18119.0,9.27203488051217
412750 TIBAGI,167.0,4,171.0,412750,Tibagi,  4 127 502 ,   19 961,19961.0,8.566705074896047
412760 TIJUCAS DO SUL,248.0,16,264.0,412760,Tijucas do Sul,  4 127 601 ,   17 621,17621.0,14.98212360251972
412770 TOLEDO,2072.0,718,2790.0,412770,Toledo,  4 127 700 ,   150 470,150470.0,18.541902040273808
412780 TOMAZINA,104.0,1,105.0,412780,Tomazina,  4 127 809 ,   8 426,8426.0,12.461428910515073
412785 TRES BARRAS DO PARANA,141.0,3,144.0,412785,Três Barras do Paraná,  4 127 858 ,   11 135,11135.0,12.93219577907499
412788 TUNAS DO PARANA,60.0,2,62.0,412788,Tunas do Paraná,  4 127 882 ,   6 219,6219.0,9.96944846438334
412790 TUNEIRAS DO OESTE,83.0,3,86.0,412790,Tuneiras do Oeste,  4 127 908 ,   8 067,8067.0,10.66071649931821
412795 TUPASSI,83.0,6,89.0,412795,Tupãssi,  4 127 957 ,   8 077,8077.0,11.018942676736412
412796 TURVO,193.0,26,219.0,412796,Turvo,  4 127 965 ,   14 231,14231.0,15.388939638816668
412800 UBIRATA,316.0,227,543.0,412800,Ubiratã,  4 128 005 ,   24 749,24749.0,21.940280415370317
412810 UMUARAMA,2719.0,556,3275.0,412810,Umuarama,  4 128 104 ,   117 095,117095.0,27.968743328066953
412820 UNIAO DA VITORIA,823.0,338,1161.0,412820,União da Vitória,  4 128 203 ,   55 033,55033.0,21.096433049261353
412830 UNIFLOR,44.0,-,44.0,412830,Uniflor,  4 128 302 ,   2 136,2136.0,20.599250936329586
412840 URAI,108.0,5,113.0,412840,Uraí,  4 128 401 ,   10 406,10406.0,10.859119738612339
412850 WENCESLAU BRAZ,157.0,22,179.0,412850,Wenceslau Braz,  4 128 500 ,   19 188,19188.0,9.328747133625182
412853 VENTANIA,106.0,1,107.0,412853,Ventania,  4 128 534 ,   9 681,9681.0,11.05257721309782
412855 VERA CRUZ DO OESTE,131.0,12,143.0,412855,Vera Cruz do Oeste,  4 128 559 ,   8 215,8215.0,17.407181984175292
412860 VERE,93.0,28,121.0,412860,Verê,  4 128 609 ,   7 932,7932.0,15.254664649520928
412862 ALTO PARAISO,59.0,-,59.0,412862,Alto Paraíso,  4 128 625 ,   3 055,3055.0,19.312602291325696
412863 DOUTOR ULYSSES,83.0,2,85.0,412863,Doutor Ulysses,  4 128 633 ,   5 697,5697.0,14.920133403545725
412865 VIRMOND,63.0,8,71.0,412865,Virmond,  4 128 658 ,   3 811,3811.0,18.630280766203096
412870 VITORINO,70.0,3,73.0,412870,Vitorino,  4 128 708 ,   9 706,9706.0,7.521120956109623
412880 XAMBRE,64.0,1,65.0,412880,Xambrê,  4 128 807 ,   5 798,5798.0,11.210762331838565
420005 ABDON BATISTA,59.0,-,59.0,420005,Abdon Batista,  4 200 051 ,   2 598,2598.0,22.70977675134719
420010 ABELARDO LUZ,229.0,79,308.0,420010,Abelardo Luz,  4 200 101 ,   17 392,17392.0,17.709291628334864
420020 AGROLANDIA,119.0,21,140.0,420020,Agrolândia,  4 200 200 ,   10 990,10990.0,12.738853503184714
420030 AGRONOMICA,45.0,4,49.0,420030,Agronômica,  4 200 309 ,   6 055,6055.0,8.092485549132947
420040 AGUA DOCE,126.0,16,142.0,420040,Água Doce,  4 200 408 ,   6 508,6508.0,21.819299323909036
420050 AGUAS DE CHAPECO,71.0,1,72.0,420050,Águas de Chapecó,  4 200 507 ,   6 036,6036.0,11.928429423459244
420055 AGUAS FRIAS,30.0,4,34.0,420055,Águas Frias,  4 200 556 ,   2 839,2839.0,11.976047904191617
420060 AGUAS MORNAS,93.0,1,94.0,420060,Águas Mornas,  4 200 606 ,   6 743,6743.0,13.94038261901231
420070 ALFREDO WAGNER,126.0,21,147.0,420070,Alfredo Wagner,  4 200 705 ,   10 481,10481.0,14.025379257704419
420075 ALTO BELA VISTA,37.0,-,37.0,420075,Alto Bela Vista,  4 200 754 ,   1 856,1856.0,19.93534482758621
420080 ANCHIETA,78.0,5,83.0,420080,Anchieta,  4 200 804 ,   5 943,5943.0,13.966010432441529
420090 ANGELINA,93.0,1,94.0,420090,Angelina,  4 200 903 ,   5 358,5358.0,17.543859649122805
420100 ANITA GARIBALDI,172.0,4,176.0,420100,Anita Garibaldi,  4 201 000 ,   8 285,8285.0,21.24321062160531
420110 ANITAPOLIS,61.0,26,87.0,420110,Anitápolis,  4 201 109 ,   3 593,3593.0,24.213748956303924
420120 ANTONIO CARLOS,157.0,72,229.0,420120,Antônio Carlos,  4 201 208 ,   11 224,11224.0,20.40270848182466
420125 APIUNA,129.0,8,137.0,420125,Apiúna,  4 201 257 ,   9 811,9811.0,13.963918051167058
420127 ARABUTA,78.0,6,84.0,420127,Arabutã,  4 201 273 ,   4 378,4378.0,19.186843307446324
420130 ARAQUARI,492.0,42,534.0,420130,Araquari,  4 201 307 ,   45 283,45283.0,11.792504913543713
420140 ARARANGUA,1253.0,439,1692.0,420140,Araranguá,  4 201 406 ,   71 922,71922.0,23.525485943105032
420150 ARMAZEM,168.0,9,177.0,420150,Armazém,  4 201 505 ,   8 834,8834.0,20.036223681231604
420160 ARROIO TRINTA,74.0,20,94.0,420160,Arroio Trinta,  4 201 604 ,   3 556,3556.0,26.434195725534305
420165 ARVOREDO,37.0,1,38.0,420165,Arvoredo,  4 201 653 ,   2 510,2510.0,15.139442231075698
420170 ASCURRA,78.0,13,91.0,420170,Ascurra,  4 201 703 ,   8 319,8319.0,10.93881476138959
420180 ATALANTA,35.0,-,35.0,420180,Atalanta,  4 201 802 ,   3 227,3227.0,10.845986984815617
420190 AURORA,53.0,4,57.0,420190,Aurora,  4 201 901 ,   6 780,6780.0,8.4070796460177
420195 BALNEARIO ARROIO DO SILVA,140.0,6,146.0,420195,Balneário Arroio do Silva,  4 201 950 ,   15 820,15820.0,9.228824273072062
420200 BALNEARIO CAMBORIU,2355.0,1789,4144.0,420200,Balneário Camboriú,  4 202 008 ,   139 155,139155.0,29.7797420143006
420205 BALNEARIO BARRA DO SUL,174.0,5,179.0,420205,Balneário Barra do Sul,  4 202 057 ,   14 912,14912.0,12.003755364806867
420207 BALNEARIO GAIVOTA,117.0,23,140.0,420207,Balneário Gaivota,  4 202 073 ,   15 669,15669.0,8.934839491990553
420208 BANDEIRANTE,35.0,-,35.0,420208,Bandeirante,  4 202 081 ,   3 144,3144.0,11.132315521628499
420209 BARRA BONITA,27.0,-,27.0,420209,Barra Bonita,  4 202 099 ,   1 668,1668.0,16.18705035971223
420210 BARRA VELHA,489.0,35,524.0,420210,Barra Velha,  4 202 107 ,   45 369,45369.0,11.549736604289272
420213 BELA VISTA DO TOLDO,79.0,15,94.0,420213,Bela Vista do Toldo,  4 202 131 ,   5 872,5872.0,16.00817438692098
420215 BELMONTE,32.0,3,35.0,420215,Belmonte,  4 202 156 ,   2 658,2658.0,13.167795334838225
420220 BENEDITO NOVO,131.0,9,140.0,420220,Benedito Novo,  4 202 206 ,   10 520,10520.0,13.307984790874524
420230 BIGUACU,1157.0,339,1496.0,420230,Biguaçu,  4 202 305 ,   76 773,76773.0,19.48601721959543
420240 BLUMENAU,6418.0,1686,8104.0,420240,Blumenau,  4 202 404 ,   361 261,361261.0,22.432534926272144
420243 BOCAINA DO SUL,59.0,8,67.0,420243,Bocaina do Sul,  4 202 438 ,   3 515,3515.0,19.06116642958748
420245 BOMBINHAS,353.0,39,392.0,420245,Bombinhas,  4 202 453 ,   25 058,25058.0,15.643706600686407
420250 BOM JARDIM DA SERRA,76.0,13,89.0,420250,Bom Jardim da Serra,  4 202 503 ,   4 026,4026.0,22.106308991554894
420253 BOM JESUS,38.0,-,38.0,420253,Bom Jesus,  4 202 537 ,   2 777,2777.0,13.683831472812386
420257 BOM JESUS DO OESTE,38.0,1,39.0,420257,Bom Jesus do Oeste,  4 202 578 ,   2 187,2187.0,17.83264746227709
420260 BOM RETIRO,124.0,10,134.0,420260,Bom Retiro,  4 202 602 ,   8 418,8418.0,15.918270373010214
420270 BOTUVERA,63.0,1,64.0,420270,Botuverá,  4 202 701 ,   5 363,5363.0,11.93361924296103
420280 BRACO DO NORTE,643.0,99,742.0,420280,Braço do Norte,  4 202 800 ,   33 773,33773.0,21.970212891955114
420285 BRACO DO TROMBUDO,69.0,2,71.0,420285,Braço do Trombudo,  4 202 859 ,   4 026,4026.0,17.635370094386488
420287 BRUNOPOLIS,33.0,-,33.0,420287,Brunópolis,  4 202 875 ,   2 489,2489.0,13.258336681398152
420290 BRUSQUE,2042.0,451,2493.0,420290,Brusque,  4 202 909 ,   141 385,141385.0,17.632705025285567
420300 CACADOR,1214.0,166,1380.0,420300,Caçador,  4 203 006 ,   73 720,73720.0,18.7194791101465
420310 CAIBI,127.0,8,135.0,420310,Caibi,  4 203 105 ,   6 304,6304.0,21.41497461928934
420315 CALMON,56.0,1,57.0,420315,Calmon,  4 203 154 ,   3 443,3443.0,16.555329654371185
420320 CAMBORIU,544.0,280,824.0,420320,Camboriú,  4 203 204 ,   103 074,103074.0,7.994256553544056
420325 CAPAO ALTO,37.0,-,37.0,420325,Capão Alto,  4 203 253 ,   2 625,2625.0,14.095238095238095
420330 CAMPO ALEGRE,160.0,18,178.0,420330,Campo Alegre,  4 203 303 ,   12 501,12501.0,14.23886089112871
420340 CAMPO BELO DO SUL,116.0,30,146.0,420340,Campo Belo do Sul,  4 203 402 ,   7 257,7257.0,20.11850626980846
420350 CAMPO ERE,143.0,25,168.0,420350,Campo Erê,  4 203 501 ,   9 623,9623.0,17.45817312688351
420360 CAMPOS NOVOS,525.0,107,632.0,420360,Campos Novos,  4 203 600 ,   36 932,36932.0,17.112531138308242
420370 CANELINHA,140.0,5,145.0,420370,Canelinha,  4 203 709 ,   12 821,12821.0,11.30957023633102
420380 CANOINHAS,912.0,331,1243.0,420380,Canoinhas,  4 203 808 ,   55 016,55016.0,22.593427366584265
420390 CAPINZAL,219.0,158,377.0,420390,Capinzal,  4 203 907 ,   23 314,23314.0,16.170541305653256
420395 CAPIVARI DE BAIXO,247.0,12,259.0,420395,Capivari de Baixo,  4 203 956 ,   23 975,23975.0,10.802919708029197
420400 CATANDUVAS,100.0,23,123.0,420400,Catanduvas,  4 204 004 ,   10 566,10566.0,11.641113003975015
420410 CAXAMBU DO SUL,82.0,11,93.0,420410,Caxambu do Sul,  4 204 103 ,   4 614,4614.0,20.156046814044213
420415 CELSO RAMOS,33.0,1,34.0,420415,Celso Ramos,  4 204 152 ,   2 805,2805.0,12.121212121212121
420417 CERRO NEGRO,42.0,3,45.0,420417,Cerro Negro,  4 204 178 ,   3 317,3317.0,13.566475731082305
420419 CHAPADAO DO LAGEADO,31.0,1,32.0,420419,Chapadão do Lageado,  4 204 194 ,   2 950,2950.0,10.847457627118645
420420 CHAPECO,4010.0,1910,5920.0,420420,Chapecó,  4 204 202 ,   254 785,254785.0,23.235276802009537
420425 COCAL DO SUL,344.0,75,419.0,420425,Cocal do Sul,  4 204 251 ,   17 240,17240.0,24.303944315545245
420430 CONCORDIA,1464.0,366,1830.0,420430,Concórdia,  4 204 301 ,   81 646,81646.0,22.41383533792225
420435 CORDILHEIRA ALTA,45.0,-,45.0,420435,Cordilheira Alta,  4 204 350 ,   4 781,4781.0,9.412256850031374
420440 CORONEL FREITAS,120.0,4,124.0,420440,Coronel Freitas,  4 204 400 ,   10 388,10388.0,11.936850211782826
420445 CORONEL MARTINS,33.0,2,35.0,420445,Coronel Martins,  4 204 459 ,   2 065,2065.0,16.949152542372882
420450 CORUPA,174.0,56,230.0,420450,Corupá,  4 204 509 ,   15 267,15267.0,15.06517324949237
420455 CORREIA PINTO,165.0,23,188.0,420455,Correia Pinto,  4 204 558 ,   15 727,15727.0,11.953964519615946
420460 CRICIUMA,3903.0,1693,5596.0,420460,Criciúma,  4 204 608 ,   214 493,214493.0,26.08942949187153
420470 CUNHA PORA,165.0,48,213.0,420470,Cunha Porã,  4 204 707 ,   10 953,10953.0,19.446726924130374
420475 CUNHATAI,28.0,1,29.0,420475,Cunhataí,  4 204 756 ,   1 968,1968.0,14.735772357723578
420480 CURITIBANOS,901.0,182,1083.0,420480,Curitibanos,  4 204 806 ,   40 045,40045.0,27.044574853290047
420490 DESCANSO,123.0,23,146.0,420490,Descanso,  4 204 905 ,   8 530,8530.0,17.116060961313014
420500 DIONISIO CERQUEIRA,282.0,32,314.0,420500,Dionísio Cerqueira,  4 205 001 ,   15 008,15008.0,20.922174840085287
420510 DONA EMMA,44.0,-,44.0,420510,Dona Emma,  4 205 100 ,   4 221,4221.0,10.424070125562663
420515 DOUTOR PEDRINHO,38.0,-,38.0,420515,Doutor Pedrinho,  4 205 159 ,   3 637,3637.0,10.448171569975253
420517 ENTRE RIOS,46.0,-,46.0,420517,Entre Rios,  4 205 175 ,   3 402,3402.0,13.52145796590241
420519 ERMO,41.0,2,43.0,420519,Ermo,  4 205 191 ,   2 269,2269.0,18.95107977082415
420520 ERVAL VELHO,44.0,9,53.0,420520,Erval Velho,  4 205 209 ,   4 885,4885.0,10.849539406345958
420530 FAXINAL DOS GUEDES,118.0,34,152.0,420530,Faxinal dos Guedes,  4 205 308 ,   11 192,11192.0,13.581129378127233
420535 FLOR DO SERTAO,34.0,-,34.0,420535,Flor do Sertão,  4 205 357 ,   1 783,1783.0,19.068984856982613
420540 FLORIANOPOLIS,12549.0,6411,18960.0,420540,Florianópolis,  4 205 407 ,   537 211,537211.0,35.29339496026701
420543 FORMOSA DO SUL,32.0,3,35.0,420543,Formosa do Sul,  4 205 431 ,   2 682,2682.0,13.049962714392246
420545 FORQUILHINHA,304.0,24,328.0,420545,Forquilhinha,  4 205 456 ,   31 431,31431.0,10.435557252394133
420550 FRAIBURGO,471.0,99,570.0,420550,Fraiburgo,  4 205 506 ,   33 481,33481.0,17.024581105701742
420555 FREI ROGERIO,35.0,-,35.0,420555,Frei Rogério,  4 205 555 ,   2 411,2411.0,14.516798009124845
420560 GALVAO,51.0,1,52.0,420560,Galvão,  4 205 605 ,   3 210,3210.0,16.1993769470405
420570 GAROPABA,421.0,56,477.0,420570,Garopaba,  4 205 704 ,   29 959,29959.0,15.921759738309023
420580 GARUVA,229.0,54,283.0,420580,Garuva,  4 205 803 ,   18 545,18545.0,15.26017794553788
420590 GASPAR,698.0,56,754.0,420590,Gaspar,  4 205 902 ,   72 570,72570.0,10.389968306462727
420600 GOVERNADOR CELSO RAMOS,293.0,7,300.0,420600,Governador Celso Ramos,  4 206 009 ,   16 915,16915.0,17.735737511084835
420610 GRAO PARA,77.0,1,78.0,420610,Grão-Pará,  4 206 108 ,   6 277,6277.0,12.426318304922733
420620 GRAVATAL,106.0,10,116.0,420620,Gravatal,  4 206 207 ,   12 435,12435.0,9.328508242862886
420630 GUABIRUBA,156.0,19,175.0,420630,Guabiruba,  4 206 306 ,   24 543,24543.0,7.13034266389602
420640 GUARACIABA,163.0,12,175.0,420640,Guaraciaba,  4 206 405 ,   10 796,10796.0,16.209707298999632
420650 GUARAMIRIM,477.0,66,543.0,420650,Guaramirim,  4 206 504 ,   46 711,46711.0,11.624670848408298
420660 GUARUJA DO SUL,92.0,9,101.0,420660,Guarujá do Sul,  4 206 603 ,   4 829,4829.0,20.91530337544005
420665 GUATAMBU,68.0,4,72.0,420665,Guatambú,  4 206 652 ,   8 425,8425.0,8.5459940652819
420670 HERVAL D'OESTE,219.0,51,270.0,420670,Herval d'Oeste,  4 206 702 ,   21 724,21724.0,12.428650340637084
420675 IBIAM,37.0,1,38.0,420675,Ibiam,  4 206 751 ,   2 008,2008.0,18.92430278884462
420680 IBICARE,32.0,28,60.0,420680,Ibicaré,  4 206 801 ,   3 269,3269.0,18.354236769654328
420690 IBIRAMA,603.0,23,626.0,420690,Ibirama,  4 206 900 ,   19 862,19862.0,31.51747054677273
420700 ICARA,666.0,159,825.0,420700,Içara,  4 207 007 ,   59 035,59035.0,13.97476073515711
420710 ILHOTA,121.0,12,133.0,420710,Ilhota,  4 207 106 ,   17 046,17046.0,7.802416989323008
420720 IMARUI,158.0,13,171.0,420720,Imaruí,  4 207 205 ,   11 881,11881.0,14.392727884858177
420730 IMBITUBA,615.0,165,780.0,420730,Imbituba,  4 207 304 ,   52 579,52579.0,14.83481998516518
420740 IMBUIA,81.0,-,81.0,420740,Imbuia,  4 207 403 ,   5 982,5982.0,13.54062186559679
420750 INDAIAL,735.0,193,928.0,420750,Indaial,  4 207 502 ,   71 549,71549.0,12.970132356846356
420757 IOMERE,54.0,-,54.0,420757,Iomerê,  4 207 577 ,   2 877,2877.0,18.769551616266945
420760 IPIRA,66.0,1,67.0,420760,Ipira,  4 207 601 ,   4 578,4578.0,14.635211882918306
420765 IPORA DO OESTE,163.0,21,184.0,420765,Iporã do Oeste,  4 207 650 ,   9 335,9335.0,19.710765934654525
420768 IPUACU,79.0,2,81.0,420768,Ipuaçu,  4 207 684 ,   7 730,7730.0,10.478654592496765
420770 IPUMIRIM,74.0,8,82.0,420770,Ipumirim,  4 207 700 ,   7 816,7816.0,10.491299897645854
420775 IRACEMINHA,62.0,5,67.0,420775,Iraceminha,  4 207 759 ,   3 986,3986.0,16.808830908178628
420780 IRANI,164.0,12,176.0,420780,Irani,  4 207 809 ,   10 195,10195.0,17.263364394310937
420785 IRATI,42.0,-,42.0,420785,Irati,  4 207 858 ,   2 069,2069.0,20.29966167230546
420790 IRINEOPOLIS,114.0,8,122.0,420790,Irineópolis,  4 207 908 ,   10 285,10285.0,11.861934856587263
420800 ITA,116.0,15,131.0,420800,Itá,  4 208 005 ,   7 067,7067.0,18.53686146879864
420810 ITAIOPOLIS,230.0,152,382.0,420810,Itaiópolis,  4 208 104 ,   22 051,22051.0,17.323477393315496
420820 ITAJAI,4829.0,2117,6946.0,420820,Itajaí,  4 208 203 ,   264 054,264054.0,26.305225446310224
420830 ITAPEMA,718.0,442,1160.0,420830,Itapema,  4 208 302 ,   75 940,75940.0,15.275217276797472
420840 ITAPIRANGA,200.0,16,216.0,420840,Itapiranga,  4 208 401 ,   16 638,16638.0,12.98232960692391
420845 ITAPOA,326.0,33,359.0,420845,Itapoá,  4 208 450 ,   30 750,30750.0,11.674796747967479
420850 ITUPORANGA,479.0,73,552.0,420850,Ituporanga,  4 208 500 ,   26 525,26525.0,20.810556079170595
420860 JABORA,75.0,7,82.0,420860,Jaborá,  4 208 609 ,   4 310,4310.0,19.02552204176334
420870 JACINTO MACHADO,161.0,6,167.0,420870,Jacinto Machado,  4 208 708 ,   10 624,10624.0,15.719126506024098
420880 JAGUARUNA,285.0,141,426.0,420880,Jaguaruna,  4 208 807 ,   20 375,20375.0,20.9079754601227
420890 JARAGUA DO SUL,3222.0,852,4074.0,420890,Jaraguá do Sul,  4 208 906 ,   182 660,182660.0,22.30373371290923
420895 JARDINOPOLIS,35.0,1,36.0,420895,Jardinópolis,  4 208 955 ,   1 776,1776.0,20.27027027027027
420900 JOACABA,1330.0,338,1668.0,420900,Joaçaba,  4 209 003 ,   30 146,30146.0,55.3307238107875
420910 JOINVILLE,8149.0,6132,14281.0,420910,Joinville,  4 209 102 ,   616 317,616317.0,23.17151725491914
420915 JOSE BOITEUX,104.0,-,104.0,420915,José Boiteux,  4 209 151 ,   5 985,5985.0,17.376775271512113
420917 JUPIA,40.0,-,40.0,420917,Jupiá,  4 209 177 ,   2 555,2555.0,15.655577299412915
420920 LACERDOPOLIS,26.0,-,26.0,420920,Lacerdópolis,  4 209 201 ,   2 248,2248.0,11.565836298932384
420930 LAGES,3473.0,571,4044.0,420930,Lages,  4 209 300 ,   164 981,164981.0,24.5119134930689
420940 LAGUNA,608.0,60,668.0,420940,Laguna,  4 209 409 ,   42 785,42785.0,15.612948463246465
420945 LAJEADO GRANDE,32.0,-,32.0,420945,Lajeado Grande,  4 209 458 ,   1 702,1702.0,18.80141010575793
420950 LAURENTINO,56.0,6,62.0,420950,Laurentino,  4 209 508 ,   7 932,7932.0,7.816439737771054
420960 LAURO MULLER,237.0,15,252.0,420960,Lauro Müller,  4 209 607 ,   14 381,14381.0,17.523120784368263
420970 LEBON REGIS,109.0,6,115.0,420970,Lebon Régis,  4 209 706 ,   11 472,11472.0,10.024407252440726
420980 LEOBERTO LEAL,41.0,2,43.0,420980,Leoberto Leal,  4 209 805 ,   3 330,3330.0,12.912912912912912
420985 LINDOIA DO SUL,75.0,5,80.0,420985,Lindóia do Sul,  4 209 854 ,   4 549,4549.0,17.586282699494394
420990 LONTRAS,155.0,5,160.0,420990,Lontras,  4 209 904 ,   12 873,12873.0,12.429115202361531
421000 LUIZ ALVES,144.0,28,172.0,421000,Luiz Alves,  4 210 001 ,   11 684,11684.0,14.720985963711058
421003 LUZERNA,112.0,9,121.0,421003,Luzerna,  4 210 035 ,   5 794,5794.0,20.883672764929237
421005 MACIEIRA,34.0,-,34.0,421005,Macieira,  4 210 050 ,   1 778,1778.0,19.122609673790777
421010 MAFRA,1320.0,128,1448.0,421010,Mafra,  4 210 100 ,   55 286,55286.0,26.191079115870203
421020 MAJOR GERCINO,43.0,-,43.0,421020,Major Gercino,  4 210 209 ,   3 214,3214.0,13.378967019290604
421030 MAJOR VIEIRA,92.0,3,95.0,421030,Major Vieira,  4 210 308 ,   7 425,7425.0,12.794612794612794
421040 MARACAJA,66.0,3,69.0,421040,Maracajá,  4 210 407 ,   7 815,7815.0,8.829174664107487
421050 MARAVILHA,489.0,96,585.0,421050,Maravilha,  4 210 506 ,   28 251,28251.0,20.707231602421153
421055 MAREMA,35.0,-,35.0,421055,Marema,  4 210 555 ,   2 184,2184.0,16.025641025641026
421060 MASSARANDUBA,213.0,51,264.0,421060,Massaranduba,  4 210 605 ,   17 162,17162.0,15.38282251485841
421070 MATOS COSTA,62.0,-,62.0,421070,Matos Costa,  4 210 704 ,   2 761,2761.0,22.455632017385007
421080 MELEIRO,148.0,54,202.0,421080,Meleiro,  4 210 803 ,   7 006,7006.0,28.832429346274623
421085 MIRIM DOCE,23.0,1,24.0,421085,Mirim Doce,  4 210 852 ,   2 511,2511.0,9.557945041816009
421090 MODELO,66.0,10,76.0,421090,Modelo,  4 210 902 ,   4 080,4080.0,18.627450980392158
421100 MONDAI,171.0,15,186.0,421100,Mondaí,  4 211 009 ,   10 066,10066.0,18.478044903636
421105 MONTE CARLO,78.0,8,86.0,421105,Monte Carlo,  4 211 058 ,   9 117,9117.0,9.43292749808051
421110 MONTE CASTELO,93.0,2,95.0,421110,Monte Castelo,  4 211 108 ,   7 736,7736.0,12.280248190279215
421120 MORRO DA FUMACA,234.0,31,265.0,421120,Morro da Fumaça,  4 211 207 ,   18 537,18537.0,14.29573285860711
421125 MORRO GRANDE,28.0,1,29.0,421125,Morro Grande,  4 211 256 ,   3 010,3010.0,9.634551495016611
421130 NAVEGANTES,625.0,162,787.0,421130,Navegantes,  4 211 306 ,   86 401,86401.0,9.10869087163343
421140 NOVA ERECHIM,82.0,8,90.0,421140,Nova Erechim,  4 211 405 ,   5 155,5155.0,17.458777885548013
421145 NOVA ITABERABA,47.0,2,49.0,421145,Nova Itaberaba,  4 211 454 ,   4 536,4536.0,10.802469135802468
421150 NOVA TRENTO,242.0,14,256.0,421150,Nova Trento,  4 211 504 ,   13 727,13727.0,18.649377139943176
421160 NOVA VENEZA,251.0,26,277.0,421160,Nova Veneza,  4 211 603 ,   13 664,13664.0,20.27224824355972
421165 NOVO HORIZONTE,35.0,-,35.0,421165,Novo Horizonte,  4 211 652 ,   2 643,2643.0,13.242527430949679
421170 ORLEANS,325.0,66,391.0,421170,Orleans,  4 211 702 ,   23 661,23661.0,16.525083470690166
421175 OTACILIO COSTA,215.0,68,283.0,421175,Otacílio Costa,  4 211 751 ,   17 312,17312.0,16.347042513863215
421180 OURO,41.0,13,54.0,421180,Ouro,  4 211 801 ,   7 032,7032.0,7.679180887372014
421185 OURO VERDE,46.0,-,46.0,421185,Ouro Verde,  4 211 850 ,   2 181,2181.0,21.09124254928932
421187 PAIAL,37.0,-,37.0,421187,Paial,  4 211 876 ,   1 927,1927.0,19.2008303061754
421189 PAINEL,37.0,4,41.0,421189,Painel,  4 211 892 ,   2 215,2215.0,18.510158013544018
421190 PALHOCA,1591.0,1274,2865.0,421190,Palhoça,  4 211 900 ,   222 598,222598.0,12.870735586123864
421200 PALMA SOLA,152.0,8,160.0,421200,Palma Sola,  4 212 007 ,   7 605,7605.0,21.038790269559502
421205 PALMEIRA,30.0,-,30.0,421205,Palmeira,  4 212 056 ,   2 561,2561.0,11.714174150722375
421210 PALMITOS,206.0,26,232.0,421210,Palmitos,  4 212 106 ,   15 626,15626.0,14.847049788813516
421220 PAPANDUVA,208.0,6,214.0,421220,Papanduva,  4 212 205 ,   19 150,19150.0,11.174934725848564
421223 PARAISO,54.0,5,59.0,421223,Paraíso,  4 212 239 ,   4 267,4267.0,13.827044762127958
421225 PASSO DE TORRES,106.0,2,108.0,421225,Passo de Torres,  4 212 254 ,   12 897,12897.0,8.374040474528961
421227 PASSOS MAIA,52.0,3,55.0,421227,Passos Maia,  4 212 270 ,   4 034,4034.0,13.634110064452157
421230 PAULO LOPES,83.0,-,83.0,421230,Paulo Lopes,  4 212 304 ,   9 063,9063.0,9.15811541432197
421240 PEDRAS GRANDES,45.0,5,50.0,421240,Pedras Grandes,  4 212 403 ,   4 245,4245.0,11.778563015312132
421250 PENHA,339.0,47,386.0,421250,Penha,  4 212 502 ,   33 663,33663.0,11.466595371773163
421260 PERITIBA,58.0,1,59.0,421260,Peritiba,  4 212 601 ,   2 992,2992.0,19.719251336898395
421265 PESCARIA BRAVA,108.0,1,109.0,421265,Pescaria Brava,  4 212 650 ,   10 190,10190.0,10.69676153091266
421270 PETROLANDIA,66.0,3,69.0,421270,Petrolândia,  4 212 700 ,   6 716,6716.0,10.273972602739725
421280 BALNEARIO PICARRAS,307.0,59,366.0,421280,Balneário Piçarras,  4 212 809 ,   27 127,27127.0,13.492092748921738
421290 PINHALZINHO,300.0,68,368.0,421290,Pinhalzinho,  4 212 908 ,   21 972,21972.0,16.748589113417076
421300 PINHEIRO PRETO,38.0,2,40.0,421300,Pinheiro Preto,  4 213 005 ,   3 473,3473.0,11.51742009789807
421310 PIRATUBA,57.0,7,64.0,421310,Piratuba,  4 213 104 ,   5 769,5769.0,11.093777084416711
421315 PLANALTO ALEGRE,46.0,6,52.0,421315,Planalto Alegre,  4 213 153 ,   2 946,2946.0,17.651052274270196
421320 POMERODE,432.0,94,526.0,421320,Pomerode,  4 213 203 ,   34 289,34289.0,15.340196564495901
421330 PONTE ALTA,45.0,1,46.0,421330,Ponte Alta,  4 213 302 ,   4 437,4437.0,10.367365336939374
421335 PONTE ALTA DO NORTE,34.0,-,34.0,421335,Ponte Alta do Norte,  4 213 351 ,   3 210,3210.0,10.59190031152648
421340 PONTE SERRADA,150.0,21,171.0,421340,Ponte Serrada,  4 213 401 ,   10 649,10649.0,16.05784580711804
421350 PORTO BELO,349.0,28,377.0,421350,Porto Belo,  4 213 500 ,   27 688,27688.0,13.61600693441202
421360 PORTO UNIAO,546.0,119,665.0,421360,Porto União,  4 213 609 ,   32 970,32970.0,20.169851380042463
421370 POUSO REDONDO,161.0,23,184.0,421370,Pouso Redondo,  4 213 708 ,   17 123,17123.0,10.745780529112889
421380 PRAIA GRANDE,178.0,16,194.0,421380,Praia Grande,  4 213 807 ,   8 270,8270.0,23.458282950423218
421390 PRESIDENTE CASTELLO BRANCO,21.0,3,24.0,421390,Presidente Castello Branco,  4 213 906 ,   1 689,1689.0,14.209591474245116
421400 PRESIDENTE GETULIO,201.0,45,246.0,421400,Presidente Getúlio,  4 214 003 ,   20 010,20010.0,12.29385307346327
421410 PRESIDENTE NEREU,29.0,-,29.0,421410,Presidente Nereu,  4 214 102 ,   2 301,2301.0,12.603215993046502
421415 PRINCESA,42.0,-,42.0,421415,Princesa,  4 214 151 ,   2 964,2964.0,14.17004048582996
421420 QUILOMBO,158.0,26,184.0,421420,Quilombo,  4 214 201 ,   11 022,11022.0,16.693884957358012
421430 RANCHO QUEIMADO,58.0,4,62.0,421430,Rancho Queimado,  4 214 300 ,   3 279,3279.0,18.908203720646537
421440 RIO DAS ANTAS,61.0,4,65.0,421440,Rio das Antas,  4 214 409 ,   6 253,6253.0,10.395010395010395
421450 RIO DO CAMPO,79.0,4,83.0,421450,Rio do Campo,  4 214 508 ,   6 452,6452.0,12.864228146311222
421460 RIO DO OESTE,40.0,5,45.0,421460,Rio do Oeste,  4 214 607 ,   7 747,7747.0,5.808700141990448
421470 RIO DOS CEDROS,142.0,13,155.0,421470,Rio dos Cedros,  4 214 706 ,   10 865,10865.0,14.265991716520938
421480 RIO DO SUL,1302.0,328,1630.0,421480,Rio do Sul,  4 214 805 ,   72 587,72587.0,22.4558116467136
421490 RIO FORTUNA,76.0,2,78.0,421490,Rio Fortuna,  4 214 904 ,   4 847,4847.0,16.092428306168763
421500 RIO NEGRINHO,459.0,108,567.0,421500,Rio Negrinho,  4 215 000 ,   39 261,39261.0,14.441812485672806
421505 RIO RUFINO,56.0,7,63.0,421505,Rio Rufino,  4 215 059 ,   2 397,2397.0,26.282853566958696
421507 RIQUEZA,47.0,4,51.0,421507,Riqueza,  4 215 075 ,   4 768,4768.0,10.696308724832216
421510 RODEIO,99.0,19,118.0,421510,Rodeio,  4 215 109 ,   12 757,12757.0,9.249823626244416
421520 ROMELANDIA,57.0,1,58.0,421520,Romelândia,  4 215 208 ,   4 823,4823.0,12.025710138917686
421530 SALETE,90.0,5,95.0,421530,Salete,  4 215 307 ,   7 489,7489.0,12.685271731873414
421535 SALTINHO,35.0,-,35.0,421535,Saltinho,  4 215 356 ,   3 632,3632.0,9.636563876651982
421540 SALTO VELOSO,51.0,8,59.0,421540,Salto Veloso,  4 215 406 ,   4 390,4390.0,13.439635535307517
421545 SANGAO,117.0,-,117.0,421545,Sangão,  4 215 455 ,   12 882,12882.0,9.082440614811365
421550 SANTA CECILIA,167.0,26,193.0,421550,Santa Cecília,  4 215 505 ,   15 546,15546.0,12.414769072430207
421555 SANTA HELENA,33.0,-,33.0,421555,Santa Helena,  4 215 554 ,   2 425,2425.0,13.608247422680412
421560 SANTA ROSA DE LIMA,39.0,-,39.0,421560,Santa Rosa de Lima,  4 215 604 ,   2 088,2088.0,18.678160919540232
421565 SANTA ROSA DO SUL,105.0,3,108.0,421565,Santa Rosa do Sul,  4 215 653 ,   9 792,9792.0,11.029411764705882
421567 SANTA TEREZINHA,60.0,1,61.0,421567,Santa Terezinha,  4 215 679 ,   8 066,8066.0,7.562608480039673
421568 SANTA TEREZINHA DO PROGRESSO,39.0,-,39.0,421568,Santa Terezinha do Progresso,  4 215 687 ,   2 576,2576.0,15.139751552795031
421569 SANTIAGO DO SUL,30.0,-,30.0,421569,Santiago do Sul,  4 215 695 ,   1 651,1651.0,18.170805572380374
421570 SANTO AMARO DA IMPERATRIZ,510.0,87,597.0,421570,Santo Amaro da Imperatriz,  4 215 703 ,   27 272,27272.0,21.89058374889997
421575 SAO BERNARDINO,35.0,-,35.0,421575,São Bernardino,  4 215 752 ,   2 684,2684.0,13.040238450074515
421580 SAO BENTO DO SUL,1014.0,314,1328.0,421580,São Bento do Sul,  4 215 802 ,   83 277,83277.0,15.946780023295748
421590 SAO BONIFACIO,60.0,10,70.0,421590,São Bonifácio,  4 215 901 ,   2 946,2946.0,23.76103190767142
421600 SAO CARLOS,166.0,17,183.0,421600,São Carlos,  4 216 008 ,   10 282,10282.0,17.798093756078583
421605 SAO CRISTOVAO DO SUL,48.0,-,48.0,421605,São Cristóvão do Sul,  4 216 057 ,   6 084,6084.0,7.889546351084813
421610 SAO DOMINGOS,84.0,27,111.0,421610,São Domingos,  4 216 107 ,   9 226,9226.0,12.031216128332971
421620 SAO FRANCISCO DO SUL,574.0,97,671.0,421620,São Francisco do Sul,  4 216 206 ,   52 674,52674.0,12.73873258153928
421625 SAO JOAO DO OESTE,94.0,4,98.0,421625,São João do Oeste,  4 216 255 ,   6 295,6295.0,15.56791104050834
421630 SAO JOAO BATISTA,284.0,36,320.0,421630,São João Batista,  4 216 305 ,   32 687,32687.0,9.78982470095145
421635 SAO JOAO DO ITAPERIU,63.0,29,92.0,421635,São João do Itaperiú,  4 216 354 ,   4 463,4463.0,20.613936813802376
421640 SAO JOAO DO SUL,74.0,3,77.0,421640,São João do Sul,  4 216 404 ,   8 668,8668.0,8.883248730964468
421650 SAO JOAQUIM,335.0,74,409.0,421650,São Joaquim,  4 216 503 ,   25 939,25939.0,15.76776282817379
421660 SAO JOSE,4000.0,1022,5022.0,421660,São José,  4 216 602 ,   270 299,270299.0,18.579425007121745
421670 SAO JOSE DO CEDRO,197.0,20,217.0,421670,São José do Cedro,  4 216 701 ,   14 167,14167.0,15.317286652078774
421680 SAO JOSE DO CERRITO,83.0,1,84.0,421680,São José do Cerrito,  4 216 800 ,   8 708,8708.0,9.64630225080386
421690 SAO LOURENCO DO OESTE,302.0,84,386.0,421690,São Lourenço do Oeste,  4 216 909 ,   24 791,24791.0,15.570166592715097
421700 SAO LUDGERO,126.0,1,127.0,421700,São Ludgero,  4 217 006 ,   13 509,13509.0,9.401139980753571
421710 SAO MARTINHO,57.0,-,57.0,421710,São Martinho,  4 217 105 ,   3 405,3405.0,16.740088105726873
421715 SAO MIGUEL DA BOA VISTA,32.0,-,32.0,421715,São Miguel da Boa Vista,  4 217 154 ,   1 781,1781.0,17.967434025828187
421720 SAO MIGUEL DO OESTE,845.0,266,1111.0,421720,São Miguel do Oeste,  4 217 204 ,   44 330,44330.0,25.062034739454095
421725 SAO PEDRO DE ALCANTARA,211.0,1,212.0,421725,São Pedro de Alcântara,  4 217 253 ,   5 776,5776.0,36.70360110803325
421730 SAUDADES,90.0,20,110.0,421730,Saudades,  4 217 303 ,   10 265,10265.0,10.71602532878714
421740 SCHROEDER,128.0,14,142.0,421740,Schroeder,  4 217 402 ,   20 061,20061.0,7.078410846916904
421750 SEARA,254.0,51,305.0,421750,Seara,  4 217 501 ,   18 620,18620.0,16.380236305048335
421755 SERRA ALTA,30.0,3,33.0,421755,Serra Alta,  4 217 550 ,   3 303,3303.0,9.990917347865576
421760 SIDEROPOLIS,142.0,15,157.0,421760,Siderópolis,  4 217 600 ,   13 714,13714.0,11.448155169899373
421770 SOMBRIO,473.0,73,546.0,421770,Sombrio,  4 217 709 ,   29 991,29991.0,18.205461638491546
421775 SUL BRASIL,32.0,3,35.0,421775,Sul Brasil,  4 217 758 ,   2 832,2832.0,12.358757062146893
421780 TAIO,196.0,36,232.0,421780,Taió,  4 217 808 ,   18 310,18310.0,12.670671764063353
421790 TANGARA,148.0,3,151.0,421790,Tangará,  4 217 907 ,   8 143,8143.0,18.54353432395923
421795 TIGRINHOS,34.0,-,34.0,421795,Tigrinhos,  4 217 956 ,   2 329,2329.0,14.598540145985401
421800 TIJUCAS,626.0,97,723.0,421800,Tijucas,  4 218 004 ,   51 592,51592.0,14.013800589238642
421810 TIMBE DO SUL,117.0,4,121.0,421810,Timbé do Sul,  4 218 103 ,   5 386,5386.0,22.46565168956554
421820 TIMBO,585.0,217,802.0,421820,Timbó,  4 218 202 ,   46 099,46099.0,17.397340506301653
421825 TIMBO GRANDE,70.0,-,70.0,421825,Timbó Grande,  4 218 251 ,   7 342,7342.0,9.534186870062653
421830 TRES BARRAS,339.0,5,344.0,421830,Três Barras,  4 218 301 ,   19 746,19746.0,17.42124987339208
421835 TREVISO,71.0,2,73.0,421835,Treviso,  4 218 350 ,   3 782,3782.0,19.30195663670016
421840 TREZE DE MAIO,101.0,4,105.0,421840,Treze de Maio,  4 218 400 ,   7 362,7362.0,14.262428687856561
421850 TREZE TILIAS,76.0,31,107.0,421850,Treze Tílias,  4 218 509 ,   8 787,8787.0,12.177079776943211
421860 TROMBUDO CENTRAL,117.0,7,124.0,421860,Trombudo Central,  4 218 608 ,   7 274,7274.0,17.04701677206489
421870 TUBARAO,1996.0,763,2759.0,421870,Tubarão,  4 218 707 ,   110 088,110088.0,25.06176876680474
421875 TUNAPOLIS,101.0,11,112.0,421875,Tunápolis,  4 218 756 ,   4 916,4916.0,22.78275020341741
421880 TURVO,162.0,21,183.0,421880,Turvo,  4 218 806 ,   13 043,13043.0,14.03051445219658
421885 UNIAO DO OESTE,25.0,-,25.0,421885,União do Oeste,  4 218 855 ,   2 774,2774.0,9.012256669069934
421890 URUBICI,136.0,8,144.0,421890,Urubici,  4 218 905 ,   10 834,10834.0,13.291489754476649
421895 URUPEMA,39.0,1,40.0,421895,Urupema,  4 218 954 ,   2 656,2656.0,15.060240963855422
421900 URUSSANGA,269.0,40,309.0,421900,Urussanga,  4 219 002 ,   20 919,20919.0,14.771260576509393
421910 VARGEAO,59.0,3,62.0,421910,Vargeão,  4 219 101 ,   3 634,3634.0,17.0610897083104
421915 VARGEM,37.0,1,38.0,421915,Vargem,  4 219 150 ,   2 627,2627.0,14.46516939474686
421917 VARGEM BONITA,52.0,1,53.0,421917,Vargem Bonita,  4 219 176 ,   4 576,4576.0,11.582167832167832
421920 VIDAL RAMOS,101.0,6,107.0,421920,Vidal Ramos,  4 219 200 ,   6 189,6189.0,17.28873808369688
421930 VIDEIRA,800.0,271,1071.0,421930,Videira,  4 219 309 ,   55 466,55466.0,19.309126311614325
421935 VITOR MEIRELES,57.0,5,62.0,421935,Vitor Meireles,  4 219 358 ,   5 370,5370.0,11.54562383612663
421940 WITMARSUM,79.0,1,80.0,421940,Witmarsum,  4 219 408 ,   4 255,4255.0,18.80141010575793
421950 XANXERE,967.0,233,1200.0,421950,Xanxerê,  4 219 507 ,   51 607,51607.0,23.252659522932934
421960 XAVANTINA,54.0,2,56.0,421960,Xavantina,  4 219 606 ,   3 653,3653.0,15.329865863673692
421970 XAXIM,366.0,77,443.0,421970,Xaxim,  4 219 705 ,   31 918,31918.0,13.879315746600664
421985 ZORTEA,27.0,2,29.0,421985,Zortéa,  4 219 853 ,   3 930,3930.0,7.379134860050891
422000 BALNEARIO RINCAO,115.0,8,123.0,422000,Balneário Rincão,  4 220 000 ,   15 981,15981.0,7.696639759714661
430003 ACEGUA,90.0,-,90.0,430003,Aceguá,  4 300 034 ,   4 170,4170.0,21.58273381294964
430005 AGUA SANTA,51.0,17,68.0,430005,Água Santa,  4 300 059 ,   3 912,3912.0,17.382413087934562
430010 AGUDO,163.0,35,198.0,430010,Agudo,  4 300 109 ,   16 041,16041.0,12.343370114082663
430020 AJURICABA,153.0,4,157.0,430020,Ajuricaba,  4 300 208 ,   6 720,6720.0,23.363095238095237
430030 ALECRIM,100.0,3,103.0,430030,Alecrim,  4 300 307 ,   6 123,6123.0,16.82181936959007
430040 ALEGRETE,1281.0,142,1423.0,430040,Alegrete,  4 300 406 ,   72 409,72409.0,19.652253172948114
430045 ALEGRIA,70.0,2,72.0,430045,Alegria,  4 300 455 ,   3 651,3651.0,19.72062448644207
430047 ALMIRANTE TAMANDARE DO SUL,45.0,1,46.0,430047,Almirante Tamandaré do Sul,  4 300 471 ,   1 969,1969.0,23.362112747587606
430050 ALPESTRE,91.0,11,102.0,430050,Alpestre,  4 300 505 ,   7 117,7117.0,14.331881410706758
430055 ALTO ALEGRE,30.0,4,34.0,430055,Alto Alegre,  4 300 554 ,   1 800,1800.0,18.88888888888889
430057 ALTO FELIZ,66.0,-,66.0,430057,Alto Feliz,  4 300 570 ,   3 072,3072.0,21.484375
430060 ALVORADA,1293.0,213,1506.0,430060,Alvorada,  4 300 604 ,   187 315,187315.0,8.039932733630515
430063 AMARAL FERRADOR,73.0,1,74.0,430063,Amaral Ferrador,  4 300 638 ,   5 310,5310.0,13.935969868173258
430064 AMETISTA DO SUL,116.0,3,119.0,430064,Ametista do Sul,  4 300 646 ,   7 650,7650.0,15.555555555555555
430066 ANDRE DA ROCHA,35.0,-,35.0,430066,André da Rocha,  4 300 661 ,   1 135,1135.0,30.837004405286343
430070 ANTA GORDA,86.0,15,101.0,430070,Anta Gorda,  4 300 703 ,   5 957,5957.0,16.954843041799563
430080 ANTONIO PRADO,208.0,62,270.0,430080,Antônio Prado,  4 300 802 ,   13 045,13045.0,20.69758528171713
430085 ARAMBARE,60.0,8,68.0,430085,Arambaré,  4 300 851 ,   4 112,4112.0,16.53696498054475
430087 ARARICA,115.0,2,117.0,430087,Araricá,  4 300 877 ,   8 525,8525.0,13.72434017595308
430090 ARATIBA,119.0,22,141.0,430090,Aratiba,  4 300 901 ,   6 483,6483.0,21.749190189726978
430100 ARROIO DO MEIO,420.0,23,443.0,430100,Arroio do Meio,  4 301 008 ,   21 958,21958.0,20.174879315056018
430105 ARROIO DO SAL,182.0,10,192.0,430105,Arroio do Sal,  4 301 057 ,   11 057,11057.0,17.364565433661934
430107 ARROIO DO PADRE,71.0,-,71.0,430107,Arroio do Padre,  4 301 073 ,   2 599,2599.0,27.31819930742593
430110 ARROIO DOS RATOS,135.0,37,172.0,430110,Arroio dos Ratos,  4 301 107 ,   14 601,14601.0,11.780015067461134
430120 ARROIO DO TIGRE,192.0,27,219.0,430120,Arroio do Tigre,  4 301 206 ,   12 058,12058.0,18.162215956211643
430130 ARROIO GRANDE,226.0,14,240.0,430130,Arroio Grande,  4 301 305 ,   17 558,17558.0,13.668982799863311
430140 ARVOREZINHA,139.0,8,147.0,430140,Arvorezinha,  4 301 404 ,   10 322,10322.0,14.241426080217012
430150 AUGUSTO PESTANA,126.0,12,138.0,430150,Augusto Pestana,  4 301 503 ,   7 149,7149.0,19.303399076793955
430155 AUREA,42.0,4,46.0,430155,Áurea,  4 301 552 ,   3 396,3396.0,13.545347467608952
430160 BAGE,1579.0,224,1803.0,430160,Bagé,  4 301 602 ,   117 938,117938.0,15.287693533890689
430163 BALNEARIO PINHAL,179.0,24,203.0,430163,Balneário Pinhal,  4 301 636 ,   14 955,14955.0,13.57405549983283
430165 BARAO,88.0,1,89.0,430165,Barão,  4 301 651 ,   6 461,6461.0,13.774957436929268
430170 BARAO DE COTEGIPE,62.0,6,68.0,430170,Barão de Cotegipe,  4 301 701 ,   7 144,7144.0,9.518477043673013
430175 BARAO DO TRIUNFO,48.0,1,49.0,430175,Barão do Triunfo,  4 301 750 ,   5 889,5889.0,8.320597724571236
430180 BARRACAO,66.0,9,75.0,430180,Barracão,  4 301 800 ,   4 831,4831.0,15.52473607948665
430185 BARRA DO GUARITA,48.0,-,48.0,430185,Barra do Guarita,  4 301 859 ,   3 161,3161.0,15.18506801645049
430187 BARRA DO QUARAI,49.0,4,53.0,430187,Barra do Quaraí,  4 301 875 ,   4 241,4241.0,12.497052581938222
430190 BARRA DO RIBEIRO,147.0,14,161.0,430190,Barra do Ribeiro,  4 301 909 ,   12 225,12225.0,13.169734151329243
430192 BARRA DO RIO AZUL,32.0,-,32.0,430192,Barra do Rio Azul,  4 301 925 ,   1 696,1696.0,18.867924528301884
430195 BARRA FUNDA,41.0,1,42.0,430195,Barra Funda,  4 301 958 ,   2 498,2498.0,16.813450760608486
430200 BARROS CASSAL,115.0,22,137.0,430200,Barros Cassal,  4 302 006 ,   9 296,9296.0,14.737521514629949
430205 BENJAMIN CONSTANT DO SUL,57.0,-,57.0,430205,Benjamin Constant do Sul,  4 302 055 ,   2 082,2082.0,27.377521613832855
430210 BENTO GONCALVES,2370.0,413,2783.0,430210,Bento Gonçalves,  4 302 105 ,   123 151,123151.0,22.59827366403846
430215 BOA VISTA DAS MISSOES,42.0,-,42.0,430215,Boa Vista das Missões,  4 302 154 ,   1 933,1933.0,21.72788411795137
430220 BOA VISTA DO BURICA,121.0,26,147.0,430220,Boa Vista do Buricá,  4 302 204 ,   6 966,6966.0,21.102497846683896
430222 BOA VISTA DO CADEADO,59.0,1,60.0,430222,Boa Vista do Cadeado,  4 302 220 ,   2 229,2229.0,26.917900403768506
430223 BOA VISTA DO INCRA,37.0,-,37.0,430223,Boa Vista do Incra,  4 302 238 ,   2 271,2271.0,16.292382210479964
430225 BOA VISTA DO SUL,20.0,1,21.0,430225,Boa Vista do Sul,  4 302 253 ,   2 779,2779.0,7.556675062972292
430230 BOM JESUS,125.0,22,147.0,430230,Bom Jesus,  4 302 303 ,   11 202,11202.0,13.122656668452063
430235 BOM PRINCIPIO,147.0,23,170.0,430235,Bom Princípio,  4 302 352 ,   13 142,13142.0,12.935626236493684
430237 BOM PROGRESSO,40.0,-,40.0,430237,Bom Progresso,  4 302 378 ,   2 096,2096.0,19.083969465648856
430240 BOM RETIRO DO SUL,202.0,21,223.0,430240,Bom Retiro do Sul,  4 302 402 ,   12 294,12294.0,18.13892955913454
430245 BOQUEIRAO DO LEAO,93.0,8,101.0,430245,Boqueirão do Leão,  4 302 451 ,   6 247,6247.0,16.167760525052024
430250 BOSSOROCA,74.0,7,81.0,430250,Bossoroca,  4 302 501 ,   5 890,5890.0,13.752122241086587
430258 BOZANO,33.0,7,40.0,430258,Bozano,  4 302 584 ,   2 151,2151.0,18.596001859600186
430260 BRAGA,45.0,-,45.0,430260,Braga,  4 302 600 ,   3 268,3268.0,13.769889840881273
430265 BROCHIER,58.0,2,60.0,430265,Brochier,  4 302 659 ,   4 966,4966.0,12.082158679017317
430270 BUTIA,214.0,17,231.0,430270,Butiá,  4 302 709 ,   19 084,19084.0,12.104380632990987
430280 CACAPAVA DO SUL,322.0,39,361.0,430280,Caçapava do Sul,  4 302 808 ,   32 515,32515.0,11.102568045517453
430290 CACEQUI,181.0,17,198.0,430290,Cacequi,  4 302 907 ,   11 157,11157.0,17.74670610379134
430300 CACHOEIRA DO SUL,1614.0,145,1759.0,430300,Cachoeira do Sul,  4 303 004 ,   80 070,80070.0,21.968277756962657
430310 CACHOEIRINHA,1287.0,459,1746.0,430310,Cachoeirinha,  4 303 103 ,   136 258,136258.0,12.813926521745513
430320 CACIQUE DOBLE,97.0,2,99.0,430320,Cacique Doble,  4 303 202 ,   4 603,4603.0,21.507712361503366
430330 CAIBATE,85.0,8,93.0,430330,Caibaté,  4 303 301 ,   4 704,4704.0,19.77040816326531
430340 CAICARA,72.0,8,80.0,430340,Caiçara,  4 303 400 ,   4 836,4836.0,16.542597187758478
430350 CAMAQUA,731.0,368,1099.0,430350,Camaquã,  4 303 509 ,   62 200,62200.0,17.668810289389068
430355 CAMARGO,46.0,1,47.0,430355,Camargo,  4 303 558 ,   2 981,2981.0,15.76652130157665
430360 CAMBARA DO SUL,125.0,-,125.0,430360,Cambará do Sul,  4 303 608 ,   6 361,6361.0,19.650998270712154
430367 CAMPESTRE DA SERRA,39.0,3,42.0,430367,Campestre da Serra,  4 303 673 ,   3 242,3242.0,12.954966070326957
430370 CAMPINA DAS MISSOES,110.0,19,129.0,430370,Campina das Missões,  4 303 707 ,   5 882,5882.0,21.931315878952738
430380 CAMPINAS DO SUL,86.0,1,87.0,430380,Campinas do Sul,  4 303 806 ,   5 284,5284.0,16.464799394398185
430390 CAMPO BOM,845.0,217,1062.0,430390,Campo Bom,  4 303 905 ,   62 886,62886.0,16.887701555195115
430400 CAMPO NOVO,87.0,-,87.0,430400,Campo Novo,  4 304 002 ,   4 975,4975.0,17.487437185929647
430410 CAMPOS BORGES,56.0,3,59.0,430410,Campos Borges,  4 304 101 ,   3 613,3613.0,16.329919734292833
430420 CANDELARIA,339.0,77,416.0,430420,Candelária,  4 304 200 ,   28 906,28906.0,14.391475818169239
430430 CANDIDO GODOI,105.0,15,120.0,430430,Cândido Godói,  4 304 309 ,   6 294,6294.0,19.065776930409914
430435 CANDIOTA,117.0,12,129.0,430435,Candiota,  4 304 358 ,   10 710,10710.0,12.044817927170868
430440 CANELA,557.0,141,698.0,430440,Canela,  4 304 408 ,   48 946,48946.0,14.260613737588361
430450 CANGUCU,460.0,39,499.0,430450,Canguçu,  4 304 507 ,   49 680,49680.0,10.044283413848632
430460 CANOAS,6576.0,1563,8139.0,430460,Canoas,  4 304 606 ,   347 657,347657.0,23.411005675133826
430461 CANUDOS DO VALE,35.0,1,36.0,430461,Canudos do Vale,  4 304 614 ,   1 656,1656.0,21.73913043478261
430462 CAPAO BONITO DO SUL,32.0,-,32.0,430462,Capão Bonito do Sul,  4 304 622 ,   1 733,1733.0,18.465089440276977
430463 CAPAO DA CANOA,1087.0,159,1246.0,430463,Capão da Canoa,  4 304 630 ,   63 594,63594.0,19.593043368871278
430465 CAPAO DO CIPO,57.0,1,58.0,430465,Capão do Cipó,  4 304 655 ,   3 119,3119.0,18.595703751202308
430466 CAPAO DO LEAO,210.0,8,218.0,430466,Capão do Leão,  4 304 663 ,   26 487,26487.0,8.23045267489712
430467 CAPIVARI DO SUL,61.0,9,70.0,430467,Capivari do Sul,  4 304 671 ,   3 991,3991.0,17.539463793535454
430468 CAPELA DE SANTANA,115.0,16,131.0,430468,Capela de Santana,  4 304 689 ,   11 159,11159.0,11.73940317232727
430469 CAPITAO,34.0,2,36.0,430469,Capitão,  4 304 697 ,   2 921,2921.0,12.324546388223212
430470 CARAZINHO,1234.0,225,1459.0,430470,Carazinho,  4 304 705 ,   61 804,61804.0,23.6068862856773
430471 CARAA,68.0,-,68.0,430471,Caraá,  4 304 713 ,   7 394,7394.0,9.196645929131728
430480 CARLOS BARBOSA,428.0,71,499.0,430480,Carlos Barbosa,  4 304 804 ,   30 420,30420.0,16.403681788297174
430485 CARLOS GOMES,30.0,-,30.0,430485,Carlos Gomes,  4 304 853 ,   1 368,1368.0,21.929824561403507
430490 CASCA,134.0,34,168.0,430490,Casca,  4 304 903 ,   9 465,9465.0,17.74960380348653
430495 CASEIROS,47.0,-,47.0,430495,Caseiros,  4 304 952 ,   3 000,3000.0,15.666666666666666
430500 CATUIPE,105.0,13,118.0,430500,Catuípe,  4 305 009 ,   8 674,8674.0,13.60387364537699
430510 CAXIAS DO SUL,6282.0,3395,9677.0,430510,Caxias do Sul,  4 305 108 ,   463 501,463501.0,20.87805635802296
430511 CENTENARIO,30.0,1,31.0,430511,Centenário,  4 305 116 ,   2 721,2721.0,11.392870268283719
430512 CERRITO,50.0,-,50.0,430512,Cerrito,  4 305 124 ,   5 808,5808.0,8.608815426997245
430513 CERRO BRANCO,60.0,6,66.0,430513,Cerro Branco,  4 305 132 ,   3 802,3802.0,17.35928458705944
430515 CERRO GRANDE,39.0,1,40.0,430515,Cerro Grande,  4 305 157 ,   2 379,2379.0,16.813787305590584
430517 CERRO GRANDE DO SUL,106.0,2,108.0,430517,Cerro Grande do Sul,  4 305 173 ,   9 178,9178.0,11.76726955763783
430520 CERRO LARGO,152.0,44,196.0,430520,Cerro Largo,  4 305 207 ,   13 705,13705.0,14.301349872309375
430530 CHAPADA,137.0,8,145.0,430530,Chapada,  4 305 306 ,   9 540,9540.0,15.19916142557652
430535 CHARQUEADAS,436.0,116,552.0,430535,Charqueadas,  4 305 355 ,   35 012,35012.0,15.766023077801897
430537 CHARRUA,42.0,3,45.0,430537,Charrua,  4 305 371 ,   2 768,2768.0,16.25722543352601
430540 CHIAPETTA,109.0,1,110.0,430540,Chiapetta,  4 305 405 ,   3 913,3913.0,28.11142346026067
430543 CHUI,65.0,3,68.0,430543,Chuí,  4 305 439 ,   6 262,6262.0,10.85915043117215
430544 CHUVISCA,47.0,4,51.0,430544,Chuvisca,  4 305 447 ,   4 597,4597.0,11.0941918642593
430545 CIDREIRA,127.0,6,133.0,430545,Cidreira,  4 305 454 ,   17 071,17071.0,7.790990568800891
430550 CIRIACO,72.0,6,78.0,430550,Ciríaco,  4 305 504 ,   4 149,4149.0,18.799710773680406
430558 COLINAS,48.0,1,49.0,430558,Colinas,  4 305 587 ,   2 423,2423.0,20.222864217911678
430560 COLORADO,70.0,1,71.0,430560,Colorado,  4 305 603 ,   3 258,3258.0,21.792510742786988
430570 CONDOR,89.0,2,91.0,430570,Condor,  4 305 702 ,   6 406,6406.0,14.205432407118327
430580 CONSTANTINA,153.0,8,161.0,430580,Constantina,  4 305 801 ,   10 385,10385.0,15.503129513721714
430583 COQUEIRO BAIXO,32.0,-,32.0,430583,Coqueiro Baixo,  4 305 835 ,   1 290,1290.0,24.8062015503876
430585 COQUEIROS DO SUL,40.0,-,40.0,430585,Coqueiros do Sul,  4 305 850 ,   2 211,2211.0,18.091361374943464
430587 CORONEL BARROS,47.0,-,47.0,430587,Coronel Barros,  4 305 871 ,   2 822,2822.0,16.654854712969524
430590 CORONEL BICACO,113.0,7,120.0,430590,Coronel Bicaco,  4 305 900 ,   6 144,6144.0,19.53125
430593 CORONEL PILAR,13.0,-,13.0,430593,Coronel Pilar,  4 305 934 ,   1 607,1607.0,8.089607965152458
430595 COTIPORA,45.0,3,48.0,430595,Cotiporã,  4 305 959 ,   3 846,3846.0,12.480499219968799
430597 COXILHA,71.0,-,71.0,430597,Coxilha,  4 305 975 ,   2 667,2667.0,26.62167229096363
430600 CRISSIUMAL,256.0,11,267.0,430600,Crissiumal,  4 306 007 ,   12 886,12886.0,20.720161415489677
430605 CRISTAL,95.0,8,103.0,430605,Cristal,  4 306 056 ,   7 299,7299.0,14.111522126318674
430607 CRISTAL DO SUL,45.0,2,47.0,430607,Cristal do Sul,  4 306 072 ,   2 692,2692.0,17.4591381872214
430610 CRUZ ALTA,847.0,456,1303.0,430610,Cruz Alta,  4 306 106 ,   58 913,58913.0,22.11735949620627
430613 CRUZALTENSE,34.0,-,34.0,430613,Cruzaltense,  4 306 130 ,   1 635,1635.0,20.795107033639145
430620 CRUZEIRO DO SUL,124.0,17,141.0,430620,Cruzeiro do Sul,  4 306 205 ,   11 600,11600.0,12.155172413793103
430630 DAVID CANABARRO,115.0,3,118.0,430630,David Canabarro,  4 306 304 ,   4 321,4321.0,27.30849340430456
430632 DERRUBADAS,36.0,-,36.0,430632,Derrubadas,  4 306 320 ,   2 751,2751.0,13.086150490730644
430635 DEZESSEIS DE NOVEMBRO,34.0,1,35.0,430635,Dezesseis de Novembro,  4 306 353 ,   2 507,2507.0,13.960909453530116
430637 DILERMANDO DE AGUIAR,39.0,2,41.0,430637,Dilermando de Aguiar,  4 306 379 ,   2 806,2806.0,14.611546685673558
430640 DOIS IRMAOS,368.0,140,508.0,430640,Dois Irmãos,  4 306 403 ,   30 709,30709.0,16.542381712201635
430642 DOIS IRMAOS DAS MISSOES,29.0,-,29.0,430642,Dois Irmãos das Missões,  4 306 429 ,   2 090,2090.0,13.875598086124402
430645 DOIS LAJEADOS,57.0,7,64.0,430645,Dois Lajeados,  4 306 452 ,   3 097,3097.0,20.665159832095576
430650 DOM FELICIANO,182.0,34,216.0,430650,Dom Feliciano,  4 306 502 ,   13 051,13051.0,16.550455903762163
430655 DOM PEDRO DE ALCANTARA,49.0,-,49.0,430655,Dom Pedro de Alcântara,  4 306 551 ,   2 562,2562.0,19.12568306010929
430660 DOM PEDRITO,384.0,79,463.0,430660,Dom Pedrito,  4 306 601 ,   36 981,36981.0,12.51994267326465
430670 DONA FRANCISCA,43.0,-,43.0,430670,Dona Francisca,  4 306 700 ,   3 079,3079.0,13.965573238064307
430673 DOUTOR MAURICIO CARDOSO,51.0,14,65.0,430673,Doutor Maurício Cardoso,  4 306 734 ,   4 470,4470.0,14.5413870246085
430675 DOUTOR RICARDO,31.0,3,34.0,430675,Doutor Ricardo,  4 306 759 ,   1 888,1888.0,18.008474576271187
430676 ELDORADO DO SUL,315.0,35,350.0,430676,Eldorado do Sul,  4 306 767 ,   39 559,39559.0,8.847544174524128
430680 ENCANTADO,486.0,128,614.0,430680,Encantado,  4 306 809 ,   22 962,22962.0,26.739831025172023
430690 ENCRUZILHADA DO SUL,253.0,30,283.0,430690,Encruzilhada do Sul,  4 306 908 ,   23 819,23819.0,11.881271254040891
430692 ENGENHO VELHO,23.0,-,23.0,430692,Engenho Velho,  4 306 924 ,   1 296,1296.0,17.74691358024691
430693 ENTRE-IJUIS,89.0,6,95.0,430693,Entre-Ijuís,  4 306 932 ,   9 158,9158.0,10.37344398340249
430695 ENTRE RIOS DO SUL,55.0,6,61.0,430695,Entre Rios do Sul,  4 306 957 ,   2 685,2685.0,22.71880819366853
430697 EREBANGO,54.0,-,54.0,430697,Erebango,  4 306 973 ,   3 054,3054.0,17.68172888015717
430700 ERECHIM,1319.0,1063,2382.0,430700,Erechim,  4 307 005 ,   105 705,105705.0,22.53441180644246
430705 ERNESTINA,43.0,-,43.0,430705,Ernestina,  4 307 054 ,   3 034,3034.0,14.172709294660514
430710 HERVAL,90.0,7,97.0,430710,Herval,  4 307 104 ,   6 191,6191.0,15.667905023421094
430720 ERVAL GRANDE,63.0,-,63.0,430720,Erval Grande,  4 307 203 ,   4 930,4930.0,12.778904665314402
430730 ERVAL SECO,85.0,1,86.0,430730,Erval Seco,  4 307 302 ,   6 787,6787.0,12.671283335789008
430740 ESMERALDA,45.0,1,46.0,430740,Esmeralda,  4 307 401 ,   3 195,3195.0,14.397496087636933
430745 ESPERANCA DO SUL,46.0,-,46.0,430745,Esperança do Sul,  4 307 450 ,   3 226,3226.0,14.25914445133292
430750 ESPUMOSO,322.0,53,375.0,430750,Espumoso,  4 307 500 ,   15 173,15173.0,24.71495419495156
430755 ESTACAO,74.0,9,83.0,430755,Estação,  4 307 559 ,   5 582,5582.0,14.869222500895736
430760 ESTANCIA VELHA,439.0,98,537.0,430760,Estância Velha,  4 307 609 ,   47 924,47924.0,11.205241632584926
430770 ESTEIO,1493.0,237,1730.0,430770,Esteio,  4 307 708 ,   76 137,76137.0,22.722198142821494
430780 ESTRELA,820.0,113,933.0,430780,Estrela,  4 307 807 ,   32 183,32183.0,28.99046080228692
430781 ESTRELA VELHA,39.0,14,53.0,430781,Estrela Velha,  4 307 815 ,   3 070,3070.0,17.26384364820847
430783 EUGENIO DE CASTRO,39.0,2,41.0,430783,Eugênio de Castro,  4 307 831 ,   2 633,2633.0,15.571591340676035
430786 FAGUNDES VARELA,30.0,2,32.0,430786,Fagundes Varela,  4 307 864 ,   2 566,2566.0,12.470771628994544
430790 FARROUPILHA,761.0,203,964.0,430790,Farroupilha,  4 307 906 ,   70 286,70286.0,13.715391400847965
430800 FAXINAL DO SOTURNO,888.0,12,900.0,430800,Faxinal do Soturno,  4 308 003 ,   6 702,6702.0,134.28827215756493
430805 FAXINALZINHO,38.0,-,38.0,430805,Faxinalzinho,  4 308 052 ,   2 520,2520.0,15.079365079365079
430807 FAZENDA VILANOVA,43.0,12,55.0,430807,Fazenda Vilanova,  4 308 078 ,   4 291,4291.0,12.81752505243533
430810 FELIZ,209.0,54,263.0,430810,Feliz,  4 308 102 ,   13 764,13764.0,19.10781749491427
430820 FLORES DA CUNHA,314.0,122,436.0,430820,Flores da Cunha,  4 308 201 ,   30 892,30892.0,14.113686391298717
430825 FLORIANO PEIXOTO,31.0,-,31.0,430825,Floriano Peixoto,  4 308 250 ,   1 668,1668.0,18.585131894484412
430830 FONTOURA XAVIER,122.0,1,123.0,430830,Fontoura Xavier,  4 308 300 ,   9 550,9550.0,12.879581151832461
430840 FORMIGUEIRO,61.0,4,65.0,430840,Formigueiro,  4 308 409 ,   6 413,6413.0,10.135661936691097
430843 FORQUETINHA,41.0,-,41.0,430843,Forquetinha,  4 308 433 ,   2 393,2393.0,17.13330547430004
430845 FORTALEZA DOS VALOS,67.0,-,67.0,430845,Fortaleza dos Valos,  4 308 458 ,   4 477,4477.0,14.965378601742238
430850 FREDERICO WESTPHALEN,582.0,87,669.0,430850,Frederico Westphalen,  4 308 508 ,   32 627,32627.0,20.504490146197934
430860 GARIBALDI,384.0,64,448.0,430860,Garibaldi,  4 308 607 ,   34 335,34335.0,13.047910295616719
430865 GARRUCHOS,38.0,11,49.0,430865,Garruchos,  4 308 656 ,   2 688,2688.0,18.229166666666668
430870 GAURAMA,86.0,20,106.0,430870,Gaurama,  4 308 706 ,   5 665,5665.0,18.711385701676964
430880 GENERAL CAMARA,65.0,3,68.0,430880,General Câmara,  4 308 805 ,   7 612,7612.0,8.933263268523385
430885 GENTIL,48.0,-,48.0,430885,Gentil,  4 308 854 ,   1 744,1744.0,27.522935779816514
430890 GETULIO VARGAS,283.0,44,327.0,430890,Getúlio Vargas,  4 308 904 ,   16 602,16602.0,19.69642211781713
430900 GIRUA,381.0,26,407.0,430900,Giruá,  4 309 001 ,   16 013,16013.0,25.416848810341598
430905 GLORINHA,86.0,3,89.0,430905,Glorinha,  4 309 050 ,   7 658,7658.0,11.621833376860799
430910 GRAMADO,706.0,225,931.0,430910,Gramado,  4 309 100 ,   40 134,40134.0,23.197289081576717
430912 GRAMADO DOS LOUREIROS,46.0,-,46.0,430912,Gramado dos Loureiros,  4 309 126 ,   2 014,2014.0,22.840119165839127
430915 GRAMADO XAVIER,48.0,3,51.0,430915,Gramado Xavier,  4 309 159 ,   3 304,3304.0,15.435835351089588
430920 GRAVATAI,3003.0,574,3577.0,430920,Gravataí,  4 309 209 ,   265 074,265074.0,13.49434497536537
430925 GUABIJU,29.0,2,31.0,430925,Guabiju,  4 309 258 ,   1 417,1417.0,21.877205363443895
430930 GUAIBA,720.0,321,1041.0,430930,Guaíba,  4 309 308 ,   92 924,92924.0,11.20270328440446
430940 GUAPORE,352.0,97,449.0,430940,Guaporé,  4 309 407 ,   25 268,25268.0,17.769510843754947
430950 GUARANI DAS MISSOES,96.0,39,135.0,430950,Guarani das Missões,  4 309 506 ,   7 415,7415.0,18.20633850303439
430955 HARMONIA,59.0,2,61.0,430955,Harmonia,  4 309 555 ,   5 378,5378.0,11.342506507995537
430957 HERVEIRAS,36.0,-,36.0,430957,Herveiras,  4 309 571 ,   2 565,2565.0,14.035087719298247
430960 HORIZONTINA,250.0,69,319.0,430960,Horizontina,  4 309 605 ,   18 851,18851.0,16.92217919473768
430965 HULHA NEGRA,61.0,1,62.0,430965,Hulha Negra,  4 309 654 ,   5 976,5976.0,10.374832663989292
430970 HUMAITA,51.0,8,59.0,430970,Humaitá,  4 309 704 ,   4 681,4681.0,12.604144413586841
430975 IBARAMA,49.0,1,50.0,430975,Ibarama,  4 309 753 ,   3 732,3732.0,13.39764201500536
430980 IBIACA,59.0,-,59.0,430980,Ibiaçá,  4 309 803 ,   4 527,4527.0,13.0329136293351
430990 IBIRAIARAS,64.0,25,89.0,430990,Ibiraiaras,  4 309 902 ,   6 776,6776.0,13.134592680047225
430995 IBIRAPUITA,45.0,1,46.0,430995,Ibirapuitã,  4 309 951 ,   3 723,3723.0,12.355627182379802
431000 IBIRUBA,286.0,88,374.0,431000,Ibirubá,  4 310 009 ,   21 583,21583.0,17.328452949080294
431010 IGREJINHA,854.0,173,1027.0,431010,Igrejinha,  4 310 108 ,   32 808,32808.0,31.303340648622285
431020 IJUI,1737.0,855,2592.0,431020,Ijuí,  4 310 207 ,   84 780,84780.0,30.573248407643312
431030 ILOPOLIS,60.0,15,75.0,431030,Ilópolis,  4 310 306 ,   4 157,4157.0,18.0418571084917
431033 IMBE,341.0,19,360.0,431033,Imbé,  4 310 330 ,   26 824,26824.0,13.420817178645988
431036 IMIGRANTE,46.0,2,48.0,431036,Imigrante,  4 310 363 ,   3 080,3080.0,15.584415584415584
431040 INDEPENDENCIA,65.0,7,72.0,431040,Independência,  4 310 405 ,   6 427,6427.0,11.202738447175976
431041 INHACORA,48.0,-,48.0,431041,Inhacorá,  4 310 413 ,   2 014,2014.0,23.833167825223438
431043 IPE,46.0,7,53.0,431043,Ipê,  4 310 439 ,   5 399,5399.0,9.816632709761066
431046 IPIRANGA DO SUL,31.0,-,31.0,431046,Ipiranga do Sul,  4 310 462 ,   1 720,1720.0,18.02325581395349
431050 IRAI,140.0,4,144.0,431050,Iraí,  4 310 504 ,   7 482,7482.0,19.246190858059343
431053 ITAARA,32.0,15,47.0,431053,Itaara,  4 310 538 ,   5 572,5572.0,8.435032304379037
431055 ITACURUBI,49.0,1,50.0,431055,Itacurubi,  4 310 553 ,   2 995,2995.0,16.69449081803005
431057 ITAPUCA,28.0,-,28.0,431057,Itapuca,  4 310 579 ,   1 937,1937.0,14.455343314403716
431060 ITAQUI,418.0,45,463.0,431060,Itaqui,  4 310 603 ,   35 768,35768.0,12.944531424737196
431065 ITATI,69.0,3,72.0,431065,Itati,  4 310 652 ,   2 638,2638.0,27.293404094010615
431070 ITATIBA DO SUL,48.0,-,48.0,431070,Itatiba do Sul,  4 310 702 ,   3 208,3208.0,14.962593516209475
431075 IVORA,26.0,4,30.0,431075,Ivorá,  4 310 751 ,   1 929,1929.0,15.552099533437016
431080 IVOTI,266.0,178,444.0,431080,Ivoti,  4 310 801 ,   22 983,22983.0,19.318626811121263
431085 JABOTICABA,108.0,-,108.0,431085,Jaboticaba,  4 310 850 ,   3 779,3779.0,28.578989150568933
431087 JACUIZINHO,38.0,-,38.0,431087,Jacuizinho,  4 310 876 ,   2 040,2040.0,18.627450980392158
431090 JACUTINGA,45.0,1,46.0,431090,Jacutinga,  4 310 900 ,   3 338,3338.0,13.780707010185742
431100 JAGUARAO,281.0,24,305.0,431100,Jaguarão,  4 311 007 ,   26 603,26603.0,11.464872382813969
431110 JAGUARI,124.0,8,132.0,431110,Jaguari,  4 311 106 ,   10 579,10579.0,12.477549862936005
431112 JAQUIRANA,59.0,-,59.0,431112,Jaquirana,  4 311 122 ,   3 690,3690.0,15.989159891598916
431113 JARI,51.0,2,53.0,431113,Jari,  4 311 130 ,   3 349,3349.0,15.825619587936698
431115 JOIA,68.0,11,79.0,431115,Jóia,  4 311 155 ,   7 184,7184.0,10.996659242761693
431120 JULIO DE CASTILHOS,264.0,30,294.0,431120,Júlio de Castilhos,  4 311 205 ,   18 226,18226.0,16.13080215077362
431123 LAGOA BONITA DO SUL,25.0,14,39.0,431123,Lagoa Bonita do Sul,  4 311 239 ,   2 251,2251.0,17.325633051976897
431125 LAGOAO,63.0,-,63.0,431125,Lagoão,  4 311 254 ,   5 341,5341.0,11.795543905635649
431127 LAGOA DOS TRES CANTOS,34.0,-,34.0,431127,Lagoa dos Três Cantos,  4 311 270 ,   1 738,1738.0,19.56271576524741
431130 LAGOA VERMELHA,421.0,118,539.0,431130,Lagoa Vermelha,  4 311 304 ,   27 659,27659.0,19.487327813731515
431140 LAJEADO,2372.0,595,2967.0,431140,Lajeado,  4 311 403 ,   93 646,93646.0,31.683147171261986
431142 LAJEADO DO BUGRE,38.0,-,38.0,431142,Lajeado do Bugre,  4 311 429 ,   2 601,2601.0,14.609765474817378
431150 LAVRAS DO SUL,108.0,6,114.0,431150,Lavras do Sul,  4 311 502 ,   7 157,7157.0,15.928461645941038
431160 LIBERATO SALZANO,60.0,8,68.0,431160,Liberato Salzano,  4 311 601 ,   4 781,4781.0,14.222965906714077
431162 LINDOLFO COLLOR,46.0,5,51.0,431162,Lindolfo Collor,  4 311 627 ,   6 248,6248.0,8.162612035851472
431164 LINHA NOVA,22.0,1,23.0,431164,Linha Nova,  4 311 643 ,   1 683,1683.0,13.666072489601902
431170 MACHADINHO,85.0,7,92.0,431170,Machadinho,  4 311 700 ,   5 735,5735.0,16.041848299912818
431171 MACAMBARA,48.0,8,56.0,431171,Maçambará,  4 311 718 ,   4 425,4425.0,12.655367231638417
431173 MAMPITUBA,44.0,-,44.0,431173,Mampituba,  4 311 734 ,   3 131,3131.0,14.05301820504631
431175 MANOEL VIANA,69.0,1,70.0,431175,Manoel Viana,  4 311 759 ,   6 801,6801.0,10.29260402881929
431177 MAQUINE,70.0,5,75.0,431177,Maquiné,  4 311 775 ,   7 418,7418.0,10.110541925047182
431179 MARATA,52.0,1,53.0,431179,Maratá,  4 311 791 ,   2 470,2470.0,21.45748987854251
431180 MARAU,575.0,202,777.0,431180,Marau,  4 311 809 ,   45 124,45124.0,17.219218154418932
431190 MARCELINO RAMOS,84.0,5,89.0,431190,Marcelino Ramos,  4 311 908 ,   4 320,4320.0,20.60185185185185
431198 MARIANA PIMENTEL,34.0,-,34.0,431198,Mariana Pimentel,  4 311 981 ,   3 916,3916.0,8.682328907048008
431200 MARIANO MORO,45.0,-,45.0,431200,Mariano Moro,  4 312 005 ,   1 858,1858.0,24.219590958019374
431205 MARQUES DE SOUZA,71.0,3,74.0,431205,Marques de Souza,  4 312 054 ,   3 969,3969.0,18.644494834971024
431210 MATA,71.0,5,76.0,431210,Mata,  4 312 104 ,   4 698,4698.0,16.177096636866754
431213 MATO CASTELHANO,48.0,-,48.0,431213,Mato Castelhano,  4 312 138 ,   2 553,2553.0,18.80141010575793
431215 MATO LEITAO,49.0,2,51.0,431215,Mato Leitão,  4 312 153 ,   4 859,4859.0,10.495986828565549
431217 MATO QUEIMADO,30.0,-,30.0,431217,Mato Queimado,  4 312 179 ,   1 795,1795.0,16.71309192200557
431220 MAXIMILIANO DE ALMEIDA,55.0,8,63.0,431220,Maximiliano de Almeida,  4 312 203 ,   4 191,4191.0,15.032211882605582
431225 MINAS DO LEAO,60.0,-,60.0,431225,Minas do Leão,  4 312 252 ,   7 505,7505.0,7.994670219853432
431230 MIRAGUAI,66.0,6,72.0,431230,Miraguaí,  4 312 302 ,   4 427,4427.0,16.263835554551612
431235 MONTAURI,25.0,5,30.0,431235,Montauri,  4 312 351 ,   1 499,1499.0,20.0133422281521
431237 MONTE ALEGRE DOS CAMPOS,45.0,-,45.0,431237,Monte Alegre dos Campos,  4 312 377 ,   3 180,3180.0,14.150943396226415
431238 MONTE BELO DO SUL,33.0,2,35.0,431238,Monte Belo do Sul,  4 312 385 ,   2 557,2557.0,13.68791552600704
431240 MONTENEGRO,1103.0,959,2062.0,431240,Montenegro,  4 312 401 ,   64 322,64322.0,32.05746089984764
431242 MORMACO,40.0,-,40.0,431242,Mormaço,  4 312 427 ,   2 756,2756.0,14.513788098693759
431244 MORRINHOS DO SUL,41.0,1,42.0,431244,Morrinhos do Sul,  4 312 443 ,   3 071,3071.0,13.676326929338979
431245 MORRO REDONDO,69.0,13,82.0,431245,Morro Redondo,  4 312 450 ,   6 046,6046.0,13.562686073436984
431247 MORRO REUTER,51.0,11,62.0,431247,Morro Reuter,  4 312 476 ,   6 029,6029.0,10.283629125891524
431250 MOSTARDAS,112.0,7,119.0,431250,Mostardas,  4 312 500 ,   12 090,12090.0,9.842845326716294
431260 MUCUM,90.0,10,100.0,431260,Muçum,  4 312 609 ,   4 601,4601.0,21.734405564007826
431261 MUITOS CAPOES,33.0,-,33.0,431261,Muitos Capões,  4 312 617 ,   2 879,2879.0,11.462313303230289
431262 MULITERNO,46.0,-,46.0,431262,Muliterno,  4 312 625 ,   1 721,1721.0,26.728646135967463
431265 NAO-ME-TOQUE,192.0,105,297.0,431265,Não-Me-Toque,  4 312 658 ,   17 898,17898.0,16.59403285283272
431267 NICOLAU VERGUEIRO,31.0,-,31.0,431267,Nicolau Vergueiro,  4 312 674 ,   1 932,1932.0,16.045548654244307
431270 NONOAI,320.0,9,329.0,431270,Nonoai,  4 312 708 ,   13 719,13719.0,23.98133974779503
431275 NOVA ALVORADA,58.0,-,58.0,431275,Nova Alvorada,  4 312 757 ,   3 163,3163.0,18.33702181473285
431280 NOVA ARACA,51.0,9,60.0,431280,Nova Araçá,  4 312 807 ,   4 954,4954.0,12.111425111021397
431290 NOVA BASSANO,99.0,33,132.0,431290,Nova Bassano,  4 312 906 ,   9 649,9649.0,13.680174111306872
431295 NOVA BOA VISTA,39.0,1,40.0,431295,Nova Boa Vista,  4 312 955 ,   2 042,2042.0,19.58863858961802
431300 NOVA BRESCIA,51.0,2,53.0,431300,Nova Bréscia,  4 313 003 ,   3 044,3044.0,17.41130091984231
431301 NOVA CANDELARIA,43.0,-,43.0,431301,Nova Candelária,  4 313 011 ,   3 061,3061.0,14.047696831100946
431303 NOVA ESPERANCA DO SUL,50.0,-,50.0,431303,Nova Esperança do Sul,  4 313 037 ,   4 865,4865.0,10.277492291880781
431306 NOVA HARTZ,105.0,85,190.0,431306,Nova Hartz,  4 313 060 ,   20 088,20088.0,9.458383114297094
431308 NOVA PADUA,21.0,-,21.0,431308,Nova Pádua,  4 313 086 ,   2 343,2343.0,8.962868117797695
431310 NOVA PALMA,119.0,6,125.0,431310,Nova Palma,  4 313 102 ,   5 586,5586.0,22.377372001432153
431320 NOVA PETROPOLIS,292.0,61,353.0,431320,Nova Petrópolis,  4 313 201 ,   23 300,23300.0,15.150214592274677
431330 NOVA PRATA,403.0,225,628.0,431330,Nova Prata,  4 313 300 ,   25 692,25692.0,24.44340650786237
431333 NOVA RAMADA,39.0,1,40.0,431333,Nova Ramada,  4 313 334 ,   2 163,2163.0,18.49283402681461
431335 NOVA ROMA DO SUL,28.0,1,29.0,431335,Nova Roma do Sul,  4 313 359 ,   3 466,3466.0,8.366993652625505
431337 NOVA SANTA RITA,267.0,11,278.0,431337,Nova Santa Rita,  4 313 375 ,   29 024,29024.0,9.578280044101435
431339 NOVO CABRAIS,36.0,2,38.0,431339,Novo Cabrais,  4 313 391 ,   3 568,3568.0,10.650224215246636
431340 NOVO HAMBURGO,2438.0,3213,5651.0,431340,Novo Hamburgo,  4 313 409 ,   227 646,227646.0,24.823629670628957
431342 NOVO MACHADO,52.0,4,56.0,431342,Novo Machado,  4 313 425 ,   3 198,3198.0,17.51094434021263
431344 NOVO TIRADENTES,45.0,-,45.0,431344,Novo Tiradentes,  4 313 441 ,   2 146,2146.0,20.96924510717614
431346 NOVO XINGU,39.0,5,44.0,431346,Novo Xingu,  4 313 466 ,   1 646,1646.0,26.731470230862698
431349 NOVO BARREIRO,69.0,1,70.0,431349,Novo Barreiro,  4 313 490 ,   4 272,4272.0,16.38576779026217
431350 OSORIO,931.0,90,1021.0,431350,Osório,  4 313 508 ,   47 396,47396.0,21.541902270233773
431360 PAIM FILHO,78.0,5,83.0,431360,Paim Filho,  4 313 607 ,   3 629,3629.0,22.87131441168366
431365 PALMARES DO SUL,136.0,11,147.0,431365,Palmares do Sul,  4 313 656 ,   12 844,12844.0,11.445032700093428
431370 PALMEIRA DAS MISSOES,525.0,60,585.0,431370,Palmeira das Missões,  4 313 706 ,   33 216,33216.0,17.61199421965318
431380 PALMITINHO,141.0,25,166.0,431380,Palmitinho,  4 313 805 ,   7 839,7839.0,21.17617042990177
431390 PANAMBI,483.0,108,591.0,431390,Panambi,  4 313 904 ,   43 515,43515.0,13.581523612547398
431395 PANTANO GRANDE,117.0,22,139.0,431395,Pantano Grande,  4 313 953 ,   10 212,10212.0,13.611437524481003
431400 PARAI,113.0,24,137.0,431400,Paraí,  4 314 001 ,   7 194,7194.0,19.043647484014457
431402 PARAISO DO SUL,58.0,12,70.0,431402,Paraíso do Sul,  4 314 027 ,   6 519,6519.0,10.737843227488879
431403 PARECI NOVO,52.0,-,52.0,431403,Pareci Novo,  4 314 035 ,   4 319,4319.0,12.039824033341052
431405 PAROBE,716.0,86,802.0,431405,Parobé,  4 314 050 ,   52 058,52058.0,15.40589342656268
431406 PASSA SETE,48.0,-,48.0,431406,Passa Sete,  4 314 068 ,   3 983,3983.0,12.051217675119258
431407 PASSO DO SOBRADO,81.0,1,82.0,431407,Passo do Sobrado,  4 314 076 ,   6 025,6025.0,13.609958506224066
431410 PASSO FUNDO,5888.0,1778,7666.0,431410,Passo Fundo,  4 314 100 ,   206 215,206215.0,37.174793298256674
431413 PAULO BENTO,26.0,-,26.0,431413,Paulo Bento,  4 314 134 ,   2 144,2144.0,12.126865671641792
431415 PAVERAMA,68.0,4,72.0,431415,Paverama,  4 314 159 ,   7 978,7978.0,9.024818250188016
431417 PEDRAS ALTAS,45.0,-,45.0,431417,Pedras Altas,  4 314 175 ,   2 061,2061.0,21.83406113537118
431420 PEDRO OSORIO,77.0,4,81.0,431420,Pedro Osório,  4 314 209 ,   7 484,7484.0,10.823089257081776
431430 PEJUCARA,61.0,5,66.0,431430,Pejuçara,  4 314 308 ,   3 745,3745.0,17.62349799732977
431440 PELOTAS,6706.0,1389,8095.0,431440,Pelotas,  4 314 407 ,   325 685,325685.0,24.85530497259622
431442 PICADA CAFE,55.0,-,55.0,431442,Picada Café,  4 314 423 ,   5 351,5351.0,10.278452625677444
431445 PINHAL,37.0,-,37.0,431445,Pinhal,  4 314 456 ,   2 959,2959.0,12.50422440013518
431446 PINHAL DA SERRA,41.0,-,41.0,431446,Pinhal da Serra,  4 314 464 ,   2 248,2248.0,18.23843416370107
431447 PINHAL GRANDE,57.0,4,61.0,431447,Pinhal Grande,  4 314 472 ,   3 805,3805.0,16.03153745072273
431449 PINHEIRINHO DO VALE,62.0,-,62.0,431449,Pinheirinho do Vale,  4 314 498 ,   4 540,4540.0,13.656387665198238
431450 PINHEIRO MACHADO,167.0,12,179.0,431450,Pinheiro Machado,  4 314 506 ,   11 214,11214.0,15.962190119493489
431454 PINTO BANDEIRA,19.0,12,31.0,431454,Pinto Bandeira,  4 314 548 ,   2 723,2723.0,11.38450238707308
431455 PIRAPO,50.0,-,50.0,431455,Pirapó,  4 314 555 ,   2 260,2260.0,22.123893805309734
431460 PIRATINI,194.0,20,214.0,431460,Piratini,  4 314 605 ,   17 504,17504.0,12.225776965265082
431470 PLANALTO,144.0,12,156.0,431470,Planalto,  4 314 704 ,   10 406,10406.0,14.991351143571016
431475 POCO DAS ANTAS,28.0,1,29.0,431475,Poço das Antas,  4 314 753 ,   2 171,2171.0,13.357899585444496
431477 PONTAO,53.0,1,54.0,431477,Pontão,  4 314 779 ,   3 296,3296.0,16.383495145631066
431478 PONTE PRETA,29.0,-,29.0,431478,Ponte Preta,  4 314 787 ,   1 575,1575.0,18.41269841269841
431480 PORTAO,302.0,154,456.0,431480,Portão,  4 314 803 ,   34 071,34071.0,13.3838161486308
431490 PORTO ALEGRE,43171.0,15636,58807.0,431490,Porto Alegre,  4 314 902 ,  1 332 845,1332845.0,44.121409466217
431500 PORTO LUCENA,85.0,-,85.0,431500,Porto Lucena,  4 315 008 ,   4 360,4360.0,19.4954128440367
431505 PORTO MAUA,29.0,2,31.0,431505,Porto Mauá,  4 315 057 ,   2 142,2142.0,14.472455648926237
431507 PORTO VERA CRUZ,20.0,1,21.0,431507,Porto Vera Cruz,  4 315 073 ,   1 560,1560.0,13.461538461538462
431510 PORTO XAVIER,126.0,26,152.0,431510,Porto Xavier,  4 315 107 ,   9 938,9938.0,15.29482793318575
431513 POUSO NOVO,29.0,-,29.0,431513,Pouso Novo,  4 315 131 ,   1 739,1739.0,16.67625071880391
431514 PRESIDENTE LUCENA,29.0,-,29.0,431514,Presidente Lucena,  4 315 149 ,   3 077,3077.0,9.424764380890478
431515 PROGRESSO,130.0,6,136.0,431515,Progresso,  4 315 156 ,   5 340,5340.0,25.46816479400749
431517 PROTASIO ALVES,22.0,2,24.0,431517,Protásio Alves,  4 315 172 ,   2 025,2025.0,11.851851851851851
431520 PUTINGA,59.0,1,60.0,431520,Putinga,  4 315 206 ,   3 747,3747.0,16.01281024819856
431530 QUARAI,318.0,31,349.0,431530,Quaraí,  4 315 305 ,   23 500,23500.0,14.851063829787234
431531 QUATRO IRMAOS,24.0,-,24.0,431531,Quatro Irmãos,  4 315 313 ,   1 552,1552.0,15.463917525773196
431532 QUEVEDOS,38.0,1,39.0,431532,Quevedos,  4 315 321 ,   2 507,2507.0,15.556441962504985
431535 QUINZE DE NOVEMBRO,55.0,10,65.0,431535,Quinze de Novembro,  4 315 354 ,   3 910,3910.0,16.624040920716116
431540 REDENTORA,123.0,3,126.0,431540,Redentora,  4 315 404 ,   9 738,9738.0,12.939001848428836
431545 RELVADO,33.0,1,34.0,431545,Relvado,  4 315 453 ,   1 796,1796.0,18.93095768374165
431550 RESTINGA SECA,162.0,25,187.0,431550,Restinga Sêca,  4 315 503 ,   14 939,14939.0,12.517571457259521
431555 RIO DOS INDIOS,38.0,-,38.0,431555,Rio dos Índios,  4 315 552 ,   2 835,2835.0,13.403880070546737
431560 RIO GRANDE,4184.0,948,5132.0,431560,Rio Grande,  4 315 602 ,   191 900,191900.0,26.743095362167796
431570 RIO PARDO,494.0,97,591.0,431570,Rio Pardo,  4 315 701 ,   34 654,34654.0,17.05430830495758
431575 RIOZINHO,67.0,2,69.0,431575,Riozinho,  4 315 750 ,   4 473,4473.0,15.425888665325285
431580 ROCA SALES,99.0,1,100.0,431580,Roca Sales,  4 315 800 ,   10 418,10418.0,9.59877135726627
431590 RODEIO BONITO,126.0,4,130.0,431590,Rodeio Bonito,  4 315 909 ,   6 654,6654.0,19.537120529005108
431595 ROLADOR,32.0,-,32.0,431595,Rolador,  4 315 958 ,   2 291,2291.0,13.967699694456568
431600 ROLANTE,235.0,55,290.0,431600,Rolante,  4 316 006 ,   21 253,21253.0,13.645132451889145
431610 RONDA ALTA,255.0,4,259.0,431610,Ronda Alta,  4 316 105 ,   9 777,9777.0,26.49074358187583
431620 RONDINHA,70.0,1,71.0,431620,Rondinha,  4 316 204 ,   4 991,4991.0,14.225606090963735
431630 ROQUE GONZALES,76.0,8,84.0,431630,Roque Gonzales,  4 316 303 ,   6 576,6576.0,12.773722627737227
431640 ROSARIO DO SUL,504.0,130,634.0,431640,Rosário do Sul,  4 316 402 ,   36 630,36630.0,17.308217308217305
431642 SAGRADA FAMILIA,50.0,-,50.0,431642,Sagrada Família,  4 316 428 ,   2 480,2480.0,20.161290322580644
431643 SALDANHA MARINHO,64.0,14,78.0,431643,Saldanha Marinho,  4 316 436 ,   2 575,2575.0,30.29126213592233
431645 SALTO DO JACUI,184.0,16,200.0,431645,Salto do Jacuí,  4 316 451 ,   10 203,10203.0,19.602077820248947
431647 SALVADOR DAS MISSOES,44.0,10,54.0,431647,Salvador das Missões,  4 316 477 ,   2 877,2877.0,18.769551616266945
431650 SALVADOR DO SUL,78.0,15,93.0,431650,Salvador do Sul,  4 316 501 ,   6 879,6879.0,13.519406890536414
431660 SANANDUVA,292.0,66,358.0,431660,Sananduva,  4 316 600 ,   16 399,16399.0,21.83059942679432
431670 SANTA BARBARA DO SUL,125.0,4,129.0,431670,Santa Bárbara do Sul,  4 316 709 ,   8 122,8122.0,15.882787490765823
431673 SANTA CECILIA DO SUL,40.0,-,40.0,431673,Santa Cecília do Sul,  4 316 733 ,   1 674,1674.0,23.894862604540027
431675 SANTA CLARA DO SUL,75.0,17,92.0,431675,Santa Clara do Sul,  4 316 758 ,   6 887,6887.0,13.358501524611587
431680 SANTA CRUZ DO SUL,3042.0,473,3515.0,431680,Santa Cruz do Sul,  4 316 808 ,   133 230,133230.0,26.38294678375741
431690 SANTA MARIA,4256.0,2297,6553.0,431690,Santa Maria,  4 316 907 ,   271 735,271735.0,24.115406554179625
431695 SANTA MARIA DO HERVAL,31.0,4,35.0,431695,Santa Maria do Herval,  4 316 956 ,   6 340,6340.0,5.520504731861199
431697 SANTA MARGARIDA DO SUL,40.0,-,40.0,431697,Santa Margarida do Sul,  4 316 972 ,   2 596,2596.0,15.408320493066256
431700 SANTANA DA BOA VISTA,69.0,-,69.0,431700,Santana da Boa Vista,  4 317 004 ,   7 024,7024.0,9.823462414578588
431710 SANT'ANA DO LIVRAMENTO,901.0,265,1166.0,431710,Sant'Ana do Livramento,  4 317 103 ,   84 421,84421.0,13.811729309058173
431720 SANTA ROSA,1543.0,637,2180.0,431720,Santa Rosa,  4 317 202 ,   76 963,76963.0,28.325299169730908
431725 SANTA TEREZA,22.0,-,22.0,431725,Santa Tereza,  4 317 251 ,   1 505,1505.0,14.617940199335548
431730 SANTA VITORIA DO PALMAR,356.0,31,387.0,431730,Santa Vitória do Palmar,  4 317 301 ,   30 983,30983.0,12.490720717812993
431740 SANTIAGO,689.0,164,853.0,431740,Santiago,  4 317 400 ,   48 938,48938.0,17.430217826637787
431750 SANTO ANGELO,873.0,890,1763.0,431750,Santo Ângelo,  4 317 509 ,   76 917,76917.0,22.92081074404878
431755 SANTO ANTONIO DO PALMA,29.0,-,29.0,431755,Santo Antônio do Palma,  4 317 558 ,   2 091,2091.0,13.868962219033955
431760 SANTO ANTONIO DA PATRULHA,412.0,125,537.0,431760,Santo Antônio da Patrulha,  4 317 608 ,   42 947,42947.0,12.50378373343889
431770 SANTO ANTONIO DAS MISSOES,93.0,12,105.0,431770,Santo Antônio das Missões,  4 317 707 ,   10 300,10300.0,10.194174757281553
431775 SANTO ANTONIO DO PLANALTO,30.0,3,33.0,431775,Santo Antônio do Planalto,  4 317 756 ,   2 089,2089.0,15.797032072762088
431780 SANTO AUGUSTO,223.0,13,236.0,431780,Santo Augusto,  4 317 806 ,   13 902,13902.0,16.975974679902173
431790 SANTO CRISTO,194.0,14,208.0,431790,Santo Cristo,  4 317 905 ,   15 320,15320.0,13.577023498694517
431795 SANTO EXPEDITO DO SUL,25.0,1,26.0,431795,Santo Expedito do Sul,  4 317 954 ,   2 349,2349.0,11.068539804171989
431800 SAO BORJA,955.0,77,1032.0,431800,São Borja,  4 318 002 ,   59 676,59676.0,17.293384275085458
431805 SAO DOMINGOS DO SUL,51.0,2,53.0,431805,São Domingos do Sul,  4 318 051 ,   2 754,2754.0,19.24473493100944
431810 SAO FRANCISCO DE ASSIS,219.0,18,237.0,431810,São Francisco de Assis,  4 318 101 ,   17 618,17618.0,13.452151208990804
431820 SAO FRANCISCO DE PAULA,176.0,11,187.0,431820,São Francisco de Paula,  4 318 200 ,   21 893,21893.0,8.541542958936647
431830 SAO GABRIEL,1088.0,93,1181.0,431830,São Gabriel,  4 318 309 ,   58 487,58487.0,20.1925214150153
431840 SAO JERONIMO,658.0,80,738.0,431840,São Jerônimo,  4 318 408 ,   21 028,21028.0,35.09606239299981
431842 SAO JOAO DA URTIGA,45.0,2,47.0,431842,São João da Urtiga,  4 318 424 ,   4 461,4461.0,10.53575431517597
431843 SAO JOAO DO POLESINE,49.0,3,52.0,431843,São João do Polêsine,  4 318 432 ,   2 649,2649.0,19.630049075122688
431844 SAO JORGE,26.0,-,26.0,431844,São Jorge,  4 318 440 ,   2 912,2912.0,8.928571428571429
431845 SAO JOSE DAS MISSOES,48.0,-,48.0,431845,São José das Missões,  4 318 457 ,   2 362,2362.0,20.32176121930567
431846 SAO JOSE DO HERVAL,45.0,-,45.0,431846,São José do Herval,  4 318 465 ,   1 902,1902.0,23.65930599369085
431848 SAO JOSE DO HORTENCIO,45.0,1,46.0,431848,São José do Hortêncio,  4 318 481 ,   4 447,4447.0,10.34405217000225
431849 SAO JOSE DO INHACORA,42.0,2,44.0,431849,São José do Inhacorá,  4 318 499 ,   2 406,2406.0,18.28761429758936
431850 SAO JOSE DO NORTE,339.0,8,347.0,431850,São José do Norte,  4 318 507 ,   25 443,25443.0,13.63832881342609
431860 SAO JOSE DO OURO,121.0,18,139.0,431860,São José do Ouro,  4 318 606 ,   6 834,6834.0,20.339479075212175
431861 SAO JOSE DO SUL,42.0,-,42.0,431861,São José do Sul,  4 318 614 ,   2 380,2380.0,17.647058823529413
431862 SAO JOSE DOS AUSENTES,66.0,1,67.0,431862,São José dos Ausentes,  4 318 622 ,   4 172,4172.0,16.059443911792904
431870 SAO LEOPOLDO,1474.0,673,2147.0,431870,São Leopoldo,  4 318 705 ,   217 409,217409.0,9.87539614275398
431880 SAO LOURENCO DO SUL,524.0,40,564.0,431880,São Lourenço do Sul,  4 318 804 ,   41 989,41989.0,13.432089356736288
431890 SAO LUIZ GONZAGA,429.0,99,528.0,431890,São Luiz Gonzaga,  4 318 903 ,   34 752,34752.0,15.193370165745856
431900 SAO MARCOS,228.0,52,280.0,431900,São Marcos,  4 319 000 ,   21 084,21084.0,13.280212483399735
431910 SAO MARTINHO,91.0,2,93.0,431910,São Martinho,  4 319 109 ,   5 481,5481.0,16.967706622879035
431912 SAO MARTINHO DA SERRA,37.0,1,38.0,431912,São Martinho da Serra,  4 319 125 ,   2 860,2860.0,13.286713286713287
431915 SAO MIGUEL DAS MISSOES,100.0,9,109.0,431915,São Miguel das Missões,  4 319 158 ,   7 056,7056.0,15.447845804988663
431920 SAO NICOLAU,86.0,-,86.0,431920,São Nicolau,  4 319 208 ,   5 118,5118.0,16.803438843298164
431930 SAO PAULO DAS MISSOES,100.0,4,104.0,431930,São Paulo das Missões,  4 319 307 ,   5 846,5846.0,17.789941840574752
431935 SAO PEDRO DA SERRA,25.0,3,28.0,431935,São Pedro da Serra,  4 319 356 ,   3 548,3548.0,7.891770011273957
431936 SAO PEDRO DAS MISSOES,37.0,1,38.0,431936,São Pedro das Missões,  4 319 364 ,   1 757,1757.0,21.627774615822425
431937 SAO PEDRO DO BUTIA,43.0,3,46.0,431937,São Pedro do Butiá,  4 319 372 ,   3 070,3070.0,14.98371335504886
431940 SAO PEDRO DO SUL,215.0,20,235.0,431940,São Pedro do Sul,  4 319 406 ,   15 577,15577.0,15.086345252616036
431950 SAO SEBASTIAO DO CAI,274.0,66,340.0,431950,São Sebastião do Caí,  4 319 505 ,   24 428,24428.0,13.918454232847552
431960 SAO SEPE,199.0,8,207.0,431960,São Sepé,  4 319 604 ,   21 219,21219.0,9.755407889155945
431970 SAO VALENTIM,53.0,-,53.0,431970,São Valentim,  4 319 703 ,   3 264,3264.0,16.237745098039216
431971 SAO VALENTIM DO SUL,26.0,1,27.0,431971,São Valentim do Sul,  4 319 711 ,   2 207,2207.0,12.233801540552788
431973 SAO VALERIO DO SUL,44.0,-,44.0,431973,São Valério do Sul,  4 319 737 ,   2 543,2543.0,17.302398741643728
431975 SAO VENDELINO,30.0,1,31.0,431975,São Vendelino,  4 319 752 ,   2 251,2251.0,13.771657041314972
431980 SAO VICENTE DO SUL,81.0,5,86.0,431980,São Vicente do Sul,  4 319 802 ,   8 097,8097.0,10.621217734963567
431990 SAPIRANGA,418.0,353,771.0,431990,Sapiranga,  4 319 901 ,   75 648,75648.0,10.191941624365482
432000 SAPUCAIA DO SUL,1764.0,313,2077.0,432000,Sapucaia do Sul,  4 320 008 ,   132 107,132107.0,15.72210405201844
432010 SARANDI,273.0,52,325.0,432010,Sarandi,  4 320 107 ,   22 851,22851.0,14.222572316310009
432020 SEBERI,215.0,19,234.0,432020,Seberi,  4 320 206 ,   11 950,11950.0,19.581589958158997
432023 SEDE NOVA,42.0,2,44.0,432023,Sede Nova,  4 320 230 ,   2 704,2704.0,16.272189349112427
432026 SEGREDO,67.0,4,71.0,432026,Segredo,  4 320 263 ,   6 009,6009.0,11.81560991845565
432030 SELBACH,77.0,3,80.0,432030,Selbach,  4 320 305 ,   5 107,5107.0,15.664773839827687
432032 SENADOR SALGADO FILHO,37.0,1,38.0,432032,Senador Salgado Filho,  4 320 321 ,   2 673,2673.0,14.21623643845866
432035 SENTINELA DO SUL,59.0,-,59.0,432035,Sentinela do Sul,  4 320 354 ,   5 306,5306.0,11.119487372785526
432040 SERAFINA CORREA,193.0,128,321.0,432040,Serafina Corrêa,  4 320 404 ,   16 961,16961.0,18.92577088615058
432045 SERIO,33.0,1,34.0,432045,Sério,  4 320 453 ,   1 941,1941.0,17.51674394641937
432050 SERTAO,110.0,8,118.0,432050,Sertão,  4 320 503 ,   5 541,5541.0,21.29579498285508
432055 SERTAO SANTANA,68.0,5,73.0,432055,Sertão Santana,  4 320 552 ,   5 863,5863.0,12.450963670475867
432057 SETE DE SETEMBRO,32.0,5,37.0,432057,Sete de Setembro,  4 320 578 ,   1 830,1830.0,20.218579234972676
432060 SEVERIANO DE ALMEIDA,61.0,-,61.0,432060,Severiano de Almeida,  4 320 602 ,   3 406,3406.0,17.909571344685848
432065 SILVEIRA MARTINS,25.0,1,26.0,432065,Silveira Martins,  4 320 651 ,   2 028,2028.0,12.82051282051282
432067 SINIMBU,110.0,3,113.0,432067,Sinimbu,  4 320 677 ,   8 578,8578.0,13.17323385404523
432070 SOBRADINHO,131.0,77,208.0,432070,Sobradinho,  4 320 701 ,   14 226,14226.0,14.621116265991846
432080 SOLEDADE,482.0,74,556.0,432080,Soledade,  4 320 800 ,   29 991,29991.0,18.538895001833883
432085 TABAI,52.0,3,55.0,432085,Tabaí,  4 320 859 ,   4 461,4461.0,12.329074198610178
432090 TAPEJARA,346.0,324,670.0,432090,Tapejara,  4 320 909 ,   24 557,24557.0,27.283462963717067
432100 TAPERA,123.0,17,140.0,432100,Tapera,  4 321 006 ,   10 592,10592.0,13.217522658610271
432110 TAPES,129.0,24,153.0,432110,Tapes,  4 321 105 ,   14 695,14695.0,10.411704661449473
432120 TAQUARA,590.0,85,675.0,432120,Taquara,  4 321 204 ,   53 242,53242.0,12.677961008226587
432130 TAQUARI,282.0,136,418.0,432130,Taquari,  4 321 303 ,   25 198,25198.0,16.58861814429717
432132 TAQUARUCU DO SUL,46.0,1,47.0,432132,Taquaruçu do Sul,  4 321 329 ,   3 119,3119.0,15.068932350112215
432135 TAVARES,66.0,-,66.0,432135,Tavares,  4 321 352 ,   5 212,5212.0,12.66308518802763
432140 TENENTE PORTELA,752.0,51,803.0,432140,Tenente Portela,  4 321 402 ,   14 497,14497.0,55.390770504242255
432143 TERRA DE AREIA,89.0,9,98.0,432143,Terra de Areia,  4 321 436 ,   10 334,10334.0,9.483259144571317
432145 TEUTONIA,501.0,52,553.0,432145,Teutônia,  4 321 451 ,   32 797,32797.0,16.861298289477695
432146 TIO HUGO,37.0,-,37.0,432146,Tio Hugo,  4 321 469 ,   3 267,3267.0,11.325374961738598
432147 TIRADENTES DO SUL,43.0,-,43.0,432147,Tiradentes do Sul,  4 321 477 ,   5 129,5129.0,8.383700526418405
432149 TOROPI,30.0,1,31.0,432149,Toropi,  4 321 493 ,   2 554,2554.0,12.137823022709476
432150 TORRES,726.0,124,850.0,432150,Torres,  4 321 501 ,   41 751,41751.0,20.358793801346078
432160 TRAMANDAI,906.0,97,1003.0,432160,Tramandaí,  4 321 600 ,   54 387,54387.0,18.441907073381508
432162 TRAVESSEIRO,21.0,2,23.0,432162,Travesseiro,  4 321 626 ,   2 152,2152.0,10.687732342007434
432163 TRES ARROIOS,55.0,-,55.0,432163,Três Arroios,  4 321 634 ,   2 591,2591.0,21.227325357005018
432166 TRES CACHOEIRAS,105.0,10,115.0,432166,Três Cachoeiras,  4 321 667 ,   10 962,10962.0,10.490786352855318
432170 TRES COROAS,212.0,64,276.0,432170,Três Coroas,  4 321 709 ,   24 425,24425.0,11.299897645854658
432180 TRES DE MAIO,388.0,104,492.0,432180,Três de Maio,  4 321 808 ,   24 916,24916.0,19.746347728367315
432183 TRES FORQUILHAS,50.0,1,51.0,432183,Três Forquilhas,  4 321 832 ,   2 760,2760.0,18.47826086956522
432185 TRES PALMEIRAS,55.0,-,55.0,432185,Três Palmeiras,  4 321 857 ,   4 716,4716.0,11.662425784563188
432190 TRES PASSOS,516.0,66,582.0,432190,Três Passos,  4 321 907 ,   25 436,25436.0,22.880956125176915
432195 TRINDADE DO SUL,85.0,2,87.0,432195,Trindade do Sul,  4 321 956 ,   7 556,7556.0,11.514028586553732
432200 TRIUNFO,312.0,25,337.0,432200,Triunfo,  4 322 004 ,   27 498,27498.0,12.255436759037021
432210 TUCUNDUVA,80.0,8,88.0,432210,Tucunduva,  4 322 103 ,   5 542,5542.0,15.878744135691088
432215 TUNAS,41.0,1,42.0,432215,Tunas,  4 322 152 ,   3 681,3681.0,11.409942950285249
432218 TUPANCI DO SUL,18.0,1,19.0,432218,Tupanci do Sul,  4 322 186 ,   1 374,1374.0,13.828238719068414
432220 TUPANCIRETA,170.0,24,194.0,432220,Tupanciretã,  4 322 202 ,   20 005,20005.0,9.697575606098475
432225 TUPANDI,43.0,4,47.0,432225,Tupandi,  4 322 251 ,   5 029,5029.0,9.345794392523365
432230 TUPARENDI,102.0,11,113.0,432230,Tuparendi,  4 322 301 ,   8 363,8363.0,13.511897644385986
432232 TURUCU,48.0,-,48.0,432232,Turuçu,  4 322 327 ,   3 419,3419.0,14.039192746417081
432234 UBIRETAMA,26.0,-,26.0,432234,Ubiretama,  4 322 343 ,   1 994,1994.0,13.039117352056168
432235 UNIAO DA SERRA,27.0,-,27.0,432235,União da Serra,  4 322 350 ,   1 170,1170.0,23.076923076923077
432237 UNISTALDA,45.0,-,45.0,432237,Unistalda,  4 322 376 ,   1 995,1995.0,22.55639097744361
432240 URUGUAIANA,1481.0,265,1746.0,432240,Uruguaiana,  4 322 400 ,   117 210,117210.0,14.896339902738674
432250 VACARIA,774.0,202,976.0,432250,Vacaria,  4 322 509 ,   64 197,64197.0,15.203202641868
432252 VALE VERDE,40.0,-,40.0,432252,Vale Verde,  4 322 525 ,   3 150,3150.0,12.698412698412698
432253 VALE DO SOL,101.0,9,110.0,432253,Vale do Sol,  4 322 533 ,   9 897,9897.0,11.114479135091441
432254 VALE REAL,41.0,6,47.0,432254,Vale Real,  4 322 541 ,   6 058,6058.0,7.758336084516342
432255 VANINI,40.0,-,40.0,432255,Vanini,  4 322 558 ,   2 004,2004.0,19.960079840319363
432260 VENANCIO AIRES,1062.0,162,1224.0,432260,Venâncio Aires,  4 322 608 ,   68 763,68763.0,17.80027049430653
432270 VERA CRUZ,230.0,59,289.0,432270,Vera Cruz,  4 322 707 ,   26 710,26710.0,10.819917633845003
432280 VERANOPOLIS,308.0,82,390.0,432280,Veranópolis,  4 322 806 ,   24 021,24021.0,16.235793680529536
432285 VESPASIANO CORREA,30.0,-,30.0,432285,Vespasiano Corrêa,  4 322 855 ,   1 818,1818.0,16.5016501650165
432290 VIADUTOS,54.0,2,56.0,432290,Viadutos,  4 322 905 ,   4 769,4769.0,11.742503669532397
432300 VIAMAO,1456.0,222,1678.0,432300,Viamão,  4 323 002 ,   224 112,224112.0,7.487327764689084
432310 VICENTE DUTRA,42.0,-,42.0,432310,Vicente Dutra,  4 323 101 ,   4 665,4665.0,9.0032154340836
432320 VICTOR GRAEFF,35.0,5,40.0,432320,Victor Graeff,  4 323 200 ,   2 780,2780.0,14.388489208633095
432330 VILA FLORES,33.0,6,39.0,432330,Vila Flores,  4 323 309 ,   3 646,3646.0,10.696653867251783
432335 VILA LANGARO,30.0,-,30.0,432335,Vila Lângaro,  4 323 358 ,   2 079,2079.0,14.43001443001443
432340 VILA MARIA,51.0,2,53.0,432340,Vila Maria,  4 323 408 ,   4 413,4413.0,12.00997054158169
432345 VILA NOVA DO SUL,55.0,2,57.0,432345,Vila Nova do Sul,  4 323 457 ,   3 863,3863.0,14.755371472948486
432350 VISTA ALEGRE,32.0,-,32.0,432350,Vista Alegre,  4 323 507 ,   2 660,2660.0,12.030075187969926
432360 VISTA ALEGRE DO PRATA,12.0,3,15.0,432360,Vista Alegre do Prata,  4 323 606 ,   1 590,1590.0,9.433962264150942
432370 VISTA GAUCHA,27.0,-,27.0,432370,Vista Gaúcha,  4 323 705 ,   2 783,2783.0,9.701760689902983
432375 VITORIA DAS MISSOES,33.0,9,42.0,432375,Vitória das Missões,  4 323 754 ,   3 260,3260.0,12.883435582822086
432377 WESTFALIA,33.0,8,41.0,432377,Westfália,  4 323 770 ,   3 098,3098.0,13.234344738540994
432380 XANGRI-LA,239.0,70,309.0,432380,Xangri-lá,  4 323 804 ,   16 463,16463.0,18.769361598736563
500020 AGUA CLARA,256.0,43,299.0,500020,Água Clara,  5 000 203 ,   16 741,16741.0,17.86034287079625
500025 ALCINOPOLIS,132.0,3,135.0,500025,Alcinópolis,  5 000 252 ,   4 537,4537.0,29.75534494159136
500060 AMAMBAI,501.0,279,780.0,500060,Amambai,  5 000 609 ,   39 325,39325.0,19.834710743801654
500070 ANASTACIO,348.0,5,353.0,500070,Anastácio,  5 000 708 ,   24 114,24114.0,14.638799037903292
500080 ANAURILANDIA,152.0,4,156.0,500080,Anaurilândia,  5 000 807 ,   7 653,7653.0,20.384163073304585
500085 ANGELICA,170.0,13,183.0,500085,Angélica,  5 000 856 ,   10 729,10729.0,17.056575636126386
500090 ANTONIO JOAO,188.0,8,196.0,500090,Antônio João,  5 000 906 ,   9 303,9303.0,21.068472535741158
500100 APARECIDA DO TABOADO,332.0,63,395.0,500100,Aparecida do Taboado,  5 001 003 ,   27 674,27674.0,14.273325142733253
500110 AQUIDAUANA,766.0,122,888.0,500110,Aquidauana,  5 001 102 ,   46 803,46803.0,18.97314274725979
500124 ARAL MOREIRA,187.0,1,188.0,500124,Aral Moreira,  5 001 243 ,   10 748,10748.0,17.491626349088204
500150 BANDEIRANTES,163.0,2,165.0,500150,Bandeirantes,  5 001 508 ,   7 940,7940.0,20.7808564231738
500190 BATAGUASSU,336.0,57,393.0,500190,Bataguassu,  5 001 904 ,   23 031,23031.0,17.063957274977206
500200 BATAYPORA,139.0,8,147.0,500200,Batayporã,  5 002 001 ,   10 712,10712.0,13.722927557879014
500210 BELA VISTA,271.0,32,303.0,500210,Bela Vista,  5 002 100 ,   21 613,21613.0,14.0193402119095
500215 BODOQUENA,154.0,6,160.0,500215,Bodoquena,  5 002 159 ,   8 567,8567.0,18.676316096649938
500220 BONITO,303.0,24,327.0,500220,Bonito,  5 002 209 ,   23 659,23659.0,13.821378756498584
500230 BRASILANDIA,214.0,16,230.0,500230,Brasilândia,  5 002 308 ,   11 579,11579.0,19.86354607479057
500240 CAARAPO,420.0,43,463.0,500240,Caarapó,  5 002 407 ,   30 612,30612.0,15.124787664967986
500260 CAMAPUA,227.0,29,256.0,500260,Camapuã,  5 002 605 ,   13 583,13583.0,18.847088272104838
500270 CAMPO GRANDE,20097.0,4377,24474.0,500270,Campo Grande,  5 002 704 ,   898 100,898100.0,27.250862932858258
500280 CARACOL,91.0,-,91.0,500280,Caracol,  5 002 803 ,   5 036,5036.0,18.06989674344718
500290 CASSILANDIA,288.0,53,341.0,500290,Cassilândia,  5 002 902 ,   20 988,20988.0,16.247379454926623
500295 CHAPADAO DO SUL,447.0,97,544.0,500295,Chapadão do Sul,  5 002 951 ,   30 993,30993.0,17.552350530765015
500310 CORGUINHO,76.0,-,76.0,500310,Corguinho,  5 003 108 ,   4 783,4783.0,15.889609031988293
500315 CORONEL SAPUCAIA,174.0,15,189.0,500315,Coronel Sapucaia,  5 003 157 ,   14 289,14289.0,13.226957799706067
500320 CORUMBA,1399.0,175,1574.0,500320,Corumbá,  5 003 207 ,   96 268,96268.0,16.350189055553248
500325 COSTA RICA,501.0,60,561.0,500325,Costa Rica,  5 003 256 ,   26 037,26037.0,21.546261089987325
500330 COXIM,643.0,83,726.0,500330,Coxim,  5 003 306 ,   32 151,32151.0,22.580946160306056
500345 DEODAPOLIS,221.0,29,250.0,500345,Deodápolis,  5 003 454 ,   13 663,13663.0,18.297592036887945
500348 DOIS IRMAOS DO BURITI,191.0,4,195.0,500348,Dois Irmãos do Buriti,  5 003 488 ,   11 100,11100.0,17.56756756756757
500350 DOURADINA,80.0,7,87.0,500350,Douradina,  5 003 504 ,   5 578,5578.0,15.596988167802081
500370 DOURADOS,4763.0,1159,5922.0,500370,Dourados,  5 003 702 ,   243 367,243367.0,24.33361959509712
500375 ELDORADO,141.0,21,162.0,500375,Eldorado,  5 003 751 ,   11 386,11386.0,14.22799929738275
500380 FATIMA DO SUL,405.0,75,480.0,500380,Fátima do Sul,  5 003 801 ,   20 609,20609.0,23.290795283613956
500390 FIGUEIRAO,77.0,1,78.0,500390,Figueirão,  5 003 900 ,   3 539,3539.0,22.04012432890647
500400 GLORIA DE DOURADOS,94.0,24,118.0,500400,Glória de Dourados,  5 004 007 ,   10 444,10444.0,11.298353121409422
500410 GUIA LOPES DA LAGUNA,147.0,14,161.0,500410,Guia Lopes da Laguna,  5 004 106 ,   9 940,9940.0,16.197183098591548
500430 IGUATEMI,206.0,25,231.0,500430,Iguatemi,  5 004 304 ,   13 808,13808.0,16.729432213209734
500440 INOCENCIA,179.0,5,184.0,500440,Inocência,  5 004 403 ,   8 404,8404.0,21.894336030461684
500450 ITAPORA,327.0,17,344.0,500450,Itaporã,  5 004 502 ,   24 137,24137.0,14.25197829059121
500460 ITAQUIRAI,218.0,5,223.0,500460,Itaquiraí,  5 004 601 ,   19 423,19423.0,11.481233589043917
500470 IVINHEMA,346.0,97,443.0,500470,Ivinhema,  5 004 700 ,   27 821,27821.0,15.923223464289565
500480 JAPORA,133.0,-,133.0,500480,Japorã,  5 004 809 ,   8 148,8148.0,16.32302405498282
500490 JARAGUARI,113.0,-,113.0,500490,Jaraguari,  5 004 908 ,   7 139,7139.0,15.828547415604428
500500 JARDIM,346.0,35,381.0,500500,Jardim,  5 005 004 ,   23 981,23981.0,15.887577665651975
500510 JATEI,89.0,1,90.0,500510,Jateí,  5 005 103 ,   3 586,3586.0,25.09760178471835
500515 JUTI,117.0,3,120.0,500515,Juti,  5 005 152 ,   6 729,6729.0,17.833259028087383
500520 LADARIO,153.0,241,394.0,500520,Ladário,  5 005 202 ,   21 522,21522.0,18.30684880587306
500525 LAGUNA CARAPA,119.0,4,123.0,500525,Laguna Carapã,  5 005 251 ,   6 799,6799.0,18.090895719958816
500540 MARACAJU,641.0,30,671.0,500540,Maracaju,  5 005 400 ,   45 047,45047.0,14.895553532976669
500560 MIRANDA,368.0,5,373.0,500560,Miranda,  5 005 608 ,   25 536,25536.0,14.606829573934837
500568 MUNDO NOVO,192.0,46,238.0,500568,Mundo Novo,  5 005 681 ,   19 193,19193.0,12.400354295837024
500570 NAVIRAI,778.0,93,871.0,500570,Naviraí,  5 005 707 ,   50 457,50457.0,17.262223279227857
500580 NIOAQUE,202.0,3,205.0,500580,Nioaque,  5 005 806 ,   13 220,13220.0,15.506807866868382
500600 NOVA ALVORADA DO SUL,306.0,20,326.0,500600,Nova Alvorada do Sul,  5 006 002 ,   21 822,21822.0,14.939052332508476
500620 NOVA ANDRADINA,851.0,288,1139.0,500620,Nova Andradina,  5 006 200 ,   48 563,48563.0,23.45406997096555
500625 NOVO HORIZONTE DO SUL,97.0,-,97.0,500625,Novo Horizonte do Sul,  5 006 259 ,   4 721,4721.0,20.546494386782463
500627 PARAISO DAS AGUAS,113.0,8,121.0,500627,Paraíso das Águas,  5 006 275 ,   5 510,5510.0,21.960072595281307
500630 PARANAIBA,668.0,250,918.0,500630,Paranaíba,  5 006 309 ,   40 957,40957.0,22.41375100715384
500635 PARANHOS,197.0,9,206.0,500635,Paranhos,  5 006 358 ,   12 921,12921.0,15.943038464515132
500640 PEDRO GOMES,92.0,8,100.0,500640,Pedro Gomes,  5 006 408 ,   6 941,6941.0,14.407145944388416
500660 PONTA PORA,1565.0,154,1719.0,500660,Ponta Porã,  5 006 606 ,   92 017,92017.0,18.6813306236891
500690 PORTO MURTINHO,223.0,7,230.0,500690,Porto Murtinho,  5 006 903 ,   12 859,12859.0,17.88630531145501
500710 RIBAS DO RIO PARDO,249.0,25,274.0,500710,Ribas do Rio Pardo,  5 007 109 ,   23 150,23150.0,11.835853131749461
500720 RIO BRILHANTE,463.0,77,540.0,500720,Rio Brilhante,  5 007 208 ,   37 601,37601.0,14.36132017765485
500730 RIO NEGRO,90.0,4,94.0,500730,Rio Negro,  5 007 307 ,   4 841,4841.0,19.41747572815534
500740 RIO VERDE DE MATO GROSSO,321.0,23,344.0,500740,Rio Verde de Mato Grosso,  5 007 406 ,   19 818,19818.0,17.357957412453324
500750 ROCHEDO,109.0,2,111.0,500750,Rochedo,  5 007 505 ,   5 199,5199.0,21.350259665320255
500755 SANTA RITA DO PARDO,119.0,3,122.0,500755,Santa Rita do Pardo,  5 007 554 ,   7 027,7027.0,17.36160523694322
500769 SAO GABRIEL DO OESTE,468.0,45,513.0,500769,São Gabriel do Oeste,  5 007 695 ,   29 579,29579.0,17.343385509990195
500770 SETE QUEDAS,128.0,16,144.0,500770,Sete Quedas,  5 007 703 ,   10 994,10994.0,13.098053483718392
500780 SELVIRIA,104.0,7,111.0,500780,Selvíria,  5 007 802 ,   8 142,8142.0,13.633014001473839
500790 SIDROLANDIA,555.0,43,598.0,500790,Sidrolândia,  5 007 901 ,   47 118,47118.0,12.691540387962137
500793 SONORA,260.0,13,273.0,500793,Sonora,  5 007 935 ,   14 516,14516.0,18.80683383852301
500795 TACURU,192.0,3,195.0,500795,Tacuru,  5 007 950 ,   10 808,10808.0,18.042190969652108
500797 TAQUARUSSU,76.0,1,77.0,500797,Taquarussu,  5 007 976 ,   3 625,3625.0,21.24137931034483
500800 TERENOS,223.0,1,224.0,500800,Terenos,  5 008 008 ,   17 652,17652.0,12.689780194878766
500830 TRES LAGOAS,2984.0,516,3500.0,500830,Três Lagoas,  5 008 305 ,   132 152,132152.0,26.48465403474787
500840 VICENTINA,117.0,1,118.0,500840,Vicentina,  5 008 404 ,   6 336,6336.0,18.623737373737374
510010 ACORIZAL,88.0,1,89.0,510010,Acorizal,  5 100 102 ,   5 014,5014.0,17.75029916234543
510020 AGUA BOA,584.0,87,671.0,510020,Água Boa,  5 100 201 ,   29 219,29219.0,22.964509394572026
510025 ALTA FLORESTA,952.0,212,1164.0,510025,Alta Floresta,  5 100 250 ,   58 613,58613.0,19.859075631685805
510030 ALTO ARAGUAIA,259.0,44,303.0,510030,Alto Araguaia,  5 100 300 ,   17 193,17193.0,17.623451404641422
510035 ALTO BOA VISTA,89.0,3,92.0,510035,Alto Boa Vista,  5 100 359 ,   5 715,5715.0,16.097987751531058
510040 ALTO GARCAS,131.0,10,141.0,510040,Alto Garças,  5 100 409 ,   13 052,13052.0,10.802942077842477
510050 ALTO PARAGUAI,115.0,2,117.0,510050,Alto Paraguai,  5 100 508 ,   8 009,8009.0,14.608565363965539
510060 ALTO TAQUARI,150.0,14,164.0,510060,Alto Taquari,  5 100 607 ,   10 904,10904.0,15.04035216434336
510080 APIACAS,118.0,2,120.0,510080,Apiacás,  5 100 805 ,   8 590,8590.0,13.969732246798603
510100 ARAGUAIANA,115.0,-,115.0,510100,Araguaiana,  5 101 001 ,   3 795,3795.0,30.303030303030305
510120 ARAGUAINHA,31.0,-,31.0,510120,Araguainha,  5 101 209 ,   1 010,1010.0,30.693069306930692
510125 ARAPUTANGA,187.0,25,212.0,510125,Araputanga,  5 101 258 ,   14 786,14786.0,14.337887190585688
510130 ARENAPOLIS,176.0,9,185.0,510130,Arenápolis,  5 101 308 ,   10 576,10576.0,17.49243570347958
510140 ARIPUANA,314.0,49,363.0,510140,Aripuanã,  5 101 407 ,   24 626,24626.0,14.740518151547146
510160 BARAO DE MELGACO,96.0,-,96.0,510160,Barão de Melgaço,  5 101 605 ,   7 253,7253.0,13.235902385219909
510170 BARRA DO BUGRES,400.0,65,465.0,510170,Barra do Bugres,  5 101 704 ,   29 403,29403.0,15.814712784409753
510180 BARRA DO GARCAS,1412.0,337,1749.0,510180,Barra do Garças,  5 101 803 ,   69 210,69210.0,25.270914607715646
510185 BOM JESUS DO ARAGUAIA,89.0,-,89.0,510185,Bom Jesus do Araguaia,  5 101 852 ,   7 280,7280.0,12.225274725274724
510190 BRASNORTE,374.0,5,379.0,510190,Brasnorte,  5 101 902 ,   17 004,17004.0,22.288873206304398
510250 CACERES,1505.0,256,1761.0,510250,Cáceres,  5 102 504 ,   89 681,89681.0,19.63626632174039
510260 CAMPINAPOLIS,343.0,1,344.0,510260,Campinápolis,  5 102 603 ,   15 347,15347.0,22.414804196259855
510263 CAMPO NOVO DO PARECIS,453.0,433,886.0,510263,Campo Novo do Parecis,  5 102 637 ,   45 899,45899.0,19.303252794178523
510267 CAMPO VERDE,630.0,112,742.0,510267,Campo Verde,  5 102 678 ,   44 585,44585.0,16.64236850958843
510268 CAMPOS DE JULIO,148.0,18,166.0,510268,Campos de Júlio,  5 102 686 ,   8 822,8822.0,18.81659487644525
510269 CANABRAVA DO NORTE,87.0,-,87.0,510269,Canabrava do Norte,  5 102 694 ,   4 485,4485.0,19.39799331103679
510270 CANARANA,393.0,121,514.0,510270,Canarana,  5 102 702 ,   25 858,25858.0,19.87779410627272
510279 CARLINDA,105.0,5,110.0,510279,Carlinda,  5 102 793 ,   10 332,10332.0,10.646535036778939
510285 CASTANHEIRA,83.0,11,94.0,510285,Castanheira,  5 102 850 ,   7 506,7506.0,12.523314681588063
510300 CHAPADA DOS GUIMARAES,219.0,25,244.0,510300,Chapada dos Guimarães,  5 103 007 ,   18 990,18990.0,12.848867825171142
510305 CLAUDIA,166.0,1,167.0,510305,Cláudia,  5 103 056 ,   9 593,9593.0,17.40852705097467
510310 COCALINHO,124.0,4,128.0,510310,Cocalinho,  5 103 106 ,   6 220,6220.0,20.578778135048232
510320 COLIDER,735.0,91,826.0,510320,Colíder,  5 103 205 ,   31 370,31370.0,26.330889384762514
510325 COLNIZA,282.0,56,338.0,510325,Colniza,  5 103 254 ,   25 766,25766.0,13.118062563067609
510330 COMODORO,273.0,32,305.0,510330,Comodoro,  5 103 304 ,   18 238,18238.0,16.723324925978726
510335 CONFRESA,399.0,127,526.0,510335,Confresa,  5 103 353 ,   35 075,35075.0,14.996436208125445
510336 CONQUISTA D'OESTE,105.0,1,106.0,510336,Conquista D'Oeste,  5 103 361 ,   3 760,3760.0,28.191489361702125
510337 COTRIGUACU,162.0,17,179.0,510337,Cotriguaçu,  5 103 379 ,   11 011,11011.0,16.256470801925346
510340 CUIABA,12816.0,4734,17550.0,510340,Cuiabá,  5 103 403 ,   650 877,650877.0,26.963619854442545
510343 CURVELANDIA,59.0,1,60.0,510343,Curvelândia,  5 103 437 ,   4 903,4903.0,12.23740566999796
510345 DENISE,76.0,7,83.0,510345,Denise,  5 103 452 ,   7 014,7014.0,11.833475905332193
510350 DIAMANTINO,449.0,15,464.0,510350,Diamantino,  5 103 502 ,   21 941,21941.0,21.14762317123194
510360 DOM AQUINO,110.0,1,111.0,510360,Dom Aquino,  5 103 601 ,   7 872,7872.0,14.100609756097562
510370 FELIZ NATAL,153.0,6,159.0,510370,Feliz Natal,  5 103 700 ,   10 521,10521.0,15.112631879098945
510380 FIGUEIROPOLIS D'OESTE,51.0,-,51.0,510380,Figueirópolis D'Oeste,  5 103 809 ,   3 187,3187.0,16.002510197678067
510385 GAUCHA DO NORTE,179.0,12,191.0,510385,Gaúcha do Norte,  5 103 858 ,   8 642,8642.0,22.101365424670217
510390 GENERAL CARNEIRO,92.0,-,92.0,510390,General Carneiro,  5 103 908 ,   6 037,6037.0,15.239357296670532
510395 GLORIA D'OESTE,49.0,-,49.0,510395,Glória D'Oeste,  5 103 957 ,   2 905,2905.0,16.867469879518072
510410 GUARANTA DO NORTE,488.0,76,564.0,510410,Guarantã do Norte,  5 104 104 ,   31 024,31024.0,18.17947395564724
510420 GUIRATINGA,136.0,8,144.0,510420,Guiratinga,  5 104 203 ,   10 966,10966.0,13.131497355462336
510450 INDIAVAI,39.0,-,39.0,510450,Indiavaí,  5 104 500 ,   2 213,2213.0,17.62313601446001
510452 IPIRANGA DO NORTE,115.0,7,122.0,510452,Ipiranga do Norte,  5 104 526 ,   7 815,7815.0,15.611004478566858
510454 ITANHANGA,89.0,1,90.0,510454,Itanhangá,  5 104 542 ,   7 539,7539.0,11.937922801432551
510455 ITAUBA,95.0,1,96.0,510455,Itaúba,  5 104 559 ,   5 020,5020.0,19.123505976095615
510460 ITIQUIRA,231.0,8,239.0,510460,Itiquira,  5 104 609 ,   12 236,12236.0,19.532526969597907
510480 JACIARA,378.0,71,449.0,510480,Jaciara,  5 104 807 ,   28 569,28569.0,15.716335888550526
510490 JANGADA,118.0,2,120.0,510490,Jangada,  5 104 906 ,   7 426,7426.0,16.159439806086723
510500 JAURU,124.0,3,127.0,510500,Jauru,  5 105 002 ,   8 367,8367.0,15.178678140313135
510510 JUARA,442.0,114,556.0,510510,Juara,  5 105 101 ,   34 906,34906.0,15.92849366871025
510515 JUINA,736.0,343,1079.0,510515,Juína,  5 105 150 ,   45 869,45869.0,23.52351261200375
510517 JURUENA,119.0,15,134.0,510517,Juruena,  5 105 176 ,   10 213,10213.0,13.120532654460003
510520 JUSCIMEIRA,175.0,3,178.0,510520,Juscimeira,  5 105 200 ,   11 480,11480.0,15.505226480836237
510523 LAMBARI D'OESTE,75.0,-,75.0,510523,Lambari D'Oeste,  5 105 234 ,   4 790,4790.0,15.657620041753653
510525 LUCAS DO RIO VERDE,1289.0,171,1460.0,510525,Lucas do Rio Verde,  5 105 259 ,   83 798,83798.0,17.42285018735531
510530 LUCIARA,76.0,-,76.0,510530,Luciara,  5 105 309 ,   2 509,2509.0,30.29095257074532
510550 VILA BELA DA SANTISSIMA TRINDADE,234.0,2,236.0,510550,Vila Bela da Santíssima Trindade,  5 105 507 ,   16 774,16774.0,14.06939310838202
510558 MARCELANDIA,158.0,6,164.0,510558,Marcelândia,  5 105 580 ,   11 396,11396.0,14.39101439101439
510560 MATUPA,242.0,58,300.0,510560,Matupá,  5 105 606 ,   20 091,20091.0,14.932059130954158
510562 MIRASSOL D'OESTE,243.0,61,304.0,510562,Mirassol d'Oeste,  5 105 622 ,   26 785,26785.0,11.349635990293075
510590 NOBRES,223.0,71,294.0,510590,Nobres,  5 105 903 ,   15 492,15492.0,18.977536793183578
510600 NORTELANDIA,96.0,3,99.0,510600,Nortelândia,  5 106 000 ,   5 956,5956.0,16.621893888515785
510610 NOSSA SENHORA DO LIVRAMENTO,121.0,2,123.0,510610,Nossa Senhora do Livramento,  5 106 109 ,   12 940,12940.0,9.505409582689335
510615 NOVA BANDEIRANTES,140.0,10,150.0,510615,Nova Bandeirantes,  5 106 158 ,   13 635,13635.0,11.001100110011002
510617 NOVA NAZARE,63.0,-,63.0,510617,Nova Nazaré,  5 106 174 ,   4 200,4200.0,15.0
510618 NOVA LACERDA,66.0,1,67.0,510618,Nova Lacerda,  5 106 182 ,   6 670,6670.0,10.044977511244378
510619 NOVA SANTA HELENA,80.0,-,80.0,510619,Nova Santa Helena,  5 106 190 ,   4 239,4239.0,18.87237556027365
510620 NOVA BRASILANDIA,80.0,-,80.0,510620,Nova Brasilândia,  5 106 208 ,   3 932,3932.0,20.345879959308242
510621 NOVA CANAA DO NORTE,152.0,3,155.0,510621,Nova Canaã do Norte,  5 106 216 ,   11 707,11707.0,13.239941915093533
510622 NOVA MUTUM,772.0,238,1010.0,510622,Nova Mutum,  5 106 224 ,   55 839,55839.0,18.087716470567166
510623 NOVA OLIMPIA,210.0,36,246.0,510623,Nova Olímpia,  5 106 232 ,   16 352,16352.0,15.044031311154598
510624 NOVA UBIRATA,174.0,-,174.0,510624,Nova Ubiratã,  5 106 240 ,   11 530,11530.0,15.091066782307024
510625 NOVA XAVANTINA,311.0,3,314.0,510625,Nova Xavantina,  5 106 257 ,   24 345,24345.0,12.897925652084616
510626 NOVO MUNDO,107.0,-,107.0,510626,Novo Mundo,  5 106 265 ,   6 520,6520.0,16.411042944785276
510627 NOVO HORIZONTE DO NORTE,82.0,7,89.0,510627,Novo Horizonte do Norte,  5 106 273 ,   3 349,3349.0,26.5750970438937
510628 NOVO SAO JOAQUIM,129.0,-,129.0,510628,Novo São Joaquim,  5 106 281 ,   6 919,6919.0,18.64431276195982
510629 PARANAITA,193.0,17,210.0,510629,Paranaíta,  5 106 299 ,   11 671,11671.0,17.99331676805758
510630 PARANATINGA,339.0,23,362.0,510630,Paranatinga,  5 106 307 ,   26 423,26423.0,13.70018544449911
510631 NOVO SANTO ANTONIO,57.0,-,57.0,510631,Novo Santo Antônio,  5 106 315 ,   2 015,2015.0,28.287841191066995
510637 PEDRA PRETA,167.0,6,173.0,510637,Pedra Preta,  5 106 372 ,   18 066,18066.0,9.575999114358464
510642 PEIXOTO DE AZEVEDO,563.0,15,578.0,510642,Peixoto de Azevedo,  5 106 422 ,   32 714,32714.0,17.66827657883475
510645 PLANALTO DA SERRA,72.0,-,72.0,510645,Planalto da Serra,  5 106 455 ,   3 166,3166.0,22.74162981680354
510650 POCONE,427.0,35,462.0,510650,Poconé,  5 106 505 ,   31 217,31217.0,14.799628407598425
510665 PONTAL DO ARAGUAIA,85.0,-,85.0,510665,Pontal do Araguaia,  5 106 653 ,   6 932,6932.0,12.26197345643393
510670 PONTE BRANCA,81.0,-,81.0,510670,Ponte Branca,  5 106 703 ,   2 008,2008.0,40.33864541832669
510675 PONTES E LACERDA,526.0,98,624.0,510675,Pontes e Lacerda,  5 106 752 ,   52 018,52018.0,11.995847591218423
510677 PORTO ALEGRE DO NORTE,150.0,-,150.0,510677,Porto Alegre do Norte,  5 106 778 ,   12 127,12127.0,12.369093757730683
510680 PORTO DOS GAUCHOS,122.0,3,125.0,510680,Porto dos Gaúchos,  5 106 802 ,   5 593,5593.0,22.349365278026106
510682 PORTO ESPERIDIAO,133.0,1,134.0,510682,Porto Esperidião,  5 106 828 ,   10 204,10204.0,13.132105056840453
510685 PORTO ESTRELA,52.0,-,52.0,510685,Porto Estrela,  5 106 851 ,   3 224,3224.0,16.129032258064516
510700 POXOREO,217.0,10,227.0,510700,Poxoréu,  5 107 008 ,   23 283,23283.0,9.749602714426835
510704 PRIMAVERA DO LESTE,1154.0,613,1767.0,510704,Primavera do Leste,  5 107 040 ,   85 146,85146.0,20.752589669508843
510706 QUERENCIA,422.0,66,488.0,510706,Querência,  5 107 065 ,   26 769,26769.0,18.230042213007582
510710 SAO JOSE DOS QUATRO MARCOS,150.0,15,165.0,510710,São José dos Quatro Marcos,  5 107 107 ,   17 849,17849.0,9.244215362205166
510715 RESERVA DO CABACAL,65.0,-,65.0,510715,Reserva do Cabaçal,  5 107 156 ,   2 122,2122.0,30.631479736098022
510718 RIBEIRAO CASCALHEIRA,146.0,8,154.0,510718,Ribeirão Cascalheira,  5 107 180 ,   10 089,10089.0,15.264149073248094
510719 RIBEIRAOZINHO,66.0,-,66.0,510719,Ribeirãozinho,  5 107 198 ,   2 593,2593.0,25.45314307751639
510720 RIO BRANCO,69.0,3,72.0,510720,Rio Branco,  5 107 206 ,   4 535,4535.0,15.87651598676957
510724 SANTA CARMEM,89.0,5,94.0,510724,Santa Carmem,  5 107 248 ,   5 374,5374.0,17.491626349088204
510726 SANTO AFONSO,73.0,-,73.0,510726,Santo Afonso,  5 107 263 ,   2 519,2519.0,28.979753870583565
510729 SAO JOSE DO POVO,62.0,-,62.0,510729,São José do Povo,  5 107 297 ,   2 875,2875.0,21.565217391304348
510730 SAO JOSE DO RIO CLARO,274.0,16,290.0,510730,São José do Rio Claro,  5 107 305 ,   14 911,14911.0,19.448729126148482
510735 SAO JOSE DO XINGU,97.0,-,97.0,510735,São José do Xingu,  5 107 354 ,   5 964,5964.0,16.26425217974514
510740 SAO PEDRO DA CIPA,48.0,-,48.0,510740,São Pedro da Cipa,  5 107 404 ,   4 191,4191.0,11.45311381531854
510757 RONDOLANDIA,62.0,1,63.0,510757,Rondolândia,  5 107 578 ,   3 505,3505.0,17.97432239657632
510760 RONDONOPOLIS,4417.0,830,5247.0,510760,Rondonópolis,  5 107 602 ,   244 911,244911.0,21.424109166186902
510770 ROSARIO OESTE,193.0,1,194.0,510770,Rosário Oeste,  5 107 701 ,   15 453,15453.0,12.5541965961302
510774 SANTA CRUZ DO XINGU,59.0,5,64.0,510774,Santa Cruz do Xingu,  5 107 743 ,   2 661,2661.0,24.0511086057873
510775 SALTO DO CEU,80.0,1,81.0,510775,Salto do Céu,  5 107 750 ,   3 679,3679.0,22.016852405544988
510776 SANTA RITA DO TRIVELATO,70.0,5,75.0,510776,Santa Rita do Trivelato,  5 107 768 ,   3 276,3276.0,22.89377289377289
510777 SANTA TEREZINHA,166.0,-,166.0,510777,Santa Terezinha,  5 107 776 ,   7 596,7596.0,21.853607161664033
510779 SANTO ANTONIO DO LESTE,61.0,-,61.0,510779,Santo Antônio do Leste,  5 107 792 ,   4 099,4099.0,14.881678458160527
510780 SANTO ANTONIO DO LEVERGER,288.0,-,288.0,510780,Santo Antônio de Leverger,  5 107 800 ,   15 246,15246.0,18.890200708382526
510785 SAO FELIX DO ARAGUAIA,265.0,5,270.0,510785,São Félix do Araguaia,  5 107 859 ,   13 621,13621.0,19.82233316202922
510787 SAPEZAL,333.0,45,378.0,510787,Sapezal,  5 107 875 ,   28 944,28944.0,13.059701492537313
510788 SERRA NOVA DOURADA,51.0,-,51.0,510788,Serra Nova Dourada,  5 107 883 ,   1 800,1800.0,28.333333333333332
510790 SINOP,2728.0,1175,3903.0,510790,Sinop,  5 107 909 ,   196 312,196312.0,19.881617017808388
510792 SORRISO,1527.0,571,2098.0,510792,Sorriso,  5 107 925 ,   110 635,110635.0,18.96325755863877
510794 TABAPORA,123.0,6,129.0,510794,Tabaporã,  5 107 941 ,   9 818,9818.0,13.139132206151967
510795 TANGARA DA SERRA,1149.0,705,1854.0,510795,Tangará da Serra,  5 107 958 ,   106 434,106434.0,17.419245729748013
510800 TAPURAH,166.0,13,179.0,510800,Tapurah,  5 108 006 ,   14 370,14370.0,12.45650661099513
510805 TERRA NOVA DO NORTE,143.0,4,147.0,510805,Terra Nova do Norte,  5 108 055 ,   10 616,10616.0,13.847023360964581
510810 TESOURO,74.0,-,74.0,510810,Tesouro,  5 108 105 ,   3 025,3025.0,24.462809917355372
510820 TORIXOREU,94.0,1,95.0,510820,Torixoréu,  5 108 204 ,   4 164,4164.0,22.81460134486071
510830 UNIAO DO SUL,77.0,6,83.0,510830,União do Sul,  5 108 303 ,   3 838,3838.0,21.625846795205835
510835 VALE DE SAO DOMINGOS,71.0,-,71.0,510835,Vale de São Domingos,  5 108 352 ,   2 904,2904.0,24.44903581267218
510840 VARZEA GRANDE,3364.0,428,3792.0,510840,Várzea Grande,  5 108 402 ,   300 078,300078.0,12.636714454241897
510850 VERA,116.0,11,127.0,510850,Vera,  5 108 501 ,   12 800,12800.0,9.921875
510860 VILA RICA,200.0,34,234.0,510860,Vila Rica,  5 108 600 ,   19 888,19888.0,11.765888978278358
510880 NOVA GUARITA,72.0,1,73.0,510880,Nova Guarita,  5 108 808 ,   4 590,4590.0,15.9041394335512
510885 NOVA MARILANDIA,78.0,-,78.0,510885,Nova Marilândia,  5 108 857 ,   3 529,3529.0,22.102578634173984
510890 NOVA MARINGA,101.0,1,102.0,510890,Nova Maringá,  5 108 907 ,   5 846,5846.0,17.447827574409853
510895 NOVA MONTE VERDE,105.0,-,105.0,510895,Nova Monte Verde,  5 108 956 ,   8 313,8313.0,12.630819198845183
520005 ABADIA DE GOIAS,159.0,10,169.0,520005,Abadia de Goiás,  5 200 050 ,   19 128,19128.0,8.83521539104977
520010 ABADIANIA,255.0,19,274.0,520010,Abadiânia,  5 200 100 ,   17 232,17232.0,15.900649953574746
520013 ACREUNA,258.0,38,296.0,520013,Acreúna,  5 200 134 ,   21 568,21568.0,13.724035608308606
520015 ADELANDIA,41.0,-,41.0,520015,Adelândia,  5 200 159 ,   2 297,2297.0,17.84936874183718
520017 AGUA FRIA DE GOIAS,100.0,-,100.0,520017,Água Fria de Goiás,  5 200 175 ,   4 954,4954.0,20.185708518368994
520020 AGUA LIMPA,31.0,-,31.0,520020,Água Limpa,  5 200 209 ,   1 858,1858.0,16.684607104413345
520025 AGUAS LINDAS DE GOIAS,1703.0,202,1905.0,520025,Águas Lindas de Goiás,  5 200 258 ,   225 693,225693.0,8.440669404899575
520030 ALEXANIA,356.0,19,375.0,520030,Alexânia,  5 200 308 ,   27 008,27008.0,13.884774881516588
520050 ALOANDIA,47.0,2,49.0,520050,Aloândia,  5 200 506 ,   1 973,1973.0,24.835276229092752
520055 ALTO HORIZONTE,187.0,4,191.0,520055,Alto Horizonte,  5 200 555 ,   6 072,6072.0,31.455862977602113
520060 ALTO PARAISO DE GOIAS,185.0,29,214.0,520060,Alto Paraíso de Goiás,  5 200 605 ,   10 306,10306.0,20.76460314379973
520080 ALVORADA DO NORTE,179.0,6,185.0,520080,Alvorada do Norte,  5 200 803 ,   8 446,8446.0,21.90385981529718
520082 AMARALINA,59.0,-,59.0,520082,Amaralina,  5 200 829 ,   3 268,3268.0,18.053855569155445
520085 AMERICANO DO BRASIL,77.0,4,81.0,520085,Americano do Brasil,  5 200 852 ,   5 259,5259.0,15.40216771249287
520090 AMORINOPOLIS,73.0,-,73.0,520090,Amorinópolis,  5 200 902 ,   3 007,3007.0,24.276687728633192
520110 ANAPOLIS,6582.0,2322,8904.0,520110,Anápolis,  5 201 108 ,   398 869,398869.0,22.323118617892092
520120 ANHANGUERA,30.0,-,30.0,520120,Anhanguera,  5 201 207 ,924,924.0,32.467532467532465
520130 ANICUNS,259.0,18,277.0,520130,Anicuns,  5 201 306 ,   18 503,18503.0,14.970545316975626
520140 APARECIDA DE GOIANIA,7300.0,807,8107.0,520140,Aparecida de Goiânia,  5 201 405 ,   527 796,527796.0,15.36010125124101
520145 APARECIDA DO RIO DOCE,53.0,-,53.0,520145,Aparecida do Rio Doce,  5 201 454 ,   2 907,2907.0,18.23185414516684
520150 APORE,96.0,-,96.0,520150,Aporé,  5 201 504 ,   4 325,4325.0,22.196531791907514
520160 ARACU,97.0,11,108.0,520160,Araçu,  5 201 603 ,   3 799,3799.0,28.428533824690707
520170 ARAGARCAS,274.0,6,280.0,520170,Aragarças,  5 201 702 ,   18 390,18390.0,15.225666122892877
520180 ARAGOIANIA,135.0,5,140.0,520180,Aragoiânia,  5 201 801 ,   11 890,11890.0,11.774600504625736
520215 ARAGUAPAZ,102.0,-,102.0,520215,Araguapaz,  5 202 155 ,   7 153,7153.0,14.259751153362226
520235 ARENOPOLIS,86.0,-,86.0,520235,Arenópolis,  5 202 353 ,   2 946,2946.0,29.19212491513917
520250 ARUANA,90.0,3,93.0,520250,Aruanã,  5 202 502 ,   8 300,8300.0,11.204819277108433
520260 AURILANDIA,50.0,8,58.0,520260,Aurilândia,  5 202 601 ,   3 284,3284.0,17.66138855054811
520280 AVELINOPOLIS,58.0,-,58.0,520280,Avelinópolis,  5 202 809 ,   2 868,2868.0,20.223152022315205
520310 BALIZA,62.0,-,62.0,520310,Baliza,  5 203 104 ,   3 351,3351.0,18.501939719486717
520320 BARRO ALTO,196.0,29,225.0,520320,Barro Alto,  5 203 203 ,   10 371,10371.0,21.695111368238354
520330 BELA VISTA DE GOIAS,408.0,37,445.0,520330,Bela Vista de Goiás,  5 203 302 ,   34 445,34445.0,12.91914646537959
520340 BOM JARDIM DE GOIAS,103.0,6,109.0,520340,Bom Jardim de Goiás,  5 203 401 ,   7 826,7826.0,13.927932532583695
520350 BOM JESUS DE GOIAS,274.0,32,306.0,520350,Bom Jesus de Goiás,  5 203 500 ,   23 958,23958.0,12.772351615326823
520355 BONFINOPOLIS,129.0,-,129.0,520355,Bonfinópolis,  5 203 559 ,   10 296,10296.0,12.52913752913753
520357 BONOPOLIS,67.0,2,69.0,520357,Bonópolis,  5 203 575 ,   3 299,3299.0,20.915428917853898
520360 BRAZABRANTES,81.0,-,81.0,520360,Brazabrantes,  5 203 609 ,   3 992,3992.0,20.29058116232465
520380 BRITANIA,135.0,5,140.0,520380,Britânia,  5 203 807 ,   5 695,5695.0,24.582967515364356
520390 BURITI ALEGRE,133.0,7,140.0,520390,Buriti Alegre,  5 203 906 ,   10 495,10495.0,13.33968556455455
520393 BURITI DE GOIAS,62.0,-,62.0,520393,Buriti de Goiás,  5 203 939 ,   2 732,2732.0,22.693997071742313
520396 BURITINOPOLIS,49.0,-,49.0,520396,Buritinópolis,  5 203 962 ,   3 145,3145.0,15.580286168521463
520400 CABECEIRAS,105.0,1,106.0,520400,Cabeceiras,  5 204 003 ,   7 560,7560.0,14.02116402116402
520410 CACHOEIRA ALTA,127.0,4,131.0,520410,Cachoeira Alta,  5 204 102 ,   11 513,11513.0,11.378441761487016
520420 CACHOEIRA DE GOIAS,45.0,-,45.0,520420,Cachoeira de Goiás,  5 204 201 ,   1 405,1405.0,32.028469750889684
520425 CACHOEIRA DOURADA,127.0,7,134.0,520425,Cachoeira Dourada,  5 204 250 ,   7 782,7782.0,17.219223849910048
520430 CACU,191.0,20,211.0,520430,Caçu,  5 204 300 ,   13 774,13774.0,15.31871642224481
520440 CAIAPONIA,212.0,5,217.0,520440,Caiapônia,  5 204 409 ,   16 513,16513.0,13.141161509114031
520450 CALDAS NOVAS,1126.0,217,1343.0,520450,Caldas Novas,  5 204 508 ,   98 622,98622.0,13.617651234004583
520455 CALDAZINHA,60.0,-,60.0,520455,Caldazinha,  5 204 557 ,   4 507,4507.0,13.312624805857554
520460 CAMPESTRE DE GOIAS,54.0,-,54.0,520460,Campestre de Goiás,  5 204 607 ,   3 755,3755.0,14.380825565912117
520465 CAMPINACU,117.0,2,119.0,520465,Campinaçu,  5 204 656 ,   3 708,3708.0,32.09277238403452
520470 CAMPINORTE,128.0,15,143.0,520470,Campinorte,  5 204 706 ,   12 510,12510.0,11.430855315747403
520480 CAMPO ALEGRE DE GOIAS,120.0,3,123.0,520480,Campo Alegre de Goiás,  5 204 805 ,   7 422,7422.0,16.572352465642684
520485 CAMPO LIMPO DE GOIAS,102.0,-,102.0,520485,Campo Limpo de Goiás,  5 204 854 ,   8 081,8081.0,12.62220022274471
520490 CAMPOS BELOS,296.0,70,366.0,520490,Campos Belos,  5 204 904 ,   18 108,18108.0,20.212060967528167
520495 CAMPOS VERDES,62.0,-,62.0,520495,Campos Verdes,  5 204 953 ,   4 005,4005.0,15.480649188514358
520500 CARMO DO RIO VERDE,123.0,3,126.0,520500,Carmo do Rio Verde,  5 205 000 ,   9 710,9710.0,12.976313079299691
520505 CASTELANDIA,67.0,-,67.0,520505,Castelândia,  5 205 059 ,   2 985,2985.0,22.445561139028477
520510 CATALAO,1317.0,644,1961.0,520510,Catalão,  5 205 109 ,   114 427,114427.0,17.13756368689208
520520 CATURAI,78.0,1,79.0,520520,Caturaí,  5 205 208 ,   5 184,5184.0,15.239197530864198
520530 CAVALCANTE,145.0,-,145.0,520530,Cavalcante,  5 205 307 ,   9 583,9583.0,15.130961076907022
520540 CERES,792.0,190,982.0,520540,Ceres,  5 205 406 ,   22 046,22046.0,44.543227796425654
520545 CEZARINA,127.0,2,129.0,520545,Cezarina,  5 205 455 ,   8 090,8090.0,15.945611866501855
520547 CHAPADAO DO CEU,215.0,5,220.0,520547,Chapadão do Céu,  5 205 471 ,   12 870,12870.0,17.094017094017097
520549 CIDADE OCIDENTAL,628.0,53,681.0,520549,Cidade Ocidental,  5 205 497 ,   91 767,91767.0,7.420968321945797
520551 COCALZINHO DE GOIAS,315.0,21,336.0,520551,Cocalzinho de Goiás,  5 205 513 ,   25 016,25016.0,13.431403901503039
520552 COLINAS DO SUL,76.0,-,76.0,520552,Colinas do Sul,  5 205 521 ,   4 030,4030.0,18.858560794044667
520570 CORREGO DO OURO,43.0,-,43.0,520570,Córrego do Ouro,  5 205 703 ,   2 454,2454.0,17.52241238793806
520580 CORUMBA DE GOIAS,155.0,7,162.0,520580,Corumbá de Goiás,  5 205 802 ,   10 562,10562.0,15.338004165877676
520590 CORUMBAIBA,139.0,2,141.0,520590,Corumbaíba,  5 205 901 ,   9 164,9164.0,15.386294194674814
520620 CRISTALINA,770.0,59,829.0,520620,Cristalina,  5 206 206 ,   62 337,62337.0,13.298682965173171
520630 CRISTIANOPOLIS,48.0,2,50.0,520630,Cristianópolis,  5 206 305 ,   3 504,3504.0,14.269406392694064
520640 CRIXAS,263.0,59,322.0,520640,Crixás,  5 206 404 ,   17 065,17065.0,18.86903017872839
520650 CROMINIA,97.0,-,97.0,520650,Cromínia,  5 206 503 ,   3 883,3883.0,24.980685037342262
520660 CUMARI,51.0,-,51.0,520660,Cumari,  5 206 602 ,   2 927,2927.0,17.42398360095661
520670 DAMIANOPOLIS,85.0,-,85.0,520670,Damianópolis,  5 206 701 ,   3 770,3770.0,22.546419098143236
520680 DAMOLANDIA,83.0,-,83.0,520680,Damolândia,  5 206 800 ,   2 724,2724.0,30.469897209985316
520690 DAVINOPOLIS,48.0,-,48.0,520690,Davinópolis,  5 206 909 ,   1 902,1902.0,25.236593059936908
520710 DIORAMA,101.0,-,101.0,520710,Diorama,  5 207 105 ,   2 062,2062.0,48.9815712900097
520725 DOVERLANDIA,102.0,-,102.0,520725,Doverlândia,  5 207 253 ,   6 956,6956.0,14.66359976998275
520735 EDEALINA,117.0,-,117.0,520735,Edealina,  5 207 352 ,   4 001,4001.0,29.24268932766808
520740 EDEIA,190.0,15,205.0,520740,Edéia,  5 207 402 ,   11 747,11747.0,17.451264152549587
520750 ESTRELA DO NORTE,66.0,-,66.0,520750,Estrela do Norte,  5 207 501 ,   3 205,3205.0,20.59282371294852
520753 FAINA,109.0,-,109.0,520753,Faina,  5 207 535 ,   7 070,7070.0,15.417256011315418
520760 FAZENDA NOVA,92.0,-,92.0,520760,Fazenda Nova,  5 207 600 ,   5 877,5877.0,15.654245363280587
520780 FIRMINOPOLIS,128.0,16,144.0,520780,Firminópolis,  5 207 808 ,   10 419,10419.0,13.820904117477685
520790 FLORES DE GOIAS,190.0,1,191.0,520790,Flores de Goiás,  5 207 907 ,   13 744,13744.0,13.89697322467986
520800 FORMOSA,1811.0,352,2163.0,520800,Formosa,  5 208 004 ,   115 901,115901.0,18.662479184821528
520810 FORMOSO,75.0,1,76.0,520810,Formoso,  5 208 103 ,   4 660,4660.0,16.30901287553648
520815 GAMELEIRA DE GOIAS,75.0,2,77.0,520815,Gameleira de Goiás,  5 208 152 ,   3 456,3456.0,22.28009259259259
520830 DIVINOPOLIS DE GOIAS,108.0,2,110.0,520830,Divinópolis de Goiás,  5 208 301 ,   4 457,4457.0,24.680278214045323
520840 GOIANAPOLIS,158.0,30,188.0,520840,Goianápolis,  5 208 400 ,   13 967,13967.0,13.460299276866902
520850 GOIANDIRA,57.0,-,57.0,520850,Goiandira,  5 208 509 ,   4 973,4973.0,11.461894228835712
520860 GOIANESIA,954.0,171,1125.0,520860,Goianésia,  5 208 608 ,   73 707,73707.0,15.263136472790915
520870 GOIANIA,29357.0,8795,38152.0,520870,Goiânia,  5 208 707 ,  1 437 366,1437366.0,26.5429960079757
520880 GOIANIRA,372.0,14,386.0,520880,Goianira,  5 208 806 ,   71 916,71916.0,5.367373046331831
520890 GOIAS,551.0,19,570.0,520890,Goiás,  5 208 905 ,   24 071,24071.0,23.679946823979062
520910 GOIATUBA,493.0,193,686.0,520910,Goiatuba,  5 209 101 ,   35 664,35664.0,19.23508299685958
520915 GOUVELANDIA,97.0,1,98.0,520915,Gouvelândia,  5 209 150 ,   4 390,4390.0,22.32346241457859
520920 GUAPO,185.0,5,190.0,520920,Guapó,  5 209 200 ,   19 545,19545.0,9.721156305960603
520929 GUARAITA,58.0,-,58.0,520929,Guaraíta,  5 209 291 ,   2 188,2188.0,26.508226691042047
520940 GUARANI DE GOIAS,50.0,-,50.0,520940,Guarani de Goiás,  5 209 408 ,   4 085,4085.0,12.239902080783354
520945 GUARINOS,40.0,-,40.0,520945,Guarinos,  5 209 457 ,   2 161,2161.0,18.509949097639982
520960 HEITORAI,65.0,13,78.0,520960,Heitoraí,  5 209 606 ,   3 354,3354.0,23.25581395348837
520970 HIDROLANDIA,258.0,5,263.0,520970,Hidrolândia,  5 209 705 ,   27 742,27742.0,9.480210511138345
520980 HIDROLINA,82.0,-,82.0,520980,Hidrolina,  5 209 804 ,   3 545,3545.0,23.1311706629055
520990 IACIARA,133.0,-,133.0,520990,Iaciara,  5 209 903 ,   10 584,10584.0,12.566137566137565
520993 INACIOLANDIA,120.0,6,126.0,520993,Inaciolândia,  5 209 937 ,   5 954,5954.0,21.16224386966745
520995 INDIARA,239.0,8,247.0,520995,Indiara,  5 209 952 ,   17 061,17061.0,14.477463220209836
521000 INHUMAS,666.0,114,780.0,521000,Inhumas,  5 210 000 ,   52 204,52204.0,14.94138380200751
521010 IPAMERI,526.0,90,616.0,521010,Ipameri,  5 210 109 ,   25 548,25548.0,24.111476436511662
521015 IPIRANGA DE GOIAS,42.0,1,43.0,521015,Ipiranga de Goiás,  5 210 158 ,   2 919,2919.0,14.73107228502912
521020 IPORA,476.0,197,673.0,521020,Iporá,  5 210 208 ,   35 684,35684.0,18.859993274296606
521030 ISRAELANDIA,48.0,-,48.0,521030,Israelândia,  5 210 307 ,   2 560,2560.0,18.75
521040 ITABERAI,512.0,140,652.0,521040,Itaberaí,  5 210 406 ,   44 734,44734.0,14.575043591004606
521056 ITAGUARI,74.0,-,74.0,521056,Itaguari,  5 210 562 ,   4 963,4963.0,14.910336490026195
521060 ITAGUARU,92.0,2,94.0,521060,Itaguaru,  5 210 604 ,   4 904,4904.0,19.168026101141926
521080 ITAJA,81.0,-,81.0,521080,Itajá,  5 210 802 ,   4 380,4380.0,18.493150684931507
521090 ITAPACI,274.0,79,353.0,521090,Itapaci,  5 210 901 ,   21 087,21087.0,16.740171669749135
521100 ITAPIRAPUA,100.0,-,100.0,521100,Itapirapuã,  5 211 008 ,   8 007,8007.0,12.489072061945798
521120 ITAPURANGA,285.0,38,323.0,521120,Itapuranga,  5 211 206 ,   26 113,26113.0,12.369317964232375
521130 ITARUMA,125.0,3,128.0,521130,Itarumã,  5 211 305 ,   6 101,6101.0,20.98016718570726
521140 ITAUCU,123.0,1,124.0,521140,Itauçu,  5 211 404 ,   7 736,7736.0,16.028955532574976
521150 ITUMBIARA,1959.0,587,2546.0,521150,Itumbiara,  5 211 503 ,   107 970,107970.0,23.580624247476152
521160 IVOLANDIA,101.0,-,101.0,521160,Ivolândia,  5 211 602 ,   2 693,2693.0,37.50464166357222
521170 JANDAIA,110.0,-,110.0,521170,Jandaia,  5 211 701 ,   6 272,6272.0,17.538265306122447
521180 JARAGUA,631.0,55,686.0,521180,Jaraguá,  5 211 800 ,   45 223,45223.0,15.16927227295845
521190 JATAI,1709.0,363,2072.0,521190,Jataí,  5 211 909 ,   105 729,105729.0,19.5972722715622
521200 JAUPACI,63.0,-,63.0,521200,Jaupaci,  5 212 006 ,   2 924,2924.0,21.545827633378934
521205 JESUPOLIS,39.0,-,39.0,521205,Jesúpolis,  5 212 055 ,   2 123,2123.0,18.37023080546397
521210 JOVIANIA,139.0,4,143.0,521210,Joviânia,  5 212 105 ,   7 159,7159.0,19.974856823578712
521220 JUSSARA,271.0,81,352.0,521220,Jussara,  5 212 204 ,   19 620,19620.0,17.940876656472984
521225 LAGOA SANTA,31.0,-,31.0,521225,Lagoa Santa,  5 212 253 ,   1 390,1390.0,22.302158273381295
521230 LEOPOLDO DE BULHOES,79.0,-,79.0,521230,Leopoldo de Bulhões,  5 212 303 ,   8 745,8745.0,9.033733562035447
521250 LUZIANIA,2088.0,537,2625.0,521250,Luziânia,  5 212 501 ,   209 129,209129.0,12.552061167987222
521260 MAIRIPOTABA,43.0,-,43.0,521260,Mairipotaba,  5 212 600 ,   2 561,2561.0,16.79031628270207
521270 MAMBAI,118.0,2,120.0,521270,Mambaí,  5 212 709 ,   8 124,8124.0,14.771048744460856
521280 MARA ROSA,137.0,24,161.0,521280,Mara Rosa,  5 212 808 ,   10 700,10700.0,15.046728971962617
521290 MARZAGAO,59.0,-,59.0,521290,Marzagão,  5 212 907 ,   2 758,2758.0,21.392313270485857
521295 MATRINCHA,66.0,-,66.0,521295,Matrinchã,  5 212 956 ,   4 042,4042.0,16.32855022266205
521300 MAURILANDIA,143.0,1,144.0,521300,Maurilândia,  5 213 004 ,   10 304,10304.0,13.975155279503106
521305 MIMOSO DE GOIAS,39.0,-,39.0,521305,Mimoso de Goiás,  5 213 053 ,   2 614,2614.0,14.919663351185923
521308 MINACU,367.0,58,425.0,521308,Minaçu,  5 213 087 ,   27 075,27075.0,15.69713758079409
521310 MINEIROS,1124.0,187,1311.0,521310,Mineiros,  5 213 103 ,   70 081,70081.0,18.70692484410896
521340 MOIPORA,46.0,-,46.0,521340,Moiporá,  5 213 400 ,   1 685,1685.0,27.299703264094955
521350 MONTE ALEGRE DE GOIAS,116.0,9,125.0,521350,Monte Alegre de Goiás,  5 213 509 ,   6 692,6692.0,18.67901972504483
521370 MONTES CLAROS DE GOIAS,119.0,3,122.0,521370,Montes Claros de Goiás,  5 213 707 ,   8 756,8756.0,13.933302878026497
521375 MONTIVIDIU,145.0,3,148.0,521375,Montividiu,  5 213 756 ,   12 521,12521.0,11.820142161169237
521377 MONTIVIDIU DO NORTE,53.0,1,54.0,521377,Montividiu do Norte,  5 213 772 ,   3 779,3779.0,14.289494575284467
521380 MORRINHOS,568.0,152,720.0,521380,Morrinhos,  5 213 806 ,   51 351,51351.0,14.021148565753345
521385 MORRO AGUDO DE GOIAS,48.0,-,48.0,521385,Morro Agudo de Goiás,  5 213 855 ,   2 456,2456.0,19.543973941368076
521390 MOSSAMEDES,65.0,-,65.0,521390,Mossâmedes,  5 213 905 ,   4 654,4654.0,13.966480446927374
521400 MOZARLANDIA,232.0,46,278.0,521400,Mozarlândia,  5 214 002 ,   14 750,14750.0,18.847457627118644
521405 MUNDO NOVO,128.0,-,128.0,521405,Mundo Novo,  5 214 051 ,   6 189,6189.0,20.68185490386169
521410 MUTUNOPOLIS,56.0,-,56.0,521410,Mutunópolis,  5 214 101 ,   3 564,3564.0,15.712682379349047
521440 NAZARIO,135.0,1,136.0,521440,Nazário,  5 214 408 ,   8 189,8189.0,16.607644401025766
521450 NEROPOLIS,526.0,9,535.0,521450,Nerópolis,  5 214 507 ,   31 932,31932.0,16.754353000125267
521460 NIQUELANDIA,361.0,167,528.0,521460,Niquelândia,  5 214 606 ,   34 964,34964.0,15.101246996911108
521470 NOVA AMERICA,47.0,1,48.0,521470,Nova América,  5 214 705 ,   2 337,2337.0,20.53915275994865
521480 NOVA AURORA,43.0,1,44.0,521480,Nova Aurora,  5 214 804 ,   2 101,2101.0,20.942408376963353
521483 NOVA CRIXAS,135.0,4,139.0,521483,Nova Crixás,  5 214 838 ,   12 815,12815.0,10.846664065548186
521486 NOVA GLORIA,75.0,1,76.0,521486,Nova Glória,  5 214 861 ,   8 310,8310.0,9.14560770156438
521487 NOVA IGUACU DE GOIAS,48.0,-,48.0,521487,Nova Iguaçu de Goiás,  5 214 879 ,   3 010,3010.0,15.946843853820596
521490 NOVA ROMA,62.0,-,62.0,521490,Nova Roma,  5 214 903 ,   3 076,3076.0,20.156046814044213
521500 NOVA VENEZA,104.0,1,105.0,521500,Nova Veneza,  5 215 009 ,   9 481,9481.0,11.07478114122983
521520 NOVO BRASIL,63.0,-,63.0,521520,Novo Brasil,  5 215 207 ,   3 527,3527.0,17.862205840657783
521523 NOVO GAMA,690.0,32,722.0,521523,Novo Gama,  5 215 231 ,   103 804,103804.0,6.955415976262957
521525 NOVO PLANALTO,59.0,1,60.0,521525,Novo Planalto,  5 215 256 ,   3 716,3716.0,16.146393972012916
521530 ORIZONA,203.0,17,220.0,521530,Orizona,  5 215 306 ,   16 399,16399.0,13.415452161717177
521540 OURO VERDE DE GOIAS,75.0,-,75.0,521540,Ouro Verde de Goiás,  5 215 405 ,   4 057,4057.0,18.486566428395367
521550 OUVIDOR,85.0,7,92.0,521550,Ouvidor,  5 215 504 ,   7 200,7200.0,12.777777777777779
521560 PADRE BERNARDO,345.0,17,362.0,521560,Padre Bernardo,  5 215 603 ,   34 967,34967.0,10.352618182858123
521565 PALESTINA DE GOIAS,66.0,-,66.0,521565,Palestina de Goiás,  5 215 652 ,   3 132,3132.0,21.072796934865902
521570 PALMEIRAS DE GOIAS,293.0,39,332.0,521570,Palmeiras de Goiás,  5 215 702 ,   31 858,31858.0,10.42124427145458
521580 PALMELO,106.0,2,108.0,521580,Palmelo,  5 215 801 ,   2 259,2259.0,47.808764940239044
521590 PALMINOPOLIS,81.0,-,81.0,521590,Palminópolis,  5 215 900 ,   3 851,3851.0,21.033497792781095
521600 PANAMA,53.0,2,55.0,521600,Panamá,  5 216 007 ,   2 455,2455.0,22.40325865580448
521630 PARANAIGUARA,122.0,7,129.0,521630,Paranaiguara,  5 216 304 ,   7 607,7607.0,16.95806494018667
521640 PARAUNA,198.0,8,206.0,521640,Paraúna,  5 216 403 ,   10 659,10659.0,19.326390843418707
521645 PEROLANDIA,78.0,-,78.0,521645,Perolândia,  5 216 452 ,   2 964,2964.0,26.31578947368421
521680 PETROLINA DE GOIAS,124.0,11,135.0,521680,Petrolina de Goiás,  5 216 809 ,   9 573,9573.0,14.102162331557505
521690 PILAR DE GOIAS,64.0,1,65.0,521690,Pilar de Goiás,  5 216 908 ,   2 328,2328.0,27.920962199312715
521710 PIRACANJUBA,331.0,100,431.0,521710,Piracanjuba,  5 217 104 ,   24 883,24883.0,17.321062572840894
521720 PIRANHAS,128.0,8,136.0,521720,Piranhas,  5 217 203 ,   11 712,11712.0,11.612021857923498
521730 PIRENOPOLIS,434.0,13,447.0,521730,Pirenópolis,  5 217 302 ,   26 690,26690.0,16.747845635069314
521740 PIRES DO RIO,339.0,104,443.0,521740,Pires do Rio,  5 217 401 ,   32 373,32373.0,13.684243042041208
521760 PLANALTINA,940.0,36,976.0,521760,Planaltina,  5 217 609 ,   105 031,105031.0,9.292494596833315
521770 PONTALINA,220.0,24,244.0,521770,Pontalina,  5 217 708 ,   18 309,18309.0,13.326779179638429
521800 PORANGATU,495.0,95,590.0,521800,Porangatu,  5 218 003 ,   44 317,44317.0,13.313175530834668
521805 PORTEIRAO,58.0,3,61.0,521805,Porteirão,  5 218 052 ,   4 070,4070.0,14.987714987714988
521810 PORTELANDIA,76.0,-,76.0,521810,Portelândia,  5 218 102 ,   3 280,3280.0,23.170731707317074
521830 POSSE,490.0,47,537.0,521830,Posse,  5 218 300 ,   34 914,34914.0,15.380649596150542
521839 PROFESSOR JAMIL,59.0,-,59.0,521839,Professor Jamil,  5 218 391 ,   3 649,3649.0,16.168813373526994
521850 QUIRINOPOLIS,733.0,297,1030.0,521850,Quirinópolis,  5 218 508 ,   48 447,48447.0,21.26034635787562
521860 RIALMA,142.0,16,158.0,521860,Rialma,  5 218 607 ,   12 165,12165.0,12.988080558980682
521870 RIANAPOLIS,55.0,16,71.0,521870,Rianápolis,  5 218 706 ,   3 980,3980.0,17.839195979899497
521878 RIO QUENTE,107.0,1,108.0,521878,Rio Quente,  5 218 789 ,   3 864,3864.0,27.950310559006212
521880 RIO VERDE,3643.0,1081,4724.0,521880,Rio Verde,  5 218 805 ,   225 696,225696.0,20.93080958457394
521890 RUBIATABA,267.0,16,283.0,521890,Rubiataba,  5 218 904 ,   19 788,19788.0,14.301596927430765
521900 SANCLERLANDIA,108.0,6,114.0,521900,Sanclerlândia,  5 219 001 ,   7 918,7918.0,14.397575145238697
521910 SANTA BARBARA DE GOIAS,89.0,21,110.0,521910,Santa Bárbara de Goiás,  5 219 100 ,   6 149,6149.0,17.889087656529515
521920 SANTA CRUZ DE GOIAS,70.0,1,71.0,521920,Santa Cruz de Goiás,  5 219 209 ,   3 002,3002.0,23.650899400399734
521925 SANTA FE DE GOIAS,80.0,-,80.0,521925,Santa Fé de Goiás,  5 219 258 ,   4 951,4951.0,16.158351848111494
521930 SANTA HELENA DE GOIAS,1092.0,61,1153.0,521930,Santa Helena de Goiás,  5 219 308 ,   38 492,38492.0,29.954276213239115
521935 SANTA ISABEL,57.0,1,58.0,521935,Santa Isabel,  5 219 357 ,   3 538,3538.0,16.393442622950822
521940 SANTA RITA DO ARAGUAIA,59.0,-,59.0,521940,Santa Rita do Araguaia,  5 219 407 ,   5 924,5924.0,9.959486833220796
521945 SANTA RITA DO NOVO DESTINO,48.0,-,48.0,521945,Santa Rita do Novo Destino,  5 219 456 ,   2 689,2689.0,17.850502045370025
521950 SANTA ROSA DE GOIAS,61.0,-,61.0,521950,Santa Rosa de Goiás,  5 219 506 ,   2 820,2820.0,21.631205673758867
521960 SANTA TEREZA DE GOIAS,105.0,-,105.0,521960,Santa Tereza de Goiás,  5 219 605 ,   3 293,3293.0,31.885818402672335
521970 SANTA TEREZINHA DE GOIAS,115.0,6,121.0,521970,Santa Terezinha de Goiás,  5 219 704 ,   10 645,10645.0,11.366838891498357
521971 SANTO ANTONIO DA BARRA,79.0,2,81.0,521971,Santo Antônio da Barra,  5 219 712 ,   4 267,4267.0,18.982891961565503
521973 SANTO ANTONIO DE GOIAS,112.0,2,114.0,521973,Santo Antônio de Goiás,  5 219 738 ,   7 386,7386.0,15.434606011372868
521975 SANTO ANTONIO DO DESCOBERTO,445.0,138,583.0,521975,Santo Antônio do Descoberto,  5 219 753 ,   72 127,72127.0,8.082964770474302
521980 SAO DOMINGOS,113.0,-,113.0,521980,São Domingos,  5 219 803 ,   9 711,9711.0,11.63628874472248
521990 SAO FRANCISCO DE GOIAS,99.0,2,101.0,521990,São Francisco de Goiás,  5 219 902 ,   6 378,6378.0,15.83568516776419
522000 SAO JOAO D'ALIANCA,161.0,1,162.0,522000,São João d'Aliança,  5 220 009 ,   14 041,14041.0,11.537639769247205
522005 SAO JOAO DA PARAUNA,39.0,-,39.0,522005,São João da Paraúna,  5 220 058 ,   1 774,1774.0,21.984216459977453
522010 SAO LUIS DE MONTES BELOS,686.0,118,804.0,522010,São Luís de Montes Belos,  5 220 108 ,   33 852,33852.0,23.750443105281814
522015 SAO LUIZ DO NORTE,107.0,1,108.0,522015,São Luiz do Norte,  5 220 157 ,   4 837,4837.0,22.327889187512923
522020 SAO MIGUEL DO ARAGUAIA,262.0,41,303.0,522020,São Miguel do Araguaia,  5 220 207 ,   21 900,21900.0,13.835616438356164
522026 SAO MIGUEL DO PASSA QUATRO,65.0,-,65.0,522026,São Miguel do Passa Quatro,  5 220 264 ,   4 464,4464.0,14.560931899641577
522028 SAO PATRICIO,38.0,-,38.0,522028,São Patrício,  5 220 280 ,   2 143,2143.0,17.73215118992067
522040 SAO SIMAO,342.0,44,386.0,522040,São Simão,  5 220 405 ,   17 020,17020.0,22.679200940070505
522045 SENADOR CANEDO,1476.0,85,1561.0,522045,Senador Canedo,  5 220 454 ,   155 635,155635.0,10.029877598226621
522050 SERRANOPOLIS,81.0,1,82.0,522050,Serranópolis,  5 220 504 ,   8 027,8027.0,10.215522611187243
522060 SILVANIA,296.0,24,320.0,522060,Silvânia,  5 220 603 ,   22 245,22245.0,14.385255113508654
522068 SIMOLANDIA,89.0,-,89.0,522068,Simolândia,  5 220 686 ,   5 742,5742.0,15.499825844653431
522070 SITIO D'ABADIA,52.0,1,53.0,522070,Sítio d'Abadia,  5 220 702 ,   2 927,2927.0,18.107277075503927
522100 TAQUARAL DE GOIAS,63.0,2,65.0,522100,Taquaral de Goiás,  5 221 007 ,   4 026,4026.0,16.145057128663684
522108 TERESINA DE GOIAS,72.0,6,78.0,522108,Teresina de Goiás,  5 221 080 ,   2 701,2701.0,28.878193261754905
522119 TEREZOPOLIS DE GOIAS,71.0,2,73.0,522119,Terezópolis de Goiás,  5 221 197 ,   7 944,7944.0,9.18932527693857
522130 TRES RANCHOS,68.0,25,93.0,522130,Três Ranchos,  5 221 304 ,   2 921,2921.0,31.83841150290996
522140 TRINDADE,1965.0,82,2047.0,522140,Trindade,  5 221 403 ,   142 431,142431.0,14.371871292064228
522145 TROMBAS,57.0,-,57.0,522145,Trombas,  5 221 452 ,   3 120,3120.0,18.26923076923077
522150 TURVANIA,94.0,1,95.0,522150,Turvânia,  5 221 502 ,   4 480,4480.0,21.205357142857142
522155 TURVELANDIA,85.0,2,87.0,522155,Turvelândia,  5 221 551 ,   4 985,4985.0,17.45235707121364
522157 UIRAPURU,69.0,4,73.0,522157,Uirapuru,  5 221 577 ,   2 798,2798.0,26.090064331665477
522160 URUACU,1772.0,84,1856.0,522160,Uruaçu,  5 221 601 ,   42 546,42546.0,43.62337234992714
522170 URUANA,178.0,-,178.0,522170,Uruana,  5 221 700 ,   13 729,13729.0,12.965256027387284
522180 URUTAI,53.0,2,55.0,522180,Urutaí,  5 221 809 ,   3 553,3553.0,15.479876160990711
522185 VALPARAISO DE GOIAS,1891.0,214,2105.0,522185,Valparaíso de Goiás,  5 221 858 ,   198 861,198861.0,10.58528318775426
522190 VARJAO,48.0,-,48.0,522190,Varjão,  5 221 908 ,   3 716,3716.0,12.917115177610334
522200 VIANOPOLIS,159.0,5,164.0,522200,Vianópolis,  5 222 005 ,   14 956,14956.0,10.965498796469644
522205 VICENTINOPOLIS,111.0,3,114.0,522205,Vicentinópolis,  5 222 054 ,   8 768,8768.0,13.001824817518248
522220 VILA BOA,101.0,-,101.0,522220,Vila Boa,  5 222 203 ,   4 215,4215.0,23.962040332147094
522230 VILA PROPICIO,92.0,-,92.0,522230,Vila Propício,  5 222 302 ,   5 815,5815.0,15.821152192605332
530010 BRASILIA,50829.0,29170,79999.0,530010,Brasília,  5 300 108 ,  2 817 381,2817381.0,28.39481064151423
