Município,Sim,Não,Total_Servidores,Codigo,Municipio,Codigo ,Total,Total_pop,Servidores_por_1000
110001 ALTA FLORESTA D'OESTE,333.0,32,365.0,110001,Alta Floresta D'Oeste,  1 100 015 ,   21 494,21494.0,16.98148320461524
110002 ARIQUEMES,1189.0,350,1539.0,110002,Ariquemes,  1 100 023 ,   96 833,96833.0,15.893342145756096
110003 CABIXI,101.0,15,116.0,110003,Cabixi,  1 100 031 ,   5 351,5351.0,21.678190992337882
110004 CACOAL,2573.0,575,3148.0,110004,Cacoal,  1 100 049 ,   86 887,86887.0,36.23096665784294
110005 CEREJEIRAS,257.0,14,271.0,110005,Cerejeiras,  1 100 056 ,   15 890,15890.0,17.054751415984896
110006 COLORADO DO OESTE,204.0,11,215.0,110006,Colorado do Oeste,  1 100 064 ,   15 663,15663.0,13.726616867777565
110007 CORUMBIARA,126.0,24,150.0,110007,Corumbiara,  1 100 072 ,   7 519,7519.0,19.949461364543158
110008 COSTA MARQUES,127.0,-,127.0,110008,Costa Marques,  1 100 080 ,   12 627,12627.0,10.057812623742773
110009 ESPIGAO D'OESTE,278.0,108,386.0,110009,Espigão D'Oeste,  1 100 098 ,   29 414,29414.0,13.123002651798464
110010 GUAJARA-MIRIM,654.0,83,737.0,110010,Guajará-Mirim,  1 100 106 ,   39 387,39387.0,18.71175768654632
110011 JARU,708.0,169,877.0,110011,Jaru,  1 100 114 ,   50 591,50591.0,17.335099128303455
110012 JI-PARANA,1483.0,728,2211.0,110012,Ji-Paraná,  1 100 122 ,   124 333,124333.0,17.782889498363268
110013 MACHADINHO D'OESTE,327.0,21,348.0,110013,Machadinho D'Oeste,  1 100 130 ,   30 707,30707.0,11.332920832383495
110014 NOVA BRASILANDIA D'OESTE,152.0,13,165.0,110014,Nova Brasilândia D'Oeste,  1 100 148 ,   15 679,15679.0,10.523630333567192
110015 OURO PRETO DO OESTE,374.0,71,445.0,110015,Ouro Preto do Oeste,  1 100 155 ,   35 044,35044.0,12.698322109348247
110018 PIMENTA BUENO,469.0,211,680.0,110018,Pimenta Bueno,  1 100 189 ,   35 079,35079.0,19.384817127056074
110020 PORTO VELHO,10653.0,2552,13205.0,110020,Porto Velho,  1 100 205 ,   460 434,460434.0,28.67946328898387
110025 PRESIDENTE MEDICI,218.0,30,248.0,110025,Presidente Médici,  1 100 254 ,   19 327,19327.0,12.831789724220004
110026 RIO CRESPO,91.0,1,92.0,110026,Rio Crespo,  1 100 262 ,   3 471,3471.0,26.50532987611639
110028 ROLIM DE MOURA,594.0,177,771.0,110028,Rolim de Moura,  1 100 288 ,   56 406,56406.0,13.668758642697586
110029 SANTA LUZIA D'OESTE,102.0,1,103.0,110029,Santa Luzia D'Oeste,  1 100 296 ,   7 419,7419.0,13.883272678258527
110030 VILHENA,1378.0,594,1972.0,110030,Vilhena,  1 100 304 ,   95 832,95832.0,20.57767760247099
110032 SAO MIGUEL DO GUAPORE,182.0,46,228.0,110032,São Miguel do Guaporé,  1 100 320 ,   21 635,21635.0,10.538479315923272
110033 NOVA MAMORE,300.0,9,309.0,110033,Nova Mamoré,  1 100 338 ,   25 444,25444.0,12.14431693130011
110034 ALVORADA D'OESTE,152.0,15,167.0,110034,Alvorada D'Oeste,  1 100 346 ,   13 117,13117.0,12.731569718685675
110037 ALTO ALEGRE DOS PARECIS,130.0,11,141.0,110037,Alto Alegre dos Parecis,  1 100 379 ,   11 479,11479.0,12.283299939019079
110040 ALTO PARAISO,134.0,24,158.0,110040,Alto Paraíso,  1 100 403 ,   16 320,16320.0,9.681372549019608
110045 BURITIS,399.0,67,466.0,110045,Buritis,  1 100 452 ,   27 992,27992.0,16.647613603886825
110050 NOVO HORIZONTE DO OESTE,114.0,-,114.0,110050,Novo Horizonte do Oeste,  1 100 502 ,   7 667,7667.0,14.868918742663363
110060 CACAULANDIA,78.0,7,85.0,110060,Cacaulândia,  1 100 601 ,   4 150,4150.0,20.481927710843376
110070 CAMPO NOVO DE RONDONIA,157.0,4,161.0,110070,Campo Novo de Rondônia,  1 100 700 ,   8 844,8844.0,18.20443238353686
110080 CANDEIAS DO JAMARI,267.0,3,270.0,110080,Candeias do Jamari,  1 100 809 ,   22 310,22310.0,12.102196324518152
110090 CASTANHEIRAS,98.0,-,98.0,110090,Castanheiras,  1 100 908 ,   3 233,3233.0,30.31240334055057
110092 CHUPINGUAIA,165.0,11,176.0,110092,Chupinguaia,  1 100 924 ,   9 324,9324.0,18.876018876018875
110094 CUJUBIM,138.0,3,141.0,110094,Cujubim,  1 100 940 ,   14 863,14863.0,9.486644688151786
110100 GOVERNADOR JORGE TEIXEIRA,96.0,1,97.0,110100,Governador Jorge Teixeira,  1 101 005 ,   8 001,8001.0,12.123484564429447
110110 ITAPUA DO OESTE,131.0,5,136.0,110110,Itapuã do Oeste,  1 101 104 ,   8 548,8548.0,15.910154422087038
110120 MINISTRO ANDREAZZA,94.0,6,100.0,110120,Ministro Andreazza,  1 101 203 ,   6 466,6466.0,15.46551190844417
110130 MIRANTE DA SERRA,76.0,8,84.0,110130,Mirante da Serra,  1 101 302 ,   9 235,9235.0,9.095831077422847
110140 MONTE NEGRO,193.0,14,207.0,110140,Monte Negro,  1 101 401 ,   11 548,11548.0,17.92518184967094
110143 NOVA UNIAO,81.0,6,87.0,110143,Nova União,  1 101 435 ,   6 200,6200.0,14.03225806451613
110145 PARECIS,68.0,-,68.0,110145,Parecis,  1 101 450 ,   4 125,4125.0,16.484848484848484
110146 PIMENTEIRAS DO OESTE,59.0,-,59.0,110146,Pimenteiras do Oeste,  1 101 468 ,   2 156,2156.0,27.36549165120594
110147 PRIMAVERA DE RONDONIA,71.0,-,71.0,110147,Primavera de Rondônia,  1 101 476 ,   3 076,3076.0,23.08192457737321
110148 SAO FELIPE D'OESTE,81.0,2,83.0,110148,São Felipe D'Oeste,  1 101 484 ,   5 258,5258.0,15.785469760365157
110149 SAO FRANCISCO DO GUAPORE,287.0,14,301.0,110149,São Francisco do Guaporé,  1 101 492 ,   16 286,16286.0,18.48213189242294
110150 SERINGUEIRAS,104.0,22,126.0,110150,Seringueiras,  1 101 500 ,   11 171,11171.0,11.27920508459404
110155 TEIXEIROPOLIS,63.0,-,63.0,110155,Teixeirópolis,  1 101 559 ,   4 256,4256.0,14.802631578947368
110160 THEOBROMA,161.0,-,161.0,110160,Theobroma,  1 101 609 ,   8 113,8113.0,19.84469370146678
110170 URUPA,95.0,29,124.0,110170,Urupá,  1 101 708 ,   10 725,10725.0,11.561771561771561
110175 VALE DO ANARI,106.0,1,107.0,110175,Vale do Anari,  1 101 757 ,   7 788,7788.0,13.739085772984078
110180 VALE DO PARAISO,97.0,-,97.0,110180,Vale do Paraíso,  1 101 807 ,   6 479,6479.0,14.971446210835005
120001 ACRELANDIA,217.0,2,219.0,120001,Acrelândia,  1 200 013 ,   14 021,14021.0,15.619428000855859
120005 ASSIS BRASIL,161.0,-,161.0,120005,Assis Brasil,  1 200 054 ,   8 100,8100.0,19.876543209876544
120010 BRASILEIA,594.0,9,603.0,120010,Brasiléia,  1 200 104 ,   26 000,26000.0,23.192307692307693
120013 BUJARI,98.0,2,100.0,120013,Bujari,  1 200 138 ,   12 917,12917.0,7.741735697143299
120017 CAPIXABA,129.0,-,129.0,120017,Capixaba,  1 200 179 ,   10 392,10392.0,12.413394919168592
120020 CRUZEIRO DO SUL,1905.0,141,2046.0,120020,Cruzeiro do Sul,  1 200 203 ,   91 888,91888.0,22.266237158279644
120025 EPITACIOLANDIA,138.0,2,140.0,120025,Epitaciolândia,  1 200 252 ,   18 757,18757.0,7.463880151410141
120030 FEIJO,305.0,1,306.0,120030,Feijó,  1 200 302 ,   35 426,35426.0,8.637723705752837
120032 JORDAO,122.0,2,124.0,120032,Jordão,  1 200 328 ,   9 222,9222.0,13.44610713511169
120033 MANCIO LIMA,285.0,5,290.0,120033,Mâncio Lima,  1 200 336 ,   19 294,19294.0,15.030579454752772
120034 MANOEL URBANO,141.0,-,141.0,120034,Manoel Urbano,  1 200 344 ,   11 996,11996.0,11.753917972657552
120035 MARECHAL THAUMATURGO,253.0,-,253.0,120035,Marechal Thaumaturgo,  1 200 351 ,   17 093,17093.0,14.801380682150587
120038 PLACIDO DE CASTRO,302.0,-,302.0,120038,Plácido de Castro,  1 200 385 ,   16 560,16560.0,18.23671497584541
120039 PORTO WALTER,180.0,-,180.0,120039,Porto Walter,  1 200 393 ,   10 735,10735.0,16.767582673497902
120040 RIO BRANCO,6840.0,1541,8381.0,120040,Rio Branco,  1 200 401 ,   364 756,364756.0,22.977003805283534
120042 RODRIGUES ALVES,206.0,1,207.0,120042,Rodrigues Alves,  1 200 427 ,   14 938,14938.0,13.857276743874682
120043 SANTA ROSA DO PURUS,149.0,-,149.0,120043,Santa Rosa do Purus,  1 200 435 ,   6 723,6723.0,22.162724973969954
120045 SENADOR GUIOMARD,302.0,5,307.0,120045,Senador Guiomard,  1 200 450 ,   21 454,21454.0,14.309685839470495
120050 SENA MADUREIRA,607.0,16,623.0,120050,Sena Madureira,  1 200 500 ,   41 343,41343.0,15.069056430350965
120060 TARAUACA,429.0,30,459.0,120060,Tarauacá,  1 200 609 ,   43 467,43467.0,10.559734971357582
120070 XAPURI,208.0,2,210.0,120070,Xapuri,  1 200 708 ,   18 243,18243.0,11.511264594639039
120080 PORTO ACRE,162.0,-,162.0,120080,Porto Acre,  1 200 807 ,   16 693,16693.0,9.704666626729768
130002 ALVARAES,301.0,2,303.0,130002,Alvarães,  1 300 029 ,   15 866,15866.0,19.097441068952474
130006 AMATURA,249.0,-,249.0,130006,Amaturá,  1 300 060 ,   10 819,10819.0,23.015066087438765
130008 ANAMA,243.0,15,258.0,130008,Anamã,  1 300 086 ,   9 962,9962.0,25.89841397309777
130010 ANORI,251.0,-,251.0,130010,Anori,  1 300 102 ,   17 194,17194.0,14.59811562172851
130014 APUI,273.0,-,273.0,130014,Apuí,  1 300 144 ,   20 647,20647.0,13.222259892478325
130020 ATALAIA DO NORTE,431.0,-,431.0,130020,Atalaia do Norte,  1 300 201 ,   15 314,15314.0,28.144181794436463
130030 AUTAZES,540.0,-,540.0,130030,Autazes,  1 300 300 ,   41 564,41564.0,12.992012318352419
130040 BARCELOS,472.0,1,473.0,130040,Barcelos,  1 300 409 ,   18 834,18834.0,25.11415525114155
130050 BARREIRINHA,495.0,3,498.0,130050,Barreirinha,  1 300 508 ,   31 051,31051.0,16.03813081704293
130060 BENJAMIN CONSTANT,572.0,3,575.0,130060,Benjamin Constant,  1 300 607 ,   37 648,37648.0,15.273055673608159
130063 BERURI,265.0,5,270.0,130063,Beruri,  1 300 631 ,   20 718,20718.0,13.032145960034752
130068 BOA VISTA DO RAMOS,297.0,-,297.0,130068,Boa Vista do Ramos,  1 300 680 ,   23 785,23785.0,12.48686146731133
130070 BOCA DO ACRE,559.0,4,563.0,130070,Boca do Acre,  1 300 706 ,   35 447,35447.0,15.882867379467939
130080 BORBA,781.0,-,781.0,130080,Borba,  1 300 805 ,   33 080,33080.0,23.60943168077388
130083 CAAPIRANGA,250.0,-,250.0,130083,Caapiranga,  1 300 839 ,   13 469,13469.0,18.56114039646596
130090 CANUTAMA,201.0,-,201.0,130090,Canutama,  1 300 904 ,   16 869,16869.0,11.915347679174818
130100 CARAUARI,288.0,8,296.0,130100,Carauari,  1 301 001 ,   28 742,28742.0,10.298517848444785
130110 CAREIRO,672.0,-,672.0,130110,Careiro,  1 301 100 ,   30 792,30792.0,21.823850350740454
130115 CAREIRO DA VARZEA,334.0,-,334.0,130115,Careiro da Várzea,  1 301 159 ,   19 637,19637.0,17.008708051127975
130120 COARI,1081.0,7,1088.0,130120,Coari,  1 301 209 ,   70 616,70616.0,15.407273139231902
130130 CODAJAS,343.0,2,345.0,130130,Codajás,  1 301 308 ,   23 549,23549.0,14.650303622234489
130140 EIRUNEPE,553.0,6,559.0,130140,Eirunepé,  1 301 407 ,   33 170,33170.0,16.852577630388904
130150 ENVIRA,469.0,-,469.0,130150,Envira,  1 301 506 ,   17 186,17186.0,27.28965436983591
130160 FONTE BOA,553.0,-,553.0,130160,Fonte Boa,  1 301 605 ,   25 871,25871.0,21.375285068223107
130165 GUAJARA,301.0,2,303.0,130165,Guajará,  1 301 654 ,   13 815,13815.0,21.93268186753529
130170 HUMAITA,891.0,146,1037.0,130170,Humaitá,  1 301 704 ,   57 473,57473.0,18.04325509369617
130180 IPIXUNA,276.0,-,276.0,130180,Ipixuna,  1 301 803 ,   24 311,24311.0,11.352885525070956
130185 IRANDUBA,865.0,9,874.0,130185,Iranduba,  1 301 852 ,   61 163,61163.0,14.28968494024165
130190 ITACOATIARA,1623.0,56,1679.0,130190,Itacoatiara,  1 301 902 ,   103 598,103598.0,16.206876580628972
130195 ITAMARATI,154.0,-,154.0,130195,Itamarati,  1 301 951 ,   10 937,10937.0,14.080643686568528
130200 ITAPIRANGA,167.0,2,169.0,130200,Itapiranga,  1 302 009 ,   10 162,10162.0,16.63058453060421
130210 JAPURA,189.0,-,189.0,130210,Japurá,  1 302 108 ,   8 858,8858.0,21.336644840821855
130220 JURUA,162.0,-,162.0,130220,Juruá,  1 302 207 ,   10 742,10742.0,15.080990504561534
130230 JUTAI,366.0,-,366.0,130230,Jutaí,  1 302 306 ,   25 172,25172.0,14.539965040521214
130240 LABREA,802.0,4,806.0,130240,Lábrea,  1 302 405 ,   45 448,45448.0,17.734553775743706
130250 MANACAPURU,1623.0,38,1661.0,130250,Manacapuru,  1 302 504 ,   101 883,101883.0,16.303014241826407
130255 MANAQUIRI,273.0,-,273.0,130255,Manaquiri,  1 302 553 ,   17 107,17107.0,15.958379610685684
130260 MANAUS,29652.0,6696,36348.0,130260,Manaus,  1 302 603 ,  2 063 689,2063689.0,17.613119031016787
130270 MANICORE,835.0,10,845.0,130270,Manicoré,  1 302 702 ,   53 914,53914.0,15.673109025485031
130280 MARAA,244.0,2,246.0,130280,Maraã,  1 302 801 ,   15 529,15529.0,15.841329126151074
130290 MAUES,650.0,6,656.0,130290,Maués,  1 302 900 ,   61 204,61204.0,10.718253708907914
130300 NHAMUNDA,416.0,2,418.0,130300,Nhamundá,  1 303 007 ,   20 136,20136.0,20.758839888756455
130310 NOVA OLINDA DO NORTE,456.0,1,457.0,130310,Nova Olinda do Norte,  1 303 106 ,   27 062,27062.0,16.8871480304486
130320 NOVO AIRAO,332.0,-,332.0,130320,Novo Airão,  1 303 205 ,   15 761,15761.0,21.064653258042004
130330 NOVO ARIPUANA,301.0,-,301.0,130330,Novo Aripuanã,  1 303 304 ,   23 818,23818.0,12.637501049626334
130340 PARINTINS,1590.0,50,1640.0,130340,Parintins,  1 303 403 ,   96 372,96372.0,17.01739094342755
130350 PAUINI,289.0,-,289.0,130350,Pauini,  1 303 502 ,   19 373,19373.0,14.917668920662779
130353 PRESIDENTE FIGUEIREDO,463.0,26,489.0,130353,Presidente Figueiredo,  1 303 536 ,   30 668,30668.0,15.94495891482979
130356 RIO PRETO DA EVA,539.0,5,544.0,130356,Rio Preto da Eva,  1 303 569 ,   24 936,24936.0,21.815848572345203
130360 SANTA ISABEL DO RIO NEGRO,295.0,2,297.0,130360,Santa Isabel do Rio Negro,  1 303 601 ,   14 164,14164.0,20.968652922903132
130370 SANTO ANTONIO DO ICA,478.0,8,486.0,130370,Santo Antônio do Içá,  1 303 700 ,   28 211,28211.0,17.227322675552088
130380 SAO GABRIEL DA CACHOEIRA,876.0,6,882.0,130380,São Gabriel da Cachoeira,  1 303 809 ,   51 795,51795.0,17.028670721112075
130390 SAO PAULO DE OLIVENCA,668.0,-,668.0,130390,São Paulo de Olivença,  1 303 908 ,   32 967,32967.0,20.262686929353595
130395 SAO SEBASTIAO DO UATUMA,216.0,-,216.0,130395,São Sebastião do Uatumã,  1 303 957 ,   11 670,11670.0,18.508997429305914
130400 SILVES,196.0,1,197.0,130400,Silves,  1 304 005 ,   11 559,11559.0,17.04299679903106
130406 TABATINGA,1312.0,10,1322.0,130406,Tabatinga,  1 304 062 ,   66 764,66764.0,19.801090408004313
130410 TAPAUA,438.0,1,439.0,130410,Tapauá,  1 304 104 ,   19 599,19599.0,22.399101994999743
130420 TEFE,1177.0,29,1206.0,130420,Tefé,  1 304 203 ,   73 669,73669.0,16.370522200654275
130423 TONANTINS,349.0,-,349.0,130423,Tonantins,  1 304 237 ,   19 247,19247.0,18.132696004572143
130426 UARINI,268.0,-,268.0,130426,Uarini,  1 304 260 ,   14 431,14431.0,18.571131591712284
130430 URUCARA,281.0,2,283.0,130430,Urucará,  1 304 302 ,   18 631,18631.0,15.189737534217166
130440 URUCURITUBA,396.0,-,396.0,130440,Urucurituba,  1 304 401 ,   23 945,23945.0,16.537899352683233
140002 AMAJARI,309.0,-,309.0,140002,Amajari,  1 400 027 ,   13 927,13927.0,22.187118546707833
140005 ALTO ALEGRE,534.0,-,534.0,140005,Alto Alegre,  1 400 050 ,   21 096,21096.0,25.312855517633675
140010 BOA VISTA,7862.0,605,8467.0,140010,Boa Vista,  1 400 100 ,   413 486,413486.0,20.477114098179864
140015 BONFIM,263.0,1,264.0,140015,Bonfim,  1 400 159 ,   13 923,13923.0,18.96143072613661
140017 CANTA,215.0,-,215.0,140017,Cantá,  1 400 175 ,   18 682,18682.0,11.508403811155123
140020 CARACARAI,389.0,-,389.0,140020,Caracaraí,  1 400 209 ,   20 957,20957.0,18.561817053967648
140023 CAROEBE,180.0,-,180.0,140023,Caroebe,  1 400 233 ,   10 656,10656.0,16.89189189189189
140028 IRACEMA,210.0,1,211.0,140028,Iracema,  1 400 282 ,   10 023,10023.0,21.05158136286541
140030 MUCAJAI,298.0,5,303.0,140030,Mucajaí,  1 400 308 ,   18 095,18095.0,16.744957170489087
140040 NORMANDIA,228.0,-,228.0,140040,Normandia,  1 400 407 ,   13 986,13986.0,16.302016302016302
140045 PACARAIMA,239.0,4,243.0,140045,Pacaraima,  1 400 456 ,   19 305,19305.0,12.587412587412588
140047 RORAINOPOLIS,491.0,3,494.0,140047,Rorainópolis,  1 400 472 ,   32 647,32647.0,15.131558795601434
140050 SAO JOAO DA BALIZA,148.0,-,148.0,140050,São João da Baliza,  1 400 506 ,   8 858,8858.0,16.7080605102732
140060 SAO LUIZ,182.0,3,185.0,140060,São Luiz,  1 400 605 ,   7 315,7315.0,25.290498974709504
140070 UIRAMUTA,307.0,-,307.0,140070,Uiramutã,  1 400 704 ,   13 751,13751.0,22.325649043705912
150010 ABAETETUBA,1879.0,97,1976.0,150010,Abaetetuba,  1 500 107 ,   158 188,158188.0,12.491465850759855
150013 ABEL FIGUEIREDO,121.0,-,121.0,150013,Abel Figueiredo,  1 500 131 ,   6 136,6136.0,19.71968709256845
150020 ACARA,406.0,-,406.0,150020,Acará,  1 500 206 ,   59 023,59023.0,6.878674415058536
150030 AFUA,302.0,1,303.0,150030,Afuá,  1 500 305 ,   37 765,37765.0,8.023301999205614
150034 AGUA AZUL DO NORTE,320.0,4,324.0,150034,Água Azul do Norte,  1 500 347 ,   18 080,18080.0,17.920353982300888
150040 ALENQUER,384.0,2,386.0,150040,Alenquer,  1 500 404 ,   69 377,69377.0,5.563803566023322
150050 ALMEIRIM,406.0,13,419.0,150050,Almeirim,  1 500 503 ,   34 280,34280.0,12.222870478413068
150060 ALTAMIRA,2794.0,88,2882.0,150060,Altamira,  1 500 602 ,   126 279,126279.0,22.822480380744224
150070 ANAJAS,397.0,1,398.0,150070,Anajás,  1 500 701 ,   28 011,28011.0,14.208703723537182
150080 ANANINDEUA,5047.0,726,5773.0,150080,Ananindeua,  1 500 800 ,   478 778,478778.0,12.057780432684876
150085 ANAPU,244.0,3,247.0,150085,Anapu,  1 500 859 ,   31 850,31850.0,7.755102040816327
150090 AUGUSTO CORREA,480.0,60,540.0,150090,Augusto Corrêa,  1 500 909 ,   44 573,44573.0,12.11495748547327
150095 AURORA DO PARA,327.0,5,332.0,150095,Aurora do Pará,  1 500 958 ,   23 774,23774.0,13.964835534617649
150100 AVEIRO,150.0,-,150.0,150100,Aveiro,  1 501 006 ,   18 290,18290.0,8.201202843083653
150110 BAGRE,296.0,-,296.0,150110,Bagre,  1 501 105 ,   31 892,31892.0,9.281324470086542
150120 BAIAO,375.0,-,375.0,150120,Baião,  1 501 204 ,   51 641,51641.0,7.261671927344552
150125 BANNACH,86.0,1,87.0,150125,Bannach,  1 501 253 ,   4 031,4031.0,21.58273381294964
150130 BARCARENA,1266.0,172,1438.0,150130,Barcarena,  1 501 303 ,   126 650,126650.0,11.354125542834584
150140 BELEM,18688.0,4536,23224.0,150140,Belém,  1 501 402 ,  1 303 403,1303403.0,17.817973412674363
150145 BELTERRA,189.0,1,190.0,150145,Belterra,  1 501 451 ,   18 099,18099.0,10.49781755898116
150150 BENEVIDES,615.0,17,632.0,150150,Benevides,  1 501 501 ,   63 567,63567.0,9.942265640977237
150157 BOM JESUS DO TOCANTINS,227.0,1,228.0,150157,Bom Jesus do Tocantins,  1 501 576 ,   18 005,18005.0,12.663149125242988
150160 BONITO,162.0,-,162.0,150160,Bonito,  1 501 600 ,   12 622,12622.0,12.83473300586278
150170 BRAGANCA,1350.0,42,1392.0,150170,Bragança,  1 501 709 ,   123 082,123082.0,11.309533481743877
150172 BRASIL NOVO,234.0,5,239.0,150172,Brasil Novo,  1 501 725 ,   24 718,24718.0,9.669067076624323
150175 BREJO GRANDE DO ARAGUAIA,101.0,2,103.0,150175,Brejo Grande do Araguaia,  1 501 758 ,   6 783,6783.0,15.185021376971841
150178 BREU BRANCO,486.0,8,494.0,150178,Breu Branco,  1 501 782 ,   45 712,45712.0,10.806790339516976
150180 BREVES,1180.0,236,1416.0,150180,Breves,  1 501 808 ,   106 968,106968.0,13.237603769351582
150190 BUJARU,257.0,-,257.0,150190,Bujaru,  1 501 907 ,   24 383,24383.0,10.540130418734364
150195 CACHOEIRA DO PIRIA,252.0,-,252.0,150195,Cachoeira do Piriá,  1 501 956 ,   19 630,19630.0,12.837493632195619
150200 CACHOEIRA DO ARARI,151.0,2,153.0,150200,Cachoeira do Arari,  1 502 004 ,   23 981,23981.0,6.3800508736082735
150210 CAMETA,1448.0,239,1687.0,150210,Cametá,  1 502 103 ,   134 184,134184.0,12.572288797472128
150215 CANAA DOS CARAJAS,1037.0,598,1635.0,150215,Canaã dos Carajás,  1 502 152 ,   77 079,77079.0,21.212003269372982
150220 CAPANEMA,1110.0,87,1197.0,150220,Capanema,  1 502 202 ,   70 394,70394.0,17.004290138364066
150230 CAPITAO POCO,527.0,35,562.0,150230,Capitão Poço,  1 502 301 ,   56 506,56506.0,9.945846458783137
150240 CASTANHAL,2572.0,115,2687.0,150240,Castanhal,  1 502 400 ,   192 256,192256.0,13.976156790945407
150250 CHAVES,171.0,-,171.0,150250,Chaves,  1 502 509 ,   20 757,20757.0,8.238184708772945
150260 COLARES,125.0,-,125.0,150260,Colares,  1 502 608 ,   12 868,12868.0,9.714019272614237
150270 CONCEICAO DO ARAGUAIA,621.0,30,651.0,150270,Conceição do Araguaia,  1 502 707 ,   44 617,44617.0,14.59085102091131
150275 CONCORDIA DO PARA,234.0,6,240.0,150275,Concórdia do Pará,  1 502 756 ,   26 881,26881.0,8.928239276812619
150276 CUMARU DO NORTE,158.0,1,159.0,150276,Cumaru do Norte,  1 502 764 ,   14 036,14036.0,11.328013679110857
150277 CURIONOPOLIS,211.0,11,222.0,150277,Curionópolis,  1 502 772 ,   19 950,19950.0,11.12781954887218
150280 CURRALINHO,330.0,-,330.0,150280,Curralinho,  1 502 806 ,   33 903,33903.0,9.733651889213345
150285 CURUA,129.0,-,129.0,150285,Curuá,  1 502 855 ,   14 117,14117.0,9.137918821279309
150290 CURUCA,280.0,-,280.0,150290,Curuçá,  1 502 905 ,   41 262,41262.0,6.785904706509621
150293 DOM ELISEU,579.0,58,637.0,150293,Dom Eliseu,  1 502 939 ,   58 484,58484.0,10.891867861295397
150295 ELDORADO DOS CARAJAS,310.0,35,345.0,150295,Eldorado do Carajás,  1 502 954 ,   28 192,28192.0,12.237514188422248
150300 FARO,151.0,-,151.0,150300,Faro,  1 503 002 ,   8 728,8728.0,17.3006416131989
150304 FLORESTA DO ARAGUAIA,247.0,2,249.0,150304,Floresta do Araguaia,  1 503 044 ,   17 898,17898.0,13.912168957425411
150307 GARRAFAO DO NORTE,410.0,-,410.0,150307,Garrafão do Norte,  1 503 077 ,   24 703,24703.0,16.597174432255194
150309 GOIANESIA DO PARA,291.0,-,291.0,150309,Goianésia do Pará,  1 503 093 ,   26 362,26362.0,11.038616189970412
150310 GURUPA,284.0,-,284.0,150310,Gurupá,  1 503 101 ,   31 786,31786.0,8.934751148304285
150320 IGARAPE-ACU,631.0,9,640.0,150320,Igarapé-Açu,  1 503 200 ,   35 797,35797.0,17.87859317819929
150330 IGARAPE-MIRI,488.0,8,496.0,150330,Igarapé-Miri,  1 503 309 ,   64 831,64831.0,7.650660949237248
150340 INHANGAPI,145.0,-,145.0,150340,Inhangapi,  1 503 408 ,   10 325,10325.0,14.04358353510896
150345 IPIXUNA DO PARA,678.0,77,755.0,150345,Ipixuna do Pará,  1 503 457 ,   30 329,30329.0,24.893666128128192
150350 IRITUIA,368.0,-,368.0,150350,Irituia,  1 503 507 ,   30 955,30955.0,11.888224842513326
150360 ITAITUBA,1527.0,151,1678.0,150360,Itaituba,  1 503 606 ,   123 314,123314.0,13.607538479004818
150370 ITUPIRANGA,419.0,1,420.0,150370,Itupiranga,  1 503 705 ,   49 754,49754.0,8.441532339108413
150375 JACAREACANGA,343.0,-,343.0,150375,Jacareacanga,  1 503 754 ,   24 042,24042.0,14.266699941768572
150380 JACUNDA,464.0,37,501.0,150380,Jacundá,  1 503 804 ,   37 707,37707.0,13.286657649773252
150390 JURUTI,588.0,97,685.0,150390,Juruti,  1 503 903 ,   50 881,50881.0,13.46278571568955
150400 LIMOEIRO DO AJURU,344.0,-,344.0,150400,Limoeiro do Ajuru,  1 504 000 ,   29 569,29569.0,11.633805674862188
150405 MAE DO RIO,276.0,70,346.0,150405,Mãe do Rio,  1 504 059 ,   34 353,34353.0,10.071900561814108
150410 MAGALHAES BARATA,139.0,-,139.0,150410,Magalhães Barata,  1 504 109 ,   8 115,8115.0,17.128773875539125
150420 MARABA,3649.0,944,4593.0,150420,Marabá,  1 504 208 ,   266 533,266533.0,17.232387734351846
150430 MARACANA,369.0,-,369.0,150430,Maracanã,  1 504 307 ,   25 971,25971.0,14.208155250086635
150440 MARAPANIM,226.0,2,228.0,150440,Marapanim,  1 504 406 ,   26 573,26573.0,8.580137733789936
150442 MARITUBA,1265.0,40,1305.0,150442,Marituba,  1 504 422 ,   111 785,111785.0,11.674196001252405
150445 MEDICILANDIA,215.0,9,224.0,150445,Medicilândia,  1 504 455 ,   27 094,27094.0,8.267513102531927
150450 MELGACO,223.0,-,223.0,150450,Melgaço,  1 504 505 ,   27 881,27881.0,7.998278397474983
150460 MOCAJUBA,241.0,-,241.0,150460,Mocajuba,  1 504 604 ,   27 198,27198.0,8.860945657768955
150470 MOJU,367.0,13,380.0,150470,Moju,  1 504 703 ,   84 094,84094.0,4.518752824220515
150475 MOJUI DOS CAMPOS,210.0,1,211.0,150475,Mojuí dos Campos,  1 504 752 ,   23 501,23501.0,8.978341347176714
150480 MONTE ALEGRE,487.0,13,500.0,150480,Monte Alegre,  1 504 802 ,   60 012,60012.0,8.331666999933345
150490 MUANA,245.0,-,245.0,150490,Muaná,  1 504 901 ,   45 368,45368.0,5.400282137189208
150495 NOVA ESPERANCA DO PIRIA,277.0,1,278.0,150495,Nova Esperança do Piriá,  1 504 950 ,   20 478,20478.0,13.575544486766285
150497 NOVA IPIXUNA,146.0,4,150.0,150497,Nova Ipixuna,  1 504 976 ,   13 955,13955.0,10.748835542816195
150500 NOVA TIMBOTEUA,238.0,9,247.0,150500,Nova Timboteua,  1 505 007 ,   12 806,12806.0,19.287833827893174
150503 NOVO PROGRESSO,474.0,56,530.0,150503,Novo Progresso,  1 505 031 ,   33 638,33638.0,15.755990249123014
150506 NOVO REPARTIMENTO,612.0,25,637.0,150506,Novo Repartimento,  1 505 064 ,   60 732,60732.0,10.488704472106962
150510 OBIDOS,393.0,37,430.0,150510,Óbidos,  1 505 106 ,   52 229,52229.0,8.232974018265715
150520 OEIRAS DO PARA,331.0,-,331.0,150520,Oeiras do Pará,  1 505 205 ,   33 844,33844.0,9.780167828861837
150530 ORIXIMINA,680.0,173,853.0,150530,Oriximiná,  1 505 304 ,   68 294,68294.0,12.490116262043518
150540 OUREM,253.0,-,253.0,150540,Ourém,  1 505 403 ,   17 855,17855.0,14.169700364043685
150543 OURILANDIA DO NORTE,427.0,33,460.0,150543,Ourilândia do Norte,  1 505 437 ,   32 467,32467.0,14.16823235901069
150548 PACAJA,421.0,22,443.0,150548,Pacajá,  1 505 486 ,   41 097,41097.0,10.779375623524832
150549 PALESTINA DO PARA,61.0,1,62.0,150549,Palestina do Pará,  1 505 494 ,   6 885,6885.0,9.005083514887437
150550 PARAGOMINAS,1110.0,247,1357.0,150550,Paragominas,  1 505 502 ,   105 550,105550.0,12.856466129796305
150553 PARAUAPEBAS,2957.0,1212,4169.0,150553,Parauapebas,  1 505 536 ,   267 836,267836.0,15.565495303095924
150555 PAU D'ARCO,135.0,-,135.0,150555,Pau D'Arco,  1 505 551 ,   6 931,6931.0,19.47770884432261
150560 PEIXE-BOI,86.0,-,86.0,150560,Peixe-Boi,  1 505 601 ,   8 285,8285.0,10.380205190102595
150563 PICARRA,175.0,-,175.0,150563,Piçarra,  1 505 635 ,   12 832,12832.0,13.63778054862843
150565 PLACAS,217.0,3,220.0,150565,Placas,  1 505 650 ,   18 668,18668.0,11.784872509106494
150570 PONTA DE PEDRAS,238.0,-,238.0,150570,Ponta de Pedras,  1 505 700 ,   24 984,24984.0,9.526096701889209
150580 PORTEL,591.0,-,591.0,150580,Portel,  1 505 809 ,   62 503,62503.0,9.455546133785578
150590 PORTO DE MOZ,308.0,1,309.0,150590,Porto de Moz,  1 505 908 ,   40 597,40597.0,7.611399857132301
150600 PRAINHA,245.0,1,246.0,150600,Prainha,  1 506 005 ,   35 577,35577.0,6.914579644152121
150610 PRIMAVERA,128.0,1,129.0,150610,Primavera,  1 506 104 ,   10 851,10851.0,11.888305225324855
150611 QUATIPURU,140.0,-,140.0,150611,Quatipuru,  1 506 112 ,   11 524,11524.0,12.148559527941687
150613 REDENCAO,1372.0,222,1594.0,150613,Redenção,  1 506 138 ,   85 597,85597.0,18.62214797247567
150616 RIO MARIA,211.0,14,225.0,150616,Rio Maria,  1 506 161 ,   18 384,18384.0,12.238903394255875
150618 RONDON DO PARA,324.0,12,336.0,150618,Rondon do Pará,  1 506 187 ,   53 143,53143.0,6.32256364902245
150619 RUROPOLIS,317.0,6,323.0,150619,Rurópolis,  1 506 195 ,   35 769,35769.0,9.030165786015823
150620 SALINOPOLIS,438.0,17,455.0,150620,Salinópolis,  1 506 203 ,   44 772,44772.0,10.16260162601626
150630 SALVATERRA,205.0,-,205.0,150630,Salvaterra,  1 506 302 ,   24 129,24129.0,8.49600066310249
150635 SANTA BARBARA DO PARA,217.0,-,217.0,150635,Santa Bárbara do Pará,  1 506 351 ,   21 087,21087.0,10.290700431545503
150640 SANTA CRUZ DO ARARI,104.0,-,104.0,150640,Santa Cruz do Arari,  1 506 401 ,   7 445,7445.0,13.969106783075889
150650 SANTA IZABEL DO PARA,568.0,18,586.0,150650,Santa Izabel do Pará,  1 506 500 ,   73 019,73019.0,8.025308481354168
150655 SANTA LUZIA DO PARA,255.0,-,255.0,150655,Santa Luzia do Pará,  1 506 559 ,   20 370,20370.0,12.51840942562592
150658 SANTA MARIA DAS BARREIRAS,191.0,4,195.0,150658,Santa Maria das Barreiras,  1 506 583 ,   16 548,16548.0,11.783901377810007
150660 SANTA MARIA DO PARA,249.0,6,255.0,150660,Santa Maria do Pará,  1 506 609 ,   24 624,24624.0,10.355750487329434
150670 SANTANA DO ARAGUAIA,487.0,14,501.0,150670,Santana do Araguaia,  1 506 708 ,   32 413,32413.0,15.456761176071328
150680 SANTAREM,4499.0,373,4872.0,150680,Santarém,  1 506 807 ,   331 942,331942.0,14.677262895325086
150690 SANTAREM NOVO,113.0,-,113.0,150690,Santarém Novo,  1 506 906 ,   6 116,6116.0,18.476128188358402
150700 SANTO ANTONIO DO TAUA,259.0,1,260.0,150700,Santo Antônio do Tauá,  1 507 003 ,   27 461,27461.0,9.467972761370671
150710 SAO CAETANO DE ODIVELAS,214.0,-,214.0,150710,São Caetano de Odivelas,  1 507 102 ,   16 666,16666.0,12.840513620544822
150715 SAO DOMINGOS DO ARAGUAIA,182.0,1,183.0,150715,São Domingos do Araguaia,  1 507 151 ,   21 092,21092.0,8.676275365067324
150720 SAO DOMINGOS DO CAPIM,431.0,2,433.0,150720,São Domingos do Capim,  1 507 201 ,   30 599,30599.0,14.15078924147848
150730 SAO FELIX DO XINGU,856.0,43,899.0,150730,São Félix do Xingu,  1 507 300 ,   65 418,65418.0,13.742395059463757
150740 SAO FRANCISCO DO PARA,166.0,-,166.0,150740,São Francisco do Pará,  1 507 409 ,   14 894,14894.0,11.145427689002284
150745 SAO GERALDO DO ARAGUAIA,243.0,9,252.0,150745,São Geraldo do Araguaia,  1 507 458 ,   24 255,24255.0,10.38961038961039
150746 SAO JOAO DA PONTA,37.0,-,37.0,150746,São João da Ponta,  1 507 466 ,   4 430,4430.0,8.352144469525959
150747 SAO JOAO DE PIRABAS,233.0,-,233.0,150747,São João de Pirabas,  1 507 474 ,   20 689,20689.0,11.262023297404419
150750 SAO JOAO DO ARAGUAIA,120.0,-,120.0,150750,São João do Araguaia,  1 507 508 ,   13 664,13664.0,8.782201405152223
150760 SAO MIGUEL DO GUAMA,557.0,30,587.0,150760,São Miguel do Guamá,  1 507 607 ,   52 894,52894.0,11.097667032177563
150770 SAO SEBASTIAO DA BOA VISTA,240.0,-,240.0,150770,São Sebastião da Boa Vista,  1 507 706 ,   25 643,25643.0,9.359279335491168
150775 SAPUCAIA,102.0,-,102.0,150775,Sapucaia,  1 507 755 ,   5 847,5847.0,17.444843509492046
150780 SENADOR JOSE PORFIRIO,138.0,-,138.0,150780,Senador José Porfírio,  1 507 805 ,   22 576,22576.0,6.112686038270731
150790 SOURE,179.0,-,179.0,150790,Soure,  1 507 904 ,   24 204,24204.0,7.3954718228392
150795 TAILANDIA,743.0,84,827.0,150795,Tailândia,  1 507 953 ,   72 493,72493.0,11.407998013601313
150796 TERRA ALTA,155.0,-,155.0,150796,Terra Alta,  1 507 961 ,   10 400,10400.0,14.903846153846155
150797 TERRA SANTA,174.0,5,179.0,150797,Terra Santa,  1 507 979 ,   18 782,18782.0,9.53040144819508
150800 TOME-ACU,522.0,34,556.0,150800,Tomé-Açu,  1 508 001 ,   67 585,67585.0,8.226677517200562
150803 TRACUATEUA,253.0,1,254.0,150803,Tracuateua,  1 508 035 ,   28 595,28595.0,8.882671795768491
150805 TRAIRAO,160.0,-,160.0,150805,Trairão,  1 508 050 ,   15 242,15242.0,10.497310064296025
150808 TUCUMA,387.0,45,432.0,150808,Tucumã,  1 508 084 ,   39 550,39550.0,10.922882427307206
150810 TUCURUI,2012.0,78,2090.0,150810,Tucuruí,  1 508 100 ,   91 306,91306.0,22.89006198935448
150812 ULIANOPOLIS,519.0,10,529.0,150812,Ulianópolis,  1 508 126 ,   37 972,37972.0,13.931317813125462
150815 URUARA,313.0,4,317.0,150815,Uruará,  1 508 159 ,   43 558,43558.0,7.27765278479269
150820 VIGIA,305.0,1,306.0,150820,Vigia,  1 508 209 ,   50 832,50832.0,6.019830028328611
150830 VISEU,592.0,-,592.0,150830,Viseu,  1 508 308 ,   58 692,58692.0,10.086553533701355
150835 VITORIA DO XINGU,338.0,8,346.0,150835,Vitória do Xingu,  1 508 357 ,   15 607,15607.0,22.169539309284296
150840 XINGUARA,551.0,96,647.0,150840,Xinguara,  1 508 407 ,   52 893,52893.0,12.232242451742197
160005 SERRA DO NAVIO,118.0,-,118.0,160005,Serra do Navio,  1 600 055 ,   4 673,4673.0,25.2514444682217
160010 AMAPA,236.0,1,237.0,160010,Amapá,  1 600 105 ,   7 943,7943.0,29.837592849049475
160015 PEDRA BRANCA DO AMAPARI,364.0,11,375.0,160015,Pedra Branca do Amapari,  1 600 154 ,   12 847,12847.0,29.189694092005915
160020 CALCOENE,196.0,-,196.0,160020,Calçoene,  1 600 204 ,   10 612,10612.0,18.469656992084435
160021 CUTIAS,134.0,-,134.0,160021,Cutias,  1 600 212 ,   4 461,4461.0,30.038108047522975
160023 FERREIRA GOMES,271.0,5,276.0,160023,Ferreira Gomes,  1 600 238 ,   6 666,6666.0,41.40414041404141
160025 ITAUBAL,85.0,-,85.0,160025,Itaubal,  1 600 253 ,   5 599,5599.0,15.181282371852117
160027 LARANJAL DO JARI,588.0,12,600.0,160027,Laranjal do Jari,  1 600 279 ,   35 114,35114.0,17.087201685937234
160030 MACAPA,9589.0,591,10180.0,160030,Macapá,  1 600 303 ,   442 933,442933.0,22.98315998130643
160040 MAZAGAO,365.0,33,398.0,160040,Mazagão,  1 600 402 ,   21 924,21924.0,18.153621601897463
160050 OIAPOQUE,324.0,6,330.0,160050,Oiapoque,  1 600 501 ,   27 482,27482.0,12.007859689978897
160053 PORTO GRANDE,493.0,7,500.0,160053,Porto Grande,  1 600 535 ,   17 848,17848.0,28.014343343792024
160055 PRACUUBA,87.0,-,87.0,160055,Pracuúba,  1 600 550 ,   3 803,3803.0,22.876676308177753
160060 SANTANA,1551.0,101,1652.0,160060,Santana,  1 600 600 ,   107 618,107618.0,15.350591908416808
160070 TARTARUGALZINHO,285.0,-,285.0,160070,Tartarugalzinho,  1 600 709 ,   12 945,12945.0,22.0162224797219
160080 VITORIA DO JARI,169.0,-,169.0,160080,Vitória do Jari,  1 600 808 ,   11 291,11291.0,14.967673368169338
170025 ABREULANDIA,51.0,-,51.0,170025,Abreulândia,  1 700 251 ,   2 576,2576.0,19.79813664596273
170030 AGUIARNOPOLIS,84.0,-,84.0,170030,Aguiarnópolis,  1 700 301 ,   4 497,4497.0,18.67911941294196
170035 ALIANCA DO TOCANTINS,75.0,1,76.0,170035,Aliança do Tocantins,  1 700 350 ,   5 147,5147.0,14.765883038663299
170040 ALMAS,117.0,-,117.0,170040,Almas,  1 700 400 ,   6 499,6499.0,18.00276965687029
170070 ALVORADA,215.0,2,217.0,170070,Alvorada,  1 700 707 ,   8 802,8802.0,24.653487843671893
170100 ANANAS,141.0,-,141.0,170100,Ananás,  1 701 002 ,   10 325,10325.0,13.656174334140436
170105 ANGICO,61.0,-,61.0,170105,Angico,  1 701 051 ,   2 876,2876.0,21.21001390820584
170110 APARECIDA DO RIO NEGRO,54.0,-,54.0,170110,Aparecida do Rio Negro,  1 701 101 ,   4 856,4856.0,11.120263591433279
170130 ARAGOMINAS,107.0,-,107.0,170130,Aragominas,  1 701 309 ,   5 290,5290.0,20.226843100189036
170190 ARAGUACEMA,116.0,-,116.0,170190,Araguacema,  1 701 903 ,   5 927,5927.0,19.5714526742028
170200 ARAGUACU,227.0,-,227.0,170200,Araguaçu,  1 702 000 ,   8 133,8133.0,27.910979958195007
170210 ARAGUAINA,5002.0,289,5291.0,170210,Araguaína,  1 702 109 ,   171 301,171301.0,30.887151855505806
170215 ARAGUANA,100.0,-,100.0,170215,Araguanã,  1 702 158 ,   4 310,4310.0,23.201856148491878
170220 ARAGUATINS,334.0,24,358.0,170220,Araguatins,  1 702 208 ,   31 918,31918.0,11.216241619149068
170230 ARAPOEMA,223.0,-,223.0,170230,Arapoema,  1 702 307 ,   5 550,5550.0,40.18018018018018
170240 ARRAIAS,285.0,6,291.0,170240,Arraias,  1 702 406 ,   10 287,10287.0,28.288130650335376
170255 AUGUSTINOPOLIS,877.0,6,883.0,170255,Augustinópolis,  1 702 554 ,   17 484,17484.0,50.50331731869138
170270 AURORA DO TOCANTINS,49.0,-,49.0,170270,Aurora do Tocantins,  1 702 703 ,   3 342,3342.0,14.661879114302813
170290 AXIXA DO TOCANTINS,106.0,-,106.0,170290,Axixá do Tocantins,  1 702 901 ,   10 262,10262.0,10.32937049308127
170300 BABACULANDIA,121.0,-,121.0,170300,Babaçulândia,  1 703 008 ,   7 880,7880.0,15.355329949238579
170305 BANDEIRANTES DO TOCANTINS,86.0,-,86.0,170305,Bandeirantes do Tocantins,  1 703 057 ,   3 407,3407.0,25.24214851775756
170307 BARRA DO OURO,59.0,-,59.0,170307,Barra do Ouro,  1 703 073 ,   4 476,4476.0,13.181411974977658
170310 BARROLANDIA,86.0,-,86.0,170310,Barrolândia,  1 703 107 ,   4 846,4846.0,17.746595130004128
170320 BERNARDO SAYAO,49.0,-,49.0,170320,Bernardo Sayão,  1 703 206 ,   4 229,4229.0,11.586663513833058
170330 BOM JESUS DO TOCANTINS,47.0,-,47.0,170330,Bom Jesus do Tocantins,  1 703 305 ,   4 038,4038.0,11.639425458147597
170360 BRASILANDIA DO TOCANTINS,38.0,-,38.0,170360,Brasilândia do Tocantins,  1 703 602 ,   1 974,1974.0,19.250253292806487
170370 BREJINHO DE NAZARE,110.0,-,110.0,170370,Brejinho de Nazaré,  1 703 701 ,   4 725,4725.0,23.28042328042328
170380 BURITI DO TOCANTINS,131.0,2,133.0,170380,Buriti do Tocantins,  1 703 800 ,   10 307,10307.0,12.903851751237022
170382 CACHOEIRINHA,34.0,-,34.0,170382,Cachoeirinha,  1 703 826 ,   1 961,1961.0,17.338092809790925
170384 CAMPOS LINDOS,109.0,-,109.0,170384,Campos Lindos,  1 703 842 ,   8 653,8653.0,12.596787241419161
170386 CARIRI DO TOCANTINS,75.0,2,77.0,170386,Cariri do Tocantins,  1 703 867 ,   4 007,4007.0,19.21637135013726
170388 CARMOLANDIA,41.0,-,41.0,170388,Carmolândia,  1 703 883 ,   2 201,2201.0,18.6278964107224
170389 CARRASCO BONITO,79.0,-,79.0,170389,Carrasco Bonito,  1 703 891 ,   3 318,3318.0,23.809523809523807
170390 CASEARA,52.0,-,52.0,170390,Caseara,  1 703 909 ,   4 847,4847.0,10.728285537445844
170410 CENTENARIO,49.0,2,51.0,170410,Centenário,  1 704 105 ,   2 131,2131.0,23.932426091037073
170460 CHAPADA DE AREIA,44.0,-,44.0,170460,Chapada de Areia,  1 704 600 ,   1 501,1501.0,29.313790806129244
170510 CHAPADA DA NATIVIDADE,69.0,-,69.0,170510,Chapada da Natividade,  1 705 102 ,   3 117,3117.0,22.13666987487969
170550 COLINAS DO TOCANTINS,391.0,31,422.0,170550,Colinas do Tocantins,  1 705 508 ,   34 233,34233.0,12.327286536383022
170555 COMBINADO,60.0,-,60.0,170555,Combinado,  1 705 557 ,   4 756,4756.0,12.615643397813288
170560 CONCEICAO DO TOCANTINS,95.0,-,95.0,170560,Conceição do Tocantins,  1 705 607 ,   3 887,3887.0,24.44044250064317
170600 COUTO MAGALHAES,74.0,1,75.0,170600,Couto Magalhães,  1 706 001 ,   5 331,5331.0,14.068655036578503
170610 CRISTALANDIA,123.0,1,124.0,170610,Cristalândia,  1 706 100 ,   6 371,6371.0,19.463192591429916
170625 CRIXAS DO TOCANTINS,39.0,-,39.0,170625,Crixás do Tocantins,  1 706 258 ,   1 470,1470.0,26.53061224489796
170650 DARCINOPOLIS,80.0,1,81.0,170650,Darcinópolis,  1 706 506 ,   5 827,5827.0,13.900806590012014
170700 DIANOPOLIS,401.0,11,412.0,170700,Dianópolis,  1 707 009 ,   17 739,17739.0,23.22566097299735
170710 DIVINOPOLIS DO TOCANTINS,146.0,-,146.0,170710,Divinópolis do Tocantins,  1 707 108 ,   7 024,7024.0,20.785876993166287
170720 DOIS IRMAOS DO TOCANTINS,89.0,-,89.0,170720,Dois Irmãos do Tocantins,  1 707 207 ,   6 327,6327.0,14.066698277224592
170730 DUERE,129.0,-,129.0,170730,Dueré,  1 707 306 ,   4 248,4248.0,30.36723163841808
170740 ESPERANTINA,148.0,-,148.0,170740,Esperantina,  1 707 405 ,   7 530,7530.0,19.654714475431607
170755 FATIMA,88.0,-,88.0,170755,Fátima,  1 707 553 ,   3 467,3467.0,25.382174790885493
170765 FIGUEIROPOLIS,87.0,-,87.0,170765,Figueirópolis,  1 707 652 ,   5 211,5211.0,16.695451928612552
170770 FILADELFIA,134.0,-,134.0,170770,Filadélfia,  1 707 702 ,   7 712,7712.0,17.37551867219917
170820 FORMOSO DO ARAGUAIA,326.0,2,328.0,170820,Formoso do Araguaia,  1 708 205 ,   18 881,18881.0,17.371961230867008
170825 FORTALEZA DO TABOCAO,73.0,-,73.0,170825,Tabocão,  1 708 254 ,   3 455,3455.0,21.1287988422576
170830 GOIANORTE,76.0,-,76.0,170830,Goianorte,  1 708 304 ,   4 738,4738.0,16.040523427606587
170900 GOIATINS,153.0,-,153.0,170900,Goiatins,  1 709 005 ,   12 433,12433.0,12.305959945306846
170930 GUARAI,599.0,18,617.0,170930,Guaraí,  1 709 302 ,   24 775,24775.0,24.904137235116046
170950 GURUPI,1950.0,179,2129.0,170950,Gurupi,  1 709 500 ,   85 125,85125.0,25.01027900146843
170980 IPUEIRAS,58.0,-,58.0,170980,Ipueiras,  1 709 807 ,   1 590,1590.0,36.477987421383645
171050 ITACAJA,152.0,1,153.0,171050,Itacajá,  1 710 508 ,   6 819,6819.0,22.43730752309723
171070 ITAGUATINS,85.0,-,85.0,171070,Itaguatins,  1 710 706 ,   5 172,5172.0,16.434648105181747
171090 ITAPIRATINS,56.0,-,56.0,171090,Itapiratins,  1 710 904 ,   3 577,3577.0,15.655577299412915
171110 ITAPORA DO TOCANTINS,56.0,-,56.0,171110,Itaporã do Tocantins,  1 711 100 ,   2 404,2404.0,23.29450915141431
171150 JAU DO TOCANTINS,58.0,-,58.0,171150,Jaú do Tocantins,  1 711 506 ,   3 334,3334.0,17.39652069586083
171180 JUARINA,34.0,-,34.0,171180,Juarina,  1 711 803 ,   2 243,2243.0,15.158270173874277
171190 LAGOA DA CONFUSAO,119.0,3,122.0,171190,Lagoa da Confusão,  1 711 902 ,   15 288,15288.0,7.980115122972266
171195 LAGOA DO TOCANTINS,67.0,-,67.0,171195,Lagoa do Tocantins,  1 711 951 ,   3 516,3516.0,19.055745164960182
171200 LAJEADO,90.0,2,92.0,171200,Lajeado,  1 712 009 ,   3 357,3357.0,27.405421507298183
171215 LAVANDEIRA,43.0,-,43.0,171215,Lavandeira,  1 712 157 ,   1 626,1626.0,26.445264452644526
171240 LIZARDA,44.0,-,44.0,171240,Lizarda,  1 712 405 ,   2 999,2999.0,14.671557185728577
171245 LUZINOPOLIS,56.0,2,58.0,171245,Luzinópolis,  1 712 454 ,   2 717,2717.0,21.347073978652926
171250 MARIANOPOLIS DO TOCANTINS,92.0,-,92.0,171250,Marianópolis do Tocantins,  1 712 504 ,   4 615,4615.0,19.934994582881906
171270 MATEIROS,37.0,-,37.0,171270,Mateiros,  1 712 702 ,   2 748,2748.0,13.464337700145562
171280 MAURILANDIA DO TOCANTINS,64.0,-,64.0,171280,Maurilândia do Tocantins,  1 712 801 ,   3 095,3095.0,20.678513731825525
171320 MIRACEMA DO TOCANTINS,512.0,8,520.0,171320,Miracema do Tocantins,  1 713 205 ,   18 566,18566.0,28.00818700851018
171330 MIRANORTE,152.0,10,162.0,171330,Miranorte,  1 713 304 ,   12 701,12701.0,12.754901188882764
171360 MONTE DO CARMO,141.0,-,141.0,171360,Monte do Carmo,  1 713 601 ,   5 694,5694.0,24.76290832455216
171370 MONTE SANTO DO TOCANTINS,33.0,1,34.0,171370,Monte Santo do Tocantins,  1 713 700 ,   2 396,2396.0,14.190317195325543
171380 PALMEIRAS DO TOCANTINS,72.0,-,72.0,171380,Palmeiras do Tocantins,  1 713 809 ,   4 872,4872.0,14.778325123152708
171395 MURICILANDIA,69.0,-,69.0,171395,Muricilândia,  1 713 957 ,   3 367,3367.0,20.49302049302049
171420 NATIVIDADE,123.0,3,126.0,171420,Natividade,  1 714 203 ,   8 754,8754.0,14.393420150788211
171430 NAZARE,66.0,1,67.0,171430,Nazaré,  1 714 302 ,   4 521,4521.0,14.819730148197301
171488 NOVA OLINDA,137.0,1,138.0,171488,Nova Olinda,  1 714 880 ,   10 367,10367.0,13.311469084595352
171500 NOVA ROSALANDIA,84.0,-,84.0,171500,Nova Rosalândia,  1 715 002 ,   3 362,3362.0,24.98512790005949
171510 NOVO ACORDO,65.0,-,65.0,171510,Novo Acordo,  1 715 101 ,   3 969,3969.0,16.376921138825903
171515 NOVO ALEGRE,69.0,-,69.0,171515,Novo Alegre,  1 715 150 ,   1 846,1846.0,37.37811484290358
171525 NOVO JARDIM,48.0,-,48.0,171525,Novo Jardim,  1 715 259 ,   2 230,2230.0,21.524663677130047
171550 OLIVEIRA DE FATIMA,46.0,-,46.0,171550,Oliveira de Fátima,  1 715 507 ,   1 164,1164.0,39.51890034364261
171570 PALMEIRANTE,57.0,39,96.0,171570,Palmeirante,  1 715 705 ,   4 798,4798.0,20.008336807002916
171575 PALMEIROPOLIS,130.0,4,134.0,171575,Palmeirópolis,  1 715 754 ,   6 975,6975.0,19.21146953405018
171610 PARAISO DO TOCANTINS,889.0,129,1018.0,171610,Paraíso do Tocantins,  1 716 109 ,   52 360,52360.0,19.442322383498855
171620 PARANA,172.0,1,173.0,171620,Paranã,  1 716 208 ,   10 542,10542.0,16.410548283058244
171630 PAU D'ARCO,65.0,-,65.0,171630,Pau D'Arco,  1 716 307 ,   4 043,4043.0,16.07717041800643
171650 PEDRO AFONSO,398.0,6,404.0,171650,Pedro Afonso,  1 716 505 ,   14 055,14055.0,28.744219139096405
171660 PEIXE,183.0,-,183.0,171660,Peixe,  1 716 604 ,   9 317,9317.0,19.6415155092841
171665 PEQUIZEIRO,85.0,4,89.0,171665,Pequizeiro,  1 716 653 ,   4 921,4921.0,18.08575492786019
171670 COLMEIA,107.0,1,108.0,171670,Colméia,  1 716 703 ,   8 941,8941.0,12.079185773403422
171700 PINDORAMA DO TOCANTINS,76.0,-,76.0,171700,Pindorama do Tocantins,  1 717 008 ,   4 478,4478.0,16.971862438588655
171720 PIRAQUE,47.0,-,47.0,171720,Piraquê,  1 717 206 ,   2 282,2282.0,20.595968448729185
171750 PIUM,103.0,4,107.0,171750,Pium,  1 717 503 ,   7 128,7128.0,15.011223344556678
171780 PONTE ALTA DO BOM JESUS,91.0,-,91.0,171780,Ponte Alta do Bom Jesus,  1 717 800 ,   4 220,4220.0,21.563981042654028
171790 PONTE ALTA DO TOCANTINS,135.0,-,135.0,171790,Ponte Alta do Tocantins,  1 717 909 ,   7 586,7586.0,17.795939889269707
171800 PORTO ALEGRE DO TOCANTINS,51.0,4,55.0,171800,Porto Alegre do Tocantins,  1 718 006 ,   2 866,2866.0,19.190509420795536
171820 PORTO NACIONAL,1529.0,71,1600.0,171820,Porto Nacional,  1 718 204 ,   64 418,64418.0,24.837778260734577
171830 PRAIA NORTE,104.0,-,104.0,171830,Praia Norte,  1 718 303 ,   9 044,9044.0,11.499336576735958
171840 PRESIDENTE KENNEDY,49.0,-,49.0,171840,Presidente Kennedy,  1 718 402 ,   3 047,3047.0,16.08139153265507
171845 PUGMIL,45.0,-,45.0,171845,Pugmil,  1 718 451 ,   2 193,2193.0,20.51983584131327
171850 RECURSOLANDIA,60.0,-,60.0,171850,Recursolândia,  1 718 501 ,   3 421,3421.0,17.538731365097927
171855 RIACHINHO,59.0,2,61.0,171855,Riachinho,  1 718 550 ,   3 960,3960.0,15.404040404040405
171865 RIO DA CONCEICAO,48.0,-,48.0,171865,Rio da Conceição,  1 718 659 ,   1 768,1768.0,27.149321266968325
171870 RIO DOS BOIS,45.0,-,45.0,171870,Rio dos Bois,  1 718 709 ,   2 738,2738.0,16.43535427319211
171875 RIO SONO,103.0,1,104.0,171875,Rio Sono,  1 718 758 ,   4 841,4841.0,21.483164635405906
171880 SAMPAIO,51.0,1,52.0,171880,Sampaio,  1 718 808 ,   4 215,4215.0,12.336892052194543
171884 SANDOLANDIA,50.0,-,50.0,171884,Sandolândia,  1 718 840 ,   3 723,3723.0,13.430029546065002
171886 SANTA FE DO ARAGUAIA,102.0,-,102.0,171886,Santa Fé do Araguaia,  1 718 865 ,   7 216,7216.0,14.135254988913525
171888 SANTA MARIA DO TOCANTINS,50.0,-,50.0,171888,Santa Maria do Tocantins,  1 718 881 ,   2 680,2680.0,18.656716417910445
171889 SANTA RITA DO TOCANTINS,53.0,-,53.0,171889,Santa Rita do Tocantins,  1 718 899 ,   2 219,2219.0,23.884632717440287
171890 SANTA ROSA DO TOCANTINS,82.0,-,82.0,171890,Santa Rosa do Tocantins,  1 718 907 ,   4 653,4653.0,17.623038899634643
171900 SANTA TEREZA DO TOCANTINS,58.0,-,58.0,171900,Santa Tereza do Tocantins,  1 719 004 ,   2 781,2781.0,20.855807263574253
172000 SANTA TEREZINHA DO TOCANTINS,37.0,-,37.0,172000,Santa Terezinha do Tocantins,  1 720 002 ,   2 406,2406.0,15.378221113881962
172010 SAO BENTO DO TOCANTINS,91.0,-,91.0,172010,São Bento do Tocantins,  1 720 101 ,   5 654,5654.0,16.094800141492748
172015 SAO FELIX DO TOCANTINS,48.0,2,50.0,172015,São Félix do Tocantins,  1 720 150 ,   1 783,1783.0,28.042624789680314
172020 SAO MIGUEL DO TOCANTINS,157.0,-,157.0,172020,São Miguel do Tocantins,  1 720 200 ,   13 241,13241.0,11.85711049014425
172025 SAO SALVADOR DO TOCANTINS,72.0,-,72.0,172025,São Salvador do Tocantins,  1 720 259 ,   2 385,2385.0,30.18867924528302
172030 SAO SEBASTIAO DO TOCANTINS,69.0,-,69.0,172030,São Sebastião do Tocantins,  1 720 309 ,   4 100,4100.0,16.82926829268293
172049 SAO VALERIO,85.0,-,85.0,172049,São Valério,  1 720 499 ,   4 422,4422.0,19.22207146087743
172065 SILVANOPOLIS,109.0,1,110.0,172065,Silvanópolis,  1 720 655 ,   5 108,5108.0,21.53484729835552
172080 SITIO NOVO DO TOCANTINS,196.0,-,196.0,172080,Sítio Novo do Tocantins,  1 720 804 ,   10 830,10830.0,18.09787626962142
172085 SUCUPIRA,28.0,-,28.0,172085,Sucupira,  1 720 853 ,   1 577,1577.0,17.755231452124285
172090 TAGUATINGA,260.0,2,262.0,172090,Taguatinga,  1 720 903 ,   14 011,14011.0,18.699593176789666
172093 TAIPAS DO TOCANTINS,40.0,-,40.0,172093,Taipas do Tocantins,  1 720 937 ,   2 021,2021.0,19.792182088075208
172097 TALISMA,57.0,-,57.0,172097,Talismã,  1 720 978 ,   2 456,2456.0,23.208469055374593
172100 PALMAS,6890.0,1556,8446.0,172100,Palmas,  1 721 000 ,   302 692,302692.0,27.902950854333778
172110 TOCANTINIA,130.0,-,130.0,172110,Tocantínia,  1 721 109 ,   7 459,7459.0,17.428609733208205
172120 TOCANTINOPOLIS,316.0,12,328.0,172120,Tocantinópolis,  1 721 208 ,   22 615,22615.0,14.503648021224851
172125 TUPIRAMA,68.0,-,68.0,172125,Tupirama,  1 721 257 ,   1 909,1909.0,35.620743844945
172130 TUPIRATINS,34.0,-,34.0,172130,Tupiratins,  1 721 307 ,   1 874,1874.0,18.14300960512273
172208 WANDERLANDIA,125.0,3,128.0,172208,Wanderlândia,  1 722 081 ,   10 522,10522.0,12.164987644934424
172210 XAMBIOA,186.0,8,194.0,172210,Xambioá,  1 722 107 ,   10 517,10517.0,18.4463249976229
210005 ACAILANDIA,1256.0,316,1572.0,210005,Açailândia,  2 100 055 ,   106 550,106550.0,14.753636790239325
210010 AFONSO CUNHA,86.0,-,86.0,210010,Afonso Cunha,  2 100 105 ,   6 144,6144.0,13.997395833333334
210015 AGUA DOCE DO MARANHAO,105.0,-,105.0,210015,Água Doce do Maranhão,  2 100 154 ,   12 142,12142.0,8.647669247240982
210020 ALCANTARA,240.0,1,241.0,210020,Alcântara,  2 100 204 ,   18 467,18467.0,13.050305951156115
210030 ALDEIAS ALTAS,243.0,-,243.0,210030,Aldeias Altas,  2 100 303 ,   23 286,23286.0,10.435454779695954
210040 ALTAMIRA DO MARANHAO,97.0,-,97.0,210040,Altamira do Maranhão,  2 100 402 ,   6 447,6447.0,15.04575771676749
210043 ALTO ALEGRE DO MARANHAO,416.0,-,416.0,210043,Alto Alegre do Maranhão,  2 100 436 ,   24 048,24048.0,17.298735861610112
210047 ALTO ALEGRE DO PINDARE,436.0,5,441.0,210047,Alto Alegre do Pindaré,  2 100 477 ,   25 710,25710.0,17.152858809801632
210050 ALTO PARNAIBA,180.0,12,192.0,210050,Alto Parnaíba,  2 100 501 ,   11 109,11109.0,17.283283823926546
210055 AMAPA DO MARANHAO,78.0,-,78.0,210055,Amapá do Maranhão,  2 100 550 ,   7 170,7170.0,10.878661087866108
210060 AMARANTE DO MARANHAO,890.0,-,890.0,210060,Amarante do Maranhão,  2 100 600 ,   37 085,37085.0,23.998921396791154
210070 ANAJATUBA,323.0,3,326.0,210070,Anajatuba,  2 100 709 ,   25 322,25322.0,12.874180554458574
210080 ANAPURUS,142.0,2,144.0,210080,Anapurus,  2 100 808 ,   13 793,13793.0,10.440078300587254
210083 APICUM-ACU,157.0,-,157.0,210083,Apicum-Açu,  2 100 832 ,   17 519,17519.0,8.961698727096294
210087 ARAGUANA,131.0,-,131.0,210087,Araguanã,  2 100 873 ,   11 181,11181.0,11.716304445040693
210090 ARAIOSES,299.0,1,300.0,210090,Araioses,  2 100 907 ,   39 052,39052.0,7.682064939055618
210095 ARAME,289.0,4,293.0,210095,Arame,  2 100 956 ,   25 517,25517.0,11.482541051063997
210100 ARARI,330.0,-,330.0,210100,Arari,  2 101 004 ,   29 472,29472.0,11.197068403908794
210110 AXIXA,198.0,-,198.0,210110,Axixá,  2 101 103 ,   11 790,11790.0,16.793893129770993
210120 BACABAL,1826.0,197,2023.0,210120,Bacabal,  2 101 202 ,   103 711,103711.0,19.506127604593534
210125 BACABEIRA,176.0,-,176.0,210125,Bacabeira,  2 101 251 ,   16 966,16966.0,10.373688553577743
210130 BACURI,188.0,1,189.0,210130,Bacuri,  2 101 301 ,   16 290,16290.0,11.602209944751381
210135 BACURITUBA,71.0,-,71.0,210135,Bacurituba,  2 101 350 ,   5 252,5252.0,13.518659558263519
210140 BALSAS,1293.0,142,1435.0,210140,Balsas,  2 101 400 ,   101 767,101767.0,14.100838189196892
210150 BARAO DE GRAJAU,264.0,1,265.0,210150,Barão de Grajaú,  2 101 509 ,   18 984,18984.0,13.959123472397808
210160 BARRA DO CORDA,1219.0,34,1253.0,210160,Barra do Corda,  2 101 608 ,   84 532,84532.0,14.82278900298112
210170 BARREIRINHAS,737.0,-,737.0,210170,Barreirinhas,  2 101 707 ,   65 589,65589.0,11.236640290292579
210173 BELAGUA,108.0,-,108.0,210173,Belágua,  2 101 731 ,   8 460,8460.0,12.76595744680851
210177 BELA VISTA DO MARANHAO,184.0,-,184.0,210177,Bela Vista do Maranhão,  2 101 772 ,   11 750,11750.0,15.659574468085108
210180 BENEDITO LEITE,91.0,4,95.0,210180,Benedito Leite,  2 101 806 ,   5 469,5469.0,17.37063448528067
210190 BEQUIMAO,229.0,11,240.0,210190,Bequimão,  2 101 905 ,   19 584,19584.0,12.254901960784313
210193 BERNARDO DO MEARIM,112.0,-,112.0,210193,Bernardo do Mearim,  2 101 939 ,   5 840,5840.0,19.178082191780824
210197 BOA VISTA DO GURUPI,75.0,-,75.0,210197,Boa Vista do Gurupi,  2 101 970 ,   7 574,7574.0,9.90229733298125
210200 BOM JARDIM,482.0,-,482.0,210200,Bom Jardim,  2 102 002 ,   33 100,33100.0,14.561933534743202
210203 BOM JESUS DAS SELVAS,382.0,-,382.0,210203,Bom Jesus das Selvas,  2 102 036 ,   28 599,28599.0,13.357110388475123
210207 BOM LUGAR,121.0,3,124.0,210207,Bom Lugar,  2 102 077 ,   12 212,12212.0,10.153946937438585
210210 BREJO,294.0,-,294.0,210210,Brejo,  2 102 101 ,   34 120,34120.0,8.61664712778429
210215 BREJO DE AREIA,80.0,2,82.0,210215,Brejo de Areia,  2 102 150 ,   9 218,9218.0,8.895638967238012
210220 BURITI,399.0,2,401.0,210220,Buriti,  2 102 200 ,   29 685,29685.0,13.5085059794509
210230 BURITI BRAVO,275.0,-,275.0,210230,Buriti Bravo,  2 102 309 ,   22 455,22455.0,12.24671565352928
210232 BURITICUPU,830.0,11,841.0,210232,Buriticupu,  2 102 325 ,   55 499,55499.0,15.15342618785924
210235 BURITIRANA,129.0,-,129.0,210235,Buritirana,  2 102 358 ,   12 918,12918.0,9.986065954482116
210237 CACHOEIRA GRANDE,121.0,-,121.0,210237,Cachoeira Grande,  2 102 374 ,   9 732,9732.0,12.433210028771065
210240 CAJAPIO,158.0,-,158.0,210240,Cajapió,  2 102 408 ,   10 121,10121.0,15.611105621974113
210250 CAJARI,182.0,-,182.0,210250,Cajari,  2 102 507 ,   16 412,16412.0,11.089446746283208
210255 CAMPESTRE DO MARANHAO,176.0,1,177.0,210255,Campestre do Maranhão,  2 102 556 ,   12 301,12301.0,14.389074059019592
210260 CANDIDO MENDES,221.0,-,221.0,210260,Cândido Mendes,  2 102 606 ,   19 932,19932.0,11.087698173790889
210270 CANTANHEDE,321.0,-,321.0,210270,Cantanhede,  2 102 705 ,   24 303,24303.0,13.208245895568448
210275 CAPINZAL DO NORTE,228.0,11,239.0,210275,Capinzal do Norte,  2 102 754 ,   11 374,11374.0,21.01283629330051
210280 CAROLINA,255.0,7,262.0,210280,Carolina,  2 102 804 ,   24 062,24062.0,10.888537943645582
210290 CARUTAPERA,501.0,-,501.0,210290,Carutapera,  2 102 903 ,   24 238,24238.0,20.67002227906593
210300 CAXIAS,3110.0,304,3414.0,210300,Caxias,  2 103 000 ,   156 973,156973.0,21.748963197492564
210310 CEDRAL,115.0,-,115.0,210310,Cedral,  2 103 109 ,   10 208,10208.0,11.265673981191222
210312 CENTRAL DO MARANHAO,76.0,-,76.0,210312,Central do Maranhão,  2 103 125 ,   7 094,7094.0,10.713278827177897
210315 CENTRO DO GUILHERME,95.0,-,95.0,210315,Centro do Guilherme,  2 103 158 ,   12 342,12342.0,7.697293793550478
210317 CENTRO NOVO DO MARANHAO,247.0,-,247.0,210317,Centro Novo do Maranhão,  2 103 174 ,   16 267,16267.0,15.184115079609024
210320 CHAPADINHA,1155.0,36,1191.0,210320,Chapadinha,  2 103 208 ,   81 386,81386.0,14.633966529870001
210325 CIDELANDIA,170.0,1,171.0,210325,Cidelândia,  2 103 257 ,   12 878,12878.0,13.278459388103743
210330 CODO,1655.0,43,1698.0,210330,Codó,  2 103 307 ,   114 275,114275.0,14.85889302122074
210340 COELHO NETO,697.0,46,743.0,210340,Coelho Neto,  2 103 406 ,   41 658,41658.0,17.83570982764415
210350 COLINAS,740.0,16,756.0,210350,Colinas,  2 103 505 ,   40 316,40316.0,18.75186030360155
210355 CONCEICAO DO LAGO-ACU,152.0,-,152.0,210355,Conceição do Lago-Açu,  2 103 554 ,   14 915,14915.0,10.19108280254777
210360 COROATA,1137.0,30,1167.0,210360,Coroatá,  2 103 604 ,   59 566,59566.0,19.591713393546655
210370 CURURUPU,512.0,-,512.0,210370,Cururupu,  2 103 703 ,   31 558,31558.0,16.224095316559985
210375 DAVINOPOLIS,169.0,4,173.0,210375,Davinópolis,  2 103 752 ,   14 404,14404.0,12.010552624271037
210380 DOM PEDRO,355.0,2,357.0,210380,Dom Pedro,  2 103 802 ,   23 053,23053.0,15.486053875851299
210390 DUQUE BACELAR,149.0,5,154.0,210390,Duque Bacelar,  2 103 901 ,   10 223,10223.0,15.064071211973001
210400 ESPERANTINOPOLIS,231.0,2,233.0,210400,Esperantinópolis,  2 104 008 ,   18 311,18311.0,12.724591775435531
210405 ESTREITO,440.0,9,449.0,210405,Estreito,  2 104 057 ,   33 294,33294.0,13.485913377785787
210407 FEIRA NOVA DO MARANHAO,104.0,2,106.0,210407,Feira Nova do Maranhão,  2 104 073 ,   8 048,8048.0,13.170974155069583
210408 FERNANDO FALCAO,143.0,-,143.0,210408,Fernando Falcão,  2 104 081 ,   10 873,10873.0,13.151844017290536
210409 FORMOSA DA SERRA NEGRA,160.0,-,160.0,210409,Formosa da Serra Negra,  2 104 099 ,   17 719,17719.0,9.029854957954738
210410 FORTALEZA DOS NOGUEIRAS,133.0,2,135.0,210410,Fortaleza dos Nogueiras,  2 104 107 ,   12 640,12640.0,10.680379746835444
210420 FORTUNA,181.0,-,181.0,210420,Fortuna,  2 104 206 ,   16 976,16976.0,10.662111215834118
210430 GODOFREDO VIANA,104.0,5,109.0,210430,Godofredo Viana,  2 104 305 ,   10 186,10186.0,10.700962104849793
210440 GONCALVES DIAS,198.0,1,199.0,210440,Gonçalves Dias,  2 104 404 ,   17 206,17206.0,11.565732883877716
210450 GOVERNADOR ARCHER,121.0,-,121.0,210450,Governador Archer,  2 104 503 ,   10 231,10231.0,11.826800899227836
210455 GOVERNADOR EDISON LOBAO,225.0,6,231.0,210455,Governador Edison Lobão,  2 104 552 ,   18 411,18411.0,12.546846993645104
210460 GOVERNADOR EUGENIO BARROS,199.0,-,199.0,210460,Governador Eugênio Barros,  2 104 602 ,   13 930,13930.0,14.285714285714285
210462 GOVERNADOR LUIZ ROCHA,86.0,-,86.0,210462,Governador Luiz Rocha,  2 104 628 ,   7 063,7063.0,12.17612912360187
210465 GOVERNADOR NEWTON BELLO,157.0,-,157.0,210465,Governador Newton Bello,  2 104 651 ,   10 713,10713.0,14.655091944366658
210467 GOVERNADOR NUNES FREIRE,360.0,-,360.0,210467,Governador Nunes Freire,  2 104 677 ,   23 128,23128.0,15.565548253199585
210470 GRACA ARANHA,61.0,-,61.0,210470,Graça Aranha,  2 104 701 ,   6 023,6023.0,10.127843267474681
210480 GRAJAU,905.0,1,906.0,210480,Grajaú,  2 104 800 ,   73 872,73872.0,12.264457439896036
210490 GUIMARAES,131.0,-,131.0,210490,Guimarães,  2 104 909 ,   10 290,10290.0,12.730806608357629
210500 HUMBERTO DE CAMPOS,333.0,2,335.0,210500,Humberto de Campos,  2 105 005 ,   25 680,25680.0,13.045171339563863
210510 ICATU,239.0,-,239.0,210510,Icatu,  2 105 104 ,   24 794,24794.0,9.639428894087278
210515 IGARAPE DO MEIO,180.0,-,180.0,210515,Igarapé do Meio,  2 105 153 ,   13 974,13974.0,12.881064834693001
210520 IGARAPE GRANDE,188.0,5,193.0,210520,Igarapé Grande,  2 105 203 ,   10 231,10231.0,18.86423614504936
210530 IMPERATRIZ,4558.0,846,5404.0,210530,Imperatriz,  2 105 302 ,   273 110,273110.0,19.786899051664165
210535 ITAIPAVA DO GRAJAU,167.0,-,167.0,210535,Itaipava do Grajaú,  2 105 351 ,   13 828,13828.0,12.07694532831935
210540 ITAPECURU MIRIM,811.0,39,850.0,210540,Itapecuru Mirim,  2 105 401 ,   60 440,60440.0,14.063534083388484
210542 ITINGA DO MARANHAO,246.0,-,246.0,210542,Itinga do Maranhão,  2 105 427 ,   22 513,22513.0,10.927019944032336
210545 JATOBA,105.0,-,105.0,210545,Jatobá,  2 105 450 ,   7 471,7471.0,14.054343461384018
210547 JENIPAPO DOS VIEIRAS,192.0,-,192.0,210547,Jenipapo dos Vieiras,  2 105 476 ,   17 076,17076.0,11.243851018973999
210550 JOAO LISBOA,339.0,5,344.0,210550,João Lisboa,  2 105 500 ,   24 709,24709.0,13.9220526933506
210560 JOSELANDIA,155.0,7,162.0,210560,Joselândia,  2 105 609 ,   14 924,14924.0,10.854998659876708
210565 JUNCO DO MARANHAO,75.0,-,75.0,210565,Junco do Maranhão,  2 105 658 ,   5 146,5146.0,14.574426739214923
210570 LAGO DA PEDRA,589.0,10,599.0,210570,Lago da Pedra,  2 105 708 ,   44 403,44403.0,13.490079499132943
210580 LAGO DO JUNCO,180.0,-,180.0,210580,Lago do Junco,  2 105 807 ,   9 506,9506.0,18.935409215232486
210590 LAGO VERDE,111.0,-,111.0,210590,Lago Verde,  2 105 906 ,   14 769,14769.0,7.515742433475523
210592 LAGOA DO MATO,155.0,-,155.0,210592,Lagoa do Mato,  2 105 922 ,   10 572,10572.0,14.661369655694287
210594 LAGO DOS RODRIGUES,140.0,-,140.0,210594,Lago dos Rodrigues,  2 105 948 ,   8 758,8758.0,15.985384791048183
210596 LAGOA GRANDE DO MARANHAO,126.0,-,126.0,210596,Lagoa Grande do Maranhão,  2 105 963 ,   11 411,11411.0,11.041977039698535
210598 LAJEADO NOVO,102.0,-,102.0,210598,Lajeado Novo,  2 105 989 ,   7 057,7057.0,14.453733881252658
210600 LIMA CAMPOS,181.0,47,228.0,210600,Lima Campos,  2 106 003 ,   11 297,11297.0,20.182349296273348
210610 LORETO,137.0,1,138.0,210610,Loreto,  2 106 102 ,   11 597,11597.0,11.899629214452014
210620 LUIS DOMINGUES,100.0,-,100.0,210620,Luís Domingues,  2 106 201 ,   7 161,7161.0,13.964530093562352
210630 MAGALHAES DE ALMEIDA,179.0,-,179.0,210630,Magalhães de Almeida,  2 106 300 ,   13 807,13807.0,12.964438328384153
210632 MARACACUME,200.0,3,203.0,210632,Maracaçumé,  2 106 326 ,   21 149,21149.0,9.598562579791007
210635 MARAJA DO SENA,63.0,-,63.0,210635,Marajá do Sena,  2 106 359 ,   7 027,7027.0,8.96541909776576
210637 MARANHAOZINHO,121.0,-,121.0,210637,Maranhãozinho,  2 106 375 ,   13 761,13761.0,8.792965627498
210640 MATA ROMA,295.0,1,296.0,210640,Mata Roma,  2 106 409 ,   17 090,17090.0,17.320070216500877
210650 MATINHA,205.0,1,206.0,210650,Matinha,  2 106 508 ,   22 034,22034.0,9.349187619134065
210660 MATOES,390.0,3,393.0,210660,Matões,  2 106 607 ,   32 174,32174.0,12.214831851805805
210663 MATOES DO NORTE,172.0,4,176.0,210663,Matões do Norte,  2 106 631 ,   17 432,17432.0,10.096374483708122
210667 MILAGRES DO MARANHAO,117.0,-,117.0,210667,Milagres do Maranhão,  2 106 672 ,   8 818,8818.0,13.268314810614651
210670 MIRADOR,255.0,-,255.0,210670,Mirador,  2 106 706 ,   21 030,21030.0,12.125534950071328
210675 MIRANDA DO NORTE,394.0,3,397.0,210675,Miranda do Norte,  2 106 755 ,   23 864,23864.0,16.635936976198458
210680 MIRINZAL,124.0,1,125.0,210680,Mirinzal,  2 106 805 ,   13 978,13978.0,8.942624123622835
210690 MONCAO,431.0,-,431.0,210690,Monção,  2 106 904 ,   27 751,27751.0,15.530971856870023
210700 MONTES ALTOS,109.0,-,109.0,210700,Montes Altos,  2 107 001 ,   9 106,9106.0,11.970129584889085
210710 MORROS,312.0,-,312.0,210710,Morros,  2 107 100 ,   18 554,18554.0,16.815780963673603
210720 NINA RODRIGUES,197.0,-,197.0,210720,Nina Rodrigues,  2 107 209 ,   14 176,14176.0,13.896726862302483
210725 NOVA COLINAS,71.0,-,71.0,210725,Nova Colinas,  2 107 258 ,   5 021,5021.0,14.140609440350527
210730 NOVA IORQUE,55.0,-,55.0,210730,Nova Iorque,  2 107 308 ,   4 320,4320.0,12.731481481481481
210735 NOVA OLINDA DO MARANHAO,191.0,1,192.0,210735,Nova Olinda do Maranhão,  2 107 357 ,   14 314,14314.0,13.41344138605561
210740 OLHO D'AGUA DAS CUNHAS,171.0,-,171.0,210740,Olho d'Água das Cunhãs,  2 107 407 ,   17 919,17919.0,9.542943244600702
210745 OLINDA NOVA DO MARANHAO,168.0,-,168.0,210745,Olinda Nova do Maranhão,  2 107 456 ,   13 577,13577.0,12.37386757015541
210750 PACO DO LUMIAR,1073.0,59,1132.0,210750,Paço do Lumiar,  2 107 506 ,   145 643,145643.0,7.7724298455813186
210760 PALMEIRANDIA,201.0,1,202.0,210760,Palmeirândia,  2 107 605 ,   21 059,21059.0,9.592098390236954
210770 PARAIBANO,242.0,1,243.0,210770,Paraibano,  2 107 704 ,   18 274,18274.0,13.297581262996607
210780 PARNARAMA,461.0,8,469.0,210780,Parnarama,  2 107 803 ,   31 250,31250.0,15.008000000000001
210790 PASSAGEM FRANCA,261.0,-,261.0,210790,Passagem Franca,  2 107 902 ,   17 220,17220.0,15.156794425087107
210800 PASTOS BONS,243.0,1,244.0,210800,Pastos Bons,  2 108 009 ,   18 802,18802.0,12.977342835868525
210805 PAULINO NEVES,221.0,-,221.0,210805,Paulino Neves,  2 108 058 ,   17 056,17056.0,12.957317073170731
210810 PAULO RAMOS,201.0,-,201.0,210810,Paulo Ramos,  2 108 108 ,   20 341,20341.0,9.881520082591809
210820 PEDREIRAS,711.0,56,767.0,210820,Pedreiras,  2 108 207 ,   37 050,37050.0,20.70175438596491
210825 PEDRO DO ROSARIO,363.0,17,380.0,210825,Pedro do Rosário,  2 108 256 ,   24 320,24320.0,15.625
210830 PENALVA,391.0,1,392.0,210830,Penalva,  2 108 306 ,   32 511,32511.0,12.057457475931225
210840 PERI MIRIM,163.0,-,163.0,210840,Peri Mirim,  2 108 405 ,   11 108,11108.0,14.674108750450126
210845 PERITORO,433.0,7,440.0,210845,Peritoró,  2 108 454 ,   20 479,20479.0,21.48542409297329
210850 PINDARE-MIRIM,326.0,-,326.0,210850,Pindaré-Mirim,  2 108 504 ,   31 429,31429.0,10.372585828375069
210860 PINHEIRO,1340.0,49,1389.0,210860,Pinheiro,  2 108 603 ,   84 621,84621.0,16.41436522848938
210870 PIO XII,290.0,-,290.0,210870,Pio XII,  2 108 702 ,   21 886,21886.0,13.250479758749886
210880 PIRAPEMAS,206.0,3,209.0,210880,Pirapemas,  2 108 801 ,   17 714,17714.0,11.79857739640962
210890 POCAO DE PEDRAS,183.0,3,186.0,210890,Poção de Pedras,  2 108 900 ,   17 161,17161.0,10.838529223238739
210900 PORTO FRANCO,298.0,6,304.0,210900,Porto Franco,  2 109 007 ,   23 903,23903.0,12.718068861649167
210905 PORTO RICO DO MARANHAO,79.0,2,81.0,210905,Porto Rico do Maranhão,  2 109 056 ,   5 954,5954.0,13.604299630500504
210910 PRESIDENTE DUTRA,903.0,52,955.0,210910,Presidente Dutra,  2 109 106 ,   45 155,45155.0,21.149374377145385
210920 PRESIDENTE JUSCELINO,124.0,-,124.0,210920,Presidente Juscelino,  2 109 205 ,   11 356,11356.0,10.919337794998238
210923 PRESIDENTE MEDICI,123.0,-,123.0,210923,Presidente Médici,  2 109 239 ,   4 696,4696.0,26.19250425894378
210927 PRESIDENTE SARNEY,217.0,8,225.0,210927,Presidente Sarney,  2 109 270 ,   17 511,17511.0,12.849066301182113
210930 PRESIDENTE VARGAS,181.0,-,181.0,210930,Presidente Vargas,  2 109 304 ,   10 549,10549.0,17.15802445729453
210940 PRIMEIRA CRUZ,117.0,-,117.0,210940,Primeira Cruz,  2 109 403 ,   13 614,13614.0,8.594094314676068
210945 RAPOSA,405.0,52,457.0,210945,Raposa,  2 109 452 ,   30 839,30839.0,14.818898148448392
210950 RIACHAO,196.0,-,196.0,210950,Riachão,  2 109 502 ,   22 145,22145.0,8.850756378414992
210955 RIBAMAR FIQUENE,123.0,-,123.0,210955,Ribamar Fiquene,  2 109 551 ,   7 420,7420.0,16.576819407008088
210960 ROSARIO,472.0,10,482.0,210960,Rosário,  2 109 601 ,   38 475,38475.0,12.527615334632879
210970 SAMBAIBA,68.0,-,68.0,210970,Sambaíba,  2 109 700 ,   5 568,5568.0,12.212643678160921
210975 SANTA FILOMENA DO MARANHAO,79.0,-,79.0,210975,Santa Filomena do Maranhão,  2 109 759 ,   6 697,6697.0,11.796326713453785
210980 SANTA HELENA,340.0,-,340.0,210980,Santa Helena,  2 109 809 ,   41 561,41561.0,8.180746372801424
210990 SANTA INES,1225.0,214,1439.0,210990,Santa Inês,  2 109 908 ,   85 014,85014.0,16.92662385018938
211000 SANTA LUZIA,700.0,8,708.0,211000,Santa Luzia,  2 110 005 ,   57 635,57635.0,12.284202307625575
211003 SANTA LUZIA DO PARUA,353.0,1,354.0,211003,Santa Luzia do Paruá,  2 110 039 ,   24 307,24307.0,14.563705928333402
211010 SANTA QUITERIA DO MARANHAO,361.0,-,361.0,211010,Santa Quitéria do Maranhão,  2 110 104 ,   23 957,23957.0,15.068664690904537
211020 SANTA RITA,457.0,8,465.0,211020,Santa Rita,  2 110 203 ,   37 035,37035.0,12.555690562980963
211023 SANTANA DO MARANHAO,132.0,-,132.0,211023,Santana do Maranhão,  2 110 237 ,   10 567,10567.0,12.491719504116588
211027 SANTO AMARO DO MARANHAO,141.0,-,141.0,211027,Santo Amaro do Maranhão,  2 110 278 ,   13 949,13949.0,10.108251487561832
211030 SANTO ANTONIO DOS LOPES,185.0,2,187.0,211030,Santo Antônio dos Lopes,  2 110 302 ,   14 304,14304.0,13.073266219239374
211040 SAO BENEDITO DO RIO PRETO,227.0,-,227.0,211040,São Benedito do Rio Preto,  2 110 401 ,   18 364,18364.0,12.361141363537355
211050 SAO BENTO,380.0,-,380.0,211050,São Bento,  2 110 500 ,   46 395,46395.0,8.19053777346697
211060 SAO BERNARDO,308.0,-,308.0,211060,São Bernardo,  2 110 609 ,   26 943,26943.0,11.431540659911665
211065 SAO DOMINGOS DO AZEITAO,88.0,-,88.0,211065,São Domingos do Azeitão,  2 110 658 ,   7 992,7992.0,11.01101101101101
211070 SAO DOMINGOS DO MARANHAO,540.0,1,541.0,211070,São Domingos do Maranhão,  2 110 708 ,   34 034,34034.0,15.895868837045308
211080 SAO FELIX DE BALSAS,87.0,-,87.0,211080,São Félix de Balsas,  2 110 807 ,   4 402,4402.0,19.763743752839616
211085 SAO FRANCISCO DO BREJAO,132.0,-,132.0,211085,São Francisco do Brejão,  2 110 856 ,   9 051,9051.0,14.584023864766325
211090 SAO FRANCISCO DO MARANHAO,151.0,2,153.0,211090,São Francisco do Maranhão,  2 110 906 ,   12 064,12064.0,12.682360742705571
211100 SAO JOAO BATISTA,193.0,-,193.0,211100,São João Batista,  2 111 003 ,   18 544,18544.0,10.407679033649696
211102 SAO JOAO DO CARU,173.0,-,173.0,211102,São João do Carú,  2 111 029 ,   12 251,12251.0,14.121296220716676
211105 SAO JOAO DO PARAISO,111.0,-,111.0,211105,São João do Paraíso,  2 111 052 ,   9 904,9904.0,11.207592891760905
211107 SAO JOAO DO SOTER,215.0,9,224.0,211107,São João do Soter,  2 111 078 ,   16 889,16889.0,13.263070637693172
211110 SAO JOAO DOS PATOS,368.0,-,368.0,211110,São João dos Patos,  2 111 102 ,   25 020,25020.0,14.708233413269385
211120 SAO JOSE DE RIBAMAR,1443.0,125,1568.0,211120,São José de Ribamar,  2 111 201 ,   244 579,244579.0,6.411016481382294
211125 SAO JOSE DOS BASILIOS,106.0,-,106.0,211125,São José dos Basílios,  2 111 250 ,   6 957,6957.0,15.236452493891045
211130 SAO LUIS,22830.0,6150,28980.0,211130,São Luís,  2 111 300 ,  1 037 775,1037775.0,27.925128279251282
211140 SAO LUIS GONZAGA DO MARANHAO,206.0,4,210.0,211140,São Luís Gonzaga do Maranhão,  2 111 409 ,   17 818,17818.0,11.785834549332135
211150 SAO MATEUS DO MARANHAO,361.0,39,400.0,211150,São Mateus do Maranhão,  2 111 508 ,   38 829,38829.0,10.301578716938371
211153 SAO PEDRO DA AGUA BRANCA,203.0,1,204.0,211153,São Pedro da Água Branca,  2 111 532 ,   14 338,14338.0,14.227925791602734
211157 SAO PEDRO DOS CRENTES,117.0,10,127.0,211157,São Pedro dos Crentes,  2 111 573 ,   5 783,5783.0,21.96091993774857
211160 SAO RAIMUNDO DAS MANGABEIRAS,229.0,1,230.0,211160,São Raimundo das Mangabeiras,  2 111 607 ,   18 672,18672.0,12.317909168808912
211163 SAO RAIMUNDO DO DOCA BEZERRA,88.0,-,88.0,211163,São Raimundo do Doca Bezerra,  2 111 631 ,   5 650,5650.0,15.575221238938054
211167 SAO ROBERTO,85.0,-,85.0,211167,São Roberto,  2 111 672 ,   4 544,4544.0,18.705985915492956
211170 SAO VICENTE FERRER,210.0,-,210.0,211170,São Vicente Ferrer,  2 111 706 ,   19 498,19498.0,10.770335419017336
211172 SATUBINHA,193.0,-,193.0,211172,Satubinha,  2 111 722 ,   8 784,8784.0,21.971766848816028
211174 SENADOR ALEXANDRE COSTA,100.0,-,100.0,211174,Senador Alexandre Costa,  2 111 748 ,   10 207,10207.0,9.797198001371608
211176 SENADOR LA ROCQUE,182.0,-,182.0,211176,Senador La Rocque,  2 111 763 ,   14 700,14700.0,12.380952380952381
211178 SERRANO DO MARANHAO,133.0,-,133.0,211178,Serrano do Maranhão,  2 111 789 ,   10 202,10202.0,13.036659478533622
211180 SITIO NOVO,286.0,-,286.0,211180,Sítio Novo,  2 111 805 ,   17 074,17074.0,16.750614970130023
211190 SUCUPIRA DO NORTE,159.0,-,159.0,211190,Sucupira do Norte,  2 111 904 ,   10 238,10238.0,15.53037702676304
211195 SUCUPIRA DO RIACHAO,90.0,-,90.0,211195,Sucupira do Riachão,  2 111 953 ,   4 985,4985.0,18.05416248746239
211200 TASSO FRAGOSO,122.0,-,122.0,211200,Tasso Fragoso,  2 112 001 ,   8 862,8862.0,13.766644098397652
211210 TIMBIRAS,386.0,4,390.0,211210,Timbiras,  2 112 100 ,   26 484,26484.0,14.725872224739465
211220 TIMON,1880.0,52,1932.0,211220,Timon,  2 112 209 ,   174 465,174465.0,11.073854354741638
211223 TRIZIDELA DO VALE,273.0,-,273.0,211223,Trizidela do Vale,  2 112 233 ,   22 484,22484.0,12.141967621419676
211227 TUFILANDIA,132.0,-,132.0,211227,Tufilândia,  2 112 274 ,   5 507,5507.0,23.96949337207191
211230 TUNTUM,636.0,2,638.0,211230,Tuntum,  2 112 308 ,   36 251,36251.0,17.59951449615183
211240 TURIACU,357.0,-,357.0,211240,Turiaçu,  2 112 407 ,   37 491,37491.0,9.522285348483637
211245 TURILANDIA,221.0,-,221.0,211245,Turilândia,  2 112 456 ,   31 638,31638.0,6.985270876793729
211250 TUTOIA,543.0,12,555.0,211250,Tutóia,  2 112 506 ,   53 356,53356.0,10.401829222580403
211260 URBANO SANTOS,212.0,-,212.0,211260,Urbano Santos,  2 112 605 ,   32 812,32812.0,6.461050835060344
211270 VARGEM GRANDE,517.0,-,517.0,211270,Vargem Grande,  2 112 704 ,   43 261,43261.0,11.950717736529437
211280 VIANA,610.0,1,611.0,211280,Viana,  2 112 803 ,   51 442,51442.0,11.877454220286925
211285 VILA NOVA DOS MARTIRIOS,176.0,-,176.0,211285,Vila Nova dos Martírios,  2 112 852 ,   10 362,10362.0,16.985138004246284
211290 VITORIA DO MEARIM,368.0,5,373.0,211290,Vitória do Mearim,  2 112 902 ,   30 805,30805.0,12.108423957149812
211300 VITORINO FREIRE,311.0,1,312.0,211300,Vitorino Freire,  2 113 009 ,   30 845,30845.0,10.115091586967095
211400 ZE DOCA,446.0,1,447.0,211400,Zé Doca,  2 114 007 ,   40 801,40801.0,10.95561383299429
220005 ACAUA,61.0,-,61.0,220005,Acauã,  2 200 053 ,   6 420,6420.0,9.501557632398754
220010 AGRICOLANDIA,80.0,-,80.0,220010,Agricolândia,  2 200 103 ,   4 940,4940.0,16.194331983805668
220020 AGUA BRANCA,273.0,1,274.0,220020,Água Branca,  2 200 202 ,   17 573,17573.0,15.592101519376316
220025 ALAGOINHA DO PIAUI,63.0,-,63.0,220025,Alagoinha do Piauí,  2 200 251 ,   6 819,6819.0,9.238891333040035
220027 ALEGRETE DO PIAUI,48.0,-,48.0,220027,Alegrete do Piauí,  2 200 277 ,   4 634,4634.0,10.358221838584376
220030 ALTO LONGA,131.0,-,131.0,220030,Alto Longá,  2 200 301 ,   13 479,13479.0,9.718821871058685
220040 ALTOS,482.0,17,499.0,220040,Altos,  2 200 400 ,   47 453,47453.0,10.515668134785999
220045 ALVORADA DO GURGUEIA,63.0,-,63.0,220045,Alvorada do Gurguéia,  2 200 459 ,   5 322,5322.0,11.837655016910935
220050 AMARANTE,239.0,-,239.0,220050,Amarante,  2 200 509 ,   17 234,17234.0,13.867935476383892
220060 ANGICAL DO PIAUI,111.0,-,111.0,220060,Angical do Piauí,  2 200 608 ,   6 827,6827.0,16.258971729896
220070 ANISIO DE ABREU,95.0,-,95.0,220070,Anísio de Abreu,  2 200 707 ,   9 407,9407.0,10.098862549165515
220080 ANTONIO ALMEIDA,63.0,-,63.0,220080,Antônio Almeida,  2 200 806 ,   3 152,3152.0,19.987309644670052
220090 AROAZES,81.0,-,81.0,220090,Aroazes,  2 200 905 ,   5 369,5369.0,15.08660830694729
220095 AROEIRAS DO ITAIM,27.0,1,28.0,220095,Aroeiras do Itaim,  2 200 954 ,   2 690,2690.0,10.408921933085502
220100 ARRAIAL,59.0,-,59.0,220100,Arraial,  2 201 002 ,   4 520,4520.0,13.053097345132743
220105 ASSUNCAO DO PIAUI,70.0,-,70.0,220105,Assunção do Piauí,  2 201 051 ,   7 452,7452.0,9.39345142243693
220110 AVELINO LOPES,121.0,-,121.0,220110,Avelino Lopes,  2 201 101 ,   10 866,10866.0,11.135652494018037
220115 BAIXA GRANDE DO RIBEIRO,139.0,1,140.0,220115,Baixa Grande do Ribeiro,  2 201 150 ,   13 272,13272.0,10.548523206751055
220117 BARRA D'ALCANTARA,46.0,-,46.0,220117,Barra D'Alcântara,  2 201 176 ,   3 995,3995.0,11.514392991239049
220120 BARRAS,492.0,5,497.0,220120,Barras,  2 201 200 ,   47 938,47938.0,10.367558095873838
220130 BARREIRAS DO PIAUI,43.0,-,43.0,220130,Barreiras do Piauí,  2 201 309 ,   3 264,3264.0,13.174019607843137
220140 BARRO DURO,87.0,-,87.0,220140,Barro Duro,  2 201 408 ,   6 640,6640.0,13.102409638554217
220150 BATALHA,202.0,-,202.0,220150,Batalha,  2 201 507 ,   26 300,26300.0,7.680608365019012
220155 BELA VISTA DO PIAUI,50.0,-,50.0,220155,Bela Vista do Piauí,  2 201 556 ,   4 091,4091.0,12.221950623319481
220157 BELEM DO PIAUI,40.0,-,40.0,220157,Belém do Piauí,  2 201 572 ,   3 423,3423.0,11.685655857435
220160 BENEDITINOS,114.0,-,114.0,220160,Beneditinos,  2 201 606 ,   9 929,9929.0,11.481518783361869
220170 BERTOLINIA,77.0,-,77.0,220170,Bertolínia,  2 201 705 ,   5 562,5562.0,13.843941028407048
220173 BETANIA DO PIAUI,90.0,-,90.0,220173,Betânia do Piauí,  2 201 739 ,   6 220,6220.0,14.469453376205788
220177 BOA HORA,44.0,-,44.0,220177,Boa Hora,  2 201 770 ,   6 902,6902.0,6.374963778614894
220180 BOCAINA,61.0,-,61.0,220180,Bocaina,  2 201 804 ,   4 078,4078.0,14.958312898479646
220190 BOM JESUS,480.0,13,493.0,220190,Bom Jesus,  2 201 903 ,   28 796,28796.0,17.120433393526877
220191 BOM PRINCIPIO DO PIAUI,61.0,-,61.0,220191,Bom Princípio do Piauí,  2 201 919 ,   5 636,5636.0,10.823278921220723
220192 BONFIM DO PIAUI,40.0,-,40.0,220192,Bonfim do Piauí,  2 201 929 ,   5 913,5913.0,6.764755623203111
220194 BOQUEIRAO DO PIAUI,71.0,-,71.0,220194,Boqueirão do Piauí,  2 201 945 ,   6 545,6545.0,10.847975553857907
220196 BRASILEIRA,71.0,3,74.0,220196,Brasileira,  2 201 960 ,   8 436,8436.0,8.771929824561402
220198 BREJO DO PIAUI,45.0,2,47.0,220198,Brejo do Piauí,  2 201 988 ,   3 904,3904.0,12.038934426229508
220200 BURITI DOS LOPES,205.0,2,207.0,220200,Buriti dos Lopes,  2 202 000 ,   19 654,19654.0,10.532207184288186
220202 BURITI DOS MONTES,93.0,-,93.0,220202,Buriti dos Montes,  2 202 026 ,   7 434,7434.0,12.510088781275222
220205 CABECEIRAS DO PIAUI,66.0,-,66.0,220205,Cabeceiras do Piauí,  2 202 059 ,   10 212,10212.0,6.462984723854289
220207 CAJAZEIRAS DO PIAUI,46.0,-,46.0,220207,Cajazeiras do Piauí,  2 202 075 ,   3 108,3108.0,14.8005148005148
220208 CAJUEIRO DA PRAIA,74.0,-,74.0,220208,Cajueiro da Praia,  2 202 083 ,   7 957,7957.0,9.299987432449417
220209 CALDEIRAO GRANDE DO PIAUI,61.0,-,61.0,220209,Caldeirão Grande do Piauí,  2 202 091 ,   5 503,5503.0,11.084862802107942
220210 CAMPINAS DO PIAUI,57.0,-,57.0,220210,Campinas do Piauí,  2 202 109 ,   4 938,4938.0,11.543134872417983
220211 CAMPO ALEGRE DO FIDALGO,41.0,-,41.0,220211,Campo Alegre do Fidalgo,  2 202 117 ,   4 616,4616.0,8.88214904679376
220213 CAMPO GRANDE DO PIAUI,54.0,1,55.0,220213,Campo Grande do Piauí,  2 202 133 ,   6 020,6020.0,9.136212624584719
220217 CAMPO LARGO DO PIAUI,54.0,-,54.0,220217,Campo Largo do Piauí,  2 202 174 ,   7 419,7419.0,7.278608976951072
220220 CAMPO MAIOR,859.0,123,982.0,220220,Campo Maior,  2 202 208 ,   45 793,45793.0,21.444325551940253
220225 CANAVIEIRA,46.0,-,46.0,220225,Canavieira,  2 202 251 ,   3 414,3414.0,13.473930872876391
220230 CANTO DO BURITI,309.0,2,311.0,220230,Canto do Buriti,  2 202 307 ,   19 365,19365.0,16.05990188484379
220240 CAPITAO DE CAMPOS,132.0,-,132.0,220240,Capitão de Campos,  2 202 406 ,   11 100,11100.0,11.891891891891891
220245 CAPITAO GERVASIO OLIVEIRA,53.0,-,53.0,220245,Capitão Gervásio Oliveira,  2 202 455 ,   3 974,3974.0,13.336688475088073
220250 CARACOL,95.0,5,100.0,220250,Caracol,  2 202 505 ,   10 318,10318.0,9.691800736576855
220253 CARAUBAS DO PIAUI,67.0,-,67.0,220253,Caraúbas do Piauí,  2 202 539 ,   5 630,5630.0,11.900532859680284
220255 CARIDADE DO PIAUI,51.0,-,51.0,220255,Caridade do Piauí,  2 202 554 ,   5 033,5033.0,10.13312139876813
220260 CASTELO DO PIAUI,194.0,4,198.0,220260,Castelo do Piauí,  2 202 604 ,   19 288,19288.0,10.265450020738283
220265 CAXINGO,47.0,-,47.0,220265,Caxingó,  2 202 653 ,   5 496,5496.0,8.551673944687044
220270 COCAL,286.0,-,286.0,220270,Cocal,  2 202 703 ,   28 212,28212.0,10.13753012902311
220271 COCAL DE TELHA,58.0,-,58.0,220271,Cocal de Telha,  2 202 711 ,   4 911,4911.0,11.810221950722868
220272 COCAL DOS ALVES,75.0,-,75.0,220272,Cocal dos Alves,  2 202 729 ,   6 386,6386.0,11.744440964610085
220273 COIVARAS,35.0,-,35.0,220273,Coivaras,  2 202 737 ,   4 117,4117.0,8.501335924216662
220275 COLONIA DO GURGUEIA,76.0,1,77.0,220275,Colônia do Gurguéia,  2 202 752 ,   6 150,6150.0,12.520325203252032
220277 COLONIA DO PIAUI,76.0,-,76.0,220277,Colônia do Piauí,  2 202 778 ,   6 994,6994.0,10.866456963111238
220280 CONCEICAO DO CANINDE,75.0,-,75.0,220280,Conceição do Canindé,  2 202 802 ,   4 932,4932.0,15.206812652068127
220285 CORONEL JOSE DIAS,34.0,-,34.0,220285,Coronel José Dias,  2 202 851 ,   4 250,4250.0,8.0
220290 CORRENTE,309.0,13,322.0,220290,Corrente,  2 202 901 ,   27 278,27278.0,11.804384485666104
220300 CRISTALANDIA DO PIAUI,91.0,-,91.0,220300,Cristalândia do Piauí,  2 203 008 ,   7 356,7356.0,12.370853724850463
220310 CRISTINO CASTRO,116.0,-,116.0,220310,Cristino Castro,  2 203 107 ,   10 503,10503.0,11.04446348662287
220320 CURIMATA,162.0,-,162.0,220320,Curimatá,  2 203 206 ,   11 270,11270.0,14.374445430346052
220323 CURRAIS,47.0,-,47.0,220323,Currais,  2 203 230 ,   4 854,4854.0,9.682735887927484
220325 CURRALINHOS,52.0,-,52.0,220325,Curralinhos,  2 203 255 ,   4 413,4413.0,11.783367323815998
220327 CURRAL NOVO DO PIAUI,57.0,-,57.0,220327,Curral Novo do Piauí,  2 203 271 ,   5 073,5073.0,11.235955056179774
220330 DEMERVAL LOBAO,204.0,-,204.0,220330,Demerval Lobão,  2 203 305 ,   16 352,16352.0,12.475538160469666
220335 DIRCEU ARCOVERDE,73.0,-,73.0,220335,Dirceu Arcoverde,  2 203 354 ,   7 054,7054.0,10.34873830450808
220340 DOM EXPEDITO LOPES,72.0,-,72.0,220340,Dom Expedito Lopes,  2 203 404 ,   6 320,6320.0,11.39240506329114
220342 DOMINGOS MOURAO,40.0,-,40.0,220342,Domingos Mourão,  2 203 420 ,   4 075,4075.0,9.815950920245399
220345 DOM INOCENCIO,120.0,1,121.0,220345,Dom Inocêncio,  2 203 453 ,   9 159,9159.0,13.211049241183536
220350 ELESBAO VELOSO,195.0,6,201.0,220350,Elesbão Veloso,  2 203 503 ,   13 607,13607.0,14.771808627912103
220360 ELISEU MARTINS,66.0,-,66.0,220360,Eliseu Martins,  2 203 602 ,   4 377,4377.0,15.078821110349555
220370 ESPERANTINA,474.0,68,542.0,220370,Esperantina,  2 203 701 ,   40 970,40970.0,13.229192091774468
220375 FARTURA DO PIAUI,38.0,2,40.0,220375,Fartura do Piauí,  2 203 750 ,   5 284,5284.0,7.57002271006813
220380 FLORES DO PIAUI,51.0,-,51.0,220380,Flores do Piauí,  2 203 800 ,   4 414,4414.0,11.554145899410965
220385 FLORESTA DO PIAUI,28.0,-,28.0,220385,Floresta do Piauí,  2 203 859 ,   2 333,2333.0,12.001714530647234
220390 FLORIANO,1601.0,98,1699.0,220390,Floriano,  2 203 909 ,   62 036,62036.0,27.38732348958669
220400 FRANCINOPOLIS,58.0,-,58.0,220400,Francinópolis,  2 204 006 ,   4 505,4505.0,12.874583795782465
220410 FRANCISCO AYRES,56.0,-,56.0,220410,Francisco Ayres,  2 204 105 ,   4 412,4412.0,12.692656391659112
220415 FRANCISCO MACEDO,36.0,-,36.0,220415,Francisco Macedo,  2 204 154 ,   2 929,2929.0,12.290884260839878
220420 FRANCISCO SANTOS,84.0,1,85.0,220420,Francisco Santos,  2 204 204 ,   8 237,8237.0,10.319291004006311
220430 FRONTEIRAS,142.0,1,143.0,220430,Fronteiras,  2 204 303 ,   10 259,10259.0,13.93898040744712
220435 GEMINIANO,44.0,1,45.0,220435,Geminiano,  2 204 352 ,   5 445,5445.0,8.264462809917356
220440 GILBUES,123.0,-,123.0,220440,Gilbués,  2 204 402 ,   10 892,10892.0,11.292691883951523
220450 GUADALUPE,153.0,5,158.0,220450,Guadalupe,  2 204 501 ,   10 270,10270.0,15.384615384615385
220455 GUARIBAS,39.0,-,39.0,220455,Guaribas,  2 204 550 ,   4 276,4276.0,9.120673526660429
220460 HUGO NAPOLEAO,58.0,-,58.0,220460,Hugo Napoleão,  2 204 600 ,   3 518,3518.0,16.48664013644116
220465 ILHA GRANDE,95.0,-,95.0,220465,Ilha Grande,  2 204 659 ,   9 274,9274.0,10.243692042268709
220470 INHUMA,202.0,5,207.0,220470,Inhuma,  2 204 709 ,   14 958,14958.0,13.838748495788208
220480 IPIRANGA DO PIAUI,131.0,1,132.0,220480,Ipiranga do Piauí,  2 204 808 ,   9 420,9420.0,14.012738853503185
220490 ISAIAS COELHO,80.0,-,80.0,220490,Isaías Coelho,  2 204 907 ,   7 774,7774.0,10.290712631849756
220500 ITAINOPOLIS,141.0,3,144.0,220500,Itainópolis,  2 205 003 ,   10 790,10790.0,13.345690454124188
220510 ITAUEIRA,133.0,2,135.0,220510,Itaueira,  2 205 102 ,   10 323,10323.0,13.077593722755012
220515 JACOBINA DO PIAUI,71.0,8,79.0,220515,Jacobina do Piauí,  2 205 151 ,   5 613,5613.0,14.074469980402636
220520 JAICOS,193.0,4,197.0,220520,Jaicós,  2 205 201 ,   17 527,17527.0,11.239801449192674
220525 JARDIM DO MULATO,55.0,-,55.0,220525,Jardim do Mulato,  2 205 250 ,   4 180,4180.0,13.157894736842104
220527 JATOBA DO PIAUI,47.0,-,47.0,220527,Jatobá do Piauí,  2 205 276 ,   4 494,4494.0,10.45838896306186
220530 JERUMENHA,56.0,-,56.0,220530,Jerumenha,  2 205 300 ,   4 497,4497.0,12.45274627529464
220535 JOAO COSTA,53.0,-,53.0,220535,João Costa,  2 205 359 ,   2 970,2970.0,17.845117845117844
220540 JOAQUIM PIRES,111.0,-,111.0,220540,Joaquim Pires,  2 205 409 ,   13 886,13886.0,7.993662681837822
220545 JOCA MARQUES,49.0,-,49.0,220545,Joca Marques,  2 205 458 ,   5 394,5394.0,9.084167593622544
220550 JOSE DE FREITAS,355.0,6,361.0,220550,José de Freitas,  2 205 508 ,   42 559,42559.0,8.48234216029512
220551 JUAZEIRO DO PIAUI,46.0,1,47.0,220551,Juazeiro do Piauí,  2 205 516 ,   5 214,5214.0,9.014192558496356
220552 JULIO BORGES,70.0,2,72.0,220552,Júlio Borges,  2 205 524 ,   5 388,5388.0,13.3630289532294
220553 JUREMA,50.0,-,50.0,220553,Jurema,  2 205 532 ,   4 425,4425.0,11.299435028248588
220554 LAGOINHA DO PIAUI,32.0,-,32.0,220554,Lagoinha do Piauí,  2 205 540 ,   2 939,2939.0,10.888057162300102
220555 LAGOA ALEGRE,61.0,-,61.0,220555,Lagoa Alegre,  2 205 557 ,   8 256,8256.0,7.388565891472869
220556 LAGOA DO BARRO DO PIAUI,89.0,-,89.0,220556,Lagoa do Barro do Piauí,  2 205 565 ,   4 995,4995.0,17.817817817817815
220557 LAGOA DE SAO FRANCISCO,62.0,-,62.0,220557,Lagoa de São Francisco,  2 205 573 ,   6 331,6331.0,9.793081661664823
220558 LAGOA DO PIAUI,35.0,-,35.0,220558,Lagoa do Piauí,  2 205 581 ,   4 810,4810.0,7.276507276507277
220559 LAGOA DO SITIO,47.0,-,47.0,220559,Lagoa do Sítio,  2 205 599 ,   4 520,4520.0,10.398230088495575
220560 LANDRI SALES,74.0,-,74.0,220560,Landri Sales,  2 205 607 ,   5 213,5213.0,14.195281028198734
220570 LUIS CORREIA,298.0,2,300.0,220570,Luís Correia,  2 205 706 ,   30 641,30641.0,9.790803172220228
220580 LUZILANDIA,282.0,2,284.0,220580,Luzilândia,  2 205 805 ,   25 375,25375.0,11.192118226600986
220585 MADEIRO,60.0,-,60.0,220585,Madeiro,  2 205 854 ,   8 032,8032.0,7.470119521912351
220590 MANOEL EMIDIO,80.0,-,80.0,220590,Manoel Emídio,  2 205 904 ,   5 209,5209.0,15.358034171626032
220595 MARCOLANDIA,136.0,1,137.0,220595,Marcolândia,  2 205 953 ,   8 533,8533.0,16.055314660728936
220600 MARCOS PARENTE,73.0,-,73.0,220600,Marcos Parente,  2 206 001 ,   4 724,4724.0,15.453005927180355
220605 MASSAPE DO PIAUI,56.0,1,57.0,220605,Massapê do Piauí,  2 206 050 ,   5 218,5218.0,10.92372556535071
220610 MATIAS OLIMPIO,87.0,-,87.0,220610,Matias Olímpio,  2 206 100 ,   10 641,10641.0,8.175923315477869
220620 MIGUEL ALVES,289.0,-,289.0,220620,Miguel Alves,  2 206 209 ,   32 150,32150.0,8.989113530326593
220630 MIGUEL LEAO,36.0,-,36.0,220630,Miguel Leão,  2 206 308 ,   1 318,1318.0,27.314112291350533
220635 MILTON BRANDAO,68.0,-,68.0,220635,Milton Brandão,  2 206 357 ,   6 542,6542.0,10.394374808926933
220640 MONSENHOR GIL,124.0,-,124.0,220640,Monsenhor Gil,  2 206 407 ,   10 255,10255.0,12.091662603607997
220650 MONSENHOR HIPOLITO,75.0,-,75.0,220650,Monsenhor Hipólito,  2 206 506 ,   7 577,7577.0,9.898376666226739
220660 MONTE ALEGRE DO PIAUI,163.0,-,163.0,220660,Monte Alegre do Piauí,  2 206 605 ,   10 660,10660.0,15.29080675422139
220665 MORRO CABECA NO TEMPO,39.0,-,39.0,220665,Morro Cabeça no Tempo,  2 206 654 ,   4 377,4377.0,8.910212474297465
220667 MORRO DO CHAPEU DO PIAUI,60.0,-,60.0,220667,Morro do Chapéu do Piauí,  2 206 670 ,   6 425,6425.0,9.33852140077821
220669 MURICI DOS PORTELAS,70.0,-,70.0,220669,Murici dos Portelas,  2 206 696 ,   9 797,9797.0,7.145044401347351
220670 NAZARE DO PIAUI,65.0,-,65.0,220670,Nazaré do Piauí,  2 206 704 ,   6 665,6665.0,9.752438109527382
220672 NAZARIA,77.0,-,77.0,220672,Nazária,  2 206 720 ,   10 262,10262.0,7.503410641200546
220675 NOSSA SENHORA DE NAZARE,52.0,-,52.0,220675,Nossa Senhora de Nazaré,  2 206 753 ,   5 228,5228.0,9.946442234123948
220680 NOSSA SENHORA DOS REMEDIOS,83.0,-,83.0,220680,Nossa Senhora dos Remédios,  2 206 803 ,   8 525,8525.0,9.736070381231672
220690 NOVO ORIENTE DO PIAUI,81.0,-,81.0,220690,Novo Oriente do Piauí,  2 206 902 ,   6 097,6097.0,13.28522224044612
220695 NOVO SANTO ANTONIO,55.0,-,55.0,220695,Novo Santo Antônio,  2 206 951 ,   2 827,2827.0,19.45525291828794
220700 OEIRAS,663.0,16,679.0,220700,Oeiras,  2 207 009 ,   38 161,38161.0,17.793034773721864
220710 OLHO D'AGUA DO PIAUI,32.0,-,32.0,220710,Olho D'Água do Piauí,  2 207 108 ,   2 637,2637.0,12.135001896094046
220720 PADRE MARCOS,64.0,-,64.0,220720,Padre Marcos,  2 207 207 ,   6 382,6382.0,10.028204324663115
220730 PAES LANDIM,78.0,-,78.0,220730,Paes Landim,  2 207 306 ,   4 088,4088.0,19.08023483365949
220735 PAJEU DO PIAUI,36.0,-,36.0,220735,Pajeú do Piauí,  2 207 355 ,   3 000,3000.0,12.0
220740 PALMEIRA DO PIAUI,51.0,-,51.0,220740,Palmeira do Piauí,  2 207 405 ,   4 952,4952.0,10.29886914378029
220750 PALMEIRAIS,157.0,-,157.0,220750,Palmeirais,  2 207 504 ,   13 264,13264.0,11.83655006031363
220755 PAQUETA,35.0,-,35.0,220755,Paquetá,  2 207 553 ,   3 813,3813.0,9.17912404930501
220760 PARNAGUA,144.0,-,144.0,220760,Parnaguá,  2 207 603 ,   10 103,10103.0,14.253192121152132
220770 PARNAIBA,2167.0,259,2426.0,220770,Parnaíba,  2 207 702 ,   162 159,162159.0,14.96062506552211
220775 PASSAGEM FRANCA DO PIAUI,49.0,-,49.0,220775,Passagem Franca do Piauí,  2 207 751 ,   4 135,4135.0,11.85006045949214
220777 PATOS DO PIAUI,51.0,1,52.0,220777,Patos do Piauí,  2 207 777 ,   5 425,5425.0,9.585253456221198
220779 PAU D'ARCO DO PIAUI,45.0,-,45.0,220779,Pau D'Arco do Piauí,  2 207 793 ,   3 880,3880.0,11.597938144329897
220780 PAULISTANA,457.0,53,510.0,220780,Paulistana,  2 207 801 ,   21 055,21055.0,24.222274994063167
220785 PAVUSSU,38.0,-,38.0,220785,Pavussu,  2 207 850 ,   3 628,3628.0,10.474090407938258
220790 PEDRO II,385.0,2,387.0,220790,Pedro II,  2 207 900 ,   37 894,37894.0,10.212698580250171
220793 PEDRO LAURENTINO,29.0,-,29.0,220793,Pedro Laurentino,  2 207 934 ,   2 458,2458.0,11.798209926769731
220795 NOVA SANTA RITA,42.0,-,42.0,220795,Nova Santa Rita,  2 207 959 ,   4 076,4076.0,10.304219823356233
220800 PICOS,1626.0,343,1969.0,220800,Picos,  2 208 007 ,   83 090,83090.0,23.69719581177037
220810 PIMENTEIRAS,125.0,-,125.0,220810,Pimenteiras,  2 208 106 ,   11 341,11341.0,11.021955735825765
220820 PIO IX,147.0,1,148.0,220820,Pio IX,  2 208 205 ,   17 613,17613.0,8.402884233236813
220830 PIRACURUCA,237.0,9,246.0,220830,Piracuruca,  2 208 304 ,   28 846,28846.0,8.528045482909242
220840 PIRIPIRI,1014.0,43,1057.0,220840,Piripiri,  2 208 403 ,   65 538,65538.0,16.12804785010223
220850 PORTO,143.0,-,143.0,220850,Porto,  2 208 502 ,   12 052,12052.0,11.865250580816461
220855 PORTO ALEGRE DO PIAUI,37.0,-,37.0,220855,Porto Alegre do Piauí,  2 208 551 ,   2 364,2364.0,15.651438240270727
220860 PRATA DO PIAUI,55.0,-,55.0,220860,Prata do Piauí,  2 208 601 ,   3 042,3042.0,18.080210387902696
220865 QUEIMADA NOVA,97.0,1,98.0,220865,Queimada Nova,  2 208 650 ,   8 738,8738.0,11.21538109407187
220870 REDENCAO DO GURGUEIA,77.0,-,77.0,220870,Redenção do Gurguéia,  2 208 700 ,   8 394,8394.0,9.173218965928044
220880 REGENERACAO,214.0,-,214.0,220880,Regeneração,  2 208 809 ,   17 133,17133.0,12.490515379676646
220885 RIACHO FRIO,41.0,-,41.0,220885,Riacho Frio,  2 208 858 ,   4 165,4165.0,9.843937575030012
220887 RIBEIRA DO PIAUI,53.0,-,53.0,220887,Ribeira do Piauí,  2 208 874 ,   4 055,4055.0,13.070283600493218
220890 RIBEIRO GONCALVES,91.0,-,91.0,220890,Ribeiro Gonçalves,  2 208 908 ,   6 164,6164.0,14.763140817650877
220900 RIO GRANDE DO PIAUI,82.0,-,82.0,220900,Rio Grande do Piauí,  2 209 005 ,   5 801,5801.0,14.135493880365456
220910 SANTA CRUZ DO PIAUI,67.0,3,70.0,220910,Santa Cruz do Piauí,  2 209 104 ,   5 831,5831.0,12.004801920768308
220915 SANTA CRUZ DOS MILAGRES,47.0,-,47.0,220915,Santa Cruz dos Milagres,  2 209 153 ,   3 435,3435.0,13.682678311499274
220920 SANTA FILOMENA,70.0,-,70.0,220920,Santa Filomena,  2 209 203 ,   6 087,6087.0,11.499917857729587
220930 SANTA LUZ,54.0,-,54.0,220930,Santa Luz,  2 209 302 ,   5 336,5336.0,10.119940029985006
220935 SANTANA DO PIAUI,39.0,-,39.0,220935,Santana do Piauí,  2 209 351 ,   4 125,4125.0,9.454545454545455
220937 SANTA ROSA DO PIAUI,53.0,-,53.0,220937,Santa Rosa do Piauí,  2 209 377 ,   4 650,4650.0,11.397849462365592
220940 SANTO ANTONIO DE LISBOA,64.0,1,65.0,220940,Santo Antônio de Lisboa,  2 209 401 ,   5 839,5839.0,11.132043158075012
220945 SANTO ANTONIO DOS MILAGRES,28.0,-,28.0,220945,Santo Antônio dos Milagres,  2 209 450 ,   2 138,2138.0,13.096351730589337
220950 SANTO INACIO DO PIAUI,48.0,-,48.0,220950,Santo Inácio do Piauí,  2 209 500 ,   3 646,3646.0,13.165112452002194
220955 SAO BRAZ DO PIAUI,40.0,-,40.0,220955,São Braz do Piauí,  2 209 559 ,   4 358,4358.0,9.178522257916477
220960 SAO FELIX DO PIAUI,40.0,-,40.0,220960,São Félix do Piauí,  2 209 609 ,   2 842,2842.0,14.074595355383533
220965 SAO FRANCISCO DE ASSIS DO PIAUI,51.0,-,51.0,220965,São Francisco de Assis do Piauí,  2 209 658 ,   5 572,5572.0,9.152907394113424
220970 SAO FRANCISCO DO PIAUI,74.0,-,74.0,220970,São Francisco do Piauí,  2 209 708 ,   5 392,5392.0,13.724035608308606
220975 SAO GONCALO DO GURGUEIA,33.0,-,33.0,220975,São Gonçalo do Gurguéia,  2 209 757 ,   2 947,2947.0,11.197828299966067
220980 SAO GONCALO DO PIAUI,45.0,-,45.0,220980,São Gonçalo do Piauí,  2 209 807 ,   4 837,4837.0,9.303287161463718
220985 SAO JOAO DA CANABRAVA,45.0,-,45.0,220985,São João da Canabrava,  2 209 856 ,   4 242,4242.0,10.608203677510609
220987 SAO JOAO DA FRONTEIRA,50.0,-,50.0,220987,São João da Fronteira,  2 209 872 ,   5 522,5522.0,9.054690329590729
220990 SAO JOAO DA SERRA,65.0,-,65.0,220990,São João da Serra,  2 209 906 ,   6 114,6114.0,10.631337912986588
220995 SAO JOAO DA VARJOTA,41.0,-,41.0,220995,São João da Varjota,  2 209 955 ,   4 383,4383.0,9.354323522701346
220997 SAO JOAO DO ARRAIAL,57.0,-,57.0,220997,São João do Arraial,  2 209 971 ,   8 186,8186.0,6.963107744930369
221000 SAO JOAO DO PIAUI,373.0,16,389.0,221000,São João do Piauí,  2 210 003 ,   21 421,21421.0,18.159749778254984
221005 SAO JOSE DO DIVINO,65.0,-,65.0,221005,São José do Divino,  2 210 052 ,   4 841,4841.0,13.426977897128692
221010 SAO JOSE DO PEIXE,44.0,-,44.0,221010,São José do Peixe,  2 210 102 ,   3 297,3297.0,13.345465574764939
221020 SAO JOSE DO PIAUI,66.0,-,66.0,221020,São José do Piauí,  2 210 201 ,   6 597,6597.0,10.004547521600728
221030 SAO JULIAO,51.0,-,51.0,221030,São Julião,  2 210 300 ,   6 025,6025.0,8.464730290456432
221035 SAO LOURENCO DO PIAUI,46.0,-,46.0,221035,São Lourenço do Piauí,  2 210 359 ,   4 410,4410.0,10.430839002267573
221037 SAO LUIS DO PIAUI,32.0,-,32.0,221037,São Luis do Piauí,  2 210 375 ,   2 309,2309.0,13.858813339107838
221038 SAO MIGUEL DA BAIXA GRANDE,33.0,-,33.0,221038,São Miguel da Baixa Grande,  2 210 383 ,   2 269,2269.0,14.543851917144115
221039 SAO MIGUEL DO FIDALGO,36.0,5,41.0,221039,São Miguel do Fidalgo,  2 210 391 ,   2 829,2829.0,14.492753623188406
221040 SAO MIGUEL DO TAPUIO,169.0,1,170.0,221040,São Miguel do Tapuio,  2 210 409 ,   17 554,17554.0,9.684402415403897
221050 SAO PEDRO DO PIAUI,158.0,-,158.0,221050,São Pedro do Piauí,  2 210 508 ,   13 755,13755.0,11.486732097419122
221060 SAO RAIMUNDO NONATO,507.0,13,520.0,221060,São Raimundo Nonato,  2 210 607 ,   38 934,38934.0,13.355935686032772
221062 SEBASTIAO BARROS,44.0,-,44.0,221062,Sebastião Barros,  2 210 623 ,   3 202,3202.0,13.741411617738912
221063 SEBASTIAO LEAL,50.0,-,50.0,221063,Sebastião Leal,  2 210 631 ,   4 446,4446.0,11.246063877642825
221065 SIGEFREDO PACHECO,64.0,-,64.0,221065,Sigefredo Pacheco,  2 210 656 ,   9 460,9460.0,6.765327695560253
221070 SIMOES,135.0,3,138.0,221070,Simões,  2 210 706 ,   14 350,14350.0,9.61672473867596
221080 SIMPLICIO MENDES,186.0,7,193.0,221080,Simplício Mendes,  2 210 805 ,   13 870,13870.0,13.91492429704398
221090 SOCORRO DO PIAUI,60.0,-,60.0,221090,Socorro do Piauí,  2 210 904 ,   4 141,4141.0,14.489253803429124
221093 SUSSUAPARA,49.0,-,49.0,221093,Sussuapara,  2 210 938 ,   6 220,6220.0,7.877813504823151
221095 TAMBORIL DO PIAUI,34.0,-,34.0,221095,Tamboril do Piauí,  2 210 953 ,   2 949,2949.0,11.529331976941336
221097 TANQUE DO PIAUI,48.0,3,51.0,221097,Tanque do Piauí,  2 210 979 ,   2 316,2316.0,22.020725388601036
221100 TERESINA,17082.0,2612,19694.0,221100,Teresina,  2 211 001 ,   866 300,866300.0,22.733464157912962
221110 UNIAO,334.0,4,338.0,221110,União,  2 211 100 ,   46 119,46119.0,7.328866627637199
221120 URUCUI,406.0,12,418.0,221120,Uruçuí,  2 211 209 ,   25 203,25203.0,16.585327143594014
221130 VALENCA DO PIAUI,315.0,5,320.0,221130,Valença do Piauí,  2 211 308 ,   22 279,22279.0,14.363301763992997
221135 VARZEA BRANCA,44.0,-,44.0,221135,Várzea Branca,  2 211 357 ,   5 055,5055.0,8.704253214638971
221140 VARZEA GRANDE,66.0,-,66.0,221140,Várzea Grande,  2 211 407 ,   4 417,4417.0,14.94226850803713
221150 VERA MENDES,38.0,-,38.0,221150,Vera Mendes,  2 211 506 ,   3 185,3185.0,11.930926216640502
221160 VILA NOVA DO PIAUI,40.0,-,40.0,221160,Vila Nova do Piauí,  2 211 605 ,   2 935,2935.0,13.62862010221465
221170 WALL FERRAZ,40.0,1,41.0,221170,Wall Ferraz,  2 211 704 ,   4 059,4059.0,10.101010101010102
230010 ABAIARA,112.0,1,113.0,230010,Abaiara,  2 300 101 ,   10 038,10038.0,11.257222554293685
230015 ACARAPE,139.0,-,139.0,230015,Acarape,  2 300 150 ,   14 027,14027.0,9.909460326513154
230020 ACARAU,793.0,49,842.0,230020,Acaraú,  2 300 200 ,   65 264,65264.0,12.901446432949252
230030 ACOPIARA,437.0,31,468.0,230030,Acopiara,  2 300 309 ,   44 962,44962.0,10.408789644588763
230040 AIUABA,187.0,-,187.0,230040,Aiuaba,  2 300 408 ,   14 076,14076.0,13.285024154589372
230050 ALCANTARAS,211.0,-,211.0,230050,Alcântaras,  2 300 507 ,   11 369,11369.0,18.559240038701734
230060 ALTANEIRA,122.0,-,122.0,230060,Altaneira,  2 300 606 ,   6 782,6782.0,17.98879386611619
230070 ALTO SANTO,297.0,20,317.0,230070,Alto Santo,  2 300 705 ,   14 155,14155.0,22.394913458142
230075 AMONTADA,320.0,1,321.0,230075,Amontada,  2 300 754 ,   42 156,42156.0,7.614574437802448
230080 ANTONINA DO NORTE,148.0,-,148.0,230080,Antonina do Norte,  2 300 804 ,   7 245,7245.0,20.427881297446515
230090 APUIARES,150.0,-,150.0,230090,Apuiarés,  2 300 903 ,   12 928,12928.0,11.602722772277227
230100 AQUIRAZ,1190.0,101,1291.0,230100,Aquiraz,  2 301 000 ,   80 645,80645.0,16.008432016864035
230110 ARACATI,1056.0,170,1226.0,230110,Aracati,  2 301 109 ,   75 113,75113.0,16.322074740723977
230120 ARACOIABA,623.0,13,636.0,230120,Aracoiaba,  2 301 208 ,   25 553,25553.0,24.88944546628576
230125 ARARENDA,145.0,-,145.0,230125,Ararendá,  2 301 257 ,   11 096,11096.0,13.067772170151406
230130 ARARIPE,220.0,3,223.0,230130,Araripe,  2 301 307 ,   19 783,19783.0,11.272304503866957
230140 ARATUBA,152.0,-,152.0,230140,Aratuba,  2 301 406 ,   11 224,11224.0,13.5424091233072
230150 ARNEIROZ,112.0,-,112.0,230150,Arneiroz,  2 301 505 ,   7 429,7429.0,15.07605330461704
230160 ASSARE,292.0,6,298.0,230160,Assaré,  2 301 604 ,   21 697,21697.0,13.73461768908144
230170 AURORA,262.0,1,263.0,230170,Aurora,  2 301 703 ,   23 714,23714.0,11.090495066205616
230180 BAIXIO,101.0,1,102.0,230180,Baixio,  2 301 802 ,   5 704,5704.0,17.88218793828892
230185 BANABUIU,331.0,1,332.0,230185,Banabuiú,  2 301 851 ,   17 195,17195.0,19.307938354172727
230190 BARBALHA,1518.0,33,1551.0,230190,Barbalha,  2 301 901 ,   75 033,75033.0,20.67090480188717
230195 BARREIRA,263.0,-,263.0,230195,Barreira,  2 301 950 ,   22 392,22392.0,11.745266166488031
230200 BARRO,230.0,5,235.0,230200,Barro,  2 302 008 ,   19 381,19381.0,12.125277333470924
230205 BARROQUINHA,307.0,-,307.0,230205,Barroquinha,  2 302 057 ,   14 567,14567.0,21.075032607949478
230210 BATURITE,642.0,27,669.0,230210,Baturité,  2 302 107 ,   35 218,35218.0,18.995967970923957
230220 BEBERIBE,462.0,13,475.0,230220,Beberibe,  2 302 206 ,   53 114,53114.0,8.94302820348684
230230 BELA CRUZ,357.0,22,379.0,230230,Bela Cruz,  2 302 305 ,   32 775,32775.0,11.56369183829138
230240 BOA VIAGEM,422.0,17,439.0,230240,Boa Viagem,  2 302 404 ,   50 411,50411.0,8.708416813790642
230250 BREJO SANTO,747.0,48,795.0,230250,Brejo Santo,  2 302 503 ,   51 090,51090.0,15.560775102759836
230260 CAMOCIM,848.0,35,883.0,230260,Camocim,  2 302 602 ,   62 326,62326.0,14.167442158970573
230270 CAMPOS SALES,237.0,22,259.0,230270,Campos Sales,  2 302 701 ,   25 135,25135.0,10.304356475034812
230280 CANINDE,842.0,49,891.0,230280,Canindé,  2 302 800 ,   74 174,74174.0,12.012295413487205
230290 CAPISTRANO,191.0,5,196.0,230290,Capistrano,  2 302 909 ,   17 254,17254.0,11.3596847107917
230300 CARIDADE,204.0,3,207.0,230300,Caridade,  2 303 006 ,   16 377,16377.0,12.63967759662942
230310 CARIRE,242.0,-,242.0,230310,Cariré,  2 303 105 ,   17 632,17632.0,13.725045372050817
230320 CARIRIACU,357.0,6,363.0,230320,Caririaçu,  2 303 204 ,   26 320,26320.0,13.791793313069908
230330 CARIUS,189.0,2,191.0,230330,Cariús,  2 303 303 ,   17 015,17015.0,11.225389362327357
230340 CARNAUBAL,314.0,11,325.0,230340,Carnaubal,  2 303 402 ,   17 210,17210.0,18.884369552585703
230350 CASCAVEL,986.0,54,1040.0,230350,Cascavel,  2 303 501 ,   72 720,72720.0,14.301430143014302
230360 CATARINA,228.0,1,229.0,230360,Catarina,  2 303 600 ,   10 243,10243.0,22.35673142633994
230365 CATUNDA,207.0,1,208.0,230365,Catunda,  2 303 659 ,   10 444,10444.0,19.91574109536576
230370 CAUCAIA,3185.0,307,3492.0,230370,Caucaia,  2 303 709 ,   355 679,355679.0,9.817841368199979
230380 CEDRO,206.0,7,213.0,230380,Cedro,  2 303 808 ,   22 344,22344.0,9.532760472610097
230390 CHAVAL,218.0,-,218.0,230390,Chaval,  2 303 907 ,   12 462,12462.0,17.493179264965494
230393 CHORO,204.0,-,204.0,230393,Choró,  2 303 931 ,   12 113,12113.0,16.841410055312476
230395 CHOROZINHO,186.0,-,186.0,230395,Chorozinho,  2 303 956 ,   20 163,20163.0,9.224817735456032
230400 COREAU,287.0,14,301.0,230400,Coreaú,  2 304 004 ,   20 953,20953.0,14.365484656135159
230410 CRATEUS,1120.0,95,1215.0,230410,Crateús,  2 304 103 ,   76 390,76390.0,15.905223196753502
230420 CRATO,1448.0,223,1671.0,230420,Crato,  2 304 202 ,   131 050,131050.0,12.75085845097291
230423 CROATA,303.0,8,311.0,230423,Croatá,  2 304 236 ,   17 481,17481.0,17.790744236599735
230425 CRUZ,445.0,9,454.0,230425,Cruz,  2 304 251 ,   29 761,29761.0,15.254863747857934
230426 DEPUTADO IRAPUAN PINHEIRO,126.0,3,129.0,230426,Deputado Irapuan Pinheiro,  2 304 269 ,   8 932,8932.0,14.442454097626511
230427 ERERE,96.0,3,99.0,230427,Ereré,  2 304 277 ,   6 474,6474.0,15.291936978683966
230428 EUSEBIO,1023.0,138,1161.0,230428,Eusébio,  2 304 285 ,   74 170,74170.0,15.653229068356477
230430 FARIAS BRITO,290.0,14,304.0,230430,Farias Brito,  2 304 301 ,   18 217,18217.0,16.68770928253829
230435 FORQUILHA,365.0,6,371.0,230435,Forquilha,  2 304 350 ,   24 173,24173.0,15.347701981549664
230440 FORTALEZA,38458.0,13742,52200.0,230440,Fortaleza,  2 304 400 ,  2 428 708,2428708.0,21.492908987000497
230445 FORTIM,236.0,7,243.0,230445,Fortim,  2 304 459 ,   17 294,17294.0,14.051115993986354
230450 FRECHEIRINHA,264.0,1,265.0,230450,Frecheirinha,  2 304 509 ,   15 657,15657.0,16.925336910008305
230460 GENERAL SAMPAIO,71.0,-,71.0,230460,General Sampaio,  2 304 608 ,   6 734,6734.0,10.543510543510543
230465 GRACA,125.0,1,126.0,230465,Graça,  2 304 657 ,   13 801,13801.0,9.129773204840228
230470 GRANJA,665.0,3,668.0,230470,Granja,  2 304 707 ,   53 344,53344.0,12.52249550089982
230480 GRANJEIRO,91.0,-,91.0,230480,Granjeiro,  2 304 806 ,   4 841,4841.0,18.797769055980172
230490 GROAIRAS,117.0,2,119.0,230490,Groaíras,  2 304 905 ,   10 910,10910.0,10.907424381301558
230495 GUAIUBA,225.0,-,225.0,230495,Guaiúba,  2 304 954 ,   24 325,24325.0,9.249743062692703
230500 GUARACIABA DO NORTE,386.0,40,426.0,230500,Guaraciaba do Norte,  2 305 001 ,   42 053,42053.0,10.130073954295769
230510 GUARAMIRANGA,94.0,1,95.0,230510,Guaramiranga,  2 305 100 ,   5 654,5654.0,16.802263883975947
230520 HIDROLANDIA,310.0,-,310.0,230520,Hidrolândia,  2 305 209 ,   17 855,17855.0,17.362083450014
230523 HORIZONTE,788.0,20,808.0,230523,Horizonte,  2 305 233 ,   74 755,74755.0,10.808641562437295
230526 IBARETAMA,192.0,1,193.0,230526,Ibaretama,  2 305 266 ,   11 956,11956.0,16.142522582803615
230530 IBIAPINA,367.0,6,373.0,230530,Ibiapina,  2 305 308 ,   23 965,23965.0,15.564364698518672
230533 IBICUITINGA,137.0,61,198.0,230533,Ibicuitinga,  2 305 332 ,   11 611,11611.0,17.052794763586252
230535 ICAPUI,272.0,-,272.0,230535,Icapuí,  2 305 357 ,   21 433,21433.0,12.690710586478795
230540 ICO,732.0,39,771.0,230540,Icó,  2 305 407 ,   62 642,62642.0,12.308036141885637
230550 IGUATU,1500.0,239,1739.0,230550,Iguatu,  2 305 506 ,   98 064,98064.0,17.733317017457985
230560 INDEPENDENCIA,371.0,14,385.0,230560,Independência,  2 305 605 ,   24 024,24024.0,16.025641025641026
230565 IPAPORANGA,199.0,-,199.0,230565,Ipaporanga,  2 305 654 ,   11 575,11575.0,17.19222462203024
230570 IPAUMIRIM,138.0,15,153.0,230570,Ipaumirim,  2 305 704 ,   12 083,12083.0,12.662418273607548
230580 IPU,401.0,31,432.0,230580,Ipu,  2 305 803 ,   41 081,41081.0,10.51581022857282
230590 IPUEIRAS,406.0,13,419.0,230590,Ipueiras,  2 305 902 ,   36 798,36798.0,11.386488396108485
230600 IRACEMA,209.0,4,213.0,230600,Iracema,  2 306 009 ,   14 001,14001.0,15.213199057210199
230610 IRAUCUBA,331.0,-,331.0,230610,Irauçuba,  2 306 108 ,   23 915,23915.0,13.840685762074012
230620 ITAICABA,156.0,-,156.0,230620,Itaiçaba,  2 306 207 ,   7 536,7536.0,20.700636942675157
230625 ITAITINGA,554.0,9,563.0,230625,Itaitinga,  2 306 256 ,   64 650,64650.0,8.708430007733952
230630 ITAPAGE,468.0,59,527.0,230630,Itapajé,  2 306 306 ,   46 426,46426.0,11.351397923577306
230640 ITAPIPOCA,1698.0,174,1872.0,230640,Itapipoca,  2 306 405 ,   131 123,131123.0,14.276671522158583
230650 ITAPIUNA,281.0,-,281.0,230650,Itapiúna,  2 306 504 ,   17 841,17841.0,15.750238215346675
230655 ITAREMA,510.0,3,513.0,230655,Itarema,  2 306 553 ,   42 957,42957.0,11.942174732872406
230660 ITATIRA,375.0,6,381.0,230660,Itatira,  2 306 603 ,   20 424,20424.0,18.6545240893067
230670 JAGUARETAMA,293.0,-,293.0,230670,Jaguaretama,  2 306 702 ,   17 232,17232.0,17.003249767873726
230680 JAGUARIBARA,174.0,1,175.0,230680,Jaguaribara,  2 306 801 ,   10 356,10356.0,16.89841637697953
230690 JAGUARIBE,414.0,55,469.0,230690,Jaguaribe,  2 306 900 ,   33 726,33726.0,13.906185139061852
230700 JAGUARUANA,459.0,4,463.0,230700,Jaguaruana,  2 307 007 ,   31 701,31701.0,14.605217501025205
230710 JARDIM,241.0,1,242.0,230710,Jardim,  2 307 106 ,   27 411,27411.0,8.82857247090584
230720 JATI,136.0,-,136.0,230720,Jati,  2 307 205 ,   7 861,7861.0,17.300597888309376
230725 JIJOCA DE JERICOACOARA,485.0,6,491.0,230725,Jijoca de Jericoacoara,  2 307 254 ,   25 555,25555.0,19.213461162199177
230730 JUAZEIRO DO NORTE,3720.0,624,4344.0,230730,Juazeiro do Norte,  2 307 304 ,   286 120,286120.0,15.182440933873899
230740 JUCAS,277.0,2,279.0,230740,Jucás,  2 307 403 ,   23 922,23922.0,11.662904439428141
230750 LAVRAS DA MANGABEIRA,295.0,8,303.0,230750,Lavras da Mangabeira,  2 307 502 ,   30 802,30802.0,9.837023569898058
230760 LIMOEIRO DO NORTE,1137.0,136,1273.0,230760,Limoeiro do Norte,  2 307 601 ,   59 560,59560.0,21.373404969778374
230763 MADALENA,200.0,1,201.0,230763,Madalena,  2 307 635 ,   16 896,16896.0,11.896306818181818
230765 MARACANAU,2659.0,406,3065.0,230765,Maracanaú,  2 307 650 ,   234 509,234509.0,13.069860858218663
230770 MARANGUAPE,897.0,83,980.0,230770,Maranguape,  2 307 700 ,   105 093,105093.0,9.325073982092052
230780 MARCO,267.0,5,272.0,230780,Marco,  2 307 809 ,   25 799,25799.0,10.543044304042793
230790 MARTINOPOLE,169.0,1,170.0,230790,Martinópole,  2 307 908 ,   10 846,10846.0,15.67398119122257
230800 MASSAPE,439.0,1,440.0,230800,Massapê,  2 308 005 ,   37 697,37697.0,11.672016340822877
230810 MAURITI,412.0,25,437.0,230810,Mauriti,  2 308 104 ,   45 561,45561.0,9.591536621233072
230820 MERUOCA,200.0,7,207.0,230820,Meruoca,  2 308 203 ,   15 157,15157.0,13.657056145675266
230830 MILAGRES,300.0,11,311.0,230830,Milagres,  2 308 302 ,   25 900,25900.0,12.007722007722007
230835 MILHA,228.0,9,237.0,230835,Milhã,  2 308 351 ,   14 123,14123.0,16.781137152163137
230837 MIRAIMA,114.0,-,114.0,230837,Miraíma,  2 308 377 ,   14 196,14196.0,8.030431107354184
230840 MISSAO VELHA,305.0,-,305.0,230840,Missão Velha,  2 308 401 ,   36 822,36822.0,8.283091630003803
230850 MOMBACA,488.0,11,499.0,230850,Mombaça,  2 308 500 ,   37 735,37735.0,13.223797535444547
230860 MONSENHOR TABOSA,351.0,-,351.0,230860,Monsenhor Tabosa,  2 308 609 ,   17 149,17149.0,20.467665753105138
230870 MORADA NOVA,494.0,40,534.0,230870,Morada Nova,  2 308 708 ,   61 443,61443.0,8.690981885650114
230880 MORAUJO,120.0,-,120.0,230880,Moraújo,  2 308 807 ,   8 254,8254.0,14.53840562151684
230890 MORRINHOS,234.0,-,234.0,230890,Morrinhos,  2 308 906 ,   22 753,22753.0,10.284358106623303
230900 MUCAMBO,204.0,73,277.0,230900,Mucambo,  2 309 003 ,   13 666,13666.0,20.26928142836236
230910 MULUNGU,116.0,5,121.0,230910,Mulungu,  2 309 102 ,   10 569,10569.0,11.448576024221781
230920 NOVA OLINDA,154.0,1,155.0,230920,Nova Olinda,  2 309 201 ,   15 399,15399.0,10.065588674589259
230930 NOVA RUSSAS,352.0,4,356.0,230930,Nova Russas,  2 309 300 ,   30 699,30699.0,11.596468940356363
230940 NOVO ORIENTE,333.0,1,334.0,230940,Novo Oriente,  2 309 409 ,   27 545,27545.0,12.125612633871846
230945 OCARA,356.0,-,356.0,230945,Ocara,  2 309 458 ,   24 493,24493.0,14.534765034907933
230950 OROS,249.0,6,255.0,230950,Orós,  2 309 508 ,   19 675,19675.0,12.960609911054638
230960 PACAJUS,722.0,40,762.0,230960,Pacajus,  2 309 607 ,   70 983,70983.0,10.734964709860108
230970 PACATUBA,797.0,5,802.0,230970,Pacatuba,  2 309 706 ,   81 524,81524.0,9.837593837397577
230980 PACOTI,137.0,6,143.0,230980,Pacoti,  2 309 805 ,   11 186,11186.0,12.78383693903093
230990 PACUJA,91.0,8,99.0,230990,Pacujá,  2 309 904 ,   6 175,6175.0,16.032388663967613
231000 PALHANO,134.0,-,134.0,231000,Palhano,  2 310 001 ,   9 346,9346.0,14.33768457093944
231010 PALMACIA,109.0,-,109.0,231010,Palmácia,  2 310 100 ,   10 242,10242.0,10.642452645967586
231020 PARACURU,473.0,10,483.0,231020,Paracuru,  2 310 209 ,   38 980,38980.0,12.390969728065675
231025 PARAIPABA,369.0,14,383.0,231025,Paraipaba,  2 310 258 ,   32 216,32216.0,11.88850260740005
231030 PARAMBU,469.0,7,476.0,231030,Parambu,  2 310 308 ,   31 445,31445.0,15.137541739545238
231040 PARAMOTI,140.0,-,140.0,231040,Paramoti,  2 310 407 ,   10 384,10384.0,13.482280431432974
231050 PEDRA BRANCA,676.0,19,695.0,231050,Pedra Branca,  2 310 506 ,   40 187,40187.0,17.294149849453802
231060 PENAFORTE,178.0,29,207.0,231060,Penaforte,  2 310 605 ,   8 972,8972.0,23.07177886758805
231070 PENTECOSTE,509.0,26,535.0,231070,Pentecoste,  2 310 704 ,   37 813,37813.0,14.148573242006718
231080 PEREIRO,180.0,2,182.0,231080,Pereiro,  2 310 803 ,   15 274,15274.0,11.915673693858846
231085 PINDORETAMA,261.0,-,261.0,231085,Pindoretama,  2 310 852 ,   23 391,23391.0,11.158137745286648
231090 PIQUET CARNEIRO,206.0,-,206.0,231090,Piquet Carneiro,  2 310 902 ,   16 616,16616.0,12.397688974482426
231095 PIRES FERREIRA,155.0,5,160.0,231095,Pires Ferreira,  2 310 951 ,   10 606,10606.0,15.085800490288516
231100 PORANGA,125.0,-,125.0,231100,Poranga,  2 311 009 ,   12 065,12065.0,10.360547036883547
231110 PORTEIRAS,147.0,2,149.0,231110,Porteiras,  2 311 108 ,   17 050,17050.0,8.73900293255132
231120 POTENGI,103.0,4,107.0,231120,Potengi,  2 311 207 ,   8 833,8833.0,12.113664666591191
231123 POTIRETAMA,87.0,-,87.0,231123,Potiretama,  2 311 231 ,   5 974,5974.0,14.563106796116505
231126 QUITERIANOPOLIS,303.0,8,311.0,231126,Quiterianópolis,  2 311 264 ,   20 213,20213.0,15.386137634195816
231130 QUIXADA,1158.0,147,1305.0,231130,Quixadá,  2 311 306 ,   84 168,84168.0,15.50470487596236
231135 QUIXELO,157.0,8,165.0,231135,Quixelô,  2 311 355 ,   15 910,15910.0,10.370835952231301
231140 QUIXERAMOBIM,1903.0,26,1929.0,231140,Quixeramobim,  2 311 405 ,   82 177,82177.0,23.473721357557466
231150 QUIXERE,263.0,9,272.0,231150,Quixeré,  2 311 504 ,   20 874,20874.0,13.03056433841142
231160 REDENCAO,474.0,7,481.0,231160,Redenção,  2 311 603 ,   27 214,27214.0,17.674726243845083
231170 RERIUTABA,350.0,1,351.0,231170,Reriutaba,  2 311 702 ,   18 606,18606.0,18.86488229603354
231180 RUSSAS,738.0,60,798.0,231180,Russas,  2 311 801 ,   72 928,72928.0,10.942299254058797
231190 SABOEIRO,183.0,-,183.0,231190,Saboeiro,  2 311 900 ,   13 854,13854.0,13.209181463837158
231195 SALITRE,220.0,-,220.0,231195,Salitre,  2 311 959 ,   16 633,16633.0,13.226717970300006
231200 SANTANA DO ACARAU,406.0,2,408.0,231200,Santana do Acaraú,  2 312 007 ,   30 628,30628.0,13.321144051194986
231210 SANTANA DO CARIRI,182.0,1,183.0,231210,Santana do Cariri,  2 312 106 ,   16 954,16954.0,10.793912940898903
231220 SANTA QUITERIA,414.0,2,416.0,231220,Santa Quitéria,  2 312 205 ,   40 183,40183.0,10.352636687156261
231230 SAO BENEDITO,489.0,216,705.0,231230,São Benedito,  2 312 304 ,   47 640,47640.0,14.798488664987406
231240 SAO GONCALO DO AMARANTE,1339.0,86,1425.0,231240,São Gonçalo do Amarante,  2 312 403 ,   54 143,54143.0,26.31919176994256
231250 SAO JOAO DO JAGUARIBE,124.0,-,124.0,231250,São João do Jaguaribe,  2 312 502 ,   5 855,5855.0,21.178479931682322
231260 SAO LUIS DO CURU,114.0,2,116.0,231260,São Luís do Curu,  2 312 601 ,   10 822,10822.0,10.718905932360007
231270 SENADOR POMPEU,369.0,-,369.0,231270,Senador Pompeu,  2 312 700 ,   24 266,24266.0,15.206461715981208
231280 SENADOR SA,80.0,-,80.0,231280,Senador Sá,  2 312 809 ,   7 262,7262.0,11.016248967226659
231290 SOBRAL,6926.0,1314,8240.0,231290,Sobral,  2 312 908 ,   203 023,203023.0,40.586534530570425
231300 SOLONOPOLE,287.0,2,289.0,231300,Solonópole,  2 313 005 ,   18 179,18179.0,15.897464106936575
231310 TABULEIRO DO NORTE,403.0,54,457.0,231310,Tabuleiro do Norte,  2 313 104 ,   30 652,30652.0,14.909304449954325
231320 TAMBORIL,345.0,2,347.0,231320,Tamboril,  2 313 203 ,   24 815,24815.0,13.983477735240783
231325 TARRAFAS,78.0,-,78.0,231325,Tarrafas,  2 313 252 ,   7 529,7529.0,10.359941559304024
231330 TAUA,987.0,34,1021.0,231330,Tauá,  2 313 302 ,   61 227,61227.0,16.675649631698434
231335 TEJUCUOCA,218.0,-,218.0,231335,Tejuçuoca,  2 313 351 ,   17 154,17154.0,12.708406202634954
231340 TIANGUA,999.0,55,1054.0,231340,Tianguá,  2 313 401 ,   81 506,81506.0,12.931563320491742
231350 TRAIRI,499.0,13,512.0,231350,Trairi,  2 313 500 ,   58 415,58415.0,8.764872036292047
231355 TURURU,155.0,-,155.0,231355,Tururu,  2 313 559 ,   15 412,15412.0,10.057098364910459
231360 UBAJARA,420.0,10,430.0,231360,Ubajara,  2 313 609 ,   32 767,32767.0,13.122959074678793
231370 UMARI,109.0,2,111.0,231370,Umari,  2 313 708 ,   6 871,6871.0,16.154853733081065
231375 UMIRIM,131.0,3,134.0,231375,Umirim,  2 313 757 ,   17 470,17470.0,7.67029192902118
231380 URUBURETAMA,192.0,1,193.0,231380,Uruburetama,  2 313 807 ,   20 189,20189.0,9.55966120164446
231390 URUOCA,265.0,2,267.0,231390,Uruoca,  2 313 906 ,   13 746,13746.0,19.423832387603667
231395 VARJOTA,342.0,-,342.0,231395,Varjota,  2 313 955 ,   18 105,18105.0,18.88980944490472
231400 VARZEA ALEGRE,357.0,15,372.0,231400,Várzea Alegre,  2 314 003 ,   38 984,38984.0,9.542376359532115
231410 VICOSA DO CEARA,563.0,8,571.0,231410,Viçosa do Ceará,  2 314 102 ,   59 712,59712.0,9.562566988210074
240010 ACARI,134.0,-,134.0,240010,Acari,  2 400 109 ,   10 597,10597.0,12.645088232518637
240020 ACU,919.0,145,1064.0,240020,Açu,  2 400 208 ,   56 496,56496.0,18.83319173038799
240030 AFONSO BEZERRA,174.0,4,178.0,240030,Afonso Bezerra,  2 400 307 ,   10 839,10839.0,16.42217916781991
240040 AGUA NOVA,43.0,-,43.0,240040,Água Nova,  2 400 406 ,   2 946,2946.0,14.596062457569586
240050 ALEXANDRIA,301.0,26,327.0,240050,Alexandria,  2 400 505 ,   13 640,13640.0,23.97360703812317
240060 ALMINO AFONSO,90.0,-,90.0,240060,Almino Afonso,  2 400 604 ,   4 687,4687.0,19.202048218476637
240070 ALTO DO RODRIGUES,115.0,10,125.0,240070,Alto do Rodrigues,  2 400 703 ,   12 484,12484.0,10.012816404998398
240080 ANGICOS,257.0,14,271.0,240080,Angicos,  2 400 802 ,   11 632,11632.0,23.29779917469051
240090 ANTONIO MARTINS,102.0,-,102.0,240090,Antônio Martins,  2 400 901 ,   6 577,6577.0,15.508590542800668
240100 APODI,425.0,105,530.0,240100,Apodi,  2 401 008 ,   36 093,36093.0,14.684287812041116
240110 AREIA BRANCA,377.0,21,398.0,240110,Areia Branca,  2 401 107 ,   24 093,24093.0,16.519320964595526
240120 ARES,224.0,-,224.0,240120,Arês,  2 401 206 ,   13 251,13251.0,16.904384574749077
240130 AUGUSTO SEVERO,118.0,-,118.0,240130,Campo Grande,  2 401 305 ,   9 730,9730.0,12.127440904419322
240140 BAIA FORMOSA,119.0,1,120.0,240140,Baía Formosa,  2 401 404 ,   8 825,8825.0,13.597733711048159
240145 BARAUNA,357.0,57,414.0,240145,Baraúna,  2 401 453 ,   26 913,26913.0,15.382900457028201
240150 BARCELONA,60.0,-,60.0,240150,Barcelona,  2 401 503 ,   3 986,3986.0,15.052684395383844
240160 BENTO FERNANDES,73.0,-,73.0,240160,Bento Fernandes,  2 401 602 ,   4 807,4807.0,15.18618681090077
240165 BODO,50.0,-,50.0,240165,Bodó,  2 401 651 ,   2 306,2306.0,21.682567215958368
240170 BOM JESUS,163.0,1,164.0,240170,Bom Jesus,  2 401 701 ,   9 952,9952.0,16.47909967845659
240180 BREJINHO,180.0,-,180.0,240180,Brejinho,  2 401 800 ,   12 202,12202.0,14.75168005245042
240185 CAICARA DO NORTE,87.0,-,87.0,240185,Caiçara do Norte,  2 401 859 ,   6 293,6293.0,13.82488479262673
240190 CAICARA DO RIO DO VENTO,78.0,-,78.0,240190,Caiçara do Rio do Vento,  2 401 909 ,   3 268,3268.0,23.867809057527538
240200 CAICO,1622.0,211,1833.0,240200,Caicó,  2 402 006 ,   61 146,61146.0,29.977431066627418
240210 CAMPO REDONDO,177.0,2,179.0,240210,Campo Redondo,  2 402 105 ,   10 215,10215.0,17.523250122369063
240220 CANGUARETAMA,399.0,3,402.0,240220,Canguaretama,  2 402 204 ,   29 668,29668.0,13.549952811109613
240230 CARAUBAS,350.0,11,361.0,240230,Caraúbas,  2 402 303 ,   19 727,19727.0,18.299792163025298
240240 CARNAUBA DOS DANTAS,141.0,-,141.0,240240,Carnaúba dos Dantas,  2 402 402 ,   7 992,7992.0,17.642642642642645
240250 CARNAUBAIS,134.0,2,136.0,240250,Carnaubais,  2 402 501 ,   9 714,9714.0,14.000411776816966
240260 CEARA-MIRIM,758.0,69,827.0,240260,Ceará-Mirim,  2 402 600 ,   79 115,79115.0,10.453137837325412
240270 CERRO CORA,130.0,-,130.0,240270,Cerro Corá,  2 402 709 ,   11 000,11000.0,11.818181818181818
240280 CORONEL EZEQUIEL,84.0,-,84.0,240280,Coronel Ezequiel,  2 402 808 ,   5 117,5117.0,16.415868673050614
240290 CORONEL JOAO PESSOA,76.0,-,76.0,240290,Coronel João Pessoa,  2 402 907 ,   4 237,4237.0,17.937219730941703
240300 CRUZETA,106.0,-,106.0,240300,Cruzeta,  2 403 004 ,   8 005,8005.0,13.241723922548408
240310 CURRAIS NOVOS,871.0,99,970.0,240310,Currais Novos,  2 403 103 ,   41 313,41313.0,23.4792922324692
240320 DOUTOR SEVERIANO,77.0,-,77.0,240320,Doutor Severiano,  2 403 202 ,   7 044,7044.0,10.931289040318001
240325 PARNAMIRIM,3155.0,212,3367.0,240325,Parnamirim,  2 403 251 ,   252 716,252716.0,13.323256145238133
240330 ENCANTO,104.0,1,105.0,240330,Encanto,  2 403 301 ,   6 016,6016.0,17.45345744680851
240340 EQUADOR,114.0,-,114.0,240340,Equador,  2 403 400 ,   5 360,5360.0,21.26865671641791
240350 ESPIRITO SANTO,206.0,99,305.0,240350,Espírito Santo,  2 403 509 ,   10 620,10620.0,28.719397363465163
240360 EXTREMOZ,414.0,2,416.0,240360,Extremoz,  2 403 608 ,   61 635,61635.0,6.749411860144399
240370 FELIPE GUERRA,90.0,-,90.0,240370,Felipe Guerra,  2 403 707 ,   5 944,5944.0,15.141318977119786
240375 FERNANDO PEDROZA,78.0,-,78.0,240375,Fernando Pedroza,  2 403 756 ,   2 938,2938.0,26.548672566371682
240380 FLORANIA,129.0,-,129.0,240380,Florânia,  2 403 806 ,   10 196,10196.0,12.652020400156925
240390 FRANCISCO DANTAS,42.0,-,42.0,240390,Francisco Dantas,  2 403 905 ,   2 700,2700.0,15.555555555555555
240400 FRUTUOSO GOMES,98.0,1,99.0,240400,Frutuoso Gomes,  2 404 002 ,   4 122,4122.0,24.017467248908297
240410 GALINHOS,68.0,-,68.0,240410,Galinhos,  2 404 101 ,   2 104,2104.0,32.31939163498099
240420 GOIANINHA,330.0,5,335.0,240420,Goianinha,  2 404 200 ,   26 741,26741.0,12.527579372499158
240430 GOVERNADOR DIX-SEPT ROSADO,129.0,3,132.0,240430,Governador Dix-Sept Rosado,  2 404 309 ,   11 938,11938.0,11.057128497235718
240440 GROSSOS,93.0,-,93.0,240440,Grossos,  2 404 408 ,   9 924,9924.0,9.371221281741233
240450 GUAMARE,702.0,1,703.0,240450,Guamaré,  2 404 507 ,   15 295,15295.0,45.962732919254655
240460 IELMO MARINHO,159.0,-,159.0,240460,Ielmo Marinho,  2 404 606 ,   11 615,11615.0,13.689195006457167
240470 IPANGUACU,125.0,-,125.0,240470,Ipanguaçu,  2 404 705 ,   14 131,14131.0,8.84580001415328
240480 IPUEIRA,62.0,-,62.0,240480,Ipueira,  2 404 804 ,   2 035,2035.0,30.466830466830466
240485 ITAJA,126.0,2,128.0,240485,Itajá,  2 404 853 ,   7 292,7292.0,17.553483269336258
240490 ITAU,67.0,4,71.0,240490,Itaú,  2 404 903 ,   5 320,5320.0,13.345864661654135
240500 JACANA,119.0,-,119.0,240500,Jaçanã,  2 405 009 ,   7 834,7834.0,15.19019657901455
240510 JANDAIRA,127.0,-,127.0,240510,Jandaíra,  2 405 108 ,   6 562,6562.0,19.353855531850048
240520 JANDUIS,119.0,-,119.0,240520,Janduís,  2 405 207 ,   4 746,4746.0,25.073746312684367
240530 JANUARIO CICCO,124.0,-,124.0,240530,Januário Cicco,  2 405 306 ,   9 051,9051.0,13.700143630538063
240540 JAPI,87.0,-,87.0,240540,Japi,  2 405 405 ,   5 117,5117.0,17.00214969708814
240550 JARDIM DE ANGICOS,92.0,-,92.0,240550,Jardim de Angicos,  2 405 504 ,   2 437,2437.0,37.75133360689372
240560 JARDIM DE PIRANHAS,162.0,3,165.0,240560,Jardim de Piranhas,  2 405 603 ,   13 977,13977.0,11.805108392358875
240570 JARDIM DO SERIDO,146.0,3,149.0,240570,Jardim do Seridó,  2 405 702 ,   11 655,11655.0,12.784212784212786
240580 JOAO CAMARA,578.0,23,601.0,240580,João Câmara,  2 405 801 ,   33 290,33290.0,18.053469510363474
240590 JOAO DIAS,43.0,-,43.0,240590,João Dias,  2 405 900 ,   2 076,2076.0,20.71290944123314
240600 JOSE DA PENHA,71.0,-,71.0,240600,José da Penha,  2 406 007 ,   5 803,5803.0,12.235050835774599
240610 JUCURUTU,246.0,1,247.0,240610,Jucurutu,  2 406 106 ,   17 793,17793.0,13.881863654246052
240615 JUNDIA,67.0,-,67.0,240615,Jundiá,  2 406 155 ,   3 739,3739.0,17.919229740572344
240620 LAGOA D'ANTA,100.0,-,100.0,240620,Lagoa d'Anta,  2 406 205 ,   6 654,6654.0,15.028554253080854
240630 LAGOA DE PEDRAS,77.0,-,77.0,240630,Lagoa de Pedras,  2 406 304 ,   7 338,7338.0,10.49332243118016
240640 LAGOA DE VELHOS,55.0,-,55.0,240640,Lagoa de Velhos,  2 406 403 ,   2 567,2567.0,21.425788858589794
240650 LAGOA NOVA,189.0,-,189.0,240650,Lagoa Nova,  2 406 502 ,   15 573,15573.0,12.136389905605856
240660 LAGOA SALGADA,72.0,-,72.0,240660,Lagoa Salgada,  2 406 601 ,   8 319,8319.0,8.65488640461594
240670 LAJES,171.0,3,174.0,240670,Lajes,  2 406 700 ,   9 866,9866.0,17.63632677883641
240680 LAJES PINTADAS,100.0,-,100.0,240680,Lajes Pintadas,  2 406 809 ,   4 787,4787.0,20.889910173386255
240690 LUCRECIA,119.0,8,127.0,240690,Lucrécia,  2 406 908 ,   3 490,3490.0,36.38968481375358
240700 LUIS GOMES,99.0,4,103.0,240700,Luís Gomes,  2 407 005 ,   9 070,9070.0,11.356119073869902
240710 MACAIBA,1010.0,22,1032.0,240710,Macaíba,  2 407 104 ,   82 249,82249.0,12.547265012340574
240720 MACAU,382.0,16,398.0,240720,Macau,  2 407 203 ,   27 369,27369.0,14.542000073075377
240725 MAJOR SALES,74.0,-,74.0,240725,Major Sales,  2 407 252 ,   3 924,3924.0,18.858307849133535
240730 MARCELINO VIEIRA,71.0,-,71.0,240730,Marcelino Vieira,  2 407 302 ,   7 896,7896.0,8.991894630192503
240740 MARTINS,104.0,-,104.0,240740,Martins,  2 407 401 ,   8 179,8179.0,12.715490891307006
240750 MAXARANGUAPE,151.0,32,183.0,240750,Maxaranguape,  2 407 500 ,   10 255,10255.0,17.844953681131155
240760 MESSIAS TARGINO,88.0,-,88.0,240760,Messias Targino,  2 407 609 ,   4 274,4274.0,20.589611605053815
240770 MONTANHAS,151.0,-,151.0,240770,Montanhas,  2 407 708 ,   11 444,11444.0,13.194687172317373
240780 MONTE ALEGRE,273.0,4,277.0,240780,Monte Alegre,  2 407 807 ,   23 031,23031.0,12.027267595849073
240790 MONTE DAS GAMELEIRAS,72.0,-,72.0,240790,Monte das Gameleiras,  2 407 906 ,   2 276,2276.0,31.63444639718805
240800 MOSSORO,4367.0,751,5118.0,240800,Mossoró,  2 408 003 ,   264 577,264577.0,19.344085086761133
240810 NATAL,15106.0,4204,19310.0,240810,Natal,  2 408 102 ,   751 300,751300.0,25.702116331691734
240820 NISIA FLORESTA,231.0,3,234.0,240820,Nísia Floresta,  2 408 201 ,   31 942,31942.0,7.325777972575293
240830 NOVA CRUZ,504.0,5,509.0,240830,Nova Cruz,  2 408 300 ,   34 269,34269.0,14.85307420700925
240840 OLHO-D'AGUA DO BORGES,110.0,-,110.0,240840,Olho d'Água do Borges,  2 408 409 ,   3 905,3905.0,28.169014084507044
240850 OURO BRANCO,72.0,-,72.0,240850,Ouro Branco,  2 408 508 ,   4 913,4913.0,14.654996946875636
240860 PARANA,95.0,-,95.0,240860,Paraná,  2 408 607 ,   3 934,3934.0,24.14844941535333
240870 PARAU,72.0,-,72.0,240870,Paraú,  2 408 706 ,   3 579,3579.0,20.1173512154233
240880 PARAZINHO,101.0,-,101.0,240880,Parazinho,  2 408 805 ,   4 801,4801.0,21.03728389918767
240890 PARELHAS,348.0,11,359.0,240890,Parelhas,  2 408 904 ,   21 499,21499.0,16.69845109074841
240895 RIO DO FOGO,226.0,-,226.0,240895,Rio do Fogo,  2 408 953 ,   10 351,10351.0,21.83363926190706
240910 PASSA E FICA,174.0,1,175.0,240910,Passa e Fica,  2 409 100 ,   10 896,10896.0,16.06093979441997
240920 PASSAGEM,52.0,-,52.0,240920,Passagem,  2 409 209 ,   3 115,3115.0,16.693418940609952
240930 PATU,185.0,1,186.0,240930,Patu,  2 409 308 ,   11 007,11007.0,16.898337421640775
240933 SANTA MARIA,95.0,-,95.0,240933,Santa Maria,  2 409 332 ,   4 847,4847.0,19.599752424179904
240940 PAU DOS FERROS,1062.0,53,1115.0,240940,Pau dos Ferros,  2 409 407 ,   30 479,30479.0,36.582565044784936
240950 PEDRA GRANDE,96.0,-,96.0,240950,Pedra Grande,  2 409 506 ,   3 618,3618.0,26.533996683250415
240960 PEDRA PRETA,49.0,-,49.0,240960,Pedra Preta,  2 409 605 ,   2 441,2441.0,20.07374027038099
240970 PEDRO AVELINO,100.0,-,100.0,240970,Pedro Avelino,  2 409 704 ,   6 242,6242.0,16.020506247997435
240980 PEDRO VELHO,216.0,-,216.0,240980,Pedro Velho,  2 409 803 ,   13 824,13824.0,15.625
240990 PENDENCIAS,201.0,6,207.0,240990,Pendências,  2 409 902 ,   12 278,12278.0,16.859423358853235
241000 PILOES,53.0,-,53.0,241000,Pilões,  2 410 009 ,   2 965,2965.0,17.875210792580102
241010 POCO BRANCO,175.0,-,175.0,241010,Poço Branco,  2 410 108 ,   12 390,12390.0,14.124293785310734
241020 PORTALEGRE,101.0,1,102.0,241020,Portalegre,  2 410 207 ,   7 601,7601.0,13.419286935929483
241025 PORTO DO MANGUE,89.0,-,89.0,241025,Porto do Mangue,  2 410 256 ,   5 228,5228.0,17.02371843917368
241030 SERRA CAIADA,118.0,8,126.0,241030,Serra Caiada,  2 410 306 ,   10 125,10125.0,12.444444444444443
241040 PUREZA,96.0,-,96.0,241040,Pureza,  2 410 405 ,   9 362,9362.0,10.254219183935056
241050 RAFAEL FERNANDES,53.0,8,61.0,241050,Rafael Fernandes,  2 410 504 ,   5 432,5432.0,11.229749631811487
241060 RAFAEL GODEIRO,47.0,-,47.0,241060,Rafael Godeiro,  2 410 603 ,   2 934,2934.0,16.019086571233814
241070 RIACHO DA CRUZ,53.0,-,53.0,241070,Riacho da Cruz,  2 410 702 ,   2 701,2701.0,19.622362088115512
241080 RIACHO DE SANTANA,48.0,-,48.0,241080,Riacho de Santana,  2 410 801 ,   4 127,4127.0,11.630724497213473
241090 RIACHUELO,99.0,-,99.0,241090,Riachuelo,  2 410 900 ,   7 389,7389.0,13.398294762484774
241100 RODOLFO FERNANDES,53.0,2,55.0,241100,Rodolfo Fernandes,  2 411 007 ,   4 242,4242.0,12.965582272512965
241105 TIBAU,131.0,2,133.0,241105,Tibau,  2 411 056 ,   5 382,5382.0,24.71200297287254
241110 RUY BARBOSA,74.0,-,74.0,241110,Ruy Barbosa,  2 411 106 ,   3 206,3206.0,23.081721771678104
241120 SANTA CRUZ,994.0,23,1017.0,241120,Santa Cruz,  2 411 205 ,   37 313,37313.0,27.255916168627554
241140 SANTANA DO MATOS,129.0,-,129.0,241140,Santana do Matos,  2 411 403 ,   12 456,12456.0,10.35645472061657
241142 SANTANA DO SERIDO,68.0,-,68.0,241142,Santana do Seridó,  2 411 429 ,   2 696,2696.0,25.222551928783382
241150 SANTO ANTONIO,527.0,2,529.0,241150,Santo Antônio,  2 411 502 ,   22 177,22177.0,23.853541957884296
241160 SAO BENTO DO NORTE,68.0,-,68.0,241160,São Bento do Norte,  2 411 601 ,   3 304,3304.0,20.581113801452783
241170 SAO BENTO DO TRAIRI,68.0,-,68.0,241170,São Bento do Trairí,  2 411 700 ,   3 792,3792.0,17.932489451476794
241180 SAO FERNANDO,62.0,-,62.0,241180,São Fernando,  2 411 809 ,   3 492,3492.0,17.75486827033219
241190 SAO FRANCISCO DO OESTE,46.0,-,46.0,241190,São Francisco do Oeste,  2 411 908 ,   4 161,4161.0,11.055034847392452
241200 SAO GONCALO DO AMARANTE,754.0,32,786.0,241200,São Gonçalo do Amarante,  2 412 005 ,   115 838,115838.0,6.785338144650288
241210 SAO JOAO DO SABUGI,100.0,-,100.0,241210,São João do Sabugi,  2 412 104 ,   5 956,5956.0,16.789791806581597
241220 SAO JOSE DE MIPIBU,630.0,13,643.0,241220,São José de Mipibu,  2 412 203 ,   47 286,47286.0,13.598105147400922
241230 SAO JOSE DO CAMPESTRE,159.0,-,159.0,241230,São José do Campestre,  2 412 302 ,   11 121,11121.0,14.297275424871863
241240 SAO JOSE DO SERIDO,67.0,2,69.0,241240,São José do Seridó,  2 412 401 ,   4 558,4558.0,15.138218516893374
241250 SAO MIGUEL,219.0,4,223.0,241250,São Miguel,  2 412 500 ,   23 537,23537.0,9.474444491651441
241255 SAO MIGUEL DO GOSTOSO,162.0,-,162.0,241255,São Miguel do Gostoso,  2 412 559 ,   10 221,10221.0,15.849721162312886
241260 SAO PAULO DO POTENGI,380.0,2,382.0,241260,São Paulo do Potengi,  2 412 609 ,   16 786,16786.0,22.75705945430716
241270 SAO PEDRO,55.0,-,55.0,241270,São Pedro,  2 412 708 ,   5 776,5776.0,9.522160664819944
241280 SAO RAFAEL,97.0,1,98.0,241280,São Rafael,  2 412 807 ,   7 711,7711.0,12.709116846064063
241290 SAO TOME,144.0,-,144.0,241290,São Tomé,  2 412 906 ,   9 972,9972.0,14.44043321299639
241300 SAO VICENTE,99.0,2,101.0,241300,São Vicente,  2 413 003 ,   6 310,6310.0,16.00633914421553
241310 SENADOR ELOI DE SOUZA,80.0,-,80.0,241310,Senador Elói de Souza,  2 413 102 ,   5 965,5965.0,13.411567476948868
241320 SENADOR GEORGINO AVELINO,73.0,-,73.0,241320,Senador Georgino Avelino,  2 413 201 ,   4 065,4065.0,17.958179581795818
241330 SERRA DE SAO BENTO,95.0,-,95.0,241330,Serra de São Bento,  2 413 300 ,   5 703,5703.0,16.657899351218656
241335 SERRA DO MEL,144.0,2,146.0,241335,Serra do Mel,  2 413 359 ,   13 091,13091.0,11.152700328469942
241340 SERRA NEGRA DO NORTE,86.0,1,87.0,241340,Serra Negra do Norte,  2 413 409 ,   7 597,7597.0,11.451888903514545
241350 SERRINHA,72.0,-,72.0,241350,Serrinha,  2 413 508 ,   6 436,6436.0,11.187072715972654
241355 SERRINHA DOS PINTOS,54.0,-,54.0,241355,Serrinha dos Pintos,  2 413 557 ,   4 659,4659.0,11.59047005795235
241360 SEVERIANO MELO,96.0,2,98.0,241360,Severiano Melo,  2 413 607 ,   5 487,5487.0,17.86039730271551
241370 SITIO NOVO,92.0,-,92.0,241370,Sítio Novo,  2 413 706 ,   4 654,4654.0,19.767941555651053
241380 TABOLEIRO GRANDE,52.0,-,52.0,241380,Taboleiro Grande,  2 413 805 ,   2 338,2338.0,22.241231822070144
241390 TAIPU,147.0,-,147.0,241390,Taipu,  2 413 904 ,   11 422,11422.0,12.86990019261075
241400 TANGARA,202.0,2,204.0,241400,Tangará,  2 414 001 ,   13 281,13281.0,15.360289134854304
241410 TENENTE ANANIAS,119.0,1,120.0,241410,Tenente Ananias,  2 414 100 ,   10 262,10262.0,11.693626973299553
241415 TENENTE LAURENTINO CRUZ,88.0,1,89.0,241415,Tenente Laurentino Cruz,  2 414 159 ,   5 891,5891.0,15.107791546426753
241420 TIBAU DO SUL,185.0,-,185.0,241420,Tibau do Sul,  2 414 209 ,   16 929,16929.0,10.927993384133735
241430 TIMBAUBA DOS BATISTAS,42.0,-,42.0,241430,Timbaúba dos Batistas,  2 414 308 ,   2 348,2348.0,17.88756388415673
241440 TOUROS,382.0,9,391.0,241440,Touros,  2 414 407 ,   33 035,33035.0,11.835931587710006
241445 TRIUNFO POTIGUAR,91.0,-,91.0,241445,Triunfo Potiguar,  2 414 456 ,   3 376,3376.0,26.954976303317537
241450 UMARIZAL,107.0,-,107.0,241450,Umarizal,  2 414 506 ,   10 078,10078.0,10.617185949593173
241460 UPANEMA,173.0,-,173.0,241460,Upanema,  2 414 605 ,   13 577,13577.0,12.742137438314797
241470 VARZEA,56.0,1,57.0,241470,Várzea,  2 414 704 ,   5 233,5233.0,10.892413529524173
241475 VENHA-VER,50.0,-,50.0,241475,Venha-Ver,  2 414 753 ,   3 014,3014.0,16.5892501658925
241480 VERA CRUZ,149.0,-,149.0,241480,Vera Cruz,  2 414 803 ,   10 735,10735.0,13.879832324173265
241490 VICOSA,42.0,-,42.0,241490,Viçosa,  2 414 902 ,   1 822,1822.0,23.051591657519207
241500 VILA FLOR,57.0,1,58.0,241500,Vila Flor,  2 415 008 ,   3 174,3174.0,18.27347195967234
250010 AGUA BRANCA,152.0,1,153.0,250010,Água Branca,  2 500 106 ,   9 335,9335.0,16.389930369576863
250020 AGUIAR,108.0,-,108.0,250020,Aguiar,  2 500 205 ,   5 003,5003.0,21.587047771337197
250030 ALAGOA GRANDE,285.0,2,287.0,250030,Alagoa Grande,  2 500 304 ,   26 062,26062.0,11.012201672933774
250040 ALAGOA NOVA,263.0,6,269.0,250040,Alagoa Nova,  2 500 403 ,   21 013,21013.0,12.801599010136583
250050 ALAGOINHA,157.0,1,158.0,250050,Alagoinha,  2 500 502 ,   13 725,13725.0,11.51183970856102
250053 ALCANTIL,108.0,-,108.0,250053,Alcantil,  2 500 536 ,   5 578,5578.0,19.36177841520258
250057 ALGODAO DE JANDAIRA,39.0,-,39.0,250057,Algodão de Jandaíra,  2 500 577 ,   2 953,2953.0,13.206908228919742
250060 ALHANDRA,333.0,4,337.0,250060,Alhandra,  2 500 601 ,   21 730,21730.0,15.508513575701794
250070 SAO JOAO DO RIO DO PEIXE,259.0,6,265.0,250070,São João do Rio do Peixe,  2 500 700 ,   17 964,17964.0,14.75172567356936
250073 AMPARO,57.0,-,57.0,250073,Amparo,  2 500 734 ,   2 234,2234.0,25.51477170993733
250077 APARECIDA,82.0,2,84.0,250077,Aparecida,  2 500 775 ,   7 960,7960.0,10.552763819095476
250080 ARACAGI,210.0,-,210.0,250080,Araçagi,  2 500 809 ,   16 646,16646.0,12.615643397813288
250090 ARARA,132.0,-,132.0,250090,Arara,  2 500 908 ,   12 212,12212.0,10.809040288241073
250100 ARARUNA,203.0,2,205.0,250100,Araruna,  2 501 005 ,   17 189,17189.0,11.926231892489383
250110 AREIA,281.0,8,289.0,250110,Areia,  2 501 104 ,   22 633,22633.0,12.76896566959749
250115 AREIA DE BARAUNAS,36.0,2,38.0,250115,Areia de Baraúnas,  2 501 153 ,   2 005,2005.0,18.952618453865334
250120 AREIAL,79.0,-,79.0,250120,Areial,  2 501 203 ,   7 128,7128.0,11.083052749719416
250130 AROEIRAS,208.0,3,211.0,250130,Aroeiras,  2 501 302 ,   18 705,18705.0,11.28040630847367
250135 ASSUNCAO,60.0,-,60.0,250135,Assunção,  2 501 351 ,   4 152,4152.0,14.45086705202312
250140 BAIA DA TRAICAO,188.0,-,188.0,250140,Baía da Traição,  2 501 401 ,   9 224,9224.0,20.38161318300087
250150 BANANEIRAS,197.0,6,203.0,250150,Bananeiras,  2 501 500 ,   23 134,23134.0,8.77496325754301
250153 BARAUNA,91.0,-,91.0,250153,Baraúna,  2 501 534 ,   4 762,4762.0,19.109617807643847
250157 BARRA DE SANTANA,157.0,-,157.0,250157,Barra de Santana,  2 501 575 ,   8 059,8059.0,19.481325226454892
250160 BARRA DE SANTA ROSA,148.0,25,173.0,250160,Barra de Santa Rosa,  2 501 609 ,   12 904,12904.0,13.406695598264104
250170 BARRA DE SAO MIGUEL,69.0,-,69.0,250170,Barra de São Miguel,  2 501 708 ,   5 906,5906.0,11.683034202505926
250180 BAYEUX,907.0,45,952.0,250180,Bayeux,  2 501 807 ,   82 742,82742.0,11.505644050180077
250190 BELEM,382.0,3,385.0,250190,Belém,  2 501 906 ,   16 401,16401.0,23.474178403755868
250200 BELEM DO BREJO DO CRUZ,117.0,2,119.0,250200,Belém do Brejo do Cruz,  2 502 003 ,   6 268,6268.0,18.985322271857054
250205 BERNARDINO BATISTA,62.0,-,62.0,250205,Bernardino Batista,  2 502 052 ,   3 504,3504.0,17.69406392694064
250210 BOA VENTURA,104.0,2,106.0,250210,Boa Ventura,  2 502 102 ,   5 207,5207.0,20.357211446130208
250215 BOA VISTA,105.0,3,108.0,250215,Boa Vista,  2 502 151 ,   6 377,6377.0,16.93586325858554
250220 BOM JESUS,54.0,-,54.0,250220,Bom Jesus,  2 502 201 ,   2 286,2286.0,23.62204724409449
250230 BOM SUCESSO,90.0,1,91.0,250230,Bom Sucesso,  2 502 300 ,   4 661,4661.0,19.52370735893585
250240 BONITO DE SANTA FE,145.0,7,152.0,250240,Bonito de Santa Fé,  2 502 409 ,   10 252,10252.0,14.826375341396801
250250 BOQUEIRAO,316.0,4,320.0,250250,Boqueirão,  2 502 508 ,   17 598,17598.0,18.18388453233322
250260 IGARACY,76.0,6,82.0,250260,Igaracy,  2 502 607 ,   5 648,5648.0,14.51841359773371
250270 BORBOREMA,49.0,-,49.0,250270,Borborema,  2 502 706 ,   4 214,4214.0,11.627906976744185
250280 BREJO DO CRUZ,175.0,3,178.0,250280,Brejo do Cruz,  2 502 805 ,   13 613,13613.0,13.075736428414015
250290 BREJO DOS SANTOS,90.0,1,91.0,250290,Brejo dos Santos,  2 502 904 ,   5 742,5742.0,15.84813653779171
250300 CAAPORA,318.0,1,319.0,250300,Caaporã,  2 503 001 ,   21 193,21193.0,15.05213985750012
250310 CABACEIRAS,113.0,-,113.0,250310,Cabaceiras,  2 503 100 ,   5 335,5335.0,21.180880974695405
250320 CABEDELO,936.0,46,982.0,250320,Cabedelo,  2 503 209 ,   66 519,66519.0,14.762699379124761
250330 CACHOEIRA DOS INDIOS,126.0,-,126.0,250330,Cachoeira dos Índios,  2 503 308 ,   9 151,9151.0,13.768986995956725
250340 CACIMBA DE AREIA,67.0,2,69.0,250340,Cacimba de Areia,  2 503 407 ,   3 291,3291.0,20.96627164995442
250350 CACIMBA DE DENTRO,148.0,7,155.0,250350,Cacimba de Dentro,  2 503 506 ,   16 064,16064.0,9.64890438247012
250355 CACIMBAS,97.0,27,124.0,250355,Cacimbas,  2 503 555 ,   7 223,7223.0,17.167381974248926
250360 CAICARA,91.0,2,93.0,250360,Caiçara,  2 503 605 ,   6 602,6602.0,14.086640411996365
250370 CAJAZEIRAS,1339.0,174,1513.0,250370,Cajazeiras,  2 503 704 ,   63 239,63239.0,23.92510950521039
250375 CAJAZEIRINHAS,90.0,-,90.0,250375,Cajazeirinhas,  2 503 753 ,   2 740,2740.0,32.846715328467155
250380 CALDAS BRANDAO,78.0,-,78.0,250380,Caldas Brandão,  2 503 803 ,   5 753,5753.0,13.558143577264037
250390 CAMALAU,74.0,-,74.0,250390,Camalaú,  2 503 902 ,   6 085,6085.0,12.161051766639277
250400 CAMPINA GRANDE,7489.0,1385,8874.0,250400,Campina Grande,  2 504 009 ,   419 379,419379.0,21.159857789731962
250403 CAPIM,100.0,-,100.0,250403,Capim,  2 504 033 ,   6 970,6970.0,14.347202295552368
250407 CARAUBAS,58.0,-,58.0,250407,Caraúbas,  2 504 074 ,   3 944,3944.0,14.705882352941176
250410 CARRAPATEIRA,50.0,-,50.0,250410,Carrapateira,  2 504 108 ,   2 312,2312.0,21.626297577854668
250415 CASSERENGUE,79.0,-,79.0,250415,Casserengue,  2 504 157 ,   6 889,6889.0,11.467556974887502
250420 CATINGUEIRA,89.0,2,91.0,250420,Catingueira,  2 504 207 ,   4 491,4491.0,20.26274771765754
250430 CATOLE DO ROCHA,416.0,15,431.0,250430,Catolé do Rocha,  2 504 306 ,   30 661,30661.0,14.056945305110727
250435 CATURITE,75.0,-,75.0,250435,Caturité,  2 504 355 ,   5 254,5254.0,14.27483821850019
250440 CONCEICAO,233.0,8,241.0,250440,Conceição,  2 504 405 ,   18 260,18260.0,13.198247535596932
250450 CONDADO,101.0,3,104.0,250450,Condado,  2 504 504 ,   6 451,6451.0,16.121531545496822
250460 CONDE,348.0,45,393.0,250460,Conde,  2 504 603 ,   27 605,27605.0,14.236551349393226
250470 CONGO,93.0,1,94.0,250470,Congo,  2 504 702 ,   4 933,4933.0,19.05534157713359
250480 COREMAS,251.0,9,260.0,250480,Coremas,  2 504 801 ,   14 683,14683.0,17.707552952393925
250485 COXIXOLA,32.0,-,32.0,250485,Coxixola,  2 504 850 ,   1 824,1824.0,17.543859649122805
250490 CRUZ DO ESPIRITO SANTO,141.0,1,142.0,250490,Cruz do Espírito Santo,  2 504 900 ,   17 095,17095.0,8.30652237496344
250500 CUBATI,118.0,2,120.0,250500,Cubati,  2 505 006 ,   7 580,7580.0,15.8311345646438
250510 CUITE,347.0,6,353.0,250510,Cuité,  2 505 105 ,   19 719,19719.0,17.901516304072214
250520 CUITEGI,72.0,-,72.0,250520,Cuitegi,  2 505 204 ,   6 730,6730.0,10.698365527488855
250523 CUITE DE MAMANGUAPE,83.0,-,83.0,250523,Cuité de Mamanguape,  2 505 238 ,   6 251,6251.0,13.277875539913614
250527 CURRAL DE CIMA,121.0,1,122.0,250527,Curral de Cima,  2 505 279 ,   5 254,5254.0,23.220403502093642
250530 CURRAL VELHO,40.0,-,40.0,250530,Curral Velho,  2 505 303 ,   2 292,2292.0,17.452006980802793
250535 DAMIAO,55.0,21,76.0,250535,Damião,  2 505 352 ,   4 982,4982.0,15.25491770373344
250540 DESTERRO,85.0,5,90.0,250540,Desterro,  2 505 402 ,   8 067,8067.0,11.156563778356267
250550 VISTA SERRANA,53.0,1,54.0,250550,Vista Serrana,  2 505 501 ,   3 641,3641.0,14.831090359791267
250560 DIAMANTE,96.0,-,96.0,250560,Diamante,  2 505 600 ,   6 299,6299.0,15.240514367359898
250570 DONA INES,166.0,-,166.0,250570,Dona Inês,  2 505 709 ,   10 380,10380.0,15.992292870905588
250580 DUAS ESTRADAS,66.0,-,66.0,250580,Duas Estradas,  2 505 808 ,   3 327,3327.0,19.837691614066724
250590 EMAS,41.0,-,41.0,250590,Emas,  2 505 907 ,   3 011,3011.0,13.616738625041515
250600 ESPERANCA,464.0,47,511.0,250600,Esperança,  2 506 004 ,   31 231,31231.0,16.36194806442317
250610 FAGUNDES,117.0,1,118.0,250610,Fagundes,  2 506 103 ,   11 049,11049.0,10.67969952031858
250620 FREI MARTINHO,85.0,-,85.0,250620,Frei Martinho,  2 506 202 ,   2 846,2846.0,29.866479269149682
250625 GADO BRAVO,84.0,-,84.0,250625,Gado Bravo,  2 506 251 ,   8 179,8179.0,10.270204181440274
250630 GUARABIRA,919.0,76,995.0,250630,Guarabira,  2 506 301 ,   57 484,57484.0,17.309164289193514
250640 GURINHEM,181.0,2,183.0,250640,Gurinhém,  2 506 400 ,   13 766,13766.0,13.29362196716548
250650 GURJAO,56.0,1,57.0,250650,Gurjão,  2 506 509 ,   3 242,3242.0,17.5817396668723
250660 IBIARA,88.0,-,88.0,250660,Ibiara,  2 506 608 ,   5 631,5631.0,15.627774817971941
250670 IMACULADA,121.0,4,125.0,250670,Imaculada,  2 506 707 ,   10 392,10392.0,12.028483448806774
250680 INGA,268.0,-,268.0,250680,Ingá,  2 506 806 ,   17 692,17692.0,15.148089531991861
250690 ITABAIANA,660.0,51,711.0,250690,Itabaiana,  2 506 905 ,   23 182,23182.0,30.67034768354758
250700 ITAPORANGA,337.0,23,360.0,250700,Itaporanga,  2 507 002 ,   23 940,23940.0,15.037593984962406
250710 ITAPOROROCA,231.0,1,232.0,250710,Itapororoca,  2 507 101 ,   18 382,18382.0,12.62104232401262
250720 ITATUBA,106.0,-,106.0,250720,Itatuba,  2 507 200 ,   10 499,10499.0,10.096199638060767
250730 JACARAU,211.0,1,212.0,250730,Jacaraú,  2 507 309 ,   14 477,14477.0,14.643917938799476
250740 JERICO,95.0,4,99.0,250740,Jericó,  2 507 408 ,   7 516,7516.0,13.171899946780202
250750 JOAO PESSOA,15314.0,2305,17619.0,250750,João Pessoa,  2 507 507 ,   833 932,833932.0,21.127621916415247
250760 JUAREZ TAVORA,76.0,2,78.0,250760,Juarez Távora,  2 507 606 ,   7 796,7796.0,10.005130836326321
250770 JUAZEIRINHO,209.0,7,216.0,250770,Juazeirinho,  2 507 705 ,   17 007,17007.0,12.700652672429
250780 JUNCO DO SERIDO,91.0,1,92.0,250780,Junco do Seridó,  2 507 804 ,   6 793,6793.0,13.543353452083027
250790 JURIPIRANGA,155.0,3,158.0,250790,Juripiranga,  2 507 903 ,   10 012,10012.0,15.781062724730322
250800 JURU,125.0,3,128.0,250800,Juru,  2 508 000 ,   9 234,9234.0,13.861815031405675
250810 LAGOA,57.0,-,57.0,250810,Lagoa,  2 508 109 ,   4 415,4415.0,12.910532276330692
250820 LAGOA DE DENTRO,96.0,-,96.0,250820,Lagoa de Dentro,  2 508 208 ,   7 819,7819.0,12.277784882977363
250830 LAGOA SECA,249.0,6,255.0,250830,Lagoa Seca,  2 508 307 ,   27 730,27730.0,9.195816804904435
250840 LASTRO,47.0,-,47.0,250840,Lastro,  2 508 406 ,   3 162,3162.0,14.864010120177102
250850 LIVRAMENTO,94.0,1,95.0,250850,Livramento,  2 508 505 ,   6 877,6877.0,13.814163152537443
250855 LOGRADOURO,81.0,-,81.0,250855,Logradouro,  2 508 554 ,   4 797,4797.0,16.885553470919326
250860 LUCENA,177.0,1,178.0,250860,Lucena,  2 508 604 ,   12 560,12560.0,14.171974522292993
250870 MAE D'AGUA,57.0,-,57.0,250870,Mãe d'Água,  2 508 703 ,   3 583,3583.0,15.908456600614011
250880 MALTA,64.0,1,65.0,250880,Malta,  2 508 802 ,   6 046,6046.0,10.750909692358585
250890 MAMANGUAPE,930.0,11,941.0,250890,Mamanguape,  2 508 901 ,   44 599,44599.0,21.09912778313415
250900 MANAIRA,118.0,2,120.0,250900,Manaíra,  2 509 008 ,   10 434,10434.0,11.500862564692353
250905 MARCACAO,123.0,-,123.0,250905,Marcação,  2 509 057 ,   8 999,8999.0,13.668185353928214
250910 MARI,226.0,14,240.0,250910,Mari,  2 509 107 ,   21 512,21512.0,11.156563778356267
250915 MARIZOPOLIS,60.0,2,62.0,250915,Marizópolis,  2 509 156 ,   6 705,6705.0,9.246830723340791
250920 MASSARANDUBA,138.0,-,138.0,250920,Massaranduba,  2 509 206 ,   14 139,14139.0,9.76023764056864
250930 MATARACA,156.0,1,157.0,250930,Mataraca,  2 509 305 ,   8 244,8244.0,19.044153323629306
250933 MATINHAS,52.0,-,52.0,250933,Matinhas,  2 509 339 ,   4 571,4571.0,11.37606650623496
250937 MATO GROSSO,36.0,-,36.0,250937,Mato Grosso,  2 509 370 ,   2 543,2543.0,14.156508061344867
250939 MATUREIA,79.0,18,97.0,250939,Maturéia,  2 509 396 ,   6 433,6433.0,15.078501476760453
250940 MOGEIRO,150.0,2,152.0,250940,Mogeiro,  2 509 404 ,   13 899,13899.0,10.936038563925463
250950 MONTADAS,57.0,2,59.0,250950,Montadas,  2 509 503 ,   5 812,5812.0,10.151410874053681
250960 MONTE HOREBE,54.0,-,54.0,250960,Monte Horebe,  2 509 602 ,   4 338,4338.0,12.448132780082986
250970 MONTEIRO,646.0,23,669.0,250970,Monteiro,  2 509 701 ,   32 277,32277.0,20.72683334882424
250980 MULUNGU,111.0,-,111.0,250980,Mulungu,  2 509 800 ,   8 791,8791.0,12.626549880559663
250990 NATUBA,130.0,-,130.0,250990,Natuba,  2 509 909 ,   8 945,8945.0,14.533258803801006
251000 NAZAREZINHO,65.0,-,65.0,251000,Nazarezinho,  2 510 006 ,   7 203,7203.0,9.024017770373455
251010 NOVA FLORESTA,128.0,10,138.0,251010,Nova Floresta,  2 510 105 ,   9 724,9724.0,14.191690662278898
251020 NOVA OLINDA,84.0,-,84.0,251020,Nova Olinda,  2 510 204 ,   5 787,5787.0,14.515292897874547
251030 NOVA PALMEIRA,78.0,-,78.0,251030,Nova Palmeira,  2 510 303 ,   4 259,4259.0,18.31415825311106
251040 OLHO D'AGUA,80.0,-,80.0,251040,Olho d'Água,  2 510 402 ,   6 060,6060.0,13.201320132013201
251050 OLIVEDOS,45.0,-,45.0,251050,Olivedos,  2 510 501 ,   3 580,3580.0,12.569832402234638
251060 OURO VELHO,45.0,-,45.0,251060,Ouro Velho,  2 510 600 ,   2 918,2918.0,15.421521590130226
251065 PARARI,35.0,-,35.0,251065,Parari,  2 510 659 ,   1 720,1720.0,20.348837209302328
251070 PASSAGEM,53.0,-,53.0,251070,Passagem,  2 510 709 ,   2 463,2463.0,21.51847340641494
251080 PATOS,2557.0,619,3176.0,251080,Patos,  2 510 808 ,   103 165,103165.0,30.785634662918625
251090 PAULISTA,150.0,1,151.0,251090,Paulista,  2 510 907 ,   11 834,11834.0,12.759844515801927
251100 PEDRA BRANCA,50.0,-,50.0,251100,Pedra Branca,  2 511 004 ,   3 739,3739.0,13.372559507889811
251110 PEDRA LAVRADA,122.0,-,122.0,251110,Pedra Lavrada,  2 511 103 ,   6 859,6859.0,17.786849394955535
251120 PEDRAS DE FOGO,353.0,9,362.0,251120,Pedras de Fogo,  2 511 202 ,   29 662,29662.0,12.204166947609735
251130 PIANCO,495.0,8,503.0,251130,Piancó,  2 511 301 ,   16 441,16441.0,30.59424609208686
251140 PICUI,410.0,9,419.0,251140,Picuí,  2 511 400 ,   18 333,18333.0,22.854960999290896
251150 PILAR,158.0,-,158.0,251150,Pilar,  2 511 509 ,   12 311,12311.0,12.834050848834377
251160 PILOES,54.0,-,54.0,251160,Pilões,  2 511 608 ,   6 815,6815.0,7.923697725605283
251170 PILOEZINHOS,48.0,2,50.0,251170,Pilõezinhos,  2 511 707 ,   5 329,5329.0,9.382623381497467
251180 PIRPIRITUBA,83.0,-,83.0,251180,Pirpirituba,  2 511 806 ,   9 340,9340.0,8.886509635974303
251190 PITIMBU,230.0,-,230.0,251190,Pitimbu,  2 511 905 ,   16 751,16751.0,13.730523550832785
251200 POCINHOS,265.0,-,265.0,251200,Pocinhos,  2 512 002 ,   17 469,17469.0,15.169729234644228
251203 POCO DANTAS,53.0,-,53.0,251203,Poço Dantas,  2 512 036 ,   3 830,3830.0,13.838120104438643
251207 POCO DE JOSE DE MOURA,84.0,-,84.0,251207,Poço de José de Moura,  2 512 077 ,   4 006,4006.0,20.968547179231155
251210 POMBAL,529.0,23,552.0,251210,Pombal,  2 512 101 ,   32 473,32473.0,16.998737412619715
251220 PRATA,76.0,1,77.0,251220,Prata,  2 512 200 ,   3 915,3915.0,19.667943805874838
251230 PRINCESA ISABEL,600.0,47,647.0,251230,Princesa Isabel,  2 512 309 ,   21 114,21114.0,30.643175144453917
251240 PUXINANA,110.0,5,115.0,251240,Puxinanã,  2 512 408 ,   14 277,14277.0,8.054913497233311
251250 QUEIMADAS,535.0,6,541.0,251250,Queimadas,  2 512 507 ,   47 658,47658.0,11.351714297704477
251260 QUIXABA,53.0,-,53.0,251260,Quixaba,  2 512 606 ,   1 743,1743.0,30.407343660355707
251270 REMIGIO,182.0,17,199.0,251270,Remígio,  2 512 705 ,   17 885,17885.0,11.126642437797038
251272 PEDRO REGIS,52.0,1,53.0,251272,Pedro Régis,  2 512 721 ,   5 766,5766.0,9.191814082552897
251274 RIACHAO,65.0,-,65.0,251274,Riachão,  2 512 747 ,   2 927,2927.0,22.207037922787837
251275 RIACHAO DO BACAMARTE,50.0,-,50.0,251275,Riachão do Bacamarte,  2 512 754 ,   4 690,4690.0,10.660980810234541
251276 RIACHAO DO POCO,45.0,-,45.0,251276,Riachão do Poço,  2 512 762 ,   4 738,4738.0,9.497678345293373
251278 RIACHO DE SANTO ANTONIO,62.0,-,62.0,251278,Riacho de Santo Antônio,  2 512 788 ,   1 955,1955.0,31.713554987212277
251280 RIACHO DOS CAVALOS,74.0,-,74.0,251280,Riacho dos Cavalos,  2 512 804 ,   8 493,8493.0,8.713057812316025
251290 RIO TINTO,267.0,4,271.0,251290,Rio Tinto,  2 512 903 ,   24 581,24581.0,11.024775232903462
251300 SALGADINHO,57.0,-,57.0,251300,Salgadinho,  2 513 000 ,   3 355,3355.0,16.98956780923994
251310 SALGADO DE SAO FELIX,159.0,2,161.0,251310,Salgado de São Félix,  2 513 109 ,   11 505,11505.0,13.993915688830942
251315 SANTA CECILIA,79.0,-,79.0,251315,Santa Cecília,  2 513 158 ,   7 670,7670.0,10.29986962190352
251320 SANTA CRUZ,95.0,1,96.0,251320,Santa Cruz,  2 513 208 ,   5 947,5947.0,16.142592903985204
251330 SANTA HELENA,75.0,-,75.0,251330,Santa Helena,  2 513 307 ,   5 865,5865.0,12.78772378516624
251335 SANTA INES,46.0,-,46.0,251335,Santa Inês,  2 513 356 ,   3 227,3227.0,14.254725751471955
251340 SANTA LUZIA,277.0,5,282.0,251340,Santa Luzia,  2 513 406 ,   14 959,14959.0,18.851527508523297
251350 SANTANA DE MANGUEIRA,66.0,-,66.0,251350,Santana de Mangueira,  2 513 505 ,   5 010,5010.0,13.173652694610778
251360 SANTANA DOS GARROTES,111.0,8,119.0,251360,Santana dos Garrotes,  2 513 604 ,   6 569,6569.0,18.115390470391233
251365 JOCA CLAUDINO,39.0,-,39.0,251365,Joca Claudino,  2 513 653 ,   2 539,2539.0,15.36037810161481
251370 SANTA RITA,1314.0,57,1371.0,251370,Santa Rita,  2 513 703 ,   149 910,149910.0,9.145487292375424
251380 SANTA TERESINHA,57.0,26,83.0,251380,Santa Teresinha,  2 513 802 ,   4 402,4402.0,18.855065879145844
251385 SANTO ANDRE,53.0,-,53.0,251385,Santo André,  2 513 851 ,   2 622,2622.0,20.21357742181541
251390 SAO BENTO,349.0,116,465.0,251390,São Bento,  2 513 901 ,   32 235,32235.0,14.4253140995812
251392 SAO BENTINHO,77.0,2,79.0,251392,São Bentinho,  2 513 927 ,   4 327,4327.0,18.257453200831986
251394 SAO DOMINGOS DO CARIRI,44.0,-,44.0,251394,São Domingos do Cariri,  2 513 943 ,   2 585,2585.0,17.02127659574468
251396 SAO DOMINGOS,35.0,-,35.0,251396,São Domingos,  2 513 968 ,   2 595,2595.0,13.48747591522158
251398 SAO FRANCISCO,68.0,-,68.0,251398,São Francisco,  2 513 984 ,   3 137,3137.0,21.676761236850492
251400 SAO JOAO DO CARIRI,82.0,-,82.0,251400,São João do Cariri,  2 514 008 ,   4 226,4226.0,19.403691433980125
251410 SAO JOAO DO TIGRE,71.0,-,71.0,251410,São João do Tigre,  2 514 107 ,   4 263,4263.0,16.654937837203846
251420 SAO JOSE DA LAGOA TAPADA,78.0,-,78.0,251420,São José da Lagoa Tapada,  2 514 206 ,   7 126,7126.0,10.94583216390682
251430 SAO JOSE DE CAIANA,69.0,-,69.0,251430,São José de Caiana,  2 514 305 ,   5 034,5034.0,13.70679380214541
251440 SAO JOSE DE ESPINHARAS,93.0,-,93.0,251440,São José de Espinharas,  2 514 404 ,   4 083,4083.0,22.777369581190303
251445 SAO JOSE DOS RAMOS,88.0,7,95.0,251445,São José dos Ramos,  2 514 453 ,   5 891,5891.0,16.126294347309454
251450 SAO JOSE DE PIRANHAS,220.0,8,228.0,251450,São José de Piranhas,  2 514 503 ,   19 067,19067.0,11.957832905019142
251455 SAO JOSE DE PRINCESA,38.0,-,38.0,251455,São José de Princesa,  2 514 552 ,   3 416,3416.0,11.124121779859484
251460 SAO JOSE DO BONFIM,37.0,-,37.0,251460,São José do Bonfim,  2 514 602 ,   3 242,3242.0,11.412708204811846
251465 SAO JOSE DO BREJO DO CRUZ,20.0,-,20.0,251465,São José do Brejo do Cruz,  2 514 651 ,   1 699,1699.0,11.771630370806356
251470 SAO JOSE DO SABUGI,75.0,-,75.0,251470,São José do Sabugi,  2 514 701 ,   4 138,4138.0,18.124697921701305
251480 SAO JOSE DOS CORDEIROS,41.0,-,41.0,251480,São José dos Cordeiros,  2 514 800 ,   3 411,3411.0,12.019935502785108
251490 SAO MAMEDE,114.0,5,119.0,251490,São Mamede,  2 514 909 ,   7 470,7470.0,15.930388219544847
251500 SAO MIGUEL DE TAIPU,88.0,-,88.0,251500,São Miguel de Taipu,  2 515 005 ,   7 066,7066.0,12.454005094820268
251510 SAO SEBASTIAO DE LAGOA DE ROCA,112.0,-,112.0,251510,São Sebastião de Lagoa de Roça,  2 515 104 ,   11 040,11040.0,10.144927536231883
251520 SAO SEBASTIAO DO UMBUZEIRO,37.0,-,37.0,251520,São Sebastião do Umbuzeiro,  2 515 203 ,   3 279,3279.0,11.28392802683745
251530 SAPE,517.0,3,520.0,251530,Sapé,  2 515 302 ,   51 306,51306.0,10.135266830390208
251540 SAO VICENTE DO SERIDO,114.0,1,115.0,251540,São Vicente do Seridó,  2 515 401 ,   10 291,10291.0,11.174812943348556
251550 SERRA BRANCA,176.0,5,181.0,251550,Serra Branca,  2 515 500 ,   13 614,13614.0,13.29513735860144
251560 SERRA DA RAIZ,39.0,-,39.0,251560,Serra da Raiz,  2 515 609 ,   3 094,3094.0,12.605042016806722
251570 SERRA GRANDE,61.0,-,61.0,251570,Serra Grande,  2 515 708 ,   2 942,2942.0,20.734194425560844
251580 SERRA REDONDA,86.0,1,87.0,251580,Serra Redonda,  2 515 807 ,   6 828,6828.0,12.741652021089632
251590 SERRARIA,117.0,-,117.0,251590,Serraria,  2 515 906 ,   4 885,4885.0,23.950870010235416
251593 SERTAOZINHO,72.0,-,72.0,251593,Sertãozinho,  2 515 930 ,   5 054,5054.0,14.246141669964384
251597 SOBRADO,81.0,-,81.0,251597,Sobrado,  2 515 971 ,   8 236,8236.0,9.834871296745993
251600 SOLANEA,247.0,12,259.0,251600,Solânea,  2 516 003 ,   26 774,26774.0,9.673563905281243
251610 SOLEDADE,197.0,11,208.0,251610,Soledade,  2 516 102 ,   13 968,13968.0,14.891179839633446
251615 SOSSEGO,41.0,-,41.0,251615,Sossêgo,  2 516 151 ,   3 345,3345.0,12.257100149476832
251620 SOUSA,917.0,106,1023.0,251620,Sousa,  2 516 201 ,   67 259,67259.0,15.209860390431022
251630 SUME,295.0,5,300.0,251630,Sumé,  2 516 300 ,   17 166,17166.0,17.476406850751488
251640 TACIMA,131.0,-,131.0,251640,Tacima,  2 516 409 ,   8 010,8010.0,16.354556803995006
251650 TAPEROA,238.0,-,238.0,251650,Taperoá,  2 516 508 ,   14 068,14068.0,16.917827694057436
251660 TAVARES,166.0,1,167.0,251660,Tavares,  2 516 607 ,   14 101,14101.0,11.843131692787745
251670 TEIXEIRA,233.0,10,243.0,251670,Teixeira,  2 516 706 ,   14 631,14631.0,16.608570842731186
251675 TENORIO,59.0,-,59.0,251675,Tenório,  2 516 755 ,   2 966,2966.0,19.892110586648684
251680 TRIUNFO,137.0,1,138.0,251680,Triunfo,  2 516 805 ,   9 892,9892.0,13.950667205822887
251690 UIRAUNA,236.0,3,239.0,251690,Uiraúna,  2 516 904 ,   14 930,14930.0,16.008037508372407
251700 UMBUZEIRO,153.0,-,153.0,251700,Umbuzeiro,  2 517 001 ,   9 124,9124.0,16.76896098202543
251710 VARZEA,52.0,-,52.0,251710,Várzea,  2 517 100 ,   2 668,2668.0,19.490254872563717
251720 VIEIROPOLIS,66.0,-,66.0,251720,Vieirópolis,  2 517 209 ,   4 864,4864.0,13.569078947368421
251740 ZABELE,36.0,-,36.0,251740,Zabelê,  2 517 407 ,   2 228,2228.0,16.15798922800718
260005 ABREU E LIMA,605.0,148,753.0,260005,Abreu e Lima,  2 600 054 ,   98 462,98462.0,7.647620401779367
260010 AFOGADOS DA INGAZEIRA,780.0,28,808.0,260010,Afogados da Ingazeira,  2 600 104 ,   40 241,40241.0,20.079023881116274
260020 AFRANIO,282.0,9,291.0,260020,Afrânio,  2 600 203 ,   18 674,18674.0,15.583163757095427
260030 AGRESTINA,278.0,43,321.0,260030,Agrestina,  2 600 302 ,   23 779,23779.0,13.499306110433576
260040 AGUA PRETA,295.0,-,295.0,260040,Água Preta,  2 600 401 ,   26 461,26461.0,11.148482672612523
260050 AGUAS BELAS,350.0,2,352.0,260050,Águas Belas,  2 600 500 ,   41 548,41548.0,8.472128622316356
260060 ALAGOINHA,186.0,-,186.0,260060,Alagoinha,  2 600 609 ,   13 542,13542.0,13.735046521931768
260070 ALIANCA,317.0,-,317.0,260070,Aliança,  2 600 708 ,   35 741,35741.0,8.869365714445594
260080 ALTINHO,197.0,4,201.0,260080,Altinho,  2 600 807 ,   20 674,20674.0,9.722356583147915
260090 AMARAJI,159.0,1,160.0,260090,Amaraji,  2 600 906 ,   18 205,18205.0,8.788794287283713
260100 ANGELIM,147.0,1,148.0,260100,Angelim,  2 601 003 ,   10 241,10241.0,14.451713699834002
260105 ARACOIABA,282.0,4,286.0,260105,Araçoiaba,  2 601 052 ,   19 243,19243.0,14.86254741984098
260110 ARARIPINA,776.0,32,808.0,260110,Araripina,  2 601 102 ,   85 088,85088.0,9.496051147047764
260120 ARCOVERDE,1655.0,163,1818.0,260120,Arcoverde,  2 601 201 ,   77 742,77742.0,23.38504283398935
260130 BARRA DE GUABIRABA,165.0,-,165.0,260130,Barra de Guabiraba,  2 601 300 ,   12 263,12263.0,13.455108864062627
260140 BARREIROS,444.0,5,449.0,260140,Barreiros,  2 601 409 ,   40 121,40121.0,11.191146780987513
260150 BELEM DE MARIA,101.0,1,102.0,260150,Belém de Maria,  2 601 508 ,   10 378,10378.0,9.82848333012141
260160 BELEM DE SAO FRANCISCO,219.0,2,221.0,260160,Belém do São Francisco,  2 601 607 ,   18 301,18301.0,12.07584285011748
260170 BELO JARDIM,628.0,62,690.0,260170,Belo Jardim,  2 601 706 ,   79 507,79507.0,8.678481140025406
260180 BETANIA,110.0,-,110.0,260180,Betânia,  2 601 805 ,   11 232,11232.0,9.793447293447294
260190 BEZERROS,867.0,45,912.0,260190,Bezerros,  2 601 904 ,   61 694,61694.0,14.782636885272474
260200 BODOCO,371.0,12,383.0,260200,Bodocó,  2 602 001 ,   34 478,34478.0,11.108532977550903
260210 BOM CONSELHO,483.0,16,499.0,260210,Bom Conselho,  2 602 100 ,   44 294,44294.0,11.265634171671106
260220 BOM JARDIM,275.0,-,275.0,260220,Bom Jardim,  2 602 209 ,   37 629,37629.0,7.308193148901114
260230 BONITO,350.0,1,351.0,260230,Bonito,  2 602 308 ,   37 474,37474.0,9.366494102577787
260240 BREJAO,138.0,-,138.0,260240,Brejão,  2 602 407 ,   9 079,9079.0,15.199911884568785
260250 BREJINHO,115.0,-,115.0,260250,Brejinho,  2 602 506 ,   7 720,7720.0,14.896373056994818
260260 BREJO DA MADRE DE DEUS,466.0,7,473.0,260260,Brejo da Madre de Deus,  2 602 605 ,   48 648,48648.0,9.722907416543332
260270 BUENOS AIRES,112.0,-,112.0,260270,Buenos Aires,  2 602 704 ,   12 808,12808.0,8.744534665833854
260280 BUIQUE,364.0,14,378.0,260280,Buíque,  2 602 803 ,   52 097,52097.0,7.255696105341958
260290 CABO DE SANTO AGOSTINHO,3219.0,442,3661.0,260290,Cabo de Santo Agostinho,  2 602 902 ,   203 440,203440.0,17.995477782147073
260300 CABROBO,394.0,3,397.0,260300,Cabrobó,  2 603 009 ,   30 294,30294.0,13.104905261768007
260310 CACHOEIRINHA,162.0,6,168.0,260310,Cachoeirinha,  2 603 108 ,   19 899,19899.0,8.442635308306949
260320 CAETES,230.0,1,231.0,260320,Caetés,  2 603 207 ,   28 827,28827.0,8.013320845041108
260330 CALCADO,124.0,-,124.0,260330,Calçado,  2 603 306 ,   11 093,11093.0,11.178220499414046
260340 CALUMBI,83.0,2,85.0,260340,Calumbi,  2 603 405 ,   5 228,5228.0,16.258607498087223
260345 CAMARAGIBE,1470.0,514,1984.0,260345,Camaragibe,  2 603 454 ,   147 771,147771.0,13.426179696963546
260350 CAMOCIM DE SAO FELIX,143.0,1,144.0,260350,Camocim de São Félix,  2 603 504 ,   17 419,17419.0,8.266835065158734
260360 CAMUTANGA,119.0,1,120.0,260360,Camutanga,  2 603 603 ,   7 750,7750.0,15.483870967741936
260370 CANHOTINHO,234.0,4,238.0,260370,Canhotinho,  2 603 702 ,   24 329,24329.0,9.782564018249825
260380 CAPOEIRAS,179.0,1,180.0,260380,Capoeiras,  2 603 801 ,   18 338,18338.0,9.81568328061948
260390 CARNAIBA,307.0,-,307.0,260390,Carnaíba,  2 603 900 ,   18 644,18644.0,16.466423514267323
260392 CARNAUBEIRA DA PENHA,202.0,-,202.0,260392,Carnaubeira da Penha,  2 603 926 ,   12 239,12239.0,16.504616390227962
260400 CARPINA,905.0,132,1037.0,260400,Carpina,  2 604 007 ,   79 293,79293.0,13.078077509994577
260410 CARUARU,6934.0,1829,8763.0,260410,Caruaru,  2 604 106 ,   378 048,378048.0,23.17959624174708
260415 CASINHAS,148.0,-,148.0,260415,Casinhas,  2 604 155 ,   12 967,12967.0,11.413588339631373
260420 CATENDE,251.0,1,252.0,260420,Catende,  2 604 205 ,   32 156,32156.0,7.836795621345939
260430 CEDRO,257.0,-,257.0,260430,Cedro,  2 604 304 ,   10 518,10518.0,24.434303099448567
260440 CHA DE ALEGRIA,117.0,-,117.0,260440,Chã de Alegria,  2 604 403 ,   12 984,12984.0,9.011090573012938
260450 CHA GRANDE,200.0,3,203.0,260450,Chã Grande,  2 604 502 ,   20 546,20546.0,9.880268665433661
260460 CONDADO,195.0,1,196.0,260460,Condado,  2 604 601 ,   24 587,24587.0,7.97169235775003
260470 CORRENTES,173.0,-,173.0,260470,Correntes,  2 604 700 ,   17 131,17131.0,10.098651567334072
260480 CORTES,195.0,3,198.0,260480,Cortês,  2 604 809 ,   10 198,10198.0,19.415571680721712
260490 CUMARU,159.0,1,160.0,260490,Cumaru,  2 604 908 ,   15 920,15920.0,10.050251256281408
260500 CUPIRA,233.0,5,238.0,260500,Cupira,  2 605 004 ,   23 518,23518.0,10.119908155455395
260510 CUSTODIA,311.0,18,329.0,260510,Custódia,  2 605 103 ,   37 699,37699.0,8.727021936921403
260515 DORMENTES,227.0,15,242.0,260515,Dormentes,  2 605 152 ,   17 188,17188.0,14.079590411915289
260520 ESCADA,615.0,17,632.0,260520,Escada,  2 605 202 ,   59 891,59891.0,10.552503715082398
260530 EXU,285.0,4,289.0,260530,Exu,  2 605 301 ,   31 843,31843.0,9.075778035989071
260540 FEIRA NOVA,217.0,1,218.0,260540,Feira Nova,  2 605 400 ,   21 427,21427.0,10.174079432491716
260545 FERNANDO DE NORONHA,123.0,-,123.0,260545,Fernando de Noronha,  2 605 459 ,   3 167,3167.0,38.838017050836754
260550 FERREIROS,114.0,1,115.0,260550,Ferreiros,  2 605 509 ,   15 026,15026.0,7.653400771995209
260560 FLORES,177.0,1,178.0,260560,Flores,  2 605 608 ,   20 347,20347.0,8.748218410576499
260570 FLORESTA,301.0,6,307.0,260570,Floresta,  2 605 707 ,   30 137,30137.0,10.186813551448386
260580 FREI MIGUELINHO,152.0,-,152.0,260580,Frei Miguelinho,  2 605 806 ,   13 636,13636.0,11.146963919037841
260590 GAMELEIRA,213.0,-,213.0,260590,Gameleira,  2 605 905 ,   18 214,18214.0,11.694301087075875
260600 GARANHUNS,2040.0,203,2243.0,260600,Garanhuns,  2 606 002 ,   142 506,142506.0,15.739688153481257
260610 GLORIA DO GOITA,250.0,9,259.0,260610,Glória do Goitá,  2 606 101 ,   29 347,29347.0,8.825433604797764
260620 GOIANA,1685.0,104,1789.0,260620,Goiana,  2 606 200 ,   81 055,81055.0,22.0714329776078
260630 GRANITO,130.0,2,132.0,260630,Granito,  2 606 309 ,   6 967,6967.0,18.946461891775513
260640 GRAVATA,705.0,148,853.0,260640,Gravatá,  2 606 408 ,   86 516,86516.0,9.859447963382495
260650 IATI,213.0,1,214.0,260650,Iati,  2 606 507 ,   17 165,17165.0,12.467229828138654
260660 IBIMIRIM,262.0,3,265.0,260660,Ibimirim,  2 606 606 ,   26 593,26593.0,9.965028390929943
260670 IBIRAJUBA,96.0,1,97.0,260670,Ibirajuba,  2 606 705 ,   7 140,7140.0,13.585434173669467
260680 IGARASSU,1441.0,66,1507.0,260680,Igarassu,  2 606 804 ,   115 196,115196.0,13.082051460120143
260690 IGUARACY,176.0,-,176.0,260690,Iguaracy,  2 606 903 ,   11 081,11081.0,15.88304304665644
260700 INAJA,198.0,-,198.0,260700,Inajá,  2 607 000 ,   25 603,25603.0,7.733468734132718
260710 INGAZEIRA,108.0,-,108.0,260710,Ingazeira,  2 607 109 ,   4 765,4765.0,22.66526757607555
260720 IPOJUCA,1258.0,130,1388.0,260720,Ipojuca,  2 607 208 ,   98 932,98932.0,14.029838677071119
260730 IPUBI,325.0,5,330.0,260730,Ipubi,  2 607 307 ,   29 009,29009.0,11.375779930366438
260740 ITACURUBA,95.0,1,96.0,260740,Itacuruba,  2 607 406 ,   4 284,4284.0,22.408963585434172
260750 ITAIBA,216.0,6,222.0,260750,Itaíba,  2 607 505 ,   32 650,32650.0,6.799387442572741
260760 ILHA DE ITAMARACA,397.0,2,399.0,260760,Ilha de Itamaracá,  2 607 604 ,   24 540,24540.0,16.25916870415648
260765 ITAMBE,334.0,1,335.0,260765,Itambé,  2 607 653 ,   34 935,34935.0,9.5892371547159
260770 ITAPETIM,186.0,-,186.0,260770,Itapetim,  2 607 703 ,   13 791,13791.0,13.487056776158363
260775 ITAPISSUMA,335.0,4,339.0,260775,Itapissuma,  2 607 752 ,   27 749,27749.0,12.216656456088508
260780 ITAQUITINGA,137.0,4,141.0,260780,Itaquitinga,  2 607 802 ,   16 554,16554.0,8.517578832910475
260790 JABOATAO DOS GUARARAPES,6003.0,1521,7524.0,260790,Jaboatão dos Guararapes,  2 607 901 ,   644 037,644037.0,11.682558610763047
260795 JAQUEIRA,175.0,-,175.0,260795,Jaqueira,  2 607 950 ,   10 247,10247.0,17.07816922025959
260800 JATAUBA,233.0,1,234.0,260800,Jataúba,  2 608 008 ,   15 843,15843.0,14.769929937511835
260805 JATOBA,255.0,7,262.0,260805,Jatobá,  2 608 057 ,   14 020,14020.0,18.68758915834522
260810 JOAO ALFREDO,270.0,2,272.0,260810,João Alfredo,  2 608 107 ,   27 725,27725.0,9.810640216411182
260820 JOAQUIM NABUCO,105.0,-,105.0,260820,Joaquim Nabuco,  2 608 206 ,   13 269,13269.0,7.913181098801719
260825 JUCATI,102.0,-,102.0,260825,Jucati,  2 608 255 ,   11 517,11517.0,8.856473039854128
260830 JUPI,134.0,3,137.0,260830,Jupi,  2 608 305 ,   15 329,15329.0,8.937308369756671
260840 JUREMA,169.0,-,169.0,260840,Jurema,  2 608 404 ,   13 648,13648.0,12.382766705744432
260845 LAGOA DO CARRO,185.0,-,185.0,260845,Lagoa do Carro,  2 608 453 ,   17 981,17981.0,10.28863800678494
260850 LAGOA DE ITAENGA,219.0,2,221.0,260850,Lagoa de Itaenga,  2 608 503 ,   19 003,19003.0,11.629742672209652
260860 LAGOA DO OURO,152.0,2,154.0,260860,Lagoa do Ouro,  2 608 602 ,   11 933,11933.0,12.905388418670912
260870 LAGOA DOS GATOS,131.0,1,132.0,260870,Lagoa dos Gatos,  2 608 701 ,   14 076,14076.0,9.37766410912191
260875 LAGOA GRANDE,269.0,9,278.0,260875,Lagoa Grande,  2 608 750 ,   24 088,24088.0,11.541016273663235
260880 LAJEDO,252.0,21,273.0,260880,Lajedo,  2 608 800 ,   39 582,39582.0,6.897074427770198
260890 LIMOEIRO,1058.0,92,1150.0,260890,Limoeiro,  2 608 909 ,   56 510,56510.0,20.350380463634753
260900 MACAPARANA,312.0,-,312.0,260900,Macaparana,  2 609 006 ,   23 879,23879.0,13.065873780309058
260910 MACHADOS,144.0,-,144.0,260910,Machados,  2 609 105 ,   11 333,11333.0,12.706256066354893
260915 MANARI,232.0,-,232.0,260915,Manari,  2 609 154 ,   23 763,23763.0,9.763077052560705
260920 MARAIAL,95.0,-,95.0,260920,Maraial,  2 609 204 ,   9 359,9359.0,10.150657121487338
260930 MIRANDIBA,161.0,1,162.0,260930,Mirandiba,  2 609 303 ,   14 166,14166.0,11.435832274459974
260940 MORENO,567.0,13,580.0,260940,Moreno,  2 609 402 ,   55 292,55292.0,10.48976343774868
260950 NAZARE DA MATA,373.0,1,374.0,260950,Nazaré da Mata,  2 609 501 ,   30 648,30648.0,12.203080135734794
260960 OLINDA,2870.0,792,3662.0,260960,Olinda,  2 609 600 ,   349 976,349976.0,10.463574645118523
260970 OROBO,178.0,-,178.0,260970,Orobó,  2 609 709 ,   21 808,21808.0,8.162142333088774
260980 OROCO,223.0,1,224.0,260980,Orocó,  2 609 808 ,   13 613,13613.0,16.454859325644605
260990 OURICURI,788.0,16,804.0,260990,Ouricuri,  2 609 907 ,   65 245,65245.0,12.322783355046365
261000 PALMARES,1124.0,13,1137.0,261000,Palmares,  2 610 004 ,   54 584,54584.0,20.830279935512237
261010 PALMEIRINA,86.0,-,86.0,261010,Palmeirina,  2 610 103 ,   7 031,7031.0,12.231546010524818
261020 PANELAS,248.0,-,248.0,261020,Panelas,  2 610 202 ,   22 991,22991.0,10.786829628985256
261030 PARANATAMA,141.0,1,142.0,261030,Paranatama,  2 610 301 ,   12 199,12199.0,11.640298385113534
261040 PARNAMIRIM,235.0,3,238.0,261040,Parnamirim,  2 610 400 ,   18 612,18612.0,12.787448957661724
261050 PASSIRA,240.0,-,240.0,261050,Passira,  2 610 509 ,   28 340,28340.0,8.468595624558928
261060 PAUDALHO,516.0,27,543.0,261060,Paudalho,  2 610 608 ,   56 665,56665.0,9.582634783375982
261070 PAULISTA,2899.0,317,3216.0,261070,Paulista,  2 610 707 ,   342 167,342167.0,9.398919241189244
261080 PEDRA,192.0,-,192.0,261080,Pedra,  2 610 806 ,   22 795,22795.0,8.422899758719018
261090 PESQUEIRA,695.0,20,715.0,261090,Pesqueira,  2 610 905 ,   62 722,62722.0,11.399508944230094
261100 PETROLANDIA,337.0,18,355.0,261100,Petrolândia,  2 611 002 ,   34 161,34161.0,10.391967448259711
261110 PETROLINA,6238.0,1316,7554.0,261110,Petrolina,  2 611 101 ,   386 791,386791.0,19.529927014847814
261120 POCAO,125.0,-,125.0,261120,Poção,  2 611 200 ,   10 500,10500.0,11.904761904761903
261130 POMBOS,197.0,1,198.0,261130,Pombos,  2 611 309 ,   27 552,27552.0,7.186411149825784
261140 PRIMAVERA,114.0,-,114.0,261140,Primavera,  2 611 408 ,   13 838,13838.0,8.238184708772945
261150 QUIPAPA,191.0,2,193.0,261150,Quipapá,  2 611 507 ,   17 928,17928.0,10.765283355644803
261153 QUIXABA,116.0,-,116.0,261153,Quixaba,  2 611 533 ,   6 554,6554.0,17.699115044247787
261160 RECIFE,39782.0,9638,49420.0,261160,Recife,  2 611 606 ,  1 488 920,1488920.0,33.1918437525186
261170 RIACHO DAS ALMAS,241.0,-,241.0,261170,Riacho das Almas,  2 611 705 ,   20 639,20639.0,11.67692233150831
261180 RIBEIRAO,319.0,6,325.0,261180,Ribeirão,  2 611 804 ,   33 507,33507.0,9.699465783269167
261190 RIO FORMOSO,193.0,1,194.0,261190,Rio Formoso,  2 611 903 ,   20 009,20009.0,9.695636963366484
261200 SAIRE,127.0,1,128.0,261200,Sairé,  2 612 000 ,   10 887,10887.0,11.75714154496188
261210 SALGADINHO,98.0,-,98.0,261210,Salgadinho,  2 612 109 ,   5 727,5727.0,17.111925964728478
261220 SALGUEIRO,1141.0,101,1242.0,261220,Salgueiro,  2 612 208 ,   62 372,62372.0,19.91278137625858
261230 SALOA,154.0,2,156.0,261230,Saloá,  2 612 307 ,   13 836,13836.0,11.274934952298352
261240 SANHARO,215.0,-,215.0,261240,Sanharó,  2 612 406 ,   18 624,18624.0,11.544243986254296
261245 SANTA CRUZ,161.0,-,161.0,261245,Santa Cruz,  2 612 455 ,   13 841,13841.0,11.632107506683043
261247 SANTA CRUZ DA BAIXA VERDE,102.0,1,103.0,261247,Santa Cruz da Baixa Verde,  2 612 471 ,   11 567,11567.0,8.9046425175067
261250 SANTA CRUZ DO CAPIBARIBE,735.0,72,807.0,261250,Santa Cruz do Capibaribe,  2 612 505 ,   98 254,98254.0,8.213406069981884
261255 SANTA FILOMENA,110.0,-,110.0,261255,Santa Filomena,  2 612 554 ,   12 106,12106.0,9.086403436312573
261260 SANTA MARIA DA BOA VISTA,291.0,6,297.0,261260,Santa Maria da Boa Vista,  2 612 604 ,   40 578,40578.0,7.319237024988911
261270 SANTA MARIA DO CAMBUCA,117.0,-,117.0,261270,Santa Maria do Cambucá,  2 612 703 ,   14 013,14013.0,8.349389852280027
261280 SANTA TEREZINHA,154.0,-,154.0,261280,Santa Terezinha,  2 612 802 ,   10 244,10244.0,15.033190160093712
261290 SAO BENEDITO DO SUL,92.0,-,92.0,261290,São Benedito do Sul,  2 612 901 ,   13 113,13113.0,7.01593838175856
261300 SAO BENTO DO UNA,411.0,75,486.0,261300,São Bento do Una,  2 613 008 ,   49 449,49449.0,9.828307953649215
261310 SAO CAITANO,236.0,8,244.0,261310,São Caitano,  2 613 107 ,   37 126,37126.0,6.572213543069547
261320 SAO JOAO,218.0,2,220.0,261320,São João,  2 613 206 ,   23 837,23837.0,9.229349330872173
261330 SAO JOAQUIM DO MONTE,210.0,7,217.0,261330,São Joaquim do Monte,  2 613 305 ,   20 037,20037.0,10.829964565553727
261340 SAO JOSE DA COROA GRANDE,187.0,1,188.0,261340,São José da Coroa Grande,  2 613 404 ,   18 825,18825.0,9.9867197875166
261350 SAO JOSE DO BELMONTE,291.0,9,300.0,261350,São José do Belmonte,  2 613 503 ,   34 843,34843.0,8.610050799299716
261360 SAO JOSE DO EGITO,424.0,2,426.0,261360,São José do Egito,  2 613 602 ,   31 004,31004.0,13.74016255966972
261370 SAO LOURENCO DA MATA,730.0,20,750.0,261370,São Lourenço da Mata,  2 613 701 ,   111 249,111249.0,6.741633632661867
261380 SAO VICENTE FERRER,171.0,-,171.0,261380,São Vicente Férrer,  2 613 800 ,   16 677,16677.0,10.25364274150027
261390 SERRA TALHADA,1569.0,108,1677.0,261390,Serra Talhada,  2 613 909 ,   92 228,92228.0,18.183198161079066
261400 SERRITA,218.0,1,219.0,261400,Serrita,  2 614 006 ,   18 207,18207.0,12.028340748063933
261410 SERTANIA,428.0,11,439.0,261410,Sertânia,  2 614 105 ,   32 811,32811.0,13.379659260613819
261420 SIRINHAEM,276.0,-,276.0,261420,Sirinhaém,  2 614 204 ,   37 596,37596.0,7.341206511330992
261430 MOREILANDIA,141.0,-,141.0,261430,Moreilândia,  2 614 303 ,   10 540,10540.0,13.377609108159394
261440 SOLIDAO,89.0,2,91.0,261440,Solidão,  2 614 402 ,   5 210,5210.0,17.466410748560463
261450 SURUBIM,551.0,16,567.0,261450,Surubim,  2 614 501 ,   64 120,64120.0,8.842794759825328
261460 TABIRA,290.0,12,302.0,261460,Tabira,  2 614 600 ,   27 681,27681.0,10.910010476500126
261470 TACAIMBO,99.0,-,99.0,261470,Tacaimbó,  2 614 709 ,   13 738,13738.0,7.206289125054592
261480 TACARATU,213.0,23,236.0,261480,Tacaratu,  2 614 808 ,   23 902,23902.0,9.873650740523805
261485 TAMANDARE,249.0,2,251.0,261485,Tamandaré,  2 614 857 ,   23 561,23561.0,10.653198081575486
261500 TAQUARITINGA DO NORTE,228.0,3,231.0,261500,Taquaritinga do Norte,  2 615 003 ,   24 736,24736.0,9.338615782664942
261510 TEREZINHA,103.0,-,103.0,261510,Terezinha,  2 615 102 ,   6 513,6513.0,15.814524796560724
261520 TERRA NOVA,103.0,-,103.0,261520,Terra Nova,  2 615 201 ,   8 920,8920.0,11.547085201793722
261530 TIMBAUBA,425.0,42,467.0,261530,Timbaúba,  2 615 300 ,   46 147,46147.0,10.119834442108914
261540 TORITAMA,236.0,6,242.0,261540,Toritama,  2 615 409 ,   41 137,41137.0,5.882781923815544
261550 TRACUNHAEM,119.0,-,119.0,261550,Tracunhaém,  2 615 508 ,   13 867,13867.0,8.581524482584554
261560 TRINDADE,252.0,17,269.0,261560,Trindade,  2 615 607 ,   30 321,30321.0,8.87173905873817
261570 TRIUNFO,135.0,3,138.0,261570,Triunfo,  2 615 706 ,   14 705,14705.0,9.384563073784427
261580 TUPANATINGA,237.0,2,239.0,261580,Tupanatinga,  2 615 805 ,   26 937,26937.0,8.872554478969446
261590 TUPARETAMA,89.0,-,89.0,261590,Tuparetama,  2 615 904 ,   8 005,8005.0,11.118051217988757
261600 VENTUROSA,159.0,9,168.0,261600,Venturosa,  2 616 001 ,   17 251,17251.0,9.738565880238827
261610 VERDEJANTE,92.0,-,92.0,261610,Verdejante,  2 616 100 ,   9 169,9169.0,10.033809575744357
261618 VERTENTE DO LERIO,84.0,-,84.0,261618,Vertente do Lério,  2 616 183 ,   7 558,7558.0,11.114051336332363
261620 VERTENTES,183.0,10,193.0,261620,Vertentes,  2 616 209 ,   21 959,21959.0,8.78910697208434
261630 VICENCIA,263.0,-,263.0,261630,Vicência,  2 616 308 ,   26 359,26359.0,9.977616753291096
261640 VITORIA DE SANTO ANTAO,1442.0,266,1708.0,261640,Vitória de Santo Antão,  2 616 407 ,   134 084,134084.0,12.738283464097133
261650 XEXEU,163.0,-,163.0,261650,Xexéu,  2 616 506 ,   11 611,11611.0,14.038411850831107
270010 AGUA BRANCA,310.0,-,310.0,270010,Água Branca,  2 700 102 ,   19 008,19008.0,16.308922558922557
270020 ANADIA,194.0,-,194.0,270020,Anadia,  2 700 201 ,   13 966,13966.0,13.89087784619791
270030 ARAPIRACA,3998.0,366,4364.0,270030,Arapiraca,  2 700 300 ,   234 696,234696.0,18.59426662576269
270040 ATALAIA,434.0,10,444.0,270040,Atalaia,  2 700 409 ,   37 512,37512.0,11.836212412028152
270050 BARRA DE SANTO ANTONIO,264.0,1,265.0,270050,Barra de Santo Antônio,  2 700 508 ,   16 365,16365.0,16.193095019859456
270060 BARRA DE SAO MIGUEL,135.0,6,141.0,270060,Barra de São Miguel,  2 700 607 ,   7 944,7944.0,17.749244712990937
270070 BATALHA,233.0,2,235.0,270070,Batalha,  2 700 706 ,   16 448,16448.0,14.287451361867705
270080 BELEM,79.0,-,79.0,270080,Belém,  2 700 805 ,   4 722,4722.0,16.730199068191443
270090 BELO MONTE,83.0,-,83.0,270090,Belo Monte,  2 700 904 ,   5 936,5936.0,13.982479784366578
270100 BOCA DA MATA,262.0,22,284.0,270100,Boca da Mata,  2 701 001 ,   21 187,21187.0,13.404446122622362
270110 BRANQUINHA,167.0,-,167.0,270110,Branquinha,  2 701 100 ,   9 603,9603.0,17.3903988336978
270120 CACIMBINHAS,144.0,1,145.0,270120,Cacimbinhas,  2 701 209 ,   10 482,10482.0,13.833237931692425
270130 CAJUEIRO,217.0,-,217.0,270130,Cajueiro,  2 701 308 ,   16 024,16024.0,13.54218671992012
270135 CAMPESTRE,85.0,-,85.0,270135,Campestre,  2 701 357 ,   6 665,6665.0,12.753188297074269
270140 CAMPO ALEGRE,518.0,-,518.0,270140,Campo Alegre,  2 701 407 ,   32 106,32106.0,16.134055939699742
270150 CAMPO GRANDE,119.0,-,119.0,270150,Campo Grande,  2 701 506 ,   8 143,8143.0,14.613778705636742
270160 CANAPI,288.0,-,288.0,270160,Canapi,  2 701 605 ,   15 559,15559.0,18.510187030014784
270170 CAPELA,218.0,-,218.0,270170,Capela,  2 701 704 ,   15 032,15032.0,14.502394890899415
270180 CARNEIROS,99.0,-,99.0,270180,Carneiros,  2 701 803 ,   8 999,8999.0,11.001222358039781
270190 CHA PRETA,96.0,1,97.0,270190,Chã Preta,  2 701 902 ,   5 910,5910.0,16.41285956006768
270200 COITE DO NOIA,161.0,-,161.0,270200,Coité do Nóia,  2 702 009 ,   10 810,10810.0,14.893617021276597
270210 COLONIA LEOPOLDINA,212.0,3,215.0,270210,Colônia Leopoldina,  2 702 108 ,   15 816,15816.0,13.593829033889731
270220 COQUEIRO SECO,84.0,-,84.0,270220,Coqueiro Seco,  2 702 207 ,   5 581,5581.0,15.0510661171833
270230 CORURIPE,927.0,6,933.0,270230,Coruripe,  2 702 306 ,   50 414,50414.0,18.506763994128615
270235 CRAIBAS,273.0,-,273.0,270235,Craíbas,  2 702 355 ,   25 397,25397.0,10.749301098554948
270240 DELMIRO GOUVEIA,1037.0,42,1079.0,270240,Delmiro Gouveia,  2 702 405 ,   51 318,51318.0,21.025760941579954
270250 DOIS RIACHOS,136.0,1,137.0,270250,Dois Riachos,  2 702 504 ,   9 805,9805.0,13.972463029066802
270255 ESTRELA DE ALAGOAS,181.0,-,181.0,270255,Estrela de Alagoas,  2 702 553 ,   15 429,15429.0,11.731155616047703
270260 FEIRA GRANDE,222.0,5,227.0,270260,Feira Grande,  2 702 603 ,   22 712,22712.0,9.994716449454033
270270 FELIZ DESERTO,72.0,-,72.0,270270,Feliz Deserto,  2 702 702 ,   3 963,3963.0,18.168054504163514
270280 FLEXEIRAS,140.0,-,140.0,270280,Flexeiras,  2 702 801 ,   9 618,9618.0,14.556040756914118
270290 GIRAU DO PONCIANO,368.0,-,368.0,270290,Girau do Ponciano,  2 702 900 ,   36 102,36102.0,10.193341089136336
270300 IBATEGUARA,169.0,-,169.0,270300,Ibateguara,  2 703 007 ,   13 731,13731.0,12.307916393562014
270310 IGACI,249.0,-,249.0,270310,Igaci,  2 703 106 ,   23 995,23995.0,10.377161908730985
270320 IGREJA NOVA,209.0,5,214.0,270320,Igreja Nova,  2 703 205 ,   21 372,21372.0,10.013101253977165
270330 INHAPI,249.0,1,250.0,270330,Inhapi,  2 703 304 ,   15 167,15167.0,16.48315421639085
270340 JACARE DOS HOMENS,77.0,-,77.0,270340,Jacaré dos Homens,  2 703 403 ,   5 083,5083.0,15.148534330120007
270350 JACUIPE,70.0,-,70.0,270350,Jacuípe,  2 703 502 ,   5 352,5352.0,13.079222720478326
270360 JAPARATINGA,91.0,-,91.0,270360,Japaratinga,  2 703 601 ,   9 219,9219.0,9.870918754745633
270370 JARAMATAIA,70.0,-,70.0,270370,Jaramataia,  2 703 700 ,   4 985,4985.0,14.042126379137413
270375 JEQUIA DA PRAIA,160.0,-,160.0,270375,Jequiá da Praia,  2 703 759 ,   9 470,9470.0,16.89545934530095
270380 JOAQUIM GOMES,265.0,-,265.0,270380,Joaquim Gomes,  2 703 809 ,   17 150,17150.0,15.45189504373178
270390 JUNDIA,59.0,-,59.0,270390,Jundiá,  2 703 908 ,   4 092,4092.0,14.418377321603128
270400 JUNQUEIRO,389.0,5,394.0,270400,Junqueiro,  2 704 005 ,   23 907,23907.0,16.480528715438993
270410 LAGOA DA CANOA,213.0,-,213.0,270410,Lagoa da Canoa,  2 704 104 ,   18 457,18457.0,11.54033699951238
270420 LIMOEIRO DE ANADIA,421.0,-,421.0,270420,Limoeiro de Anadia,  2 704 203 ,   24 740,24740.0,17.016976556184318
270430 MACEIO,18816.0,3935,22751.0,270430,Maceió,  2 704 302 ,   957 916,957916.0,23.750516746771115
270440 MAJOR ISIDORO,275.0,-,275.0,270440,Major Isidoro,  2 704 401 ,   17 700,17700.0,15.536723163841808
270450 MARAGOGI,410.0,15,425.0,270450,Maragogi,  2 704 500 ,   32 174,32174.0,13.209423758314166
270460 MARAVILHA,113.0,-,113.0,270460,Maravilha,  2 704 609 ,   9 534,9534.0,11.8523180197189
270470 MARECHAL DEODORO,641.0,26,667.0,270470,Marechal Deodoro,  2 704 708 ,   60 370,60370.0,11.048534040086137
270480 MARIBONDO,179.0,1,180.0,270480,Maribondo,  2 704 807 ,   13 679,13679.0,13.158856641567365
270490 MAR VERMELHO,46.0,-,46.0,270490,Mar Vermelho,  2 704 906 ,   3 155,3155.0,14.580031695721079
270500 MATA GRANDE,294.0,4,298.0,270500,Mata Grande,  2 705 002 ,   21 844,21844.0,13.642190075077824
270510 MATRIZ DE CAMARAGIBE,328.0,3,331.0,270510,Matriz de Camaragibe,  2 705 101 ,   23 857,23857.0,13.874334576853755
270520 MESSIAS,179.0,-,179.0,270520,Messias,  2 705 200 ,   15 405,15405.0,11.619604024667316
270530 MINADOR DO NEGRAO,82.0,-,82.0,270530,Minador do Negrão,  2 705 309 ,   4 845,4845.0,16.92466460268318
270540 MONTEIROPOLIS,77.0,-,77.0,270540,Monteirópolis,  2 705 408 ,   7 184,7184.0,10.71826280623608
270550 MURICI,265.0,2,267.0,270550,Murici,  2 705 507 ,   25 187,25187.0,10.60070671378092
270560 NOVO LINO,129.0,-,129.0,270560,Novo Lino,  2 705 606 ,   10 020,10020.0,12.874251497005988
270570 OLHO D'AGUA DAS FLORES,194.0,1,195.0,270570,Olho d'Água das Flores,  2 705 705 ,   20 695,20695.0,9.422565837158734
270580 OLHO D'AGUA DO CASADO,75.0,1,76.0,270580,Olho d'Água do Casado,  2 705 804 ,   8 349,8349.0,9.102886573242305
270590 OLHO D'AGUA GRANDE,56.0,-,56.0,270590,Olho d'Água Grande,  2 705 903 ,   4 330,4330.0,12.933025404157044
270600 OLIVENCA,106.0,1,107.0,270600,Olivença,  2 706 000 ,   10 812,10812.0,9.896411394746579
270610 OURO BRANCO,219.0,1,220.0,270610,Ouro Branco,  2 706 109 ,   11 446,11446.0,19.220688450113578
270620 PALESTINA,81.0,-,81.0,270620,Palestina,  2 706 208 ,   4 325,4325.0,18.728323699421967
270630 PALMEIRA DOS INDIOS,1091.0,58,1149.0,270630,Palmeira dos Índios,  2 706 307 ,   71 574,71574.0,16.05331544974432
270640 PAO DE ACUCAR,302.0,4,306.0,270640,Pão de Açúcar,  2 706 406 ,   23 823,23823.0,12.844729882886286
270642 PARICONHA,173.0,-,173.0,270642,Pariconha,  2 706 422 ,   10 573,10573.0,16.36243261136858
270644 PARIPUEIRA,135.0,7,142.0,270644,Paripueira,  2 706 448 ,   13 835,13835.0,10.263823635706542
270650 PASSO DE CAMARAGIBE,175.0,2,177.0,270650,Passo de Camaragibe,  2 706 505 ,   13 804,13804.0,12.822370327441321
270660 PAULO JACINTO,102.0,-,102.0,270660,Paulo Jacinto,  2 706 604 ,   6 576,6576.0,15.510948905109489
270670 PENEDO,896.0,41,937.0,270670,Penedo,  2 706 703 ,   58 650,58650.0,15.97612958226769
270680 PIACABUCU,194.0,7,201.0,270680,Piaçabuçu,  2 706 802 ,   15 908,15908.0,12.635152124717123
270690 PILAR,520.0,3,523.0,270690,Pilar,  2 706 901 ,   35 370,35370.0,14.786542267458298
270700 PINDOBA,56.0,-,56.0,270700,Pindoba,  2 707 008 ,   2 731,2731.0,20.505309410472353
270710 PIRANHAS,324.0,9,333.0,270710,Piranhas,  2 707 107 ,   22 609,22609.0,14.728647883586182
270720 POCO DAS TRINCHEIRAS,101.0,1,102.0,270720,Poço das Trincheiras,  2 707 206 ,   12 518,12518.0,8.148266496245407
270730 PORTO CALVO,618.0,1,619.0,270730,Porto Calvo,  2 707 305 ,   24 071,24071.0,25.715591375514105
270740 PORTO DE PEDRAS,148.0,-,148.0,270740,Porto de Pedras,  2 707 404 ,   9 295,9295.0,15.922538999462075
270750 PORTO REAL DO COLEGIO,258.0,5,263.0,270750,Porto Real do Colégio,  2 707 503 ,   20 082,20082.0,13.096305148889552
270760 QUEBRANGULO,154.0,2,156.0,270760,Quebrangulo,  2 707 602 ,   11 080,11080.0,14.079422382671481
270770 RIO LARGO,779.0,28,807.0,270770,Rio Largo,  2 707 701 ,   93 927,93927.0,8.591778721773291
270780 ROTEIRO,87.0,-,87.0,270780,Roteiro,  2 707 800 ,   6 474,6474.0,13.438368860055608
270790 SANTA LUZIA DO NORTE,95.0,-,95.0,270790,Santa Luzia do Norte,  2 707 909 ,   6 919,6919.0,13.730307847954906
270800 SANTANA DO IPANEMA,828.0,30,858.0,270800,Santana do Ipanema,  2 708 006 ,   46 220,46220.0,18.563392470791864
270810 SANTANA DO MUNDAU,152.0,3,155.0,270810,Santana do Mundaú,  2 708 105 ,   11 323,11323.0,13.688951691247903
270820 SAO BRAS,90.0,-,90.0,270820,São Brás,  2 708 204 ,   6 555,6555.0,13.729977116704804
270830 SAO JOSE DA LAJE,413.0,-,413.0,270830,São José da Laje,  2 708 303 ,   20 813,20813.0,19.843367126315286
270840 SAO JOSE DA TAPERA,378.0,-,378.0,270840,São José da Tapera,  2 708 402 ,   30 604,30604.0,12.351326623970722
270850 SAO LUIS DO QUITUNDE,289.0,-,289.0,270850,São Luís do Quitunde,  2 708 501 ,   30 873,30873.0,9.360930262689081
270860 SAO MIGUEL DOS CAMPOS,1053.0,36,1089.0,270860,São Miguel dos Campos,  2 708 600 ,   51 990,51990.0,20.946335833814196
270870 SAO MIGUEL DOS MILAGRES,104.0,-,104.0,270870,São Miguel dos Milagres,  2 708 709 ,   8 482,8482.0,12.26125913699599
270880 SAO SEBASTIAO,374.0,6,380.0,270880,São Sebastião,  2 708 808 ,   31 786,31786.0,11.954948719562072
270890 SATUBA,187.0,3,190.0,270890,Satuba,  2 708 907 ,   24 278,24278.0,7.82601532251421
270895 SENADOR RUI PALMEIRA,129.0,-,129.0,270895,Senador Rui Palmeira,  2 708 956 ,   12 303,12303.0,10.485247500609606
270900 TANQUE D'ARCA,72.0,-,72.0,270900,Tanque d'Arca,  2 709 004 ,   5 796,5796.0,12.422360248447204
270910 TAQUARANA,248.0,-,248.0,270910,Taquarana,  2 709 103 ,   19 032,19032.0,13.030685161832704
270915 TEOTONIO VILELA,517.0,10,527.0,270915,Teotônio Vilela,  2 709 152 ,   38 053,38053.0,13.849105195385384
270920 TRAIPU,251.0,-,251.0,270920,Traipu,  2 709 202 ,   23 565,23565.0,10.651389772968386
270930 UNIAO DOS PALMARES,872.0,16,888.0,270930,União dos Palmares,  2 709 301 ,   59 280,59280.0,14.979757085020243
270940 VICOSA,298.0,4,302.0,270940,Viçosa,  2 709 400 ,   24 092,24092.0,12.535281421218661
280010 AMPARO DE SAO FRANCISCO,48.0,-,48.0,280010,Amparo do São Francisco,  2 800 100 ,   2 170,2170.0,22.119815668202765
280020 AQUIDABA,220.0,21,241.0,280020,Aquidabã,  2 800 209 ,   20 131,20131.0,11.971586110973126
280030 ARACAJU,14891.0,4939,19830.0,280030,Aracaju,  2 800 308 ,   602 757,602757.0,32.89882987671649
280040 ARAUA,145.0,-,145.0,280040,Arauá,  2 800 407 ,   10 318,10318.0,14.053111068036442
280050 AREIA BRANCA,205.0,-,205.0,280050,Areia Branca,  2 800 506 ,   18 081,18081.0,11.337868480725623
280060 BARRA DOS COQUEIROS,575.0,26,601.0,280060,Barra dos Coqueiros,  2 800 605 ,   41 511,41511.0,14.478090144780902
280067 BOQUIM,329.0,4,333.0,280067,Boquim,  2 800 670 ,   24 636,24636.0,13.51680467608378
280070 BREJO GRANDE,140.0,1,141.0,280070,Brejo Grande,  2 800 704 ,   7 841,7841.0,17.982400204055605
280100 CAMPO DO BRITO,239.0,3,242.0,280100,Campo do Brito,  2 801 009 ,   18 149,18149.0,13.334067992726872
280110 CANHOBA,74.0,-,74.0,280110,Canhoba,  2 801 108 ,   3 791,3791.0,19.519915589554206
280120 CANINDE DE SAO FRANCISCO,489.0,3,492.0,280120,Canindé de São Francisco,  2 801 207 ,   26 834,26834.0,18.33494820004472
280130 CAPELA,573.0,2,575.0,280130,Capela,  2 801 306 ,   31 645,31645.0,18.170327065887186
280140 CARIRA,217.0,5,222.0,280140,Carira,  2 801 405 ,   19 939,19939.0,11.13395857364963
280150 CARMOPOLIS,275.0,5,280.0,280150,Carmópolis,  2 801 504 ,   13 853,13853.0,20.2122283981809
280160 CEDRO DE SAO JOAO,116.0,-,116.0,280160,Cedro de São João,  2 801 603 ,   5 391,5391.0,21.51734372101651
280170 CRISTINAPOLIS,267.0,-,267.0,280170,Cristinápolis,  2 801 702 ,   17 100,17100.0,15.6140350877193
280190 CUMBE,61.0,-,61.0,280190,Cumbe,  2 801 900 ,   3 824,3824.0,15.951882845188285
280200 DIVINA PASTORA,128.0,-,128.0,280200,Divina Pastora,  2 802 007 ,   4 340,4340.0,29.493087557603687
280210 ESTANCIA,917.0,64,981.0,280210,Estância,  2 802 106 ,   65 078,65078.0,15.074218629951751
280220 FEIRA NOVA,70.0,-,70.0,280220,Feira Nova,  2 802 205 ,   5 975,5975.0,11.715481171548118
280230 FREI PAULO,145.0,-,145.0,280230,Frei Paulo,  2 802 304 ,   14 530,14530.0,9.979353062629045
280240 GARARU,106.0,2,108.0,280240,Gararu,  2 802 403 ,   11 096,11096.0,9.733237202595529
280250 GENERAL MAYNARD,69.0,-,69.0,280250,General Maynard,  2 802 502 ,   3 037,3037.0,22.719789265722753
280260 GRACHO CARDOSO,76.0,-,76.0,280260,Gracho Cardoso,  2 802 601 ,   5 834,5834.0,13.027082619129242
280270 ILHA DAS FLORES,97.0,-,97.0,280270,Ilha das Flores,  2 802 700 ,   8 321,8321.0,11.657252734046388
280280 INDIAROBA,233.0,2,235.0,280280,Indiaroba,  2 802 809 ,   16 549,16549.0,14.200253791769896
280290 ITABAIANA,1429.0,134,1563.0,280290,Itabaiana,  2 802 908 ,   103 440,103440.0,15.110208816705336
280300 ITABAIANINHA,347.0,2,349.0,280300,Itabaianinha,  2 803 005 ,   40 678,40678.0,8.579576183686514
280310 ITABI,66.0,4,70.0,280310,Itabi,  2 803 104 ,   4 745,4745.0,14.75237091675448
280320 ITAPORANGA D'AJUDA,388.0,49,437.0,280320,Itaporanga d'Ajuda,  2 803 203 ,   34 411,34411.0,12.699427508645492
280330 JAPARATUBA,225.0,-,225.0,280330,Japaratuba,  2 803 302 ,   16 209,16209.0,13.8811771238201
280340 JAPOATA,141.0,-,141.0,280340,Japoatã,  2 803 401 ,   13 407,13407.0,10.516894159767284
280350 LAGARTO,1911.0,44,1955.0,280350,Lagarto,  2 803 500 ,   101 579,101579.0,19.246104017562683
280360 LARANJEIRAS,251.0,-,251.0,280360,Laranjeiras,  2 803 609 ,   23 975,23975.0,10.469238790406672
280370 MACAMBIRA,92.0,-,92.0,280370,Macambira,  2 803 708 ,   6 838,6838.0,13.454226381983036
280380 MALHADA DOS BOIS,58.0,-,58.0,280380,Malhada dos Bois,  2 803 807 ,   3 579,3579.0,16.205644034646546
280390 MALHADOR,102.0,-,102.0,280390,Malhador,  2 803 906 ,   11 533,11533.0,8.844186248157461
280400 MARUIM,137.0,1,138.0,280400,Maruim,  2 804 003 ,   15 719,15719.0,8.779184426490234
280410 MOITA BONITA,112.0,-,112.0,280410,Moita Bonita,  2 804 102 ,   11 050,11050.0,10.135746606334841
280420 MONTE ALEGRE DE SERGIPE,170.0,-,170.0,280420,Monte Alegre de Sergipe,  2 804 201 ,   14 336,14336.0,11.858258928571429
280430 MURIBECA,74.0,-,74.0,280430,Muribeca,  2 804 300 ,   7 822,7822.0,9.460496036819228
280440 NEOPOLIS,267.0,12,279.0,280440,Neópolis,  2 804 409 ,   16 426,16426.0,16.985267259223182
280445 NOSSA SENHORA APARECIDA,92.0,-,92.0,280445,Nossa Senhora Aparecida,  2 804 458 ,   9 232,9232.0,9.96533795493934
280450 NOSSA SENHORA DA GLORIA,551.0,34,585.0,280450,Nossa Senhora da Glória,  2 804 508 ,   41 212,41212.0,14.194894690866738
280460 NOSSA SENHORA DAS DORES,349.0,6,355.0,280460,Nossa Senhora das Dores,  2 804 607 ,   24 996,24996.0,14.202272363578173
280470 NOSSA SENHORA DE LOURDES,58.0,-,58.0,280470,Nossa Senhora de Lourdes,  2 804 706 ,   6 268,6268.0,9.253350350989152
280480 NOSSA SENHORA DO SOCORRO,1936.0,84,2020.0,280480,Nossa Senhora do Socorro,  2 804 805 ,   192 330,192330.0,10.502781677325432
280490 PACATUBA,164.0,-,164.0,280490,Pacatuba,  2 804 904 ,   12 502,12502.0,13.11790113581827
280500 PEDRA MOLE,57.0,-,57.0,280500,Pedra Mole,  2 805 000 ,   2 778,2778.0,20.518358531317492
280510 PEDRINHAS,89.0,-,89.0,280510,Pedrinhas,  2 805 109 ,   7 396,7396.0,12.033531638723634
280520 PINHAO,87.0,-,87.0,280520,Pinhão,  2 805 208 ,   5 677,5677.0,15.324995596265634
280530 PIRAMBU,69.0,-,69.0,280530,Pirambu,  2 805 307 ,   7 913,7913.0,8.719828130923796
280540 POCO REDONDO,228.0,-,228.0,280540,Poço Redondo,  2 805 406 ,   33 439,33439.0,6.818385717276235
280550 POCO VERDE,263.0,3,266.0,280550,Poço Verde,  2 805 505 ,   21 794,21794.0,12.205194090116546
280560 PORTO DA FOLHA,314.0,1,315.0,280560,Porto da Folha,  2 805 604 ,   26 576,26576.0,11.852799518362431
280570 PROPRIA,628.0,31,659.0,280570,Propriá,  2 805 703 ,   26 618,26618.0,24.75768277105718
280580 RIACHAO DO DANTAS,181.0,-,181.0,280580,Riachão do Dantas,  2 805 802 ,   18 313,18313.0,9.883689182547917
280590 RIACHUELO,125.0,-,125.0,280590,Riachuelo,  2 805 901 ,   8 748,8748.0,14.288980338363054
280600 RIBEIROPOLIS,225.0,8,233.0,280600,Ribeirópolis,  2 806 008 ,   17 033,17033.0,13.679328362590265
280610 ROSARIO DO CATETE,164.0,-,164.0,280610,Rosário do Catete,  2 806 107 ,   9 295,9295.0,17.64389456697149
280620 SALGADO,198.0,-,198.0,280620,Salgado,  2 806 206 ,   20 279,20279.0,9.763795058927956
280630 SANTA LUZIA DO ITANHY,142.0,-,142.0,280630,Santa Luzia do Itanhy,  2 806 305 ,   13 616,13616.0,10.428907168037602
280640 SANTANA DO SAO FRANCISCO,115.0,-,115.0,280640,Santana do São Francisco,  2 806 404 ,   7 346,7346.0,15.654778110536345
280650 SANTA ROSA DE LIMA,58.0,-,58.0,280650,Santa Rosa de Lima,  2 806 503 ,   3 937,3937.0,14.732029464058927
280660 SANTO AMARO DAS BROTAS,182.0,-,182.0,280660,Santo Amaro das Brotas,  2 806 602 ,   11 092,11092.0,16.408222142084387
280670 SAO CRISTOVAO,634.0,20,654.0,280670,São Cristóvão,  2 806 701 ,   95 612,95612.0,6.840145588419864
280680 SAO DOMINGOS,134.0,-,134.0,280680,São Domingos,  2 806 800 ,   10 327,10327.0,12.975694780672026
280690 SAO FRANCISCO,48.0,-,48.0,280690,São Francisco,  2 806 909 ,   3 243,3243.0,14.801110083256244
280700 SAO MIGUEL DO ALEIXO,53.0,-,53.0,280700,São Miguel do Aleixo,  2 807 006 ,   3 434,3434.0,15.433896330809553
280710 SIMAO DIAS,484.0,9,493.0,280710,Simão Dias,  2 807 105 ,   42 578,42578.0,11.578749588989618
280720 SIRIRI,111.0,1,112.0,280720,Siriri,  2 807 204 ,   7 834,7834.0,14.296655603778403
280730 TELHA,39.0,-,39.0,280730,Telha,  2 807 303 ,   3 274,3274.0,11.912034208918755
280740 TOBIAS BARRETO,515.0,11,526.0,280740,Tobias Barreto,  2 807 402 ,   50 905,50905.0,10.332973185345251
280750 TOMAR DO GERU,139.0,-,139.0,280750,Tomar do Geru,  2 807 501 ,   12 012,12012.0,11.571761571761572
280760 UMBAUBA,240.0,2,242.0,280760,Umbaúba,  2 807 600 ,   23 917,23917.0,10.118325876991262
290010 ABAIRA,124.0,1,125.0,290010,Abaíra,  2 900 108 ,   7 301,7301.0,17.120942336666207
290020 ABARE,237.0,2,239.0,290020,Abaré,  2 900 207 ,   17 639,17639.0,13.549520947899541
290030 ACAJUTIBA,140.0,3,143.0,290030,Acajutiba,  2 900 306 ,   13 795,13795.0,10.366074664733599
290035 ADUSTINA,192.0,7,199.0,290035,Adustina,  2 900 355 ,   14 201,14201.0,14.013097669178228
290040 AGUA FRIA,156.0,-,156.0,290040,Água Fria,  2 900 405 ,   14 497,14497.0,10.76084707180796
290050 ERICO CARDOSO,165.0,12,177.0,290050,Érico Cardoso,  2 900 504 ,   10 604,10604.0,16.691814409656736
290060 AIQUARA,71.0,-,71.0,290060,Aiquara,  2 900 603 ,   4 447,4447.0,15.965819653699121
290070 ALAGOINHAS,2009.0,1189,3198.0,290070,Alagoinhas,  2 900 702 ,   151 055,151055.0,21.171096620436266
290080 ALCOBACA,247.0,5,252.0,290080,Alcobaça,  2 900 801 ,   24 530,24530.0,10.273134936812067
290090 ALMADINA,68.0,-,68.0,290090,Almadina,  2 900 900 ,   5 218,5218.0,13.031812955155232
290100 AMARGOSA,556.0,153,709.0,290100,Amargosa,  2 901 007 ,   36 521,36521.0,19.41348813011692
290110 AMELIA RODRIGUES,294.0,4,298.0,290110,Amélia Rodrigues,  2 901 106 ,   24 138,24138.0,12.345679012345679
290115 AMERICA DOURADA,205.0,-,205.0,290115,América Dourada,  2 901 155 ,   15 137,15137.0,13.542974169254144
290120 ANAGE,231.0,1,232.0,290120,Anagé,  2 901 205 ,   25 438,25438.0,9.120213853290354
290130 ANDARAI,161.0,-,161.0,290130,Andaraí,  2 901 304 ,   13 080,13080.0,12.308868501529052
290135 ANDORINHA,143.0,5,148.0,290135,Andorinha,  2 901 353 ,   15 012,15012.0,9.858779642952305
290140 ANGICAL,181.0,13,194.0,290140,Angical,  2 901 403 ,   13 732,13732.0,14.12758520244684
290150 ANGUERA,113.0,-,113.0,290150,Anguera,  2 901 502 ,   11 031,11031.0,10.243858217749978
290160 ANTAS,226.0,7,233.0,290160,Antas,  2 901 601 ,   14 206,14206.0,16.401520484302406
290170 ANTONIO CARDOSO,148.0,-,148.0,290170,Antônio Cardoso,  2 901 700 ,   11 146,11146.0,13.278306118787008
290180 ANTONIO GONCALVES,148.0,-,148.0,290180,Antônio Gonçalves,  2 901 809 ,   10 862,10862.0,13.625483336402135
290190 APORA,201.0,-,201.0,290190,Aporá,  2 901 908 ,   15 922,15922.0,12.624042205753046
290195 APUAREMA,114.0,-,114.0,290195,Apuarema,  2 901 957 ,   6 913,6913.0,16.490669752639953
290200 ARACATU,236.0,36,272.0,290200,Aracatu,  2 902 005 ,   13 936,13936.0,19.51779563719862
290205 ARACAS,141.0,7,148.0,290205,Araçás,  2 902 054 ,   11 557,11557.0,12.806091546249027
290210 ARACI,525.0,10,535.0,290210,Araci,  2 902 104 ,   48 294,48294.0,11.077980701536422
290220 ARAMARI,97.0,1,98.0,290220,Aramari,  2 902 203 ,   9 833,9833.0,9.966439540323401
290225 ARATACA,87.0,-,87.0,290225,Arataca,  2 902 252 ,   10 191,10191.0,8.536944362672946
290230 ARATUIPE,105.0,-,105.0,290230,Aratuípe,  2 902 302 ,   8 677,8677.0,12.100956551803618
290240 AURELINO LEAL,164.0,-,164.0,290240,Aurelino Leal,  2 902 401 ,   11 179,11179.0,14.670364075498703
290250 BAIANOPOLIS,163.0,-,163.0,290250,Baianópolis,  2 902 500 ,   13 614,13614.0,11.972969002497429
290260 BAIXA GRANDE,196.0,13,209.0,290260,Baixa Grande,  2 902 609 ,   18 220,18220.0,11.470911086717893
290265 BANZAE,145.0,-,145.0,290265,Banzaê,  2 902 658 ,   11 958,11958.0,12.125773540725874
290270 BARRA,497.0,1,498.0,290270,Barra,  2 902 708 ,   51 092,51092.0,9.747122837234793
290280 BARRA DA ESTIVA,227.0,12,239.0,290280,Barra da Estiva,  2 902 807 ,   26 026,26026.0,9.183124567739952
290290 BARRA DO CHOCA,326.0,17,343.0,290290,Barra do Choça,  2 902 906 ,   36 539,36539.0,9.387230082925093
290300 BARRA DO MENDES,227.0,4,231.0,290300,Barra do Mendes,  2 903 003 ,   13 836,13836.0,16.695576756287945
290310 BARRA DO ROCHA,107.0,-,107.0,290310,Barra do Rocha,  2 903 102 ,   5 775,5775.0,18.52813852813853
290320 BARREIRAS,3209.0,272,3481.0,290320,Barreiras,  2 903 201 ,   159 734,159734.0,21.79247999799667
290323 BARRO ALTO,149.0,-,149.0,290323,Barro Alto,  2 903 235 ,   13 453,13453.0,11.075596521222032
290327 BARROCAS,198.0,5,203.0,290327,Barrocas,  2 903 276 ,   15 203,15203.0,13.352627770834705
290330 BARRO PRETO,106.0,2,108.0,290330,Barro Preto,  2 903 300 ,   5 833,5833.0,18.51534373392765
290340 BELMONTE,222.0,9,231.0,290340,Belmonte,  2 903 409 ,   20 121,20121.0,11.480542716564782
290350 BELO CAMPO,293.0,9,302.0,290350,Belo Campo,  2 903 508 ,   18 412,18412.0,16.40234629589398
290360 BIRITINGA,182.0,1,183.0,290360,Biritinga,  2 903 607 ,   15 146,15146.0,12.082397992869405
290370 BOA NOVA,139.0,-,139.0,290370,Boa Nova,  2 903 706 ,   13 690,13690.0,10.153396639883127
290380 BOA VISTA DO TUPIM,255.0,1,256.0,290380,Boa Vista do Tupim,  2 903 805 ,   16 873,16873.0,15.172168553310023
290390 BOM JESUS DA LAPA,1036.0,68,1104.0,290390,Bom Jesus da Lapa,  2 903 904 ,   65 550,65550.0,16.842105263157894
290395 BOM JESUS DA SERRA,114.0,2,116.0,290395,Bom Jesus da Serra,  2 903 953 ,   9 730,9730.0,11.921891058581705
290400 BONINAL,135.0,-,135.0,290400,Boninal,  2 904 001 ,   13 622,13622.0,9.910438995742181
290405 BONITO,226.0,2,228.0,290405,Bonito,  2 904 050 ,   15 844,15844.0,14.390305478414541
290410 BOQUIRA,313.0,22,335.0,290410,Boquira,  2 904 100 ,   19 322,19322.0,17.33774971535038
290420 BOTUPORA,229.0,19,248.0,290420,Botuporã,  2 904 209 ,   11 024,11024.0,22.496371552975326
290430 BREJOES,203.0,2,205.0,290430,Brejões,  2 904 308 ,   12 943,12943.0,15.838677277292748
290440 BREJOLANDIA,153.0,-,153.0,290440,Brejolândia,  2 904 407 ,   9 108,9108.0,16.798418972332016
290450 BROTAS DE MACAUBAS,147.0,13,160.0,290450,Brotas de Macaúbas,  2 904 506 ,   11 765,11765.0,13.599660008499788
290460 BRUMADO,905.0,136,1041.0,290460,Brumado,  2 904 605 ,   70 510,70510.0,14.763863281804
290470 BUERAREMA,168.0,-,168.0,290470,Buerarema,  2 904 704 ,   14 804,14804.0,11.348284247500676
290475 BURITIRAMA,246.0,1,247.0,290475,Buritirama,  2 904 753 ,   19 589,19589.0,12.609117361784675
290480 CAATIBA,135.0,1,136.0,290480,Caatiba,  2 904 803 ,   6 205,6205.0,21.91780821917808
290485 CABACEIRAS DO PARAGUACU,251.0,1,252.0,290485,Cabaceiras do Paraguaçu,  2 904 852 ,   16 559,16559.0,15.218310284437466
290490 CACHOEIRA,363.0,43,406.0,290490,Cachoeira,  2 904 902 ,   29 250,29250.0,13.88034188034188
290500 CACULE,298.0,77,375.0,290500,Caculé,  2 905 008 ,   22 462,22462.0,16.694862434333544
290510 CAEM,105.0,-,105.0,290510,Caém,  2 905 107 ,   10 384,10384.0,10.11171032357473
290515 CAETANOS,120.0,6,126.0,290515,Caetanos,  2 905 156 ,   11 266,11266.0,11.184093733357003
290520 CAETITE,924.0,122,1046.0,290520,Caetité,  2 905 206 ,   52 012,52012.0,20.110743674536646
290530 CAFARNAUM,210.0,4,214.0,290530,Cafarnaum,  2 905 305 ,   17 466,17466.0,12.252376044887209
290540 CAIRU,244.0,-,244.0,290540,Cairu,  2 905 404 ,   17 761,17761.0,13.737965204661899
290550 CALDEIRAO GRANDE,125.0,-,125.0,290550,Caldeirão Grande,  2 905 503 ,   13 080,13080.0,9.5565749235474
290560 CAMACAN,409.0,14,423.0,290560,Camacan,  2 905 602 ,   22 579,22579.0,18.734222064750433
290570 CAMACARI,3675.0,1899,5574.0,290570,Camaçari,  2 905 701 ,   300 372,300372.0,18.5569893332268
290580 CAMAMU,264.0,17,281.0,290580,Camamu,  2 905 800 ,   30 469,30469.0,9.222488430864157
290590 CAMPO ALEGRE DE LOURDES,275.0,12,287.0,290590,Campo Alegre de Lourdes,  2 905 909 ,   30 671,30671.0,9.357373414626196
290600 CAMPO FORMOSO,802.0,56,858.0,290600,Campo Formoso,  2 906 006 ,   71 377,71377.0,12.020678930187595
290610 CANAPOLIS,127.0,-,127.0,290610,Canápolis,  2 906 105 ,   10 225,10225.0,12.420537897310513
290620 CANARANA,230.0,18,248.0,290620,Canarana,  2 906 204 ,   24 206,24206.0,10.245393704040321
290630 CANAVIEIRAS,307.0,26,333.0,290630,Canavieiras,  2 906 303 ,   32 683,32683.0,10.188783159440687
290640 CANDEAL,113.0,2,115.0,290640,Candeal,  2 906 402 ,   7 772,7772.0,14.796706124549665
290650 CANDEIAS,812.0,209,1021.0,290650,Candeias,  2 906 501 ,   72 382,72382.0,14.105716890939735
290660 CANDIBA,103.0,9,112.0,290660,Candiba,  2 906 600 ,   13 016,13016.0,8.60479409956976
290670 CANDIDO SALES,306.0,1,307.0,290670,Cândido Sales,  2 906 709 ,   25 247,25247.0,12.159860577494356
290680 CANSANCAO,321.0,16,337.0,290680,Cansanção,  2 906 808 ,   37 439,37439.0,9.00130879564091
290682 CANUDOS,208.0,-,208.0,290682,Canudos,  2 906 824 ,   16 105,16105.0,12.915243713132567
290685 CAPELA DO ALTO ALEGRE,110.0,7,117.0,290685,Capela do Alto Alegre,  2 906 857 ,   10 744,10744.0,10.889798957557705
290687 CAPIM GROSSO,381.0,47,428.0,290687,Capim Grosso,  2 906 873 ,   33 235,33235.0,12.877990070708591
290689 CARAIBAS,86.0,-,86.0,290689,Caraíbas,  2 906 899 ,   9 940,9940.0,8.651911468812877
290690 CARAVELAS,270.0,5,275.0,290690,Caravelas,  2 906 907 ,   20 580,20580.0,13.36248785228377
290700 CARDEAL DA SILVA,114.0,4,118.0,290700,Cardeal da Silva,  2 907 004 ,   8 365,8365.0,14.106395696353855
290710 CARINHANHA,252.0,9,261.0,290710,Carinhanha,  2 907 103 ,   28 869,28869.0,9.040839654993245
290720 CASA NOVA,563.0,11,574.0,290720,Casa Nova,  2 907 202 ,   72 086,72086.0,7.962711206059429
290730 CASTRO ALVES,405.0,42,447.0,290730,Castro Alves,  2 907 301 ,   24 712,24712.0,18.08837811589511
290740 CATOLANDIA,65.0,-,65.0,290740,Catolândia,  2 907 400 ,   3 434,3434.0,18.92836342457775
290750 CATU,600.0,273,873.0,290750,Catu,  2 907 509 ,   48 148,48148.0,18.131594251059234
290755 CATURAMA,152.0,4,156.0,290755,Caturama,  2 907 558 ,   8 841,8841.0,17.645062775704105
290760 CENTRAL,174.0,-,174.0,290760,Central,  2 907 608 ,   16 348,16348.0,10.643503792512846
290770 CHORROCHO,175.0,2,177.0,290770,Chorrochó,  2 907 707 ,   10 579,10579.0,16.731260043482372
290780 CICERO DANTAS,329.0,31,360.0,290780,Cícero Dantas,  2 907 806 ,   30 907,30907.0,11.647846766104767
290790 CIPO,162.0,6,168.0,290790,Cipó,  2 907 905 ,   17 230,17230.0,9.75043528728961
290800 COARACI,255.0,6,261.0,290800,Coaraci,  2 908 002 ,   17 333,17333.0,15.057981884267004
290810 COCOS,191.0,-,191.0,290810,Cocos,  2 908 101 ,   19 151,19151.0,9.973369536838806
290820 CONCEICAO DA FEIRA,246.0,22,268.0,290820,Conceição da Feira,  2 908 200 ,   20 800,20800.0,12.884615384615385
290830 CONCEICAO DO ALMEIDA,371.0,14,385.0,290830,Conceição do Almeida,  2 908 309 ,   15 794,15794.0,24.376345447638343
290840 CONCEICAO DO COITE,672.0,112,784.0,290840,Conceição do Coité,  2 908 408 ,   67 825,67825.0,11.559159601916699
290850 CONCEICAO DO JACUIPE,504.0,35,539.0,290850,Conceição do Jacuípe,  2 908 507 ,   35 308,35308.0,15.265662172878667
290860 CONDE,265.0,10,275.0,290860,Conde,  2 908 606 ,   23 654,23654.0,11.625940644288493
290870 CONDEUBA,395.0,17,412.0,290870,Condeúba,  2 908 705 ,   17 053,17053.0,24.159971852459975
290880 CONTENDAS DO SINCORA,98.0,-,98.0,290880,Contendas do Sincorá,  2 908 804 ,   4 333,4333.0,22.617124394184167
290890 CORACAO DE MARIA,255.0,1,256.0,290890,Coração de Maria,  2 908 903 ,   26 692,26692.0,9.590888655777011
290900 CORDEIROS,122.0,3,125.0,290900,Cordeiros,  2 909 000 ,   7 546,7546.0,16.56506758547575
290910 CORIBE,207.0,2,209.0,290910,Coribe,  2 909 109 ,   13 990,13990.0,14.939242315939957
290920 CORONEL JOAO SA,176.0,-,176.0,290920,Coronel João Sá,  2 909 208 ,   17 056,17056.0,10.318949343339586
290930 CORRENTINA,330.0,16,346.0,290930,Correntina,  2 909 307 ,   32 457,32457.0,10.660258187756108
290940 COTEGIPE,132.0,-,132.0,290940,Cotegipe,  2 909 406 ,   13 063,13063.0,10.104876368368675
290950 CRAVOLANDIA,69.0,-,69.0,290950,Cravolândia,  2 909 505 ,   4 415,4415.0,15.628539071347678
290960 CRISOPOLIS,240.0,-,240.0,290960,Crisópolis,  2 909 604 ,   19 729,19729.0,12.164833493841552
290970 CRISTOPOLIS,189.0,-,189.0,290970,Cristópolis,  2 909 703 ,   13 993,13993.0,13.506753376688344
290980 CRUZ DAS ALMAS,762.0,188,950.0,290980,Cruz das Almas,  2 909 802 ,   60 348,60348.0,15.742029561874462
290990 CURACA,394.0,4,398.0,290990,Curaçá,  2 909 901 ,   34 180,34180.0,11.644236395552955
291000 DARIO MEIRA,159.0,-,159.0,291000,Dário Meira,  2 910 008 ,   10 820,10820.0,14.695009242144177
291005 DIAS D'AVILA,634.0,311,945.0,291005,Dias d'Ávila,  2 910 057 ,   71 485,71485.0,13.219556550325242
291010 DOM BASILIO,207.0,6,213.0,291010,Dom Basílio,  2 910 107 ,   11 884,11884.0,17.923258162234937
291020 DOM MACEDO COSTA,58.0,-,58.0,291020,Dom Macedo Costa,  2 910 206 ,   4 407,4407.0,13.160880417517586
291030 ELISIO MEDRADO,99.0,-,99.0,291030,Elísio Medrado,  2 910 305 ,   7 808,7808.0,12.679303278688526
291040 ENCRUZILHADA,256.0,2,258.0,291040,Encruzilhada,  2 910 404 ,   19 107,19107.0,13.50290469461454
291050 ENTRE RIOS,442.0,33,475.0,291050,Entre Rios,  2 910 503 ,   38 098,38098.0,12.467846081159115
291060 ESPLANADA,478.0,18,496.0,291060,Esplanada,  2 910 602 ,   32 554,32554.0,15.236222891196165
291070 EUCLIDES DA CUNHA,647.0,55,702.0,291070,Euclides da Cunha,  2 910 701 ,   61 456,61456.0,11.42280656079146
291072 EUNAPOLIS,1301.0,338,1639.0,291072,Eunápolis,  2 910 727 ,   113 710,113710.0,14.413859818837393
291075 FATIMA,205.0,-,205.0,291075,Fátima,  2 910 750 ,   17 895,17895.0,11.45571388656049
291077 FEIRA DA MATA,78.0,-,78.0,291077,Feira da Mata,  2 910 776 ,   5 631,5631.0,13.851891315929675
291080 FEIRA DE SANTANA,9128.0,1187,10315.0,291080,Feira de Santana,  2 910 800 ,   616 272,616272.0,16.73773918010229
291085 FILADELFIA,242.0,2,244.0,291085,Filadélfia,  2 910 859 ,   17 897,17897.0,13.633569872045594
291090 FIRMINO ALVES,79.0,-,79.0,291090,Firmino Alves,  2 910 909 ,   4 873,4873.0,16.211779191463165
291100 FLORESTA AZUL,121.0,-,121.0,291100,Floresta Azul,  2 911 006 ,   11 059,11059.0,10.94131476625373
291110 FORMOSA DO RIO PRETO,341.0,1,342.0,291110,Formosa do Rio Preto,  2 911 105 ,   25 899,25899.0,13.205143055716437
291120 GANDU,445.0,213,658.0,291120,Gandu,  2 911 204 ,   32 178,32178.0,20.448753806948847
291125 GAVIAO,62.0,-,62.0,291125,Gavião,  2 911 253 ,   4 360,4360.0,14.220183486238533
291130 GENTIO DO OURO,154.0,4,158.0,291130,Gentio do Ouro,  2 911 303 ,   10 884,10884.0,14.516721793458286
291140 GLORIA,180.0,-,180.0,291140,Glória,  2 911 402 ,   15 524,15524.0,11.594949755217726
291150 GONGOGI,161.0,-,161.0,291150,Gongogi,  2 911 501 ,   5 555,5555.0,28.982898289828984
291160 GOVERNADOR MANGABEIRA,235.0,88,323.0,291160,Governador Mangabeira,  2 911 600 ,   20 605,20605.0,15.675806842999272
291165 GUAJERU,182.0,25,207.0,291165,Guajeru,  2 911 659 ,   8 050,8050.0,25.714285714285715
291170 GUANAMBI,1565.0,243,1808.0,291170,Guanambi,  2 911 709 ,   87 817,87817.0,20.5882687862259
291180 GUARATINGA,182.0,1,183.0,291180,Guaratinga,  2 911 808 ,   19 049,19049.0,9.606803506745761
291185 HELIOPOLIS,128.0,-,128.0,291185,Heliópolis,  2 911 857 ,   12 309,12309.0,10.398895117393778
291190 IACU,273.0,6,279.0,291190,Iaçu,  2 911 907 ,   24 607,24607.0,11.338237087007762
291200 IBIASSUCE,138.0,7,145.0,291200,Ibiassucê,  2 912 004 ,   10 429,10429.0,13.903538210758462
291210 IBICARAI,372.0,32,404.0,291210,Ibicaraí,  2 912 103 ,   21 665,21665.0,18.647588276021235
291220 IBICOARA,228.0,13,241.0,291220,Ibicoara,  2 912 202 ,   20 785,20785.0,11.594900168390666
291230 IBICUI,195.0,9,204.0,291230,Ibicuí,  2 912 301 ,   13 934,13934.0,14.640447825462896
291240 IBIPEBA,224.0,12,236.0,291240,Ibipeba,  2 912 400 ,   16 603,16603.0,14.214298620731192
291250 IBIPITANGA,220.0,37,257.0,291250,Ibipitanga,  2 912 509 ,   13 863,13863.0,18.538555868138207
291260 IBIQUERA,64.0,-,64.0,291260,Ibiquera,  2 912 608 ,   3 725,3725.0,17.181208053691275
291270 IBIRAPITANGA,250.0,3,253.0,291270,Ibirapitanga,  2 912 707 ,   25 344,25344.0,9.982638888888888
291280 IBIRAPUA,193.0,6,199.0,291280,Ibirapuã,  2 912 806 ,   8 896,8896.0,22.369604316546763
291290 IBIRATAIA,258.0,8,266.0,291290,Ibirataia,  2 912 905 ,   18 792,18792.0,14.154959557258408
291300 IBITIARA,167.0,7,174.0,291300,Ibitiara,  2 913 002 ,   14 637,14637.0,11.887681902029104
291310 IBITITA,169.0,3,172.0,291310,Ibititá,  2 913 101 ,   16 969,16969.0,10.136130591077848
291320 IBOTIRAMA,558.0,37,595.0,291320,Ibotirama,  2 913 200 ,   26 309,26309.0,22.615834885400435
291330 ICHU,87.0,2,89.0,291330,Ichu,  2 913 309 ,   6 190,6190.0,14.378029079159935
291340 IGAPORA,219.0,8,227.0,291340,Igaporã,  2 913 408 ,   15 527,15527.0,14.619694725317188
291345 IGRAPIUNA,193.0,-,193.0,291345,Igrapiúna,  2 913 457 ,   13 151,13151.0,14.675690061592274
291350 IGUAI,213.0,6,219.0,291350,Iguaí,  2 913 507 ,   21 491,21491.0,10.190312223721559
291360 ILHEUS,3126.0,473,3599.0,291360,Ilhéus,  2 913 606 ,   178 649,178649.0,20.145648730191603
291370 INHAMBUPE,347.0,13,360.0,291370,Inhambupe,  2 913 705 ,   33 790,33790.0,10.654039656703166
291380 IPECAETA,141.0,-,141.0,291380,Ipecaetá,  2 913 804 ,   13 709,13709.0,10.285214092931652
291390 IPIAU,573.0,82,655.0,291390,Ipiaú,  2 913 903 ,   40 706,40706.0,16.090993956664867
291400 IPIRA,406.0,41,447.0,291400,Ipirá,  2 914 000 ,   56 876,56876.0,7.85920247556087
291410 IPUPIARA,111.0,2,113.0,291410,Ipupiara,  2 914 109 ,   9 935,9935.0,11.373930548565676
291420 IRAJUBA,86.0,-,86.0,291420,Irajuba,  2 914 208 ,   6 101,6101.0,14.096049827897065
291430 IRAMAIA,104.0,-,104.0,291430,Iramaia,  2 914 307 ,   10 752,10752.0,9.672619047619047
291440 IRAQUARA,263.0,-,263.0,291440,Iraquara,  2 914 406 ,   23 879,23879.0,11.013861551991289
291450 IRARA,299.0,15,314.0,291450,Irará,  2 914 505 ,   28 043,28043.0,11.197090182933353
291460 IRECE,1752.0,116,1868.0,291460,Irecê,  2 914 604 ,   74 507,74507.0,25.071469794784385
291465 ITABELA,305.0,18,323.0,291465,Itabela,  2 914 653 ,   28 165,28165.0,11.4681342091248
291470 ITABERABA,914.0,154,1068.0,291470,Itaberaba,  2 914 703 ,   65 073,65073.0,16.412336913927437
291480 ITABUNA,3964.0,847,4811.0,291480,Itabuna,  2 914 802 ,   186 708,186708.0,25.767508623090603
291490 ITACARE,309.0,17,326.0,291490,Itacaré,  2 914 901 ,   27 704,27704.0,11.767253826162285
291500 ITAETE,146.0,3,149.0,291500,Itaeté,  2 915 007 ,   13 472,13472.0,11.05997624703088
291510 ITAGI,171.0,4,175.0,291510,Itagi,  2 915 106 ,   13 803,13803.0,12.67840324567123
291520 ITAGIBA,103.0,4,107.0,291520,Itagibá,  2 915 205 ,   15 310,15310.0,6.988896146309601
291530 ITAGIMIRIM,95.0,-,95.0,291530,Itagimirim,  2 915 304 ,   6 347,6347.0,14.967701276193477
291535 ITAGUACU DA BAHIA,225.0,-,225.0,291535,Itaguaçu da Bahia,  2 915 353 ,   12 311,12311.0,18.276338234099587
291540 ITAJU DO COLONIA,81.0,-,81.0,291540,Itaju do Colônia,  2 915 403 ,   6 037,6037.0,13.417260228590358
291550 ITAJUIPE,191.0,45,236.0,291550,Itajuípe,  2 915 502 ,   18 781,18781.0,12.565891060113945
291560 ITAMARAJU,590.0,69,659.0,291560,Itamaraju,  2 915 601 ,   59 605,59605.0,11.05611945306602
291570 ITAMARI,77.0,-,77.0,291570,Itamari,  2 915 700 ,   7 051,7051.0,10.9204368174727
291580 ITAMBE,289.0,31,320.0,291580,Itambé,  2 915 809 ,   24 394,24394.0,13.11797983110601
291590 ITANAGRA,108.0,-,108.0,291590,Itanagra,  2 915 908 ,   5 914,5914.0,18.26175177544809
291600 ITANHEM,235.0,9,244.0,291600,Itanhém,  2 916 005 ,   17 813,17813.0,13.697861112670521
291610 ITAPARICA,315.0,33,348.0,291610,Itaparica,  2 916 104 ,   19 789,19789.0,17.585527313153772
291620 ITAPE,111.0,6,117.0,291620,Itapé,  2 916 203 ,   10 341,10341.0,11.314186248912097
291630 ITAPEBI,105.0,1,106.0,291630,Itapebi,  2 916 302 ,   9 174,9174.0,11.554392849356878
291640 ITAPETINGA,847.0,96,943.0,291640,Itapetinga,  2 916 401 ,   65 897,65897.0,14.310211390503362
291650 ITAPICURU,455.0,-,455.0,291650,Itapicuru,  2 916 500 ,   31 679,31679.0,14.362827109441586
291660 ITAPITANGA,88.0,-,88.0,291660,Itapitanga,  2 916 609 ,   10 279,10279.0,8.561144080163439
291670 ITAQUARA,89.0,3,92.0,291670,Itaquara,  2 916 708 ,   8 153,8153.0,11.284189868759965
291680 ITARANTIM,246.0,7,253.0,291680,Itarantim,  2 916 807 ,   17 052,17052.0,14.836969270466808
291685 ITATIM,176.0,3,179.0,291685,Itatim,  2 916 856 ,   15 737,15737.0,11.3744678147042
291690 ITIRUCU,126.0,1,127.0,291690,Itiruçu,  2 916 906 ,   10 999,10999.0,11.546504227657058
291700 ITIUBA,323.0,15,338.0,291700,Itiúba,  2 917 003 ,   33 872,33872.0,9.978743504959848
291710 ITORORO,220.0,5,225.0,291710,Itororó,  2 917 102 ,   16 617,16617.0,13.540350243726305
291720 ITUACU,235.0,8,243.0,291720,Ituaçu,  2 917 201 ,   17 914,17914.0,13.56480964608686
291730 ITUBERA,211.0,97,308.0,291730,Ituberá,  2 917 300 ,   21 902,21902.0,14.062642681033696
291733 IUIU,137.0,3,140.0,291733,Iuiu,  2 917 334 ,   11 118,11118.0,12.592192840438926
291735 JABORANDI,150.0,-,150.0,291735,Jaborandi,  2 917 359 ,   9 275,9275.0,16.172506738544474
291740 JACARACI,212.0,5,217.0,291740,Jacaraci,  2 917 409 ,   14 436,14436.0,15.031864782488224
291750 JACOBINA,1217.0,300,1517.0,291750,Jacobina,  2 917 508 ,   82 590,82590.0,18.36784114299552
291760 JAGUAQUARA,477.0,52,529.0,291760,Jaguaquara,  2 917 607 ,   45 964,45964.0,11.509007048994865
291770 JAGUARARI,421.0,18,439.0,291770,Jaguarari,  2 917 706 ,   32 703,32703.0,13.42384490719506
291780 JAGUARIPE,133.0,-,133.0,291780,Jaguaripe,  2 917 805 ,   17 659,17659.0,7.531570304094229
291790 JANDAIRA,114.0,-,114.0,291790,Jandaíra,  2 917 904 ,   9 285,9285.0,12.277867528271406
291800 JEQUIE,2903.0,298,3201.0,291800,Jequié,  2 918 001 ,   158 813,158813.0,20.155780698053686
291810 JEREMOABO,494.0,34,528.0,291810,Jeremoabo,  2 918 100 ,   37 626,37626.0,14.032849625259129
291820 JIQUIRICA,172.0,5,177.0,291820,Jiquiriçá,  2 918 209 ,   13 629,13629.0,12.987012987012989
291830 JITAUNA,164.0,2,166.0,291830,Jitaúna,  2 918 308 ,   14 355,14355.0,11.563915012190874
291835 JOAO DOURADO,193.0,13,206.0,291835,João Dourado,  2 918 357 ,   24 854,24854.0,8.288404281001046
291840 JUAZEIRO,3537.0,424,3961.0,291840,Juazeiro,  2 918 407 ,   237 821,237821.0,16.655383670912155
291845 JUCURUCU,83.0,-,83.0,291845,Jucuruçu,  2 918 456 ,   9 655,9655.0,8.59658208182289
291850 JUSSARA,164.0,1,165.0,291850,Jussara,  2 918 506 ,   16 354,16354.0,10.089274795157149
291855 JUSSARI,100.0,-,100.0,291855,Jussari,  2 918 555 ,   5 888,5888.0,16.98369565217391
291860 JUSSIAPE,130.0,7,137.0,291860,Jussiape,  2 918 605 ,   7 379,7379.0,18.566201382301127
291870 LAFAIETE COUTINHO,70.0,-,70.0,291870,Lafaiete Coutinho,  2 918 704 ,   4 075,4075.0,17.177914110429448
291875 LAGOA REAL,137.0,-,137.0,291875,Lagoa Real,  2 918 753 ,   14 105,14105.0,9.712867777383908
291880 LAJE,430.0,27,457.0,291880,Laje,  2 918 803 ,   21 052,21052.0,21.708151244537337
291890 LAJEDAO,103.0,1,104.0,291890,Lajedão,  2 918 902 ,   3 845,3845.0,27.048114434330298
291900 LAJEDINHO,41.0,-,41.0,291900,Lajedinho,  2 919 009 ,   3 527,3527.0,11.624610150269351
291905 LAJEDO DO TABOCAL,78.0,-,78.0,291905,Lajedo do Tabocal,  2 919 058 ,   7 494,7494.0,10.408326661329063
291910 LAMARAO,100.0,-,100.0,291910,Lamarão,  2 919 108 ,   9 015,9015.0,11.092623405435386
291915 LAPAO,247.0,6,253.0,291915,Lapão,  2 919 157 ,   25 736,25736.0,9.830587503885607
291920 LAURO DE FREITAS,3677.0,870,4547.0,291920,Lauro de Freitas,  2 919 207 ,   203 331,203331.0,22.36255170141297
291930 LENCOIS,140.0,-,140.0,291930,Lençóis,  2 919 306 ,   10 774,10774.0,12.994245405606089
291940 LICINIO DE ALMEIDA,126.0,6,132.0,291940,Licínio de Almeida,  2 919 405 ,   11 834,11834.0,11.154301166131486
291950 LIVRAMENTO DE NOSSA SENHORA,498.0,99,597.0,291950,Livramento de Nossa Senhora,  2 919 504 ,   43 903,43903.0,13.598159579072046
291955 LUIS EDUARDO MAGALHAES,978.0,200,1178.0,291955,Luís Eduardo Magalhães,  2 919 553 ,   107 909,107909.0,10.91660565847149
291960 MACAJUBA,186.0,4,190.0,291960,Macajuba,  2 919 603 ,   10 454,10454.0,18.174861297111153
291970 MACARANI,184.0,12,196.0,291970,Macarani,  2 919 702 ,   21 599,21599.0,9.074494189545812
291980 MACAUBAS,697.0,54,751.0,291980,Macaúbas,  2 919 801 ,   41 859,41859.0,17.941183496977953
291990 MACURURE,115.0,-,115.0,291990,Macururé,  2 919 900 ,   7 256,7256.0,15.848952590959204
291992 MADRE DE DEUS,469.0,28,497.0,291992,Madre de Deus,  2 919 926 ,   18 504,18504.0,26.859057501080848
291995 MAETINGA,144.0,-,144.0,291995,Maetinga,  2 919 959 ,   6 973,6973.0,20.651082747741288
292000 MAIQUINIQUE,102.0,3,105.0,292000,Maiquinique,  2 920 007 ,   8 731,8731.0,12.026113847211088
292010 MAIRI,338.0,1,339.0,292010,Mairi,  2 920 106 ,   17 674,17674.0,19.180717438044585
292020 MALHADA,168.0,3,171.0,292020,Malhada,  2 920 205 ,   15 398,15398.0,11.1053383556306
292030 MALHADA DE PEDRAS,90.0,-,90.0,292030,Malhada de Pedras,  2 920 304 ,   8 670,8670.0,10.380622837370241
292040 MANOEL VITORINO,171.0,-,171.0,292040,Manoel Vitorino,  2 920 403 ,   13 860,13860.0,12.337662337662339
292045 MANSIDAO,123.0,-,123.0,292045,Mansidão,  2 920 452 ,   13 919,13919.0,8.836841727135571
292050 MARACAS,321.0,102,423.0,292050,Maracás,  2 920 502 ,   27 620,27620.0,15.314989138305576
292060 MARAGOGIPE,396.0,10,406.0,292060,Maragogipe,  2 920 601 ,   35 859,35859.0,11.322122758582225
292070 MARAU,166.0,-,166.0,292070,Maraú,  2 920 700 ,   24 527,24527.0,6.768051535043014
292080 MARCIONILIO SOUZA,140.0,3,143.0,292080,Marcionílio Souza,  2 920 809 ,   9 267,9267.0,15.431099600733786
292090 MASCOTE,169.0,-,169.0,292090,Mascote,  2 920 908 ,   13 544,13544.0,12.477849970466629
292100 MATA DE SAO JOAO,407.0,111,518.0,292100,Mata de São João,  2 921 005 ,   42 566,42566.0,12.169337029554104
292105 MATINA,142.0,23,165.0,292105,Matina,  2 921 054 ,   10 330,10330.0,15.972894482090997
292110 MEDEIROS NETO,287.0,15,302.0,292110,Medeiros Neto,  2 921 104 ,   22 194,22194.0,13.607281247183924
292120 MIGUEL CALMON,358.0,22,380.0,292120,Miguel Calmon,  2 921 203 ,   24 661,24661.0,15.408945298244191
292130 MILAGRES,138.0,1,139.0,292130,Milagres,  2 921 302 ,   11 071,11071.0,12.555324722247311
292140 MIRANGABA,139.0,2,141.0,292140,Mirangaba,  2 921 401 ,   15 734,15734.0,8.96148468285242
292145 MIRANTE,128.0,2,130.0,292145,Mirante,  2 921 450 ,   10 187,10187.0,12.761362520859919
292150 MONTE SANTO,415.0,2,417.0,292150,Monte Santo,  2 921 500 ,   47 780,47780.0,8.727501046462955
292160 MORPARA,114.0,-,114.0,292160,Morpará,  2 921 609 ,   7 996,7996.0,14.25712856428214
292170 MORRO DO CHAPEU,505.0,5,510.0,292170,Morro do Chapéu,  2 921 708 ,   33 594,33594.0,15.181282371852117
292180 MORTUGABA,145.0,18,163.0,292180,Mortugaba,  2 921 807 ,   11 143,11143.0,14.628017589518084
292190 MUCUGE,244.0,6,250.0,292190,Mucugê,  2 921 906 ,   12 137,12137.0,20.59817088242564
292200 MUCURI,477.0,85,562.0,292200,Mucuri,  2 922 003 ,   37 977,37977.0,14.798430629064962
292205 MULUNGU DO MORRO,171.0,-,171.0,292205,Mulungu do Morro,  2 922 052 ,   13 152,13152.0,13.001824817518248
292210 MUNDO NOVO,211.0,3,214.0,292210,Mundo Novo,  2 922 102 ,   17 305,17305.0,12.36636810170471
292220 MUNIZ FERREIRA,112.0,-,112.0,292220,Muniz Ferreira,  2 922 201 ,   7 190,7190.0,15.577190542420029
292225 MUQUEM DE SAO FRANCISCO,123.0,-,123.0,292225,Muquém do São Francisco,  2 922 250 ,   10 443,10443.0,11.77822464808963
292230 MURITIBA,283.0,25,308.0,292230,Muritiba,  2 922 300 ,   28 707,28707.0,10.729090465740063
292240 MUTUIPE,259.0,20,279.0,292240,Mutuípe,  2 922 409 ,   20 037,20037.0,13.924240155711932
292250 NAZARE,346.0,70,416.0,292250,Nazaré,  2 922 508 ,   27 060,27060.0,15.373244641537324
292260 NILO PECANHA,91.0,-,91.0,292260,Nilo Peçanha,  2 922 607 ,   12 063,12063.0,7.543728757357208
292265 NORDESTINA,207.0,-,207.0,292265,Nordestina,  2 922 656 ,   18 523,18523.0,11.17529557847001
292270 NOVA CANAA,180.0,2,182.0,292270,Nova Canaã,  2 922 706 ,   13 715,13715.0,13.270142180094787
292273 NOVA FATIMA,70.0,9,79.0,292273,Nova Fátima,  2 922 730 ,   7 967,7967.0,9.915903100288691
292275 NOVA IBIA,84.0,2,86.0,292275,Nova Ibiá,  2 922 755 ,   6 501,6501.0,13.228734040916782
292280 NOVA ITARANA,125.0,-,125.0,292280,Nova Itarana,  2 922 805 ,   7 780,7780.0,16.066838046272494
292285 NOVA REDENCAO,120.0,-,120.0,292285,Nova Redenção,  2 922 854 ,   7 538,7538.0,15.919342000530644
292290 NOVA SOURE,237.0,5,242.0,292290,Nova Soure,  2 922 904 ,   24 236,24236.0,9.985146063706882
292300 NOVA VICOSA,340.0,15,355.0,292300,Nova Viçosa,  2 923 001 ,   39 509,39509.0,8.98529448986307
292303 NOVO HORIZONTE,128.0,2,130.0,292303,Novo Horizonte,  2 923 035 ,   11 162,11162.0,11.64665830496327
292305 NOVO TRIUNFO,163.0,7,170.0,292305,Novo Triunfo,  2 923 050 ,   10 660,10660.0,15.947467166979362
292310 OLINDINA,217.0,10,227.0,292310,Olindina,  2 923 100 ,   22 633,22633.0,10.029602792382804
292320 OLIVEIRA DOS BREJINHOS,309.0,13,322.0,292320,Oliveira dos Brejinhos,  2 923 209 ,   20 715,20715.0,15.544291576152546
292330 OURICANGAS,115.0,-,115.0,292330,Ouriçangas,  2 923 308 ,   7 716,7716.0,14.904095386210473
292335 OUROLANDIA,195.0,16,211.0,292335,Ourolândia,  2 923 357 ,   19 243,19243.0,10.965026243309255
292340 PALMAS DE MONTE ALTO,183.0,7,190.0,292340,Palmas de Monte Alto,  2 923 407 ,   20 078,20078.0,9.463093933658731
292350 PALMEIRAS,103.0,8,111.0,292350,Palmeiras,  2 923 506 ,   10 339,10339.0,10.736047973691846
292360 PARAMIRIM,413.0,85,498.0,292360,Paramirim,  2 923 605 ,   20 351,20351.0,24.470541988108693
292370 PARATINGA,263.0,3,266.0,292370,Paratinga,  2 923 704 ,   29 252,29252.0,9.09339532339669
292380 PARIPIRANGA,238.0,46,284.0,292380,Paripiranga,  2 923 803 ,   26 604,26604.0,10.675086453164939
292390 PAU BRASIL,157.0,-,157.0,292390,Pau Brasil,  2 923 902 ,   9 370,9370.0,16.755602988260407
292400 PAULO AFONSO,1369.0,412,1781.0,292400,Paulo Afonso,  2 924 009 ,   112 870,112870.0,15.779215026136262
292405 PE DE SERRA,182.0,4,186.0,292405,Pé de Serra,  2 924 058 ,   13 243,13243.0,14.045155931435476
292410 PEDRAO,97.0,-,97.0,292410,Pedrão,  2 924 108 ,   6 235,6235.0,15.557337610264636
292420 PEDRO ALEXANDRE,147.0,3,150.0,292420,Pedro Alexandre,  2 924 207 ,   13 954,13954.0,10.749605847785581
292430 PIATA,313.0,4,317.0,292430,Piatã,  2 924 306 ,   20 086,20086.0,15.78213681170965
292440 PILAO ARCADO,262.0,-,262.0,292440,Pilão Arcado,  2 924 405 ,   35 357,35357.0,7.41013095002404
292450 PINDAI,163.0,5,168.0,292450,Pindaí,  2 924 504 ,   14 731,14731.0,11.404521077998778
292460 PINDOBACU,309.0,4,313.0,292460,Pindobaçu,  2 924 603 ,   19 083,19083.0,16.40203322328774
292465 PINTADAS,106.0,3,109.0,292465,Pintadas,  2 924 652 ,   10 325,10325.0,10.556900726392252
292467 PIRAI DO NORTE,106.0,-,106.0,292467,Piraí do Norte,  2 924 678 ,   10 974,10974.0,9.659194459631856
292470 PIRIPA,147.0,10,157.0,292470,Piripá,  2 924 702 ,   9 152,9152.0,17.15472027972028
292480 PIRITIBA,217.0,10,227.0,292480,Piritiba,  2 924 801 ,   17 566,17566.0,12.92269156324718
292490 PLANALTINO,139.0,1,140.0,292490,Planaltino,  2 924 900 ,   8 022,8022.0,17.452006980802793
292500 PLANALTO,259.0,2,261.0,292500,Planalto,  2 925 006 ,   23 334,23334.0,11.185394703008486
292510 POCOES,467.0,89,556.0,292510,Poções,  2 925 105 ,   48 293,48293.0,11.513055722361418
292520 POJUCA,395.0,52,447.0,292520,Pojuca,  2 925 204 ,   32 136,32136.0,13.909634055265123
292525 PONTO NOVO,200.0,1,201.0,292525,Ponto Novo,  2 925 253 ,   17 938,17938.0,11.205262571078158
292530 PORTO SEGURO,2005.0,351,2356.0,292530,Porto Seguro,  2 925 303 ,   168 326,168326.0,13.996649358981976
292540 POTIRAGUA,89.0,-,89.0,292540,Potiraguá,  2 925 402 ,   10 274,10274.0,8.662643566283823
292550 PRADO,420.0,16,436.0,292550,Prado,  2 925 501 ,   35 003,35003.0,12.456075193554838
292560 PRESIDENTE DUTRA,173.0,1,174.0,292560,Presidente Dutra,  2 925 600 ,   15 130,15130.0,11.500330469266357
292570 PRESIDENTE JANIO QUADROS,157.0,6,163.0,292570,Presidente Jânio Quadros,  2 925 709 ,   12 621,12621.0,12.91498296489977
292575 PRESIDENTE TANCREDO NEVES,241.0,21,262.0,292575,Presidente Tancredo Neves,  2 925 758 ,   27 734,27734.0,9.446888295954425
292580 QUEIMADAS,217.0,5,222.0,292580,Queimadas,  2 925 808 ,   25 988,25988.0,8.542404186547637
292590 QUIJINGUE,213.0,-,213.0,292590,Quijingue,  2 925 907 ,   25 272,25272.0,8.428300094966762
292593 QUIXABEIRA,89.0,4,93.0,292593,Quixabeira,  2 925 931 ,   9 461,9461.0,9.829827713772328
292595 RAFAEL JAMBEIRO,270.0,-,270.0,292595,Rafael Jambeiro,  2 925 956 ,   19 662,19662.0,13.7320720170888
292600 REMANSO,618.0,29,647.0,292600,Remanso,  2 926 004 ,   40 586,40586.0,15.94145764549352
292610 RETIROLANDIA,156.0,4,160.0,292610,Retirolândia,  2 926 103 ,   13 651,13651.0,11.720753058384002
292620 RIACHAO DAS NEVES,182.0,-,182.0,292620,Riachão das Neves,  2 926 202 ,   21 642,21642.0,8.409573976527122
292630 RIACHAO DO JACUIPE,306.0,31,337.0,292630,Riachão do Jacuípe,  2 926 301 ,   33 386,33386.0,10.094051398789912
292640 RIACHO DE SANTANA,311.0,5,316.0,292640,Riacho de Santana,  2 926 400 ,   30 711,30711.0,10.289472827325714
292650 RIBEIRA DO AMPARO,120.0,-,120.0,292650,Ribeira do Amparo,  2 926 509 ,   13 841,13841.0,8.669893793801027
292660 RIBEIRA DO POMBAL,860.0,91,951.0,292660,Ribeira do Pombal,  2 926 608 ,   54 010,54010.0,17.607850398074433
292665 RIBEIRAO DO LARGO,98.0,-,98.0,292665,Ribeirão do Largo,  2 926 657 ,   9 740,9740.0,10.061601642710471
292670 RIO DE CONTAS,214.0,1,215.0,292670,Rio de Contas,  2 926 707 ,   13 184,13184.0,16.30764563106796
292680 RIO DO ANTONIO,139.0,2,141.0,292680,Rio do Antônio,  2 926 806 ,   13 146,13146.0,10.725696029210406
292690 RIO DO PIRES,177.0,3,180.0,292690,Rio do Pires,  2 926 905 ,   10 497,10497.0,17.147756501857675
292700 RIO REAL,440.0,15,455.0,292700,Rio Real,  2 927 002 ,   35 362,35362.0,12.866919291895256
292710 RODELAS,208.0,5,213.0,292710,Rodelas,  2 927 101 ,   10 308,10308.0,20.663562281722932
292720 RUY BARBOSA,443.0,19,462.0,292720,Ruy Barbosa,  2 927 200 ,   28 282,28282.0,16.335478396153032
292730 SALINAS DA MARGARIDA,144.0,1,145.0,292730,Salinas da Margarida,  2 927 309 ,   14 987,14987.0,9.675051711483286
292740 SALVADOR,51844.0,10553,62397.0,292740,Salvador,  2 927 408 ,  2 417 678,2417678.0,25.808647801733727
292750 SANTA BARBARA,185.0,15,200.0,292750,Santa Bárbara,  2 927 507 ,   20 952,20952.0,9.545628102329134
292760 SANTA BRIGIDA,203.0,3,206.0,292760,Santa Brígida,  2 927 606 ,   14 965,14965.0,13.765452723020381
292770 SANTA CRUZ CABRALIA,361.0,9,370.0,292770,Santa Cruz Cabrália,  2 927 705 ,   29 185,29185.0,12.677745417166353
292780 SANTA CRUZ DA VITORIA,78.0,-,78.0,292780,Santa Cruz da Vitória,  2 927 804 ,   4 681,4681.0,16.66310617389447
292790 SANTA INES,158.0,1,159.0,292790,Santa Inês,  2 927 903 ,   10 300,10300.0,15.436893203883495
292800 SANTALUZ,448.0,43,491.0,292800,Santaluz,  2 928 000 ,   37 834,37834.0,12.977744885552678
292805 SANTA LUZIA,122.0,-,122.0,292805,Santa Luzia,  2 928 059 ,   13 896,13896.0,8.779504893494531
292810 SANTA MARIA DA VITORIA,566.0,29,595.0,292810,Santa Maria da Vitória,  2 928 109 ,   38 604,38604.0,15.41291057921459
292820 SANTANA,222.0,1,223.0,292820,Santana,  2 928 208 ,   24 755,24755.0,9.008281155322157
292830 SANTANOPOLIS,112.0,-,112.0,292830,Santanópolis,  2 928 307 ,   8 716,8716.0,12.849931161083065
292840 SANTA RITA DE CASSIA,316.0,-,316.0,292840,Santa Rita de Cássia,  2 928 406 ,   27 390,27390.0,11.53705732018985
292850 SANTA TERESINHA,189.0,-,189.0,292850,Santa Terezinha,  2 928 505 ,   10 441,10441.0,18.101714395172873
292860 SANTO AMARO,476.0,49,525.0,292860,Santo Amaro,  2 928 604 ,   56 012,56012.0,9.372991501821039
292870 SANTO ANTONIO DE JESUS,1952.0,908,2860.0,292870,Santo Antônio de Jesus,  2 928 703 ,   103 055,103055.0,27.752171170734076
292880 SANTO ESTEVAO,442.0,79,521.0,292880,Santo Estêvão,  2 928 802 ,   52 276,52276.0,9.966332542658199
292890 SAO DESIDERIO,341.0,21,362.0,292890,São Desidério,  2 928 901 ,   32 828,32828.0,11.02717192640429
292895 SAO DOMINGOS,139.0,4,143.0,292895,São Domingos,  2 928 950 ,   8 426,8426.0,16.971279373368148
292900 SAO FELIX,243.0,6,249.0,292900,São Félix,  2 929 008 ,   11 026,11026.0,22.58298567023399
292905 SAO FELIX DO CORIBE,175.0,2,177.0,292905,São Félix do Coribe,  2 929 057 ,   15 194,15194.0,11.649335263919967
292910 SAO FELIPE,273.0,28,301.0,292910,São Felipe,  2 929 107 ,   20 283,20283.0,14.840013804664006
292920 SAO FRANCISCO DO CONDE,853.0,20,873.0,292920,São Francisco do Conde,  2 929 206 ,   38 733,38733.0,22.538920300518935
292925 SAO GABRIEL,182.0,-,182.0,292925,São Gabriel,  2 929 255 ,   18 600,18600.0,9.78494623655914
292930 SAO GONCALO DOS CAMPOS,243.0,17,260.0,292930,São Gonçalo dos Campos,  2 929 305 ,   39 513,39513.0,6.58011287424392
292935 SAO JOSE DA VITORIA,78.0,-,78.0,292935,São José da Vitória,  2 929 354 ,   5 315,5315.0,14.675446848541863
292937 SAO JOSE DO JACUIPE,91.0,-,91.0,292937,São José do Jacuípe,  2 929 370 ,   10 187,10187.0,8.932953764601942
292940 SAO MIGUEL DAS MATAS,144.0,2,146.0,292940,São Miguel das Matas,  2 929 404 ,   10 334,10334.0,14.128120766402168
292950 SAO SEBASTIAO DO PASSE,414.0,36,450.0,292950,São Sebastião do Passé,  2 929 503 ,   40 958,40958.0,10.986864592997705
292960 SAPEACU,320.0,4,324.0,292960,Sapeaçu,  2 929 602 ,   17 963,17963.0,18.037076212213996
292970 SATIRO DIAS,169.0,-,169.0,292970,Sátiro Dias,  2 929 701 ,   16 008,16008.0,10.557221389305347
292975 SAUBARA,139.0,-,139.0,292975,Saubara,  2 929 750 ,   11 438,11438.0,12.15247420877776
292980 SAUDE,106.0,1,107.0,292980,Saúde,  2 929 800 ,   10 478,10478.0,10.211872494750907
292990 SEABRA,883.0,96,979.0,292990,Seabra,  2 929 909 ,   46 160,46160.0,21.208838821490467
293000 SEBASTIAO LARANJEIRAS,184.0,2,186.0,293000,Sebastião Laranjeiras,  2 930 006 ,   9 360,9360.0,19.871794871794872
293010 SENHOR DO BONFIM,877.0,235,1112.0,293010,Senhor do Bonfim,  2 930 105 ,   74 523,74523.0,14.921567838117092
293015 SERRA DO RAMALHO,247.0,10,257.0,293015,Serra do Ramalho,  2 930 154 ,   34 222,34222.0,7.509789024604056
293020 SENTO SE,305.0,1,306.0,293020,Sento Sé,  2 930 204 ,   38 154,38154.0,8.02012895109294
293030 SERRA DOURADA,281.0,14,295.0,293030,Serra Dourada,  2 930 303 ,   17 066,17066.0,17.2858314777921
293040 SERRA PRETA,130.0,1,131.0,293040,Serra Preta,  2 930 402 ,   17 996,17996.0,7.279395421204712
293050 SERRINHA,936.0,249,1185.0,293050,Serrinha,  2 930 501 ,   80 435,80435.0,14.732392615155094
293060 SERROLANDIA,162.0,6,168.0,293060,Serrolândia,  2 930 600 ,   13 335,13335.0,12.598425196850393
293070 SIMOES FILHO,913.0,91,1004.0,293070,Simões Filho,  2 930 709 ,   114 559,114559.0,8.76404298221877
293075 SITIO DO MATO,104.0,-,104.0,293075,Sítio do Mato,  2 930 758 ,   13 408,13408.0,7.756563245823389
293076 SITIO DO QUINTO,106.0,2,108.0,293076,Sítio do Quinto,  2 930 766 ,   14 773,14773.0,7.310634265213565
293077 SOBRADINHO,254.0,6,260.0,293077,Sobradinho,  2 930 774 ,   25 475,25475.0,10.206084396467125
293080 SOUTO SOARES,141.0,-,141.0,293080,Souto Soares,  2 930 808 ,   17 054,17054.0,8.267855048668935
293090 TABOCAS DO BREJO VELHO,164.0,-,164.0,293090,Tabocas do Brejo Velho,  2 930 907 ,   11 979,11979.0,13.690625260873194
293100 TANHACU,255.0,3,258.0,293100,Tanhaçu,  2 931 004 ,   21 006,21006.0,12.28220508426164
293105 TANQUE NOVO,275.0,15,290.0,293105,Tanque Novo,  2 931 053 ,   17 158,17158.0,16.90173679916074
293110 TANQUINHO,74.0,1,75.0,293110,Tanquinho,  2 931 103 ,   7 717,7717.0,9.71880264351432
293120 TAPEROA,163.0,-,163.0,293120,Taperoá,  2 931 202 ,   18 044,18044.0,9.03347373088007
293130 TAPIRAMUTA,202.0,4,206.0,293130,Tapiramutá,  2 931 301 ,   15 818,15818.0,13.02313819699077
293135 TEIXEIRA DE FREITAS,1793.0,340,2133.0,293135,Teixeira de Freitas,  2 931 350 ,   145 216,145216.0,14.688464081092992
293140 TEODORO SAMPAIO,129.0,11,140.0,293140,Teodoro Sampaio,  2 931 400 ,   7 110,7110.0,19.69057665260197
293150 TEOFILANDIA,198.0,15,213.0,293150,Teofilândia,  2 931 509 ,   21 176,21176.0,10.05855685681904
293160 TEOLANDIA,167.0,5,172.0,293160,Teolândia,  2 931 608 ,   15 332,15332.0,11.21836681450561
293170 TERRA NOVA,162.0,2,164.0,293170,Terra Nova,  2 931 707 ,   10 798,10798.0,15.187997777366178
293180 TREMEDAL,199.0,3,202.0,293180,Tremedal,  2 931 806 ,   16 296,16296.0,12.395679921453116
293190 TUCANO,472.0,11,483.0,293190,Tucano,  2 931 905 ,   48 736,48736.0,9.91053841103086
293200 UAUA,326.0,23,349.0,293200,Uauá,  2 932 002 ,   24 665,24665.0,14.149604703020476
293210 UBAIRA,178.0,4,182.0,293210,Ubaíra,  2 932 101 ,   18 626,18626.0,9.771287447653817
293220 UBAITABA,206.0,10,216.0,293220,Ubaitaba,  2 932 200 ,   17 596,17596.0,12.275517162991589
293230 UBATA,166.0,15,181.0,293230,Ubatã,  2 932 309 ,   16 094,16094.0,11.246427239965204
293240 UIBAI,116.0,2,118.0,293240,Uibaí,  2 932 408 ,   13 432,13432.0,8.78499106611078
293245 UMBURANAS,144.0,-,144.0,293245,Umburanas,  2 932 457 ,   13 642,13642.0,10.55563700337194
293250 UNA,274.0,9,283.0,293250,Una,  2 932 507 ,   18 131,18131.0,15.608626109977386
293260 URANDI,158.0,14,172.0,293260,Urandi,  2 932 606 ,   15 355,15355.0,11.201563008791926
293270 URUCUCA,176.0,4,180.0,293270,Uruçuca,  2 932 705 ,   21 420,21420.0,8.403361344537815
293280 UTINGA,208.0,7,215.0,293280,Utinga,  2 932 804 ,   16 277,16277.0,13.208822264545063
293290 VALENCA,1001.0,200,1201.0,293290,Valença,  2 932 903 ,   85 655,85655.0,14.021364777304303
293300 VALENTE,253.0,12,265.0,293300,Valente,  2 933 000 ,   24 362,24362.0,10.877596256464987
293305 VARZEA DA ROCA,159.0,-,159.0,293305,Várzea da Roça,  2 933 059 ,   13 800,13800.0,11.521739130434783
293310 VARZEA DO POCO,65.0,-,65.0,293310,Várzea do Poço,  2 933 109 ,   8 101,8101.0,8.023700777681768
293315 VARZEA NOVA,120.0,14,134.0,293315,Várzea Nova,  2 933 158 ,   13 377,13377.0,10.017193690663078
293317 VARZEDO,87.0,-,87.0,293317,Varzedo,  2 933 174 ,   9 913,9913.0,8.776354282255623
293320 VERA CRUZ,311.0,6,317.0,293320,Vera Cruz,  2 933 208 ,   42 529,42529.0,7.453737449740178
293325 VEREDA,96.0,1,97.0,293325,Vereda,  2 933 257 ,   6 003,6003.0,16.158587372980175
293330 VITORIA DA CONQUISTA,4923.0,1765,6688.0,293330,Vitória da Conquista,  2 933 307 ,   370 879,370879.0,18.03283550699824
293340 WAGNER,104.0,3,107.0,293340,Wagner,  2 933 406 ,   9 503,9503.0,11.25960223087446
293345 WANDERLEY,142.0,6,148.0,293345,Wanderley,  2 933 455 ,   12 968,12968.0,11.412708204811846
293350 WENCESLAU GUIMARAES,228.0,14,242.0,293350,Wenceslau Guimarães,  2 933 505 ,   24 474,24474.0,9.888044455340362
293360 XIQUE-XIQUE,448.0,24,472.0,293360,Xique-Xique,  2 933 604 ,   44 757,44757.0,10.545836405478473
310010 ABADIA DOS DOURADOS,95.0,1,96.0,310010,Abadia dos Dourados,  3 100 104 ,   6 272,6272.0,15.306122448979592
310020 ABAETE,328.0,53,381.0,310020,Abaeté,  3 100 203 ,   22 675,22675.0,16.802646085997797
310030 ABRE CAMPO,186.0,16,202.0,310030,Abre Campo,  3 100 302 ,   13 927,13927.0,14.504200473899619
310040 ACAIACA,62.0,4,66.0,310040,Acaiaca,  3 100 401 ,   3 909,3909.0,16.88411358403684
310050 ACUCENA,108.0,-,108.0,310050,Açucena,  3 100 500 ,   8 943,8943.0,12.076484401207649
310060 AGUA BOA,143.0,21,164.0,310060,Água Boa,  3 100 609 ,   12 589,12589.0,13.027246008420049
310070 AGUA COMPRIDA,57.0,-,57.0,310070,Água Comprida,  3 100 708 ,   2 108,2108.0,27.039848197343453
310080 AGUANIL,54.0,2,56.0,310080,Aguanil,  3 100 807 ,   4 357,4357.0,12.852880422308928
310090 AGUAS FORMOSAS,367.0,23,390.0,310090,Águas Formosas,  3 100 906 ,   18 448,18448.0,21.140503035559412
310100 AGUAS VERMELHAS,209.0,6,215.0,310100,Águas Vermelhas,  3 101 003 ,   14 037,14037.0,15.316663104651992
310110 AIMORES,371.0,21,392.0,310110,Aimorés,  3 101 102 ,   25 269,25269.0,15.513079267086153
310120 AIURUOCA,176.0,5,181.0,310120,Aiuruoca,  3 101 201 ,   6 233,6233.0,29.038986042034335
310130 ALAGOA,70.0,1,71.0,310130,Alagoa,  3 101 300 ,   2 749,2749.0,25.827573663150236
310140 ALBERTINA,68.0,-,68.0,310140,Albertina,  3 101 409 ,   2 952,2952.0,23.035230352303522
310150 ALEM PARAIBA,558.0,80,638.0,310150,Além Paraíba,  3 101 508 ,   30 717,30717.0,20.770257512126836
310160 ALFENAS,1814.0,395,2209.0,310160,Alfenas,  3 101 607 ,   78 970,78970.0,27.97264784095226
310163 ALFREDO VASCONCELOS,65.0,1,66.0,310163,Alfredo Vasconcelos,  3 101 631 ,   6 931,6931.0,9.522435435002164
310170 ALMENARA,549.0,33,582.0,310170,Almenara,  3 101 706 ,   40 364,40364.0,14.418789019918739
310180 ALPERCATA,63.0,2,65.0,310180,Alpercata,  3 101 805 ,   6 903,6903.0,9.416195856873822
310190 ALPINOPOLIS,241.0,72,313.0,310190,Alpinópolis,  3 101 904 ,   18 300,18300.0,17.103825136612024
310200 ALTEROSA,195.0,74,269.0,310200,Alterosa,  3 102 001 ,   13 915,13915.0,19.331656485806683
310205 ALTO CAPARAO,76.0,7,83.0,310205,Alto Caparaó,  3 102 050 ,   5 795,5795.0,14.322691975841243
310210 ALTO RIO DOCE,165.0,64,229.0,310210,Alto Rio Doce,  3 102 100 ,   10 891,10891.0,21.026535671655495
310220 ALVARENGA,97.0,3,100.0,310220,Alvarenga,  3 102 209 ,   3 975,3975.0,25.157232704402517
310230 ALVINOPOLIS,186.0,19,205.0,310230,Alvinópolis,  3 102 308 ,   15 059,15059.0,13.61312172122983
310240 ALVORADA DE MINAS,103.0,-,103.0,310240,Alvorada de Minas,  3 102 407 ,   4 159,4159.0,24.76556864630921
310250 AMPARO DO SERRA,57.0,1,58.0,310250,Amparo do Serra,  3 102 506 ,   4 541,4541.0,12.772517066725392
310260 ANDRADAS,444.0,138,582.0,310260,Andradas,  3 102 605 ,   40 553,40553.0,14.35158927822849
310270 CACHOEIRA DE PAJEU,132.0,2,134.0,310270,Cachoeira de Pajeú,  3 102 704 ,   9 110,9110.0,14.709110867178925
310280 ANDRELANDIA,165.0,83,248.0,310280,Andrelândia,  3 102 803 ,   11 927,11927.0,20.793158380145886
310285 ANGELANDIA,92.0,3,95.0,310285,Angelândia,  3 102 852 ,   7 718,7718.0,12.308888313034466
310290 ANTONIO CARLOS,225.0,25,250.0,310290,Antônio Carlos,  3 102 902 ,   11 095,11095.0,22.53267237494367
310300 ANTONIO DIAS,152.0,1,153.0,310300,Antônio Dias,  3 103 009 ,   9 219,9219.0,16.59616010413277
310310 ANTONIO PRADO DE MINAS,57.0,-,57.0,310310,Antônio Prado de Minas,  3 103 108 ,   1 538,1538.0,37.06111833550065
310320 ARACAI,72.0,-,72.0,310320,Araçaí,  3 103 207 ,   2 181,2181.0,33.012379642365886
310330 ARACITABA,46.0,-,46.0,310330,Aracitaba,  3 103 306 ,   2 049,2049.0,22.44997559785261
310340 ARACUAI,456.0,34,490.0,310340,Araçuaí,  3 103 405 ,   34 297,34297.0,14.286963874391345
310350 ARAGUARI,1982.0,799,2781.0,310350,Araguari,  3 103 504 ,   117 808,117808.0,23.606206709221784
310360 ARANTINA,61.0,16,77.0,310360,Arantina,  3 103 603 ,   2 915,2915.0,26.41509433962264
310370 ARAPONGA,124.0,2,126.0,310370,Araponga,  3 103 702 ,   8 048,8048.0,15.656063618290258
310375 ARAPORA,201.0,2,203.0,310375,Araporã,  3 103 751 ,   8 479,8479.0,23.941502535676378
310380 ARAPUA,80.0,-,80.0,310380,Arapuá,  3 103 801 ,   2 631,2631.0,30.40668947168377
310390 ARAUJOS,80.0,2,82.0,310390,Araújos,  3 103 900 ,   9 199,9199.0,8.914012392651376
310400 ARAXA,1515.0,533,2048.0,310400,Araxá,  3 104 007 ,   111 691,111691.0,18.336302835501517
310410 ARCEBURGO,139.0,9,148.0,310410,Arceburgo,  3 104 106 ,   9 177,9177.0,16.127274708510406
310420 ARCOS,450.0,109,559.0,310420,Arcos,  3 104 205 ,   41 416,41416.0,13.497199150086923
310430 AREADO,175.0,40,215.0,310430,Areado,  3 104 304 ,   13 881,13881.0,15.48879763705785
310440 ARGIRITA,44.0,-,44.0,310440,Argirita,  3 104 403 ,   2 688,2688.0,16.36904761904762
310445 ARICANDUVA,64.0,7,71.0,310445,Aricanduva,  3 104 452 ,   4 719,4719.0,15.045560500105955
310450 ARINOS,327.0,61,388.0,310450,Arinos,  3 104 502 ,   17 272,17272.0,22.464103751736914
310460 ASTOLFO DUTRA,148.0,28,176.0,310460,Astolfo Dutra,  3 104 601 ,   14 138,14138.0,12.448719762342623
310470 ATALEIA,143.0,3,146.0,310470,Ataléia,  3 104 700 ,   13 736,13736.0,10.629004076878276
310480 AUGUSTO DE LIMA,73.0,-,73.0,310480,Augusto de Lima,  3 104 809 ,   4 538,4538.0,16.08638166593213
310490 BAEPENDI,387.0,74,461.0,310490,Baependi,  3 104 908 ,   18 366,18366.0,25.10072960906022
310500 BALDIM,130.0,13,143.0,310500,Baldim,  3 105 004 ,   7 492,7492.0,19.087026161238654
310510 BAMBUI,398.0,140,538.0,310510,Bambuí,  3 105 103 ,   23 546,23546.0,22.84889153147031
310520 BANDEIRA,58.0,13,71.0,310520,Bandeira,  3 105 202 ,   4 741,4741.0,14.975743514026576
310530 BANDEIRA DO SUL,69.0,11,80.0,310530,Bandeira do Sul,  3 105 301 ,   5 943,5943.0,13.461214874642435
310540 BARAO DE COCAIS,491.0,377,868.0,310540,Barão de Cocais,  3 105 400 ,   30 778,30778.0,28.2019624407044
310550 BARAO DE MONTE ALTO,88.0,1,89.0,310550,Barão de Monte Alto,  3 105 509 ,   4 964,4964.0,17.929089443996777
310560 BARBACENA,3653.0,974,4627.0,310560,Barbacena,  3 105 608 ,   125 317,125317.0,36.922364882657575
310570 BARRA LONGA,65.0,-,65.0,310570,Barra Longa,  3 105 707 ,   5 666,5666.0,11.471937875044121
310590 BARROSO,390.0,40,430.0,310590,Barroso,  3 105 905 ,   20 080,20080.0,21.41434262948207
310600 BELA VISTA DE MINAS,107.0,30,137.0,310600,Bela Vista de Minas,  3 106 002 ,   10 167,10167.0,13.474968033834957
310610 BELMIRO BRAGA,95.0,3,98.0,310610,Belmiro Braga,  3 106 101 ,   3 244,3244.0,30.209617755856968
310620 BELO HORIZONTE,61869.0,32219,94088.0,310620,Belo Horizonte,  3 106 200 ,  2 315 560,2315560.0,40.63293544542141
310630 BELO ORIENTE,433.0,104,537.0,310630,Belo Oriente,  3 106 309 ,   23 928,23928.0,22.44232698094283
310640 BELO VALE,159.0,-,159.0,310640,Belo Vale,  3 106 408 ,   8 627,8627.0,18.430508867508983
310650 BERILO,151.0,9,160.0,310650,Berilo,  3 106 507 ,   9 826,9826.0,16.28332994097293
310660 BERTOPOLIS,98.0,-,98.0,310660,Bertópolis,  3 106 606 ,   4 451,4451.0,22.017524151875985
310665 BERIZAL,67.0,2,69.0,310665,Berizal,  3 106 655 ,   4 201,4201.0,16.424660795048798
310670 BETIM,6527.0,3052,9579.0,310670,Betim,  3 106 705 ,   411 846,411846.0,23.258693783598723
310680 BIAS FORTES,66.0,-,66.0,310680,Bias Fortes,  3 106 804 ,   3 361,3361.0,19.637012793811365
310690 BICAS,217.0,54,271.0,310690,Bicas,  3 106 903 ,   13 978,13978.0,19.38760910001431
310700 BIQUINHAS,48.0,-,48.0,310700,Biquinhas,  3 107 000 ,   2 383,2383.0,20.142677297524127
310710 BOA ESPERANCA,498.0,77,575.0,310710,Boa Esperança,  3 107 109 ,   39 848,39848.0,14.429833366793817
310720 BOCAINA DE MINAS,88.0,12,100.0,310720,Bocaina de Minas,  3 107 208 ,   5 348,5348.0,18.698578908002993
310730 BOCAIUVA,575.0,47,622.0,310730,Bocaiúva,  3 107 307 ,   48 032,48032.0,12.949700199866754
310740 BOM DESPACHO,741.0,150,891.0,310740,Bom Despacho,  3 107 406 ,   51 737,51737.0,17.221717532906816
310750 BOM JARDIM DE MINAS,161.0,29,190.0,310750,Bom Jardim de Minas,  3 107 505 ,   6 783,6783.0,28.011204481792717
310760 BOM JESUS DA PENHA,73.0,-,73.0,310760,Bom Jesus da Penha,  3 107 604 ,   4 474,4474.0,16.316495306213678
310770 BOM JESUS DO AMPARO,50.0,1,51.0,310770,Bom Jesus do Amparo,  3 107 703 ,   5 631,5631.0,9.057005860415556
310780 BOM JESUS DO GALHO,168.0,2,170.0,310780,Bom Jesus do Galho,  3 107 802 ,   14 536,14536.0,11.695101816180516
310790 BOM REPOUSO,107.0,10,117.0,310790,Bom Repouso,  3 107 901 ,   12 649,12649.0,9.249743062692703
310800 BOM SUCESSO,197.0,14,211.0,310800,Bom Sucesso,  3 108 008 ,   17 151,17151.0,12.302489650749227
310810 BONFIM,78.0,9,87.0,310810,Bonfim,  3 108 107 ,   7 434,7434.0,11.702986279257466
310820 BONFINOPOLIS DE MINAS,105.0,1,106.0,310820,Bonfinópolis de Minas,  3 108 206 ,   5 528,5528.0,19.17510853835022
310825 BONITO DE MINAS,181.0,3,184.0,310825,Bonito de Minas,  3 108 255 ,   10 204,10204.0,18.03214425715406
310830 BORDA DA MATA,132.0,21,153.0,310830,Borda da Mata,  3 108 305 ,   17 404,17404.0,8.791082509767868
310840 BOTELHOS,171.0,21,192.0,310840,Botelhos,  3 108 404 ,   14 828,14828.0,12.948475856487725
310850 BOTUMIRIM,75.0,-,75.0,310850,Botumirim,  3 108 503 ,   5 790,5790.0,12.953367875647668
310855 BRASILANDIA DE MINAS,212.0,25,237.0,310855,Brasilândia de Minas,  3 108 552 ,   15 020,15020.0,15.778961384820239
310860 BRASILIA DE MINAS,725.0,114,839.0,310860,Brasília de Minas,  3 108 602 ,   32 025,32025.0,26.198282591725214
310870 BRAS PIRES,64.0,5,69.0,310870,Brás Pires,  3 108 701 ,   4 260,4260.0,16.197183098591548
310880 BRAUNAS,63.0,1,64.0,310880,Braúnas,  3 108 800 ,   4 441,4441.0,14.411168655708174
310890 BRAZOPOLIS,132.0,29,161.0,310890,Brazópolis,  3 108 909 ,   14 246,14246.0,11.301417941878421
310900 BRUMADINHO,1135.0,109,1244.0,310900,Brumadinho,  3 109 006 ,   38 915,38915.0,31.96710779904921
310910 BUENO BRANDAO,123.0,28,151.0,310910,Bueno Brandão,  3 109 105 ,   10 911,10911.0,13.839244798826872
310920 BUENOPOLIS,123.0,1,124.0,310920,Buenópolis,  3 109 204 ,   9 150,9150.0,13.551912568306012
310925 BUGRE,69.0,1,70.0,310925,Bugre,  3 109 253 ,   4 041,4041.0,17.32244493937144
310930 BURITIS,338.0,36,374.0,310930,Buritis,  3 109 303 ,   24 030,24030.0,15.5638784852268
310940 BURITIZEIRO,407.0,7,414.0,310940,Buritizeiro,  3 109 402 ,   23 910,23910.0,17.31493099121706
310945 CABECEIRA GRANDE,114.0,15,129.0,310945,Cabeceira Grande,  3 109 451 ,   6 627,6627.0,19.46582163875057
310950 CABO VERDE,162.0,7,169.0,310950,Cabo Verde,  3 109 501 ,   11 410,11410.0,14.811568799298861
310960 CACHOEIRA DA PRATA,66.0,3,69.0,310960,Cachoeira da Prata,  3 109 600 ,   3 693,3693.0,18.68399675060926
310970 CACHOEIRA DE MINAS,127.0,12,139.0,310970,Cachoeira de Minas,  3 109 709 ,   11 883,11883.0,11.69738281578726
310980 CACHOEIRA DOURADA,60.0,-,60.0,310980,Cachoeira Dourada,  3 109 808 ,   2 315,2315.0,25.91792656587473
310990 CAETANOPOLIS,198.0,12,210.0,310990,Caetanópolis,  3 109 907 ,   11 435,11435.0,18.364669873196327
311000 CAETE,419.0,57,476.0,311000,Caeté,  3 110 004 ,   38 776,38776.0,12.275634413038992
311010 CAIANA,88.0,1,89.0,311010,Caiana,  3 110 103 ,   5 304,5304.0,16.77978883861237
311020 CAJURI,73.0,3,76.0,311020,Cajuri,  3 110 202 ,   4 088,4088.0,18.590998043052835
311030 CALDAS,206.0,16,222.0,311030,Caldas,  3 110 301 ,   14 217,14217.0,15.615108672715762
311040 CAMACHO,54.0,4,58.0,311040,Camacho,  3 110 400 ,   2 838,2838.0,20.4369274136716
311050 CAMANDUCAIA,196.0,32,228.0,311050,Camanducaia,  3 110 509 ,   26 097,26097.0,8.736636394987931
311060 CAMBUI,318.0,84,402.0,311060,Cambuí,  3 110 608 ,   29 536,29536.0,13.610509209100758
311070 CAMBUQUIRA,173.0,15,188.0,311070,Cambuquira,  3 110 707 ,   12 313,12313.0,15.268415495817429
311080 CAMPANARIO,90.0,-,90.0,311080,Campanário,  3 110 806 ,   2 923,2923.0,30.790283954840916
311090 CAMPANHA,244.0,73,317.0,311090,Campanha,  3 110 905 ,   15 935,15935.0,19.893316598682148
311100 CAMPESTRE,256.0,55,311.0,311100,Campestre,  3 111 002 ,   20 696,20696.0,15.027058368766912
311110 CAMPINA VERDE,314.0,42,356.0,311110,Campina Verde,  3 111 101 ,   18 011,18011.0,19.765698739659097
311115 CAMPO AZUL,77.0,3,80.0,311115,Campo Azul,  3 111 150 ,   3 714,3714.0,21.54011847065159
311120 CAMPO BELO,1119.0,157,1276.0,311120,Campo Belo,  3 111 200 ,   52 277,52277.0,24.408439657975784
311130 CAMPO DO MEIO,172.0,3,175.0,311130,Campo do Meio,  3 111 309 ,   11 377,11377.0,15.381910872813572
311140 CAMPO FLORIDO,116.0,4,120.0,311140,Campo Florido,  3 111 408 ,   8 466,8466.0,14.174344436569807
311150 CAMPOS ALTOS,155.0,7,162.0,311150,Campos Altos,  3 111 507 ,   12 979,12979.0,12.481701209646351
311160 CAMPOS GERAIS,301.0,21,322.0,311160,Campos Gerais,  3 111 606 ,   26 105,26105.0,12.334801762114537
311170 CANAA,94.0,1,95.0,311170,Canaã,  3 111 705 ,   4 715,4715.0,20.148462354188762
311180 CANAPOLIS,135.0,58,193.0,311180,Canápolis,  3 111 804 ,   10 608,10608.0,18.193815987933636
311190 CANA VERDE,69.0,3,72.0,311190,Cana Verde,  3 111 903 ,   5 272,5272.0,13.657056145675266
311200 CANDEIAS,172.0,71,243.0,311200,Candeias,  3 112 000 ,   14 001,14001.0,17.355903149775017
311205 CANTAGALO,61.0,-,61.0,311205,Cantagalo,  3 112 059 ,   3 974,3974.0,15.349773527931555
311210 CAPARAO,65.0,2,67.0,311210,Caparaó,  3 112 109 ,   5 048,5048.0,13.272583201267828
311220 CAPELA NOVA,83.0,5,88.0,311220,Capela Nova,  3 112 208 ,   4 362,4362.0,20.174232003668042
311230 CAPELINHA,478.0,102,580.0,311230,Capelinha,  3 112 307 ,   39 626,39626.0,14.63685459042043
311240 CAPETINGA,73.0,3,76.0,311240,Capetinga,  3 112 406 ,   6 562,6562.0,11.581834806461446
311250 CAPIM BRANCO,100.0,-,100.0,311250,Capim Branco,  3 112 505 ,   10 663,10663.0,9.378223764419019
311260 CAPINOPOLIS,180.0,12,192.0,311260,Capinópolis,  3 112 604 ,   14 655,14655.0,13.101330603889457
311265 CAPITAO ANDRADE,95.0,-,95.0,311265,Capitão Andrade,  3 112 653 ,   4 585,4585.0,20.719738276990185
311270 CAPITAO ENEAS,194.0,8,202.0,311270,Capitão Enéas,  3 112 703 ,   14 108,14108.0,14.31811738020981
311280 CAPITOLIO,133.0,3,136.0,311280,Capitólio,  3 112 802 ,   10 380,10380.0,13.102119460500962
311290 CAPUTIRA,91.0,4,95.0,311290,Caputira,  3 112 901 ,   8 936,8936.0,10.631154879140556
311300 CARAI,176.0,8,184.0,311300,Caraí,  3 113 008 ,   19 548,19548.0,9.412727644771845
311310 CARANAIBA,44.0,3,47.0,311310,Caranaíba,  3 113 107 ,   2 933,2933.0,16.024548244118648
311320 CARANDAI,442.0,103,545.0,311320,Carandaí,  3 113 206 ,   23 812,23812.0,22.887619687552494
311330 CARANGOLA,930.0,68,998.0,311330,Carangola,  3 113 305 ,   31 240,31240.0,31.946222791293216
311340 CARATINGA,1205.0,322,1527.0,311340,Caratinga,  3 113 404 ,   87 360,87360.0,17.479395604395606
311350 CARBONITA,106.0,15,121.0,311350,Carbonita,  3 113 503 ,   8 512,8512.0,14.215225563909774
311360 CAREACU,65.0,39,104.0,311360,Careaçu,  3 113 602 ,   6 816,6816.0,15.258215962441314
311370 CARLOS CHAGAS,228.0,13,241.0,311370,Carlos Chagas,  3 113 701 ,   18 615,18615.0,12.946548482406662
311380 CARMESIA,53.0,-,53.0,311380,Carmésia,  3 113 800 ,   2 605,2605.0,20.34548944337812
311390 CARMO DA CACHOEIRA,127.0,5,132.0,311390,Carmo da Cachoeira,  3 113 909 ,   11 547,11547.0,11.431540659911665
311400 CARMO DA MATA,140.0,12,152.0,311400,Carmo da Mata,  3 114 006 ,   11 019,11019.0,13.79435520464652
311410 CARMO DE MINAS,195.0,20,215.0,311410,Carmo de Minas,  3 114 105 ,   13 797,13797.0,15.583097774878595
311420 CARMO DO CAJURU,205.0,13,218.0,311420,Carmo do Cajuru,  3 114 204 ,   23 479,23479.0,9.284892883001831
311430 CARMO DO PARANAIBA,464.0,177,641.0,311430,Carmo do Paranaíba,  3 114 303 ,   29 011,29011.0,22.09506738823205
311440 CARMO DO RIO CLARO,237.0,34,271.0,311440,Carmo do Rio Claro,  3 114 402 ,   20 954,20954.0,12.933091533836022
311450 CARMOPOLIS DE MINAS,200.0,75,275.0,311450,Carmópolis de Minas,  3 114 501 ,   18 003,18003.0,15.27523190579348
311455 CARNEIRINHO,177.0,10,187.0,311455,Carneirinho,  3 114 550 ,   9 422,9422.0,19.84716620675016
311460 CARRANCAS,76.0,1,77.0,311460,Carrancas,  3 114 600 ,   4 049,4049.0,19.01704124475179
311470 CARVALHOPOLIS,53.0,3,56.0,311470,Carvalhópolis,  3 114 709 ,   3 341,3341.0,16.761448668063455
311480 CARVALHOS,66.0,5,71.0,311480,Carvalhos,  3 114 808 ,   4 422,4422.0,16.056083220262323
311490 CASA GRANDE,34.0,-,34.0,311490,Casa Grande,  3 114 907 ,   2 214,2214.0,15.356820234869016
311500 CASCALHO RICO,71.0,-,71.0,311500,Cascalho Rico,  3 115 003 ,   2 712,2712.0,26.179941002949853
311510 CASSIA,288.0,17,305.0,311510,Cássia,  3 115 102 ,   17 155,17155.0,17.779073156514134
311520 CONCEICAO DA BARRA DE MINAS,63.0,1,64.0,311520,Conceição da Barra de Minas,  3 115 201 ,   3 560,3560.0,17.97752808988764
311530 CATAGUASES,829.0,278,1107.0,311530,Cataguases,  3 115 300 ,   66 261,66261.0,16.70666002625979
311535 CATAS ALTAS,58.0,6,64.0,311535,Catas Altas,  3 115 359 ,   5 473,5473.0,11.693769413484379
311540 CATAS ALTAS DA NORUEGA,33.0,-,33.0,311540,Catas Altas da Noruega,  3 115 409 ,   3 110,3110.0,10.610932475884246
311545 CATUJI,86.0,1,87.0,311545,Catuji,  3 115 458 ,   7 030,7030.0,12.375533428165006
311547 CATUTI,72.0,2,74.0,311547,Catuti,  3 115 474 ,   4 739,4739.0,15.615108672715762
311550 CAXAMBU,300.0,179,479.0,311550,Caxambu,  3 115 508 ,   21 056,21056.0,22.74886018237082
311560 CEDRO DO ABAETE,35.0,1,36.0,311560,Cedro do Abaeté,  3 115 607 ,   1 081,1081.0,33.30249768732655
311570 CENTRAL DE MINAS,91.0,4,95.0,311570,Central de Minas,  3 115 706 ,   6 171,6171.0,15.394587587100956
311580 CENTRALINA,146.0,2,148.0,311580,Centralina,  3 115 805 ,   10 207,10207.0,14.49985304202998
311590 CHACARA,58.0,-,58.0,311590,Chácara,  3 115 904 ,   3 075,3075.0,18.86178861788618
311600 CHALE,82.0,4,86.0,311600,Chalé,  3 116 001 ,   6 075,6075.0,14.156378600823045
311610 CHAPADA DO NORTE,210.0,4,214.0,311610,Chapada do Norte,  3 116 100 ,   10 337,10337.0,20.702331430782625
311615 CHAPADA GAUCHA,209.0,42,251.0,311615,Chapada Gaúcha,  3 116 159 ,   12 355,12355.0,20.315661675435045
311620 CHIADOR,80.0,-,80.0,311620,Chiador,  3 116 209 ,   2 800,2800.0,28.57142857142857
311630 CIPOTANEA,80.0,5,85.0,311630,Cipotânea,  3 116 308 ,   5 581,5581.0,15.230245475721198
311640 CLARAVAL,54.0,-,54.0,311640,Claraval,  3 116 407 ,   4 658,4658.0,11.592958351223702
311650 CLARO DOS POCOES,98.0,1,99.0,311650,Claro dos Poções,  3 116 506 ,   7 166,7166.0,13.815238626849009
311660 CLAUDIO,282.0,126,408.0,311660,Cláudio,  3 116 605 ,   30 159,30159.0,13.528300009947278
311670 COIMBRA,61.0,9,70.0,311670,Coimbra,  3 116 704 ,   7 117,7117.0,9.835604889700717
311680 COLUNA,144.0,58,202.0,311680,Coluna,  3 116 803 ,   8 163,8163.0,24.745804238637756
311690 COMENDADOR GOMES,52.0,2,54.0,311690,Comendador Gomes,  3 116 902 ,   2 773,2773.0,19.473494410385864
311700 COMERCINHO,84.0,7,91.0,311700,Comercinho,  3 117 009 ,   6 660,6660.0,13.663663663663664
311710 CONCEICAO DA APARECIDA,144.0,84,228.0,311710,Conceição da Aparecida,  3 117 108 ,   10 371,10371.0,21.98437951981487
311720 CONCEICAO DAS PEDRAS,51.0,-,51.0,311720,Conceição das Pedras,  3 117 207 ,   2 772,2772.0,18.3982683982684
311730 CONCEICAO DAS ALAGOAS,394.0,31,425.0,311730,Conceição das Alagoas,  3 117 306 ,   28 381,28381.0,14.97480708924985
311740 CONCEICAO DE IPANEMA,65.0,2,67.0,311740,Conceição de Ipanema,  3 117 405 ,   4 409,4409.0,15.196189612156953
311750 CONCEICAO DO MATO DENTRO,354.0,50,404.0,311750,Conceição do Mato Dentro,  3 117 504 ,   23 163,23163.0,17.4416094633683
311760 CONCEICAO DO PARA,67.0,10,77.0,311760,Conceição do Pará,  3 117 603 ,   5 415,5415.0,14.219759926131117
311770 CONCEICAO DO RIO VERDE,139.0,23,162.0,311770,Conceição do Rio Verde,  3 117 702 ,   12 541,12541.0,12.917630173032453
311780 CONCEICAO DOS OUROS,98.0,15,113.0,311780,Conceição dos Ouros,  3 117 801 ,   10 880,10880.0,10.386029411764705
311783 CONEGO MARINHO,102.0,7,109.0,311783,Cônego Marinho,  3 117 836 ,   7 237,7237.0,15.061489567500345
311787 CONFINS,129.0,33,162.0,311787,Confins,  3 117 876 ,   7 350,7350.0,22.040816326530614
311790 CONGONHAL,118.0,14,132.0,311790,Congonhal,  3 117 900 ,   11 083,11083.0,11.910132635567987
311800 CONGONHAS,1155.0,256,1411.0,311800,Congonhas,  3 118 007 ,   52 890,52890.0,26.678010966156176
311810 CONGONHAS DO NORTE,69.0,2,71.0,311810,Congonhas do Norte,  3 118 106 ,   4 831,4831.0,14.696750155247361
311820 CONQUISTA,120.0,8,128.0,311820,Conquista,  3 118 205 ,   6 694,6694.0,19.121601434120105
311830 CONSELHEIRO LAFAIETE,1989.0,741,2730.0,311830,Conselheiro Lafaiete,  3 118 304 ,   131 621,131621.0,20.741371057809925
311840 CONSELHEIRO PENA,258.0,61,319.0,311840,Conselheiro Pena,  3 118 403 ,   20 824,20824.0,15.31886285055705
311850 CONSOLACAO,17.0,-,17.0,311850,Consolação,  3 118 502 ,   1 563,1563.0,10.876519513755598
311860 CONTAGEM,7344.0,2851,10195.0,311860,Contagem,  3 118 601 ,   621 863,621863.0,16.394286201301572
311870 COQUEIRAL,105.0,4,109.0,311870,Coqueiral,  3 118 700 ,   9 023,9023.0,12.080239388230078
311880 CORACAO DE JESUS,450.0,26,476.0,311880,Coração de Jesus,  3 118 809 ,   25 377,25377.0,18.757142294203412
311890 CORDISBURGO,66.0,2,68.0,311890,Cordisburgo,  3 118 908 ,   7 547,7547.0,9.010202729561415
311900 CORDISLANDIA,40.0,1,41.0,311900,Cordislândia,  3 119 005 ,   3 200,3200.0,12.8125
311910 CORINTO,262.0,31,293.0,311910,Corinto,  3 119 104 ,   23 532,23532.0,12.451130375658677
311920 COROACI,101.0,-,101.0,311920,Coroaci,  3 119 203 ,   10 884,10884.0,9.279676589489158
311930 COROMANDEL,406.0,175,581.0,311930,Coromandel,  3 119 302 ,   28 894,28894.0,20.107980895687685
311940 CORONEL FABRICIANO,1281.0,586,1867.0,311940,Coronel Fabriciano,  3 119 401 ,   104 736,104736.0,17.825771463489154
311950 CORONEL MURTA,84.0,3,87.0,311950,Coronel Murta,  3 119 500 ,   8 200,8200.0,10.609756097560977
311960 CORONEL PACHECO,72.0,1,73.0,311960,Coronel Pacheco,  3 119 609 ,   2 762,2762.0,26.430123099203474
311970 CORONEL XAVIER CHAVES,39.0,3,42.0,311970,Coronel Xavier Chaves,  3 119 708 ,   3 486,3486.0,12.048192771084338
311980 CORREGO DANTA,50.0,4,54.0,311980,Córrego Danta,  3 119 807 ,   2 960,2960.0,18.243243243243246
311990 CORREGO DO BOM JESUS,26.0,-,26.0,311990,Córrego do Bom Jesus,  3 119 906 ,   4 272,4272.0,6.086142322097379
311995 CORREGO FUNDO,84.0,4,88.0,311995,Córrego Fundo,  3 119 955 ,   6 133,6133.0,14.3486059024947
312000 CORREGO NOVO,39.0,-,39.0,312000,Córrego Novo,  3 120 003 ,   2 875,2875.0,13.565217391304348
312010 COUTO DE MAGALHAES DE MINAS,70.0,1,71.0,312010,Couto de Magalhães de Minas,  3 120 102 ,   4 245,4245.0,16.725559481743225
312015 CRISOLITA,85.0,1,86.0,312015,Crisólita,  3 120 151 ,   5 265,5265.0,16.334283000949668
312020 CRISTAIS,132.0,12,144.0,312020,Cristais,  3 120 201 ,   12 197,12197.0,11.80618184799541
312030 CRISTALIA,75.0,-,75.0,312030,Cristália,  3 120 300 ,   5 121,5121.0,14.645577035735208
312040 CRISTIANO OTONI,47.0,-,47.0,312040,Cristiano Otoni,  3 120 409 ,   4 667,4667.0,10.07070923505464
312050 CRISTINA,150.0,14,164.0,312050,Cristina,  3 120 508 ,   10 374,10374.0,15.808752650857915
312060 CRUCILANDIA,76.0,130,206.0,312060,Crucilândia,  3 120 607 ,   5 434,5434.0,37.90945896209054
312070 CRUZEIRO DA FORTALEZA,76.0,2,78.0,312070,Cruzeiro da Fortaleza,  3 120 706 ,   3 521,3521.0,22.152797500710022
312080 CRUZILIA,293.0,13,306.0,312080,Cruzília,  3 120 805 ,   15 362,15362.0,19.919281343575054
312083 CUPARAQUE,69.0,2,71.0,312083,Cuparaque,  3 120 839 ,   3 983,3983.0,17.82575947778057
312087 CURRAL DE DENTRO,147.0,-,147.0,312087,Curral de Dentro,  3 120 870 ,   7 406,7406.0,19.84877126654064
312090 CURVELO,1278.0,407,1685.0,312090,Curvelo,  3 120 904 ,   80 665,80665.0,20.888861340110335
312100 DATAS,85.0,-,85.0,312100,Datas,  3 121 001 ,   5 465,5465.0,15.55352241537054
312110 DELFIM MOREIRA,78.0,10,88.0,312110,Delfim Moreira,  3 121 100 ,   7 952,7952.0,11.066398390342052
312120 DELFINOPOLIS,111.0,1,112.0,312120,Delfinópolis,  3 121 209 ,   8 393,8393.0,13.344453711426189
312125 DELTA,146.0,5,151.0,312125,Delta,  3 121 258 ,   10 494,10494.0,14.389174766533257
312130 DESCOBERTO,69.0,1,70.0,312130,Descoberto,  3 121 308 ,   4 928,4928.0,14.204545454545453
312140 DESTERRO DE ENTRE RIOS,104.0,15,119.0,312140,Desterro de Entre Rios,  3 121 407 ,   7 653,7653.0,15.549457728995165
312150 DESTERRO DO MELO,47.0,2,49.0,312150,Desterro do Melo,  3 121 506 ,   2 994,2994.0,16.366065464261858
312160 DIAMANTINA,1480.0,118,1598.0,312160,Diamantina,  3 121 605 ,   47 702,47702.0,33.49964362081254
312170 DIOGO DE VASCONCELOS,48.0,-,48.0,312170,Diogo de Vasconcelos,  3 121 704 ,   3 549,3549.0,13.524936601859679
312180 DIONISIO,114.0,2,116.0,312180,Dionísio,  3 121 803 ,   6 847,6847.0,16.94172630349058
312190 DIVINESIA,84.0,-,84.0,312190,Divinésia,  3 121 902 ,   4 226,4226.0,19.876952200662565
312200 DIVINO,200.0,145,345.0,312200,Divino,  3 122 009 ,   20 706,20706.0,16.661837148652566
312210 DIVINO DAS LARANJEIRAS,76.0,2,78.0,312210,Divino das Laranjeiras,  3 122 108 ,   4 178,4178.0,18.669219722355194
312220 DIVINOLANDIA DE MINAS,81.0,4,85.0,312220,Divinolândia de Minas,  3 122 207 ,   6 516,6516.0,13.044812768569674
312230 DIVINOPOLIS,4217.0,2435,6652.0,312230,Divinópolis,  3 122 306 ,   231 091,231091.0,28.785197173407877
312235 DIVISA ALEGRE,74.0,10,84.0,312235,Divisa Alegre,  3 122 355 ,   6 321,6321.0,13.289036544850498
312240 DIVISA NOVA,72.0,2,74.0,312240,Divisa Nova,  3 122 405 ,   5 851,5851.0,12.647410699025807
312245 DIVISOPOLIS,69.0,6,75.0,312245,Divisópolis,  3 122 454 ,   10 213,10213.0,7.343581709585822
312247 DOM BOSCO,86.0,-,86.0,312247,Dom Bosco,  3 122 470 ,   3 697,3697.0,23.262104408980253
312250 DOM CAVATI,66.0,3,69.0,312250,Dom Cavati,  3 122 504 ,   4 904,4904.0,14.070146818923327
312260 DOM JOAQUIM,97.0,-,97.0,312260,Dom Joaquim,  3 122 603 ,   4 899,4899.0,19.799959175341908
312270 DOM SILVERIO,102.0,6,108.0,312270,Dom Silvério,  3 122 702 ,   5 228,5228.0,20.657995409334355
312280 DOM VICOSO,61.0,4,65.0,312280,Dom Viçoso,  3 122 801 ,   3 095,3095.0,21.0016155088853
312290 DONA EUSEBIA,58.0,-,58.0,312290,Dona Euzébia,  3 122 900 ,   6 093,6093.0,9.519120301985884
312300 DORES DE CAMPOS,88.0,33,121.0,312300,Dores de Campos,  3 123 007 ,   10 007,10007.0,12.091535924852604
312310 DORES DE GUANHAES,62.0,2,64.0,312310,Dores de Guanhães,  3 123 106 ,   5 029,5029.0,12.726188108967985
312320 DORES DO INDAIA,150.0,21,171.0,312320,Dores do Indaiá,  3 123 205 ,   12 630,12630.0,13.539192399049881
312330 DORES DO TURVO,59.0,3,62.0,312330,Dores do Turvo,  3 123 304 ,   4 987,4987.0,12.432324042510528
312340 DORESOPOLIS,41.0,-,41.0,312340,Doresópolis,  3 123 403 ,   1 461,1461.0,28.06297056810404
312350 DOURADOQUARA,47.0,-,47.0,312350,Douradoquara,  3 123 502 ,   1 829,1829.0,25.697102241662108
312352 DURANDE,73.0,2,75.0,312352,Durandé,  3 123 528 ,   7 817,7817.0,9.594473583216068
312360 ELOI MENDES,254.0,147,401.0,312360,Elói Mendes,  3 123 601 ,   26 336,26336.0,15.226306196840827
312370 ENGENHEIRO CALDAS,173.0,18,191.0,312370,Engenheiro Caldas,  3 123 700 ,   13 622,13622.0,14.021435912494495
312380 ENGENHEIRO NAVARRO,88.0,-,88.0,312380,Engenheiro Navarro,  3 123 809 ,   6 354,6354.0,13.849543594586088
312385 ENTRE FOLHAS,76.0,1,77.0,312385,Entre Folhas,  3 123 858 ,   5 179,5179.0,14.867735083993049
312390 ENTRE RIOS DE MINAS,183.0,57,240.0,312390,Entre Rios de Minas,  3 123 908 ,   14 746,14746.0,16.275600162756
312400 ERVALIA,290.0,8,298.0,312400,Ervália,  3 124 005 ,   20 255,20255.0,14.712416687237718
312410 ESMERALDAS,567.0,54,621.0,312410,Esmeraldas,  3 124 104 ,   85 598,85598.0,7.25484240285988
312420 ESPERA FELIZ,268.0,10,278.0,312420,Espera Feliz,  3 124 203 ,   24 102,24102.0,11.534312505186291
312430 ESPINOSA,332.0,34,366.0,312430,Espinosa,  3 124 302 ,   30 443,30443.0,12.022468219295076
312440 ESPIRITO SANTO DO DOURADO,63.0,-,63.0,312440,Espírito Santo do Dourado,  3 124 401 ,   6 611,6611.0,9.529571925578582
312450 ESTIVA,102.0,7,109.0,312450,Estiva,  3 124 500 ,   11 502,11502.0,9.47661276299774
312460 ESTRELA DALVA,49.0,-,49.0,312460,Estrela Dalva,  3 124 609 ,   2 186,2186.0,22.41537053979872
312470 ESTRELA DO INDAIA,54.0,5,59.0,312470,Estrela do Indaiá,  3 124 708 ,   2 772,2772.0,21.284271284271284
312480 ESTRELA DO SUL,108.0,-,108.0,312480,Estrela do Sul,  3 124 807 ,   6 840,6840.0,15.789473684210527
312490 EUGENOPOLIS,149.0,10,159.0,312490,Eugenópolis,  3 124 906 ,   10 801,10801.0,14.720859179705583
312500 EWBANK DA CAMARA,74.0,-,74.0,312500,Ewbank da Câmara,  3 125 002 ,   3 875,3875.0,19.096774193548384
312510 EXTREMA,706.0,124,830.0,312510,Extrema,  3 125 101 ,   53 482,53482.0,15.5192401181706
312520 FAMA,32.0,-,32.0,312520,Fama,  3 125 200 ,   2 578,2578.0,12.412723041117145
312530 FARIA LEMOS,44.0,1,45.0,312530,Faria Lemos,  3 125 309 ,   3 188,3188.0,14.11543287327478
312540 FELICIO DOS SANTOS,112.0,-,112.0,312540,Felício dos Santos,  3 125 408 ,   5 133,5133.0,21.81959867523865
312550 SAO GONCALO DO RIO PRETO,67.0,1,68.0,312550,São Gonçalo do Rio Preto,  3 125 507 ,   3 032,3032.0,22.427440633245382
312560 FELISBURGO,119.0,1,120.0,312560,Felisburgo,  3 125 606 ,   6 489,6489.0,18.49283402681461
312570 FELIXLANDIA,226.0,51,277.0,312570,Felixlândia,  3 125 705 ,   13 978,13978.0,19.816855057948203
312580 FERNANDES TOURINHO,57.0,1,58.0,312580,Fernandes Tourinho,  3 125 804 ,   2 789,2789.0,20.795984223736106
312590 FERROS,101.0,10,111.0,312590,Ferros,  3 125 903 ,   9 590,9590.0,11.574556830031282
312595 FERVEDOURO,183.0,2,185.0,312595,Fervedouro,  3 125 952 ,   10 445,10445.0,17.711823839157493
312600 FLORESTAL,113.0,27,140.0,312600,Florestal,  3 126 000 ,   8 045,8045.0,17.40211311373524
312610 FORMIGA,866.0,200,1066.0,312610,Formiga,  3 126 109 ,   68 248,68248.0,15.619505333489625
312620 FORMOSO,164.0,-,164.0,312620,Formoso,  3 126 208 ,   7 949,7949.0,20.631525978110457
312630 FORTALEZA DE MINAS,57.0,2,59.0,312630,Fortaleza de Minas,  3 126 307 ,   3 477,3477.0,16.968651136036815
312640 FORTUNA DE MINAS,68.0,-,68.0,312640,Fortuna de Minas,  3 126 406 ,   3 093,3093.0,21.985127707727127
312650 FRANCISCO BADARO,123.0,5,128.0,312650,Francisco Badaró,  3 126 505 ,   7 366,7366.0,17.377138202552267
312660 FRANCISCO DUMONT,83.0,3,86.0,312660,Francisco Dumont,  3 126 604 ,   4 503,4503.0,19.09837885853875
312670 FRANCISCO SA,423.0,15,438.0,312670,Francisco Sá,  3 126 703 ,   23 476,23476.0,18.6573521894701
312675 FRANCISCOPOLIS,87.0,-,87.0,312675,Franciscópolis,  3 126 752 ,   5 034,5034.0,17.28247914183552
312680 FREI GASPAR,70.0,-,70.0,312680,Frei Gaspar,  3 126 802 ,   5 640,5640.0,12.411347517730498
312690 FREI INOCENCIO,139.0,-,139.0,312690,Frei Inocêncio,  3 126 901 ,   8 226,8226.0,16.89764162411865
312695 FREI LAGONEGRO,37.0,-,37.0,312695,Frei Lagonegro,  3 126 950 ,   3 391,3391.0,10.91123562370982
312700 FRONTEIRA,299.0,23,322.0,312700,Fronteira,  3 127 008 ,   14 540,14540.0,22.145804676753784
312705 FRONTEIRA DOS VALES,76.0,-,76.0,312705,Fronteira dos Vales,  3 127 057 ,   4 345,4345.0,17.491369390103568
312707 FRUTA DE LEITE,66.0,-,66.0,312707,Fruta de Leite,  3 127 073 ,   4 647,4647.0,14.202711426726921
312710 FRUTAL,850.0,373,1223.0,312710,Frutal,  3 127 107 ,   58 588,58588.0,20.87458182562982
312720 FUNILANDIA,103.0,-,103.0,312720,Funilândia,  3 127 206 ,   4 686,4686.0,21.980367050789585
312730 GALILEIA,102.0,2,104.0,312730,Galiléia,  3 127 305 ,   6 222,6222.0,16.71488267438123
312733 GAMELEIRAS,109.0,-,109.0,312733,Gameleiras,  3 127 339 ,   4 793,4793.0,22.741498017942835
312735 GLAUCILANDIA,43.0,-,43.0,312735,Glaucilândia,  3 127 354 ,   2 928,2928.0,14.685792349726777
312737 GOIABEIRA,86.0,4,90.0,312737,Goiabeira,  3 127 370 ,   2 830,2830.0,31.802120141342755
312738 GOIANA,75.0,-,75.0,312738,Goianá,  3 127 388 ,   4 053,4053.0,18.504811250925243
312740 GONCALVES,44.0,6,50.0,312740,Gonçalves,  3 127 404 ,   4 727,4727.0,10.577533319229955
312750 GONZAGA,90.0,1,91.0,312750,Gonzaga,  3 127 503 ,   5 230,5230.0,17.399617590822178
312760 GOUVEIA,133.0,1,134.0,312760,Gouveia,  3 127 602 ,   11 331,11331.0,11.825964169093636
312770 GOVERNADOR VALADARES,4056.0,2016,6072.0,312770,Governador Valadares,  3 127 701 ,   257 171,257171.0,23.61074926799678
312780 GRAO MOGOL,217.0,1,218.0,312780,Grão Mogol,  3 127 800 ,   13 901,13901.0,15.682325012589024
312790 GRUPIARA,74.0,-,74.0,312790,Grupiara,  3 127 909 ,   1 392,1392.0,53.160919540229884
312800 GUANHAES,484.0,73,557.0,312800,Guanhães,  3 128 006 ,   32 244,32244.0,17.274531695819377
312810 GUAPE,136.0,9,145.0,312810,Guapé,  3 128 105 ,   13 772,13772.0,10.528608771420274
312820 GUARACIABA,114.0,-,114.0,312820,Guaraciaba,  3 128 204 ,   9 753,9753.0,11.68871116579514
312825 GUARACIAMA,64.0,-,64.0,312825,Guaraciama,  3 128 253 ,   5 051,5051.0,12.670758265689962
312830 GUARANESIA,292.0,11,303.0,312830,Guaranésia,  3 128 303 ,   19 150,19150.0,15.822454308093995
312840 GUARANI,112.0,4,116.0,312840,Guarani,  3 128 402 ,   7 714,7714.0,15.037593984962406
312850 GUARARA,55.0,3,58.0,312850,Guarará,  3 128 501 ,   3 149,3149.0,18.41854557002223
312860 GUARDA-MOR,159.0,6,165.0,312860,Guarda-Mor,  3 128 600 ,   6 539,6539.0,25.233216088086863
312870 GUAXUPE,723.0,170,893.0,312870,Guaxupé,  3 128 709 ,   50 911,50911.0,17.540413663059063
312880 GUIDOVAL,81.0,10,91.0,312880,Guidoval,  3 128 808 ,   7 131,7131.0,12.761183564717431
312890 GUIMARANIA,98.0,18,116.0,312890,Guimarânia,  3 128 907 ,   8 478,8478.0,13.682472281198395
312900 GUIRICEMA,100.0,3,103.0,312900,Guiricema,  3 129 004 ,   7 778,7778.0,13.24247878632039
312910 GURINHATA,102.0,-,102.0,312910,Gurinhatã,  3 129 103 ,   5 192,5192.0,19.645608628659478
312920 HELIODORA,70.0,1,71.0,312920,Heliodora,  3 129 202 ,   6 134,6134.0,11.574828822954027
312930 IAPU,108.0,7,115.0,312930,Iapu,  3 129 301 ,   12 030,12030.0,9.559434746467167
312940 IBERTIOGA,172.0,6,178.0,312940,Ibertioga,  3 129 400 ,   5 198,5198.0,34.2439399769142
312950 IBIA,213.0,71,284.0,312950,Ibiá,  3 129 509 ,   22 229,22229.0,12.776103288497008
312960 IBIAI,93.0,2,95.0,312960,Ibiaí,  3 129 608 ,   6 286,6286.0,15.11294941139039
312965 IBIRACATU,83.0,-,83.0,312965,Ibiracatu,  3 129 657 ,   5 081,5081.0,16.33536705372958
312970 IBIRACI,177.0,23,200.0,312970,Ibiraci,  3 129 707 ,   10 948,10948.0,18.268176835951774
312980 IBIRITE,1638.0,145,1783.0,312980,Ibirité,  3 129 806 ,   170 537,170537.0,10.455209133501821
312990 IBITIURA DE MINAS,37.0,-,37.0,312990,Ibitiúra de Minas,  3 129 905 ,   3 365,3365.0,10.99554234769688
313000 IBITURUNA,33.0,-,33.0,313000,Ibituruna,  3 130 002 ,   2 698,2698.0,12.231282431430689
313005 ICARAI DE MINAS,120.0,-,120.0,313005,Icaraí de Minas,  3 130 051 ,   10 677,10677.0,11.239112110143298
313010 IGARAPE,504.0,63,567.0,313010,Igarapé,  3 130 101 ,   45 847,45847.0,12.367221410343097
313020 IGARATINGA,169.0,1,170.0,313020,Igaratinga,  3 130 200 ,   10 830,10830.0,15.69713758079409
313030 IGUATAMA,115.0,14,129.0,313030,Iguatama,  3 130 309 ,   6 826,6826.0,18.898329915030764
313040 IJACI,87.0,18,105.0,313040,Ijaci,  3 130 408 ,   7 003,7003.0,14.993574182493218
313050 ILICINEA,142.0,11,153.0,313050,Ilicínea,  3 130 507 ,   12 741,12741.0,12.008476571697669
313055 IMBE DE MINAS,86.0,-,86.0,313055,Imbé de Minas,  3 130 556 ,   6 986,6986.0,12.310334955625537
313060 INCONFIDENTES,61.0,2,63.0,313060,Inconfidentes,  3 130 606 ,   7 301,7301.0,8.62895493767977
313065 INDAIABIRA,85.0,2,87.0,313065,Indaiabira,  3 130 655 ,   6 346,6346.0,13.709423258745668
313070 INDIANOPOLIS,112.0,1,113.0,313070,Indianópolis,  3 130 705 ,   6 171,6171.0,18.31145681413061
313080 INGAI,47.0,-,47.0,313080,Ingaí,  3 130 804 ,   2 580,2580.0,18.217054263565892
313090 INHAPIM,352.0,24,376.0,313090,Inhapim,  3 130 903 ,   22 692,22692.0,16.56971619954169
313100 INHAUMA,124.0,1,125.0,313100,Inhaúma,  3 131 000 ,   6 239,6239.0,20.035262061227762
313110 INIMUTABA,100.0,-,100.0,313110,Inimutaba,  3 131 109 ,   7 371,7371.0,13.5666802333469
313115 IPABA,227.0,4,231.0,313115,Ipaba,  3 131 158 ,   17 136,17136.0,13.480392156862745
313120 IPANEMA,249.0,21,270.0,313120,Ipanema,  3 131 208 ,   19 522,19522.0,13.830550148550353
313130 IPATINGA,4557.0,1187,5744.0,313130,Ipatinga,  3 131 307 ,   227 731,227731.0,25.22274086531917
313140 IPIACU,63.0,-,63.0,313140,Ipiaçu,  3 131 406 ,   3 775,3775.0,16.688741721854306
313150 IPUIUNA,123.0,15,138.0,313150,Ipuiúna,  3 131 505 ,   9 135,9135.0,15.10673234811166
313160 IRAI DE MINAS,90.0,3,93.0,313160,Iraí de Minas,  3 131 604 ,   7 180,7180.0,12.952646239554317
313170 ITABIRA,2365.0,401,2766.0,313170,Itabira,  3 131 703 ,   113 343,113343.0,24.403800852280245
313180 ITABIRINHA,162.0,4,166.0,313180,Itabirinha,  3 131 802 ,   10 362,10362.0,16.02007334491411
313190 ITABIRITO,916.0,125,1041.0,313190,Itabirito,  3 131 901 ,   53 365,53365.0,19.507167619226085
313200 ITACAMBIRA,89.0,-,89.0,313200,Itacambira,  3 132 008 ,   4 252,4252.0,20.931326434619002
313210 ITACARAMBI,281.0,9,290.0,313210,Itacarambi,  3 132 107 ,   17 208,17208.0,16.852626685262667
313220 ITAGUARA,204.0,27,231.0,313220,Itaguara,  3 132 206 ,   13 846,13846.0,16.683518705763397
313230 ITAIPE,114.0,-,114.0,313230,Itaipé,  3 132 305 ,   10 463,10463.0,10.895536652967602
313240 ITAJUBA,1677.0,586,2263.0,313240,Itajubá,  3 132 404 ,   93 073,93073.0,24.314247955905582
313250 ITAMARANDIBA,439.0,127,566.0,313250,Itamarandiba,  3 132 503 ,   32 948,32948.0,17.1785844360811
313260 ITAMARATI DE MINAS,41.0,3,44.0,313260,Itamarati de Minas,  3 132 602 ,   3 690,3690.0,11.924119241192411
313270 ITAMBACURI,434.0,18,452.0,313270,Itambacuri,  3 132 701 ,   21 042,21042.0,21.480847828153216
313280 ITAMBE DO MATO DENTRO,40.0,-,40.0,313280,Itambé do Mato Dentro,  3 132 800 ,   2 142,2142.0,18.674136321195146
313290 ITAMOGI,147.0,7,154.0,313290,Itamogi,  3 132 909 ,   10 770,10770.0,14.298978644382544
313300 ITAMONTE,182.0,24,206.0,313300,Itamonte,  3 133 006 ,   14 786,14786.0,13.932097930474773
313310 ITANHANDU,296.0,56,352.0,313310,Itanhandu,  3 133 105 ,   15 236,15236.0,23.103176686794434
313320 ITANHOMI,174.0,5,179.0,313320,Itanhomi,  3 133 204 ,   11 128,11128.0,16.085549964054636
313330 ITAOBIM,427.0,33,460.0,313330,Itaobim,  3 133 303 ,   19 151,19151.0,24.019633439507075
313340 ITAPAGIPE,181.0,23,204.0,313340,Itapagipe,  3 133 402 ,   13 690,13690.0,14.901387874360848
313350 ITAPECERICA,170.0,34,204.0,313350,Itapecerica,  3 133 501 ,   21 046,21046.0,9.693053311793214
313360 ITAPEVA,75.0,13,88.0,313360,Itapeva,  3 133 600 ,   12 692,12692.0,6.933501418216199
313370 ITATIAIUCU,180.0,14,194.0,313370,Itatiaiuçu,  3 133 709 ,   12 966,12966.0,14.962208853925652
313375 ITAU DE MINAS,171.0,33,204.0,313375,Itaú de Minas,  3 133 758 ,   14 406,14406.0,14.160766347355267
313380 ITAUNA,965.0,392,1357.0,313380,Itaúna,  3 133 808 ,   97 669,97669.0,13.89386601685284
313390 ITAVERAVA,64.0,12,76.0,313390,Itaverava,  3 133 907 ,   5 642,5642.0,13.47040056717476
313400 ITINGA,145.0,23,168.0,313400,Itinga,  3 134 004 ,   13 745,13745.0,12.222626409603492
313410 ITUETA,75.0,7,82.0,313410,Itueta,  3 134 103 ,   6 055,6055.0,13.542526837324525
313420 ITUIUTABA,1060.0,548,1608.0,313420,Ituiutaba,  3 134 202 ,   102 217,102217.0,15.731238443703104
313430 ITUMIRIM,96.0,2,98.0,313430,Itumirim,  3 134 301 ,   6 638,6638.0,14.76348297680024
313440 ITURAMA,546.0,114,660.0,313440,Iturama,  3 134 400 ,   38 295,38295.0,17.234625930278103
313450 ITUTINGA,72.0,3,75.0,313450,Itutinga,  3 134 509 ,   4 217,4217.0,17.785155323689825
313460 JABOTICATUBAS,222.0,44,266.0,313460,Jaboticatubas,  3 134 608 ,   20 406,20406.0,13.03538175046555
313470 JACINTO,257.0,5,262.0,313470,Jacinto,  3 134 707 ,   11 042,11042.0,23.727585582322043
313480 JACUI,70.0,4,74.0,313480,Jacuí,  3 134 806 ,   7 495,7495.0,9.873248832555037
313490 JACUTINGA,235.0,34,269.0,313490,Jacutinga,  3 134 905 ,   25 525,25525.0,10.538687561214497
313500 JAGUARACU,54.0,2,56.0,313500,Jaguaraçu,  3 135 001 ,   3 092,3092.0,18.111254851228978
313505 JAIBA,423.0,16,439.0,313505,Jaíba,  3 135 050 ,   37 660,37660.0,11.65693043016463
313507 JAMPRUCA,45.0,1,46.0,313507,Jampruca,  3 135 076 ,   4 296,4296.0,10.707635009310987
313510 JANAUBA,1301.0,106,1407.0,313510,Janaúba,  3 135 100 ,   70 699,70699.0,19.90127158799983
313520 JANUARIA,807.0,95,902.0,313520,Januária,  3 135 209 ,   65 150,65150.0,13.844973138910207
313530 JAPARAIBA,54.0,17,71.0,313530,Japaraíba,  3 135 308 ,   4 506,4506.0,15.75676875277408
313535 JAPONVAR,115.0,2,117.0,313535,Japonvar,  3 135 357 ,   8 127,8127.0,14.396456256921374
313540 JECEABA,145.0,26,171.0,313540,Jeceaba,  3 135 407 ,   6 197,6197.0,27.593997095368724
313545 JENIPAPO DE MINAS,78.0,3,81.0,313545,Jenipapo de Minas,  3 135 456 ,   6 100,6100.0,13.278688524590164
313550 JEQUERI,149.0,10,159.0,313550,Jequeri,  3 135 506 ,   12 419,12419.0,12.802963201546019
313560 JEQUITAI,114.0,4,118.0,313560,Jequitaí,  3 135 605 ,   6 484,6484.0,18.198642813078344
313570 JEQUITIBA,124.0,2,126.0,313570,Jequitibá,  3 135 704 ,   5 883,5883.0,21.417644059153496
313580 JEQUITINHONHA,338.0,9,347.0,313580,Jequitinhonha,  3 135 803 ,   24 007,24007.0,14.454117549048195
313590 JESUANIA,73.0,-,73.0,313590,Jesuânia,  3 135 902 ,   5 138,5138.0,14.207862981704944
313600 JOAIMA,162.0,24,186.0,313600,Joaíma,  3 136 009 ,   13 888,13888.0,13.392857142857142
313610 JOANESIA,71.0,1,72.0,313610,Joanésia,  3 136 108 ,   4 329,4329.0,16.632016632016633
313620 JOAO MONLEVADE,787.0,536,1323.0,313620,João Monlevade,  3 136 207 ,   80 187,80187.0,16.498933742377194
313630 JOAO PINHEIRO,789.0,108,897.0,313630,João Pinheiro,  3 136 306 ,   46 801,46801.0,19.16625713125788
313640 JOAQUIM FELICIO,100.0,1,101.0,313640,Joaquim Felício,  3 136 405 ,   3 854,3854.0,26.206538661131294
313650 JORDANIA,182.0,42,224.0,313650,Jordânia,  3 136 504 ,   10 304,10304.0,21.73913043478261
313652 JOSE GONCALVES DE MINAS,72.0,1,73.0,313652,José Gonçalves de Minas,  3 136 520 ,   3 969,3969.0,18.39254220206601
313655 JOSE RAYDAN,56.0,-,56.0,313655,José Raydan,  3 136 553 ,   4 268,4268.0,13.120899718837862
313657 JOSENOPOLIS,50.0,-,50.0,313657,Josenópolis,  3 136 579 ,   3 630,3630.0,13.774104683195592
313660 NOVA UNIAO,98.0,1,99.0,313660,Nova União,  3 136 603 ,   5 909,5909.0,16.75410390929091
313665 JUATUBA,340.0,145,485.0,313665,Juatuba,  3 136 652 ,   30 716,30716.0,15.789816382341451
313670 JUIZ DE FORA,11767.0,7728,19495.0,313670,Juiz de Fora,  3 136 702 ,   540 756,540756.0,36.05137991996391
313680 JURAMENTO,80.0,1,81.0,313680,Juramento,  3 136 801 ,   3 768,3768.0,21.4968152866242
313690 JURUAIA,169.0,10,179.0,313690,Juruaia,  3 136 900 ,   11 084,11084.0,16.14940454709491
313695 JUVENILIA,85.0,1,86.0,313695,Juvenília,  3 136 959 ,   5 789,5789.0,14.855760925893938
313700 LADAINHA,220.0,22,242.0,313700,Ladainha,  3 137 007 ,   14 383,14383.0,16.825418897309323
313710 LAGAMAR,115.0,26,141.0,313710,Lagamar,  3 137 106 ,   6 631,6631.0,21.263761122002716
313720 LAGOA DA PRATA,500.0,401,901.0,313720,Lagoa da Prata,  3 137 205 ,   51 412,51412.0,17.525091418345912
313730 LAGOA DOS PATOS,75.0,-,75.0,313730,Lagoa dos Patos,  3 137 304 ,   3 313,3313.0,22.638092363416845
313740 LAGOA DOURADA,126.0,20,146.0,313740,Lagoa Dourada,  3 137 403 ,   12 769,12769.0,11.43394157725742
313750 LAGOA FORMOSA,295.0,40,335.0,313750,Lagoa Formosa,  3 137 502 ,   18 904,18904.0,17.721117223867964
313753 LAGOA GRANDE,139.0,14,153.0,313753,Lagoa Grande,  3 137 536 ,   8 969,8969.0,17.058757944029434
313760 LAGOA SANTA,976.0,276,1252.0,313760,Lagoa Santa,  3 137 601 ,   75 145,75145.0,16.661121831126486
313770 LAJINHA,195.0,9,204.0,313770,Lajinha,  3 137 700 ,   20 835,20835.0,9.791216702663787
313780 LAMBARI,246.0,42,288.0,313780,Lambari,  3 137 809 ,   20 414,20414.0,14.107965121975116
313790 LAMIM,80.0,-,80.0,313790,Lamim,  3 137 908 ,   3 184,3184.0,25.12562814070352
313800 LARANJAL,91.0,13,104.0,313800,Laranjal,  3 138 005 ,   5 963,5963.0,17.440885460338755
313810 LASSANCE,150.0,-,150.0,313810,Lassance,  3 138 104 ,   7 124,7124.0,21.055586749017404
313820 LAVRAS,1485.0,847,2332.0,313820,Lavras,  3 138 203 ,   104 761,104761.0,22.260192247114862
313830 LEANDRO FERREIRA,41.0,4,45.0,313830,Leandro Ferreira,  3 138 302 ,   3 199,3199.0,14.066895904970304
313835 LEME DO PRADO,68.0,3,71.0,313835,Leme do Prado,  3 138 351 ,   4 341,4341.0,16.355678415111726
313840 LEOPOLDINA,724.0,81,805.0,313840,Leopoldina,  3 138 401 ,   51 145,51145.0,15.739563984749243
313850 LIBERDADE,82.0,5,87.0,313850,Liberdade,  3 138 500 ,   4 737,4737.0,18.36605446485117
313860 LIMA DUARTE,256.0,46,302.0,313860,Lima Duarte,  3 138 609 ,   17 221,17221.0,17.536728412984147
313862 LIMEIRA DO OESTE,159.0,15,174.0,313862,Limeira do Oeste,  3 138 625 ,   8 687,8687.0,20.02992978013123
313865 LONTRA,117.0,6,123.0,313865,Lontra,  3 138 658 ,   8 790,8790.0,13.993174061433448
313867 LUISBURGO,80.0,2,82.0,313867,Luisburgo,  3 138 674 ,   6 956,6956.0,11.788384128809662
313868 LUISLANDIA,69.0,2,71.0,313868,Luislândia,  3 138 682 ,   6 210,6210.0,11.433172302737521
313870 LUMINARIAS,79.0,4,83.0,313870,Luminárias,  3 138 708 ,   5 586,5586.0,14.858575008950949
313880 LUZ,240.0,23,263.0,313880,Luz,  3 138 807 ,   17 875,17875.0,14.713286713286713
313890 MACHACALIS,151.0,3,154.0,313890,Machacalis,  3 138 906 ,   6 487,6487.0,23.739787266841375
313900 MACHADO,493.0,358,851.0,313900,Machado,  3 139 003 ,   37 684,37684.0,22.582528394013377
313910 MADRE DE DEUS DE MINAS,70.0,-,70.0,313910,Madre de Deus de Minas,  3 139 102 ,   5 191,5191.0,13.484877672895397
313920 MALACACHETA,183.0,5,188.0,313920,Malacacheta,  3 139 201 ,   17 516,17516.0,10.733044073989495
313925 MAMONAS,94.0,-,94.0,313925,Mamonas,  3 139 250 ,   5 997,5997.0,15.67450391862598
313930 MANGA,317.0,9,326.0,313930,Manga,  3 139 300 ,   18 886,18886.0,17.261463517949807
313940 MANHUACU,1604.0,448,2052.0,313940,Manhuaçu,  3 139 409 ,   91 886,91886.0,22.33202011187776
313950 MANHUMIRIM,326.0,25,351.0,313950,Manhumirim,  3 139 508 ,   20 613,20613.0,17.028089070004366
313960 MANTENA,442.0,61,503.0,313960,Mantena,  3 139 607 ,   26 535,26535.0,18.95609572263049
313970 MARAVILHAS,92.0,2,94.0,313970,Maravilhas,  3 139 706 ,   7 333,7333.0,12.818764489294967
313980 MAR DE ESPANHA,188.0,37,225.0,313980,Mar de Espanha,  3 139 805 ,   12 721,12721.0,17.68728873516233
313990 MARIA DA FE,128.0,18,146.0,313990,Maria da Fé,  3 139 904 ,   14 247,14247.0,10.247771460658385
314000 MARIANA,917.0,181,1098.0,314000,Mariana,  3 140 001 ,   61 387,61387.0,17.886523205238895
314010 MARILAC,67.0,-,67.0,314010,Marilac,  3 140 100 ,   4 224,4224.0,15.861742424242424
314015 MARIO CAMPOS,141.0,-,141.0,314015,Mário Campos,  3 140 159 ,   15 900,15900.0,8.867924528301888
314020 MARIPA DE MINAS,63.0,-,63.0,314020,Maripá de Minas,  3 140 209 ,   3 387,3387.0,18.600531443755536
314030 MARLIERIA,60.0,-,60.0,314030,Marliéria,  3 140 308 ,   4 592,4592.0,13.066202090592334
314040 MARMELOPOLIS,33.0,1,34.0,314040,Marmelópolis,  3 140 407 ,   3 200,3200.0,10.625
314050 MARTINHO CAMPOS,155.0,66,221.0,314050,Martinho Campos,  3 140 506 ,   14 003,14003.0,15.782332357351995
314053 MARTINS SOARES,64.0,2,66.0,314053,Martins Soares,  3 140 530 ,   8 396,8396.0,7.860886136255361
314055 MATA VERDE,80.0,5,85.0,314055,Mata Verde,  3 140 555 ,   9 112,9112.0,9.328358208955223
314060 MATERLANDIA,56.0,1,57.0,314060,Materlândia,  3 140 605 ,   3 963,3963.0,14.383043149129449
314070 MATEUS LEME,384.0,75,459.0,314070,Mateus Leme,  3 140 704 ,   37 841,37841.0,12.129700589307895
314080 MATIAS BARBOSA,164.0,28,192.0,314080,Matias Barbosa,  3 140 803 ,   14 121,14121.0,13.59677076694285
314085 MATIAS CARDOSO,102.0,-,102.0,314085,Matias Cardoso,  3 140 852 ,   8 895,8895.0,11.467116357504217
314090 MATIPO,227.0,17,244.0,314090,Matipó,  3 140 902 ,   18 552,18552.0,13.152220784821044
314100 MATO VERDE,220.0,10,230.0,314100,Mato Verde,  3 141 009 ,   12 038,12038.0,19.10616381458714
314110 MATOZINHOS,356.0,48,404.0,314110,Matozinhos,  3 141 108 ,   37 618,37618.0,10.739539582114944
314120 MATUTINA,62.0,6,68.0,314120,Matutina,  3 141 207 ,   3 814,3814.0,17.82905086523335
314130 MEDEIROS,52.0,1,53.0,314130,Medeiros,  3 141 306 ,   3 900,3900.0,13.589743589743591
314140 MEDINA,293.0,12,305.0,314140,Medina,  3 141 405 ,   20 156,20156.0,15.131970629093074
314150 MENDES PIMENTEL,72.0,-,72.0,314150,Mendes Pimentel,  3 141 504 ,   5 606,5606.0,12.843382090617196
314160 MERCES,122.0,6,128.0,314160,Mercês,  3 141 603 ,   10 373,10373.0,12.339728140364407
314170 MESQUITA,72.0,-,72.0,314170,Mesquita,  3 141 702 ,   5 040,5040.0,14.285714285714285
314180 MINAS NOVAS,333.0,23,356.0,314180,Minas Novas,  3 141 801 ,   24 405,24405.0,14.58717475927064
314190 MINDURI,75.0,5,80.0,314190,Minduri,  3 141 900 ,   3 741,3741.0,21.384656508954826
314200 MIRABELA,275.0,4,279.0,314200,Mirabela,  3 142 007 ,   13 651,13651.0,20.438063145557102
314210 MIRADOURO,159.0,5,164.0,314210,Miradouro,  3 142 106 ,   8 968,8968.0,18.28724353256021
314220 MIRAI,194.0,11,205.0,314220,Miraí,  3 142 205 ,   13 633,13633.0,15.03704247047605
314225 MIRAVANIA,76.0,1,77.0,314225,Miravânia,  3 142 254 ,   3 985,3985.0,19.32245922208281
314230 MOEDA,76.0,1,77.0,314230,Moeda,  3 142 304 ,   5 125,5125.0,15.024390243902438
314240 MOEMA,95.0,2,97.0,314240,Moema,  3 142 403 ,   7 548,7548.0,12.851086380498145
314250 MONJOLOS,74.0,-,74.0,314250,Monjolos,  3 142 502 ,   2 169,2169.0,34.11710465652374
314260 MONSENHOR PAULO,99.0,7,106.0,314260,Monsenhor Paulo,  3 142 601 ,   8 340,8340.0,12.709832134292565
314270 MONTALVANIA,193.0,6,199.0,314270,Montalvânia,  3 142 700 ,   14 060,14060.0,14.153627311522047
314280 MONTE ALEGRE DE MINAS,225.0,2,227.0,314280,Monte Alegre de Minas,  3 142 809 ,   20 170,20170.0,11.2543381259296
314290 MONTE AZUL,335.0,7,342.0,314290,Monte Azul,  3 142 908 ,   20 328,20328.0,16.824085005903186
314300 MONTE BELO,148.0,87,235.0,314300,Monte Belo,  3 143 005 ,   13 046,13046.0,18.01318411773724
314310 MONTE CARMELO,518.0,147,665.0,314310,Monte Carmelo,  3 143 104 ,   47 692,47692.0,13.943638346053845
314315 MONTE FORMOSO,61.0,1,62.0,314315,Monte Formoso,  3 143 153 ,   4 381,4381.0,14.152020086738187
314320 MONTE SANTO DE MINAS,240.0,22,262.0,314320,Monte Santo de Minas,  3 143 203 ,   20 890,20890.0,12.5418860698899
314330 MONTES CLAROS,8916.0,1369,10285.0,314330,Montes Claros,  3 143 302 ,   414 240,414240.0,24.828601776747778
314340 MONTE SIAO,160.0,52,212.0,314340,Monte Sião,  3 143 401 ,   24 089,24089.0,8.800697413757316
314345 MONTEZUMA,112.0,5,117.0,314345,Montezuma,  3 143 450 ,   6 888,6888.0,16.986062717770032
314350 MORADA NOVA DE MINAS,139.0,4,143.0,314350,Morada Nova de Minas,  3 143 500 ,   9 067,9067.0,15.771478989743025
314360 MORRO DA GARCA,46.0,-,46.0,314360,Morro da Garça,  3 143 609 ,   2 411,2411.0,19.07922024056408
314370 MORRO DO PILAR,40.0,1,41.0,314370,Morro do Pilar,  3 143 708 ,   3 133,3133.0,13.086498563676987
314380 MUNHOZ,67.0,1,68.0,314380,Munhoz,  3 143 807 ,   7 451,7451.0,9.126291772916387
314390 MURIAE,2570.0,179,2749.0,314390,Muriaé,  3 143 906 ,   104 108,104108.0,26.40527144888001
314400 MUTUM,325.0,17,342.0,314400,Mutum,  3 144 003 ,   27 635,27635.0,12.37561063868283
314410 MUZAMBINHO,215.0,36,251.0,314410,Muzambinho,  3 144 102 ,   21 891,21891.0,11.465899227993239
314420 NACIP RAYDAN,49.0,-,49.0,314420,Nacip Raydan,  3 144 201 ,   2 459,2459.0,19.926799511996744
314430 NANUQUE,348.0,161,509.0,314430,Nanuque,  3 144 300 ,   35 038,35038.0,14.52708487927393
314435 NAQUE,81.0,5,86.0,314435,Naque,  3 144 359 ,   6 303,6303.0,13.644296366809456
314437 NATALANDIA,75.0,-,75.0,314437,Natalândia,  3 144 375 ,   3 520,3520.0,21.30681818181818
314440 NATERCIA,64.0,4,68.0,314440,Natércia,  3 144 409 ,   4 691,4691.0,14.495843103815819
314450 NAZARENO,124.0,11,135.0,314450,Nazareno,  3 144 508 ,   8 179,8179.0,16.50568529160044
314460 NEPOMUCENO,214.0,18,232.0,314460,Nepomuceno,  3 144 607 ,   25 018,25018.0,9.273323207290751
314465 NINHEIRA,136.0,2,138.0,314465,Ninheira,  3 144 656 ,   10 588,10588.0,13.03362296939932
314467 NOVA BELEM,78.0,5,83.0,314467,Nova Belém,  3 144 672 ,   3 151,3151.0,26.34084417645192
314470 NOVA ERA,156.0,42,198.0,314470,Nova Era,  3 144 706 ,   17 438,17438.0,11.354513132239935
314480 NOVA LIMA,1330.0,693,2023.0,314480,Nova Lima,  3 144 805 ,   111 697,111697.0,18.11149807067334
314490 NOVA MODICA,62.0,2,64.0,314490,Nova Módica,  3 144 904 ,   3 663,3663.0,17.472017472017473
314500 NOVA PONTE,203.0,66,269.0,314500,Nova Ponte,  3 145 000 ,   14 598,14598.0,18.427181805726814
314505 NOVA PORTEIRINHA,79.0,-,79.0,314505,Nova Porteirinha,  3 145 059 ,   6 706,6706.0,11.780495079033702
314510 NOVA RESENDE,130.0,11,141.0,314510,Nova Resende,  3 145 109 ,   16 387,16387.0,8.604381521938123
314520 NOVA SERRANA,883.0,288,1171.0,314520,Nova Serrana,  3 145 208 ,   105 552,105552.0,11.094057905108384
314530 NOVO CRUZEIRO,260.0,23,283.0,314530,Novo Cruzeiro,  3 145 307 ,   26 975,26975.0,10.491195551436515
314535 NOVO ORIENTE DE MINAS,98.0,1,99.0,314535,Novo Oriente de Minas,  3 145 356 ,   10 275,10275.0,9.635036496350365
314537 NOVORIZONTE,71.0,-,71.0,314537,Novorizonte,  3 145 372 ,   4 571,4571.0,15.532706191205426
314540 OLARIA,52.0,-,52.0,314540,Olaria,  3 145 406 ,   1 945,1945.0,26.73521850899743
314545 OLHOS-D'AGUA,66.0,2,68.0,314545,Olhos-d'Água,  3 145 455 ,   5 385,5385.0,12.627669452181987
314550 OLIMPIO NORONHA,41.0,9,50.0,314550,Olímpio Noronha,  3 145 505 ,   2 555,2555.0,19.569471624266143
314560 OLIVEIRA,634.0,74,708.0,314560,Oliveira,  3 145 604 ,   39 262,39262.0,18.032703377311396
314570 OLIVEIRA FORTES,32.0,1,33.0,314570,Oliveira Fortes,  3 145 703 ,   2 027,2027.0,16.280217069560926
314580 ONCA DE PITANGUI,49.0,-,49.0,314580,Onça de Pitangui,  3 145 802 ,   2 969,2969.0,16.503873358033008
314585 ORATORIOS,47.0,1,48.0,314585,Oratórios,  3 145 851 ,   4 917,4917.0,9.762050030506407
314587 ORIZANIA,75.0,1,76.0,314587,Orizânia,  3 145 877 ,   8 437,8437.0,9.007941211331042
314590 OURO BRANCO,467.0,554,1021.0,314590,Ouro Branco,  3 145 901 ,   38 724,38724.0,26.366077884516063
314600 OURO FINO,321.0,65,386.0,314600,Ouro Fino,  3 146 008 ,   32 094,32094.0,12.027170187574002
314610 OURO PRETO,1131.0,185,1316.0,314610,Ouro Preto,  3 146 107 ,   74 821,74821.0,17.588644899159327
314620 OURO VERDE DE MINAS,81.0,2,83.0,314620,Ouro Verde de Minas,  3 146 206 ,   5 757,5757.0,14.417231196803892
314625 PADRE CARVALHO,77.0,1,78.0,314625,Padre Carvalho,  3 146 255 ,   5 058,5058.0,15.42111506524318
314630 PADRE PARAISO,217.0,8,225.0,314630,Padre Paraíso,  3 146 305 ,   17 334,17334.0,12.980269989615785
314640 PAINEIRAS,67.0,3,70.0,314640,Paineiras,  3 146 404 ,   4 224,4224.0,16.571969696969695
314650 PAINS,97.0,10,107.0,314650,Pains,  3 146 503 ,   8 142,8142.0,13.141734217636943
314655 PAI PEDRO,63.0,-,63.0,314655,Pai Pedro,  3 146 552 ,   5 551,5551.0,11.349306431273645
314660 PAIVA,32.0,-,32.0,314660,Paiva,  3 146 602 ,   1 474,1474.0,21.709633649932154
314670 PALMA,103.0,8,111.0,314670,Palma,  3 146 701 ,   5 707,5707.0,19.449798493078674
314675 PALMOPOLIS,110.0,2,112.0,314675,Palmópolis,  3 146 750 ,   6 301,6301.0,17.774956356133945
314690 PAPAGAIOS,123.0,18,141.0,314690,Papagaios,  3 146 909 ,   13 920,13920.0,10.129310344827585
314700 PARACATU,1122.0,338,1460.0,314700,Paracatu,  3 147 006 ,   94 023,94023.0,15.528115461110579
314710 PARA DE MINAS,1428.0,209,1637.0,314710,Pará de Minas,  3 147 105 ,   97 139,97139.0,16.852139717312305
314720 PARAGUACU,227.0,24,251.0,314720,Paraguaçu,  3 147 204 ,   21 723,21723.0,11.554573493532201
314730 PARAISOPOLIS,223.0,92,315.0,314730,Paraisópolis,  3 147 303 ,   20 445,20445.0,15.40719002201027
314740 PARAOPEBA,257.0,81,338.0,314740,Paraopeba,  3 147 402 ,   24 107,24107.0,14.020823827104161
314750 PASSABEM,44.0,2,46.0,314750,Passabém,  3 147 501 ,   1 600,1600.0,28.75
314760 PASSA QUATRO,176.0,33,209.0,314760,Passa Quatro,  3 147 600 ,   15 515,15515.0,13.470834676119884
314770 PASSA TEMPO,118.0,5,123.0,314770,Passa Tempo,  3 147 709 ,   8 473,8473.0,14.516700106219757
314780 PASSA-VINTE,37.0,2,39.0,314780,Passa Vinte,  3 147 808 ,   2 233,2233.0,17.465293327362293
314790 PASSOS,2360.0,480,2840.0,314790,Passos,  3 147 907 ,   111 939,111939.0,25.37096096981392
314795 PATIS,81.0,-,81.0,314795,Patis,  3 147 956 ,   4 837,4837.0,16.74591689063469
314800 PATOS DE MINAS,2459.0,1765,4224.0,314800,Patos de Minas,  3 148 004 ,   159 235,159235.0,26.526831412691934
314810 PATROCINIO,1323.0,307,1630.0,314810,Patrocínio,  3 148 103 ,   89 826,89826.0,18.146193752365686
314820 PATROCINIO DO MURIAE,59.0,1,60.0,314820,Patrocínio do Muriaé,  3 148 202 ,   5 576,5576.0,10.760401721664277
314830 PAULA CANDIDO,90.0,32,122.0,314830,Paula Cândido,  3 148 301 ,   8 659,8659.0,14.089386765215384
314840 PAULISTAS,77.0,2,79.0,314840,Paulistas,  3 148 400 ,   4 389,4389.0,17.99954431533379
314850 PAVAO,91.0,3,94.0,314850,Pavão,  3 148 509 ,   8 047,8047.0,11.681371939853362
314860 PECANHA,276.0,85,361.0,314860,Peçanha,  3 148 608 ,   17 446,17446.0,20.692422331766597
314870 PEDRA AZUL,382.0,14,396.0,314870,Pedra Azul,  3 148 707 ,   24 410,24410.0,16.222859483818105
314875 PEDRA BONITA,78.0,2,80.0,314875,Pedra Bonita,  3 148 756 ,   7 320,7320.0,10.92896174863388
314880 PEDRA DO ANTA,109.0,-,109.0,314880,Pedra do Anta,  3 148 806 ,   3 311,3311.0,32.92056780428874
314890 PEDRA DO INDAIA,65.0,2,67.0,314890,Pedra do Indaiá,  3 148 905 ,   4 112,4112.0,16.29377431906615
314900 PEDRA DOURADA,51.0,1,52.0,314900,Pedra Dourada,  3 149 002 ,   2 757,2757.0,18.86108088501995
314910 PEDRALVA,116.0,13,129.0,314910,Pedralva,  3 149 101 ,   10 760,10760.0,11.988847583643121
314915 PEDRAS DE MARIA DA CRUZ,100.0,-,100.0,314915,Pedras de Maria da Cruz,  3 149 150 ,   10 433,10433.0,9.584970765839165
314920 PEDRINOPOLIS,56.0,1,57.0,314920,Pedrinópolis,  3 149 200 ,   3 344,3344.0,17.045454545454543
314930 PEDRO LEOPOLDO,510.0,168,678.0,314930,Pedro Leopoldo,  3 149 309 ,   62 580,62580.0,10.834132310642378
314940 PEDRO TEIXEIRA,56.0,-,56.0,314940,Pedro Teixeira,  3 149 408 ,   1 810,1810.0,30.93922651933702
314950 PEQUERI,69.0,-,69.0,314950,Pequeri,  3 149 507 ,   3 351,3351.0,20.590868397493285
314960 PEQUI,74.0,2,76.0,314960,Pequi,  3 149 606 ,   4 155,4155.0,18.29121540312876
314970 PERDIGAO,96.0,1,97.0,314970,Perdigão,  3 149 705 ,   12 268,12268.0,7.9067492663840895
314980 PERDIZES,280.0,24,304.0,314980,Perdizes,  3 149 804 ,   17 151,17151.0,17.72491399918372
314990 PERDOES,204.0,20,224.0,314990,Perdões,  3 149 903 ,   21 384,21384.0,10.475121586232696
314995 PERIQUITO,72.0,2,74.0,314995,Periquito,  3 149 952 ,   6 553,6553.0,11.29253776896078
315000 PESCADOR,75.0,1,76.0,315000,Pescador,  3 150 000 ,   3 570,3570.0,21.288515406162464
315010 PIAU,47.0,-,47.0,315010,Piau,  3 150 109 ,   2 796,2796.0,16.809728183118743
315015 PIEDADE DE CARATINGA,82.0,-,82.0,315015,Piedade de Caratinga,  3 150 158 ,   8 529,8529.0,9.614257240004688
315020 PIEDADE DE PONTE NOVA,56.0,-,56.0,315020,Piedade de Ponte Nova,  3 150 208 ,   3 976,3976.0,14.084507042253522
315030 PIEDADE DO RIO GRANDE,90.0,16,106.0,315030,Piedade do Rio Grande,  3 150 307 ,   4 604,4604.0,23.023457862728062
315040 PIEDADE DOS GERAIS,57.0,-,57.0,315040,Piedade dos Gerais,  3 150 406 ,   5 019,5019.0,11.356843992827256
315050 PIMENTA,114.0,11,125.0,315050,Pimenta,  3 150 505 ,   8 563,8563.0,14.59768772626416
315053 PINGO-D'AGUA,70.0,2,72.0,315053,Pingo-d'Água,  3 150 539 ,   4 706,4706.0,15.29961750956226
315057 PINTOPOLIS,99.0,-,99.0,315057,Pintópolis,  3 150 570 ,   7 084,7084.0,13.975155279503106
315060 PIRACEMA,89.0,1,90.0,315060,Piracema,  3 150 604 ,   6 700,6700.0,13.432835820895523
315070 PIRAJUBA,128.0,3,131.0,315070,Pirajuba,  3 150 703 ,   5 537,5537.0,23.659021130576125
315080 PIRANGA,208.0,13,221.0,315080,Piranga,  3 150 802 ,   17 018,17018.0,12.986249853096721
315090 PIRANGUCU,44.0,7,51.0,315090,Piranguçu,  3 150 901 ,   6 041,6041.0,8.442310875682834
315100 PIRANGUINHO,62.0,16,78.0,315100,Piranguinho,  3 151 008 ,   9 120,9120.0,8.552631578947368
315110 PIRAPETINGA,153.0,14,167.0,315110,Pirapetinga,  3 151 107 ,   11 077,11077.0,15.076284192470885
315120 PIRAPORA,901.0,74,975.0,315120,Pirapora,  3 151 206 ,   55 606,55606.0,17.534079056216957
315130 PIRAUBA,94.0,33,127.0,315130,Piraúba,  3 151 305 ,   11 610,11610.0,10.938845822566753
315140 PITANGUI,225.0,313,538.0,315140,Pitangui,  3 151 404 ,   26 685,26685.0,20.161139216788456
315150 PIUMHI,609.0,62,671.0,315150,Piumhi,  3 151 503 ,   36 062,36062.0,18.60684376906439
315160 PLANURA,166.0,5,171.0,315160,Planura,  3 151 602 ,   11 145,11145.0,15.343203230148047
315170 POCO FUNDO,343.0,11,354.0,315170,Poço Fundo,  3 151 701 ,   16 390,16390.0,21.598535692495425
315180 POCOS DE CALDAS,2834.0,1884,4718.0,315180,Poços de Caldas,  3 151 800 ,   163 742,163742.0,28.813621428833166
315190 POCRANE,98.0,3,101.0,315190,Pocrane,  3 151 909 ,   8 350,8350.0,12.095808383233534
315200 POMPEU,376.0,88,464.0,315200,Pompéu,  3 152 006 ,   31 047,31047.0,14.945083260862564
315210 PONTE NOVA,1404.0,150,1554.0,315210,Ponte Nova,  3 152 105 ,   57 776,57776.0,26.89698144558294
315213 PONTO CHIQUE,75.0,-,75.0,315213,Ponto Chique,  3 152 131 ,   3 747,3747.0,20.0160128102482
315217 PONTO DOS VOLANTES,143.0,3,146.0,315217,Ponto dos Volantes,  3 152 170 ,   10 883,10883.0,13.415418542681245
315220 PORTEIRINHA,413.0,35,448.0,315220,Porteirinha,  3 152 204 ,   37 438,37438.0,11.966451199316204
315230 PORTO FIRME,141.0,6,147.0,315230,Porto Firme,  3 152 303 ,   10 569,10569.0,13.908600624467784
315240 POTE,189.0,1,190.0,315240,Poté,  3 152 402 ,   13 666,13666.0,13.903117225230499
315250 POUSO ALEGRE,2176.0,816,2992.0,315250,Pouso Alegre,  3 152 501 ,   152 217,152217.0,19.656148787586144
315260 POUSO ALTO,99.0,7,106.0,315260,Pouso Alto,  3 152 600 ,   6 566,6566.0,16.143770941212303
315270 PRADOS,114.0,6,120.0,315270,Prados,  3 152 709 ,   9 048,9048.0,13.262599469496022
315280 PRATA,410.0,30,440.0,315280,Prata,  3 152 808 ,   28 342,28342.0,15.524663044245289
315290 PRATAPOLIS,83.0,2,85.0,315290,Pratápolis,  3 152 907 ,   8 406,8406.0,10.111824886985486
315300 PRATINHA,48.0,2,50.0,315300,Pratinha,  3 153 004 ,   3 559,3559.0,14.048890137679123
315310 PRESIDENTE BERNARDES,125.0,1,126.0,315310,Presidente Bernardes,  3 153 103 ,   4 850,4850.0,25.97938144329897
315320 PRESIDENTE JUSCELINO,78.0,1,79.0,315320,Presidente Juscelino,  3 153 202 ,   3 465,3465.0,22.7994227994228
315330 PRESIDENTE KUBITSCHEK,52.0,-,52.0,315330,Presidente Kubitschek,  3 153 301 ,   3 071,3071.0,16.93259524584826
315340 PRESIDENTE OLEGARIO,217.0,2,219.0,315340,Presidente Olegário,  3 153 400 ,   18 765,18765.0,11.670663469224621
315350 ALTO JEQUITIBA,87.0,6,93.0,315350,Alto Jequitibá,  3 153 509 ,   8 397,8397.0,11.075384065737763
315360 PRUDENTE DE MORAIS,114.0,-,114.0,315360,Prudente de Morais,  3 153 608 ,   11 466,11466.0,9.942438513867085
315370 QUARTEL GERAL,65.0,-,65.0,315370,Quartel Geral,  3 153 707 ,   3 179,3179.0,20.446681346335325
315380 QUELUZITO,28.0,-,28.0,315380,Queluzito,  3 153 806 ,   1 770,1770.0,15.819209039548022
315390 RAPOSOS,145.0,1,146.0,315390,Raposos,  3 153 905 ,   16 279,16279.0,8.968609865470851
315400 RAUL SOARES,277.0,36,313.0,315400,Raul Soares,  3 154 002 ,   23 423,23423.0,13.362933868419928
315410 RECREIO,125.0,2,127.0,315410,Recreio,  3 154 101 ,   11 007,11007.0,11.538112110475153
315415 REDUTO,69.0,2,71.0,315415,Reduto,  3 154 150 ,   7 848,7848.0,9.046890927624872
315420 RESENDE COSTA,136.0,54,190.0,315420,Resende Costa,  3 154 200 ,   11 230,11230.0,16.918967052537845
315430 RESPLENDOR,297.0,13,310.0,315430,Resplendor,  3 154 309 ,   17 226,17226.0,17.9960524788111
315440 RESSAQUINHA,87.0,-,87.0,315440,Ressaquinha,  3 154 408 ,   4 548,4548.0,19.12928759894459
315445 RIACHINHO,114.0,1,115.0,315445,Riachinho,  3 154 457 ,   6 863,6863.0,16.75652047209675
315450 RIACHO DOS MACHADOS,87.0,10,97.0,315450,Riacho dos Machados,  3 154 507 ,   8 756,8756.0,11.07811786203746
315460 RIBEIRAO DAS NEVES,2205.0,174,2379.0,315460,Ribeirão das Neves,  3 154 606 ,   329 794,329794.0,7.213593940459802
315470 RIBEIRAO VERMELHO,56.0,19,75.0,315470,Ribeirão Vermelho,  3 154 705 ,   4 080,4080.0,18.38235294117647
315480 RIO ACIMA,152.0,-,152.0,315480,Rio Acima,  3 154 804 ,   10 261,10261.0,14.81337101647013
315490 RIO CASCA,171.0,83,254.0,315490,Rio Casca,  3 154 903 ,   12 789,12789.0,19.86081789037454
315500 RIO DOCE,48.0,1,49.0,315500,Rio Doce,  3 155 009 ,   2 484,2484.0,19.726247987117553
315510 RIO DO PRADO,96.0,1,97.0,315510,Rio do Prado,  3 155 108 ,   4 639,4639.0,20.909678810088383
315520 RIO ESPERA,79.0,-,79.0,315520,Rio Espera,  3 155 207 ,   5 429,5429.0,14.551482777675446
315530 RIO MANSO,60.0,-,60.0,315530,Rio Manso,  3 155 306 ,   5 568,5568.0,10.775862068965518
315540 RIO NOVO,141.0,27,168.0,315540,Rio Novo,  3 155 405 ,   8 518,8518.0,19.722939657196523
315550 RIO PARANAIBA,130.0,26,156.0,315550,Rio Paranaíba,  3 155 504 ,   14 532,14532.0,10.73492981007432
315560 RIO PARDO DE MINAS,353.0,14,367.0,315560,Rio Pardo de Minas,  3 155 603 ,   28 271,28271.0,12.981500477521136
315570 RIO PIRACICABA,151.0,21,172.0,315570,Rio Piracicaba,  3 155 702 ,   14 631,14631.0,11.755860843414668
315580 RIO POMBA,275.0,37,312.0,315580,Rio Pomba,  3 155 801 ,   17 443,17443.0,17.88683139368228
315590 RIO PRETO,111.0,2,113.0,315590,Rio Preto,  3 155 900 ,   5 141,5141.0,21.980159502042405
315600 RIO VERMELHO,177.0,12,189.0,315600,Rio Vermelho,  3 156 007 ,   12 641,12641.0,14.951348785697334
315610 RITAPOLIS,64.0,2,66.0,315610,Ritápolis,  3 156 106 ,   4 994,4994.0,13.215859030837004
315620 ROCHEDO DE MINAS,50.0,-,50.0,315620,Rochedo de Minas,  3 156 205 ,   2 291,2291.0,21.82453077258839
315630 RODEIRO,65.0,7,72.0,315630,Rodeiro,  3 156 304 ,   8 664,8664.0,8.310249307479225
315640 ROMARIA,49.0,1,50.0,315640,Romaria,  3 156 403 ,   3 386,3386.0,14.766686355581808
315645 ROSARIO DA LIMEIRA,49.0,4,53.0,315645,Rosário da Limeira,  3 156 452 ,   4 734,4734.0,11.195606252640474
315650 RUBELITA,118.0,1,119.0,315650,Rubelita,  3 156 502 ,   5 679,5679.0,20.95439337911604
315660 RUBIM,150.0,1,151.0,315660,Rubim,  3 156 601 ,   10 298,10298.0,14.663041367255778
315670 SABARA,833.0,70,903.0,315670,Sabará,  3 156 700 ,   129 380,129380.0,6.97944040810017
315680 SABINOPOLIS,152.0,8,160.0,315680,Sabinópolis,  3 156 809 ,   14 240,14240.0,11.235955056179774
315690 SACRAMENTO,534.0,87,621.0,315690,Sacramento,  3 156 908 ,   26 670,26670.0,23.28458942632171
315700 SALINAS,624.0,120,744.0,315700,Salinas,  3 157 005 ,   40 178,40178.0,18.517596694708548
315710 SALTO DA DIVISA,113.0,-,113.0,315710,Salto da Divisa,  3 157 104 ,   6 110,6110.0,18.49427168576105
315720 SANTA BARBARA,292.0,96,388.0,315720,Santa Bárbara,  3 157 203 ,   30 466,30466.0,12.735508435633164
315725 SANTA BARBARA DO LESTE,49.0,-,49.0,315725,Santa Bárbara do Leste,  3 157 252 ,   8 458,8458.0,5.793331756916529
315727 SANTA BARBARA DO MONTE VERDE,80.0,-,80.0,315727,Santa Bárbara do Monte Verde,  3 157 278 ,   3 095,3095.0,25.84814216478191
315730 SANTA BARBARA DO TUGURIO,48.0,-,48.0,315730,Santa Bárbara do Tugúrio,  3 157 302 ,   4 208,4208.0,11.406844106463879
315733 SANTA CRUZ DE MINAS,65.0,3,68.0,315733,Santa Cruz de Minas,  3 157 336 ,   8 109,8109.0,8.385744234800839
315737 SANTA CRUZ DE SALINAS,64.0,-,64.0,315737,Santa Cruz de Salinas,  3 157 377 ,   3 910,3910.0,16.368286445012785
315740 SANTA CRUZ DO ESCALVADO,54.0,-,54.0,315740,Santa Cruz do Escalvado,  3 157 401 ,   4 673,4673.0,11.55574577359298
315750 SANTA EFIGENIA DE MINAS,61.0,-,61.0,315750,Santa Efigênia de Minas,  3 157 500 ,   4 039,4039.0,15.102748205001237
315760 SANTA FE DE MINAS,63.0,-,63.0,315760,Santa Fé de Minas,  3 157 609 ,   3 522,3522.0,17.88756388415673
315765 SANTA HELENA DE MINAS,102.0,-,102.0,315765,Santa Helena de Minas,  3 157 658 ,   5 938,5938.0,17.177500842034355
315770 SANTA JULIANA,168.0,25,193.0,315770,Santa Juliana,  3 157 708 ,   15 734,15734.0,12.266429388585228
315780 SANTA LUZIA,1531.0,288,1819.0,315780,Santa Luzia,  3 157 807 ,   219 132,219132.0,8.300932771115127
315790 SANTA MARGARIDA,171.0,10,181.0,315790,Santa Margarida,  3 157 906 ,   16 395,16395.0,11.03995120463556
315800 SANTA MARIA DE ITABIRA,112.0,10,122.0,315800,Santa Maria de Itabira,  3 158 003 ,   10 485,10485.0,11.635670004768718
315810 SANTA MARIA DO SALTO,78.0,5,83.0,315810,Santa Maria do Salto,  3 158 102 ,   4 755,4755.0,17.455310199789693
315820 SANTA MARIA DO SUACUI,208.0,8,216.0,315820,Santa Maria do Suaçuí,  3 158 201 ,   12 788,12788.0,16.890835157960588
315830 SANTANA DA VARGEM,91.0,2,93.0,315830,Santana da Vargem,  3 158 300 ,   6 691,6691.0,13.899267672993574
315840 SANTANA DE CATAGUASES,41.0,2,43.0,315840,Santana de Cataguases,  3 158 409 ,   3 489,3489.0,12.324448265978791
315850 SANTANA DE PIRAPAMA,114.0,1,115.0,315850,Santana de Pirapama,  3 158 508 ,   7 030,7030.0,16.35846372688478
315860 SANTANA DO DESERTO,88.0,1,89.0,315860,Santana do Deserto,  3 158 607 ,   3 747,3747.0,23.752335201494528
315870 SANTANA DO GARAMBEU,50.0,-,50.0,315870,Santana do Garambéu,  3 158 706 ,   2 137,2137.0,23.39728591483388
315880 SANTANA DO JACARE,68.0,2,70.0,315880,Santana do Jacaré,  3 158 805 ,   4 214,4214.0,16.611295681063122
315890 SANTANA DO MANHUACU,93.0,5,98.0,315890,Santana do Manhuaçu,  3 158 904 ,   8 987,8987.0,10.904640035606988
315895 SANTANA DO PARAISO,281.0,46,327.0,315895,Santana do Paraíso,  3 158 953 ,   44 800,44800.0,7.299107142857142
315900 SANTANA DO RIACHO,63.0,-,63.0,315900,Santana do Riacho,  3 159 001 ,   5 313,5313.0,11.857707509881422
315910 SANTANA DOS MONTES,44.0,-,44.0,315910,Santana dos Montes,  3 159 100 ,   3 469,3469.0,12.683770539060248
315920 SANTA RITA DE CALDAS,88.0,18,106.0,315920,Santa Rita de Caldas,  3 159 209 ,   8 460,8460.0,12.529550827423169
315930 SANTA RITA DE JACUTINGA,96.0,2,98.0,315930,Santa Rita de Jacutinga,  3 159 308 ,   4 755,4755.0,20.60988433228181
315935 SANTA RITA DE MINAS,79.0,2,81.0,315935,Santa Rita de Minas,  3 159 357 ,   6 773,6773.0,11.959249963088736
315940 SANTA RITA DE IBITIPOCA,49.0,-,49.0,315940,Santa Rita de Ibitipoca,  3 159 407 ,   3 301,3301.0,14.843986670705847
315950 SANTA RITA DO ITUETO,88.0,3,91.0,315950,Santa Rita do Itueto,  3 159 506 ,   5 826,5826.0,15.61963611397185
315960 SANTA RITA DO SAPUCAI,374.0,307,681.0,315960,Santa Rita do Sapucaí,  3 159 605 ,   40 635,40635.0,16.75895164267257
315970 SANTA ROSA DA SERRA,60.0,5,65.0,315970,Santa Rosa da Serra,  3 159 704 ,   3 382,3382.0,19.219396806623298
315980 SANTA VITORIA,297.0,18,315.0,315980,Santa Vitória,  3 159 803 ,   20 973,20973.0,15.01931054212559
315990 SANTO ANTONIO DO AMPARO,259.0,106,365.0,315990,Santo Antônio do Amparo,  3 159 902 ,   17 285,17285.0,21.116575065085335
316000 SANTO ANTONIO DO AVENTUREIRO,57.0,-,57.0,316000,Santo Antônio do Aventureiro,  3 160 009 ,   3 769,3769.0,15.123374900504112
316010 SANTO ANTONIO DO GRAMA,65.0,-,65.0,316010,Santo Antônio do Grama,  3 160 108 ,   4 229,4229.0,15.370063844880587
316020 SANTO ANTONIO DO ITAMBE,81.0,-,81.0,316020,Santo Antônio do Itambé,  3 160 207 ,   3 915,3915.0,20.689655172413794
316030 SANTO ANTONIO DO JACINTO,138.0,-,138.0,316030,Santo Antônio do Jacinto,  3 160 306 ,   10 327,10327.0,13.3630289532294
316040 SANTO ANTONIO DO MONTE,437.0,28,465.0,316040,Santo Antônio do Monte,  3 160 405 ,   27 295,27295.0,17.036087195457046
316045 SANTO ANTONIO DO RETIRO,94.0,2,96.0,316045,Santo Antônio do Retiro,  3 160 454 ,   6 629,6629.0,14.481822295972243
316050 SANTO ANTONIO DO RIO ABAIXO,23.0,-,23.0,316050,Santo Antônio do Rio Abaixo,  3 160 504 ,   1 808,1808.0,12.721238938053098
316060 SANTO HIPOLITO,60.0,-,60.0,316060,Santo Hipólito,  3 160 603 ,   2 717,2717.0,22.083179977916817
316070 SANTOS DUMONT,553.0,98,651.0,316070,Santos Dumont,  3 160 702 ,   42 406,42406.0,15.35160118851106
316080 SAO BENTO ABADE,81.0,-,81.0,316080,São Bento Abade,  3 160 801 ,   4 713,4713.0,17.186505410566518
316090 SAO BRAS DO SUACUI,54.0,7,61.0,316090,São Brás do Suaçuí,  3 160 900 ,   3 989,3989.0,15.292053146151918
316095 SAO DOMINGOS DAS DORES,56.0,2,58.0,316095,São Domingos das Dores,  3 160 959 ,   5 626,5626.0,10.309278350515465
316100 SAO DOMINGOS DO PRATA,209.0,29,238.0,316100,São Domingos do Prata,  3 161 007 ,   17 392,17392.0,13.684452621895124
316105 SAO FELIX DE MINAS,111.0,-,111.0,316105,São Félix de Minas,  3 161 056 ,   3 200,3200.0,34.6875
316110 SAO FRANCISCO,549.0,21,570.0,316110,São Francisco,  3 161 106 ,   52 762,52762.0,10.803229597058488
316120 SAO FRANCISCO DE PAULA,67.0,1,68.0,316120,São Francisco de Paula,  3 161 205 ,   6 187,6187.0,10.990787134313885
316130 SAO FRANCISCO DE SALES,109.0,9,118.0,316130,São Francisco de Sales,  3 161 304 ,   5 732,5732.0,20.586182833217027
316140 SAO FRANCISCO DO GLORIA,69.0,-,69.0,316140,São Francisco do Glória,  3 161 403 ,   4 800,4800.0,14.375
316150 SAO GERALDO,67.0,1,68.0,316150,São Geraldo,  3 161 502 ,   10 282,10282.0,6.613499319198599
316160 SAO GERALDO DA PIEDADE,49.0,4,53.0,316160,São Geraldo da Piedade,  3 161 601 ,   3 305,3305.0,16.036308623298034
316165 SAO GERALDO DO BAIXIO,48.0,-,48.0,316165,São Geraldo do Baixio,  3 161 650 ,   3 143,3143.0,15.272033089405028
316170 SAO GONCALO DO ABAETE,93.0,5,98.0,316170,São Gonçalo do Abaeté,  3 161 700 ,   7 375,7375.0,13.288135593220339
316180 SAO GONCALO DO PARA,92.0,15,107.0,316180,São Gonçalo do Pará,  3 161 809 ,   11 770,11770.0,9.09090909090909
316190 SAO GONCALO DO RIO ABAIXO,253.0,35,288.0,316190,São Gonçalo do Rio Abaixo,  3 161 908 ,   11 850,11850.0,24.30379746835443
316200 SAO GONCALO DO SAPUCAI,307.0,42,349.0,316200,São Gonçalo do Sapucaí,  3 162 005 ,   23 959,23959.0,14.566551191619016
316210 SAO GOTARDO,417.0,152,569.0,316210,São Gotardo,  3 162 104 ,   40 910,40910.0,13.90857980933757
316220 SAO JOAO BATISTA DO GLORIA,98.0,3,101.0,316220,São João Batista do Glória,  3 162 203 ,   7 652,7652.0,13.19916361735494
316225 SAO JOAO DA LAGOA,97.0,-,97.0,316225,São João da Lagoa,  3 162 252 ,   4 822,4822.0,20.116134384073
316230 SAO JOAO DA MATA,40.0,1,41.0,316230,São João da Mata,  3 162 302 ,   2 914,2914.0,14.070006863417982
316240 SAO JOAO DA PONTE,248.0,5,253.0,316240,São João da Ponte,  3 162 401 ,   23 930,23930.0,10.572503134141245
316245 SAO JOAO DAS MISSOES,241.0,2,243.0,316245,São João das Missões,  3 162 450 ,   13 024,13024.0,18.657862407862407
316250 SAO JOAO DEL REI,1892.0,374,2266.0,316250,São João del Rei,  3 162 500 ,   90 225,90225.0,25.11499030202272
316255 SAO JOAO DO MANHUACU,115.0,2,117.0,316255,São João do Manhuaçu,  3 162 559 ,   11 246,11246.0,10.403699093010848
316257 SAO JOAO DO MANTENINHA,94.0,1,95.0,316257,São João do Manteninha,  3 162 575 ,   5 331,5331.0,17.820296379666104
316260 SAO JOAO DO ORIENTE,88.0,1,89.0,316260,São João do Oriente,  3 162 609 ,   7 070,7070.0,12.58840169731259
316265 SAO JOAO DO PACUI,60.0,-,60.0,316265,São João do Pacuí,  3 162 658 ,   3 972,3972.0,15.105740181268883
316270 SAO JOAO DO PARAISO,348.0,9,357.0,316270,São João do Paraíso,  3 162 708 ,   23 910,23910.0,14.930991217063989
316280 SAO JOAO EVANGELISTA,221.0,11,232.0,316280,São João Evangelista,  3 162 807 ,   15 315,15315.0,15.14854717597127
316290 SAO JOAO NEPOMUCENO,314.0,80,394.0,316290,São João Nepomuceno,  3 162 906 ,   25 565,25565.0,15.411695677684333
316292 SAO JOAQUIM DE BICAS,401.0,24,425.0,316292,São Joaquim de Bicas,  3 162 922 ,   34 348,34348.0,12.37335507161989
316294 SAO JOSE DA BARRA,108.0,3,111.0,316294,São José da Barra,  3 162 948 ,   7 793,7793.0,14.243551905556268
316295 SAO JOSE DA LAPA,281.0,19,300.0,316295,São José da Lapa,  3 162 955 ,   26 090,26090.0,11.498658489842851
316300 SAO JOSE DA SAFIRA,55.0,-,55.0,316300,São José da Safira,  3 163 003 ,   3 806,3806.0,14.45086705202312
316310 SAO JOSE DA VARGINHA,77.0,3,80.0,316310,São José da Varginha,  3 163 102 ,   4 536,4536.0,17.636684303350968
316320 SAO JOSE DO ALEGRE,32.0,4,36.0,316320,São José do Alegre,  3 163 201 ,   4 133,4133.0,8.710379869344303
316330 SAO JOSE DO DIVINO,59.0,2,61.0,316330,São José do Divino,  3 163 300 ,   3 464,3464.0,17.60969976905312
316340 SAO JOSE DO GOIABAL,92.0,-,92.0,316340,São José do Goiabal,  3 163 409 ,   5 396,5396.0,17.049666419570052
316350 SAO JOSE DO JACURI,65.0,1,66.0,316350,São José do Jacuri,  3 163 508 ,   6 197,6197.0,10.65031466838793
316360 SAO JOSE DO MANTIMENTO,58.0,7,65.0,316360,São José do Mantimento,  3 163 607 ,   2 753,2753.0,23.61060661096985
316370 SAO LOURENCO,1033.0,251,1284.0,316370,São Lourenço,  3 163 706 ,   44 798,44798.0,28.66199383901067
316380 SAO MIGUEL DO ANTA,88.0,9,97.0,316380,São Miguel do Anta,  3 163 805 ,   6 334,6334.0,15.314177455004737
316390 SAO PEDRO DA UNIAO,63.0,2,65.0,316390,São Pedro da União,  3 163 904 ,   4 885,4885.0,13.30603889457523
316400 SAO PEDRO DOS FERROS,77.0,12,89.0,316400,São Pedro dos Ferros,  3 164 001 ,   7 166,7166.0,12.419759977672342
316410 SAO PEDRO DO SUACUI,49.0,-,49.0,316410,São Pedro do Suaçuí,  3 164 100 ,   5 103,5103.0,9.602194787379974
316420 SAO ROMAO,110.0,-,110.0,316420,São Romão,  3 164 209 ,   10 315,10315.0,10.664081434803684
316430 SAO ROQUE DE MINAS,81.0,2,83.0,316430,São Roque de Minas,  3 164 308 ,   7 129,7129.0,11.642586618038996
316440 SAO SEBASTIAO DA BELA VISTA,49.0,-,49.0,316440,São Sebastião da Bela Vista,  3 164 407 ,   6 387,6387.0,7.6718334116173486
316443 SAO SEBASTIAO DA VARGEM ALEGRE,64.0,-,64.0,316443,São Sebastião da Vargem Alegre,  3 164 431 ,   3 113,3113.0,20.55894635399936
316447 SAO SEBASTIAO DO ANTA,65.0,-,65.0,316447,São Sebastião do Anta,  3 164 472 ,   6 194,6194.0,10.494026477236035
316450 SAO SEBASTIAO DO MARANHAO,111.0,6,117.0,316450,São Sebastião do Maranhão,  3 164 506 ,   10 079,10079.0,11.6082944736581
316460 SAO SEBASTIAO DO OESTE,101.0,3,104.0,316460,São Sebastião do Oeste,  3 164 605 ,   8 815,8815.0,11.798071469086784
316470 SAO SEBASTIAO DO PARAISO,1534.0,262,1796.0,316470,São Sebastião do Paraíso,  3 164 704 ,   71 796,71796.0,25.015321187809906
316480 SAO SEBASTIAO DO RIO PRETO,39.0,-,39.0,316480,São Sebastião do Rio Preto,  3 164 803 ,   1 259,1259.0,30.97696584590945
316490 SAO SEBASTIAO DO RIO VERDE,36.0,-,36.0,316490,São Sebastião do Rio Verde,  3 164 902 ,   2 300,2300.0,15.65217391304348
316500 SAO TIAGO,147.0,27,174.0,316500,São Tiago,  3 165 008 ,   11 192,11192.0,15.546819156540387
316510 SAO TOMAS DE AQUINO,106.0,2,108.0,316510,São Tomás de Aquino,  3 165 107 ,   6 740,6740.0,16.023738872403563
316520 SAO THOME DAS LETRAS,103.0,37,140.0,316520,São Tomé das Letras,  3 165 206 ,   6 904,6904.0,20.278099652375435
316530 SAO VICENTE DE MINAS,115.0,17,132.0,316530,São Vicente de Minas,  3 165 305 ,   6 804,6804.0,19.400352733686066
316540 SAPUCAI-MIRIM,61.0,4,65.0,316540,Sapucaí-Mirim,  3 165 404 ,   6 311,6311.0,10.299477103470132
316550 SARDOA,66.0,-,66.0,316550,Sardoá,  3 165 503 ,   5 104,5104.0,12.931034482758621
316553 SARZEDO,511.0,67,578.0,316553,Sarzedo,  3 165 537 ,   36 844,36844.0,15.68776462924764
316555 SETUBINHA,94.0,1,95.0,316555,Setubinha,  3 165 552 ,   9 917,9917.0,9.579509932439246
316556 SEM-PEIXE,52.0,-,52.0,316556,Sem-Peixe,  3 165 560 ,   2 433,2433.0,21.372790793259348
316557 SENADOR AMARAL,59.0,2,61.0,316557,Senador Amaral,  3 165 578 ,   6 206,6206.0,9.829197550757332
316560 SENADOR CORTES,28.0,-,28.0,316560,Senador Cortes,  3 165 602 ,   2 240,2240.0,12.5
316570 SENADOR FIRMINO,151.0,12,163.0,316570,Senador Firmino,  3 165 701 ,   7 716,7716.0,21.124935199585277
316580 SENADOR JOSE BENTO,35.0,-,35.0,316580,Senador José Bento,  3 165 800 ,   2 068,2068.0,16.924564796905223
316590 SENADOR MODESTINO GONCALVES,89.0,-,89.0,316590,Senador Modestino Gonçalves,  3 165 909 ,   4 008,4008.0,22.20558882235529
316600 SENHORA DE OLIVEIRA,69.0,1,70.0,316600,Senhora de Oliveira,  3 166 006 ,   5 483,5483.0,12.766733540032828
316610 SENHORA DO PORTO,54.0,-,54.0,316610,Senhora do Porto,  3 166 105 ,   3 067,3067.0,17.606781871535702
316620 SENHORA DOS REMEDIOS,98.0,41,139.0,316620,Senhora dos Remédios,  3 166 204 ,   10 384,10384.0,13.38597842835131
316630 SERICITA,100.0,5,105.0,316630,Sericita,  3 166 303 ,   7 345,7345.0,14.295439074200136
316640 SERITINGA,40.0,2,42.0,316640,Seritinga,  3 166 402 ,   1 819,1819.0,23.08960967564596
316650 SERRA AZUL DE MINAS,52.0,1,53.0,316650,Serra Azul de Minas,  3 166 501 ,   3 792,3792.0,13.976793248945148
316660 SERRA DA SAUDADE,22.0,-,22.0,316660,Serra da Saudade,  3 166 600 ,833,833.0,26.410564225690276
316670 SERRA DOS AIMORES,60.0,-,60.0,316670,Serra dos Aimorés,  3 166 709 ,   6 944,6944.0,8.640552995391706
316680 SERRA DO SALITRE,172.0,18,190.0,316680,Serra do Salitre,  3 166 808 ,   11 801,11801.0,16.100330480467754
316690 SERRANIA,84.0,1,85.0,316690,Serrania,  3 166 907 ,   7 621,7621.0,11.153391943314526
316695 SERRANOPOLIS DE MINAS,66.0,-,66.0,316695,Serranópolis de Minas,  3 166 956 ,   4 399,4399.0,15.00340986587861
316700 SERRANOS,46.0,-,46.0,316700,Serranos,  3 167 004 ,   1 990,1990.0,23.115577889447238
316710 SERRO,228.0,10,238.0,316710,Serro,  3 167 103 ,   21 952,21952.0,10.841836734693878
316720 SETE LAGOAS,3059.0,1095,4154.0,316720,Sete Lagoas,  3 167 202 ,   227 397,227397.0,18.26761127015748
316730 SILVEIRANIA,40.0,-,40.0,316730,Silveirânia,  3 167 301 ,   2 323,2323.0,17.219113215669392
316740 SILVIANOPOLIS,59.0,4,63.0,316740,Silvianópolis,  3 167 400 ,   6 179,6179.0,10.195824567082052
316750 SIMAO PEREIRA,55.0,-,55.0,316750,Simão Pereira,  3 167 509 ,   2 947,2947.0,18.663047166610113
316760 SIMONESIA,168.0,9,177.0,316760,Simonésia,  3 167 608 ,   19 750,19750.0,8.962025316455698
316770 SOBRALIA,91.0,21,112.0,316770,Sobrália,  3 167 707 ,   5 137,5137.0,21.802608526377263
316780 SOLEDADE DE MINAS,40.0,3,43.0,316780,Soledade de Minas,  3 167 806 ,   5 613,5613.0,7.660787457687511
316790 TABULEIRO,58.0,1,59.0,316790,Tabuleiro,  3 167 905 ,   4 014,4014.0,14.698555057299451
316800 TAIOBEIRAS,778.0,13,791.0,316800,Taiobeiras,  3 168 002 ,   33 050,33050.0,23.93343419062027
316805 TAPARUBA,64.0,-,64.0,316805,Taparuba,  3 168 051 ,   3 387,3387.0,18.895777974608798
316810 TAPIRA,54.0,8,62.0,316810,Tapira,  3 168 101 ,   4 118,4118.0,15.055852355512386
316820 TAPIRAI,37.0,-,37.0,316820,Tapiraí,  3 168 200 ,   1 690,1690.0,21.893491124260358
316830 TAQUARACU DE MINAS,74.0,1,75.0,316830,Taquaraçu de Minas,  3 168 309 ,   4 224,4224.0,17.75568181818182
316840 TARUMIRIM,196.0,6,202.0,316840,Tarumirim,  3 168 408 ,   14 709,14709.0,13.733088585219933
316850 TEIXEIRAS,165.0,17,182.0,316850,Teixeiras,  3 168 507 ,   12 255,12255.0,14.851081191350469
316860 TEOFILO OTONI,3337.0,423,3760.0,316860,Teófilo Otoni,  3 168 606 ,   137 418,137418.0,27.361772111368232
316870 TIMOTEO,765.0,273,1038.0,316870,Timóteo,  3 168 705 ,   81 579,81579.0,12.72386275879822
316880 TIRADENTES,70.0,6,76.0,316880,Tiradentes,  3 168 804 ,   7 744,7744.0,9.814049586776859
316890 TIROS,113.0,8,121.0,316890,Tiros,  3 168 903 ,   7 883,7883.0,15.349486236204491
316900 TOCANTINS,124.0,19,143.0,316900,Tocantins,  3 169 000 ,   16 185,16185.0,8.835341365461847
316905 TOCOS DO MOJI,37.0,3,40.0,316905,Tocos do Moji,  3 169 059 ,   3 826,3826.0,10.454783063251437
316910 TOLEDO,54.0,1,55.0,316910,Toledo,  3 169 109 ,   7 214,7214.0,7.624064319378985
316920 TOMBOS,128.0,35,163.0,316920,Tombos,  3 169 208 ,   8 609,8609.0,18.93367406202811
316930 TRES CORACOES,1174.0,327,1501.0,316930,Três Corações,  3 169 307 ,   75 485,75485.0,19.884745313638472
316935 TRES MARIAS,410.0,79,489.0,316935,Três Marias,  3 169 356 ,   28 895,28895.0,16.923343138951374
316940 TRES PONTAS,672.0,305,977.0,316940,Três Pontas,  3 169 406 ,   55 255,55255.0,17.681657768527735
316950 TUMIRITINGA,75.0,1,76.0,316950,Tumiritinga,  3 169 505 ,   5 886,5886.0,12.91199456337071
316960 TUPACIGUARA,402.0,17,419.0,316960,Tupaciguara,  3 169 604 ,   25 470,25470.0,16.450726344719275
316970 TURMALINA,294.0,34,328.0,316970,Turmalina,  3 169 703 ,   20 000,20000.0,16.400000000000002
316980 TURVOLANDIA,43.0,3,46.0,316980,Turvolândia,  3 169 802 ,   4 935,4935.0,9.321175278622086
316990 UBA,1656.0,213,1869.0,316990,Ubá,  3 169 901 ,   103 365,103365.0,18.081555652300104
317000 UBAI,124.0,4,128.0,317000,Ubaí,  3 170 008 ,   11 708,11708.0,10.932695592757089
317005 UBAPORANGA,125.0,5,130.0,317005,Ubaporanga,  3 170 057 ,   13 017,13017.0,9.986940155181685
317010 UBERABA,6591.0,2404,8995.0,317010,Uberaba,  3 170 107 ,   337 836,337836.0,26.62534484187594
317020 UBERLANDIA,13360.0,11694,25054.0,317020,Uberlândia,  3 170 206 ,   713 224,713224.0,35.12781398270389
317030 UMBURATIBA,45.0,-,45.0,317030,Umburatiba,  3 170 305 ,   2 684,2684.0,16.76602086438152
317040 UNAI,1011.0,522,1533.0,317040,Unaí,  3 170 404 ,   86 619,86619.0,17.698195546011842
317043 UNIAO DE MINAS,74.0,1,75.0,317043,União de Minas,  3 170 438 ,   3 828,3828.0,19.592476489028215
317047 URUANA DE MINAS,83.0,-,83.0,317047,Uruana de Minas,  3 170 479 ,   3 282,3282.0,25.28945764777575
317050 URUCANIA,108.0,-,108.0,317050,Urucânia,  3 170 503 ,   10 600,10600.0,10.18867924528302
317052 URUCUIA,238.0,5,243.0,317052,Urucuia,  3 170 529 ,   17 479,17479.0,13.902397162309057
317057 VARGEM ALEGRE,62.0,5,67.0,317057,Vargem Alegre,  3 170 578 ,   5 780,5780.0,11.591695501730104
317060 VARGEM BONITA,35.0,-,35.0,317060,Vargem Bonita,  3 170 602 ,   2 158,2158.0,16.218721037998144
317065 VARGEM GRANDE DO RIO PARDO,115.0,1,116.0,317065,Vargem Grande do Rio Pardo,  3 170 651 ,   4 633,4633.0,25.03777250161882
317070 VARGINHA,2168.0,794,2962.0,317070,Varginha,  3 170 701 ,   136 467,136467.0,21.704881033509935
317075 VARJAO DE MINAS,105.0,2,107.0,317075,Varjão de Minas,  3 170 750 ,   6 969,6969.0,15.353709283971876
317080 VARZEA DA PALMA,417.0,38,455.0,317080,Várzea da Palma,  3 170 800 ,   33 744,33744.0,13.483878615457563
317090 VARZELANDIA,194.0,3,197.0,317090,Varzelândia,  3 170 909 ,   18 840,18840.0,10.456475583864119
317100 VAZANTE,299.0,88,387.0,317100,Vazante,  3 171 006 ,   19 975,19975.0,19.37421777221527
317103 VERDELANDIA,117.0,21,138.0,317103,Verdelândia,  3 171 030 ,   7 672,7672.0,17.987486965589156
317107 VEREDINHA,75.0,1,76.0,317107,Veredinha,  3 171 071 ,   5 181,5181.0,14.668982821849063
317110 VERISSIMO,60.0,-,60.0,317110,Veríssimo,  3 171 105 ,   3 411,3411.0,17.59014951627089
317115 VERMELHO NOVO,53.0,-,53.0,317115,Vermelho Novo,  3 171 154 ,   4 899,4899.0,10.818534394774444
317120 VESPASIANO,1231.0,101,1332.0,317120,Vespasiano,  3 171 204 ,   129 246,129246.0,10.305928229887192
317130 VICOSA,1247.0,617,1864.0,317130,Viçosa,  3 171 303 ,   76 430,76430.0,24.388329190108596
317140 VIEIRAS,71.0,-,71.0,317140,Vieiras,  3 171 402 ,   3 700,3700.0,19.189189189189186
317150 MATHIAS LOBATO,74.0,1,75.0,317150,Mathias Lobato,  3 171 501 ,   3 038,3038.0,24.687294272547728
317160 VIRGEM DA LAPA,150.0,4,154.0,317160,Virgem da Lapa,  3 171 600 ,   11 804,11804.0,13.046424940698069
317170 VIRGINIA,87.0,15,102.0,317170,Virgínia,  3 171 709 ,   8 908,8908.0,11.450381679389313
317180 VIRGINOPOLIS,149.0,11,160.0,317180,Virginópolis,  3 171 808 ,   10 314,10314.0,15.512895094046927
317190 VIRGOLANDIA,136.0,-,136.0,317190,Virgolândia,  3 171 907 ,   4 552,4552.0,29.876977152899823
317200 VISCONDE DO RIO BRANCO,532.0,49,581.0,317200,Visconde do Rio Branco,  3 172 004 ,   39 160,39160.0,14.836567926455567
317210 VOLTA GRANDE,61.0,1,62.0,317210,Volta Grande,  3 172 103 ,   4 443,4443.0,13.954535223947783
317220 WENCESLAU BRAZ,23.0,-,23.0,317220,Wenceslau Braz,  3 172 202 ,   2 356,2356.0,9.762308998302208
320010 AFONSO CLAUDIO,440.0,115,555.0,320010,Afonso Cláudio,  3 200 102 ,   30 684,30684.0,18.087602659366446
320013 AGUIA BRANCA,160.0,11,171.0,320013,Águia Branca,  3 200 136 ,   9 711,9711.0,17.608897126969417
320016 AGUA DOCE DO NORTE,93.0,5,98.0,320016,Água Doce do Norte,  3 200 169 ,   12 042,12042.0,8.138183026075403
320020 ALEGRE,372.0,142,514.0,320020,Alegre,  3 200 201 ,   29 177,29177.0,17.616615827535387
320030 ALFREDO CHAVES,234.0,43,277.0,320030,Alfredo Chaves,  3 200 300 ,   13 836,13836.0,20.020237062734893
320035 ALTO RIO NOVO,81.0,2,83.0,320035,Alto Rio Novo,  3 200 359 ,   7 434,7434.0,11.164917944578962
320040 ANCHIETA,704.0,178,882.0,320040,Anchieta,  3 200 409 ,   29 984,29984.0,29.415688367129135
320050 APIACA,137.0,24,161.0,320050,Apiacá,  3 200 508 ,   7 223,7223.0,22.289907240758687
320060 ARACRUZ,1204.0,396,1600.0,320060,Aracruz,  3 200 607 ,   94 765,94765.0,16.883870627341317
320070 ATILIO VIVACQUA,235.0,5,240.0,320070,Atílio Vivácqua,  3 200 706 ,   10 540,10540.0,22.770398481973434
320080 BAIXO GUANDU,495.0,73,568.0,320080,Baixo Guandu,  3 200 805 ,   30 674,30674.0,18.51731107778575
320090 BARRA DE SAO FRANCISCO,810.0,242,1052.0,320090,Barra de São Francisco,  3 200 904 ,   42 498,42498.0,24.754106075580026
320100 BOA ESPERANCA,182.0,81,263.0,320100,Boa Esperança,  3 201 001 ,   13 608,13608.0,19.326866549088773
320110 BOM JESUS DO NORTE,147.0,5,152.0,320110,Bom Jesus do Norte,  3 201 100 ,   10 254,10254.0,14.823483518626878
320115 BREJETUBA,178.0,17,195.0,320115,Brejetuba,  3 201 159 ,   12 985,12985.0,15.017327685791297
320120 CACHOEIRO DE ITAPEMIRIM,4409.0,1194,5603.0,320120,Cachoeiro de Itapemirim,  3 201 209 ,   185 786,185786.0,30.158354235518285
320130 CARIACICA,2791.0,1238,4029.0,320130,Cariacica,  3 201 308 ,   353 491,353491.0,11.397744214138408
320140 CASTELO,453.0,226,679.0,320140,Castelo,  3 201 407 ,   36 930,36930.0,18.386135932845924
320150 COLATINA,2987.0,741,3728.0,320150,Colatina,  3 201 506 ,   120 033,120033.0,31.058125682104087
320160 CONCEICAO DA BARRA,343.0,2,345.0,320160,Conceição da Barra,  3 201 605 ,   27 458,27458.0,12.564644183844417
320170 CONCEICAO DO CASTELO,167.0,30,197.0,320170,Conceição do Castelo,  3 201 704 ,   11 937,11937.0,16.50330903912206
320180 DIVINO DE SAO LOURENCO,89.0,10,99.0,320180,Divino de São Lourenço,  3 201 803 ,   5 083,5083.0,19.476686995868583
320190 DOMINGOS MARTINS,412.0,62,474.0,320190,Domingos Martins,  3 201 902 ,   35 416,35416.0,13.383781341766433
320200 DORES DO RIO PRETO,100.0,11,111.0,320200,Dores do Rio Preto,  3 202 009 ,   6 596,6596.0,16.82838083687083
320210 ECOPORANGA,271.0,36,307.0,320210,Ecoporanga,  3 202 108 ,   21 992,21992.0,13.959621680611132
320220 FUNDAO,195.0,90,285.0,320220,Fundão,  3 202 207 ,   18 014,18014.0,15.821028089263907
320225 GOVERNADOR LINDENBERG,179.0,87,266.0,320225,Governador Lindenberg,  3 202 256 ,   11 009,11009.0,24.162049232446183
320230 GUACUI,543.0,60,603.0,320230,Guaçuí,  3 202 306 ,   29 358,29358.0,20.539546290619253
320240 GUARAPARI,1004.0,746,1750.0,320240,Guarapari,  3 202 405 ,   124 656,124656.0,14.03863432165319
320245 IBATIBA,209.0,274,483.0,320245,Ibatiba,  3 202 454 ,   25 380,25380.0,19.030732860520093
320250 IBIRACU,128.0,28,156.0,320250,Ibiraçu,  3 202 504 ,   11 723,11723.0,13.307173931587478
320255 IBITIRAMA,96.0,39,135.0,320255,Ibitirama,  3 202 553 ,   9 520,9520.0,14.180672268907562
320260 ICONHA,190.0,84,274.0,320260,Iconha,  3 202 603 ,   12 326,12326.0,22.22943371734545
320265 IRUPI,140.0,41,181.0,320265,Irupi,  3 202 652 ,   13 710,13710.0,13.202042304886945
320270 ITAGUACU,171.0,44,215.0,320270,Itaguaçu,  3 202 702 ,   13 589,13589.0,15.821620428287584
320280 ITAPEMIRIM,852.0,113,965.0,320280,Itapemirim,  3 202 801 ,   39 832,39832.0,24.22675235991163
320290 ITARANA,133.0,11,144.0,320290,Itarana,  3 202 900 ,   10 597,10597.0,13.588751533452864
320300 IUNA,260.0,105,365.0,320300,Iúna,  3 203 007 ,   28 590,28590.0,12.766701643931444
320305 JAGUARE,295.0,158,453.0,320305,Jaguaré,  3 203 056 ,   28 931,28931.0,15.65794476513083
320310 JERONIMO MONTEIRO,234.0,45,279.0,320310,Jerônimo Monteiro,  3 203 106 ,   11 575,11575.0,24.103671706263498
320313 JOAO NEIVA,237.0,37,274.0,320313,João Neiva,  3 203 130 ,   14 079,14079.0,19.46160948931032
320316 LARANJA DA TERRA,180.0,44,224.0,320316,Laranja da Terra,  3 203 163 ,   11 094,11094.0,20.191094285199206
320320 LINHARES,2950.0,1492,4442.0,320320,Linhares,  3 203 205 ,   166 786,166786.0,26.632930821531783
320330 MANTENOPOLIS,139.0,12,151.0,320330,Mantenópolis,  3 203 304 ,   12 770,12770.0,11.82458888018794
320332 MARATAIZES,499.0,192,691.0,320332,Marataízes,  3 203 320 ,   41 929,41929.0,16.480240406401297
320334 MARECHAL FLORIANO,213.0,49,262.0,320334,Marechal Floriano,  3 203 346 ,   17 641,17641.0,14.851765772915368
320335 MARILANDIA,181.0,16,197.0,320335,Marilândia,  3 203 353 ,   12 387,12387.0,15.903770081537093
320340 MIMOSO DO SUL,374.0,136,510.0,320340,Mimoso do Sul,  3 203 403 ,   24 475,24475.0,20.83758937691522
320350 MONTANHA,300.0,101,401.0,320350,Montanha,  3 203 502 ,   18 900,18900.0,21.21693121693122
320360 MUCURICI,121.0,9,130.0,320360,Mucurici,  3 203 601 ,   5 466,5466.0,23.783388218075377
320370 MUNIZ FREIRE,226.0,37,263.0,320370,Muniz Freire,  3 203 700 ,   18 153,18153.0,14.487963422023908
320380 MUQUI,183.0,17,200.0,320380,Muqui,  3 203 809 ,   13 745,13745.0,14.550745725718443
320390 NOVA VENECIA,687.0,270,957.0,320390,Nova Venécia,  3 203 908 ,   49 065,49065.0,19.504738612045244
320400 PANCAS,239.0,19,258.0,320400,Pancas,  3 204 005 ,   18 893,18893.0,13.655851373524586
320405 PEDRO CANARIO,259.0,14,273.0,320405,Pedro Canário,  3 204 054 ,   21 522,21522.0,12.684694730972957
320410 PINHEIROS,242.0,216,458.0,320410,Pinheiros,  3 204 104 ,   23 915,23915.0,19.15116035960694
320420 PIUMA,289.0,88,377.0,320420,Piúma,  3 204 203 ,   22 300,22300.0,16.905829596412556
320425 PONTO BELO,100.0,19,119.0,320425,Ponto Belo,  3 204 252 ,   6 497,6497.0,18.316145913498538
320430 PRESIDENTE KENNEDY,241.0,34,275.0,320430,Presidente Kennedy,  3 204 302 ,   13 696,13696.0,20.078855140186917
320435 RIO BANANAL,197.0,39,236.0,320435,Rio Bananal,  3 204 351 ,   19 274,19274.0,12.244474421500467
320440 RIO NOVO DO SUL,155.0,6,161.0,320440,Rio Novo do Sul,  3 204 401 ,   11 069,11069.0,14.545126027644773
320450 SANTA LEOPOLDINA,180.0,23,203.0,320450,Santa Leopoldina,  3 204 500 ,   13 106,13106.0,15.489088966885395
320455 SANTA MARIA DE JETIBA,409.0,373,782.0,320455,Santa Maria de Jetibá,  3 204 559 ,   41 636,41636.0,18.78182342203862
320460 SANTA TERESA,485.0,98,583.0,320460,Santa Teresa,  3 204 609 ,   22 808,22808.0,25.56120659417748
320465 SAO DOMINGOS DO NORTE,141.0,14,155.0,320465,São Domingos do Norte,  3 204 658 ,   8 589,8589.0,18.046338339736874
320470 SAO GABRIEL DA PALHA,329.0,140,469.0,320470,São Gabriel da Palha,  3 204 708 ,   32 252,32252.0,14.54173384596304
320480 SAO JOSE DO CALCADO,458.0,37,495.0,320480,São José do Calçado,  3 204 807 ,   10 878,10878.0,45.50468836183122
320490 SAO MATEUS,1458.0,416,1874.0,320490,São Mateus,  3 204 906 ,   123 752,123752.0,15.143189605016484
320495 SAO ROQUE DO CANAA,133.0,64,197.0,320495,São Roque do Canaã,  3 204 955 ,   10 886,10886.0,18.096637883520117
320500 SERRA,6693.0,2085,8778.0,320500,Serra,  3 205 002 ,   520 653,520653.0,16.859597467026983
320501 SOORETAMA,333.0,30,363.0,320501,Sooretama,  3 205 010 ,   26 502,26502.0,13.697079465700702
320503 VARGEM ALTA,261.0,36,297.0,320503,Vargem Alta,  3 205 036 ,   19 563,19563.0,15.181720595000767
320506 VENDA NOVA DO IMIGRANTE,483.0,216,699.0,320506,Venda Nova do Imigrante,  3 205 069 ,   23 831,23831.0,29.33154294826067
320510 VIANA,756.0,72,828.0,320510,Viana,  3 205 101 ,   73 423,73423.0,11.277120248423518
320515 VILA PAVAO,117.0,58,175.0,320515,Vila Pavão,  3 205 150 ,   8 911,8911.0,19.638648860958366
320517 VILA VALERIO,120.0,57,177.0,320517,Vila Valério,  3 205 176 ,   13 728,13728.0,12.893356643356643
320520 VILA VELHA,6289.0,3619,9908.0,320520,Vila Velha,  3 205 200 ,   467 722,467722.0,21.183523546038032
320530 VITORIA,11509.0,4198,15707.0,320530,Vitória,  3 205 309 ,   322 869,322869.0,48.648213362075644
330010 ANGRA DOS REIS,3373.0,769,4142.0,330010,Angra dos Reis,  3 300 100 ,   167 434,167434.0,24.738105761076007
330015 APERIBE,226.0,16,242.0,330015,Aperibé,  3 300 159 ,   11 034,11034.0,21.93220953416712
330020 ARARUAMA,1393.0,356,1749.0,330020,Araruama,  3 300 209 ,   129 671,129671.0,13.487981121453524
330022 AREAL,261.0,25,286.0,330022,Areal,  3 300 225 ,   11 828,11828.0,24.179912073047007
330023 ARMACAO DOS BUZIOS,739.0,110,849.0,330023,Armação dos Búzios,  3 300 233 ,   40 006,40006.0,21.22181672749088
330025 ARRAIAL DO CABO,741.0,11,752.0,330025,Arraial do Cabo,  3 300 258 ,   30 986,30986.0,24.26902472084167
330030 BARRA DO PIRAI,1112.0,167,1279.0,330030,Barra do Piraí,  3 300 308 ,   92 883,92883.0,13.770011735193737
330040 BARRA MANSA,2901.0,595,3496.0,330040,Barra Mansa,  3 300 407 ,   169 894,169894.0,20.577536581633254
330045 BELFORD ROXO,3597.0,346,3943.0,330045,Belford Roxo,  3 300 456 ,   483 087,483087.0,8.162090886320684
330050 BOM JARDIM,243.0,34,277.0,330050,Bom Jardim,  3 300 506 ,   28 102,28102.0,9.856949683296563
330060 BOM JESUS DO ITABAPOANA,1001.0,141,1142.0,330060,Bom Jesus do Itabapoana,  3 300 605 ,   35 173,35173.0,32.468086316208456
330070 CABO FRIO,3531.0,687,4218.0,330070,Cabo Frio,  3 300 704 ,   222 161,222161.0,18.986230706559656
330080 CACHOEIRAS DE MACACU,1116.0,58,1174.0,330080,Cachoeiras de Macacu,  3 300 803 ,   56 943,56943.0,20.61710833640658
330090 CAMBUCI,217.0,2,219.0,330090,Cambuci,  3 300 902 ,   14 616,14616.0,14.983579638752053
330093 CARAPEBUS,459.0,36,495.0,330093,Carapebus,  3 300 936 ,   13 847,13847.0,35.74781541128042
330095 COMENDADOR LEVY GASPARIAN,206.0,2,208.0,330095,Comendador Levy Gasparian,  3 300 951 ,   8 741,8741.0,23.79590435876902
330100 CAMPOS DOS GOYTACAZES,8652.0,2581,11233.0,330100,Campos dos Goytacazes,  3 301 009 ,   483 540,483540.0,23.23075650411548
330110 CANTAGALO,287.0,202,489.0,330110,Cantagalo,  3 301 108 ,   19 390,19390.0,25.21918514698298
330115 CARDOSO MOREIRA,177.0,6,183.0,330115,Cardoso Moreira,  3 301 157 ,   12 958,12958.0,14.122549776200032
330120 CARMO,526.0,22,548.0,330120,Carmo,  3 301 207 ,   17 198,17198.0,31.864170252354924
330130 CASIMIRO DE ABREU,761.0,29,790.0,330130,Casimiro de Abreu,  3 301 306 ,   46 110,46110.0,17.132942962481025
330140 CONCEICAO DE MACABU,296.0,30,326.0,330140,Conceição de Macabu,  3 301 405 ,   21 104,21104.0,15.447308567096284
330150 CORDEIRO,214.0,69,283.0,330150,Cordeiro,  3 301 504 ,   20 783,20783.0,13.616898426598663
330160 DUAS BARRAS,171.0,9,180.0,330160,Duas Barras,  3 301 603 ,   10 980,10980.0,16.393442622950822
330170 DUQUE DE CAXIAS,11508.0,4194,15702.0,330170,Duque de Caxias,  3 301 702 ,   808 161,808161.0,19.42929688515036
330180 ENGENHEIRO PAULO DE FRONTIN,276.0,3,279.0,330180,Engenheiro Paulo de Frontin,  3 301 801 ,   12 242,12242.0,22.790393726515273
330185 GUAPIMIRIM,758.0,114,872.0,330185,Guapimirim,  3 301 850 ,   51 696,51696.0,16.86784277313525
330187 IGUABA GRANDE,477.0,27,504.0,330187,Iguaba Grande,  3 301 876 ,   27 920,27920.0,18.05157593123209
330190 ITABORAI,3158.0,405,3563.0,330190,Itaboraí,  3 301 900 ,   224 267,224267.0,15.88731289043863
330200 ITAGUAI,1608.0,385,1993.0,330200,Itaguaí,  3 302 007 ,   116 841,116841.0,17.057368560693593
330205 ITALVA,192.0,12,204.0,330205,Italva,  3 302 056 ,   14 073,14073.0,14.495843103815819
330210 ITAOCARA,445.0,26,471.0,330210,Itaocara,  3 302 106 ,   22 919,22919.0,20.5506348444522
330220 ITAPERUNA,3416.0,366,3782.0,330220,Itaperuna,  3 302 205 ,   101 041,101041.0,37.4303500559179
330225 ITATIAIA,486.0,43,529.0,330225,Itatiaia,  3 302 254 ,   30 908,30908.0,17.115309952115958
330227 JAPERI,1057.0,21,1078.0,330227,Japeri,  3 302 270 ,   96 289,96289.0,11.195463656284726
330230 LAJE DO MURIAE,176.0,1,177.0,330230,Laje do Muriaé,  3 302 304 ,   7 336,7336.0,24.127589967284624
330240 MACAE,3614.0,1549,5163.0,330240,Macaé,  3 302 403 ,   246 391,246391.0,20.954499149725436
330245 MACUCO,94.0,5,99.0,330245,Macuco,  3 302 452 ,   5 415,5415.0,18.282548476454295
330250 MAGE,3381.0,352,3733.0,330250,Magé,  3 302 502 ,   228 127,228127.0,16.3636921539318
330260 MANGARATIBA,1027.0,10,1037.0,330260,Mangaratiba,  3 302 601 ,   41 220,41220.0,25.157690441533237
330270 MARICA,3507.0,327,3834.0,330270,Maricá,  3 302 700 ,   197 277,197277.0,19.434602107696286
330280 MENDES,418.0,18,436.0,330280,Mendes,  3 302 809 ,   17 502,17502.0,24.911438692720832
330285 MESQUITA,2640.0,175,2815.0,330285,Mesquita,  3 302 858 ,   167 127,167127.0,16.84347831289977
330290 MIGUEL PEREIRA,424.0,59,483.0,330290,Miguel Pereira,  3 302 908 ,   26 582,26582.0,18.17019035437514
330300 MIRACEMA,386.0,46,432.0,330300,Miracema,  3 303 005 ,   26 881,26881.0,16.070830698262714
330310 NATIVIDADE,295.0,22,317.0,330310,Natividade,  3 303 104 ,   15 074,15074.0,21.0295873689797
330320 NILOPOLIS,1750.0,636,2386.0,330320,Nilópolis,  3 303 203 ,   146 774,146774.0,16.256285173123306
330330 NITEROI,9669.0,5539,15208.0,330330,Niterói,  3 303 302 ,   481 749,481749.0,31.56830631719007
330340 NOVA FRIBURGO,2153.0,1351,3504.0,330340,Nova Friburgo,  3 303 401 ,   189 939,189939.0,18.448028051111145
330350 NOVA IGUACU,8107.0,2850,10957.0,330350,Nova Iguaçu,  3 303 500 ,   785 867,785867.0,13.942562800066678
330360 PARACAMBI,915.0,71,986.0,330360,Paracambi,  3 303 609 ,   41 375,41375.0,23.83081570996979
330370 PARAIBA DO SUL,833.0,42,875.0,330370,Paraíba do Sul,  3 303 708 ,   42 063,42063.0,20.802130138126145
330380 PARATY,700.0,17,717.0,330380,Paraty,  3 303 807 ,   45 243,45243.0,15.847755453882368
330385 PATY DO ALFERES,269.0,20,289.0,330385,Paty do Alferes,  3 303 856 ,   29 619,29619.0,9.757250413585874
330390 PETROPOLIS,5908.0,1317,7225.0,330390,Petrópolis,  3 303 906 ,   278 881,278881.0,25.907107332518173
330395 PINHEIRAL,480.0,20,500.0,330395,Pinheiral,  3 303 955 ,   24 298,24298.0,20.577825335418552
330400 PIRAI,812.0,11,823.0,330400,Piraí,  3 304 003 ,   27 474,27474.0,29.955594380141225
330410 PORCIUNCULA,293.0,55,348.0,330410,Porciúncula,  3 304 102 ,   17 288,17288.0,20.12956964368348
330411 PORTO REAL,528.0,31,559.0,330411,Porto Real,  3 304 110 ,   20 373,20373.0,27.438276149806118
330412 QUATIS,209.0,9,218.0,330412,Quatis,  3 304 128 ,   13 682,13682.0,15.933343078497295
330414 QUEIMADOS,1114.0,85,1199.0,330414,Queimados,  3 304 144 ,   140 523,140523.0,8.53241106438092
330415 QUISSAMA,443.0,2,445.0,330415,Quissamã,  3 304 151 ,   22 393,22393.0,19.87228151654535
330420 RESENDE,2070.0,937,3007.0,330420,Resende,  3 304 201 ,   129 612,129612.0,23.200012344536
330430 RIO BONITO,1105.0,122,1227.0,330430,Rio Bonito,  3 304 300 ,   56 276,56276.0,21.80325538417798
330440 RIO CLARO,283.0,4,287.0,330440,Rio Claro,  3 304 409 ,   17 401,17401.0,16.49330498247227
330450 RIO DAS FLORES,310.0,-,310.0,330450,Rio das Flores,  3 304 508 ,   8 954,8954.0,34.621398257761896
330452 RIO DAS OSTRAS,1616.0,424,2040.0,330452,Rio das Ostras,  3 304 524 ,   156 491,156491.0,13.035893437961288
330455 RIO DE JANEIRO,102374.0,59677,162051.0,330455,Rio de Janeiro,  3 304 557 ,  6 211 223,6211223.0,26.09003090051669
330460 SANTA MARIA MADALENA,146.0,13,159.0,330460,Santa Maria Madalena,  3 304 607 ,   10 232,10232.0,15.539483971853011
330470 SANTO ANTONIO DE PADUA,437.0,113,550.0,330470,Santo Antônio de Pádua,  3 304 706 ,   41 325,41325.0,13.309134906231096
330475 SAO FRANCISCO DE ITABAPOANA,705.0,69,774.0,330475,São Francisco de Itabapoana,  3 304 755 ,   45 059,45059.0,17.177478417186354
330480 SAO FIDELIS,565.0,44,609.0,330480,São Fidélis,  3 304 805 ,   38 961,38961.0,15.63101563101563
330490 SAO GONCALO,7870.0,2036,9906.0,330490,São Gonçalo,  3 304 904 ,   896 744,896744.0,11.046630922537537
330500 SAO JOAO DA BARRA,932.0,27,959.0,330500,São João da Barra,  3 305 000 ,   36 573,36573.0,26.221529543652423
330510 SAO JOAO DE MERITI,3462.0,499,3961.0,330510,São João de Meriti,  3 305 109 ,   440 962,440962.0,8.982633424195281
330513 SAO JOSE DE UBA,138.0,26,164.0,330513,São José de Ubá,  3 305 133 ,   7 070,7070.0,23.196605374823196
330515 SAO JOSE DO VALE DO RIO PRETO,314.0,63,377.0,330515,São José do Vale do Rio Preto,  3 305 158 ,   22 080,22080.0,17.07427536231884
330520 SAO PEDRO DA ALDEIA,874.0,133,1007.0,330520,São Pedro da Aldeia,  3 305 208 ,   104 029,104029.0,9.679993078853013
330530 SAO SEBASTIAO DO ALTO,206.0,-,206.0,330530,São Sebastião do Alto,  3 305 307 ,   7 750,7750.0,26.58064516129032
330540 SAPUCAIA,287.0,12,299.0,330540,Sapucaia,  3 305 406 ,   17 729,17729.0,16.86502340797563
330550 SAQUAREMA,1506.0,79,1585.0,330550,Saquarema,  3 305 505 ,   89 559,89559.0,17.69783048046539
330555 SEROPEDICA,1015.0,84,1099.0,330555,Seropédica,  3 305 554 ,   80 596,80596.0,13.63591245223088
330560 SILVA JARDIM,406.0,6,412.0,330560,Silva Jardim,  3 305 604 ,   21 352,21352.0,19.295616335706256
330570 SUMIDOURO,172.0,-,172.0,330570,Sumidouro,  3 305 703 ,   15 206,15206.0,11.31132447718006
330575 TANGUA,392.0,45,437.0,330575,Tanguá,  3 305 752 ,   31 086,31086.0,14.05777520427202
330580 TERESOPOLIS,3002.0,559,3561.0,330580,Teresópolis,  3 305 802 ,   165 123,165123.0,21.565741901491617
330590 TRAJANO DE MORAES,123.0,5,128.0,330590,Trajano de Moraes,  3 305 901 ,   10 302,10302.0,12.4247718889536
330600 TRES RIOS,1452.0,328,1780.0,330600,Três Rios,  3 306 008 ,   78 346,78346.0,22.71973042656932
330610 VALENCA,1555.0,266,1821.0,330610,Valença,  3 306 107 ,   68 088,68088.0,26.744800845964047
330615 VARRE-SAI,140.0,-,140.0,330615,Varre-Sai,  3 306 156 ,   10 207,10207.0,13.716077201920251
330620 VASSOURAS,1037.0,106,1143.0,330620,Vassouras,  3 306 206 ,   33 976,33976.0,33.641393925123616
330630 VOLTA REDONDA,4236.0,2559,6795.0,330630,Volta Redonda,  3 306 305 ,   261 563,261563.0,25.978444963546067
350010 ADAMANTINA,744.0,118,862.0,350010,Adamantina,  3 500 105 ,   34 687,34687.0,24.850808660305013
350020 ADOLFO,121.0,3,124.0,350020,Adolfo,  3 500 204 ,   4 351,4351.0,28.49919558722133
350030 AGUAI,323.0,73,396.0,350030,Aguaí,  3 500 303 ,   32 072,32072.0,12.34721875779496
350040 AGUAS DA PRATA,76.0,16,92.0,350040,Águas da Prata,  3 500 402 ,   7 369,7369.0,12.484733342380242
350050 AGUAS DE LINDOIA,200.0,36,236.0,350050,Águas de Lindóia,  3 500 501 ,   17 930,17930.0,13.162297824874512
350055 AGUAS DE SANTA BARBARA,98.0,2,100.0,350055,Águas de Santa Bárbara,  3 500 550 ,   7 177,7177.0,13.933398355858994
350060 AGUAS DE SAO PEDRO,92.0,4,96.0,350060,Águas de São Pedro,  3 500 600 ,   2 780,2780.0,34.53237410071942
350070 AGUDOS,478.0,17,495.0,350070,Agudos,  3 500 709 ,   37 680,37680.0,13.136942675159236
350075 ALAMBARI,79.0,8,87.0,350075,Alambari,  3 500 758 ,   6 141,6141.0,14.167073766487542
350080 ALFREDO MARCONDES,49.0,-,49.0,350080,Alfredo Marcondes,  3 500 808 ,   4 445,4445.0,11.023622047244094
350090 ALTAIR,79.0,-,79.0,350090,Altair,  3 500 907 ,   3 451,3451.0,22.891915386844392
350100 ALTINOPOLIS,238.0,26,264.0,350100,Altinópolis,  3 501 004 ,   16 818,16818.0,15.69746699964324
350110 ALTO ALEGRE,70.0,3,73.0,350110,Alto Alegre,  3 501 103 ,   3 841,3841.0,19.005467326217133
350115 ALUMINIO,133.0,25,158.0,350115,Alumínio,  3 501 152 ,   17 301,17301.0,9.1324200913242
350120 ALVARES FLORENCE,76.0,1,77.0,350120,Álvares Florence,  3 501 202 ,   3 915,3915.0,19.667943805874838
350130 ALVARES MACHADO,336.0,18,354.0,350130,Álvares Machado,  3 501 301 ,   27 255,27255.0,12.988442487616952
350140 ALVARO DE CARVALHO,51.0,-,51.0,350140,Álvaro de Carvalho,  3 501 400 ,   4 808,4808.0,10.607321131447586
350150 ALVINLANDIA,32.0,-,32.0,350150,Alvinlândia,  3 501 509 ,   2 885,2885.0,11.091854419410746
350160 AMERICANA,2505.0,2317,4822.0,350160,Americana,  3 501 608 ,   237 240,237240.0,20.32540886865621
350170 AMERICO BRASILIENSE,1028.0,36,1064.0,350170,Américo Brasiliense,  3 501 707 ,   33 019,33019.0,32.22387110451559
350180 AMERICO DE CAMPOS,118.0,4,122.0,350180,Américo de Campos,  3 501 806 ,   5 870,5870.0,20.783645655877343
350190 AMPARO,1123.0,409,1532.0,350190,Amparo,  3 501 905 ,   68 008,68008.0,22.52676155746383
350200 ANALANDIA,97.0,1,98.0,350200,Analândia,  3 502 002 ,   4 589,4589.0,21.355415123120505
350210 ANDRADINA,1029.0,236,1265.0,350210,Andradina,  3 502 101 ,   59 783,59783.0,21.159861499088368
350220 ANGATUBA,329.0,64,393.0,350220,Angatuba,  3 502 200 ,   24 022,24022.0,16.360003330280573
350230 ANHEMBI,80.0,2,82.0,350230,Anhembi,  3 502 309 ,   5 674,5674.0,14.451885794853718
350240 ANHUMAS,73.0,1,74.0,350240,Anhumas,  3 502 408 ,   4 023,4023.0,18.39423315933383
350250 APARECIDA,528.0,36,564.0,350250,Aparecida,  3 502 507 ,   32 569,32569.0,17.31708065952286
350260 APARECIDA D'OESTE,72.0,-,72.0,350260,Aparecida d'Oeste,  3 502 606 ,   4 086,4086.0,17.62114537444934
350270 APIAI,379.0,19,398.0,350270,Apiaí,  3 502 705 ,   24 585,24585.0,16.188732967256456
350275 ARACARIGUAMA,320.0,24,344.0,350275,Araçariguama,  3 502 754 ,   21 522,21522.0,15.9836446426912
350280 ARACATUBA,3747.0,770,4517.0,350280,Araçatuba,  3 502 804 ,   200 124,200124.0,22.571005976294696
350290 ARACOIABA DA SERRA,212.0,78,290.0,350290,Araçoiaba da Serra,  3 502 903 ,   32 443,32443.0,8.938754122615048
350300 ARAMINA,77.0,1,78.0,350300,Aramina,  3 503 000 ,   5 420,5420.0,14.391143911439114
350310 ARANDU,95.0,2,97.0,350310,Arandu,  3 503 109 ,   6 885,6885.0,14.088598402323893
350315 ARAPEI,66.0,-,66.0,350315,Arapeí,  3 503 158 ,   2 330,2330.0,28.32618025751073
350320 ARARAQUARA,4390.0,2590,6980.0,350320,Araraquara,  3 503 208 ,   242 228,242228.0,28.815826411480092
350330 ARARAS,1921.0,887,2808.0,350330,Araras,  3 503 307 ,   130 866,130866.0,21.45706294988767
350335 ARCO-IRIS,27.0,-,27.0,350335,Arco-Íris,  3 503 356 ,   2 044,2044.0,13.209393346379647
350340 AREALVA,112.0,11,123.0,350340,Arealva,  3 503 406 ,   8 130,8130.0,15.129151291512915
350350 AREIAS,61.0,-,61.0,350350,Areias,  3 503 505 ,   3 577,3577.0,17.053396701146212
350360 AREIOPOLIS,107.0,6,113.0,350360,Areiópolis,  3 503 604 ,   10 130,10130.0,11.154985192497533
350370 ARIRANHA,124.0,15,139.0,350370,Ariranha,  3 503 703 ,   7 602,7602.0,18.28466193107077
350380 ARTUR NOGUEIRA,356.0,132,488.0,350380,Artur Nogueira,  3 503 802 ,   51 456,51456.0,9.483830845771145
350390 ARUJA,825.0,329,1154.0,350390,Arujá,  3 503 901 ,   86 678,86678.0,13.313643600452249
350395 ASPASIA,45.0,-,45.0,350395,Aspásia,  3 503 950 ,   1 842,1842.0,24.4299674267101
350400 ASSIS,1754.0,668,2422.0,350400,Assis,  3 504 008 ,   101 409,101409.0,23.883481742251675
350410 ATIBAIA,1265.0,1906,3171.0,350410,Atibaia,  3 504 107 ,   158 647,158647.0,19.987771593537854
350420 AURIFLAMA,166.0,23,189.0,350420,Auriflama,  3 504 206 ,   13 692,13692.0,13.803680981595091
350430 AVAI,65.0,-,65.0,350430,Avaí,  3 504 305 ,   4 483,4483.0,14.499219272808388
350440 AVANHANDAVA,98.0,11,109.0,350440,Avanhandava,  3 504 404 ,   11 263,11263.0,9.677705762230312
350450 AVARE,1208.0,149,1357.0,350450,Avaré,  3 504 503 ,   92 805,92805.0,14.622057001239158
350460 BADY BASSITT,321.0,13,334.0,350460,Bady Bassitt,  3 504 602 ,   27 260,27260.0,12.252384446074835
350470 BALBINOS,70.0,-,70.0,350470,Balbinos,  3 504 701 ,   3 887,3887.0,18.008747105737076
350480 BALSAMO,108.0,5,113.0,350480,Bálsamo,  3 504 800 ,   9 596,9596.0,11.775739891621509
350490 BANANAL,135.0,2,137.0,350490,Bananal,  3 504 909 ,   9 969,9969.0,13.742602066405858
350500 BARAO DE ANTONINA,45.0,-,45.0,350500,Barão de Antonina,  3 505 005 ,   3 531,3531.0,12.744265080713678
350510 BARBOSA,74.0,-,74.0,350510,Barbosa,  3 505 104 ,   5 640,5640.0,13.120567375886525
350520 BARIRI,364.0,30,394.0,350520,Bariri,  3 505 203 ,   31 595,31595.0,12.470327583478399
350530 BARRA BONITA,449.0,93,542.0,350530,Barra Bonita,  3 505 302 ,   34 346,34346.0,15.780585803295871
350535 BARRA DO CHAPEU,69.0,-,69.0,350535,Barra do Chapéu,  3 505 351 ,   5 179,5179.0,13.32303533500676
350540 BARRA DO TURVO,98.0,-,98.0,350540,Barra do Turvo,  3 505 401 ,   6 876,6876.0,14.252472367655614
350550 BARRETOS,5401.0,434,5835.0,350550,Barretos,  3 505 500 ,   122 485,122485.0,47.63848634526677
350560 BARRINHA,356.0,269,625.0,350560,Barrinha,  3 505 609 ,   32 092,32092.0,19.475258631434624
350570 BARUERI,5683.0,2063,7746.0,350570,Barueri,  3 505 708 ,   316 473,316473.0,24.476021651136115
350580 BASTOS,336.0,19,355.0,350580,Bastos,  3 505 807 ,   21 503,21503.0,16.50932428033298
350590 BATATAIS,746.0,221,967.0,350590,Batatais,  3 505 906 ,   58 402,58402.0,16.55765213520085
350600 BAURU,7143.0,2433,9576.0,350600,Bauru,  3 506 003 ,   379 146,379146.0,25.256761247646025
350610 BEBEDOURO,1126.0,420,1546.0,350610,Bebedouro,  3 506 102 ,   76 373,76373.0,20.242755947782594
350620 BENTO DE ABREU,38.0,-,38.0,350620,Bento de Abreu,  3 506 201 ,   2 606,2606.0,14.581734458940906
350630 BERNARDINO DE CAMPOS,174.0,7,181.0,350630,Bernardino de Campos,  3 506 300 ,   11 607,11607.0,15.594038080468684
350635 BERTIOGA,536.0,108,644.0,350635,Bertioga,  3 506 359 ,   64 188,64188.0,10.033027980307844
350640 BILAC,86.0,5,91.0,350640,Bilac,  3 506 409 ,   7 319,7319.0,12.433392539964476
350650 BIRIGUI,1213.0,307,1520.0,350650,Birigui,  3 506 508 ,   118 979,118979.0,12.775363719648006
350660 BIRITIBA-MIRIM,317.0,15,332.0,350660,Biritiba Mirim,  3 506 607 ,   29 683,29683.0,11.184853283023953
350670 BOA ESPERANCA DO SUL,174.0,3,177.0,350670,Boa Esperança do Sul,  3 506 706 ,   12 978,12978.0,13.638465094775775
350680 BOCAINA,106.0,26,132.0,350680,Bocaina,  3 506 805 ,   11 259,11259.0,11.723954169997336
350690 BOFETE,123.0,24,147.0,350690,Bofete,  3 506 904 ,   10 460,10460.0,14.053537284894839
350700 BOITUVA,678.0,166,844.0,350700,Boituva,  3 507 001 ,   61 081,61081.0,13.817717457147067
350710 BOM JESUS DOS PERDOES,168.0,18,186.0,350710,Bom Jesus dos Perdões,  3 507 100 ,   22 006,22006.0,8.452240298100518
350715 BOM SUCESSO DE ITARARE,59.0,-,59.0,350715,Bom Sucesso de Itararé,  3 507 159 ,   3 555,3555.0,16.59634317862166
350720 BORA,26.0,-,26.0,350720,Borá,  3 507 209 ,907,907.0,28.665931642778393
350730 BORACEIA,58.0,-,58.0,350730,Boracéia,  3 507 308 ,   4 715,4715.0,12.30116648992577
350740 BORBOREMA,259.0,20,279.0,350740,Borborema,  3 507 407 ,   14 226,14226.0,19.6119780683256
350745 BOREBI,51.0,-,51.0,350745,Borebi,  3 507 456 ,   2 713,2713.0,18.798378179137487
350750 BOTUCATU,5066.0,1049,6115.0,350750,Botucatu,  3 507 506 ,   145 155,145155.0,42.127381075402155
350760 BRAGANCA PAULISTA,3590.0,510,4100.0,350760,Bragança Paulista,  3 507 605 ,   176 811,176811.0,23.18860251907404
350770 BRAUNA,55.0,-,55.0,350770,Braúna,  3 507 704 ,   5 356,5356.0,10.268857356235996
350775 BREJO ALEGRE,47.0,-,47.0,350775,Brejo Alegre,  3 507 753 ,   2 565,2565.0,18.32358674463938
350780 BRODOWSKI,348.0,50,398.0,350780,Brodowski,  3 507 803 ,   25 201,25201.0,15.793024086345781
350790 BROTAS,216.0,76,292.0,350790,Brotas,  3 507 902 ,   23 898,23898.0,12.218595698384801
350800 BURI,203.0,62,265.0,350800,Buri,  3 508 009 ,   20 250,20250.0,13.08641975308642
350810 BURITAMA,239.0,20,259.0,350810,Buritama,  3 508 108 ,   17 210,17210.0,15.04938988959907
350820 BURITIZAL,64.0,2,66.0,350820,Buritizal,  3 508 207 ,   4 356,4356.0,15.151515151515152
350830 CABRALIA PAULISTA,46.0,-,46.0,350830,Cabrália Paulista,  3 508 306 ,   4 299,4299.0,10.700162828564782
350840 CABREUVA,425.0,86,511.0,350840,Cabreúva,  3 508 405 ,   47 011,47011.0,10.86979643062262
350850 CACAPAVA,1054.0,520,1574.0,350850,Caçapava,  3 508 504 ,   96 202,96202.0,16.36140620777115
350860 CACHOEIRA PAULISTA,437.0,167,604.0,350860,Cachoeira Paulista,  3 508 603 ,   31 564,31564.0,19.135724242808262
350870 CACONDE,194.0,27,221.0,350870,Caconde,  3 508 702 ,   17 101,17101.0,12.923220864276942
350880 CAFELANDIA,208.0,37,245.0,350880,Cafelândia,  3 508 801 ,   16 654,16654.0,14.711180497177855
350890 CAIABU,75.0,-,75.0,350890,Caiabu,  3 508 900 ,   3 712,3712.0,20.204741379310345
350900 CAIEIRAS,1516.0,486,2002.0,350900,Caieiras,  3 509 007 ,   95 032,95032.0,21.06658809664113
350910 CAIUA,82.0,-,82.0,350910,Caiuá,  3 509 106 ,   5 466,5466.0,15.00182949140139
350920 CAJAMAR,1055.0,225,1280.0,350920,Cajamar,  3 509 205 ,   92 689,92689.0,13.809621422175232
350925 CAJATI,372.0,24,396.0,350925,Cajati,  3 509 254 ,   28 515,28515.0,13.887427669647554
350930 CAJOBI,131.0,-,131.0,350930,Cajobi,  3 509 304 ,   9 133,9133.0,14.343589182086937
350940 CAJURU,269.0,77,346.0,350940,Cajuru,  3 509 403 ,   23 830,23830.0,14.519513218631976
350945 CAMPINA DO MONTE ALEGRE,54.0,5,59.0,350945,Campina do Monte Alegre,  3 509 452 ,   5 954,5954.0,9.909304669129996
350950 CAMPINAS,21812.0,13938,35750.0,350950,Campinas,  3 509 502 ,  1 139 047,1139047.0,31.385886622764467
350960 CAMPO LIMPO PAULISTA,716.0,52,768.0,350960,Campo Limpo Paulista,  3 509 601 ,   77 632,77632.0,9.892827699917559
350970 CAMPOS DO JORDAO,595.0,127,722.0,350970,Campos do Jordão,  3 509 700 ,   46 974,46974.0,15.37020479414144
350980 CAMPOS NOVOS PAULISTA,89.0,-,89.0,350980,Campos Novos Paulista,  3 509 809 ,   4 888,4888.0,18.20785597381342
350990 CANANEIA,156.0,1,157.0,350990,Cananéia,  3 509 908 ,   12 289,12289.0,12.775653023028724
350995 CANAS,49.0,1,50.0,350995,Canas,  3 509 957 ,   4 931,4931.0,10.13993104846887
351000 CANDIDO MOTA,357.0,60,417.0,351000,Cândido Mota,  3 510 005 ,   29 449,29449.0,14.160073347142518
351010 CANDIDO RODRIGUES,51.0,-,51.0,351010,Cândido Rodrigues,  3 510 104 ,   2 889,2889.0,17.653167185877468
351015 CANITAR,53.0,-,53.0,351015,Canitar,  3 510 153 ,   6 283,6283.0,8.43546076714945
351020 CAPAO BONITO,523.0,33,556.0,351020,Capão Bonito,  3 510 203 ,   46 337,46337.0,11.999050434857674
351030 CAPELA DO ALTO,192.0,49,241.0,351030,Capela do Alto,  3 510 302 ,   22 866,22866.0,10.539665879471704
351040 CAPIVARI,586.0,377,963.0,351040,Capivari,  3 510 401 ,   50 068,50068.0,19.233841974914117
351050 CARAGUATATUBA,3190.0,535,3725.0,351050,Caraguatatuba,  3 510 500 ,   134 873,134873.0,27.61857451083612
351060 CARAPICUIBA,2664.0,507,3171.0,351060,Carapicuíba,  3 510 609 ,   386 984,386984.0,8.194137225311641
351070 CARDOSO,145.0,12,157.0,351070,Cardoso,  3 510 708 ,   11 345,11345.0,13.83869546055531
351080 CASA BRANCA,692.0,58,750.0,351080,Casa Branca,  3 510 807 ,   28 083,28083.0,26.70654844567888
351090 CASSIA DOS COQUEIROS,85.0,-,85.0,351090,Cássia dos Coqueiros,  3 510 906 ,   2 799,2799.0,30.36798856734548
351100 CASTILHO,252.0,15,267.0,351100,Castilho,  3 511 003 ,   19 977,19977.0,13.365370175702056
351110 CATANDUVA,3182.0,767,3949.0,351110,Catanduva,  3 511 102 ,   115 791,115791.0,34.10455044001693
351120 CATIGUA,92.0,8,100.0,351120,Catiguá,  3 511 201 ,   7 003,7003.0,14.27959445951735
351130 CEDRAL,136.0,24,160.0,351130,Cedral,  3 511 300 ,   12 618,12618.0,12.680297987002694
351140 CERQUEIRA CESAR,204.0,10,214.0,351140,Cerqueira César,  3 511 409 ,   21 469,21469.0,9.967860636266245
351150 CERQUILHO,366.0,211,577.0,351150,Cerquilho,  3 511 508 ,   44 695,44695.0,12.90972144535183
351160 CESARIO LANGE,168.0,15,183.0,351160,Cesário Lange,  3 511 607 ,   19 048,19048.0,9.607307853842922
351170 CHARQUEADA,116.0,30,146.0,351170,Charqueada,  3 511 706 ,   15 535,15535.0,9.398133247505632
351190 CLEMENTINA,55.0,3,58.0,351190,Clementina,  3 511 904 ,   6 982,6982.0,8.307075336579777
351200 COLINA,335.0,35,370.0,351200,Colina,  3 512 001 ,   18 486,18486.0,20.01514659742508
351210 COLOMBIA,155.0,9,164.0,351210,Colômbia,  3 512 100 ,   6 629,6629.0,24.73977975561925
351220 CONCHAL,260.0,33,293.0,351220,Conchal,  3 512 209 ,   28 101,28101.0,10.426675207287998
351230 CONCHAS,179.0,43,222.0,351230,Conchas,  3 512 308 ,   15 232,15232.0,14.574579831932773
351240 CORDEIROPOLIS,275.0,70,345.0,351240,Cordeirópolis,  3 512 407 ,   24 514,24514.0,14.073590601289059
351250 COROADOS,45.0,-,45.0,351250,Coroados,  3 512 506 ,   5 400,5400.0,8.333333333333334
351260 CORONEL MACEDO,56.0,-,56.0,351260,Coronel Macedo,  3 512 605 ,   4 280,4280.0,13.08411214953271
351270 CORUMBATAI,67.0,1,68.0,351270,Corumbataí,  3 512 704 ,   4 195,4195.0,16.209773539928488
351280 COSMOPOLIS,625.0,81,706.0,351280,Cosmópolis,  3 512 803 ,   59 773,59773.0,11.81135295200174
351290 COSMORAMA,80.0,-,80.0,351290,Cosmorama,  3 512 902 ,   8 719,8719.0,9.175364147264595
351300 COTIA,2207.0,1267,3474.0,351300,Cotia,  3 513 009 ,   274 413,274413.0,12.659750084726307
351310 CRAVINHOS,366.0,135,501.0,351310,Cravinhos,  3 513 108 ,   33 281,33281.0,15.053634205702954
351320 CRISTAIS PAULISTA,99.0,5,104.0,351320,Cristais Paulista,  3 513 207 ,   9 272,9272.0,11.216566005176878
351330 CRUZALIA,57.0,-,57.0,351330,Cruzália,  3 513 306 ,   2 108,2108.0,27.039848197343453
351340 CRUZEIRO,1044.0,316,1360.0,351340,Cruzeiro,  3 513 405 ,   74 961,74961.0,18.14276757247102
351350 CUBATAO,1294.0,259,1553.0,351350,Cubatão,  3 513 504 ,   112 476,112476.0,13.807390020982254
351360 CUNHA,200.0,47,247.0,351360,Cunha,  3 513 603 ,   22 110,22110.0,11.171415649027589
351370 DESCALVADO,328.0,116,444.0,351370,Descalvado,  3 513 702 ,   31 756,31756.0,13.981609774530797
351380 DIADEMA,4795.0,1249,6044.0,351380,Diadema,  3 513 801 ,   393 237,393237.0,15.369866009556578
351385 DIRCE REIS,35.0,-,35.0,351385,Dirce Reis,  3 513 850 ,   1 620,1620.0,21.604938271604937
351390 DIVINOLANDIA,621.0,18,639.0,351390,Divinolândia,  3 513 900 ,   11 158,11158.0,57.26832765728626
351400 DOBRADA,80.0,15,95.0,351400,Dobrada,  3 514 007 ,   8 759,8759.0,10.845986984815617
351410 DOIS CORREGOS,287.0,46,333.0,351410,Dois Córregos,  3 514 106 ,   24 510,24510.0,13.586291309669523
351420 DOLCINOPOLIS,53.0,-,53.0,351420,Dolcinópolis,  3 514 205 ,   2 207,2207.0,24.01449932034436
351430 DOURADO,115.0,11,126.0,351430,Dourado,  3 514 304 ,   8 096,8096.0,15.563241106719367
351440 DRACENA,771.0,188,959.0,351440,Dracena,  3 514 403 ,   45 474,45474.0,21.088973919162598
351450 DUARTINA,174.0,39,213.0,351450,Duartina,  3 514 502 ,   12 328,12328.0,17.27774172615185
351460 DUMONT,107.0,-,107.0,351460,Dumont,  3 514 601 ,   9 471,9471.0,11.297645443986909
351470 ECHAPORA,98.0,1,99.0,351470,Echaporã,  3 514 700 ,   6 205,6205.0,15.95487510072522
351480 ELDORADO,189.0,3,192.0,351480,Eldorado,  3 514 809 ,   13 069,13069.0,14.691254112785982
351490 ELIAS FAUSTO,195.0,20,215.0,351490,Elias Fausto,  3 514 908 ,   17 699,17699.0,12.147578959263235
351492 ELISIARIO,51.0,1,52.0,351492,Elisiário,  3 514 924 ,   3 138,3138.0,16.5710643722116
351495 EMBAUBA,53.0,1,54.0,351495,Embaúba,  3 514 957 ,   2 323,2323.0,23.24580284115368
351500 EMBU DAS ARTES,2622.0,271,2893.0,351500,Embu das Artes,  3 515 004 ,   250 691,250691.0,11.540103154879912
351510 EMBU-GUACU,428.0,56,484.0,351510,Embu-Guaçu,  3 515 103 ,   66 970,66970.0,7.227116619381813
351512 EMILIANOPOLIS,41.0,2,43.0,351512,Emilianópolis,  3 515 129 ,   3 014,3014.0,14.266755142667552
351515 ENGENHEIRO COELHO,176.0,98,274.0,351515,Engenheiro Coelho,  3 515 152 ,   19 566,19566.0,14.00388428907288
351518 ESPIRITO SANTO DO PINHAL,854.0,153,1007.0,351518,Espírito Santo do Pinhal,  3 515 186 ,   39 816,39816.0,25.291340164757887
351519 ESPIRITO SANTO DO TURVO,48.0,-,48.0,351519,Espírito Santo do Turvo,  3 515 194 ,   4 157,4157.0,11.54678854943469
351520 ESTRELA D'OESTE,151.0,16,167.0,351520,Estrela d'Oeste,  3 515 202 ,   9 417,9417.0,17.733885526176067
351530 ESTRELA DO NORTE,71.0,-,71.0,351530,Estrela do Norte,  3 515 301 ,   2 703,2703.0,26.26711061783204
351535 EUCLIDES DA CUNHA PAULISTA,121.0,3,124.0,351535,Euclides da Cunha Paulista,  3 515 350 ,   7 924,7924.0,15.648662291771833
351540 FARTURA,221.0,17,238.0,351540,Fartura,  3 515 400 ,   16 641,16641.0,14.30202511868277
351550 FERNANDOPOLIS,1304.0,441,1745.0,351550,Fernandópolis,  3 515 509 ,   71 186,71186.0,24.513246986767058
351560 FERNANDO PRESTES,101.0,2,103.0,351560,Fernando Prestes,  3 515 608 ,   5 942,5942.0,17.334230898687313
351565 FERNAO,47.0,-,47.0,351565,Fernão,  3 515 657 ,   1 656,1656.0,28.381642512077295
351570 FERRAZ DE VASCONCELOS,1734.0,58,1792.0,351570,Ferraz de Vasconcelos,  3 515 707 ,   179 198,179198.0,10.000111608388487
351580 FLORA RICA,44.0,-,44.0,351580,Flora Rica,  3 515 806 ,   1 487,1487.0,29.589778076664427
351590 FLOREAL,39.0,-,39.0,351590,Floreal,  3 515 905 ,   2 733,2733.0,14.270032930845225
351600 FLORIDA PAULISTA,121.0,6,127.0,351600,Flórida Paulista,  3 516 002 ,   12 958,12958.0,9.800895199876523
351610 FLORINIA,59.0,-,59.0,351610,Florínea,  3 516 101 ,   3 851,3851.0,15.320695923136848
351620 FRANCA,4537.0,1716,6253.0,351620,Franca,  3 516 200 ,   352 536,352536.0,17.737195633921075
351630 FRANCISCO MORATO,1642.0,109,1751.0,351630,Francisco Morato,  3 516 309 ,   165 139,165139.0,10.603188828804825
351640 FRANCO DA ROCHA,2539.0,261,2800.0,351640,Franco da Rocha,  3 516 408 ,   144 849,144849.0,19.330475184502482
351650 GABRIEL MONTEIRO,43.0,1,44.0,351650,Gabriel Monteiro,  3 516 507 ,   2 763,2763.0,15.924719507781397
351660 GALIA,109.0,4,113.0,351660,Gália,  3 516 606 ,   6 380,6380.0,17.711598746081503
351670 GARCA,782.0,83,865.0,351670,Garça,  3 516 705 ,   42 110,42110.0,20.54143908810259
351680 GASTAO VIDIGAL,45.0,-,45.0,351680,Gastão Vidigal,  3 516 804 ,   3 252,3252.0,13.837638376383763
351685 GAVIAO PEIXOTO,86.0,4,90.0,351685,Gavião Peixoto,  3 516 853 ,   4 702,4702.0,19.140791152700977
351690 GENERAL SALGADO,103.0,14,117.0,351690,General Salgado,  3 516 903 ,   10 312,10312.0,11.34600465477114
351700 GETULINA,106.0,11,117.0,351700,Getulina,  3 517 000 ,   10 232,10232.0,11.434714620797498
351710 GLICERIO,58.0,-,58.0,351710,Glicério,  3 517 109 ,   4 138,4138.0,14.01643305944901
351720 GUAICARA,145.0,9,154.0,351720,Guaiçara,  3 517 208 ,   11 239,11239.0,13.702286680309635
351730 GUAIMBE,59.0,-,59.0,351730,Guaimbê,  3 517 307 ,   5 512,5512.0,10.703918722786648
351740 GUAIRA,428.0,70,498.0,351740,Guaíra,  3 517 406 ,   39 279,39279.0,12.678530512487589
351750 GUAPIACU,237.0,7,244.0,351750,Guapiaçu,  3 517 505 ,   21 711,21711.0,11.23854267422044
351760 GUAPIARA,194.0,3,197.0,351760,Guapiara,  3 517 604 ,   17 071,17071.0,11.54003866205846
351770 GUARA,270.0,34,304.0,351770,Guará,  3 517 703 ,   18 606,18606.0,16.338815435880896
351780 GUARACAI,122.0,4,126.0,351780,Guaraçaí,  3 517 802 ,   7 441,7441.0,16.933207902163687
351790 GUARACI,176.0,15,191.0,351790,Guaraci,  3 517 901 ,   10 350,10350.0,18.454106280193237
351800 GUARANI D'OESTE,52.0,1,53.0,351800,Guarani d'Oeste,  3 518 008 ,   1 968,1968.0,26.930894308943092
351810 GUARANTA,89.0,-,89.0,351810,Guarantã,  3 518 107 ,   6 427,6427.0,13.84782946942586
351820 GUARARAPES,306.0,49,355.0,351820,Guararapes,  3 518 206 ,   31 043,31043.0,11.435750410720614
351830 GUARAREMA,383.0,51,434.0,351830,Guararema,  3 518 305 ,   31 236,31236.0,13.894224612626457
351840 GUARATINGUETA,1886.0,1550,3436.0,351840,Guaratinguetá,  3 518 404 ,   118 044,118044.0,29.107790315475583
351850 GUAREI,167.0,3,170.0,351850,Guareí,  3 518 503 ,   15 013,15013.0,11.323519616332511
351860 GUARIBA,383.0,79,462.0,351860,Guariba,  3 518 602 ,   37 498,37498.0,12.32065710171209
351870 GUARUJA,3716.0,636,4352.0,351870,Guarujá,  3 518 701 ,   287 634,287634.0,15.130339250575386
351880 GUARULHOS,13026.0,3979,17005.0,351880,Guarulhos,  3 518 800 ,  1 291 771,1291771.0,13.164097970925187
351885 GUATAPARA,107.0,1,108.0,351885,Guatapará,  3 518 859 ,   7 320,7320.0,14.754098360655739
351890 GUZOLANDIA,42.0,-,42.0,351890,Guzolândia,  3 518 909 ,   4 246,4246.0,9.891662741403673
351900 HERCULANDIA,116.0,3,119.0,351900,Herculândia,  3 519 006 ,   9 125,9125.0,13.04109589041096
351905 HOLAMBRA,88.0,23,111.0,351905,Holambra,  3 519 055 ,   15 094,15094.0,7.353915463097919
351907 HORTOLANDIA,1471.0,337,1808.0,351907,Hortolândia,  3 519 071 ,   236 641,236641.0,7.640265211861005
351910 IACANGA,110.0,7,117.0,351910,Iacanga,  3 519 105 ,   10 437,10437.0,11.210117849956884
351920 IACRI,76.0,1,77.0,351920,Iacri,  3 519 204 ,   6 131,6131.0,12.559125754363073
351925 IARAS,105.0,-,105.0,351925,Iaras,  3 519 253 ,   8 010,8010.0,13.108614232209739
351930 IBATE,167.0,40,207.0,351930,Ibaté,  3 519 303 ,   32 178,32178.0,6.43296662315868
351940 IBIRA,119.0,12,131.0,351940,Ibirá,  3 519 402 ,   11 690,11690.0,11.206159110350727
351950 IBIRAREMA,78.0,5,83.0,351950,Ibirarema,  3 519 501 ,   6 385,6385.0,12.999216914643696
351960 IBITINGA,673.0,140,813.0,351960,Ibitinga,  3 519 600 ,   60 033,60033.0,13.542551596621857
351970 IBIUNA,499.0,112,611.0,351970,Ibiúna,  3 519 709 ,   75 605,75605.0,8.081476092851002
351980 ICEM,129.0,35,164.0,351980,Icém,  3 519 808 ,   7 819,7819.0,20.97454917508633
351990 IEPE,153.0,14,167.0,351990,Iepê,  3 519 907 ,   7 619,7619.0,21.918886993043706
352000 IGARACU DO TIETE,159.0,1,160.0,352000,Igaraçu do Tietê,  3 520 004 ,   23 106,23106.0,6.924608326841513
352010 IGARAPAVA,361.0,49,410.0,352010,Igarapava,  3 520 103 ,   26 212,26212.0,15.64169082862811
352020 IGARATA,123.0,2,125.0,352020,Igaratá,  3 520 202 ,   10 605,10605.0,11.786892975011787
352030 IGUAPE,320.0,15,335.0,352030,Iguape,  3 520 301 ,   29 115,29115.0,11.506096513824488
352040 ILHABELA,985.0,48,1033.0,352040,Ilhabela,  3 520 400 ,   34 934,34934.0,29.570046373160817
352042 ILHA COMPRIDA,138.0,9,147.0,352042,Ilha Comprida,  3 520 426 ,   13 419,13419.0,10.954616588419405
352044 ILHA SOLTEIRA,520.0,97,617.0,352044,Ilha Solteira,  3 520 442 ,   25 549,25549.0,24.14967317703237
352050 INDAIATUBA,2366.0,960,3326.0,352050,Indaiatuba,  3 520 509 ,   255 748,255748.0,13.00498928632873
352060 INDIANA,71.0,3,74.0,352060,Indiana,  3 520 608 ,   5 090,5090.0,14.538310412573674
352070 INDIAPORA,88.0,3,91.0,352070,Indiaporã,  3 520 707 ,   4 035,4035.0,22.552664188351923
352080 INUBIA PAULISTA,51.0,-,51.0,352080,Inúbia Paulista,  3 520 806 ,   3 615,3615.0,14.107883817427386
352090 IPAUSSU,144.0,9,153.0,352090,Ipaussu,  3 520 905 ,   13 712,13712.0,11.15810968494749
352100 IPERO,269.0,16,285.0,352100,Iperó,  3 521 002 ,   36 459,36459.0,7.8169999177157905
352110 IPEUNA,142.0,-,142.0,352110,Ipeúna,  3 521 101 ,   6 831,6831.0,20.78758600497731
352115 IPIGUA,80.0,-,80.0,352115,Ipiguá,  3 521 150 ,   6 761,6761.0,11.83256914657595
352120 IPORANGA,88.0,-,88.0,352120,Iporanga,  3 521 200 ,   4 046,4046.0,21.7498764211567
352130 IPUA,244.0,84,328.0,352130,Ipuã,  3 521 309 ,   14 454,14454.0,22.692680226926804
352140 IRACEMAPOLIS,184.0,17,201.0,352140,Iracemápolis,  3 521 408 ,   21 967,21967.0,9.150088769517913
352150 IRAPUA,98.0,7,105.0,352150,Irapuã,  3 521 507 ,   6 867,6867.0,15.290519877675841
352160 IRAPURU,106.0,-,106.0,352160,Irapuru,  3 521 606 ,   7 085,7085.0,14.961185603387438
352170 ITABERA,207.0,3,210.0,352170,Itaberá,  3 521 705 ,   17 983,17983.0,11.677695601401323
352180 ITAI,176.0,17,193.0,352180,Itaí,  3 521 804 ,   25 180,25180.0,7.66481334392375
352190 ITAJOBI,170.0,13,183.0,352190,Itajobi,  3 521 903 ,   16 989,16989.0,10.771675790217198
352200 ITAJU,35.0,-,35.0,352200,Itaju,  3 522 000 ,   3 618,3618.0,9.673852957435047
352210 ITANHAEM,1836.0,148,1984.0,352210,Itanhaém,  3 522 109 ,   112 476,112476.0,17.639318610192397
352215 ITAOCA,37.0,-,37.0,352215,Itaoca,  3 522 158 ,   3 422,3422.0,10.81239041496201
352220 ITAPECERICA DA SERRA,1791.0,498,2289.0,352220,Itapecerica da Serra,  3 522 208 ,   158 522,158522.0,14.439636138832466
352230 ITAPETININGA,1947.0,494,2441.0,352230,Itapetininga,  3 522 307 ,   157 790,157790.0,15.469928385829267
352240 ITAPEVA,1583.0,305,1888.0,352240,Itapeva,  3 522 406 ,   89 728,89728.0,21.041369472182595
352250 ITAPEVI,2545.0,842,3387.0,352250,Itapevi,  3 522 505 ,   232 297,232297.0,14.580472412471964
352260 ITAPIRA,1449.0,664,2113.0,352260,Itapira,  3 522 604 ,   72 022,72022.0,29.338257754574993
352265 ITAPIRAPUA PAULISTA,78.0,-,78.0,352265,Itapirapuã Paulista,  3 522 653 ,   4 306,4306.0,18.114259173246634
352270 ITAPOLIS,432.0,50,482.0,352270,Itápolis,  3 522 703 ,   39 493,39493.0,12.204694502823285
352280 ITAPORANGA,205.0,30,235.0,352280,Itaporanga,  3 522 802 ,   14 085,14085.0,16.68441604543841
352290 ITAPUI,153.0,5,158.0,352290,Itapuí,  3 522 901 ,   13 659,13659.0,11.56746467530566
352300 ITAPURA,57.0,3,60.0,352300,Itapura,  3 523 008 ,   3 979,3979.0,15.079165619502387
352310 ITAQUAQUECETUBA,2269.0,246,2515.0,352310,Itaquaquecetuba,  3 523 107 ,   369 275,369275.0,6.810642475120168
352320 ITARARE,514.0,65,579.0,352320,Itararé,  3 523 206 ,   44 438,44438.0,13.02938926144291
352330 ITARIRI,200.0,12,212.0,352330,Itariri,  3 523 305 ,   15 528,15528.0,13.652756311179804
352340 ITATIBA,1154.0,220,1374.0,352340,Itatiba,  3 523 404 ,   121 590,121590.0,11.300271403898348
352350 ITATINGA,118.0,7,125.0,352350,Itatinga,  3 523 503 ,   19 070,19070.0,6.554798112218143
352360 ITIRAPINA,257.0,17,274.0,352360,Itirapina,  3 523 602 ,   16 148,16148.0,16.968045578399803
352370 ITIRAPUA,87.0,1,88.0,352370,Itirapuã,  3 523 701 ,   5 779,5779.0,15.227548018688355
352380 ITOBI,55.0,3,58.0,352380,Itobi,  3 523 800 ,   8 046,8046.0,7.208550832711906
352390 ITU,2141.0,565,2706.0,352390,Itu,  3 523 909 ,   168 240,168240.0,16.084165477888728
352400 ITUPEVA,600.0,98,698.0,352400,Itupeva,  3 524 006 ,   70 616,70616.0,9.884445451455761
352410 ITUVERAVA,699.0,201,900.0,352410,Ituverava,  3 524 105 ,   37 571,37571.0,23.954645870485216
352420 JABORANDI,116.0,4,120.0,352420,Jaborandi,  3 524 204 ,   6 221,6221.0,19.289503295290146
352430 JABOTICABAL,1059.0,301,1360.0,352430,Jaboticabal,  3 524 303 ,   71 821,71821.0,18.93596580387352
352440 JACAREI,3207.0,2050,5257.0,352440,Jacareí,  3 524 402 ,   240 275,240275.0,21.879096868171885
352450 JACI,192.0,12,204.0,352450,Jaci,  3 524 501 ,   7 613,7613.0,26.79626953894654
352460 JACUPIRANGA,199.0,6,205.0,352460,Jacupiranga,  3 524 600 ,   16 097,16097.0,12.73529229048891
352470 JAGUARIUNA,1100.0,112,1212.0,352470,Jaguariúna,  3 524 709 ,   59 347,59347.0,20.42226228789998
352480 JALES,1252.0,207,1459.0,352480,Jales,  3 524 808 ,   48 776,48776.0,29.9122519271773
352490 JAMBEIRO,71.0,-,71.0,352490,Jambeiro,  3 524 907 ,   6 397,6397.0,11.09895263404721
352500 JANDIRA,598.0,121,719.0,352500,Jandira,  3 525 003 ,   118 045,118045.0,6.090897539074082
352510 JARDINOPOLIS,358.0,53,411.0,352510,Jardinópolis,  3 525 102 ,   45 282,45282.0,9.076454220219954
352520 JARINU,290.0,25,315.0,352520,Jarinu,  3 525 201 ,   37 535,37535.0,8.39216731051019
352530 JAU,4131.0,593,4724.0,352530,Jaú,  3 525 300 ,   133 497,133497.0,35.38656299392496
352540 JERIQUARA,62.0,-,62.0,352540,Jeriquara,  3 525 409 ,   3 863,3863.0,16.04970230390888
352550 JOANOPOLIS,117.0,5,122.0,352550,Joanópolis,  3 525 508 ,   12 815,12815.0,9.520093640265314
352560 JOAO RAMALHO,73.0,1,74.0,352560,João Ramalho,  3 525 607 ,   4 371,4371.0,16.929764355982613
352570 JOSE BONIFACIO,310.0,71,381.0,352570,José Bonifácio,  3 525 706 ,   36 633,36633.0,10.400458602899025
352580 JULIO MESQUITA,59.0,5,64.0,352580,Júlio Mesquita,  3 525 805 ,   4 254,4254.0,15.044663845792195
352585 JUMIRIM,48.0,1,49.0,352585,Jumirim,  3 525 854 ,   3 056,3056.0,16.034031413612563
352590 JUNDIAI,5671.0,3907,9578.0,352590,Jundiaí,  3 525 904 ,   443 221,443221.0,21.609986891415343
352600 JUNQUEIROPOLIS,300.0,14,314.0,352600,Junqueirópolis,  3 526 001 ,   20 448,20448.0,15.35602503912363
352610 JUQUIA,216.0,3,219.0,352610,Juquiá,  3 526 100 ,   17 154,17154.0,12.766701643931444
352620 JUQUITIBA,312.0,6,318.0,352620,Juquitiba,  3 526 209 ,   27 404,27404.0,11.604145380236462
352630 LAGOINHA,70.0,14,84.0,352630,Lagoinha,  3 526 308 ,   5 083,5083.0,16.525673814676374
352640 LARANJAL PAULISTA,313.0,44,357.0,352640,Laranjal Paulista,  3 526 407 ,   26 261,26261.0,13.59430333955295
352650 LAVINIA,84.0,-,84.0,352650,Lavínia,  3 526 506 ,   9 689,9689.0,8.669625348333161
352660 LAVRINHAS,65.0,5,70.0,352660,Lavrinhas,  3 526 605 ,   7 171,7171.0,9.761539534235114
352670 LEME,1191.0,267,1458.0,352670,Leme,  3 526 704 ,   98 161,98161.0,14.853149417793217
352680 LENCOIS PAULISTA,819.0,206,1025.0,352680,Lençóis Paulista,  3 526 803 ,   66 505,66505.0,15.412375009397788
352690 LIMEIRA,3382.0,3166,6548.0,352690,Limeira,  3 526 902 ,   291 869,291869.0,22.434722426842182
352700 LINDOIA,88.0,13,101.0,352700,Lindóia,  3 527 009 ,   7 014,7014.0,14.399771884801824
352710 LINS,1120.0,671,1791.0,352710,Lins,  3 527 108 ,   74 779,74779.0,23.950574359111513
352720 LORENA,1169.0,1211,2380.0,352720,Lorena,  3 527 207 ,   84 855,84855.0,28.047846326085676
352725 LOURDES,30.0,-,30.0,352725,Lourdes,  3 527 256 ,   1 950,1950.0,15.384615384615385
352730 LOUVEIRA,658.0,55,713.0,352730,Louveira,  3 527 306 ,   51 847,51847.0,13.752001080101067
352740 LUCELIA,217.0,20,237.0,352740,Lucélia,  3 527 405 ,   20 061,20061.0,11.813967399431732
352750 LUCIANOPOLIS,31.0,-,31.0,352750,Lucianópolis,  3 527 504 ,   2 372,2372.0,13.069139966273188
352760 LUIS ANTONIO,285.0,14,299.0,352760,Luís Antônio,  3 527 603 ,   12 265,12265.0,24.37831227068895
352770 LUIZIANIA,61.0,4,65.0,352770,Luiziânia,  3 527 702 ,   4 701,4701.0,13.826845352052754
352780 LUPERCIO,35.0,-,35.0,352780,Lupércio,  3 527 801 ,   3 981,3981.0,8.791760864104496
352790 LUTECIA,64.0,-,64.0,352790,Lutécia,  3 527 900 ,   2 661,2661.0,24.0511086057873
352800 MACATUBA,159.0,23,182.0,352800,Macatuba,  3 528 007 ,   16 829,16829.0,10.814665161328659
352810 MACAUBAL,114.0,5,119.0,352810,Macaubal,  3 528 106 ,   7 481,7481.0,15.90696430958428
352820 MACEDONIA,71.0,1,72.0,352820,Macedônia,  3 528 205 ,   3 963,3963.0,18.168054504163514
352830 MAGDA,53.0,-,53.0,352830,Magda,  3 528 304 ,   3 165,3165.0,16.745655608214847
352840 MAIRINQUE,367.0,56,423.0,352840,Mairinque,  3 528 403 ,   50 027,50027.0,8.455434065604573
352850 MAIRIPORA,658.0,47,705.0,352850,Mairiporã,  3 528 502 ,   93 853,93853.0,7.511747093859546
352860 MANDURI,124.0,6,130.0,352860,Manduri,  3 528 601 ,   9 871,9871.0,13.169891601661432
352870 MARABA PAULISTA,61.0,-,61.0,352870,Marabá Paulista,  3 528 700 ,   4 573,4573.0,13.339164662147386
352880 MARACAI,149.0,6,155.0,352880,Maracaí,  3 528 809 ,   12 673,12673.0,12.230726741892212
352885 MARAPOAMA,66.0,1,67.0,352885,Marapoama,  3 528 858 ,   3 292,3292.0,20.352369380315917
352890 MARIAPOLIS,41.0,1,42.0,352890,Mariápolis,  3 528 908 ,   3 513,3513.0,11.955593509820666
352900 MARILIA,5891.0,868,6759.0,352900,Marília,  3 529 005 ,   237 627,237627.0,28.44373745407719
352910 MARINOPOLIS,41.0,-,41.0,352910,Marinópolis,  3 529 104 ,   1 860,1860.0,22.043010752688172
352920 MARTINOPOLIS,323.0,55,378.0,352920,Martinópolis,  3 529 203 ,   24 881,24881.0,15.192315421405892
352930 MATAO,1039.0,249,1288.0,352930,Matão,  3 529 302 ,   79 033,79033.0,16.2969898649931
352940 MAUA,3564.0,1870,5434.0,352940,Mauá,  3 529 401 ,   418 261,418261.0,12.991887840367617
352950 MENDONCA,100.0,2,102.0,352950,Mendonça,  3 529 500 ,   6 159,6159.0,16.561130053580126
352960 MERIDIANO,55.0,6,61.0,352960,Meridiano,  3 529 609 ,   4 572,4572.0,13.342082239720035
352965 MESOPOLIS,46.0,-,46.0,352965,Mesópolis,  3 529 658 ,   1 952,1952.0,23.565573770491802
352970 MIGUELOPOLIS,333.0,23,356.0,352970,Miguelópolis,  3 529 708 ,   19 441,19441.0,18.311815235841777
352980 MINEIROS DO TIETE,124.0,-,124.0,352980,Mineiros do Tietê,  3 529 807 ,   11 230,11230.0,11.041852181656278
352990 MIRACATU,268.0,1,269.0,352990,Miracatu,  3 529 906 ,   18 553,18553.0,14.49900285668086
353000 MIRA ESTRELA,75.0,1,76.0,353000,Mira Estrela,  3 530 003 ,   3 126,3126.0,24.31222008957134
353010 MIRANDOPOLIS,404.0,48,452.0,353010,Mirandópolis,  3 530 102 ,   27 983,27983.0,16.15266411749991
353020 MIRANTE DO PARANAPANEMA,304.0,19,323.0,353020,Mirante do Paranapanema,  3 530 201 ,   15 917,15917.0,20.29276873782748
353030 MIRASSOL,421.0,180,601.0,353030,Mirassol,  3 530 300 ,   63 337,63337.0,9.488924325433791
353040 MIRASSOLANDIA,63.0,-,63.0,353040,Mirassolândia,  3 530 409 ,   4 669,4669.0,13.493253373313344
353050 MOCOCA,1020.0,267,1287.0,353050,Mococa,  3 530 508 ,   67 681,67681.0,19.01567648232148
353060 MOGI DAS CRUZES,5986.0,3541,9527.0,353060,Mogi das Cruzes,  3 530 607 ,   451 505,451505.0,21.100541522242278
353070 MOGI GUACU,1857.0,540,2397.0,353070,Mogi Guaçu,  3 530 706 ,   153 658,153658.0,15.599578284241629
353080 MOGI MIRIM,1208.0,663,1871.0,353080,Mogi Mirim,  3 530 805 ,   92 558,92558.0,20.21435208193781
353090 MOMBUCA,48.0,-,48.0,353090,Mombuca,  3 530 904 ,   3 722,3722.0,12.896292315959162
353100 MONCOES,75.0,-,75.0,353100,Monções,  3 531 001 ,   1 937,1937.0,38.71966959215281
353110 MONGAGUA,358.0,59,417.0,353110,Mongaguá,  3 531 100 ,   61 951,61951.0,6.731126212651935
353120 MONTE ALEGRE DO SUL,86.0,9,95.0,353120,Monte Alegre do Sul,  3 531 209 ,   8 627,8627.0,11.011939260461341
353130 MONTE ALTO,546.0,242,788.0,353130,Monte Alto,  3 531 308 ,   47 574,47574.0,16.563669231092614
353140 MONTE APRAZIVEL,205.0,44,249.0,353140,Monte Aprazível,  3 531 407 ,   22 280,22280.0,11.175942549371635
353150 MONTE AZUL PAULISTA,211.0,27,238.0,353150,Monte Azul Paulista,  3 531 506 ,   18 151,18151.0,13.112225221750867
353160 MONTE CASTELO,67.0,-,67.0,353160,Monte Castelo,  3 531 605 ,   4 222,4222.0,15.869256276646139
353170 MONTEIRO LOBATO,74.0,10,84.0,353170,Monteiro Lobato,  3 531 704 ,   4 138,4138.0,20.29966167230546
353180 MONTE MOR,395.0,94,489.0,353180,Monte Mor,  3 531 803 ,   64 662,64662.0,7.562401410411061
353190 MORRO AGUDO,481.0,66,547.0,353190,Morro Agudo,  3 531 902 ,   27 933,27933.0,19.582572584398385
353200 MORUNGABA,98.0,9,107.0,353200,Morungaba,  3 532 009 ,   13 720,13720.0,7.798833819241982
353205 MOTUCA,47.0,1,48.0,353205,Motuca,  3 532 058 ,   4 034,4034.0,11.898859692612792
353210 MURUTINGA DO SUL,54.0,2,56.0,353210,Murutinga do Sul,  3 532 108 ,   3 737,3737.0,14.985282312014986
353215 NANTES,66.0,3,69.0,353215,Nantes,  3 532 157 ,   2 660,2660.0,25.93984962406015
353220 NARANDIBA,96.0,-,96.0,353220,Narandiba,  3 532 207 ,   5 713,5713.0,16.803780850691407
353230 NATIVIDADE DA SERRA,58.0,-,58.0,353230,Natividade da Serra,  3 532 306 ,   6 999,6999.0,8.286898128304044
353240 NAZARE PAULISTA,105.0,12,117.0,353240,Nazaré Paulista,  3 532 405 ,   18 217,18217.0,6.422572322555854
353250 NEVES PAULISTA,82.0,4,86.0,353250,Neves Paulista,  3 532 504 ,   9 699,9699.0,8.866893494174656
353260 NHANDEARA,185.0,67,252.0,353260,Nhandeara,  3 532 603 ,   9 852,9852.0,25.578562728380025
353270 NIPOA,74.0,2,76.0,353270,Nipoã,  3 532 702 ,   4 750,4750.0,16.0
353280 NOVA ALIANCA,137.0,1,138.0,353280,Nova Aliança,  3 532 801 ,   6 693,6693.0,20.61855670103093
353282 NOVA CAMPINA,139.0,-,139.0,353282,Nova Campina,  3 532 827 ,   8 497,8497.0,16.358714840531952
353284 NOVA CANAA PAULISTA,40.0,-,40.0,353284,Nova Canaã Paulista,  3 532 843 ,   2 032,2032.0,19.68503937007874
353286 NOVA CASTILHO,43.0,-,43.0,353286,Nova Castilho,  3 532 868 ,   1 062,1062.0,40.48964218455744
353290 NOVA EUROPA,128.0,20,148.0,353290,Nova Europa,  3 532 900 ,   9 311,9311.0,15.895177746751154
353300 NOVA GRANADA,231.0,33,264.0,353300,Nova Granada,  3 533 007 ,   19 419,19419.0,13.594932797775375
353310 NOVA GUATAPORANGA,53.0,-,53.0,353310,Nova Guataporanga,  3 533 106 ,   2 156,2156.0,24.582560296846008
353320 NOVA INDEPENDENCIA,64.0,4,68.0,353320,Nova Independência,  3 533 205 ,   4 609,4609.0,14.753742677370363
353325 NOVAIS,46.0,-,46.0,353325,Novais,  3 533 254 ,   4 412,4412.0,10.42611060743427
353330 NOVA LUZITANIA,41.0,1,42.0,353330,Nova Luzitânia,  3 533 304 ,   2 837,2837.0,14.804370814240395
353340 NOVA ODESSA,298.0,64,362.0,353340,Nova Odessa,  3 533 403 ,   62 019,62019.0,5.836920943581806
353350 NOVO HORIZONTE,460.0,88,548.0,353350,Novo Horizonte,  3 533 502 ,   38 324,38324.0,14.299133702118777
353360 NUPORANGA,87.0,18,105.0,353360,Nuporanga,  3 533 601 ,   7 391,7391.0,14.206467325125153
353370 OCAUCU,44.0,-,44.0,353370,Ocauçu,  3 533 700 ,   4 331,4331.0,10.159316555068113
353380 OLEO,21.0,-,21.0,353380,Óleo,  3 533 809 ,   2 512,2512.0,8.359872611464969
353390 OLIMPIA,746.0,182,928.0,353390,Olímpia,  3 533 908 ,   55 074,55074.0,16.85005628790355
353400 ONDA VERDE,82.0,2,84.0,353400,Onda Verde,  3 534 005 ,   4 771,4771.0,17.60637182980507
353410 ORIENTE,77.0,5,82.0,353410,Oriente,  3 534 104 ,   6 085,6085.0,13.475760065735415
353420 ORINDIUVA,123.0,11,134.0,353420,Orindiúva,  3 534 203 ,   6 024,6024.0,22.244355909694555
353430 ORLANDIA,366.0,227,593.0,353430,Orlândia,  3 534 302 ,   38 319,38319.0,15.475351653226857
353440 OSASCO,6502.0,6862,13364.0,353440,Osasco,  3 534 401 ,   728 615,728615.0,18.34164819554909
353450 OSCAR BRESSANE,61.0,-,61.0,353450,Oscar Bressane,  3 534 500 ,   2 470,2470.0,24.696356275303643
353460 OSVALDO CRUZ,357.0,62,419.0,353460,Osvaldo Cruz,  3 534 609 ,   31 272,31272.0,13.398567408544384
353470 OURINHOS,1565.0,674,2239.0,353470,Ourinhos,  3 534 708 ,   103 970,103970.0,21.53505818986246
353475 OUROESTE,212.0,14,226.0,353475,Ouroeste,  3 534 757 ,   10 294,10294.0,21.954536623275697
353480 OURO VERDE,74.0,3,77.0,353480,Ouro Verde,  3 534 807 ,   7 779,7779.0,9.898444530145262
353490 PACAEMBU,170.0,10,180.0,353490,Pacaembu,  3 534 906 ,   14 877,14877.0,12.099213551119178
353500 PALESTINA,153.0,27,180.0,353500,Palestina,  3 535 002 ,   11 476,11476.0,15.684907633321716
353510 PALMARES PAULISTA,101.0,24,125.0,353510,Palmares Paulista,  3 535 101 ,   9 650,9650.0,12.953367875647668
353520 PALMEIRA D'OESTE,109.0,11,120.0,353520,Palmeira d'Oeste,  3 535 200 ,   8 903,8903.0,13.478602718184883
353530 PALMITAL,322.0,44,366.0,353530,Palmital,  3 535 309 ,   19 594,19594.0,18.679187506379503
353540 PANORAMA,193.0,10,203.0,353540,Panorama,  3 535 408 ,   14 964,14964.0,13.565891472868216
353550 PARAGUACU PAULISTA,572.0,51,623.0,353550,Paraguaçu Paulista,  3 535 507 ,   41 120,41120.0,15.150778210116732
353560 PARAIBUNA,179.0,10,189.0,353560,Paraibuna,  3 535 606 ,   17 667,17667.0,10.697911360163017
353570 PARAISO,94.0,3,97.0,353570,Paraíso,  3 535 705 ,   6 099,6099.0,15.904246597802919
353580 PARANAPANEMA,173.0,34,207.0,353580,Paranapanema,  3 535 804 ,   19 395,19395.0,10.672853828306264
353590 PARANAPUA,49.0,-,49.0,353590,Paranapuã,  3 535 903 ,   4 031,4031.0,12.155792607293476
353600 PARAPUA,96.0,1,97.0,353600,Parapuã,  3 536 000 ,   10 580,10580.0,9.168241965973534
353610 PARDINHO,73.0,1,74.0,353610,Pardinho,  3 536 109 ,   7 153,7153.0,10.345309660282398
353620 PARIQUERA-ACU,1401.0,8,1409.0,353620,Pariquera-Açu,  3 536 208 ,   19 233,19233.0,73.25950189777986
353625 PARISI,59.0,-,59.0,353625,Parisi,  3 536 257 ,   2 892,2892.0,20.401106500691565
353630 PATROCINIO PAULISTA,232.0,2,234.0,353630,Patrocínio Paulista,  3 536 307 ,   14 512,14512.0,16.124586549062844
353640 PAULICEIA,124.0,4,128.0,353640,Paulicéia,  3 536 406 ,   7 955,7955.0,16.090509113764927
353650 PAULINIA,1174.0,345,1519.0,353650,Paulínia,  3 536 505 ,   110 537,110537.0,13.742004939522513
353657 PAULISTANIA,32.0,-,32.0,353657,Paulistânia,  3 536 570 ,   2 090,2090.0,15.311004784688995
353660 PAULO DE FARIA,96.0,-,96.0,353660,Paulo de Faria,  3 536 604 ,   7 400,7400.0,12.972972972972972
353670 PEDERNEIRAS,483.0,143,626.0,353670,Pederneiras,  3 536 703 ,   44 827,44827.0,13.964798001204631
353680 PEDRA BELA,73.0,-,73.0,353680,Pedra Bela,  3 536 802 ,   6 557,6557.0,11.133140155558944
353690 PEDRANOPOLIS,45.0,-,45.0,353690,Pedranópolis,  3 536 901 ,   2 787,2787.0,16.146393972012916
353700 PEDREGULHO,199.0,12,211.0,353700,Pedregulho,  3 537 008 ,   15 525,15525.0,13.59098228663446
353710 PEDREIRA,324.0,67,391.0,353710,Pedreira,  3 537 107 ,   43 112,43112.0,9.069400630914828
353715 PEDRINHAS PAULISTA,56.0,-,56.0,353715,Pedrinhas Paulista,  3 537 156 ,   2 804,2804.0,19.971469329529242
353720 PEDRO DE TOLEDO,183.0,7,190.0,353720,Pedro de Toledo,  3 537 206 ,   11 281,11281.0,16.842478503678752
353730 PENAPOLIS,727.0,166,893.0,353730,Penápolis,  3 537 305 ,   61 679,61679.0,14.478185443992283
353740 PEREIRA BARRETO,239.0,64,303.0,353740,Pereira Barreto,  3 537 404 ,   24 095,24095.0,12.575223075326832
353750 PEREIRAS,71.0,2,73.0,353750,Pereiras,  3 537 503 ,   8 737,8737.0,8.355270687879136
353760 PERUIBE,619.0,115,734.0,353760,Peruíbe,  3 537 602 ,   68 352,68352.0,10.738529962546817
353770 PIACATU,53.0,-,53.0,353770,Piacatu,  3 537 701 ,   5 519,5519.0,9.603188983511505
353780 PIEDADE,278.0,70,348.0,353780,Piedade,  3 537 800 ,   52 970,52970.0,6.569756465924108
353790 PILAR DO SUL,166.0,17,183.0,353790,Pilar do Sul,  3 537 909 ,   27 619,27619.0,6.625873492885332
353800 PINDAMONHANGABA,1765.0,964,2729.0,353800,Pindamonhangaba,  3 538 006 ,   165 428,165428.0,16.496602751650265
353810 PINDORAMA,181.0,7,188.0,353810,Pindorama,  3 538 105 ,   14 542,14542.0,12.92807041672397
353820 PINHALZINHO,91.0,10,101.0,353820,Pinhalzinho,  3 538 204 ,   15 224,15224.0,6.63426169206516
353830 PIQUEROBI,49.0,1,50.0,353830,Piquerobi,  3 538 303 ,   3 264,3264.0,15.318627450980392
353850 PIQUETE,114.0,12,126.0,353850,Piquete,  3 538 501 ,   12 490,12490.0,10.088070456365093
353860 PIRACAIA,203.0,18,221.0,353860,Piracaia,  3 538 600 ,   26 029,26029.0,8.490529793691653
353870 PIRACICABA,5248.0,3286,8534.0,353870,Piracicaba,  3 538 709 ,   423 323,423323.0,20.159547201545863
353880 PIRAJU,403.0,64,467.0,353880,Piraju,  3 538 808 ,   29 436,29436.0,15.86492729990488
353890 PIRAJUI,300.0,31,331.0,353890,Pirajuí,  3 538 907 ,   22 431,22431.0,14.756363960590255
353900 PIRANGI,125.0,25,150.0,353900,Pirangi,  3 539 004 ,   10 885,10885.0,13.780431786862655
353910 PIRAPORA DO BOM JESUS,159.0,9,168.0,353910,Pirapora do Bom Jesus,  3 539 103 ,   18 370,18370.0,9.14534567229178
353920 PIRAPOZINHO,270.0,36,306.0,353920,Pirapozinho,  3 539 202 ,   25 348,25348.0,12.071958339908473
353930 PIRASSUNUNGA,1173.0,382,1555.0,353930,Pirassununga,  3 539 301 ,   73 545,73545.0,21.143517574274252
353940 PIRATININGA,140.0,5,145.0,353940,Piratininga,  3 539 400 ,   15 108,15108.0,9.597564204395022
353950 PITANGUEIRAS,415.0,63,478.0,353950,Pitangueiras,  3 539 509 ,   33 674,33674.0,14.194927837500742
353960 PLANALTO,78.0,-,78.0,353960,Planalto,  3 539 608 ,   4 389,4389.0,17.7717019822283
353970 PLATINA,37.0,-,37.0,353970,Platina,  3 539 707 ,   3 025,3025.0,12.231404958677686
353980 POA,492.0,119,611.0,353980,Poá,  3 539 806 ,   103 765,103765.0,5.888305305257071
353990 POLONI,71.0,18,89.0,353990,Poloni,  3 539 905 ,   5 592,5592.0,15.915593705293277
354000 POMPEIA,323.0,73,396.0,354000,Pompéia,  3 540 002 ,   20 196,20196.0,19.607843137254903
354010 PONGAI,48.0,-,48.0,354010,Pongaí,  3 540 101 ,   3 395,3395.0,14.138438880706921
354020 PONTAL,480.0,62,542.0,354020,Pontal,  3 540 200 ,   37 607,37607.0,14.412210492727418
354025 PONTALINDA,45.0,-,45.0,354025,Pontalinda,  3 540 259 ,   4 127,4127.0,10.90380421613763
354030 PONTES GESTAL,76.0,1,77.0,354030,Pontes Gestal,  3 540 309 ,   2 387,2387.0,32.25806451612903
354040 POPULINA,53.0,18,71.0,354040,Populina,  3 540 408 ,   4 127,4127.0,17.203779985461594
354050 PORANGABA,98.0,11,109.0,354050,Porangaba,  3 540 507 ,   10 451,10451.0,10.42962395942972
354060 PORTO FELIZ,588.0,77,665.0,354060,Porto Feliz,  3 540 606 ,   56 497,56497.0,11.770536488663115
354070 PORTO FERREIRA,501.0,152,653.0,354070,Porto Ferreira,  3 540 705 ,   52 649,52649.0,12.402894641873539
354075 POTIM,154.0,6,160.0,354075,Potim,  3 540 754 ,   20 392,20392.0,7.8462142016477046
354080 POTIRENDABA,143.0,44,187.0,354080,Potirendaba,  3 540 804 ,   18 496,18496.0,10.11029411764706
354085 PRACINHA,62.0,-,62.0,354085,Pracinha,  3 540 853 ,   2 578,2578.0,24.04965089216447
354090 PRADOPOLIS,164.0,19,183.0,354090,Pradópolis,  3 540 903 ,   17 078,17078.0,10.715540461412344
354100 PRAIA GRANDE,3355.0,455,3810.0,354100,Praia Grande,  3 541 000 ,   349 935,349935.0,10.88773629388315
354105 PRATANIA,61.0,2,63.0,354105,Pratânia,  3 541 059 ,   5 126,5126.0,12.290284822473664
354110 PRESIDENTE ALVES,38.0,-,38.0,354110,Presidente Alves,  3 541 109 ,   3 804,3804.0,9.989484752891693
354120 PRESIDENTE BERNARDES,205.0,13,218.0,354120,Presidente Bernardes,  3 541 208 ,   14 490,14490.0,15.044858523119393
354130 PRESIDENTE EPITACIO,464.0,54,518.0,354130,Presidente Epitácio,  3 541 307 ,   39 505,39505.0,13.112264270345525
354140 PRESIDENTE PRUDENTE,5606.0,1774,7380.0,354140,Presidente Prudente,  3 541 406 ,   225 668,225668.0,32.70290869773295
354150 PRESIDENTE VENCESLAU,505.0,55,560.0,354150,Presidente Venceslau,  3 541 505 ,   35 201,35201.0,15.90863895912048
354160 PROMISSAO,685.0,54,739.0,354160,Promissão,  3 541 604 ,   35 131,35131.0,21.035552645811393
354165 QUADRA,58.0,-,58.0,354165,Quadra,  3 541 653 ,   3 405,3405.0,17.033773861967695
354170 QUATA,164.0,24,188.0,354170,Quatá,  3 541 703 ,   13 163,13163.0,14.282458406138417
354180 QUEIROZ,63.0,-,63.0,354180,Queiroz,  3 541 802 ,   3 265,3265.0,19.295558958652375
354190 QUELUZ,121.0,1,122.0,354190,Queluz,  3 541 901 ,   9 159,9159.0,13.320231466317283
354200 QUINTANA,120.0,15,135.0,354200,Quintana,  3 542 008 ,   7 038,7038.0,19.18158567774936
354210 RAFARD,56.0,5,61.0,354210,Rafard,  3 542 107 ,   8 965,8965.0,6.804238706079197
354220 RANCHARIA,383.0,119,502.0,354220,Rancharia,  3 542 206 ,   28 588,28588.0,17.55981530712187
354230 REDENCAO DA SERRA,51.0,1,52.0,354230,Redenção da Serra,  3 542 305 ,   4 494,4494.0,11.570983533600357
354240 REGENTE FEIJO,235.0,39,274.0,354240,Regente Feijó,  3 542 404 ,   20 145,20145.0,13.60138992305783
354250 REGINOPOLIS,76.0,3,79.0,354250,Reginópolis,  3 542 503 ,   7 662,7662.0,10.310623858000522
354260 REGISTRO,1642.0,208,1850.0,354260,Registro,  3 542 602 ,   59 947,59947.0,30.860593524279782
354270 RESTINGA,104.0,1,105.0,354270,Restinga,  3 542 701 ,   6 404,6404.0,16.396002498438474
354280 RIBEIRA,62.0,-,62.0,354280,Ribeira,  3 542 800 ,   3 132,3132.0,19.795657726692212
354290 RIBEIRAO BONITO,88.0,13,101.0,354290,Ribeirão Bonito,  3 542 909 ,   10 989,10989.0,9.191009191009192
354300 RIBEIRAO BRANCO,197.0,2,199.0,354300,Ribeirão Branco,  3 543 006 ,   18 627,18627.0,10.68341654587427
354310 RIBEIRAO CORRENTE,33.0,-,33.0,354310,Ribeirão Corrente,  3 543 105 ,   4 608,4608.0,7.161458333333333
354320 RIBEIRAO DO SUL,66.0,-,66.0,354320,Ribeirão do Sul,  3 543 204 ,   4 677,4677.0,14.111610006414367
354323 RIBEIRAO DOS INDIOS,38.0,-,38.0,354323,Ribeirão dos Índios,  3 543 238 ,   2 025,2025.0,18.76543209876543
354325 RIBEIRAO GRANDE,43.0,-,43.0,354325,Ribeirão Grande,  3 543 253 ,   7 450,7450.0,5.771812080536913
354330 RIBEIRAO PIRES,1039.0,570,1609.0,354330,Ribeirão Pires,  3 543 303 ,   115 559,115559.0,13.923623430455438
354340 RIBEIRAO PRETO,12279.0,5001,17280.0,354340,Ribeirão Preto,  3 543 402 ,   698 642,698642.0,24.73369765917308
354350 RIVERSUL,75.0,-,75.0,354350,Riversul,  3 543 501 ,   5 599,5599.0,13.395249151634221
354360 RIFAINA,89.0,2,91.0,354360,Rifaina,  3 543 600 ,   4 049,4049.0,22.474685107433935
354370 RINCAO,104.0,2,106.0,354370,Rincão,  3 543 709 ,   9 098,9098.0,11.650912288415036
354380 RINOPOLIS,116.0,2,118.0,354380,Rinópolis,  3 543 808 ,   9 259,9259.0,12.744356841991575
354390 RIO CLARO,2584.0,1620,4204.0,354390,Rio Claro,  3 543 907 ,   201 418,201418.0,20.872017396657697
354400 RIO DAS PEDRAS,200.0,57,257.0,354400,Rio das Pedras,  3 544 004 ,   31 328,31328.0,8.203524004085802
354410 RIO GRANDE DA SERRA,211.0,4,215.0,354410,Rio Grande da Serra,  3 544 103 ,   44 170,44170.0,4.867557165496944
354420 RIOLANDIA,133.0,3,136.0,354420,Riolândia,  3 544 202 ,   10 309,10309.0,13.192356193617227
354425 ROSANA,455.0,22,477.0,354425,Rosana,  3 544 251 ,   17 440,17440.0,27.35091743119266
354430 ROSEIRA,171.0,13,184.0,354430,Roseira,  3 544 301 ,   10 832,10832.0,16.986706056129986
354440 RUBIACEA,34.0,1,35.0,354440,Rubiácea,  3 544 400 ,   2 700,2700.0,12.962962962962962
354450 RUBINEIA,46.0,-,46.0,354450,Rubinéia,  3 544 509 ,   3 833,3833.0,12.001043569005999
354460 SABINO,60.0,2,62.0,354460,Sabino,  3 544 608 ,   5 112,5112.0,12.1283255086072
354470 SAGRES,29.0,-,29.0,354470,Sagres,  3 544 707 ,   2 474,2474.0,11.721907841552142
354480 SALES,73.0,-,73.0,354480,Sales,  3 544 806 ,   6 437,6437.0,11.340686655274197
354490 SALES OLIVEIRA,144.0,28,172.0,354490,Sales Oliveira,  3 544 905 ,   11 411,11411.0,15.073175006572605
354500 SALESOPOLIS,147.0,3,150.0,354500,Salesópolis,  3 545 001 ,   15 202,15202.0,9.867122747006972
354510 SALMOURAO,40.0,-,40.0,354510,Salmourão,  3 545 100 ,   4 808,4808.0,8.319467554076539
354515 SALTINHO,74.0,6,80.0,354515,Saltinho,  3 545 159 ,   8 161,8161.0,9.802720254870726
354520 SALTO,683.0,279,962.0,354520,Salto,  3 545 209 ,   134 319,134319.0,7.162054512019893
354530 SALTO DE PIRAPORA,451.0,52,503.0,354530,Salto de Pirapora,  3 545 308 ,   43 748,43748.0,11.497668464844107
354540 SALTO GRANDE,123.0,3,126.0,354540,Salto Grande,  3 545 407 ,   9 050,9050.0,13.922651933701657
354550 SANDOVALINA,85.0,-,85.0,354550,Sandovalina,  3 545 506 ,   3 645,3645.0,23.319615912208505
354560 SANTA ADELIA,173.0,31,204.0,354560,Santa Adélia,  3 545 605 ,   14 018,14018.0,14.552717934084749
354570 SANTA ALBERTINA,40.0,12,52.0,354570,Santa Albertina,  3 545 704 ,   6 393,6393.0,8.133896449241357
354580 SANTA BARBARA D'OESTE,1249.0,427,1676.0,354580,Santa Bárbara d'Oeste,  3 545 803 ,   183 347,183347.0,9.14113675162397
354600 SANTA BRANCA,130.0,12,142.0,354600,Santa Branca,  3 546 009 ,   13 975,13975.0,10.161001788908766
354610 SANTA CLARA D'OESTE,53.0,4,57.0,354610,Santa Clara d'Oeste,  3 546 108 ,   2 598,2598.0,21.939953810623557
354620 SANTA CRUZ DA CONCEICAO,35.0,-,35.0,354620,Santa Cruz da Conceição,  3 546 207 ,   4 277,4277.0,8.183306055646481
354625 SANTA CRUZ DA ESPERANCA,50.0,-,50.0,354625,Santa Cruz da Esperança,  3 546 256 ,   2 116,2116.0,23.629489603024574
354630 SANTA CRUZ DAS PALMEIRAS,280.0,68,348.0,354630,Santa Cruz das Palmeiras,  3 546 306 ,   28 864,28864.0,12.056541019955654
354640 SANTA CRUZ DO RIO PARDO,766.0,96,862.0,354640,Santa Cruz do Rio Pardo,  3 546 405 ,   46 442,46442.0,18.560785495887345
354650 SANTA ERNESTINA,42.0,5,47.0,354650,Santa Ernestina,  3 546 504 ,   6 118,6118.0,7.682249101013403
354660 SANTA FE DO SUL,547.0,87,634.0,354660,Santa Fé do Sul,  3 546 603 ,   34 794,34794.0,18.221532448123238
354670 SANTA GERTRUDES,212.0,34,246.0,354670,Santa Gertrudes,  3 546 702 ,   23 611,23611.0,10.41887255940028
354680 SANTA ISABEL,701.0,100,801.0,354680,Santa Isabel,  3 546 801 ,   53 174,53174.0,15.063752961973897
354690 SANTA LUCIA,46.0,-,46.0,354690,Santa Lúcia,  3 546 900 ,   7 149,7149.0,6.43446635893132
354700 SANTA MARIA DA SERRA,58.0,3,61.0,354700,Santa Maria da Serra,  3 547 007 ,   5 243,5243.0,11.634560366202557
354710 SANTA MERCEDES,58.0,2,60.0,354710,Santa Mercedes,  3 547 106 ,   2 956,2956.0,20.29769959404601
354720 SANTANA DA PONTE PENSA,32.0,1,33.0,354720,Santana da Ponte Pensa,  3 547 205 ,   1 670,1670.0,19.76047904191617
354730 SANTANA DE PARNAIBA,2196.0,130,2326.0,354730,Santana de Parnaíba,  3 547 304 ,   154 105,154105.0,15.093605009571395
354740 SANTA RITA D'OESTE,46.0,-,46.0,354740,Santa Rita d'Oeste,  3 547 403 ,   2 733,2733.0,16.8313208927918
354750 SANTA RITA DO PASSA QUATRO,468.0,41,509.0,354750,Santa Rita do Passa Quatro,  3 547 502 ,   24 833,24833.0,20.496919421737203
354760 SANTA ROSA DE VITERBO,221.0,66,287.0,354760,Santa Rosa de Viterbo,  3 547 601 ,   23 411,23411.0,12.259194395796849
354765 SANTA SALETE,35.0,-,35.0,354765,Santa Salete,  3 547 650 ,   1 645,1645.0,21.27659574468085
354770 SANTO ANASTACIO,169.0,34,203.0,354770,Santo Anastácio,  3 547 700 ,   17 963,17963.0,11.3010076267884
354780 SANTO ANDRE,7623.0,6133,13756.0,354780,Santo André,  3 547 809 ,   748 919,748919.0,18.36780746649504
354790 SANTO ANTONIO DA ALEGRIA,104.0,1,105.0,354790,Santo Antônio da Alegria,  3 547 908 ,   6 775,6775.0,15.498154981549815
354800 SANTO ANTONIO DE POSSE,232.0,99,331.0,354800,Santo Antônio de Posse,  3 548 005 ,   23 244,23244.0,14.240234038891757
354805 SANTO ANTONIO DO ARACANGUA,112.0,-,112.0,354805,Santo Antônio do Aracanguá,  3 548 054 ,   8 379,8379.0,13.366750208855471
354810 SANTO ANTONIO DO JARDIM,58.0,3,61.0,354810,Santo Antônio do Jardim,  3 548 104 ,   6 126,6126.0,9.957557949722494
354820 SANTO ANTONIO DO PINHAL,86.0,3,89.0,354820,Santo Antônio do Pinhal,  3 548 203 ,   7 133,7133.0,12.477218561615029
354830 SANTO EXPEDITO,46.0,-,46.0,354830,Santo Expedito,  3 548 302 ,   3 000,3000.0,15.333333333333332
354840 SANTOPOLIS DO AGUAPEI,56.0,-,56.0,354840,Santópolis do Aguapeí,  3 548 401 ,   3 899,3899.0,14.362657091561939
354850 SANTOS,10084.0,5873,15957.0,354850,Santos,  3 548 500 ,   418 608,418608.0,38.11919504643963
354860 SAO BENTO DO SAPUCAI,143.0,3,146.0,354860,São Bento do Sapucaí,  3 548 609 ,   11 674,11674.0,12.506424533150591
354870 SAO BERNARDO DO CAMPO,10200.0,6360,16560.0,354870,São Bernardo do Campo,  3 548 708 ,   810 729,810729.0,20.426060989553843
354880 SAO CAETANO DO SUL,2972.0,1376,4348.0,354880,São Caetano do Sul,  3 548 807 ,   165 655,165655.0,26.247321239926354
354890 SAO CARLOS,2827.0,1138,3965.0,354890,São Carlos,  3 548 906 ,   254 857,254857.0,15.557744146717571
354900 SAO FRANCISCO,50.0,1,51.0,354900,São Francisco,  3 549 003 ,   2 602,2602.0,19.60030745580323
354910 SAO JOAO DA BOA VISTA,1700.0,1026,2726.0,354910,São João da Boa Vista,  3 549 102 ,   92 547,92547.0,29.455303791586978
354920 SAO JOAO DAS DUAS PONTES,23.0,-,23.0,354920,São João das Duas Pontes,  3 549 201 ,   2 580,2580.0,8.914728682170542
354925 SAO JOAO DE IRACEMA,41.0,-,41.0,354925,São João de Iracema,  3 549 250 ,   1 846,1846.0,22.21018418201517
354930 SAO JOAO DO PAU D'ALHO,45.0,3,48.0,354930,São João do Pau d'Alho,  3 549 300 ,   2 242,2242.0,21.40945584299732
354940 SAO JOAQUIM DA BARRA,702.0,162,864.0,354940,São Joaquim da Barra,  3 549 409 ,   48 558,48558.0,17.793154578030396
354950 SAO JOSE DA BELA VISTA,72.0,-,72.0,354950,São José da Bela Vista,  3 549 508 ,   7 626,7626.0,9.44138473642801
354960 SAO JOSE DO BARREIRO,46.0,1,47.0,354960,São José do Barreiro,  3 549 607 ,   3 853,3853.0,12.198287049052686
354970 SAO JOSE DO RIO PARDO,856.0,315,1171.0,354970,São José do Rio Pardo,  3 549 706 ,   52 205,52205.0,22.430801647351785
354980 SAO JOSE DO RIO PRETO,10793.0,3220,14013.0,354980,São José do Rio Preto,  3 549 805 ,   480 393,480393.0,29.16986717125354
354990 SAO JOSE DOS CAMPOS,10482.0,5700,16182.0,354990,São José dos Campos,  3 549 904 ,   697 054,697054.0,23.214844187107456
354995 SAO LOURENCO DA SERRA,135.0,12,147.0,354995,São Lourenço da Serra,  3 549 953 ,   16 067,16067.0,9.149187776187217
355000 SAO LUIS DO PARAITINGA,115.0,4,119.0,355000,São Luiz do Paraitinga,  3 550 001 ,   10 337,10337.0,11.512044113379122
355010 SAO MANUEL,354.0,81,435.0,355010,São Manuel,  3 550 100 ,   37 289,37289.0,11.665638660194695
355020 SAO MIGUEL ARCANJO,356.0,42,398.0,355020,São Miguel Arcanjo,  3 550 209 ,   32 039,32039.0,12.422360248447204
355030 SAO PAULO,174559.0,90877,265436.0,355030,São Paulo,  3 550 308 ,  11 451 999,11451999.0,23.1781368475495
355040 SAO PEDRO,520.0,64,584.0,355040,São Pedro,  3 550 407 ,   38 256,38256.0,15.265579255541615
355050 SAO PEDRO DO TURVO,75.0,1,76.0,355050,São Pedro do Turvo,  3 550 506 ,   7 217,7217.0,10.530691423028959
355060 SAO ROQUE,728.0,795,1523.0,355060,São Roque,  3 550 605 ,   79 484,79484.0,19.16108902420613
355070 SAO SEBASTIAO,1372.0,315,1687.0,355070,São Sebastião,  3 550 704 ,   81 595,81595.0,20.675286475887006
355080 SAO SEBASTIAO DA GRAMA,124.0,22,146.0,355080,São Sebastião da Grama,  3 550 803 ,   10 441,10441.0,13.983334929604444
355090 SAO SIMAO,172.0,23,195.0,355090,São Simão,  3 550 902 ,   13 442,13442.0,14.506769825918761
355100 SAO VICENTE,1646.0,331,1977.0,355100,São Vicente,  3 551 009 ,   329 911,329911.0,5.992525256811686
355110 SARAPUI,120.0,1,121.0,355110,Sarapuí,  3 551 108 ,   10 369,10369.0,11.669399170604686
355130 SEBASTIANOPOLIS DO SUL,65.0,-,65.0,355130,Sebastianópolis do Sul,  3 551 306 ,   3 130,3130.0,20.766773162939295
355140 SERRA AZUL,114.0,1,115.0,355140,Serra Azul,  3 551 405 ,   12 746,12746.0,9.02243841205084
355150 SERRANA,595.0,61,656.0,355150,Serrana,  3 551 504 ,   43 909,43909.0,14.939989523787833
355160 SERRA NEGRA,245.0,28,273.0,355160,Serra Negra,  3 551 603 ,   29 894,29894.0,9.13226734461765
355170 SERTAOZINHO,1362.0,1091,2453.0,355170,Sertãozinho,  3 551 702 ,   126 887,126887.0,19.332161687170473
355180 SETE BARRAS,114.0,5,119.0,355180,Sete Barras,  3 551 801 ,   12 730,12730.0,9.347996857816181
355190 SEVERINIA,140.0,8,148.0,355190,Severínia,  3 551 900 ,   14 576,14576.0,10.153677277716795
355200 SILVEIRAS,97.0,-,97.0,355200,Silveiras,  3 552 007 ,   6 186,6186.0,15.680569026834789
355210 SOCORRO,315.0,43,358.0,355210,Socorro,  3 552 106 ,   40 122,40122.0,8.922785504212154
355220 SOROCABA,9431.0,4249,13680.0,355220,Sorocaba,  3 552 205 ,   723 682,723682.0,18.903330468354884
355230 SUD MENNUCCI,151.0,6,157.0,355230,Sud Mennucci,  3 552 304 ,   7 355,7355.0,21.346023113528215
355240 SUMARE,2228.0,558,2786.0,355240,Sumaré,  3 552 403 ,   279 545,279545.0,9.966195066983849
355250 SUZANO,1530.0,596,2126.0,355250,Suzano,  3 552 502 ,   307 429,307429.0,6.915417868841261
355255 SUZANAPOLIS,45.0,12,57.0,355255,Suzanápolis,  3 552 551 ,   3 408,3408.0,16.725352112676056
355260 TABAPUA,152.0,9,161.0,355260,Tabapuã,  3 552 601 ,   11 323,11323.0,14.21884659542524
355270 TABATINGA,117.0,30,147.0,355270,Tabatinga,  3 552 700 ,   14 769,14769.0,9.953280520008125
355280 TABOAO DA SERRA,3187.0,705,3892.0,355280,Taboão da Serra,  3 552 809 ,   273 542,273542.0,14.228162402848557
355290 TACIBA,80.0,-,80.0,355290,Taciba,  3 552 908 ,   6 260,6260.0,12.779552715654951
355300 TAGUAI,149.0,4,153.0,355300,Taguaí,  3 553 005 ,   12 669,12669.0,12.076722708974662
355310 TAIACU,71.0,4,75.0,355310,Taiaçu,  3 553 104 ,   5 677,5677.0,13.211203100228994
355320 TAIUVA,68.0,10,78.0,355320,Taiúva,  3 553 203 ,   6 548,6548.0,11.912034208918755
355330 TAMBAU,216.0,99,315.0,355330,Tambaú,  3 553 302 ,   21 435,21435.0,14.695591322603219
355340 TANABI,263.0,31,294.0,355340,Tanabi,  3 553 401 ,   25 265,25265.0,11.636651494161885
355350 TAPIRAI,81.0,-,81.0,355350,Tapiraí,  3 553 500 ,   7 996,7996.0,10.130065032516258
355360 TAPIRATIBA,128.0,16,144.0,355360,Tapiratiba,  3 553 609 ,   11 816,11816.0,12.186865267433989
355365 TAQUARAL,50.0,-,50.0,355365,Taquaral,  3 553 658 ,   2 619,2619.0,19.09125620465827
355370 TAQUARITINGA,564.0,162,726.0,355370,Taquaritinga,  3 553 708 ,   52 260,52260.0,13.892078071182548
355380 TAQUARITUBA,254.0,6,260.0,355380,Taquarituba,  3 553 807 ,   24 350,24350.0,10.677618069815194
355385 TAQUARIVAI,76.0,-,76.0,355385,Taquarivaí,  3 553 856 ,   6 876,6876.0,11.052937754508436
355390 TARABAI,85.0,-,85.0,355390,Tarabai,  3 553 906 ,   6 536,6536.0,13.004895960832314
355395 TARUMA,166.0,4,170.0,355395,Tarumã,  3 553 955 ,   14 882,14882.0,11.423195807015187
355400 TATUI,1302.0,758,2060.0,355400,Tatuí,  3 554 003 ,   123 942,123942.0,16.620677413628954
355410 TAUBATE,5377.0,1658,7035.0,355410,Taubaté,  3 554 102 ,   310 739,310739.0,22.639578553062215
355420 TEJUPA,29.0,-,29.0,355420,Tejupá,  3 554 201 ,   4 127,4127.0,7.026896050399806
355430 TEODORO SAMPAIO,304.0,39,343.0,355430,Teodoro Sampaio,  3 554 300 ,   22 173,22173.0,15.469264420691832
355440 TERRA ROXA,89.0,4,93.0,355440,Terra Roxa,  3 554 409 ,   7 904,7904.0,11.766194331983806
355450 TIETE,363.0,95,458.0,355450,Tietê,  3 554 508 ,   37 663,37663.0,12.160475798529061
355460 TIMBURI,48.0,-,48.0,355460,Timburi,  3 554 607 ,   2 464,2464.0,19.48051948051948
355465 TORRE DE PEDRA,35.0,1,36.0,355465,Torre de Pedra,  3 554 656 ,   2 046,2046.0,17.595307917888565
355470 TORRINHA,79.0,1,80.0,355470,Torrinha,  3 554 706 ,   9 335,9335.0,8.56989823245849
355475 TRABIJU,47.0,-,47.0,355475,Trabiju,  3 554 755 ,   1 682,1682.0,27.94292508917955
355480 TREMEMBE,245.0,28,273.0,355480,Tremembé,  3 554 805 ,   51 173,51173.0,5.334844546929045
355490 TRES FRONTEIRAS,43.0,2,45.0,355490,Três Fronteiras,  3 554 904 ,   6 804,6804.0,6.613756613756613
355495 TUIUTI,39.0,-,39.0,355495,Tuiuti,  3 554 953 ,   6 778,6778.0,5.75390970787843
355500 TUPA,1183.0,192,1375.0,355500,Tupã,  3 555 000 ,   63 928,63928.0,21.50857214366162
355510 TUPI PAULISTA,256.0,35,291.0,355510,Tupi Paulista,  3 555 109 ,   15 854,15854.0,18.35498927715403
355520 TURIUBA,37.0,-,37.0,355520,Turiúba,  3 555 208 ,   1 818,1818.0,20.35203520352035
355530 TURMALINA,46.0,-,46.0,355530,Turmalina,  3 555 307 ,   1 669,1669.0,27.561414020371483
355535 UBARANA,63.0,-,63.0,355535,Ubarana,  3 555 356 ,   5 365,5365.0,11.74277726001864
355540 UBATUBA,1374.0,68,1442.0,355540,Ubatuba,  3 555 406 ,   92 981,92981.0,15.508544756455619
355550 UBIRAJARA,66.0,-,66.0,355550,Ubirajara,  3 555 505 ,   5 132,5132.0,12.860483242400623
355560 UCHOA,119.0,14,133.0,355560,Uchoa,  3 555 604 ,   10 394,10394.0,12.795843756013085
355570 UNIAO PAULISTA,29.0,-,29.0,355570,União Paulista,  3 555 703 ,   1 603,1603.0,18.091079226450407
355580 URANIA,117.0,2,119.0,355580,Urânia,  3 555 802 ,   8 833,8833.0,13.472206498358428
355590 URU,28.0,-,28.0,355590,Uru,  3 555 901 ,   1 387,1387.0,20.187454938716655
355600 URUPES,152.0,24,176.0,355600,Urupês,  3 556 008 ,   13 744,13744.0,12.80558789289872
355610 VALENTIM GENTIL,170.0,11,181.0,355610,Valentim Gentil,  3 556 107 ,   14 098,14098.0,12.838700524897147
355620 VALINHOS,1093.0,685,1778.0,355620,Valinhos,  3 556 206 ,   126 373,126373.0,14.069461039937329
355630 VALPARAISO,253.0,36,289.0,355630,Valparaíso,  3 556 305 ,   24 241,24241.0,11.921950414586856
355635 VARGEM,57.0,5,62.0,355635,Vargem,  3 556 354 ,   10 512,10512.0,5.898021308980213
355640 VARGEM GRANDE DO SUL,324.0,100,424.0,355640,Vargem Grande do Sul,  3 556 404 ,   40 133,40133.0,10.564871801260807
355645 VARGEM GRANDE PAULISTA,322.0,78,400.0,355645,Vargem Grande Paulista,  3 556 453 ,   50 415,50415.0,7.934146583358127
355650 VARZEA PAULISTA,408.0,86,494.0,355650,Várzea Paulista,  3 556 503 ,   115 771,115771.0,4.267044423905815
355660 VERA CRUZ,103.0,11,114.0,355660,Vera Cruz,  3 556 602 ,   10 176,10176.0,11.202830188679245
355670 VINHEDO,739.0,249,988.0,355670,Vinhedo,  3 556 701 ,   76 540,76540.0,12.908283250587928
355680 VIRADOURO,207.0,25,232.0,355680,Viradouro,  3 556 800 ,   17 414,17414.0,13.322613988744687
355690 VISTA ALEGRE DO ALTO,47.0,3,50.0,355690,Vista Alegre do Alto,  3 556 909 ,   8 109,8109.0,6.165988407941793
355695 VITORIA BRASIL,28.0,-,28.0,355695,Vitória Brasil,  3 556 958 ,   1 794,1794.0,15.60758082497213
355700 VOTORANTIM,761.0,333,1094.0,355700,Votorantim,  3 557 006 ,   127 923,127923.0,8.55201957427515
355710 VOTUPORANGA,1941.0,627,2568.0,355710,Votuporanga,  3 557 105 ,   96 634,96634.0,26.57449758884037
355715 ZACARIAS,40.0,-,40.0,355715,Zacarias,  3 557 154 ,   2 692,2692.0,14.858841010401187
355720 CHAVANTES,100.0,4,104.0,355720,Chavantes,  3 557 204 ,   12 211,12211.0,8.516910981901564
355730 ESTIVA GERBI,124.0,2,126.0,355730,Estiva Gerbi,  3 557 303 ,   11 295,11295.0,11.155378486055778
410010 ABATIA,70.0,4,74.0,410010,Abatiá,  4 100 103 ,   7 241,7241.0,10.219582930534456
410020 ADRIANOPOLIS,107.0,11,118.0,410020,Adrianópolis,  4 100 202 ,   6 256,6256.0,18.861892583120202
410030 AGUDOS DO SUL,121.0,16,137.0,410030,Agudos do Sul,  4 100 301 ,   10 233,10233.0,13.38805824293951
410040 ALMIRANTE TAMANDARE,566.0,95,661.0,410040,Almirante Tamandaré,  4 100 400 ,   119 825,119825.0,5.516378051324849
410045 ALTAMIRA DO PARANA,110.0,-,110.0,410045,Altamira do Paraná,  4 100 459 ,   3 590,3590.0,30.64066852367688
410050 ALTONIA,163.0,70,233.0,410050,Altônia,  4 100 509 ,   18 742,18742.0,12.43197097428236
410060 ALTO PARANA,103.0,7,110.0,410060,Alto Paraná,  4 100 608 ,   13 909,13909.0,7.90854842188511
410070 ALTO PIQUIRI,90.0,17,107.0,410070,Alto Piquiri,  4 100 707 ,   9 727,9727.0,11.00030841986224
410080 ALVORADA DO SUL,143.0,1,144.0,410080,Alvorada do Sul,  4 100 806 ,   10 326,10326.0,13.945380592678676
410090 AMAPORA,64.0,-,64.0,410090,Amaporã,  4 100 905 ,   4 762,4762.0,13.439731205375892
410100 AMPERE,186.0,89,275.0,410100,Ampére,  4 101 002 ,   19 620,19620.0,14.01630988786952
410105 ANAHY,68.0,-,68.0,410105,Anahy,  4 101 051 ,   2 918,2918.0,23.303632625085676
410110 ANDIRA,184.0,42,226.0,410110,Andirá,  4 101 101 ,   19 878,19878.0,11.369353053627126
410115 ANGULO,53.0,4,57.0,410115,Ângulo,  4 101 150 ,   3 235,3235.0,17.619783616692427
410120 ANTONINA,198.0,10,208.0,410120,Antonina,  4 101 200 ,   18 091,18091.0,11.497429661157481
410130 ANTONIO OLINTO,95.0,7,102.0,410130,Antônio Olinto,  4 101 309 ,   7 018,7018.0,14.534055286406383
410140 APUCARANA,2064.0,379,2443.0,410140,Apucarana,  4 101 408 ,   130 134,130134.0,18.772957105752532
410150 ARAPONGAS,1538.0,282,1820.0,410150,Arapongas,  4 101 507 ,   119 138,119138.0,15.276402155483556
410160 ARAPOTI,207.0,42,249.0,410160,Arapoti,  4 101 606 ,   25 777,25777.0,9.659774217325523
410165 ARAPUA,33.0,1,34.0,410165,Arapuã,  4 101 655 ,   3 527,3527.0,9.639920612418486
410170 ARARUNA,162.0,78,240.0,410170,Araruna,  4 101 705 ,   14 485,14485.0,16.568864342423197
410180 ARAUCARIA,2550.0,620,3170.0,410180,Araucária,  4 101 804 ,   151 666,151666.0,20.901190774464943
410185 ARIRANHA DO IVAI,36.0,-,36.0,410185,Ariranha do Ivaí,  4 101 853 ,   2 329,2329.0,15.457277801631601
410190 ASSAI,139.0,35,174.0,410190,Assaí,  4 101 903 ,   13 797,13797.0,12.611437268971514
410200 ASSIS CHATEAUBRIAND,394.0,124,518.0,410200,Assis Chateaubriand,  4 102 000 ,   36 808,36808.0,14.073027602695065
410210 ASTORGA,296.0,51,347.0,410210,Astorga,  4 102 109 ,   25 475,25475.0,13.621197252208047
410220 ATALAIA,76.0,3,79.0,410220,Atalaia,  4 102 208 ,   3 980,3980.0,19.849246231155778
410230 BALSA NOVA,147.0,10,157.0,410230,Balsa Nova,  4 102 307 ,   13 395,13395.0,11.720791340052259
410240 BANDEIRANTES,321.0,94,415.0,410240,Bandeirantes,  4 102 406 ,   31 273,31273.0,13.270233108432192
410250 BARBOSA FERRAZ,190.0,64,254.0,410250,Barbosa Ferraz,  4 102 505 ,   10 795,10795.0,23.52941176470588
410260 BARRACAO,106.0,28,134.0,410260,Barracão,  4 102 604 ,   9 759,9759.0,13.7309150527718
410270 BARRA DO JACARE,34.0,-,34.0,410270,Barra do Jacaré,  4 102 703 ,   2 814,2814.0,12.082444918265814
410275 BELA VISTA DA CAROBA,55.0,2,57.0,410275,Bela Vista da Caroba,  4 102 752 ,   4 031,4031.0,14.140411808484247
410280 BELA VISTA DO PARAISO,160.0,28,188.0,410280,Bela Vista do Paraíso,  4 102 802 ,   14 833,14833.0,12.674442122294884
410290 BITURUNA,198.0,12,210.0,410290,Bituruna,  4 102 901 ,   15 533,15533.0,13.519603424966201
410300 BOA ESPERANCA,70.0,22,92.0,410300,Boa Esperança,  4 103 008 ,   4 558,4558.0,20.184291355857834
410302 BOA ESPERANCA DO IGUACU,35.0,1,36.0,410302,Boa Esperança do Iguaçu,  4 103 024 ,   2 455,2455.0,14.663951120162933
410304 BOA VENTURA DE SAO ROQUE,62.0,-,62.0,410304,Boa Ventura de São Roque,  4 103 040 ,   6 378,6378.0,9.720915647538414
410305 BOA VISTA DA APARECIDA,116.0,6,122.0,410305,Boa Vista da Aparecida,  4 103 057 ,   7 924,7924.0,15.396264512872285
410310 BOCAIUVA DO SUL,161.0,2,163.0,410310,Bocaiúva do Sul,  4 103 107 ,   13 299,13299.0,12.25656064365742
410315 BOM JESUS DO SUL,46.0,-,46.0,410315,Bom Jesus do Sul,  4 103 156 ,   3 980,3980.0,11.557788944723619
410320 BOM SUCESSO,97.0,6,103.0,410320,Bom Sucesso,  4 103 206 ,   6 581,6581.0,15.65111685154232
410322 BOM SUCESSO DO SUL,54.0,1,55.0,410322,Bom Sucesso do Sul,  4 103 222 ,   3 202,3202.0,17.17676452217364
410330 BORRAZOPOLIS,90.0,9,99.0,410330,Borrazópolis,  4 103 305 ,   7 735,7735.0,12.79896574014221
410335 BRAGANEY,69.0,3,72.0,410335,Braganey,  4 103 354 ,   4 854,4854.0,14.833127317676144
410337 BRASILANDIA DO SUL,91.0,9,100.0,410337,Brasilândia do Sul,  4 103 370 ,   3 708,3708.0,26.96871628910464
410340 CAFEARA,42.0,-,42.0,410340,Cafeara,  4 103 404 ,   2 627,2627.0,15.987818804720211
410345 CAFELANDIA,225.0,66,291.0,410345,Cafelândia,  4 103 453 ,   18 997,18997.0,15.318208138127073
410347 CAFEZAL DO SUL,64.0,1,65.0,410347,Cafezal do Sul,  4 103 479 ,   4 473,4473.0,14.531634249944108
410350 CALIFORNIA,80.0,3,83.0,410350,Califórnia,  4 103 503 ,   8 710,8710.0,9.529276693455797
410360 CAMBARA,217.0,35,252.0,410360,Cambará,  4 103 602 ,   23 212,23212.0,10.856453558504223
410370 CAMBE,1233.0,246,1479.0,410370,Cambé,  4 103 701 ,   107 208,107208.0,13.795612267741213
410380 CAMBIRA,111.0,10,121.0,410380,Cambira,  4 103 800 ,   9 460,9460.0,12.790697674418604
410390 CAMPINA DA LAGOA,130.0,42,172.0,410390,Campina da Lagoa,  4 103 909 ,   15 723,15723.0,10.939388157476309
410395 CAMPINA DO SIMAO,48.0,8,56.0,410395,Campina do Simão,  4 103 958 ,   3 936,3936.0,14.227642276422763
410400 CAMPINA GRANDE DO SUL,2032.0,1012,3044.0,410400,Campina Grande do Sul,  4 104 006 ,   47 825,47825.0,63.648719289074755
410405 CAMPO BONITO,74.0,2,76.0,410405,Campo Bonito,  4 104 055 ,   4 027,4027.0,18.872609883287804
410410 CAMPO DO TENENTE,131.0,8,139.0,410410,Campo do Tenente,  4 104 105 ,   7 508,7508.0,18.513585508790623
410420 CAMPO LARGO,2992.0,460,3452.0,410420,Campo Largo,  4 104 204 ,   136 327,136327.0,25.32146970152648
410425 CAMPO MAGRO,277.0,7,284.0,410425,Campo Magro,  4 104 253 ,   30 160,30160.0,9.416445623342176
410430 CAMPO MOURAO,2177.0,1618,3795.0,410430,Campo Mourão,  4 104 303 ,   99 432,99432.0,38.16678735216028
410440 CANDIDO DE ABREU,166.0,8,174.0,410440,Cândido de Abreu,  4 104 402 ,   15 244,15244.0,11.414326948307531
410442 CANDOI,126.0,12,138.0,410442,Candói,  4 104 428 ,   14 973,14973.0,9.216589861751151
410445 CANTAGALO,79.0,9,88.0,410445,Cantagalo,  4 104 451 ,   10 933,10933.0,8.049025884935517
410450 CAPANEMA,159.0,37,196.0,410450,Capanema,  4 104 501 ,   20 481,20481.0,9.56984522240125
410460 CAPITAO LEONIDAS MARQUES,191.0,18,209.0,410460,Capitão Leônidas Marques,  4 104 600 ,   14 648,14648.0,14.26815947569634
410465 CARAMBEI,193.0,50,243.0,410465,Carambeí,  4 104 659 ,   23 283,23283.0,10.436799381522999
410470 CARLOPOLIS,128.0,14,142.0,410470,Carlópolis,  4 104 709 ,   16 905,16905.0,8.399881691807158
410480 CASCAVEL,8482.0,1929,10411.0,410480,Cascavel,  4 104 808 ,   348 051,348051.0,29.912282970024506
410490 CASTRO,743.0,179,922.0,410490,Castro,  4 104 907 ,   73 075,73075.0,12.617174136161479
410500 CATANDUVAS,121.0,3,124.0,410500,Catanduvas,  4 105 003 ,   10 446,10446.0,11.870572467930309
410510 CENTENARIO DO SUL,134.0,16,150.0,410510,Centenário do Sul,  4 105 102 ,   10 832,10832.0,13.847858197932053
410520 CERRO AZUL,150.0,3,153.0,410520,Cerro Azul,  4 105 201 ,   16 134,16134.0,9.483079211602826
410530 CEU AZUL,147.0,13,160.0,410530,Céu Azul,  4 105 300 ,   11 087,11087.0,14.431315955623704
410540 CHOPINZINHO,354.0,142,496.0,410540,Chopinzinho,  4 105 409 ,   21 085,21085.0,23.523832108133742
410550 CIANORTE,1311.0,164,1475.0,410550,Cianorte,  4 105 508 ,   79 527,79527.0,18.54716008399663
410560 CIDADE GAUCHA,120.0,23,143.0,410560,Cidade Gaúcha,  4 105 607 ,   11 467,11467.0,12.470567716054767
410570 CLEVELANDIA,157.0,12,169.0,410570,Clevelândia,  4 105 706 ,   15 070,15070.0,11.214333112143331
410580 COLOMBO,1396.0,253,1649.0,410580,Colombo,  4 105 805 ,   232 212,232212.0,7.1012695295678085
410590 COLORADO,478.0,80,558.0,410590,Colorado,  4 105 904 ,   22 896,22896.0,24.371069182389938
410600 CONGONHINHAS,90.0,5,95.0,410600,Congonhinhas,  4 106 001 ,   8 320,8320.0,11.41826923076923
410610 CONSELHEIRO MAIRINCK,50.0,5,55.0,410610,Conselheiro Mairinck,  4 106 100 ,   3 461,3461.0,15.891360878358855
410620 CONTENDA,169.0,25,194.0,410620,Contenda,  4 106 209 ,   19 128,19128.0,10.142199916352991
410630 CORBELIA,334.0,103,437.0,410630,Corbélia,  4 106 308 ,   17 470,17470.0,25.014310246136233
410640 CORNELIO PROCOPIO,931.0,239,1170.0,410640,Cornélio Procópio,  4 106 407 ,   45 206,45206.0,25.881520152192188
410645 CORONEL DOMINGOS SOARES,82.0,3,85.0,410645,Coronel Domingos Soares,  4 106 456 ,   5 649,5649.0,15.046910957691628
410650 CORONEL VIVIDA,303.0,25,328.0,410650,Coronel Vivida,  4 106 506 ,   23 331,23331.0,14.05854871201406
410655 CORUMBATAI DO SUL,53.0,11,64.0,410655,Corumbataí do Sul,  4 106 555 ,   3 760,3760.0,17.02127659574468
410657 CRUZEIRO DO IGUACU,64.0,2,66.0,410657,Cruzeiro do Iguaçu,  4 106 571 ,   4 133,4133.0,15.969029760464554
410660 CRUZEIRO DO OESTE,237.0,17,254.0,410660,Cruzeiro do Oeste,  4 106 605 ,   23 831,23831.0,10.658386135705593
410670 CRUZEIRO DO SUL,56.0,2,58.0,410670,Cruzeiro do Sul,  4 106 704 ,   4 494,4494.0,12.90609701824655
410680 CRUZ MACHADO,175.0,5,180.0,410680,Cruz Machado,  4 106 803 ,   15 978,15978.0,11.265490048817124
410685 CRUZMALTINA,38.0,1,39.0,410685,Cruzmaltina,  4 106 852 ,   2 892,2892.0,13.485477178423237
410690 CURITIBA,30813.0,17731,48544.0,410690,Curitiba,  4 106 902 ,  1 773 718,1773718.0,27.368499389418158
410700 CURIUVA,162.0,17,179.0,410700,Curiúva,  4 107 009 ,   13 647,13647.0,13.116435846706235
410710 DIAMANTE DO NORTE,77.0,1,78.0,410710,Diamante do Norte,  4 107 108 ,   5 142,5142.0,15.169194865810969
410712 DIAMANTE DO SUL,39.0,-,39.0,410712,Diamante do Sul,  4 107 124 ,   3 171,3171.0,12.298959318826869
410715 DIAMANTE D'OESTE,51.0,1,52.0,410715,Diamante D'Oeste,  4 107 157 ,   4 557,4557.0,11.41101601931095
410720 DOIS VIZINHOS,549.0,145,694.0,410720,Dois Vizinhos,  4 107 207 ,   44 869,44869.0,15.467249102944127
410725 DOURADINA,116.0,18,134.0,410725,Douradina,  4 107 256 ,   9 161,9161.0,14.627224102172253
410730 DOUTOR CAMARGO,105.0,7,112.0,410730,Doutor Camargo,  4 107 306 ,   6 327,6327.0,17.701912438754544
410740 ENEAS MARQUES,68.0,12,80.0,410740,Enéas Marques,  4 107 405 ,   5 999,5999.0,13.335555925987665
410750 ENGENHEIRO BELTRAO,180.0,84,264.0,410750,Engenheiro Beltrão,  4 107 504 ,   12 454,12454.0,21.19800867191264
410752 ESPERANCA NOVA,43.0,5,48.0,410752,Esperança Nova,  4 107 520 ,   1 849,1849.0,25.959978366684695
410753 ENTRE RIOS DO OESTE,52.0,8,60.0,410753,Entre Rios do Oeste,  4 107 538 ,   4 575,4575.0,13.114754098360656
410754 ESPIGAO ALTO DO IGUACU,59.0,1,60.0,410754,Espigão Alto do Iguaçu,  4 107 546 ,   4 797,4797.0,12.507817385866167
410755 FAROL,50.0,4,54.0,410755,Farol,  4 107 553 ,   3 039,3039.0,17.769002961500494
410760 FAXINAL,150.0,45,195.0,410760,Faxinal,  4 107 603 ,   16 389,16389.0,11.898224418817499
410765 FAZENDA RIO GRANDE,656.0,314,970.0,410765,Fazenda Rio Grande,  4 107 652 ,   148 873,148873.0,6.5156206968355574
410770 FENIX,56.0,18,74.0,410770,Fênix,  4 107 702 ,   4 492,4492.0,16.473731077471058
410773 FERNANDES PINHEIRO,98.0,1,99.0,410773,Fernandes Pinheiro,  4 107 736 ,   6 255,6255.0,15.827338129496402
410775 FIGUEIRA,93.0,16,109.0,410775,Figueira,  4 107 751 ,   8 062,8062.0,13.520218308112131
410780 FLORAI,70.0,9,79.0,410780,Floraí,  4 107 801 ,   4 792,4792.0,16.485809682804675
410785 FLOR DA SERRA DO SUL,76.0,7,83.0,410785,Flor da Serra do Sul,  4 107 850 ,   4 364,4364.0,19.019248395967
410790 FLORESTA,106.0,18,124.0,410790,Floresta,  4 107 900 ,   10 458,10458.0,11.85695161598776
410800 FLORESTOPOLIS,143.0,12,155.0,410800,Florestópolis,  4 108 007 ,   11 446,11446.0,13.541848680761838
410810 FLORIDA,55.0,-,55.0,410810,Flórida,  4 108 106 ,   2 652,2652.0,20.739064856711916
410820 FORMOSA DO OESTE,74.0,2,76.0,410820,Formosa do Oeste,  4 108 205 ,   7 635,7635.0,9.954158480681075
410830 FOZ DO IGUACU,4314.0,803,5117.0,410830,Foz do Iguaçu,  4 108 304 ,   285 415,285415.0,17.928279873167142
410832 FRANCISCO ALVES,89.0,2,91.0,410832,Francisco Alves,  4 108 320 ,   8 116,8116.0,11.212419911286348
410840 FRANCISCO BELTRAO,2116.0,725,2841.0,410840,Francisco Beltrão,  4 108 403 ,   96 666,96666.0,29.3898578610887
410845 FOZ DO JORDAO,59.0,7,66.0,410845,Foz do Jordão,  4 108 452 ,   4 926,4926.0,13.398294762484774
410850 GENERAL CARNEIRO,90.0,24,114.0,410850,General Carneiro,  4 108 502 ,   11 062,11062.0,10.30555053335744
410855 GODOY MOREIRA,47.0,1,48.0,410855,Godoy Moreira,  4 108 551 ,   2 977,2977.0,16.123614376889485
410860 GOIOERE,406.0,256,662.0,410860,Goioerê,  4 108 601 ,   28 437,28437.0,23.279530189541795
410865 GOIOXIM,85.0,4,89.0,410865,Goioxim,  4 108 650 ,   6 566,6566.0,13.554675601583916
410870 GRANDES RIOS,70.0,8,78.0,410870,Grandes Rios,  4 108 700 ,   5 641,5641.0,13.827335578798085
410880 GUAIRA,370.0,188,558.0,410880,Guaíra,  4 108 809 ,   32 097,32097.0,17.38480231797364
410890 GUAIRACA,101.0,3,104.0,410890,Guairaçá,  4 108 908 ,   6 587,6587.0,15.78867466221345
410895 GUAMIRANGA,98.0,2,100.0,410895,Guamiranga,  4 108 957 ,   7 856,7856.0,12.729124236252547
410900 GUAPIRAMA,53.0,1,54.0,410900,Guapirama,  4 109 005 ,   4 626,4626.0,11.673151750972762
410910 GUAPOREMA,36.0,1,37.0,410910,Guaporema,  4 109 104 ,   2 191,2191.0,16.887266088544045
410920 GUARACI,81.0,2,83.0,410920,Guaraci,  4 109 203 ,   4 748,4748.0,17.481044650379104
410930 GUARANIACU,207.0,16,223.0,410930,Guaraniaçu,  4 109 302 ,   13 735,13735.0,16.235893702220604
410940 GUARAPUAVA,2955.0,522,3477.0,410940,Guarapuava,  4 109 401 ,   182 093,182093.0,19.094638453976817
410950 GUARAQUECABA,133.0,1,134.0,410950,Guaraqueçaba,  4 109 500 ,   7 430,7430.0,18.0349932705249
410960 GUARATUBA,330.0,59,389.0,410960,Guaratuba,  4 109 609 ,   42 062,42062.0,9.248252579525463
410965 HONORIO SERPA,100.0,1,101.0,410965,Honório Serpa,  4 109 658 ,   4 941,4941.0,20.44120623355596
410970 IBAITI,272.0,36,308.0,410970,Ibaiti,  4 109 708 ,   28 830,28830.0,10.683315990287895
410975 IBEMA,77.0,1,78.0,410975,Ibema,  4 109 757 ,   6 218,6218.0,12.544226439369572
410980 IBIPORA,728.0,113,841.0,410980,Ibiporã,  4 109 807 ,   51 603,51603.0,16.297502083212215
410990 ICARAIMA,125.0,5,130.0,410990,Icaraíma,  4 109 906 ,   8 991,8991.0,14.458903347792237
411000 IGUARACU,70.0,13,83.0,411000,Iguaraçu,  4 110 003 ,   5 338,5338.0,15.548894717122518
411005 IGUATU,42.0,-,42.0,411005,Iguatu,  4 110 052 ,   2 144,2144.0,19.58955223880597
411007 IMBAU,83.0,7,90.0,411007,Imbaú,  4 110 078 ,   14 249,14249.0,6.316232718085479
411010 IMBITUVA,269.0,39,308.0,411010,Imbituva,  4 110 102 ,   29 924,29924.0,10.292741612083946
411020 INACIO MARTINS,154.0,10,164.0,411020,Inácio Martins,  4 110 201 ,   9 670,9670.0,16.959669079627716
411030 INAJA,50.0,-,50.0,411030,Inajá,  4 110 300 ,   2 536,2536.0,19.71608832807571
411040 INDIANOPOLIS,78.0,5,83.0,411040,Indianópolis,  4 110 409 ,   4 448,4448.0,18.66007194244604
411050 IPIRANGA,230.0,18,248.0,411050,Ipiranga,  4 110 508 ,   14 142,14142.0,17.536416348465565
411060 IPORA,194.0,30,224.0,411060,Iporã,  4 110 607 ,   15 746,15746.0,14.225835132732122
411065 IRACEMA DO OESTE,46.0,-,46.0,411065,Iracema do Oeste,  4 110 656 ,   2 343,2343.0,19.632949210413997
411070 IRATI,709.0,243,952.0,411070,Irati,  4 110 706 ,   59 250,59250.0,16.067510548523206
411080 IRETAMA,114.0,62,176.0,411080,Iretama,  4 110 805 ,   10 684,10684.0,16.47323099962561
411090 ITAGUAJE,51.0,1,52.0,411090,Itaguajé,  4 110 904 ,   4 481,4481.0,11.604552555233207
411095 ITAIPULANDIA,129.0,20,149.0,411095,Itaipulândia,  4 110 953 ,   11 485,11485.0,12.973443622115802
411100 ITAMBARACA,70.0,-,70.0,411100,Itambaracá,  4 111 001 ,   5 908,5908.0,11.848341232227487
411110 ITAMBE,47.0,17,64.0,411110,Itambé,  4 111 100 ,   6 111,6111.0,10.472917689412535
411120 ITAPEJARA D'OESTE,120.0,4,124.0,411120,Itapejara d'Oeste,  4 111 209 ,   12 344,12344.0,10.045366169799093
411125 ITAPERUCU,162.0,24,186.0,411125,Itaperuçu,  4 111 258 ,   31 217,31217.0,5.958291956305859
411130 ITAUNA DO SUL,53.0,2,55.0,411130,Itaúna do Sul,  4 111 308 ,   3 572,3572.0,15.397536394176932
411140 IVAI,101.0,3,104.0,411140,Ivaí,  4 111 407 ,   13 229,13229.0,7.861516365560512
411150 IVAIPORA,824.0,138,962.0,411150,Ivaiporã,  4 111 506 ,   32 720,32720.0,29.400977995110026
411155 IVATE,82.0,2,84.0,411155,Ivaté,  4 111 555 ,   6 831,6831.0,12.296881862099253
411160 IVATUBA,52.0,2,54.0,411160,Ivatuba,  4 111 605 ,   2 708,2708.0,19.940915805022158
411170 JABOTI,85.0,5,90.0,411170,Jaboti,  4 111 704 ,   5 427,5427.0,16.58374792703151
411180 JACAREZINHO,632.0,78,710.0,411180,Jacarezinho,  4 111 803 ,   40 375,40375.0,17.58513931888545
411190 JAGUAPITA,235.0,14,249.0,411190,Jaguapitã,  4 111 902 ,   15 122,15122.0,16.466075915884144
411200 JAGUARIAIVA,321.0,59,380.0,411200,Jaguariaíva,  4 112 009 ,   35 141,35141.0,10.813579579408668
411210 JANDAIA DO SUL,409.0,66,475.0,411210,Jandaia do Sul,  4 112 108 ,   21 408,21408.0,22.18796711509716
411220 JANIOPOLIS,110.0,30,140.0,411220,Janiópolis,  4 112 207 ,   5 870,5870.0,23.85008517887564
411230 JAPIRA,69.0,2,71.0,411230,Japira,  4 112 306 ,   4 972,4972.0,14.279967819790828
411240 JAPURA,80.0,4,84.0,411240,Japurá,  4 112 405 ,   9 144,9144.0,9.186351706036746
411250 JARDIM ALEGRE,103.0,11,114.0,411250,Jardim Alegre,  4 112 504 ,   12 004,12004.0,9.496834388537154
411260 JARDIM OLINDA,33.0,-,33.0,411260,Jardim Olinda,  4 112 603 ,   1 343,1343.0,24.571854058078927
411270 JATAIZINHO,110.0,1,111.0,411270,Jataizinho,  4 112 702 ,   11 813,11813.0,9.396427664437486
411275 JESUITAS,71.0,1,72.0,411275,Jesuítas,  4 112 751 ,   10 506,10506.0,6.853226727584238
411280 JOAQUIM TAVORA,114.0,14,128.0,411280,Joaquim Távora,  4 112 801 ,   11 945,11945.0,10.715780661364587
411290 JUNDIAI DO SUL,48.0,1,49.0,411290,Jundiaí do Sul,  4 112 900 ,   3 333,3333.0,14.701470147014701
411295 JURANDA,118.0,38,156.0,411295,Juranda,  4 112 959 ,   7 771,7771.0,20.074636468922918
411300 JUSSARA,88.0,12,100.0,411300,Jussara,  4 113 007 ,   6 690,6690.0,14.947683109118087
411310 KALORE,88.0,-,88.0,411310,Kaloré,  4 113 106 ,   4 582,4582.0,19.20558707987778
411320 LAPA,731.0,89,820.0,411320,Lapa,  4 113 205 ,   45 003,45003.0,18.221007488389663
411325 LARANJAL,71.0,-,71.0,411325,Laranjal,  4 113 254 ,   5 600,5600.0,12.678571428571427
411330 LARANJEIRAS DO SUL,424.0,77,501.0,411330,Laranjeiras do Sul,  4 113 304 ,   32 227,32227.0,15.545970769851367
411340 LEOPOLIS,52.0,-,52.0,411340,Leópolis,  4 113 403 ,   3 752,3752.0,13.859275053304904
411342 LIDIANOPOLIS,35.0,1,36.0,411342,Lidianópolis,  4 113 429 ,   3 938,3938.0,9.14169629253428
411345 LINDOESTE,106.0,-,106.0,411345,Lindoeste,  4 113 452 ,   5 175,5175.0,20.483091787439612
411350 LOANDA,301.0,45,346.0,411350,Loanda,  4 113 502 ,   23 225,23225.0,14.89773950484392
411360 LOBATO,60.0,6,66.0,411360,Lobato,  4 113 601 ,   4 601,4601.0,14.344707672245164
411370 LONDRINA,11037.0,2557,13594.0,411370,Londrina,  4 113 700 ,   555 965,555965.0,24.451179480722708
411373 LUIZIANA,88.0,4,92.0,411373,Luiziana,  4 113 734 ,   6 690,6690.0,13.75186846038864
411375 LUNARDELLI,62.0,2,64.0,411375,Lunardelli,  4 113 759 ,   4 872,4872.0,13.136288998357964
411380 LUPIONOPOLIS,97.0,1,98.0,411380,Lupionópolis,  4 113 809 ,   4 813,4813.0,20.361520880947435
411390 MALLET,155.0,40,195.0,411390,Mallet,  4 113 908 ,   13 428,13428.0,14.5218945487042
411400 MAMBORE,158.0,80,238.0,411400,Mamborê,  4 114 005 ,   13 452,13452.0,17.69253642581029
411410 MANDAGUACU,233.0,33,266.0,411410,Mandaguaçu,  4 114 104 ,   31 457,31457.0,8.45598753854468
411420 MANDAGUARI,352.0,200,552.0,411420,Mandaguari,  4 114 203 ,   36 716,36716.0,15.034317463776011
411430 MANDIRITUBA,215.0,10,225.0,411430,Mandirituba,  4 114 302 ,   27 439,27439.0,8.200007288895367
411435 MANFRINOPOLIS,50.0,1,51.0,411435,Manfrinópolis,  4 114 351 ,   2 770,2770.0,18.4115523465704
411440 MANGUEIRINHA,205.0,9,214.0,411440,Mangueirinha,  4 114 401 ,   16 603,16603.0,12.88923688490032
411450 MANOEL RIBAS,134.0,9,143.0,411450,Manoel Ribas,  4 114 500 ,   14 240,14240.0,10.042134831460674
411460 MARECHAL CANDIDO RONDON,472.0,328,800.0,411460,Marechal Cândido Rondon,  4 114 609 ,   55 836,55836.0,14.327673902141987
411470 MARIA HELENA,66.0,3,69.0,411470,Maria Helena,  4 114 708 ,   5 865,5865.0,11.76470588235294
411480 MARIALVA,291.0,68,359.0,411480,Marialva,  4 114 807 ,   41 851,41851.0,8.57805070368689
411490 MARILANDIA DO SUL,101.0,3,104.0,411490,Marilândia do Sul,  4 114 906 ,   8 677,8677.0,11.985709346548346
411500 MARILENA,86.0,4,90.0,411500,Marilena,  4 115 002 ,   7 253,7253.0,12.408658486143665
411510 MARILUZ,72.0,20,92.0,411510,Mariluz,  4 115 101 ,   9 847,9847.0,9.34294709048441
411520 MARINGA,6900.0,4150,11050.0,411520,Maringá,  4 115 200 ,   409 657,409657.0,26.973785386310986
411530 MARIOPOLIS,89.0,5,94.0,411530,Mariópolis,  4 115 309 ,   6 371,6371.0,14.754355674148485
411535 MARIPA,81.0,6,87.0,411535,Maripá,  4 115 358 ,   6 555,6555.0,13.272311212814644
411540 MARMELEIRO,168.0,52,220.0,411540,Marmeleiro,  4 115 408 ,   15 901,15901.0,13.835607823407333
411545 MARQUINHO,52.0,1,53.0,411545,Marquinho,  4 115 457 ,   4 504,4504.0,11.767317939609237
411550 MARUMBI,41.0,4,45.0,411550,Marumbi,  4 115 507 ,   4 699,4699.0,9.576505639497766
411560 MATELANDIA,192.0,49,241.0,411560,Matelândia,  4 115 606 ,   18 450,18450.0,13.062330623306233
411570 MATINHOS,320.0,56,376.0,411570,Matinhos,  4 115 705 ,   39 259,39259.0,9.57742173769072
411573 MATO RICO,48.0,1,49.0,411573,Mato Rico,  4 115 739 ,   3 267,3267.0,14.99846954392409
411575 MAUA DA SERRA,117.0,5,122.0,411575,Mauá da Serra,  4 115 754 ,   9 383,9383.0,13.002238090163061
411580 MEDIANEIRA,536.0,189,725.0,411580,Medianeira,  4 115 804 ,   54 369,54369.0,13.334804760065477
411585 MERCEDES,78.0,20,98.0,411585,Mercedes,  4 115 853 ,   5 931,5931.0,16.52335187995279
411590 MIRADOR,50.0,-,50.0,411590,Mirador,  4 115 903 ,   2 238,2238.0,22.341376228775694
411600 MIRASELVA,42.0,-,42.0,411600,Miraselva,  4 116 000 ,   1 966,1966.0,21.363173957273652
411605 MISSAL,165.0,22,187.0,411605,Missal,  4 116 059 ,   11 064,11064.0,16.90166305133767
411610 MOREIRA SALES,149.0,61,210.0,411610,Moreira Sales,  4 116 109 ,   11 175,11175.0,18.79194630872483
411620 MORRETES,173.0,47,220.0,411620,Morretes,  4 116 208 ,   18 309,18309.0,12.015948440657601
411630 MUNHOZ DE MELO,64.0,5,69.0,411630,Munhoz de Melo,  4 116 307 ,   3 951,3951.0,17.463933181473045
411640 NOSSA SENHORA DAS GRACAS,59.0,13,72.0,411640,Nossa Senhora das Graças,  4 116 406 ,   3 669,3669.0,19.623875715453803
411650 NOVA ALIANCA DO IVAI,29.0,-,29.0,411650,Nova Aliança do Ivaí,  4 116 505 ,   1 323,1323.0,21.919879062736204
411660 NOVA AMERICA DA COLINA,46.0,-,46.0,411660,Nova América da Colina,  4 116 604 ,   3 280,3280.0,14.02439024390244
411670 NOVA AURORA,149.0,15,164.0,411670,Nova Aurora,  4 116 703 ,   13 765,13765.0,11.914275335997095
411680 NOVA CANTU,74.0,20,94.0,411680,Nova Cantu,  4 116 802 ,   6 790,6790.0,13.843888070692193
411690 NOVA ESPERANCA,252.0,65,317.0,411690,Nova Esperança,  4 116 901 ,   26 585,26585.0,11.924017302990407
411695 NOVA ESPERANCA DO SUDOESTE,55.0,3,58.0,411695,Nova Esperança do Sudoeste,  4 116 950 ,   5 597,5597.0,10.362694300518134
411700 NOVA FATIMA,60.0,5,65.0,411700,Nova Fátima,  4 117 008 ,   7 225,7225.0,8.996539792387544
411705 NOVA LARANJEIRAS,114.0,5,119.0,411705,Nova Laranjeiras,  4 117 057 ,   12 074,12074.0,9.855888686433659
411710 NOVA LONDRINA,136.0,14,150.0,411710,Nova Londrina,  4 117 107 ,   12 923,12923.0,11.607211947690166
411720 NOVA OLIMPIA,85.0,2,87.0,411720,Nova Olímpia,  4 117 206 ,   5 833,5833.0,14.915138007886165
411721 NOVA SANTA BARBARA,44.0,1,45.0,411721,Nova Santa Bárbara,  4 117 214 ,   4 184,4184.0,10.755258126195029
411722 NOVA SANTA ROSA,87.0,11,98.0,411722,Nova Santa Rosa,  4 117 222 ,   8 322,8322.0,11.776015380918048
411725 NOVA PRATA DO IGUACU,90.0,21,111.0,411725,Nova Prata do Iguaçu,  4 117 255 ,   12 699,12699.0,8.740845735884715
411727 NOVA TEBAS,147.0,-,147.0,411727,Nova Tebas,  4 117 271 ,   6 848,6848.0,21.466121495327105
411729 NOVO ITACOLOMI,49.0,-,49.0,411729,Novo Itacolomi,  4 117 297 ,   3 125,3125.0,15.68
411730 ORTIGUEIRA,198.0,26,224.0,411730,Ortigueira,  4 117 305 ,   24 192,24192.0,9.25925925925926
411740 OURIZONA,44.0,-,44.0,411740,Ourizona,  4 117 404 ,   3 187,3187.0,13.806087229369313
411745 OURO VERDE DO OESTE,78.0,6,84.0,411745,Ouro Verde do Oeste,  4 117 453 ,   6 785,6785.0,12.380250552689757
411750 PAICANDU,360.0,17,377.0,411750,Paiçandu,  4 117 503 ,   45 962,45962.0,8.202428092772289
411760 PALMAS,407.0,75,482.0,411760,Palmas,  4 117 602 ,   48 247,48247.0,9.990258461666011
411770 PALMEIRA,425.0,46,471.0,411770,Palmeira,  4 117 701 ,   33 855,33855.0,13.91227292866637
411780 PALMITAL,103.0,9,112.0,411780,Palmital,  4 117 800 ,   13 033,13033.0,8.593570168034988
411790 PALOTINA,368.0,120,488.0,411790,Palotina,  4 117 909 ,   35 011,35011.0,13.938476478820942
411800 PARAISO DO NORTE,98.0,15,113.0,411800,Paraíso do Norte,  4 118 006 ,   13 245,13245.0,8.531521328803322
411810 PARANACITY,69.0,16,85.0,411810,Paranacity,  4 118 105 ,   9 557,9557.0,8.894004394684526
411820 PARANAGUA,1704.0,324,2028.0,411820,Paranaguá,  4 118 204 ,   145 829,145829.0,13.906698941911417
411830 PARANAPOEMA,33.0,-,33.0,411830,Paranapoema,  4 118 303 ,   2 398,2398.0,13.761467889908257
411840 PARANAVAI,1245.0,312,1557.0,411840,Paranavaí,  4 118 402 ,   92 001,92001.0,16.923729089901197
411845 PATO BRAGADO,71.0,2,73.0,411845,Pato Bragado,  4 118 451 ,   5 733,5733.0,12.733298447584161
411850 PATO BRANCO,2258.0,819,3077.0,411850,Pato Branco,  4 118 501 ,   91 836,91836.0,33.50537915414434
411860 PAULA FREITAS,70.0,6,76.0,411860,Paula Freitas,  4 118 600 ,   5 666,5666.0,13.413342746205435
411870 PAULO FRONTIN,73.0,10,83.0,411870,Paulo Frontin,  4 118 709 ,   6 343,6343.0,13.08529087182721
411880 PEABIRU,126.0,71,197.0,411880,Peabiru,  4 118 808 ,   13 346,13346.0,14.760977071781808
411885 PEROBAL,74.0,1,75.0,411885,Perobal,  4 118 857 ,   7 189,7189.0,10.43260536931423
411890 PEROLA,124.0,57,181.0,411890,Pérola,  4 118 907 ,   11 878,11878.0,15.23825559858562
411900 PEROLA D'OESTE,80.0,5,85.0,411900,Pérola d'Oeste,  4 119 004 ,   6 221,6221.0,13.663398167497187
411910 PIEN,127.0,29,156.0,411910,Piên,  4 119 103 ,   13 655,13655.0,11.424386671548882
411915 PINHAIS,1278.0,1078,2356.0,411915,Pinhais,  4 119 152 ,   127 019,127019.0,18.548406143962712
411920 PINHALAO,77.0,4,81.0,411920,Pinhalão,  4 119 202 ,   6 566,6566.0,12.336277794699969
411925 PINHAL DE SAO BENTO,34.0,2,36.0,411925,Pinhal de São Bento,  4 119 251 ,   2 761,2761.0,13.03875407461065
411930 PINHAO,225.0,37,262.0,411930,Pinhão,  4 119 301 ,   29 886,29886.0,8.766646590376764
411940 PIRAI DO SUL,206.0,30,236.0,411940,Piraí do Sul,  4 119 400 ,   23 651,23651.0,9.978436429749271
411950 PIRAQUARA,1179.0,149,1328.0,411950,Piraquara,  4 119 509 ,   118 730,118730.0,11.185041691232207
411960 PITANGA,361.0,67,428.0,411960,Pitanga,  4 119 608 ,   33 567,33567.0,12.75061816665177
411965 PITANGUEIRAS,23.0,-,23.0,411965,Pitangueiras,  4 119 657 ,   3 046,3046.0,7.550886408404464
411970 PLANALTINA DO PARANA,60.0,-,60.0,411970,Planaltina do Paraná,  4 119 707 ,   4 070,4070.0,14.742014742014742
411980 PLANALTO,133.0,33,166.0,411980,Planalto,  4 119 806 ,   14 374,14374.0,11.548629469876165
411990 PONTA GROSSA,3875.0,1825,5700.0,411990,Ponta Grossa,  4 119 905 ,   358 371,358371.0,15.905304837724035
411995 PONTAL DO PARANA,244.0,42,286.0,411995,Pontal do Paraná,  4 119 954 ,   30 425,30425.0,9.400164338537387
412000 PORECATU,147.0,14,161.0,412000,Porecatu,  4 120 002 ,   11 624,11624.0,13.850653819683414
412010 PORTO AMAZONAS,54.0,-,54.0,412010,Porto Amazonas,  4 120 101 ,   4 098,4098.0,13.177159590043924
412015 PORTO BARREIRO,40.0,-,40.0,412015,Porto Barreiro,  4 120 150 ,   3 110,3110.0,12.861736334405144
412020 PORTO RICO,37.0,-,37.0,412020,Porto Rico,  4 120 200 ,   3 182,3182.0,11.627906976744185
412030 PORTO VITORIA,62.0,2,64.0,412030,Porto Vitória,  4 120 309 ,   3 562,3562.0,17.967434025828187
412033 PRADO FERREIRA,53.0,2,55.0,412033,Prado Ferreira,  4 120 333 ,   3 709,3709.0,14.828794823402534
412035 PRANCHITA,124.0,25,149.0,412035,Pranchita,  4 120 358 ,   5 737,5737.0,25.971762245075823
412040 PRESIDENTE CASTELO BRANCO,61.0,4,65.0,412040,Presidente Castelo Branco,  4 120 408 ,   4 336,4336.0,14.990774907749078
412050 PRIMEIRO DE MAIO,99.0,11,110.0,412050,Primeiro de Maio,  4 120 507 ,   10 082,10082.0,10.910533624280896
412060 PRUDENTOPOLIS,433.0,72,505.0,412060,Prudentópolis,  4 120 606 ,   49 393,49393.0,10.224120826837812
412065 QUARTO CENTENARIO,48.0,1,49.0,412065,Quarto Centenário,  4 120 655 ,   4 201,4201.0,11.663889550107118
412070 QUATIGUA,86.0,9,95.0,412070,Quatiguá,  4 120 705 ,   8 099,8099.0,11.729843190517348
412080 QUATRO BARRAS,207.0,35,242.0,412080,Quatro Barras,  4 120 804 ,   24 191,24191.0,10.003720391881279
412085 QUATRO PONTES,39.0,13,52.0,412085,Quatro Pontes,  4 120 853 ,   4 480,4480.0,11.607142857142858
412090 QUEDAS DO IGUACU,289.0,51,340.0,412090,Quedas do Iguaçu,  4 120 903 ,   30 738,30738.0,11.061227145552737
412100 QUERENCIA DO NORTE,120.0,4,124.0,412100,Querência do Norte,  4 121 000 ,   10 685,10685.0,11.605053813757603
412110 QUINTA DO SOL,80.0,9,89.0,412110,Quinta do Sol,  4 121 109 ,   5 001,5001.0,17.796440711857628
412120 QUITANDINHA,171.0,39,210.0,412120,Quitandinha,  4 121 208 ,   18 398,18398.0,11.414284161321882
412125 RAMILANDIA,33.0,1,34.0,412125,Ramilândia,  4 121 257 ,   4 221,4221.0,8.054963278843875
412130 RANCHO ALEGRE,42.0,4,46.0,412130,Rancho Alegre,  4 121 307 ,   3 512,3512.0,13.097949886104784
412135 RANCHO ALEGRE D'OESTE,29.0,12,41.0,412135,Rancho Alegre D'Oeste,  4 121 356 ,   2 618,2618.0,15.660809778456839
412140 REALEZA,146.0,55,201.0,412140,Realeza,  4 121 406 ,   19 247,19247.0,10.443185951057309
412150 REBOUCAS,247.0,47,294.0,412150,Rebouças,  4 121 505 ,   14 514,14514.0,20.256304257957837
412160 RENASCENCA,76.0,22,98.0,412160,Renascença,  4 121 604 ,   6 845,6845.0,14.317019722425128
412170 RESERVA,173.0,27,200.0,412170,Reserva,  4 121 703 ,   24 573,24573.0,8.139014365360355
412175 RESERVA DO IGUACU,91.0,-,91.0,412175,Reserva do Iguaçu,  4 121 752 ,   6 553,6553.0,13.886769418586907
412180 RIBEIRAO CLARO,98.0,14,112.0,412180,Ribeirão Claro,  4 121 802 ,   12 364,12364.0,9.058557101261728
412190 RIBEIRAO DO PINHAL,85.0,19,104.0,412190,Ribeirão do Pinhal,  4 121 901 ,   13 060,13060.0,7.9632465543644715
412200 RIO AZUL,213.0,60,273.0,412200,Rio Azul,  4 122 008 ,   14 025,14025.0,19.46524064171123
412210 RIO BOM,47.0,6,53.0,412210,Rio Bom,  4 122 107 ,   3 197,3197.0,16.57804191429465
412215 RIO BONITO DO IGUACU,129.0,3,132.0,412215,Rio Bonito do Iguaçu,  4 122 156 ,   13 929,13929.0,9.4766314882619
412217 RIO BRANCO DO IVAI,45.0,2,47.0,412217,Rio Branco do Ivaí,  4 122 172 ,   3 808,3808.0,12.342436974789916
412220 RIO BRANCO DO SUL,269.0,27,296.0,412220,Rio Branco do Sul,  4 122 206 ,   37 558,37558.0,7.881143830874914
412230 RIO NEGRO,444.0,80,524.0,412230,Rio Negro,  4 122 305 ,   31 324,31324.0,16.72838717915975
412240 ROLANDIA,671.0,152,823.0,412240,Rolândia,  4 122 404 ,   71 670,71670.0,11.483186828519603
412250 RONCADOR,150.0,42,192.0,412250,Roncador,  4 122 503 ,   11 251,11251.0,17.06514976446538
412260 RONDON,88.0,18,106.0,412260,Rondon,  4 122 602 ,   9 097,9097.0,11.652193030669451
412265 ROSARIO DO IVAI,60.0,2,62.0,412265,Rosário do Ivaí,  4 122 651 ,   5 435,5435.0,11.40754369825207
412270 SABAUDIA,75.0,8,83.0,412270,Sabáudia,  4 122 701 ,   8 822,8822.0,9.408297438222625
412280 SALGADO FILHO,43.0,3,46.0,412280,Salgado Filho,  4 122 800 ,   4 075,4075.0,11.288343558282207
412290 SALTO DO ITARARE,59.0,2,61.0,412290,Salto do Itararé,  4 122 909 ,   5 192,5192.0,11.74884437596302
412300 SALTO DO LONTRA,176.0,35,211.0,412300,Salto do Lontra,  4 123 006 ,   15 223,15223.0,13.8606056624844
412310 SANTA AMELIA,34.0,1,35.0,412310,Santa Amélia,  4 123 105 ,   3 394,3394.0,10.312315851502651
412320 SANTA CECILIA DO PAVAO,54.0,1,55.0,412320,Santa Cecília do Pavão,  4 123 204 ,   3 365,3365.0,16.34472511144131
412330 SANTA CRUZ DE MONTE CASTELO,79.0,11,90.0,412330,Santa Cruz de Monte Castelo,  4 123 303 ,   8 613,8613.0,10.449320794148381
412340 SANTA FE,117.0,52,169.0,412340,Santa Fé,  4 123 402 ,   11 378,11378.0,14.853225522939006
412350 SANTA HELENA,255.0,55,310.0,412350,Santa Helena,  4 123 501 ,   25 492,25492.0,12.160677859720698
412360 SANTA INES,22.0,-,22.0,412360,Santa Inês,  4 123 600 ,   1 748,1748.0,12.585812356979405
412370 SANTA ISABEL DO IVAI,78.0,7,85.0,412370,Santa Isabel do Ivaí,  4 123 709 ,   8 912,8912.0,9.537701974865351
412380 SANTA IZABEL DO OESTE,152.0,77,229.0,412380,Santa Izabel do Oeste,  4 123 808 ,   14 070,14070.0,16.275764036958066
412382 SANTA LUCIA,51.0,-,51.0,412382,Santa Lúcia,  4 123 824 ,   3 644,3644.0,13.995609220636663
412385 SANTA MARIA DO OESTE,79.0,3,82.0,412385,Santa Maria do Oeste,  4 123 857 ,   9 934,9934.0,8.254479565129856
412390 SANTA MARIANA,122.0,13,135.0,412390,Santa Mariana,  4 123 907 ,   11 066,11066.0,12.199530092174227
412395 SANTA MONICA,37.0,2,39.0,412395,Santa Mônica,  4 123 956 ,   3 356,3356.0,11.62097735399285
412400 SANTANA DO ITARARE,102.0,-,102.0,412400,Santana do Itararé,  4 124 004 ,   5 514,5514.0,18.498367791077257
412402 SANTA TEREZA DO OESTE,112.0,1,113.0,412402,Santa Tereza do Oeste,  4 124 020 ,   13 174,13174.0,8.577501138606346
412405 SANTA TEREZINHA DE ITAIPU,191.0,35,226.0,412405,Santa Terezinha de Itaipu,  4 124 053 ,   24 262,24262.0,9.314978155139725
412410 SANTO ANTONIO DA PLATINA,673.0,107,780.0,412410,Santo Antônio da Platina,  4 124 103 ,   44 369,44369.0,17.579841781423966
412420 SANTO ANTONIO DO CAIUA,58.0,1,59.0,412420,Santo Antônio do Caiuá,  4 124 202 ,   2 493,2493.0,23.666265543521863
412430 SANTO ANTONIO DO PARAISO,52.0,-,52.0,412430,Santo Antônio do Paraíso,  4 124 301 ,   2 125,2125.0,24.47058823529412
412440 SANTO ANTONIO DO SUDOESTE,206.0,115,321.0,412440,Santo Antônio do Sudoeste,  4 124 400 ,   23 673,23673.0,13.559751615764796
412450 SANTO INACIO,66.0,10,76.0,412450,Santo Inácio,  4 124 509 ,   6 181,6181.0,12.29574502507685
412460 SAO CARLOS DO IVAI,65.0,3,68.0,412460,São Carlos do Ivaí,  4 124 608 ,   6 587,6587.0,10.323364202216487
412470 SAO JERONIMO DA SERRA,110.0,18,128.0,412470,São Jerônimo da Serra,  4 124 707 ,   10 830,10830.0,11.819021237303785
412480 SAO JOAO,103.0,21,124.0,412480,São João,  4 124 806 ,   11 886,11886.0,10.432441527847887
412490 SAO JOAO DO CAIUA,76.0,-,76.0,412490,São João do Caiuá,  4 124 905 ,   5 586,5586.0,13.605442176870747
412500 SAO JOAO DO IVAI,141.0,7,148.0,412500,São João do Ivaí,  4 125 001 ,   10 667,10667.0,13.87456641979938
412510 SAO JOAO DO TRIUNFO,121.0,6,127.0,412510,São João do Triunfo,  4 125 100 ,   13 726,13726.0,9.252513478070814
412520 SAO JORGE D'OESTE,98.0,39,137.0,412520,São Jorge d'Oeste,  4 125 209 ,   9 378,9378.0,14.608658562593304
412530 SAO JORGE DO IVAI,70.0,11,81.0,412530,São Jorge do Ivaí,  4 125 308 ,   5 168,5168.0,15.673374613003096
412535 SAO JORGE DO PATROCINIO,85.0,8,93.0,412535,São Jorge do Patrocínio,  4 125 357 ,   6 504,6504.0,14.29889298892989
412540 SAO JOSE DA BOA VISTA,95.0,1,96.0,412540,São José da Boa Vista,  4 125 407 ,   6 040,6040.0,15.894039735099337
412545 SAO JOSE DAS PALMEIRAS,59.0,2,61.0,412545,São José das Palmeiras,  4 125 456 ,   3 957,3957.0,15.415718979024515
412550 SAO JOSE DOS PINHAIS,2408.0,678,3086.0,412550,São José dos Pinhais,  4 125 506 ,   329 628,329628.0,9.362068756294976
412555 SAO MANOEL DO PARANA,39.0,-,39.0,412555,São Manoel do Paraná,  4 125 555 ,   2 138,2138.0,18.241347053320858
412560 SAO MATEUS DO SUL,320.0,101,421.0,412560,São Mateus do Sul,  4 125 605 ,   42 366,42366.0,9.937213803521692
412570 SAO MIGUEL DO IGUACU,296.0,51,347.0,412570,São Miguel do Iguaçu,  4 125 704 ,   29 122,29122.0,11.915390426481697
412575 SAO PEDRO DO IGUACU,82.0,1,83.0,412575,São Pedro do Iguaçu,  4 125 753 ,   5 784,5784.0,14.349930843706776
412580 SAO PEDRO DO IVAI,96.0,8,104.0,412580,São Pedro do Ivaí,  4 125 803 ,   8 690,8690.0,11.967779056386652
412590 SAO PEDRO DO PARANA,33.0,4,37.0,412590,São Pedro do Paraná,  4 125 902 ,   2 661,2661.0,13.904547162720782
412600 SAO SEBASTIAO DA AMOREIRA,103.0,5,108.0,412600,São Sebastião da Amoreira,  4 126 009 ,   8 063,8063.0,13.39451816941585
412610 SAO TOME,56.0,3,59.0,412610,São Tomé,  4 126 108 ,   5 232,5232.0,11.276758409785932
412620 SAPOPEMA,85.0,7,92.0,412620,Sapopema,  4 126 207 ,   6 695,6695.0,13.741598207617626
412625 SARANDI,1068.0,114,1182.0,412625,Sarandi,  4 126 256 ,   118 455,118455.0,9.978472837786502
412627 SAUDADE DO IGUACU,68.0,-,68.0,412627,Saudade do Iguaçu,  4 126 272 ,   6 108,6108.0,11.132940406024884
412630 SENGES,155.0,4,159.0,412630,Sengés,  4 126 306 ,   17 270,17270.0,9.206716850028952
412635 SERRANOPOLIS DO IGUACU,37.0,1,38.0,412635,Serranópolis do Iguaçu,  4 126 355 ,   5 007,5007.0,7.589374875174755
412640 SERTANEJA,103.0,8,111.0,412640,Sertaneja,  4 126 405 ,   5 616,5616.0,19.764957264957264
412650 SERTANOPOLIS,186.0,41,227.0,412650,Sertanópolis,  4 126 504 ,   15 930,15930.0,14.249843063402386
412660 SIQUEIRA CAMPOS,201.0,50,251.0,412660,Siqueira Campos,  4 126 603 ,   22 811,22811.0,11.003463241418615
412665 SULINA,44.0,-,44.0,412665,Sulina,  4 126 652 ,   3 440,3440.0,12.790697674418604
412667 TAMARANA,152.0,17,169.0,412667,Tamarana,  4 126 678 ,   10 707,10707.0,15.784066498552349
412670 TAMBOARA,66.0,3,69.0,412670,Tamboara,  4 126 702 ,   4 880,4880.0,14.139344262295081
412680 TAPEJARA,109.0,11,120.0,412680,Tapejara,  4 126 801 ,   15 869,15869.0,7.5619131640305
412690 TAPIRA,80.0,-,80.0,412690,Tapira,  4 126 900 ,   5 745,5745.0,13.92515230635335
412700 TEIXEIRA SOARES,144.0,2,146.0,412700,Teixeira Soares,  4 127 007 ,   9 547,9547.0,15.292762124227506
412710 TELEMACO BORBA,672.0,180,852.0,412710,Telêmaco Borba,  4 127 106 ,   75 042,75042.0,11.353641960502118
412720 TERRA BOA,277.0,74,351.0,412720,Terra Boa,  4 127 205 ,   17 568,17568.0,19.979508196721312
412730 TERRA RICA,181.0,14,195.0,412730,Terra Rica,  4 127 304 ,   14 842,14842.0,13.138391052418811
412740 TERRA ROXA,141.0,14,155.0,412740,Terra Roxa,  4 127 403 ,   18 119,18119.0,8.554555990948728
412750 TIBAGI,158.0,6,164.0,412750,Tibagi,  4 127 502 ,   19 961,19961.0,8.216021241420771
412760 TIJUCAS DO SUL,198.0,13,211.0,412760,Tijucas do Sul,  4 127 601 ,   17 621,17621.0,11.974348788377505
412770 TOLEDO,1803.0,689,2492.0,412770,Toledo,  4 127 700 ,   150 470,150470.0,16.56144081876786
412780 TOMAZINA,87.0,2,89.0,412780,Tomazina,  4 127 809 ,   8 426,8426.0,10.56254450510325
412785 TRES BARRAS DO PARANA,130.0,5,135.0,412785,Três Barras do Paraná,  4 127 858 ,   11 135,11135.0,12.123933542882801
412788 TUNAS DO PARANA,51.0,-,51.0,412788,Tunas do Paraná,  4 127 882 ,   6 219,6219.0,8.200675349734682
412790 TUNEIRAS DO OESTE,78.0,3,81.0,412790,Tuneiras do Oeste,  4 127 908 ,   8 067,8067.0,10.04090740052064
412795 TUPASSI,73.0,6,79.0,412795,Tupãssi,  4 127 957 ,   8 077,8077.0,9.780859229912096
412796 TURVO,184.0,15,199.0,412796,Turvo,  4 127 965 ,   14 231,14231.0,13.983557023399621
412800 UBIRATA,301.0,224,525.0,412800,Ubiratã,  4 128 005 ,   24 749,24749.0,21.212978302153623
412810 UMUARAMA,2466.0,585,3051.0,412810,Umuarama,  4 128 104 ,   117 095,117095.0,26.055766685170163
412820 UNIAO DA VITORIA,787.0,276,1063.0,412820,União da Vitória,  4 128 203 ,   55 033,55033.0,19.315683317282357
412830 UNIFLOR,42.0,-,42.0,412830,Uniflor,  4 128 302 ,   2 136,2136.0,19.662921348314605
412840 URAI,110.0,4,114.0,412840,Uraí,  4 128 401 ,   10 406,10406.0,10.95521814337882
412850 WENCESLAU BRAZ,152.0,18,170.0,412850,Wenceslau Braz,  4 128 500 ,   19 188,19188.0,8.859703981655201
412853 VENTANIA,105.0,1,106.0,412853,Ventania,  4 128 534 ,   9 681,9681.0,10.949282098956719
412855 VERA CRUZ DO OESTE,126.0,12,138.0,412855,Vera Cruz do Oeste,  4 128 559 ,   8 215,8215.0,16.798539257455875
412860 VERE,93.0,37,130.0,412860,Verê,  4 128 609 ,   7 932,7932.0,16.38930912758447
412862 ALTO PARAISO,61.0,-,61.0,412862,Alto Paraíso,  4 128 625 ,   3 055,3055.0,19.967266775777414
412863 DOUTOR ULYSSES,83.0,1,84.0,412863,Doutor Ulysses,  4 128 633 ,   5 697,5697.0,14.74460242232754
412865 VIRMOND,58.0,10,68.0,412865,Virmond,  4 128 658 ,   3 811,3811.0,17.84308580425085
412870 VITORINO,78.0,5,83.0,412870,Vitorino,  4 128 708 ,   9 706,9706.0,8.551411498042448
412880 XAMBRE,52.0,1,53.0,412880,Xambrê,  4 128 807 ,   5 798,5798.0,9.141083132114522
420005 ABDON BATISTA,50.0,1,51.0,420005,Abdon Batista,  4 200 051 ,   2 598,2598.0,19.630484988452658
420010 ABELARDO LUZ,232.0,77,309.0,420010,Abelardo Luz,  4 200 101 ,   17 392,17392.0,17.766789328426864
420020 AGROLANDIA,109.0,12,121.0,420020,Agrolândia,  4 200 200 ,   10 990,10990.0,11.010009099181074
420030 AGRONOMICA,41.0,2,43.0,420030,Agronômica,  4 200 309 ,   6 055,6055.0,7.101568951279934
420040 AGUA DOCE,112.0,16,128.0,420040,Água Doce,  4 200 408 ,   6 508,6508.0,19.668100799016592
420050 AGUAS DE CHAPECO,68.0,1,69.0,420050,Águas de Chapecó,  4 200 507 ,   6 036,6036.0,11.43141153081511
420055 AGUAS FRIAS,34.0,5,39.0,420055,Águas Frias,  4 200 556 ,   2 839,2839.0,13.737231419513915
420060 AGUAS MORNAS,89.0,1,90.0,420060,Águas Mornas,  4 200 606 ,   6 743,6743.0,13.347174847990509
420070 ALFREDO WAGNER,111.0,22,133.0,420070,Alfredo Wagner,  4 200 705 ,   10 481,10481.0,12.689628852208758
420075 ALTO BELA VISTA,19.0,-,19.0,420075,Alto Bela Vista,  4 200 754 ,   1 856,1856.0,10.23706896551724
420080 ANCHIETA,81.0,5,86.0,420080,Anchieta,  4 200 804 ,   5 943,5943.0,14.470805990240619
420090 ANGELINA,84.0,1,85.0,420090,Angelina,  4 200 903 ,   5 358,5358.0,15.864128406121687
420100 ANITA GARIBALDI,147.0,3,150.0,420100,Anita Garibaldi,  4 201 000 ,   8 285,8285.0,18.105009052504528
420110 ANITAPOLIS,57.0,26,83.0,420110,Anitápolis,  4 201 109 ,   3 593,3593.0,23.100473142220984
420120 ANTONIO CARLOS,129.0,52,181.0,420120,Antônio Carlos,  4 201 208 ,   11 224,11224.0,16.12615823235923
420125 APIUNA,115.0,13,128.0,420125,Apiúna,  4 201 257 ,   9 811,9811.0,13.0465803689736
420127 ARABUTA,69.0,1,70.0,420127,Arabutã,  4 201 273 ,   4 378,4378.0,15.989036089538605
420130 ARAQUARI,489.0,24,513.0,420130,Araquari,  4 201 307 ,   45 283,45283.0,11.328754720314466
420140 ARARANGUA,1219.0,423,1642.0,420140,Araranguá,  4 201 406 ,   71 922,71922.0,22.83028836795417
420150 ARMAZEM,146.0,2,148.0,420150,Armazém,  4 201 505 ,   8 834,8834.0,16.753452569617387
420160 ARROIO TRINTA,68.0,19,87.0,420160,Arroio Trinta,  4 201 604 ,   3 556,3556.0,24.46569178852643
420165 ARVOREDO,34.0,1,35.0,420165,Arvoredo,  4 201 653 ,   2 510,2510.0,13.944223107569721
420170 ASCURRA,71.0,13,84.0,420170,Ascurra,  4 201 703 ,   8 319,8319.0,10.09736747205193
420180 ATALANTA,30.0,-,30.0,420180,Atalanta,  4 201 802 ,   3 227,3227.0,9.296560272699102
420190 AURORA,48.0,2,50.0,420190,Aurora,  4 201 901 ,   6 780,6780.0,7.374631268436578
420195 BALNEARIO ARROIO DO SILVA,121.0,7,128.0,420195,Balneário Arroio do Silva,  4 201 950 ,   15 820,15820.0,8.09102402022756
420200 BALNEARIO CAMBORIU,2414.0,1640,4054.0,420200,Balneário Camboriú,  4 202 008 ,   139 155,139155.0,29.13298120800546
420205 BALNEARIO BARRA DO SUL,155.0,4,159.0,420205,Balneário Barra do Sul,  4 202 057 ,   14 912,14912.0,10.66255364806867
420207 BALNEARIO GAIVOTA,113.0,17,130.0,420207,Balneário Gaivota,  4 202 073 ,   15 669,15669.0,8.296636671134086
420208 BANDEIRANTE,35.0,-,35.0,420208,Bandeirante,  4 202 081 ,   3 144,3144.0,11.132315521628499
420209 BARRA BONITA,24.0,-,24.0,420209,Barra Bonita,  4 202 099 ,   1 668,1668.0,14.388489208633095
420210 BARRA VELHA,472.0,31,503.0,420210,Barra Velha,  4 202 107 ,   45 369,45369.0,11.086865480834932
420213 BELA VISTA DO TOLDO,82.0,16,98.0,420213,Bela Vista do Toldo,  4 202 131 ,   5 872,5872.0,16.689373297002724
420215 BELMONTE,29.0,3,32.0,420215,Belmonte,  4 202 156 ,   2 658,2658.0,12.039127163280662
420220 BENEDITO NOVO,122.0,8,130.0,420220,Benedito Novo,  4 202 206 ,   10 520,10520.0,12.357414448669202
420230 BIGUACU,1053.0,287,1340.0,420230,Biguaçu,  4 202 305 ,   76 773,76773.0,17.454052857124246
420240 BLUMENAU,6149.0,1379,7528.0,420240,Blumenau,  4 202 404 ,   361 261,361261.0,20.83811980811657
420243 BOCAINA DO SUL,55.0,8,63.0,420243,Bocaina do Sul,  4 202 438 ,   3 515,3515.0,17.923186344238974
420245 BOMBINHAS,300.0,22,322.0,420245,Bombinhas,  4 202 453 ,   25 058,25058.0,12.85018756484955
420250 BOM JARDIM DA SERRA,67.0,12,79.0,420250,Bom Jardim da Serra,  4 202 503 ,   4 026,4026.0,19.622454048683558
420253 BOM JESUS,35.0,-,35.0,420253,Bom Jesus,  4 202 537 ,   2 777,2777.0,12.603528988116674
420257 BOM JESUS DO OESTE,37.0,-,37.0,420257,Bom Jesus do Oeste,  4 202 578 ,   2 187,2187.0,16.918152720621855
420260 BOM RETIRO,121.0,10,131.0,420260,Bom Retiro,  4 202 602 ,   8 418,8418.0,15.561891185554764
420270 BOTUVERA,54.0,1,55.0,420270,Botuverá,  4 202 701 ,   5 363,5363.0,10.255454036919634
420280 BRACO DO NORTE,615.0,81,696.0,420280,Braço do Norte,  4 202 800 ,   33 773,33773.0,20.60817813045924
420285 BRACO DO TROMBUDO,66.0,2,68.0,420285,Braço do Trombudo,  4 202 859 ,   4 026,4026.0,16.890213611525088
420287 BRUNOPOLIS,35.0,-,35.0,420287,Brunópolis,  4 202 875 ,   2 489,2489.0,14.061872237846526
420290 BRUSQUE,1649.0,462,2111.0,420290,Brusque,  4 202 909 ,   141 385,141385.0,14.930862538458818
420300 CACADOR,1106.0,151,1257.0,420300,Caçador,  4 203 006 ,   73 720,73720.0,17.051003798155183
420310 CAIBI,120.0,8,128.0,420310,Caibi,  4 203 105 ,   6 304,6304.0,20.30456852791878
420315 CALMON,57.0,2,59.0,420315,Calmon,  4 203 154 ,   3 443,3443.0,17.136218414173687
420320 CAMBORIU,470.0,208,678.0,420320,Camboriú,  4 203 204 ,   103 074,103074.0,6.577798474882123
420325 CAPAO ALTO,36.0,-,36.0,420325,Capão Alto,  4 203 253 ,   2 625,2625.0,13.714285714285714
420330 CAMPO ALEGRE,169.0,9,178.0,420330,Campo Alegre,  4 203 303 ,   12 501,12501.0,14.23886089112871
420340 CAMPO BELO DO SUL,109.0,15,124.0,420340,Campo Belo do Sul,  4 203 402 ,   7 257,7257.0,17.086950530522255
420350 CAMPO ERE,143.0,22,165.0,420350,Campo Erê,  4 203 501 ,   9 623,9623.0,17.146420035332017
420360 CAMPOS NOVOS,494.0,117,611.0,420360,Campos Novos,  4 203 600 ,   36 932,36932.0,16.543918553016354
420370 CANELINHA,127.0,6,133.0,420370,Canelinha,  4 203 709 ,   12 821,12821.0,10.373605802979487
420380 CANOINHAS,898.0,317,1215.0,420380,Canoinhas,  4 203 808 ,   55 016,55016.0,22.084484513596045
420390 CAPINZAL,209.0,58,267.0,420390,Capinzal,  4 203 907 ,   23 314,23314.0,11.452346229733207
420395 CAPIVARI DE BAIXO,250.0,14,264.0,420395,Capivari de Baixo,  4 203 956 ,   23 975,23975.0,11.011470281543273
420400 CATANDUVAS,95.0,25,120.0,420400,Catanduvas,  4 204 004 ,   10 566,10566.0,11.357183418512209
420410 CAXAMBU DO SUL,81.0,11,92.0,420410,Caxambu do Sul,  4 204 103 ,   4 614,4614.0,19.939315127871694
420415 CELSO RAMOS,30.0,1,31.0,420415,Celso Ramos,  4 204 152 ,   2 805,2805.0,11.05169340463458
420417 CERRO NEGRO,40.0,1,41.0,420417,Cerro Negro,  4 204 178 ,   3 317,3317.0,12.36056677720832
420419 CHAPADAO DO LAGEADO,34.0,5,39.0,420419,Chapadão do Lageado,  4 204 194 ,   2 950,2950.0,13.220338983050848
420420 CHAPECO,3812.0,1841,5653.0,420420,Chapecó,  4 204 202 ,   254 785,254785.0,22.187334419216203
420425 COCAL DO SUL,311.0,75,386.0,420425,Cocal do Sul,  4 204 251 ,   17 240,17240.0,22.389791183294662
420430 CONCORDIA,1369.0,356,1725.0,420430,Concórdia,  4 204 301 ,   81 646,81646.0,21.127795605418516
420435 CORDILHEIRA ALTA,55.0,-,55.0,420435,Cordilheira Alta,  4 204 350 ,   4 781,4781.0,11.503869483371679
420440 CORONEL FREITAS,124.0,4,128.0,420440,Coronel Freitas,  4 204 400 ,   10 388,10388.0,12.321909896033885
420445 CORONEL MARTINS,36.0,1,37.0,420445,Coronel Martins,  4 204 459 ,   2 065,2065.0,17.91767554479419
420450 CORUPA,172.0,51,223.0,420450,Corupá,  4 204 509 ,   15 267,15267.0,14.606667976681733
420455 CORREIA PINTO,66.0,13,79.0,420455,Correia Pinto,  4 204 558 ,   15 727,15727.0,5.023208494944999
420460 CRICIUMA,3689.0,1561,5250.0,420460,Criciúma,  4 204 608 ,   214 493,214493.0,24.47632323665574
420470 CUNHA PORA,153.0,50,203.0,420470,Cunha Porã,  4 204 707 ,   10 953,10953.0,18.533735049758057
420475 CUNHATAI,27.0,1,28.0,420475,Cunhataí,  4 204 756 ,   1 968,1968.0,14.227642276422763
420480 CURITIBANOS,894.0,154,1048.0,420480,Curitibanos,  4 204 806 ,   40 045,40045.0,26.170558122112624
420490 DESCANSO,123.0,24,147.0,420490,Descanso,  4 204 905 ,   8 530,8530.0,17.23329425556858
420500 DIONISIO CERQUEIRA,285.0,20,305.0,420500,Dionísio Cerqueira,  4 205 001 ,   15 008,15008.0,20.322494669509595
420510 DONA EMMA,43.0,-,43.0,420510,Dona Emma,  4 205 100 ,   4 221,4221.0,10.187159440890783
420515 DOUTOR PEDRINHO,35.0,-,35.0,420515,Doutor Pedrinho,  4 205 159 ,   3 637,3637.0,9.62331591971405
420517 ENTRE RIOS,46.0,-,46.0,420517,Entre Rios,  4 205 175 ,   3 402,3402.0,13.52145796590241
420519 ERMO,35.0,3,38.0,420519,Ermo,  4 205 191 ,   2 269,2269.0,16.747465843984134
420520 ERVAL VELHO,44.0,8,52.0,420520,Erval Velho,  4 205 209 ,   4 885,4885.0,10.644831115660185
420530 FAXINAL DOS GUEDES,122.0,31,153.0,420530,Faxinal dos Guedes,  4 205 308 ,   11 192,11192.0,13.67047891350965
420535 FLOR DO SERTAO,31.0,-,31.0,420535,Flor do Sertão,  4 205 357 ,   1 783,1783.0,17.386427369601794
420540 FLORIANOPOLIS,11366.0,6023,17389.0,420540,Florianópolis,  4 205 407 ,   537 211,537211.0,32.36903190738835
420543 FORMOSA DO SUL,31.0,2,33.0,420543,Formosa do Sul,  4 205 431 ,   2 682,2682.0,12.304250559284117
420545 FORQUILHINHA,283.0,22,305.0,420545,Forquilhinha,  4 205 456 ,   31 431,31431.0,9.703795615793325
420550 FRAIBURGO,403.0,97,500.0,420550,Fraiburgo,  4 205 506 ,   33 481,33481.0,14.933843075176966
420555 FREI ROGERIO,34.0,-,34.0,420555,Frei Rogério,  4 205 555 ,   2 411,2411.0,14.102032351721277
420560 GALVAO,49.0,1,50.0,420560,Galvão,  4 205 605 ,   3 210,3210.0,15.576323987538942
420570 GAROPABA,383.0,36,419.0,420570,Garopaba,  4 205 704 ,   29 959,29959.0,13.985780566774592
420580 GARUVA,196.0,51,247.0,420580,Garuva,  4 205 803 ,   18 545,18545.0,13.318953895928821
420590 GASPAR,638.0,55,693.0,420590,Gaspar,  4 205 902 ,   72 570,72570.0,9.54940057875155
420600 GOVERNADOR CELSO RAMOS,261.0,7,268.0,420600,Governador Celso Ramos,  4 206 009 ,   16 915,16915.0,15.843925509902451
420610 GRAO PARA,71.0,1,72.0,420610,Grão-Pará,  4 206 108 ,   6 277,6277.0,11.470447666082524
420620 GRAVATAL,117.0,10,127.0,420620,Gravatal,  4 206 207 ,   12 435,12435.0,10.213108162444712
420630 GUABIRUBA,130.0,24,154.0,420630,Guabiruba,  4 206 306 ,   24 543,24543.0,6.274701544228497
420640 GUARACIABA,153.0,11,164.0,420640,Guaraciaba,  4 206 405 ,   10 796,10796.0,15.19081141163394
420650 GUARAMIRIM,453.0,60,513.0,420650,Guaramirim,  4 206 504 ,   46 711,46711.0,10.982423840208943
420660 GUARUJA DO SUL,77.0,11,88.0,420660,Guarujá do Sul,  4 206 603 ,   4 829,4829.0,18.223234624145785
420665 GUATAMBU,51.0,4,55.0,420665,Guatambú,  4 206 652 ,   8 425,8425.0,6.528189910979229
420670 HERVAL D'OESTE,200.0,53,253.0,420670,Herval d'Oeste,  4 206 702 ,   21 724,21724.0,11.646105689559933
420675 IBIAM,27.0,1,28.0,420675,Ibiam,  4 206 751 ,   2 008,2008.0,13.944223107569721
420680 IBICARE,33.0,27,60.0,420680,Ibicaré,  4 206 801 ,   3 269,3269.0,18.354236769654328
420690 IBIRAMA,620.0,24,644.0,420690,Ibirama,  4 206 900 ,   19 862,19862.0,32.42372369348505
420700 ICARA,647.0,161,808.0,420700,Içara,  4 207 007 ,   59 035,59035.0,13.686795968493266
420710 ILHOTA,115.0,2,117.0,420710,Ilhota,  4 207 106 ,   17 046,17046.0,6.863780359028511
420720 IMARUI,137.0,11,148.0,420720,Imaruí,  4 207 205 ,   11 881,11881.0,12.45686390034509
420730 IMBITUBA,582.0,145,727.0,420730,Imbituba,  4 207 304 ,   52 579,52579.0,13.826812986173188
420740 IMBUIA,78.0,-,78.0,420740,Imbuia,  4 207 403 ,   5 982,5982.0,13.039117352056168
420750 INDAIAL,692.0,184,876.0,420750,Indaial,  4 207 502 ,   71 549,71549.0,12.243357698919622
420757 IOMERE,48.0,-,48.0,420757,Iomerê,  4 207 577 ,   2 877,2877.0,16.684045881126174
420760 IPIRA,61.0,2,63.0,420760,Ipira,  4 207 601 ,   4 578,4578.0,13.761467889908257
420765 IPORA DO OESTE,153.0,21,174.0,420765,Iporã do Oeste,  4 207 650 ,   9 335,9335.0,18.639528655597214
420768 IPUACU,77.0,-,77.0,420768,Ipuaçu,  4 207 684 ,   7 730,7730.0,9.96119016817594
420770 IPUMIRIM,74.0,6,80.0,420770,Ipumirim,  4 207 700 ,   7 816,7816.0,10.235414534288639
420775 IRACEMINHA,49.0,12,61.0,420775,Iraceminha,  4 207 759 ,   3 986,3986.0,15.30356246864024
420780 IRANI,173.0,9,182.0,420780,Irani,  4 207 809 ,   10 195,10195.0,17.85188818048063
420785 IRATI,37.0,1,38.0,420785,Irati,  4 207 858 ,   2 069,2069.0,18.36636056065732
420790 IRINEOPOLIS,116.0,3,119.0,420790,Irineópolis,  4 207 908 ,   10 285,10285.0,11.570247933884296
420800 ITA,108.0,16,124.0,420800,Itá,  4 208 005 ,   7 067,7067.0,17.546342153671997
420810 ITAIOPOLIS,259.0,154,413.0,420810,Itaiópolis,  4 208 104 ,   22 051,22051.0,18.72930932837513
420820 ITAJAI,4713.0,1948,6661.0,420820,Itajaí,  4 208 203 ,   264 054,264054.0,25.225900762722777
420830 ITAPEMA,633.0,387,1020.0,420830,Itapema,  4 208 302 ,   75 940,75940.0,13.431656570977086
420840 ITAPIRANGA,182.0,18,200.0,420840,Itapiranga,  4 208 401 ,   16 638,16638.0,12.020675561966582
420845 ITAPOA,280.0,30,310.0,420845,Itapoá,  4 208 450 ,   30 750,30750.0,10.08130081300813
420850 ITUPORANGA,454.0,64,518.0,420850,Ituporanga,  4 208 500 ,   26 525,26525.0,19.528746465598495
420860 JABORA,53.0,7,60.0,420860,Jaborá,  4 208 609 ,   4 310,4310.0,13.921113689095128
420870 JACINTO MACHADO,150.0,6,156.0,420870,Jacinto Machado,  4 208 708 ,   10 624,10624.0,14.683734939759036
420880 JAGUARUNA,257.0,142,399.0,420880,Jaguaruna,  4 208 807 ,   20 375,20375.0,19.58282208588957
420890 JARAGUA DO SUL,2903.0,702,3605.0,420890,Jaraguá do Sul,  4 208 906 ,   182 660,182660.0,19.736121756268478
420895 JARDINOPOLIS,35.0,1,36.0,420895,Jardinópolis,  4 208 955 ,   1 776,1776.0,20.27027027027027
420900 JOACABA,1035.0,292,1327.0,420900,Joaçaba,  4 209 003 ,   30 146,30146.0,44.01910701253898
420910 JOINVILLE,7869.0,5843,13712.0,420910,Joinville,  4 209 102 ,   616 317,616317.0,22.248291058010732
420915 JOSE BOITEUX,101.0,-,101.0,420915,José Boiteux,  4 209 151 ,   5 985,5985.0,16.875522138680033
420917 JUPIA,37.0,-,37.0,420917,Jupiá,  4 209 177 ,   2 555,2555.0,14.481409001956948
420920 LACERDOPOLIS,24.0,1,25.0,420920,Lacerdópolis,  4 209 201 ,   2 248,2248.0,11.12099644128114
420930 LAGES,3238.0,567,3805.0,420930,Lages,  4 209 300 ,   164 981,164981.0,23.063261830150136
420940 LAGUNA,562.0,58,620.0,420940,Laguna,  4 209 409 ,   42 785,42785.0,14.491059950917379
420945 LAJEADO GRANDE,26.0,-,26.0,420945,Lajeado Grande,  4 209 458 ,   1 702,1702.0,15.276145710928319
420950 LAURENTINO,54.0,6,60.0,420950,Laurentino,  4 209 508 ,   7 932,7932.0,7.564296520423601
420960 LAURO MULLER,225.0,13,238.0,420960,Lauro Müller,  4 209 607 ,   14 381,14381.0,16.549614074125582
420970 LEBON REGIS,101.0,8,109.0,420970,Lebon Régis,  4 209 706 ,   11 472,11472.0,9.501394700139471
420980 LEOBERTO LEAL,39.0,3,42.0,420980,Leoberto Leal,  4 209 805 ,   3 330,3330.0,12.612612612612612
420985 LINDOIA DO SUL,61.0,4,65.0,420985,Lindóia do Sul,  4 209 854 ,   4 549,4549.0,14.288854693339195
420990 LONTRAS,144.0,5,149.0,420990,Lontras,  4 209 904 ,   12 873,12873.0,11.574613532199177
421000 LUIZ ALVES,141.0,18,159.0,421000,Luiz Alves,  4 210 001 ,   11 684,11684.0,13.60835330366313
421003 LUZERNA,112.0,8,120.0,421003,Luzerna,  4 210 035 ,   5 794,5794.0,20.711080428028993
421005 MACIEIRA,31.0,-,31.0,421005,Macieira,  4 210 050 ,   1 778,1778.0,17.435320584926885
421010 MAFRA,1141.0,118,1259.0,421010,Mafra,  4 210 100 ,   55 286,55286.0,22.772492131823608
421020 MAJOR GERCINO,45.0,-,45.0,421020,Major Gercino,  4 210 209 ,   3 214,3214.0,14.001244555071562
421030 MAJOR VIEIRA,92.0,2,94.0,421030,Major Vieira,  4 210 308 ,   7 425,7425.0,12.65993265993266
421040 MARACAJA,59.0,2,61.0,421040,Maracajá,  4 210 407 ,   7 815,7815.0,7.805502239283429
421050 MARAVILHA,465.0,80,545.0,421050,Maravilha,  4 210 506 ,   28 251,28251.0,19.29135251849492
421055 MAREMA,29.0,-,29.0,421055,Marema,  4 210 555 ,   2 184,2184.0,13.278388278388277
421060 MASSARANDUBA,185.0,54,239.0,421060,Massaranduba,  4 210 605 ,   17 162,17162.0,13.926115837314997
421070 MATOS COSTA,54.0,-,54.0,421070,Matos Costa,  4 210 704 ,   2 761,2761.0,19.558131111915973
421080 MELEIRO,155.0,41,196.0,421080,Meleiro,  4 210 803 ,   7 006,7006.0,27.97602055381102
421085 MIRIM DOCE,25.0,1,26.0,421085,Mirim Doce,  4 210 852 ,   2 511,2511.0,10.354440461967345
421090 MODELO,56.0,2,58.0,421090,Modelo,  4 210 902 ,   4 080,4080.0,14.215686274509803
421100 MONDAI,161.0,16,177.0,421100,Mondaí,  4 211 009 ,   10 066,10066.0,17.583945956685874
421105 MONTE CARLO,82.0,8,90.0,421105,Monte Carlo,  4 211 058 ,   9 117,9117.0,9.871668311944719
421110 MONTE CASTELO,90.0,1,91.0,421110,Monte Castelo,  4 211 108 ,   7 736,7736.0,11.763185108583247
421120 MORRO DA FUMACA,229.0,23,252.0,421120,Morro da Fumaça,  4 211 207 ,   18 537,18537.0,13.594432756109402
421125 MORRO GRANDE,29.0,1,30.0,421125,Morro Grande,  4 211 256 ,   3 010,3010.0,9.966777408637872
421130 NAVEGANTES,499.0,166,665.0,421130,Navegantes,  4 211 306 ,   86 401,86401.0,7.696670177428501
421140 NOVA ERECHIM,74.0,8,82.0,421140,Nova Erechim,  4 211 405 ,   5 155,5155.0,15.906886517943745
421145 NOVA ITABERABA,43.0,3,46.0,421145,Nova Itaberaba,  4 211 454 ,   4 536,4536.0,10.141093474426807
421150 NOVA TRENTO,215.0,14,229.0,421150,Nova Trento,  4 211 504 ,   13 727,13727.0,16.682450644714798
421160 NOVA VENEZA,204.0,26,230.0,421160,Nova Veneza,  4 211 603 ,   13 664,13664.0,16.83255269320843
421165 NOVO HORIZONTE,35.0,-,35.0,421165,Novo Horizonte,  4 211 652 ,   2 643,2643.0,13.242527430949679
421170 ORLEANS,291.0,55,346.0,421170,Orleans,  4 211 702 ,   23 661,23661.0,14.623219644140146
421175 OTACILIO COSTA,215.0,65,280.0,421175,Otacílio Costa,  4 211 751 ,   17 312,17312.0,16.173752310536045
421180 OURO,42.0,13,55.0,421180,Ouro,  4 211 801 ,   7 032,7032.0,7.821387940841865
421185 OURO VERDE,45.0,-,45.0,421185,Ouro Verde,  4 211 850 ,   2 181,2181.0,20.63273727647868
421187 PAIAL,36.0,-,36.0,421187,Paial,  4 211 876 ,   1 927,1927.0,18.68188894654904
421189 PAINEL,36.0,-,36.0,421189,Painel,  4 211 892 ,   2 215,2215.0,16.252821670428894
421190 PALHOCA,1488.0,1127,2615.0,421190,Palhoça,  4 211 900 ,   222 598,222598.0,11.747634749638362
421200 PALMA SOLA,144.0,11,155.0,421200,Palma Sola,  4 212 007 ,   7 605,7605.0,20.381328073635764
421205 PALMEIRA,28.0,1,29.0,421205,Palmeira,  4 212 056 ,   2 561,2561.0,11.323701679031629
421210 PALMITOS,210.0,25,235.0,421210,Palmitos,  4 212 106 ,   15 626,15626.0,15.039037501599896
421220 PAPANDUVA,191.0,6,197.0,421220,Papanduva,  4 212 205 ,   19 150,19150.0,10.287206266318538
421223 PARAISO,52.0,5,57.0,421223,Paraíso,  4 212 239 ,   4 267,4267.0,13.358331380360909
421225 PASSO DE TORRES,89.0,2,91.0,421225,Passo de Torres,  4 212 254 ,   12 897,12897.0,7.055904473908661
421227 PASSOS MAIA,54.0,3,57.0,421227,Passos Maia,  4 212 270 ,   4 034,4034.0,14.12989588497769
421230 PAULO LOPES,87.0,-,87.0,421230,Paulo Lopes,  4 212 304 ,   9 063,9063.0,9.599470374048328
421240 PEDRAS GRANDES,42.0,3,45.0,421240,Pedras Grandes,  4 212 403 ,   4 245,4245.0,10.60070671378092
421250 PENHA,302.0,45,347.0,421250,Penha,  4 212 502 ,   33 663,33663.0,10.308053352345304
421260 PERITIBA,52.0,1,53.0,421260,Peritiba,  4 212 601 ,   2 992,2992.0,17.71390374331551
421265 PESCARIA BRAVA,91.0,1,92.0,421265,Pescaria Brava,  4 212 650 ,   10 190,10190.0,9.028459273797841
421270 PETROLANDIA,71.0,3,74.0,421270,Petrolândia,  4 212 700 ,   6 716,6716.0,11.0184633710542
421280 BALNEARIO PICARRAS,309.0,54,363.0,421280,Balneário Piçarras,  4 212 809 ,   27 127,27127.0,13.381501824750249
421290 PINHALZINHO,266.0,62,328.0,421290,Pinhalzinho,  4 212 908 ,   21 972,21972.0,14.928090296741306
421300 PINHEIRO PRETO,37.0,4,41.0,421300,Pinheiro Preto,  4 213 005 ,   3 473,3473.0,11.805355600345523
421310 PIRATUBA,60.0,6,66.0,421310,Piratuba,  4 213 104 ,   5 769,5769.0,11.440457618304732
421315 PLANALTO ALEGRE,39.0,6,45.0,421315,Planalto Alegre,  4 213 153 ,   2 946,2946.0,15.274949083503055
421320 POMERODE,387.0,79,466.0,421320,Pomerode,  4 213 203 ,   34 289,34289.0,13.590364256758727
421330 PONTE ALTA,48.0,2,50.0,421330,Ponte Alta,  4 213 302 ,   4 437,4437.0,11.268875366238449
421335 PONTE ALTA DO NORTE,29.0,-,29.0,421335,Ponte Alta do Norte,  4 213 351 ,   3 210,3210.0,9.034267912772584
421340 PONTE SERRADA,142.0,16,158.0,421340,Ponte Serrada,  4 213 401 ,   10 649,10649.0,14.837073903652925
421350 PORTO BELO,300.0,25,325.0,421350,Porto Belo,  4 213 500 ,   27 688,27688.0,11.737937012424155
421360 PORTO UNIAO,498.0,114,612.0,421360,Porto União,  4 213 609 ,   32 970,32970.0,18.56232939035487
421370 POUSO REDONDO,156.0,26,182.0,421370,Pouso Redondo,  4 213 708 ,   17 123,17123.0,10.628978566839923
421380 PRAIA GRANDE,172.0,16,188.0,421380,Praia Grande,  4 213 807 ,   8 270,8270.0,22.732769044740024
421390 PRESIDENTE CASTELLO BRANCO,20.0,4,24.0,421390,Presidente Castello Branco,  4 213 906 ,   1 689,1689.0,14.209591474245116
421400 PRESIDENTE GETULIO,172.0,43,215.0,421400,Presidente Getúlio,  4 214 003 ,   20 010,20010.0,10.744627686156921
421410 PRESIDENTE NEREU,21.0,-,21.0,421410,Presidente Nereu,  4 214 102 ,   2 301,2301.0,9.126466753585397
421415 PRINCESA,41.0,-,41.0,421415,Princesa,  4 214 151 ,   2 964,2964.0,13.832658569500675
421420 QUILOMBO,135.0,25,160.0,421420,Quilombo,  4 214 201 ,   11 022,11022.0,14.516421702050446
421430 RANCHO QUEIMADO,58.0,4,62.0,421430,Rancho Queimado,  4 214 300 ,   3 279,3279.0,18.908203720646537
421440 RIO DAS ANTAS,69.0,4,73.0,421440,Rio das Antas,  4 214 409 ,   6 253,6253.0,11.674396289780907
421450 RIO DO CAMPO,75.0,5,80.0,421450,Rio do Campo,  4 214 508 ,   6 452,6452.0,12.399256044637323
421460 RIO DO OESTE,39.0,6,45.0,421460,Rio do Oeste,  4 214 607 ,   7 747,7747.0,5.808700141990448
421470 RIO DOS CEDROS,94.0,18,112.0,421470,Rio dos Cedros,  4 214 706 ,   10 865,10865.0,10.308329498389325
421480 RIO DO SUL,1294.0,284,1578.0,421480,Rio do Sul,  4 214 805 ,   72 587,72587.0,21.739429925468748
421490 RIO FORTUNA,75.0,2,77.0,421490,Rio Fortuna,  4 214 904 ,   4 847,4847.0,15.886115122756342
421500 RIO NEGRINHO,403.0,104,507.0,421500,Rio Negrinho,  4 215 000 ,   39 261,39261.0,12.913578360204783
421505 RIO RUFINO,31.0,7,38.0,421505,Rio Rufino,  4 215 059 ,   2 397,2397.0,15.853149770546516
421507 RIQUEZA,48.0,3,51.0,421507,Riqueza,  4 215 075 ,   4 768,4768.0,10.696308724832216
421510 RODEIO,89.0,18,107.0,421510,Rodeio,  4 215 109 ,   12 757,12757.0,8.387551932272478
421520 ROMELANDIA,51.0,1,52.0,421520,Romelândia,  4 215 208 ,   4 823,4823.0,10.781671159029651
421530 SALETE,96.0,5,101.0,421530,Salete,  4 215 307 ,   7 489,7489.0,13.486446788623313
421535 SALTINHO,32.0,-,32.0,421535,Saltinho,  4 215 356 ,   3 632,3632.0,8.81057268722467
421540 SALTO VELOSO,55.0,6,61.0,421540,Salto Veloso,  4 215 406 ,   4 390,4390.0,13.895216400911162
421545 SANGAO,107.0,-,107.0,421545,Sangão,  4 215 455 ,   12 882,12882.0,8.306163639186462
421550 SANTA CECILIA,152.0,28,180.0,421550,Santa Cecília,  4 215 505 ,   15 546,15546.0,11.578541103820918
421555 SANTA HELENA,32.0,-,32.0,421555,Santa Helena,  4 215 554 ,   2 425,2425.0,13.195876288659795
421560 SANTA ROSA DE LIMA,34.0,-,34.0,421560,Santa Rosa de Lima,  4 215 604 ,   2 088,2088.0,16.28352490421456
421565 SANTA ROSA DO SUL,100.0,3,103.0,421565,Santa Rosa do Sul,  4 215 653 ,   9 792,9792.0,10.518790849673204
421567 SANTA TEREZINHA,61.0,1,62.0,421567,Santa Terezinha,  4 215 679 ,   8 066,8066.0,7.686585668237045
421568 SANTA TEREZINHA DO PROGRESSO,38.0,-,38.0,421568,Santa Terezinha do Progresso,  4 215 687 ,   2 576,2576.0,14.751552795031056
421569 SANTIAGO DO SUL,28.0,1,29.0,421569,Santiago do Sul,  4 215 695 ,   1 651,1651.0,17.565112053301032
421570 SANTO AMARO DA IMPERATRIZ,449.0,88,537.0,421570,Santo Amaro da Imperatriz,  4 215 703 ,   27 272,27272.0,19.69052508066882
421575 SAO BERNARDINO,38.0,-,38.0,421575,São Bernardino,  4 215 752 ,   2 684,2684.0,14.157973174366617
421580 SAO BENTO DO SUL,818.0,306,1124.0,421580,São Bento do Sul,  4 215 802 ,   83 277,83277.0,13.497124055861763
421590 SAO BONIFACIO,57.0,6,63.0,421590,São Bonifácio,  4 215 901 ,   2 946,2946.0,21.384928716904277
421600 SAO CARLOS,152.0,11,163.0,421600,São Carlos,  4 216 008 ,   10 282,10282.0,15.852946897490762
421605 SAO CRISTOVAO DO SUL,41.0,-,41.0,421605,São Cristóvão do Sul,  4 216 057 ,   6 084,6084.0,6.738987508218277
421610 SAO DOMINGOS,85.0,28,113.0,421610,São Domingos,  4 216 107 ,   9 226,9226.0,12.247994797311943
421620 SAO FRANCISCO DO SUL,532.0,87,619.0,421620,São Francisco do Sul,  4 216 206 ,   52 674,52674.0,11.751528268215818
421625 SAO JOAO DO OESTE,82.0,3,85.0,421625,São João do Oeste,  4 216 255 ,   6 295,6295.0,13.502779984114376
421630 SAO JOAO BATISTA,278.0,45,323.0,421630,São João Batista,  4 216 305 ,   32 687,32687.0,9.881604307522869
421635 SAO JOAO DO ITAPERIU,63.0,32,95.0,421635,São João do Itaperiú,  4 216 354 ,   4 463,4463.0,21.2861304055568
421640 SAO JOAO DO SUL,74.0,3,77.0,421640,São João do Sul,  4 216 404 ,   8 668,8668.0,8.883248730964468
421650 SAO JOAQUIM,305.0,60,365.0,421650,São Joaquim,  4 216 503 ,   25 939,25939.0,14.071475384556074
421660 SAO JOSE,3727.0,880,4607.0,421660,São José,  4 216 602 ,   270 299,270299.0,17.044088213422913
421670 SAO JOSE DO CEDRO,182.0,19,201.0,421670,São José do Cedro,  4 216 701 ,   14 167,14167.0,14.18790146114209
421680 SAO JOSE DO CERRITO,75.0,1,76.0,421680,São José do Cerrito,  4 216 800 ,   8 708,8708.0,8.727606798346349
421690 SAO LOURENCO DO OESTE,288.0,84,372.0,421690,São Lourenço do Oeste,  4 216 909 ,   24 791,24791.0,15.005445524585536
421700 SAO LUDGERO,112.0,1,113.0,421700,São Ludgero,  4 217 006 ,   13 509,13509.0,8.364793841142943
421710 SAO MARTINHO,54.0,-,54.0,421710,São Martinho,  4 217 105 ,   3 405,3405.0,15.859030837004406
421715 SAO MIGUEL DA BOA VISTA,27.0,-,27.0,421715,São Miguel da Boa Vista,  4 217 154 ,   1 781,1781.0,15.16002245929253
421720 SAO MIGUEL DO OESTE,783.0,256,1039.0,421720,São Miguel do Oeste,  4 217 204 ,   44 330,44330.0,23.437852470110535
421725 SAO PEDRO DE ALCANTARA,226.0,-,226.0,421725,São Pedro de Alcântara,  4 217 253 ,   5 776,5776.0,39.12742382271468
421730 SAUDADES,90.0,20,110.0,421730,Saudades,  4 217 303 ,   10 265,10265.0,10.71602532878714
421740 SCHROEDER,126.0,14,140.0,421740,Schroeder,  4 217 402 ,   20 061,20061.0,6.9787149194955385
421750 SEARA,222.0,45,267.0,421750,Seara,  4 217 501 ,   18 620,18620.0,14.339419978517723
421755 SERRA ALTA,33.0,2,35.0,421755,Serra Alta,  4 217 550 ,   3 303,3303.0,10.59642749016046
421760 SIDEROPOLIS,155.0,9,164.0,421760,Siderópolis,  4 217 600 ,   13 714,13714.0,11.958582470468135
421770 SOMBRIO,361.0,60,421.0,421770,Sombrio,  4 217 709 ,   29 991,29991.0,14.037544596712348
421775 SUL BRASIL,30.0,3,33.0,421775,Sul Brasil,  4 217 758 ,   2 832,2832.0,11.652542372881356
421780 TAIO,185.0,31,216.0,421780,Taió,  4 217 808 ,   18 310,18310.0,11.796832332058985
421790 TANGARA,133.0,2,135.0,421790,Tangará,  4 217 907 ,   8 143,8143.0,16.578656514797988
421795 TIGRINHOS,36.0,-,36.0,421795,Tigrinhos,  4 217 956 ,   2 329,2329.0,15.457277801631601
421800 TIJUCAS,548.0,83,631.0,421800,Tijucas,  4 218 004 ,   51 592,51592.0,12.23057838424562
421810 TIMBE DO SUL,96.0,2,98.0,421810,Timbé do Sul,  4 218 103 ,   5 386,5386.0,18.1953212031192
421820 TIMBO,521.0,106,627.0,421820,Timbó,  4 218 202 ,   46 099,46099.0,13.601162715026355
421825 TIMBO GRANDE,48.0,-,48.0,421825,Timbó Grande,  4 218 251 ,   7 342,7342.0,6.537728139471533
421830 TRES BARRAS,314.0,5,319.0,421830,Três Barras,  4 218 301 ,   19 746,19746.0,16.15517066747696
421835 TREVISO,62.0,6,68.0,421835,Treviso,  4 218 350 ,   3 782,3782.0,17.979904812268643
421840 TREZE DE MAIO,102.0,4,106.0,421840,Treze de Maio,  4 218 400 ,   7 362,7362.0,14.398261342026624
421850 TREZE TILIAS,75.0,30,105.0,421850,Treze Tílias,  4 218 509 ,   8 787,8787.0,11.949470809149881
421860 TROMBUDO CENTRAL,124.0,7,131.0,421860,Trombudo Central,  4 218 608 ,   7 274,7274.0,18.009348364036292
421870 TUBARAO,1710.0,718,2428.0,421870,Tubarão,  4 218 707 ,   110 088,110088.0,22.055083206162344
421875 TUNAPOLIS,86.0,18,104.0,421875,Tunápolis,  4 218 756 ,   4 916,4916.0,21.15541090317331
421880 TURVO,128.0,21,149.0,421880,Turvo,  4 218 806 ,   13 043,13043.0,11.423752204247489
421885 UNIAO DO OESTE,26.0,-,26.0,421885,União do Oeste,  4 218 855 ,   2 774,2774.0,9.372746935832732
421890 URUBICI,131.0,8,139.0,421890,Urubici,  4 218 905 ,   10 834,10834.0,12.82997969355732
421895 URUPEMA,32.0,-,32.0,421895,Urupema,  4 218 954 ,   2 656,2656.0,12.048192771084338
421900 URUSSANGA,260.0,35,295.0,421900,Urussanga,  4 219 002 ,   20 919,20919.0,14.102012524499258
421910 VARGEAO,59.0,3,62.0,421910,Vargeão,  4 219 101 ,   3 634,3634.0,17.0610897083104
421915 VARGEM,29.0,1,30.0,421915,Vargem,  4 219 150 ,   2 627,2627.0,11.419870574800152
421917 VARGEM BONITA,44.0,1,45.0,421917,Vargem Bonita,  4 219 176 ,   4 576,4576.0,9.833916083916083
421920 VIDAL RAMOS,88.0,6,94.0,421920,Vidal Ramos,  4 219 200 ,   6 189,6189.0,15.188237195023428
421930 VIDEIRA,707.0,291,998.0,421930,Videira,  4 219 309 ,   55 466,55466.0,17.993004723614465
421935 VITOR MEIRELES,52.0,5,57.0,421935,Vitor Meireles,  4 219 358 ,   5 370,5370.0,10.614525139664803
421940 WITMARSUM,69.0,3,72.0,421940,Witmarsum,  4 219 408 ,   4 255,4255.0,16.92126909518214
421950 XANXERE,957.0,169,1126.0,421950,Xanxerê,  4 219 507 ,   51 607,51607.0,21.818745519018737
421960 XAVANTINA,51.0,2,53.0,421960,Xavantina,  4 219 606 ,   3 653,3653.0,14.508623049548317
421970 XAXIM,321.0,73,394.0,421970,Xaxim,  4 219 705 ,   31 918,31918.0,12.34413183783445
421985 ZORTEA,26.0,2,28.0,421985,Zortéa,  4 219 853 ,   3 930,3930.0,7.12468193384224
422000 BALNEARIO RINCAO,74.0,30,104.0,422000,Balneário Rincão,  4 220 000 ,   15 981,15981.0,6.50772792691321
430003 ACEGUA,84.0,-,84.0,430003,Aceguá,  4 300 034 ,   4 170,4170.0,20.14388489208633
430005 AGUA SANTA,53.0,5,58.0,430005,Água Santa,  4 300 059 ,   3 912,3912.0,14.826175869120654
430010 AGUDO,160.0,30,190.0,430010,Agudo,  4 300 109 ,   16 041,16041.0,11.844648089271242
430020 AJURICABA,143.0,4,147.0,430020,Ajuricaba,  4 300 208 ,   6 720,6720.0,21.875
430030 ALECRIM,137.0,4,141.0,430030,Alecrim,  4 300 307 ,   6 123,6123.0,23.027927486526213
430040 ALEGRETE,1076.0,132,1208.0,430040,Alegrete,  4 300 406 ,   72 409,72409.0,16.68300901821597
430045 ALEGRIA,68.0,2,70.0,430045,Alegria,  4 300 455 ,   3 651,3651.0,19.172829361818682
430047 ALMIRANTE TAMANDARE DO SUL,40.0,1,41.0,430047,Almirante Tamandaré do Sul,  4 300 471 ,   1 969,1969.0,20.822752666328086
430050 ALPESTRE,89.0,9,98.0,430050,Alpestre,  4 300 505 ,   7 117,7117.0,13.769846845581004
430055 ALTO ALEGRE,31.0,4,35.0,430055,Alto Alegre,  4 300 554 ,   1 800,1800.0,19.444444444444446
430057 ALTO FELIZ,59.0,1,60.0,430057,Alto Feliz,  4 300 570 ,   3 072,3072.0,19.53125
430060 ALVORADA,1320.0,187,1507.0,430060,Alvorada,  4 300 604 ,   187 315,187315.0,8.045271334383258
430063 AMARAL FERRADOR,75.0,1,76.0,430063,Amaral Ferrador,  4 300 638 ,   5 310,5310.0,14.312617702448211
430064 AMETISTA DO SUL,103.0,3,106.0,430064,Ametista do Sul,  4 300 646 ,   7 650,7650.0,13.856209150326798
430066 ANDRE DA ROCHA,30.0,1,31.0,430066,André da Rocha,  4 300 661 ,   1 135,1135.0,27.312775330396477
430070 ANTA GORDA,81.0,14,95.0,430070,Anta Gorda,  4 300 703 ,   5 957,5957.0,15.947624643276818
430080 ANTONIO PRADO,207.0,52,259.0,430080,Antônio Prado,  4 300 802 ,   13 045,13045.0,19.854350325795323
430085 ARAMBARE,56.0,6,62.0,430085,Arambaré,  4 300 851 ,   4 112,4112.0,15.077821011673151
430087 ARARICA,117.0,-,117.0,430087,Araricá,  4 300 877 ,   8 525,8525.0,13.72434017595308
430090 ARATIBA,106.0,23,129.0,430090,Aratiba,  4 300 901 ,   6 483,6483.0,19.89819527996298
430100 ARROIO DO MEIO,397.0,23,420.0,430100,Arroio do Meio,  4 301 008 ,   21 958,21958.0,19.127425084251755
430105 ARROIO DO SAL,173.0,6,179.0,430105,Arroio do Sal,  4 301 057 ,   11 057,11057.0,16.188839649091072
430107 ARROIO DO PADRE,68.0,-,68.0,430107,Arroio do Padre,  4 301 073 ,   2 599,2599.0,26.163909195844553
430110 ARROIO DOS RATOS,118.0,37,155.0,430110,Arroio dos Ratos,  4 301 107 ,   14 601,14601.0,10.615711252653927
430120 ARROIO DO TIGRE,196.0,18,214.0,430120,Arroio do Tigre,  4 301 206 ,   12 058,12058.0,17.747553491457953
430130 ARROIO GRANDE,201.0,14,215.0,430130,Arroio Grande,  4 301 305 ,   17 558,17558.0,12.245130424877548
430140 ARVOREZINHA,136.0,10,146.0,430140,Arvorezinha,  4 301 404 ,   10 322,10322.0,14.144545630691725
430150 AUGUSTO PESTANA,118.0,10,128.0,430150,Augusto Pestana,  4 301 503 ,   7 149,7149.0,17.90460204224367
430155 AUREA,42.0,4,46.0,430155,Áurea,  4 301 552 ,   3 396,3396.0,13.545347467608952
430160 BAGE,1496.0,236,1732.0,430160,Bagé,  4 301 602 ,   117 938,117938.0,14.685682307653174
430163 BALNEARIO PINHAL,316.0,22,338.0,430163,Balneário Pinhal,  4 301 636 ,   14 955,14955.0,22.601136743564023
430165 BARAO,97.0,1,98.0,430165,Barão,  4 301 651 ,   6 461,6461.0,15.167930660888407
430170 BARAO DE COTEGIPE,57.0,7,64.0,430170,Barão de Cotegipe,  4 301 701 ,   7 144,7144.0,8.958566629339305
430175 BARAO DO TRIUNFO,39.0,1,40.0,430175,Barão do Triunfo,  4 301 750 ,   5 889,5889.0,6.792324673119375
430180 BARRACAO,60.0,7,67.0,430180,Barracão,  4 301 800 ,   4 831,4831.0,13.868764231008072
430185 BARRA DO GUARITA,47.0,-,47.0,430185,Barra do Guarita,  4 301 859 ,   3 161,3161.0,14.868712432774439
430187 BARRA DO QUARAI,48.0,-,48.0,430187,Barra do Quaraí,  4 301 875 ,   4 241,4241.0,11.31808535722707
430190 BARRA DO RIBEIRO,144.0,9,153.0,430190,Barra do Ribeiro,  4 301 909 ,   12 225,12225.0,12.515337423312882
430192 BARRA DO RIO AZUL,28.0,-,28.0,430192,Barra do Rio Azul,  4 301 925 ,   1 696,1696.0,16.50943396226415
430195 BARRA FUNDA,42.0,1,43.0,430195,Barra Funda,  4 301 958 ,   2 498,2498.0,17.21377101681345
430200 BARROS CASSAL,122.0,21,143.0,430200,Barros Cassal,  4 302 006 ,   9 296,9296.0,15.382960413080895
430205 BENJAMIN CONSTANT DO SUL,56.0,-,56.0,430205,Benjamin Constant do Sul,  4 302 055 ,   2 082,2082.0,26.89721421709894
430210 BENTO GONCALVES,1665.0,384,2049.0,430210,Bento Gonçalves,  4 302 105 ,   123 151,123151.0,16.638110936979803
430215 BOA VISTA DAS MISSOES,43.0,-,43.0,430215,Boa Vista das Missões,  4 302 154 ,   1 933,1933.0,22.24521469218831
430220 BOA VISTA DO BURICA,112.0,26,138.0,430220,Boa Vista do Buricá,  4 302 204 ,   6 966,6966.0,19.810508182601207
430222 BOA VISTA DO CADEADO,59.0,1,60.0,430222,Boa Vista do Cadeado,  4 302 220 ,   2 229,2229.0,26.917900403768506
430223 BOA VISTA DO INCRA,31.0,-,31.0,430223,Boa Vista do Incra,  4 302 238 ,   2 271,2271.0,13.650374284456186
430225 BOA VISTA DO SUL,20.0,-,20.0,430225,Boa Vista do Sul,  4 302 253 ,   2 779,2779.0,7.196833393306945
430230 BOM JESUS,130.0,21,151.0,430230,Bom Jesus,  4 302 303 ,   11 202,11202.0,13.479735761471165
430235 BOM PRINCIPIO,149.0,21,170.0,430235,Bom Princípio,  4 302 352 ,   13 142,13142.0,12.935626236493684
430237 BOM PROGRESSO,37.0,-,37.0,430237,Bom Progresso,  4 302 378 ,   2 096,2096.0,17.652671755725194
430240 BOM RETIRO DO SUL,168.0,14,182.0,430240,Bom Retiro do Sul,  4 302 402 ,   12 294,12294.0,14.803969415975272
430245 BOQUEIRAO DO LEAO,90.0,8,98.0,430245,Boqueirão do Leão,  4 302 451 ,   6 247,6247.0,15.687530014406915
430250 BOSSOROCA,71.0,4,75.0,430250,Bossoroca,  4 302 501 ,   5 890,5890.0,12.733446519524618
430258 BOZANO,33.0,7,40.0,430258,Bozano,  4 302 584 ,   2 151,2151.0,18.596001859600186
430260 BRAGA,47.0,1,48.0,430260,Braga,  4 302 600 ,   3 268,3268.0,14.687882496940025
430265 BROCHIER,64.0,8,72.0,430265,Brochier,  4 302 659 ,   4 966,4966.0,14.49859041482078
430270 BUTIA,221.0,13,234.0,430270,Butiá,  4 302 709 ,   19 084,19084.0,12.26158038147139
430280 CACAPAVA DO SUL,300.0,39,339.0,430280,Caçapava do Sul,  4 302 808 ,   32 515,32515.0,10.42595725049977
430290 CACEQUI,181.0,11,192.0,430290,Cacequi,  4 302 907 ,   11 157,11157.0,17.20892713094918
430300 CACHOEIRA DO SUL,1620.0,198,1818.0,430300,Cachoeira do Sul,  4 303 004 ,   80 070,80070.0,22.70513300861746
430310 CACHOEIRINHA,1113.0,430,1543.0,430310,Cachoeirinha,  4 303 103 ,   136 258,136258.0,11.324105740580368
430320 CACIQUE DOBLE,88.0,4,92.0,430320,Cacique Doble,  4 303 202 ,   4 603,4603.0,19.98696502281121
430330 CAIBATE,74.0,6,80.0,430330,Caibaté,  4 303 301 ,   4 704,4704.0,17.006802721088437
430340 CAICARA,72.0,8,80.0,430340,Caiçara,  4 303 400 ,   4 836,4836.0,16.542597187758478
430350 CAMAQUA,915.0,176,1091.0,430350,Camaquã,  4 303 509 ,   62 200,62200.0,17.540192926045016
430355 CAMARGO,45.0,1,46.0,430355,Camargo,  4 303 558 ,   2 981,2981.0,15.431063401543106
430360 CAMBARA DO SUL,132.0,-,132.0,430360,Cambará do Sul,  4 303 608 ,   6 361,6361.0,20.751454173872034
430367 CAMPESTRE DA SERRA,36.0,1,37.0,430367,Campestre da Serra,  4 303 673 ,   3 242,3242.0,11.412708204811846
430370 CAMPINA DAS MISSOES,129.0,20,149.0,430370,Campina das Missões,  4 303 707 ,   5 882,5882.0,25.33151989119347
430380 CAMPINAS DO SUL,79.0,1,80.0,430380,Campinas do Sul,  4 303 806 ,   5 284,5284.0,15.14004542013626
430390 CAMPO BOM,825.0,202,1027.0,430390,Campo Bom,  4 303 905 ,   62 886,62886.0,16.33113888623859
430400 CAMPO NOVO,86.0,6,92.0,430400,Campo Novo,  4 304 002 ,   4 975,4975.0,18.492462311557787
430410 CAMPOS BORGES,57.0,3,60.0,430410,Campos Borges,  4 304 101 ,   3 613,3613.0,16.606698034874064
430420 CANDELARIA,306.0,77,383.0,430420,Candelária,  4 304 200 ,   28 906,28906.0,13.249844322977928
430430 CANDIDO GODOI,116.0,5,121.0,430430,Cândido Godói,  4 304 309 ,   6 294,6294.0,19.22465840483
430435 CANDIOTA,103.0,12,115.0,430435,Candiota,  4 304 358 ,   10 710,10710.0,10.737628384687207
430440 CANELA,488.0,135,623.0,430440,Canela,  4 304 408 ,   48 946,48946.0,12.728312834552364
430450 CANGUCU,436.0,33,469.0,430450,Canguçu,  4 304 507 ,   49 680,49680.0,9.440418679549113
430460 CANOAS,5663.0,1368,7031.0,430460,Canoas,  4 304 606 ,   347 657,347657.0,20.22395637079075
430461 CANUDOS DO VALE,33.0,1,34.0,430461,Canudos do Vale,  4 304 614 ,   1 656,1656.0,20.531400966183575
430462 CAPAO BONITO DO SUL,34.0,-,34.0,430462,Capão Bonito do Sul,  4 304 622 ,   1 733,1733.0,19.619157530294284
430463 CAPAO DA CANOA,993.0,120,1113.0,430463,Capão da Canoa,  4 304 630 ,   63 594,63594.0,17.5016510991603
430465 CAPAO DO CIPO,47.0,-,47.0,430465,Capão do Cipó,  4 304 655 ,   3 119,3119.0,15.068932350112215
430466 CAPAO DO LEAO,193.0,9,202.0,430466,Capão do Leão,  4 304 663 ,   26 487,26487.0,7.626382753803753
430467 CAPIVARI DO SUL,64.0,9,73.0,430467,Capivari do Sul,  4 304 671 ,   3 991,3991.0,18.291155098972688
430468 CAPELA DE SANTANA,132.0,7,139.0,430468,Capela de Santana,  4 304 689 ,   11 159,11159.0,12.456313289721301
430469 CAPITAO,33.0,1,34.0,430469,Capitão,  4 304 697 ,   2 921,2921.0,11.639849366655255
430470 CARAZINHO,1137.0,209,1346.0,430470,Carazinho,  4 304 705 ,   61 804,61804.0,21.778525661769464
430471 CARAA,72.0,-,72.0,430471,Caraá,  4 304 713 ,   7 394,7394.0,9.737625101433595
430480 CARLOS BARBOSA,351.0,63,414.0,430480,Carlos Barbosa,  4 304 804 ,   30 420,30420.0,13.609467455621301
430485 CARLOS GOMES,28.0,-,28.0,430485,Carlos Gomes,  4 304 853 ,   1 368,1368.0,20.46783625730994
430490 CASCA,135.0,32,167.0,430490,Casca,  4 304 903 ,   9 465,9465.0,17.64395139989435
430495 CASEIROS,45.0,-,45.0,430495,Caseiros,  4 304 952 ,   3 000,3000.0,15.0
430500 CATUIPE,93.0,13,106.0,430500,Catuípe,  4 305 009 ,   8 674,8674.0,12.220428867881024
430510 CAXIAS DO SUL,6049.0,3291,9340.0,430510,Caxias do Sul,  4 305 108 ,   463 501,463501.0,20.150981335531096
430511 CENTENARIO,30.0,1,31.0,430511,Centenário,  4 305 116 ,   2 721,2721.0,11.392870268283719
430512 CERRITO,44.0,-,44.0,430512,Cerrito,  4 305 124 ,   5 808,5808.0,7.575757575757576
430513 CERRO BRANCO,63.0,2,65.0,430513,Cerro Branco,  4 305 132 ,   3 802,3802.0,17.096265123619148
430515 CERRO GRANDE,57.0,1,58.0,430515,Cerro Grande,  4 305 157 ,   2 379,2379.0,24.37999159310635
430517 CERRO GRANDE DO SUL,97.0,3,100.0,430517,Cerro Grande do Sul,  4 305 173 ,   9 178,9178.0,10.895619960775768
430520 CERRO LARGO,163.0,43,206.0,430520,Cerro Largo,  4 305 207 ,   13 705,13705.0,15.031010580080263
430530 CHAPADA,134.0,9,143.0,430530,Chapada,  4 305 306 ,   9 540,9540.0,14.9895178197065
430535 CHARQUEADAS,503.0,116,619.0,430535,Charqueadas,  4 305 355 ,   35 012,35012.0,17.67965269050611
430537 CHARRUA,39.0,3,42.0,430537,Charrua,  4 305 371 ,   2 768,2768.0,15.173410404624278
430540 CHIAPETTA,106.0,1,107.0,430540,Chiapetta,  4 305 405 ,   3 913,3913.0,27.34474827498083
430543 CHUI,72.0,2,74.0,430543,Chuí,  4 305 439 ,   6 262,6262.0,11.8173107633344
430544 CHUVISCA,41.0,5,46.0,430544,Chuvisca,  4 305 447 ,   4 597,4597.0,10.00652599521427
430545 CIDREIRA,117.0,6,123.0,430545,Cidreira,  4 305 454 ,   17 071,17071.0,7.205201804229395
430550 CIRIACO,70.0,6,76.0,430550,Ciríaco,  4 305 504 ,   4 149,4149.0,18.3176669076886
430558 COLINAS,41.0,1,42.0,430558,Colinas,  4 305 587 ,   2 423,2423.0,17.333883615352867
430560 COLORADO,66.0,1,67.0,430560,Colorado,  4 305 603 ,   3 258,3258.0,20.56476365868631
430570 CONDOR,81.0,2,83.0,430570,Condor,  4 305 702 ,   6 406,6406.0,12.956603184514517
430580 CONSTANTINA,135.0,9,144.0,430580,Constantina,  4 305 801 ,   10 385,10385.0,13.866153105440539
430583 COQUEIRO BAIXO,26.0,-,26.0,430583,Coqueiro Baixo,  4 305 835 ,   1 290,1290.0,20.155038759689923
430585 COQUEIROS DO SUL,39.0,-,39.0,430585,Coqueiros do Sul,  4 305 850 ,   2 211,2211.0,17.639077340569877
430587 CORONEL BARROS,47.0,-,47.0,430587,Coronel Barros,  4 305 871 ,   2 822,2822.0,16.654854712969524
430590 CORONEL BICACO,108.0,6,114.0,430590,Coronel Bicaco,  4 305 900 ,   6 144,6144.0,18.5546875
430593 CORONEL PILAR,15.0,-,15.0,430593,Coronel Pilar,  4 305 934 ,   1 607,1607.0,9.334163036714374
430595 COTIPORA,39.0,3,42.0,430595,Cotiporã,  4 305 959 ,   3 846,3846.0,10.9204368174727
430597 COXILHA,71.0,-,71.0,430597,Coxilha,  4 305 975 ,   2 667,2667.0,26.62167229096363
430600 CRISSIUMAL,235.0,13,248.0,430600,Crissiumal,  4 306 007 ,   12 886,12886.0,19.245693000155207
430605 CRISTAL,87.0,9,96.0,430605,Cristal,  4 306 056 ,   7 299,7299.0,13.152486642005753
430607 CRISTAL DO SUL,48.0,2,50.0,430607,Cristal do Sul,  4 306 072 ,   2 692,2692.0,18.573551263001487
430610 CRUZ ALTA,837.0,447,1284.0,430610,Cruz Alta,  4 306 106 ,   58 913,58913.0,21.794850033099657
430613 CRUZALTENSE,33.0,-,33.0,430613,Cruzaltense,  4 306 130 ,   1 635,1635.0,20.18348623853211
430620 CRUZEIRO DO SUL,126.0,17,143.0,430620,Cruzeiro do Sul,  4 306 205 ,   11 600,11600.0,12.327586206896552
430630 DAVID CANABARRO,112.0,3,115.0,430630,David Canabarro,  4 306 304 ,   4 321,4321.0,26.61420967368665
430632 DERRUBADAS,45.0,-,45.0,430632,Derrubadas,  4 306 320 ,   2 751,2751.0,16.357688113413307
430635 DEZESSEIS DE NOVEMBRO,30.0,1,31.0,430635,Dezesseis de Novembro,  4 306 353 ,   2 507,2507.0,12.365376944555246
430637 DILERMANDO DE AGUIAR,37.0,-,37.0,430637,Dilermando de Aguiar,  4 306 379 ,   2 806,2806.0,13.186029935851748
430640 DOIS IRMAOS,400.0,133,533.0,430640,Dois Irmãos,  4 306 403 ,   30 709,30709.0,17.356475300400533
430642 DOIS IRMAOS DAS MISSOES,28.0,-,28.0,430642,Dois Irmãos das Missões,  4 306 429 ,   2 090,2090.0,13.397129186602871
430645 DOIS LAJEADOS,51.0,8,59.0,430645,Dois Lajeados,  4 306 452 ,   3 097,3097.0,19.050694220213106
430650 DOM FELICIANO,165.0,32,197.0,430650,Dom Feliciano,  4 306 502 ,   13 051,13051.0,15.09462876407938
430655 DOM PEDRO DE ALCANTARA,47.0,-,47.0,430655,Dom Pedro de Alcântara,  4 306 551 ,   2 562,2562.0,18.34504293520687
430660 DOM PEDRITO,422.0,72,494.0,430660,Dom Pedrito,  4 306 601 ,   36 981,36981.0,13.358210973202455
430670 DONA FRANCISCA,51.0,-,51.0,430670,Dona Francisca,  4 306 700 ,   3 079,3079.0,16.563819421890223
430673 DOUTOR MAURICIO CARDOSO,49.0,9,58.0,430673,Doutor Maurício Cardoso,  4 306 734 ,   4 470,4470.0,12.975391498881432
430675 DOUTOR RICARDO,32.0,3,35.0,430675,Doutor Ricardo,  4 306 759 ,   1 888,1888.0,18.53813559322034
430676 ELDORADO DO SUL,272.0,26,298.0,430676,Eldorado do Sul,  4 306 767 ,   39 559,39559.0,7.533051897166258
430680 ENCANTADO,483.0,123,606.0,430680,Encantado,  4 306 809 ,   22 962,22962.0,26.39142931800366
430690 ENCRUZILHADA DO SUL,260.0,29,289.0,430690,Encruzilhada do Sul,  4 306 908 ,   23 819,23819.0,12.13317099794282
430692 ENGENHO VELHO,25.0,-,25.0,430692,Engenho Velho,  4 306 924 ,   1 296,1296.0,19.290123456790123
430693 ENTRE-IJUIS,86.0,4,90.0,430693,Entre-Ijuís,  4 306 932 ,   9 158,9158.0,9.827473247433938
430695 ENTRE RIOS DO SUL,52.0,6,58.0,430695,Entre Rios do Sul,  4 306 957 ,   2 685,2685.0,21.60148975791434
430697 EREBANGO,47.0,-,47.0,430697,Erebango,  4 306 973 ,   3 054,3054.0,15.38965291421087
430700 ERECHIM,1233.0,1009,2242.0,430700,Erechim,  4 307 005 ,   105 705,105705.0,21.209971146114185
430705 ERNESTINA,44.0,-,44.0,430705,Ernestina,  4 307 054 ,   3 034,3034.0,14.502307185234015
430710 HERVAL,82.0,7,89.0,430710,Herval,  4 307 104 ,   6 191,6191.0,14.375706670973996
430720 ERVAL GRANDE,66.0,-,66.0,430720,Erval Grande,  4 307 203 ,   4 930,4930.0,13.387423935091277
430730 ERVAL SECO,79.0,-,79.0,430730,Erval Seco,  4 307 302 ,   6 787,6787.0,11.639899808457345
430740 ESMERALDA,42.0,1,43.0,430740,Esmeralda,  4 307 401 ,   3 195,3195.0,13.458528951486697
430745 ESPERANCA DO SUL,47.0,-,47.0,430745,Esperança do Sul,  4 307 450 ,   3 226,3226.0,14.569125852448852
430750 ESPUMOSO,303.0,55,358.0,430750,Espumoso,  4 307 500 ,   15 173,15173.0,23.594542938113758
430755 ESTACAO,65.0,5,70.0,430755,Estação,  4 307 559 ,   5 582,5582.0,12.540308133285562
430760 ESTANCIA VELHA,370.0,97,467.0,430760,Estância Velha,  4 307 609 ,   47 924,47924.0,9.744595609715383
430770 ESTEIO,1256.0,231,1487.0,430770,Esteio,  4 307 708 ,   76 137,76137.0,19.530583027962752
430780 ESTRELA,828.0,108,936.0,430780,Estrela,  4 307 807 ,   32 183,32183.0,29.083677718049902
430781 ESTRELA VELHA,39.0,12,51.0,430781,Estrela Velha,  4 307 815 ,   3 070,3070.0,16.612377850162865
430783 EUGENIO DE CASTRO,30.0,2,32.0,430783,Eugênio de Castro,  4 307 831 ,   2 633,2633.0,12.153437143942272
430786 FAGUNDES VARELA,30.0,2,32.0,430786,Fagundes Varela,  4 307 864 ,   2 566,2566.0,12.470771628994544
430790 FARROUPILHA,725.0,187,912.0,430790,Farroupilha,  4 307 906 ,   70 286,70286.0,12.975557009930853
430800 FAXINAL DO SOTURNO,641.0,11,652.0,430800,Faxinal do Soturno,  4 308 003 ,   6 702,6702.0,97.28439271859146
430805 FAXINALZINHO,31.0,-,31.0,430805,Faxinalzinho,  4 308 052 ,   2 520,2520.0,12.3015873015873
430807 FAZENDA VILANOVA,44.0,12,56.0,430807,Fazenda Vilanova,  4 308 078 ,   4 291,4291.0,13.05057096247961
430810 FELIZ,179.0,49,228.0,430810,Feliz,  4 308 102 ,   13 764,13764.0,16.564952048823017
430820 FLORES DA CUNHA,303.0,113,416.0,430820,Flores da Cunha,  4 308 201 ,   30 892,30892.0,13.46626958435841
430825 FLORIANO PEIXOTO,27.0,-,27.0,430825,Floriano Peixoto,  4 308 250 ,   1 668,1668.0,16.18705035971223
430830 FONTOURA XAVIER,120.0,1,121.0,430830,Fontoura Xavier,  4 308 300 ,   9 550,9550.0,12.670157068062828
430840 FORMIGUEIRO,62.0,4,66.0,430840,Formigueiro,  4 308 409 ,   6 413,6413.0,10.291595197255575
430843 FORQUETINHA,30.0,8,38.0,430843,Forquetinha,  4 308 433 ,   2 393,2393.0,15.879648976180524
430845 FORTALEZA DOS VALOS,68.0,-,68.0,430845,Fortaleza dos Valos,  4 308 458 ,   4 477,4477.0,15.188742461469733
430850 FREDERICO WESTPHALEN,523.0,81,604.0,430850,Frederico Westphalen,  4 308 508 ,   32 627,32627.0,18.512275109571824
430860 GARIBALDI,265.0,60,325.0,430860,Garibaldi,  4 308 607 ,   34 335,34335.0,9.46555992427552
430865 GARRUCHOS,34.0,12,46.0,430865,Garruchos,  4 308 656 ,   2 688,2688.0,17.11309523809524
430870 GAURAMA,89.0,20,109.0,430870,Gaurama,  4 308 706 ,   5 665,5665.0,19.240953221535747
430880 GENERAL CAMARA,63.0,3,66.0,430880,General Câmara,  4 308 805 ,   7 612,7612.0,8.670520231213873
430885 GENTIL,43.0,-,43.0,430885,Gentil,  4 308 854 ,   1 744,1744.0,24.655963302752294
430890 GETULIO VARGAS,293.0,47,340.0,430890,Getúlio Vargas,  4 308 904 ,   16 602,16602.0,20.47946030598723
430900 GIRUA,454.0,29,483.0,430900,Giruá,  4 309 001 ,   16 013,16013.0,30.162992568538062
430905 GLORINHA,82.0,-,82.0,430905,Glorinha,  4 309 050 ,   7 658,7658.0,10.707756594411073
430910 GRAMADO,628.0,201,829.0,430910,Gramado,  4 309 100 ,   40 134,40134.0,20.655803059749836
430912 GRAMADO DOS LOUREIROS,44.0,-,44.0,430912,Gramado dos Loureiros,  4 309 126 ,   2 014,2014.0,21.847070506454816
430915 GRAMADO XAVIER,43.0,3,46.0,430915,Gramado Xavier,  4 309 159 ,   3 304,3304.0,13.922518159806295
430920 GRAVATAI,2961.0,549,3510.0,430920,Gravataí,  4 309 209 ,   265 074,265074.0,13.241585368614047
430925 GUABIJU,27.0,1,28.0,430925,Guabiju,  4 309 258 ,   1 417,1417.0,19.760056457304167
430930 GUAIBA,751.0,307,1058.0,430930,Guaíba,  4 309 308 ,   92 924,92924.0,11.38564848693556
430940 GUAPORE,306.0,90,396.0,430940,Guaporé,  4 309 407 ,   25 268,25268.0,15.671996200728195
430950 GUARANI DAS MISSOES,88.0,7,95.0,430950,Guarani das Missões,  4 309 506 ,   7 415,7415.0,12.811867835468645
430955 HARMONIA,52.0,2,54.0,430955,Harmonia,  4 309 555 ,   5 378,5378.0,10.04090740052064
430957 HERVEIRAS,37.0,-,37.0,430957,Herveiras,  4 309 571 ,   2 565,2565.0,14.42495126705653
430960 HORIZONTINA,241.0,64,305.0,430960,Horizontina,  4 309 605 ,   18 851,18851.0,16.179513023181794
430965 HULHA NEGRA,58.0,-,58.0,430965,Hulha Negra,  4 309 654 ,   5 976,5976.0,9.705488621151272
430970 HUMAITA,47.0,9,56.0,430970,Humaitá,  4 309 704 ,   4 681,4681.0,11.963255714590899
430975 IBARAMA,50.0,2,52.0,430975,Ibarama,  4 309 753 ,   3 732,3732.0,13.933547695605574
430980 IBIACA,56.0,2,58.0,430980,Ibiaçá,  4 309 803 ,   4 527,4527.0,12.812016788159928
430990 IBIRAIARAS,65.0,18,83.0,430990,Ibiraiaras,  4 309 902 ,   6 776,6776.0,12.249114521841793
430995 IBIRAPUITA,53.0,1,54.0,430995,Ibirapuitã,  4 309 951 ,   3 723,3723.0,14.504431909750203
431000 IBIRUBA,261.0,82,343.0,431000,Ibirubá,  4 310 009 ,   21 583,21583.0,15.892137330306259
431010 IGREJINHA,758.0,265,1023.0,431010,Igrejinha,  4 310 108 ,   32 808,32808.0,31.181419166057058
431020 IJUI,1696.0,740,2436.0,431020,Ijuí,  4 310 207 ,   84 780,84780.0,28.73319179051663
431030 ILOPOLIS,56.0,18,74.0,431030,Ilópolis,  4 310 306 ,   4 157,4157.0,17.801299013711812
431033 IMBE,298.0,17,315.0,431033,Imbé,  4 310 330 ,   26 824,26824.0,11.74321503131524
431036 IMIGRANTE,42.0,2,44.0,431036,Imigrante,  4 310 363 ,   3 080,3080.0,14.285714285714285
431040 INDEPENDENCIA,60.0,6,66.0,431040,Independência,  4 310 405 ,   6 427,6427.0,10.26917690991131
431041 INHACORA,53.0,-,53.0,431041,Inhacorá,  4 310 413 ,   2 014,2014.0,26.31578947368421
431043 IPE,45.0,3,48.0,431043,Ipê,  4 310 439 ,   5 399,5399.0,8.890535284311909
431046 IPIRANGA DO SUL,31.0,-,31.0,431046,Ipiranga do Sul,  4 310 462 ,   1 720,1720.0,18.02325581395349
431050 IRAI,120.0,4,124.0,431050,Iraí,  4 310 504 ,   7 482,7482.0,16.57310879443999
431053 ITAARA,35.0,10,45.0,431053,Itaara,  4 310 538 ,   5 572,5572.0,8.076094759511845
431055 ITACURUBI,43.0,-,43.0,431055,Itacurubi,  4 310 553 ,   2 995,2995.0,14.357262103505844
431057 ITAPUCA,25.0,-,25.0,431057,Itapuca,  4 310 579 ,   1 937,1937.0,12.906556530717605
431060 ITAQUI,402.0,34,436.0,431060,Itaqui,  4 310 603 ,   35 768,35768.0,12.189666741221203
431065 ITATI,71.0,-,71.0,431065,Itati,  4 310 652 ,   2 638,2638.0,26.914329037149358
431070 ITATIBA DO SUL,48.0,-,48.0,431070,Itatiba do Sul,  4 310 702 ,   3 208,3208.0,14.962593516209475
431075 IVORA,19.0,4,23.0,431075,Ivorá,  4 310 751 ,   1 929,1929.0,11.923276308968378
431080 IVOTI,268.0,99,367.0,431080,Ivoti,  4 310 801 ,   22 983,22983.0,15.96832441369708
431085 JABOTICABA,111.0,-,111.0,431085,Jaboticaba,  4 310 850 ,   3 779,3779.0,29.372849960306958
431087 JACUIZINHO,35.0,-,35.0,431087,Jacuizinho,  4 310 876 ,   2 040,2040.0,17.156862745098042
431090 JACUTINGA,50.0,-,50.0,431090,Jacutinga,  4 310 900 ,   3 338,3338.0,14.979029358897543
431100 JAGUARAO,236.0,24,260.0,431100,Jaguarão,  4 311 007 ,   26 603,26603.0,9.77333383452994
431110 JAGUARI,130.0,7,137.0,431110,Jaguari,  4 311 106 ,   10 579,10579.0,12.950184327441157
431112 JAQUIRANA,53.0,-,53.0,431112,Jaquirana,  4 311 122 ,   3 690,3690.0,14.363143631436316
431113 JARI,50.0,-,50.0,431113,Jari,  4 311 130 ,   3 349,3349.0,14.929829799940281
431115 JOIA,72.0,10,82.0,431115,Jóia,  4 311 155 ,   7 184,7184.0,11.414253897550111
431120 JULIO DE CASTILHOS,258.0,29,287.0,431120,Júlio de Castilhos,  4 311 205 ,   18 226,18226.0,15.74673543289806
431123 LAGOA BONITA DO SUL,23.0,14,37.0,431123,Lagoa Bonita do Sul,  4 311 239 ,   2 251,2251.0,16.437139049311416
431125 LAGOAO,58.0,-,58.0,431125,Lagoão,  4 311 254 ,   5 341,5341.0,10.859389627410598
431127 LAGOA DOS TRES CANTOS,33.0,-,33.0,431127,Lagoa dos Três Cantos,  4 311 270 ,   1 738,1738.0,18.9873417721519
431130 LAGOA VERMELHA,397.0,118,515.0,431130,Lagoa Vermelha,  4 311 304 ,   27 659,27659.0,18.61961748436314
431140 LAJEADO,2308.0,553,2861.0,431140,Lajeado,  4 311 403 ,   93 646,93646.0,30.55122482540632
431142 LAJEADO DO BUGRE,35.0,-,35.0,431142,Lajeado do Bugre,  4 311 429 ,   2 601,2601.0,13.456362937331795
431150 LAVRAS DO SUL,87.0,5,92.0,431150,Lavras do Sul,  4 311 502 ,   7 157,7157.0,12.854547994969959
431160 LIBERATO SALZANO,55.0,1,56.0,431160,Liberato Salzano,  4 311 601 ,   4 781,4781.0,11.71303074670571
431162 LINDOLFO COLLOR,40.0,5,45.0,431162,Lindolfo Collor,  4 311 627 ,   6 248,6248.0,7.202304737516005
431164 LINHA NOVA,13.0,1,14.0,431164,Linha Nova,  4 311 643 ,   1 683,1683.0,8.318478906714201
431170 MACHADINHO,81.0,7,88.0,431170,Machadinho,  4 311 700 ,   5 735,5735.0,15.344376634699215
431171 MACAMBARA,46.0,7,53.0,431171,Maçambará,  4 311 718 ,   4 425,4425.0,11.977401129943502
431173 MAMPITUBA,42.0,-,42.0,431173,Mampituba,  4 311 734 ,   3 131,3131.0,13.41424465027148
431175 MANOEL VIANA,71.0,1,72.0,431175,Manoel Viana,  4 311 759 ,   6 801,6801.0,10.586678429642701
431177 MAQUINE,80.0,4,84.0,431177,Maquiné,  4 311 775 ,   7 418,7418.0,11.323806956052845
431179 MARATA,50.0,1,51.0,431179,Maratá,  4 311 791 ,   2 470,2470.0,20.647773279352226
431180 MARAU,569.0,190,759.0,431180,Marau,  4 311 809 ,   45 124,45124.0,16.82031734775286
431190 MARCELINO RAMOS,86.0,4,90.0,431190,Marcelino Ramos,  4 311 908 ,   4 320,4320.0,20.833333333333332
431198 MARIANA PIMENTEL,28.0,-,28.0,431198,Mariana Pimentel,  4 311 981 ,   3 916,3916.0,7.150153217568948
431200 MARIANO MORO,42.0,-,42.0,431200,Mariano Moro,  4 312 005 ,   1 858,1858.0,22.604951560818083
431205 MARQUES DE SOUZA,70.0,3,73.0,431205,Marques de Souza,  4 312 054 ,   3 969,3969.0,18.39254220206601
431210 MATA,72.0,5,77.0,431210,Mata,  4 312 104 ,   4 698,4698.0,16.389953171562368
431213 MATO CASTELHANO,46.0,-,46.0,431213,Mato Castelhano,  4 312 138 ,   2 553,2553.0,18.01801801801802
431215 MATO LEITAO,64.0,2,66.0,431215,Mato Leitão,  4 312 153 ,   4 859,4859.0,13.58304177814365
431217 MATO QUEIMADO,29.0,-,29.0,431217,Mato Queimado,  4 312 179 ,   1 795,1795.0,16.15598885793872
431220 MAXIMILIANO DE ALMEIDA,54.0,9,63.0,431220,Maximiliano de Almeida,  4 312 203 ,   4 191,4191.0,15.032211882605582
431225 MINAS DO LEAO,80.0,-,80.0,431225,Minas do Leão,  4 312 252 ,   7 505,7505.0,10.659560293137908
431230 MIRAGUAI,72.0,6,78.0,431230,Miraguaí,  4 312 302 ,   4 427,4427.0,17.619155184097583
431235 MONTAURI,26.0,5,31.0,431235,Montauri,  4 312 351 ,   1 499,1499.0,20.68045363575717
431237 MONTE ALEGRE DOS CAMPOS,41.0,-,41.0,431237,Monte Alegre dos Campos,  4 312 377 ,   3 180,3180.0,12.89308176100629
431238 MONTE BELO DO SUL,29.0,2,31.0,431238,Monte Belo do Sul,  4 312 385 ,   2 557,2557.0,12.123582323034807
431240 MONTENEGRO,1037.0,922,1959.0,431240,Montenegro,  4 312 401 ,   64 322,64322.0,30.45614253288144
431242 MORMACO,37.0,-,37.0,431242,Mormaço,  4 312 427 ,   2 756,2756.0,13.425253991291727
431244 MORRINHOS DO SUL,39.0,2,41.0,431244,Morrinhos do Sul,  4 312 443 ,   3 071,3071.0,13.35070009768805
431245 MORRO REDONDO,59.0,9,68.0,431245,Morro Redondo,  4 312 450 ,   6 046,6046.0,11.247105524313596
431247 MORRO REUTER,59.0,3,62.0,431247,Morro Reuter,  4 312 476 ,   6 029,6029.0,10.283629125891524
431250 MOSTARDAS,114.0,8,122.0,431250,Mostardas,  4 312 500 ,   12 090,12090.0,10.090984284532672
431260 MUCUM,81.0,11,92.0,431260,Muçum,  4 312 609 ,   4 601,4601.0,19.995653118887198
431261 MUITOS CAPOES,29.0,-,29.0,431261,Muitos Capões,  4 312 617 ,   2 879,2879.0,10.072941993747829
431262 MULITERNO,40.0,-,40.0,431262,Muliterno,  4 312 625 ,   1 721,1721.0,23.24230098779779
431265 NAO-ME-TOQUE,193.0,104,297.0,431265,Não-Me-Toque,  4 312 658 ,   17 898,17898.0,16.59403285283272
431267 NICOLAU VERGUEIRO,26.0,-,26.0,431267,Nicolau Vergueiro,  4 312 674 ,   1 932,1932.0,13.457556935817806
431270 NONOAI,276.0,10,286.0,431270,Nonoai,  4 312 708 ,   13 719,13719.0,20.84700051024127
431275 NOVA ALVORADA,51.0,-,51.0,431275,Nova Alvorada,  4 312 757 ,   3 163,3163.0,16.123932975023713
431280 NOVA ARACA,52.0,6,58.0,431280,Nova Araçá,  4 312 807 ,   4 954,4954.0,11.707710940654016
431290 NOVA BASSANO,106.0,25,131.0,431290,Nova Bassano,  4 312 906 ,   9 649,9649.0,13.576536428645456
431295 NOVA BOA VISTA,40.0,1,41.0,431295,Nova Boa Vista,  4 312 955 ,   2 042,2042.0,20.078354554358473
431300 NOVA BRESCIA,47.0,2,49.0,431300,Nova Bréscia,  4 313 003 ,   3 044,3044.0,16.097240473061763
431301 NOVA CANDELARIA,36.0,-,36.0,431301,Nova Candelária,  4 313 011 ,   3 061,3061.0,11.760862463247305
431303 NOVA ESPERANCA DO SUL,43.0,-,43.0,431303,Nova Esperança do Sul,  4 313 037 ,   4 865,4865.0,8.838643371017472
431306 NOVA HARTZ,105.0,76,181.0,431306,Nova Hartz,  4 313 060 ,   20 088,20088.0,9.010354440461967
431308 NOVA PADUA,24.0,-,24.0,431308,Nova Pádua,  4 313 086 ,   2 343,2343.0,10.243277848911651
431310 NOVA PALMA,116.0,4,120.0,431310,Nova Palma,  4 313 102 ,   5 586,5586.0,21.482277121374867
431320 NOVA PETROPOLIS,272.0,52,324.0,431320,Nova Petrópolis,  4 313 201 ,   23 300,23300.0,13.905579399141631
431330 NOVA PRATA,354.0,209,563.0,431330,Nova Prata,  4 313 300 ,   25 692,25692.0,21.913436089054958
431333 NOVA RAMADA,37.0,1,38.0,431333,Nova Ramada,  4 313 334 ,   2 163,2163.0,17.56819232547388
431335 NOVA ROMA DO SUL,26.0,1,27.0,431335,Nova Roma do Sul,  4 313 359 ,   3 466,3466.0,7.789959607616849
431337 NOVA SANTA RITA,198.0,14,212.0,431337,Nova Santa Rita,  4 313 375 ,   29 024,29024.0,7.304299889746416
431339 NOVO CABRAIS,35.0,3,38.0,431339,Novo Cabrais,  4 313 391 ,   3 568,3568.0,10.650224215246636
431340 NOVO HAMBURGO,2330.0,3024,5354.0,431340,Novo Hamburgo,  4 313 409 ,   227 646,227646.0,23.518972439665095
431342 NOVO MACHADO,52.0,2,54.0,431342,Novo Machado,  4 313 425 ,   3 198,3198.0,16.885553470919326
431344 NOVO TIRADENTES,44.0,-,44.0,431344,Novo Tiradentes,  4 313 441 ,   2 146,2146.0,20.50326188257223
431346 NOVO XINGU,29.0,1,30.0,431346,Novo Xingu,  4 313 466 ,   1 646,1646.0,18.226002430133654
431349 NOVO BARREIRO,66.0,-,66.0,431349,Novo Barreiro,  4 313 490 ,   4 272,4272.0,15.44943820224719
431350 OSORIO,804.0,89,893.0,431350,Osório,  4 313 508 ,   47 396,47396.0,18.841252426365095
431360 PAIM FILHO,79.0,4,83.0,431360,Paim Filho,  4 313 607 ,   3 629,3629.0,22.87131441168366
431365 PALMARES DO SUL,167.0,3,170.0,431365,Palmares do Sul,  4 313 656 ,   12 844,12844.0,13.235752102148863
431370 PALMEIRA DAS MISSOES,467.0,48,515.0,431370,Palmeira das Missões,  4 313 706 ,   33 216,33216.0,15.504576107899808
431380 PALMITINHO,134.0,23,157.0,431380,Palmitinho,  4 313 805 ,   7 839,7839.0,20.028064804184208
431390 PANAMBI,453.0,92,545.0,431390,Panambi,  4 313 904 ,   43 515,43515.0,12.524416867746755
431395 PANTANO GRANDE,102.0,22,124.0,431395,Pantano Grande,  4 313 953 ,   10 212,10212.0,12.142577359968664
431400 PARAI,89.0,22,111.0,431400,Paraí,  4 314 001 ,   7 194,7194.0,15.429524603836532
431402 PARAISO DO SUL,45.0,11,56.0,431402,Paraíso do Sul,  4 314 027 ,   6 519,6519.0,8.590274581991103
431403 PARECI NOVO,48.0,-,48.0,431403,Pareci Novo,  4 314 035 ,   4 319,4319.0,11.113683723084046
431405 PAROBE,523.0,85,608.0,431405,Parobé,  4 314 050 ,   52 058,52058.0,11.679280802182182
431406 PASSA SETE,47.0,-,47.0,431406,Passa Sete,  4 314 068 ,   3 983,3983.0,11.80015064022094
431407 PASSO DO SOBRADO,75.0,1,76.0,431407,Passo do Sobrado,  4 314 076 ,   6 025,6025.0,12.614107883817427
431410 PASSO FUNDO,5584.0,1629,7213.0,431410,Passo Fundo,  4 314 100 ,   206 215,206215.0,34.97805688238004
431413 PAULO BENTO,22.0,-,22.0,431413,Paulo Bento,  4 314 134 ,   2 144,2144.0,10.261194029850746
431415 PAVERAMA,52.0,3,55.0,431415,Paverama,  4 314 159 ,   7 978,7978.0,6.893958385560291
431417 PEDRAS ALTAS,49.0,-,49.0,431417,Pedras Altas,  4 314 175 ,   2 061,2061.0,23.774866569626393
431420 PEDRO OSORIO,74.0,5,79.0,431420,Pedro Osório,  4 314 209 ,   7 484,7484.0,10.555852485301978
431430 PEJUCARA,65.0,5,70.0,431430,Pejuçara,  4 314 308 ,   3 745,3745.0,18.69158878504673
431440 PELOTAS,6308.0,1277,7585.0,431440,Pelotas,  4 314 407 ,   325 685,325685.0,23.28937470255001
431442 PICADA CAFE,53.0,-,53.0,431442,Picada Café,  4 314 423 ,   5 351,5351.0,9.904690712016444
431445 PINHAL,35.0,-,35.0,431445,Pinhal,  4 314 456 ,   2 959,2959.0,11.828320378506252
431446 PINHAL DA SERRA,35.0,-,35.0,431446,Pinhal da Serra,  4 314 464 ,   2 248,2248.0,15.569395017793594
431447 PINHAL GRANDE,58.0,5,63.0,431447,Pinhal Grande,  4 314 472 ,   3 805,3805.0,16.557161629434955
431449 PINHEIRINHO DO VALE,52.0,-,52.0,431449,Pinheirinho do Vale,  4 314 498 ,   4 540,4540.0,11.45374449339207
431450 PINHEIRO MACHADO,128.0,12,140.0,431450,Pinheiro Machado,  4 314 506 ,   11 214,11214.0,12.484394506866415
431454 PINTO BANDEIRA,20.0,11,31.0,431454,Pinto Bandeira,  4 314 548 ,   2 723,2723.0,11.38450238707308
431455 PIRAPO,48.0,3,51.0,431455,Pirapó,  4 314 555 ,   2 260,2260.0,22.56637168141593
431460 PIRATINI,181.0,18,199.0,431460,Piratini,  4 314 605 ,   17 504,17504.0,11.368829981718465
431470 PLANALTO,137.0,11,148.0,431470,Planalto,  4 314 704 ,   10 406,10406.0,14.22256390543917
431475 POCO DAS ANTAS,26.0,4,30.0,431475,Poço das Antas,  4 314 753 ,   2 171,2171.0,13.818516812528788
431477 PONTAO,37.0,1,38.0,431477,Pontão,  4 314 779 ,   3 296,3296.0,11.529126213592233
431478 PONTE PRETA,27.0,-,27.0,431478,Ponte Preta,  4 314 787 ,   1 575,1575.0,17.142857142857142
431480 PORTAO,248.0,141,389.0,431480,Portão,  4 314 803 ,   34 071,34071.0,11.417334389950398
431490 PORTO ALEGRE,41633.0,14268,55901.0,431490,Porto Alegre,  4 314 902 ,  1 332 845,1332845.0,41.9411109318788
431500 PORTO LUCENA,87.0,-,87.0,431500,Porto Lucena,  4 315 008 ,   4 360,4360.0,19.954128440366972
431505 PORTO MAUA,29.0,2,31.0,431505,Porto Mauá,  4 315 057 ,   2 142,2142.0,14.472455648926237
431507 PORTO VERA CRUZ,14.0,-,14.0,431507,Porto Vera Cruz,  4 315 073 ,   1 560,1560.0,8.974358974358974
431510 PORTO XAVIER,128.0,25,153.0,431510,Porto Xavier,  4 315 107 ,   9 938,9938.0,15.395451801167237
431513 POUSO NOVO,26.0,-,26.0,431513,Pouso Novo,  4 315 131 ,   1 739,1739.0,14.951121334100058
431514 PRESIDENTE LUCENA,21.0,-,21.0,431514,Presidente Lucena,  4 315 149 ,   3 077,3077.0,6.824829379265519
431515 PROGRESSO,118.0,6,124.0,431515,Progresso,  4 315 156 ,   5 340,5340.0,23.220973782771534
431517 PROTASIO ALVES,21.0,2,23.0,431517,Protásio Alves,  4 315 172 ,   2 025,2025.0,11.358024691358024
431520 PUTINGA,47.0,1,48.0,431520,Putinga,  4 315 206 ,   3 747,3747.0,12.810248198558845
431530 QUARAI,271.0,31,302.0,431530,Quaraí,  4 315 305 ,   23 500,23500.0,12.851063829787234
431531 QUATRO IRMAOS,24.0,-,24.0,431531,Quatro Irmãos,  4 315 313 ,   1 552,1552.0,15.463917525773196
431532 QUEVEDOS,40.0,-,40.0,431532,Quevedos,  4 315 321 ,   2 507,2507.0,15.955325089748705
431535 QUINZE DE NOVEMBRO,50.0,7,57.0,431535,Quinze de Novembro,  4 315 354 ,   3 910,3910.0,14.578005115089514
431540 REDENTORA,99.0,2,101.0,431540,Redentora,  4 315 404 ,   9 738,9738.0,10.371739576915179
431545 RELVADO,33.0,1,34.0,431545,Relvado,  4 315 453 ,   1 796,1796.0,18.93095768374165
431550 RESTINGA SECA,164.0,18,182.0,431550,Restinga Sêca,  4 315 503 ,   14 939,14939.0,12.182877033268626
431555 RIO DOS INDIOS,33.0,-,33.0,431555,Rio dos Índios,  4 315 552 ,   2 835,2835.0,11.64021164021164
431560 RIO GRANDE,4012.0,714,4726.0,431560,Rio Grande,  4 315 602 ,   191 900,191900.0,24.627410109432
431570 RIO PARDO,452.0,65,517.0,431570,Rio Pardo,  4 315 701 ,   34 654,34654.0,14.918912679632943
431575 RIOZINHO,78.0,1,79.0,431575,Riozinho,  4 315 750 ,   4 473,4473.0,17.661524703778223
431580 ROCA SALES,80.0,1,81.0,431580,Roca Sales,  4 315 800 ,   10 418,10418.0,7.775004799385679
431590 RODEIO BONITO,114.0,2,116.0,431590,Rodeio Bonito,  4 315 909 ,   6 654,6654.0,17.43312293357379
431595 ROLADOR,32.0,-,32.0,431595,Rolador,  4 315 958 ,   2 291,2291.0,13.967699694456568
431600 ROLANTE,226.0,55,281.0,431600,Rolante,  4 316 006 ,   21 253,21253.0,13.221662824071895
431610 RONDA ALTA,220.0,3,223.0,431610,Ronda Alta,  4 316 105 ,   9 777,9777.0,22.80863250485834
431620 RONDINHA,71.0,1,72.0,431620,Rondinha,  4 316 204 ,   4 991,4991.0,14.425966740132239
431630 ROQUE GONZALES,75.0,8,83.0,431630,Roque Gonzales,  4 316 303 ,   6 576,6576.0,12.621654501216545
431640 ROSARIO DO SUL,490.0,129,619.0,431640,Rosário do Sul,  4 316 402 ,   36 630,36630.0,16.8987168987169
431642 SAGRADA FAMILIA,44.0,-,44.0,431642,Sagrada Família,  4 316 428 ,   2 480,2480.0,17.741935483870968
431643 SALDANHA MARINHO,55.0,-,55.0,431643,Saldanha Marinho,  4 316 436 ,   2 575,2575.0,21.359223300970875
431645 SALTO DO JACUI,172.0,16,188.0,431645,Salto do Jacuí,  4 316 451 ,   10 203,10203.0,18.42595315103401
431647 SALVADOR DAS MISSOES,41.0,10,51.0,431647,Salvador das Missões,  4 316 477 ,   2 877,2877.0,17.72679874869656
431650 SALVADOR DO SUL,70.0,12,82.0,431650,Salvador do Sul,  4 316 501 ,   6 879,6879.0,11.92033725832243
431660 SANANDUVA,265.0,66,331.0,431660,Sananduva,  4 316 600 ,   16 399,16399.0,20.184157570583572
431670 SANTA BARBARA DO SUL,118.0,3,121.0,431670,Santa Bárbara do Sul,  4 316 709 ,   8 122,8122.0,14.897808421571042
431673 SANTA CECILIA DO SUL,36.0,-,36.0,431673,Santa Cecília do Sul,  4 316 733 ,   1 674,1674.0,21.505376344086024
431675 SANTA CLARA DO SUL,79.0,15,94.0,431675,Santa Clara do Sul,  4 316 758 ,   6 887,6887.0,13.64890373166836
431680 SANTA CRUZ DO SUL,2211.0,440,2651.0,431680,Santa Cruz do Sul,  4 316 808 ,   133 230,133230.0,19.897920888688734
431690 SANTA MARIA,4055.0,2264,6319.0,431690,Santa Maria,  4 316 907 ,   271 735,271735.0,23.254273464956665
431695 SANTA MARIA DO HERVAL,30.0,5,35.0,431695,Santa Maria do Herval,  4 316 956 ,   6 340,6340.0,5.520504731861199
431697 SANTA MARGARIDA DO SUL,39.0,-,39.0,431697,Santa Margarida do Sul,  4 316 972 ,   2 596,2596.0,15.023112480739599
431700 SANTANA DA BOA VISTA,67.0,-,67.0,431700,Santana da Boa Vista,  4 317 004 ,   7 024,7024.0,9.53872437357631
431710 SANT'ANA DO LIVRAMENTO,828.0,279,1107.0,431710,Sant'Ana do Livramento,  4 317 103 ,   84 421,84421.0,13.11285106786226
431720 SANTA ROSA,1501.0,632,2133.0,431720,Santa Rosa,  4 317 202 ,   76 963,76963.0,27.714616114236712
431725 SANTA TEREZA,20.0,-,20.0,431725,Santa Tereza,  4 317 251 ,   1 505,1505.0,13.289036544850498
431730 SANTA VITORIA DO PALMAR,307.0,26,333.0,431730,Santa Vitória do Palmar,  4 317 301 ,   30 983,30983.0,10.747829454862345
431740 SANTIAGO,732.0,146,878.0,431740,Santiago,  4 317 400 ,   48 938,48938.0,17.94106829049001
431750 SANTO ANGELO,918.0,664,1582.0,431750,Santo Ângelo,  4 317 509 ,   76 917,76917.0,20.567624842362548
431755 SANTO ANTONIO DO PALMA,27.0,-,27.0,431755,Santo Antônio do Palma,  4 317 558 ,   2 091,2091.0,12.91248206599713
431760 SANTO ANTONIO DA PATRULHA,412.0,114,526.0,431760,Santo Antônio da Patrulha,  4 317 608 ,   42 947,42947.0,12.247654085267888
431770 SANTO ANTONIO DAS MISSOES,106.0,12,118.0,431770,Santo Antônio das Missões,  4 317 707 ,   10 300,10300.0,11.45631067961165
431775 SANTO ANTONIO DO PLANALTO,28.0,4,32.0,431775,Santo Antônio do Planalto,  4 317 756 ,   2 089,2089.0,15.318334131163237
431780 SANTO AUGUSTO,218.0,11,229.0,431780,Santo Augusto,  4 317 806 ,   13 902,13902.0,16.47245000719321
431790 SANTO CRISTO,145.0,6,151.0,431790,Santo Cristo,  4 317 905 ,   15 320,15320.0,9.856396866840731
431795 SANTO EXPEDITO DO SUL,26.0,-,26.0,431795,Santo Expedito do Sul,  4 317 954 ,   2 349,2349.0,11.068539804171989
431800 SAO BORJA,972.0,82,1054.0,431800,São Borja,  4 318 002 ,   59 676,59676.0,17.6620416918024
431805 SAO DOMINGOS DO SUL,50.0,2,52.0,431805,São Domingos do Sul,  4 318 051 ,   2 754,2754.0,18.88162672476398
431810 SAO FRANCISCO DE ASSIS,216.0,20,236.0,431810,São Francisco de Assis,  4 318 101 ,   17 618,17618.0,13.395391077307298
431820 SAO FRANCISCO DE PAULA,198.0,11,209.0,431820,São Francisco de Paula,  4 318 200 ,   21 893,21893.0,9.54643036587037
431830 SAO GABRIEL,1078.0,86,1164.0,431830,São Gabriel,  4 318 309 ,   58 487,58487.0,19.90185853266538
431840 SAO JERONIMO,591.0,78,669.0,431840,São Jerônimo,  4 318 408 ,   21 028,21028.0,31.814723226174625
431842 SAO JOAO DA URTIGA,45.0,1,46.0,431842,São João da Urtiga,  4 318 424 ,   4 461,4461.0,10.311589329746694
431843 SAO JOAO DO POLESINE,53.0,2,55.0,431843,São João do Polêsine,  4 318 432 ,   2 649,2649.0,20.762551906379766
431844 SAO JORGE,27.0,-,27.0,431844,São Jorge,  4 318 440 ,   2 912,2912.0,9.271978021978022
431845 SAO JOSE DAS MISSOES,46.0,-,46.0,431845,São José das Missões,  4 318 457 ,   2 362,2362.0,19.47502116850127
431846 SAO JOSE DO HERVAL,42.0,-,42.0,431846,São José do Herval,  4 318 465 ,   1 902,1902.0,22.082018927444796
431848 SAO JOSE DO HORTENCIO,50.0,1,51.0,431848,São José do Hortêncio,  4 318 481 ,   4 447,4447.0,11.468405666741623
431849 SAO JOSE DO INHACORA,39.0,2,41.0,431849,São José do Inhacorá,  4 318 499 ,   2 406,2406.0,17.040731504571905
431850 SAO JOSE DO NORTE,278.0,9,287.0,431850,São José do Norte,  4 318 507 ,   25 443,25443.0,11.280116338482099
431860 SAO JOSE DO OURO,107.0,18,125.0,431860,São José do Ouro,  4 318 606 ,   6 834,6834.0,18.290898448931813
431861 SAO JOSE DO SUL,38.0,-,38.0,431861,São José do Sul,  4 318 614 ,   2 380,2380.0,15.966386554621847
431862 SAO JOSE DOS AUSENTES,55.0,2,57.0,431862,São José dos Ausentes,  4 318 622 ,   4 172,4172.0,13.662511984659636
431870 SAO LEOPOLDO,1408.0,618,2026.0,431870,São Leopoldo,  4 318 705 ,   217 409,217409.0,9.318841446306271
431880 SAO LOURENCO DO SUL,549.0,36,585.0,431880,São Lourenço do Sul,  4 318 804 ,   41 989,41989.0,13.932220343423278
431890 SAO LUIZ GONZAGA,429.0,94,523.0,431890,São Luiz Gonzaga,  4 318 903 ,   34 752,34752.0,15.049493554327809
431900 SAO MARCOS,176.0,58,234.0,431900,São Marcos,  4 319 000 ,   21 084,21084.0,11.09846328969835
431910 SAO MARTINHO,100.0,1,101.0,431910,São Martinho,  4 319 109 ,   5 481,5481.0,18.427294289363257
431912 SAO MARTINHO DA SERRA,41.0,-,41.0,431912,São Martinho da Serra,  4 319 125 ,   2 860,2860.0,14.335664335664337
431915 SAO MIGUEL DAS MISSOES,107.0,7,114.0,431915,São Miguel das Missões,  4 319 158 ,   7 056,7056.0,16.156462585034014
431920 SAO NICOLAU,91.0,-,91.0,431920,São Nicolau,  4 319 208 ,   5 118,5118.0,17.780382962094567
431930 SAO PAULO DAS MISSOES,97.0,2,99.0,431930,São Paulo das Missões,  4 319 307 ,   5 846,5846.0,16.934656175162505
431935 SAO PEDRO DA SERRA,29.0,2,31.0,431935,São Pedro da Serra,  4 319 356 ,   3 548,3548.0,8.737316798196167
431936 SAO PEDRO DAS MISSOES,40.0,-,40.0,431936,São Pedro das Missões,  4 319 364 ,   1 757,1757.0,22.766078542970973
431937 SAO PEDRO DO BUTIA,34.0,3,37.0,431937,São Pedro do Butiá,  4 319 372 ,   3 070,3070.0,12.052117263843648
431940 SAO PEDRO DO SUL,187.0,16,203.0,431940,São Pedro do Sul,  4 319 406 ,   15 577,15577.0,13.032034409706618
431950 SAO SEBASTIAO DO CAI,242.0,70,312.0,431950,São Sebastião do Caí,  4 319 505 ,   24 428,24428.0,12.77222859014246
431960 SAO SEPE,193.0,7,200.0,431960,São Sepé,  4 319 604 ,   21 219,21219.0,9.425514868749705
431970 SAO VALENTIM,47.0,-,47.0,431970,São Valentim,  4 319 703 ,   3 264,3264.0,14.399509803921568
431971 SAO VALENTIM DO SUL,23.0,-,23.0,431971,São Valentim do Sul,  4 319 711 ,   2 207,2207.0,10.42138649750793
431973 SAO VALERIO DO SUL,45.0,-,45.0,431973,São Valério do Sul,  4 319 737 ,   2 543,2543.0,17.695635076681086
431975 SAO VENDELINO,32.0,-,32.0,431975,São Vendelino,  4 319 752 ,   2 251,2251.0,14.215904042647711
431980 SAO VICENTE DO SUL,92.0,6,98.0,431980,São Vicente do Sul,  4 319 802 ,   8 097,8097.0,12.103248116586391
431990 SAPIRANGA,383.0,288,671.0,431990,Sapiranga,  4 319 901 ,   75 648,75648.0,8.870029610829103
432000 SAPUCAIA DO SUL,1633.0,240,1873.0,432000,Sapucaia do Sul,  4 320 008 ,   132 107,132107.0,14.177901246716676
432010 SARANDI,230.0,36,266.0,432010,Sarandi,  4 320 107 ,   22 851,22851.0,11.640628418887577
432020 SEBERI,209.0,17,226.0,432020,Seberi,  4 320 206 ,   11 950,11950.0,18.91213389121339
432023 SEDE NOVA,38.0,3,41.0,432023,Sede Nova,  4 320 230 ,   2 704,2704.0,15.162721893491124
432026 SEGREDO,76.0,4,80.0,432026,Segredo,  4 320 263 ,   6 009,6009.0,13.313363288400732
432030 SELBACH,77.0,2,79.0,432030,Selbach,  4 320 305 ,   5 107,5107.0,15.468964166829842
432032 SENADOR SALGADO FILHO,36.0,1,37.0,432032,Senador Salgado Filho,  4 320 321 ,   2 673,2673.0,13.842124953236064
432035 SENTINELA DO SUL,50.0,-,50.0,432035,Sentinela do Sul,  4 320 354 ,   5 306,5306.0,9.423294383716547
432040 SERAFINA CORREA,191.0,115,306.0,432040,Serafina Corrêa,  4 320 404 ,   16 961,16961.0,18.04138906904074
432045 SERIO,33.0,1,34.0,432045,Sério,  4 320 453 ,   1 941,1941.0,17.51674394641937
432050 SERTAO,89.0,4,93.0,432050,Sertão,  4 320 503 ,   5 541,5541.0,16.78397401191121
432055 SERTAO SANTANA,60.0,8,68.0,432055,Sertão Santana,  4 320 552 ,   5 863,5863.0,11.598157939621354
432057 SETE DE SETEMBRO,34.0,5,39.0,432057,Sete de Setembro,  4 320 578 ,   1 830,1830.0,21.311475409836063
432060 SEVERIANO DE ALMEIDA,49.0,-,49.0,432060,Severiano de Almeida,  4 320 602 ,   3 406,3406.0,14.386376981796829
432065 SILVEIRA MARTINS,25.0,1,26.0,432065,Silveira Martins,  4 320 651 ,   2 028,2028.0,12.82051282051282
432067 SINIMBU,113.0,2,115.0,432067,Sinimbu,  4 320 677 ,   8 578,8578.0,13.406388435532758
432070 SOBRADINHO,114.0,70,184.0,432070,Sobradinho,  4 320 701 ,   14 226,14226.0,12.934064389146634
432080 SOLEDADE,473.0,68,541.0,432080,Soledade,  4 320 800 ,   29 991,29991.0,18.038744956820377
432085 TABAI,49.0,4,53.0,432085,Tabaí,  4 320 859 ,   4 461,4461.0,11.880744227751626
432090 TAPEJARA,368.0,286,654.0,432090,Tapejara,  4 320 909 ,   24 557,24557.0,26.631917579508897
432100 TAPERA,118.0,15,133.0,432100,Tapera,  4 321 006 ,   10 592,10592.0,12.556646525679758
432110 TAPES,144.0,24,168.0,432110,Tapes,  4 321 105 ,   14 695,14695.0,11.432460020415107
432120 TAQUARA,559.0,78,637.0,432120,Taquara,  4 321 204 ,   53 242,53242.0,11.964238758874572
432130 TAQUARI,283.0,122,405.0,432130,Taquari,  4 321 303 ,   25 198,25198.0,16.072704182871654
432132 TAQUARUCU DO SUL,41.0,1,42.0,432132,Taquaruçu do Sul,  4 321 329 ,   3 119,3119.0,13.46585444052581
432135 TAVARES,57.0,-,57.0,432135,Tavares,  4 321 352 ,   5 212,5212.0,10.936300844205679
432140 TENENTE PORTELA,745.0,44,789.0,432140,Tenente Portela,  4 321 402 ,   14 497,14497.0,54.42505345933642
432143 TERRA DE AREIA,87.0,7,94.0,432143,Terra de Areia,  4 321 436 ,   10 334,10334.0,9.096187342752081
432145 TEUTONIA,494.0,52,546.0,432145,Teutônia,  4 321 451 ,   32 797,32797.0,16.647864133914688
432146 TIO HUGO,33.0,-,33.0,432146,Tio Hugo,  4 321 469 ,   3 267,3267.0,10.101010101010102
432147 TIRADENTES DO SUL,40.0,-,40.0,432147,Tiradentes do Sul,  4 321 477 ,   5 129,5129.0,7.798791187365958
432149 TOROPI,31.0,-,31.0,432149,Toropi,  4 321 493 ,   2 554,2554.0,12.137823022709476
432150 TORRES,729.0,106,835.0,432150,Torres,  4 321 501 ,   41 751,41751.0,19.999520969557615
432160 TRAMANDAI,834.0,103,937.0,432160,Tramandaí,  4 321 600 ,   54 387,54387.0,17.228381782411237
432162 TRAVESSEIRO,22.0,2,24.0,432162,Travesseiro,  4 321 626 ,   2 152,2152.0,11.152416356877323
432163 TRES ARROIOS,51.0,-,51.0,432163,Três Arroios,  4 321 634 ,   2 591,2591.0,19.68351987649556
432166 TRES CACHOEIRAS,101.0,10,111.0,432166,Três Cachoeiras,  4 321 667 ,   10 962,10962.0,10.125889436234264
432170 TRES COROAS,206.0,63,269.0,432170,Três Coroas,  4 321 709 ,   24 425,24425.0,11.013306038894575
432180 TRES DE MAIO,393.0,102,495.0,432180,Três de Maio,  4 321 808 ,   24 916,24916.0,19.866752287686626
432183 TRES FORQUILHAS,53.0,1,54.0,432183,Três Forquilhas,  4 321 832 ,   2 760,2760.0,19.565217391304348
432185 TRES PALMEIRAS,53.0,-,53.0,432185,Três Palmeiras,  4 321 857 ,   4 716,4716.0,11.238337574215437
432190 TRES PASSOS,485.0,60,545.0,432190,Três Passos,  4 321 907 ,   25 436,25436.0,21.426324893851238
432195 TRINDADE DO SUL,77.0,2,79.0,432195,Trindade do Sul,  4 321 956 ,   7 556,7556.0,10.455267337215458
432200 TRIUNFO,294.0,25,319.0,432200,Triunfo,  4 322 004 ,   27 498,27498.0,11.600843697723471
432210 TUCUNDUVA,74.0,8,82.0,432210,Tucunduva,  4 322 103 ,   5 542,5542.0,14.796102490075786
432215 TUNAS,37.0,1,38.0,432215,Tunas,  4 322 152 ,   3 681,3681.0,10.323281716924749
432218 TUPANCI DO SUL,18.0,1,19.0,432218,Tupanci do Sul,  4 322 186 ,   1 374,1374.0,13.828238719068414
432220 TUPANCIRETA,163.0,24,187.0,432220,Tupanciretã,  4 322 202 ,   20 005,20005.0,9.347663084228943
432225 TUPANDI,39.0,4,43.0,432225,Tupandi,  4 322 251 ,   5 029,5029.0,8.550407635712865
432230 TUPARENDI,103.0,11,114.0,432230,Tuparendi,  4 322 301 ,   8 363,8363.0,13.63147195982303
432232 TURUCU,44.0,-,44.0,432232,Turuçu,  4 322 327 ,   3 419,3419.0,12.86926001754899
432234 UBIRETAMA,24.0,-,24.0,432234,Ubiretama,  4 322 343 ,   1 994,1994.0,12.036108324974924
432235 UNIAO DA SERRA,22.0,1,23.0,432235,União da Serra,  4 322 350 ,   1 170,1170.0,19.65811965811966
432237 UNISTALDA,42.0,-,42.0,432237,Unistalda,  4 322 376 ,   1 995,1995.0,21.052631578947366
432240 URUGUAIANA,1454.0,250,1704.0,432240,Uruguaiana,  4 322 400 ,   117 210,117210.0,14.538008702329153
432250 VACARIA,689.0,179,868.0,432250,Vacaria,  4 322 509 ,   64 197,64197.0,13.520881038054739
432252 VALE VERDE,37.0,-,37.0,432252,Vale Verde,  4 322 525 ,   3 150,3150.0,11.746031746031745
432253 VALE DO SOL,93.0,10,103.0,432253,Vale do Sol,  4 322 533 ,   9 897,9897.0,10.407194099221986
432254 VALE REAL,38.0,6,44.0,432254,Vale Real,  4 322 541 ,   6 058,6058.0,7.263123142951469
432255 VANINI,32.0,-,32.0,432255,Vanini,  4 322 558 ,   2 004,2004.0,15.968063872255488
432260 VENANCIO AIRES,1007.0,149,1156.0,432260,Venâncio Aires,  4 322 608 ,   68 763,68763.0,16.811366577956168
432270 VERA CRUZ,229.0,57,286.0,432270,Vera Cruz,  4 322 707 ,   26 710,26710.0,10.707600149756646
432280 VERANOPOLIS,283.0,79,362.0,432280,Veranópolis,  4 322 806 ,   24 021,24021.0,15.07014695474793
432285 VESPASIANO CORREA,28.0,-,28.0,432285,Vespasiano Corrêa,  4 322 855 ,   1 818,1818.0,15.401540154015402
432290 VIADUTOS,48.0,2,50.0,432290,Viadutos,  4 322 905 ,   4 769,4769.0,10.484378276368211
432300 VIAMAO,1231.0,123,1354.0,432300,Viamão,  4 323 002 ,   224 112,224112.0,6.041622046119797
432310 VICENTE DUTRA,43.0,-,43.0,432310,Vicente Dutra,  4 323 101 ,   4 665,4665.0,9.217577706323686
432320 VICTOR GRAEFF,33.0,5,38.0,432320,Victor Graeff,  4 323 200 ,   2 780,2780.0,13.669064748201437
432330 VILA FLORES,32.0,6,38.0,432330,Vila Flores,  4 323 309 ,   3 646,3646.0,10.422380691168405
432335 VILA LANGARO,32.0,-,32.0,432335,Vila Lângaro,  4 323 358 ,   2 079,2079.0,15.392015392015393
432340 VILA MARIA,48.0,3,51.0,432340,Vila Maria,  4 323 408 ,   4 413,4413.0,11.556764106050306
432345 VILA NOVA DO SUL,55.0,4,59.0,432345,Vila Nova do Sul,  4 323 457 ,   3 863,3863.0,15.273103805332642
432350 VISTA ALEGRE,30.0,-,30.0,432350,Vista Alegre,  4 323 507 ,   2 660,2660.0,11.278195488721805
432360 VISTA ALEGRE DO PRATA,14.0,1,15.0,432360,Vista Alegre do Prata,  4 323 606 ,   1 590,1590.0,9.433962264150942
432370 VISTA GAUCHA,29.0,-,29.0,432370,Vista Gaúcha,  4 323 705 ,   2 783,2783.0,10.420409629895795
432375 VITORIA DAS MISSOES,35.0,7,42.0,432375,Vitória das Missões,  4 323 754 ,   3 260,3260.0,12.883435582822086
432377 WESTFALIA,31.0,7,38.0,432377,Westfália,  4 323 770 ,   3 098,3098.0,12.265978050355068
432380 XANGRI-LA,186.0,19,205.0,432380,Xangri-lá,  4 323 804 ,   16 463,16463.0,12.452165461944968
500020 AGUA CLARA,227.0,24,251.0,500020,Água Clara,  5 000 203 ,   16 741,16741.0,14.993130637357385
500025 ALCINOPOLIS,115.0,3,118.0,500025,Alcinópolis,  5 000 252 ,   4 537,4537.0,26.008375578576153
500060 AMAMBAI,499.0,272,771.0,500060,Amambai,  5 000 609 ,   39 325,39325.0,19.60584869675779
500070 ANASTACIO,348.0,5,353.0,500070,Anastácio,  5 000 708 ,   24 114,24114.0,14.638799037903292
500080 ANAURILANDIA,161.0,16,177.0,500080,Anaurilândia,  5 000 807 ,   7 653,7653.0,23.128185025480203
500085 ANGELICA,158.0,10,168.0,500085,Angélica,  5 000 856 ,   10 729,10729.0,15.658495665952094
500090 ANTONIO JOAO,181.0,7,188.0,500090,Antônio João,  5 000 906 ,   9 303,9303.0,20.20853488122111
500100 APARECIDA DO TABOADO,310.0,55,365.0,500100,Aparecida do Taboado,  5 001 003 ,   27 674,27674.0,13.189275131892751
500110 AQUIDAUANA,754.0,120,874.0,500110,Aquidauana,  5 001 102 ,   46 803,46803.0,18.674016622866056
500124 ARAL MOREIRA,181.0,1,182.0,500124,Aral Moreira,  5 001 243 ,   10 748,10748.0,16.933382954968366
500150 BANDEIRANTES,150.0,1,151.0,500150,Bandeirantes,  5 001 508 ,   7 940,7940.0,19.017632241813605
500190 BATAGUASSU,324.0,72,396.0,500190,Bataguassu,  5 001 904 ,   23 031,23031.0,17.194216490816725
500200 BATAYPORA,131.0,7,138.0,500200,Batayporã,  5 002 001 ,   10 712,10712.0,12.882748319641523
500210 BELA VISTA,251.0,36,287.0,500210,Bela Vista,  5 002 100 ,   21 613,21613.0,13.279045019201407
500215 BODOQUENA,149.0,7,156.0,500215,Bodoquena,  5 002 159 ,   8 567,8567.0,18.20940819423369
500220 BONITO,289.0,24,313.0,500220,Bonito,  5 002 209 ,   23 659,23659.0,13.229637769981826
500230 BRASILANDIA,196.0,13,209.0,500230,Brasilândia,  5 002 308 ,   11 579,11579.0,18.049917954918385
500240 CAARAPO,401.0,43,444.0,500240,Caarapó,  5 002 407 ,   30 612,30612.0,14.504116032928264
500260 CAMAPUA,230.0,31,261.0,500260,Camapuã,  5 002 605 ,   13 583,13583.0,19.215195464919386
500270 CAMPO GRANDE,18904.0,4598,23502.0,500270,Campo Grande,  5 002 704 ,   898 100,898100.0,26.168578109341944
500280 CARACOL,78.0,-,78.0,500280,Caracol,  5 002 803 ,   5 036,5036.0,15.488482922954725
500290 CASSILANDIA,273.0,51,324.0,500290,Cassilândia,  5 002 902 ,   20 988,20988.0,15.437392795883362
500295 CHAPADAO DO SUL,430.0,104,534.0,500295,Chapadão do Sul,  5 002 951 ,   30 993,30993.0,17.229697028361244
500310 CORGUINHO,77.0,1,78.0,500310,Corguinho,  5 003 108 ,   4 783,4783.0,16.30775663809325
500315 CORONEL SAPUCAIA,162.0,14,176.0,500315,Coronel Sapucaia,  5 003 157 ,   14 289,14289.0,12.317167051578137
500320 CORUMBA,1348.0,166,1514.0,500320,Corumbá,  5 003 207 ,   96 268,96268.0,15.726928989903188
500325 COSTA RICA,438.0,58,496.0,500325,Costa Rica,  5 003 256 ,   26 037,26037.0,19.04981372661981
500330 COXIM,612.0,72,684.0,500330,Coxim,  5 003 306 ,   32 151,32151.0,21.274610432023888
500345 DEODAPOLIS,227.0,31,258.0,500345,Deodápolis,  5 003 454 ,   13 663,13663.0,18.88311498206836
500348 DOIS IRMAOS DO BURITI,180.0,4,184.0,500348,Dois Irmãos do Buriti,  5 003 488 ,   11 100,11100.0,16.576576576576578
500350 DOURADINA,73.0,8,81.0,500350,Douradina,  5 003 504 ,   5 578,5578.0,14.521333811401936
500370 DOURADOS,4553.0,838,5391.0,500370,Dourados,  5 003 702 ,   243 367,243367.0,22.151729692193275
500375 ELDORADO,128.0,29,157.0,500375,Eldorado,  5 003 751 ,   11 386,11386.0,13.788863516599333
500380 FATIMA DO SUL,398.0,78,476.0,500380,Fátima do Sul,  5 003 801 ,   20 609,20609.0,23.09670532291717
500390 FIGUEIRAO,80.0,1,81.0,500390,Figueirão,  5 003 900 ,   3 539,3539.0,22.887821418479795
500400 GLORIA DE DOURADOS,87.0,22,109.0,500400,Glória de Dourados,  5 004 007 ,   10 444,10444.0,10.436614324013789
500410 GUIA LOPES DA LAGUNA,143.0,9,152.0,500410,Guia Lopes da Laguna,  5 004 106 ,   9 940,9940.0,15.291750503018108
500430 IGUATEMI,201.0,23,224.0,500430,Iguatemi,  5 004 304 ,   13 808,13808.0,16.222479721900346
500440 INOCENCIA,134.0,1,135.0,500440,Inocência,  5 004 403 ,   8 404,8404.0,16.063779152784388
500450 ITAPORA,309.0,10,319.0,500450,Itaporã,  5 004 502 ,   24 137,24137.0,13.216224054356383
500460 ITAQUIRAI,216.0,6,222.0,500460,Itaquiraí,  5 004 601 ,   19 423,19423.0,11.42974823662668
500470 IVINHEMA,362.0,86,448.0,500470,Ivinhema,  5 004 700 ,   27 821,27821.0,16.102943819416986
500480 JAPORA,119.0,-,119.0,500480,Japorã,  5 004 809 ,   8 148,8148.0,14.604810996563574
500490 JARAGUARI,94.0,-,94.0,500490,Jaraguari,  5 004 908 ,   7 139,7139.0,13.167110239529345
500500 JARDIM,328.0,31,359.0,500500,Jardim,  5 005 004 ,   23 981,23981.0,14.970184729577582
500510 JATEI,87.0,1,88.0,500510,Jateí,  5 005 103 ,   3 586,3586.0,24.539877300613497
500515 JUTI,117.0,3,120.0,500515,Juti,  5 005 152 ,   6 729,6729.0,17.833259028087383
500520 LADARIO,160.0,229,389.0,500520,Ladário,  5 005 202 ,   21 522,21522.0,18.074528389554875
500525 LAGUNA CARAPA,134.0,5,139.0,500525,Laguna Carapã,  5 005 251 ,   6 799,6799.0,20.444182968083542
500540 MARACAJU,591.0,31,622.0,500540,Maracaju,  5 005 400 ,   45 047,45047.0,13.807800741447823
500560 MIRANDA,341.0,5,346.0,500560,Miranda,  5 005 608 ,   25 536,25536.0,13.549498746867167
500568 MUNDO NOVO,177.0,41,218.0,500568,Mundo Novo,  5 005 681 ,   19 193,19193.0,11.358307716354922
500570 NAVIRAI,724.0,83,807.0,500570,Naviraí,  5 005 707 ,   50 457,50457.0,15.993816517034306
500580 NIOAQUE,190.0,5,195.0,500580,Nioaque,  5 005 806 ,   13 220,13220.0,14.750378214826021
500600 NOVA ALVORADA DO SUL,270.0,19,289.0,500600,Nova Alvorada do Sul,  5 006 002 ,   21 822,21822.0,13.24351571808267
500620 NOVA ANDRADINA,829.0,273,1102.0,500620,Nova Andradina,  5 006 200 ,   48 563,48563.0,22.692173053559294
500625 NOVO HORIZONTE DO SUL,94.0,-,94.0,500625,Novo Horizonte do Sul,  5 006 259 ,   4 721,4721.0,19.911035797500528
500627 PARAISO DAS AGUAS,111.0,7,118.0,500627,Paraíso das Águas,  5 006 275 ,   5 510,5510.0,21.415607985480943
500630 PARANAIBA,607.0,200,807.0,500630,Paranaíba,  5 006 309 ,   40 957,40957.0,19.703591571648314
500635 PARANHOS,192.0,5,197.0,500635,Paranhos,  5 006 358 ,   12 921,12921.0,15.246497949075149
500640 PEDRO GOMES,95.0,8,103.0,500640,Pedro Gomes,  5 006 408 ,   6 941,6941.0,14.839360322720069
500660 PONTA PORA,1599.0,121,1720.0,500660,Ponta Porã,  5 006 606 ,   92 017,92017.0,18.692198180770944
500690 PORTO MURTINHO,216.0,6,222.0,500690,Porto Murtinho,  5 006 903 ,   12 859,12859.0,17.264172952795708
500710 RIBAS DO RIO PARDO,190.0,23,213.0,500710,Ribas do Rio Pardo,  5 007 109 ,   23 150,23150.0,9.200863930885529
500720 RIO BRILHANTE,432.0,73,505.0,500720,Rio Brilhante,  5 007 208 ,   37 601,37601.0,13.430493869843888
500730 RIO NEGRO,70.0,5,75.0,500730,Rio Negro,  5 007 307 ,   4 841,4841.0,15.49266680437926
500740 RIO VERDE DE MATO GROSSO,308.0,20,328.0,500740,Rio Verde de Mato Grosso,  5 007 406 ,   19 818,19818.0,16.550610556060146
500750 ROCHEDO,102.0,2,104.0,500750,Rochedo,  5 007 505 ,   5 199,5199.0,20.00384689363339
500755 SANTA RITA DO PARDO,119.0,-,119.0,500755,Santa Rita do Pardo,  5 007 554 ,   7 027,7027.0,16.934680518001993
500769 SAO GABRIEL DO OESTE,441.0,41,482.0,500769,São Gabriel do Oeste,  5 007 695 ,   29 579,29579.0,16.295344670205214
500770 SETE QUEDAS,120.0,14,134.0,500770,Sete Quedas,  5 007 703 ,   10 994,10994.0,12.188466436237949
500780 SELVIRIA,92.0,2,94.0,500780,Selvíria,  5 007 802 ,   8 142,8142.0,11.545074920167036
500790 SIDROLANDIA,561.0,39,600.0,500790,Sidrolândia,  5 007 901 ,   47 118,47118.0,12.73398701133325
500793 SONORA,235.0,17,252.0,500793,Sonora,  5 007 935 ,   14 516,14516.0,17.360154312482777
500795 TACURU,195.0,3,198.0,500795,Tacuru,  5 007 950 ,   10 808,10808.0,18.31976313841599
500797 TAQUARUSSU,36.0,-,36.0,500797,Taquarussu,  5 007 976 ,   3 625,3625.0,9.931034482758621
500800 TERENOS,221.0,12,233.0,500800,Terenos,  5 008 008 ,   17 652,17652.0,13.199637434851574
500830 TRES LAGOAS,2797.0,501,3298.0,500830,Três Lagoas,  5 008 305 ,   132 152,132152.0,24.95611114474242
500840 VICENTINA,110.0,2,112.0,500840,Vicentina,  5 008 404 ,   6 336,6336.0,17.676767676767675
510010 ACORIZAL,65.0,1,66.0,510010,Acorizal,  5 100 102 ,   5 014,5014.0,13.16314319904268
510020 AGUA BOA,546.0,80,626.0,510020,Água Boa,  5 100 201 ,   29 219,29219.0,21.424415619973303
510025 ALTA FLORESTA,938.0,209,1147.0,510025,Alta Floresta,  5 100 250 ,   58 613,58613.0,19.569037585518572
510030 ALTO ARAGUAIA,238.0,51,289.0,510030,Alto Araguaia,  5 100 300 ,   17 193,17193.0,16.80916652125865
510035 ALTO BOA VISTA,85.0,2,87.0,510035,Alto Boa Vista,  5 100 359 ,   5 715,5715.0,15.223097112860891
510040 ALTO GARCAS,99.0,9,108.0,510040,Alto Garças,  5 100 409 ,   13 052,13052.0,8.27459393196445
510050 ALTO PARAGUAI,101.0,-,101.0,510050,Alto Paraguai,  5 100 508 ,   8 009,8009.0,12.610812835559996
510060 ALTO TAQUARI,118.0,12,130.0,510060,Alto Taquari,  5 100 607 ,   10 904,10904.0,11.922230374174616
510080 APIACAS,106.0,2,108.0,510080,Apiacás,  5 100 805 ,   8 590,8590.0,12.572759022118742
510100 ARAGUAIANA,108.0,-,108.0,510100,Araguaiana,  5 101 001 ,   3 795,3795.0,28.458498023715414
510120 ARAGUAINHA,30.0,-,30.0,510120,Araguainha,  5 101 209 ,   1 010,1010.0,29.7029702970297
510125 ARAPUTANGA,152.0,44,196.0,510125,Araputanga,  5 101 258 ,   14 786,14786.0,13.25578249695658
510130 ARENAPOLIS,183.0,9,192.0,510130,Arenápolis,  5 101 308 ,   10 576,10576.0,18.15431164901664
510140 ARIPUANA,251.0,36,287.0,510140,Aripuanã,  5 101 407 ,   24 626,24626.0,11.654349061967027
510160 BARAO DE MELGACO,91.0,-,91.0,510160,Barão de Melgaço,  5 101 605 ,   7 253,7253.0,12.546532469323038
510170 BARRA DO BUGRES,344.0,58,402.0,510170,Barra do Bugres,  5 101 704 ,   29 403,29403.0,13.672074278134884
510180 BARRA DO GARCAS,1380.0,332,1712.0,510180,Barra do Garças,  5 101 803 ,   69 210,69210.0,24.736309781823437
510185 BOM JESUS DO ARAGUAIA,99.0,2,101.0,510185,Bom Jesus do Araguaia,  5 101 852 ,   7 280,7280.0,13.873626373626372
510190 BRASNORTE,335.0,6,341.0,510190,Brasnorte,  5 101 902 ,   17 004,17004.0,20.05410491649024
510250 CACERES,1325.0,289,1614.0,510250,Cáceres,  5 102 504 ,   89 681,89681.0,17.997123136450305
510260 CAMPINAPOLIS,305.0,-,305.0,510260,Campinápolis,  5 102 603 ,   15 347,15347.0,19.87359092982342
510263 CAMPO NOVO DO PARECIS,438.0,366,804.0,510263,Campo Novo do Parecis,  5 102 637 ,   45 899,45899.0,17.516721497200372
510267 CAMPO VERDE,594.0,109,703.0,510267,Campo Verde,  5 102 678 ,   44 585,44585.0,15.767634854771783
510268 CAMPOS DE JULIO,159.0,19,178.0,510268,Campos de Júlio,  5 102 686 ,   8 822,8822.0,20.176830650646114
510269 CANABRAVA DO NORTE,81.0,-,81.0,510269,Canabrava do Norte,  5 102 694 ,   4 485,4485.0,18.06020066889632
510270 CANARANA,385.0,119,504.0,510270,Canarana,  5 102 702 ,   25 858,25858.0,19.49106659447753
510279 CARLINDA,90.0,4,94.0,510279,Carlinda,  5 102 793 ,   10 332,10332.0,9.097948122338366
510285 CASTANHEIRA,81.0,7,88.0,510285,Castanheira,  5 102 850 ,   7 506,7506.0,11.723954169997336
510300 CHAPADA DOS GUIMARAES,207.0,12,219.0,510300,Chapada dos Guimarães,  5 103 007 ,   18 990,18990.0,11.532385466034755
510305 CLAUDIA,144.0,1,145.0,510305,Cláudia,  5 103 056 ,   9 593,9593.0,15.115188158031899
510310 COCALINHO,121.0,4,125.0,510310,Cocalinho,  5 103 106 ,   6 220,6220.0,20.09646302250804
510320 COLIDER,746.0,71,817.0,510320,Colíder,  5 103 205 ,   31 370,31370.0,26.043991074274782
510325 COLNIZA,256.0,52,308.0,510325,Colniza,  5 103 254 ,   25 766,25766.0,11.953737483505394
510330 COMODORO,232.0,38,270.0,510330,Comodoro,  5 103 304 ,   18 238,18238.0,14.804254852505759
510335 CONFRESA,396.0,132,528.0,510335,Confresa,  5 103 353 ,   35 075,35075.0,15.053456878118318
510336 CONQUISTA D'OESTE,73.0,1,74.0,510336,Conquista D'Oeste,  5 103 361 ,   3 760,3760.0,19.680851063829788
510337 COTRIGUACU,164.0,22,186.0,510337,Cotriguaçu,  5 103 379 ,   11 011,11011.0,16.89219871038053
510340 CUIABA,12576.0,4574,17150.0,510340,Cuiabá,  5 103 403 ,   650 877,650877.0,26.349064416164655
510343 CURVELANDIA,59.0,2,61.0,510343,Curvelândia,  5 103 437 ,   4 903,4903.0,12.441362431164594
510345 DENISE,70.0,8,78.0,510345,Denise,  5 103 452 ,   7 014,7014.0,11.120615911035072
510350 DIAMANTINO,421.0,23,444.0,510350,Diamantino,  5 103 502 ,   21 941,21941.0,20.236087689713322
510360 DOM AQUINO,90.0,2,92.0,510360,Dom Aquino,  5 103 601 ,   7 872,7872.0,11.686991869918698
510370 FELIZ NATAL,156.0,5,161.0,510370,Feliz Natal,  5 103 700 ,   10 521,10521.0,15.302727877578176
510380 FIGUEIROPOLIS D'OESTE,49.0,-,49.0,510380,Figueirópolis D'Oeste,  5 103 809 ,   3 187,3187.0,15.374960778161281
510385 GAUCHA DO NORTE,197.0,13,210.0,510385,Gaúcha do Norte,  5 103 858 ,   8 642,8642.0,24.299930571626938
510390 GENERAL CARNEIRO,82.0,-,82.0,510390,General Carneiro,  5 103 908 ,   6 037,6037.0,13.582905416597647
510395 GLORIA D'OESTE,52.0,-,52.0,510395,Glória D'Oeste,  5 103 957 ,   2 905,2905.0,17.900172117039585
510410 GUARANTA DO NORTE,418.0,63,481.0,510410,Guarantã do Norte,  5 104 104 ,   31 024,31024.0,15.504125838060856
510420 GUIRATINGA,151.0,9,160.0,510420,Guiratinga,  5 104 203 ,   10 966,10966.0,14.590552617180377
510450 INDIAVAI,35.0,-,35.0,510450,Indiavaí,  5 104 500 ,   2 213,2213.0,15.815634884771804
510452 IPIRANGA DO NORTE,111.0,9,120.0,510452,Ipiranga do Norte,  5 104 526 ,   7 815,7815.0,15.355086372360844
510454 ITANHANGA,79.0,-,79.0,510454,Itanhangá,  5 104 542 ,   7 539,7539.0,10.478843347924128
510455 ITAUBA,92.0,1,93.0,510455,Itaúba,  5 104 559 ,   5 020,5020.0,18.52589641434263
510460 ITIQUIRA,224.0,8,232.0,510460,Itiquira,  5 104 609 ,   12 236,12236.0,18.960444589735207
510480 JACIARA,362.0,73,435.0,510480,Jaciara,  5 104 807 ,   28 569,28569.0,15.226294235009977
510490 JANGADA,106.0,4,110.0,510490,Jangada,  5 104 906 ,   7 426,7426.0,14.812819822246162
510500 JAURU,125.0,6,131.0,510500,Jauru,  5 105 002 ,   8 367,8367.0,15.656746743157642
510510 JUARA,429.0,110,539.0,510510,Juara,  5 105 101 ,   34 906,34906.0,15.441471380278461
510515 JUINA,676.0,354,1030.0,510515,Juína,  5 105 150 ,   45 869,45869.0,22.455253003117573
510517 JURUENA,121.0,13,134.0,510517,Juruena,  5 105 176 ,   10 213,10213.0,13.120532654460003
510520 JUSCIMEIRA,181.0,3,184.0,510520,Juscimeira,  5 105 200 ,   11 480,11480.0,16.027874564459932
510523 LAMBARI D'OESTE,83.0,-,83.0,510523,Lambari D'Oeste,  5 105 234 ,   4 790,4790.0,17.32776617954071
510525 LUCAS DO RIO VERDE,1082.0,157,1239.0,510525,Lucas do Rio Verde,  5 105 259 ,   83 798,83798.0,14.78555574118714
510530 LUCIARA,72.0,-,72.0,510530,Luciara,  5 105 309 ,   2 509,2509.0,28.696691909127143
510550 VILA BELA DA SANTISSIMA TRINDADE,221.0,2,223.0,510550,Vila Bela da Santíssima Trindade,  5 105 507 ,   16 774,16774.0,13.294384165971145
510558 MARCELANDIA,178.0,4,182.0,510558,Marcelândia,  5 105 580 ,   11 396,11396.0,15.97051597051597
510560 MATUPA,216.0,35,251.0,510560,Matupá,  5 105 606 ,   20 091,20091.0,12.493156139564979
510562 MIRASSOL D'OESTE,237.0,50,287.0,510562,Mirassol d'Oeste,  5 105 622 ,   26 785,26785.0,10.714952398730633
510590 NOBRES,214.0,63,277.0,510590,Nobres,  5 105 903 ,   15 492,15492.0,17.880196230312418
510600 NORTELANDIA,99.0,3,102.0,510600,Nortelândia,  5 106 000 ,   5 956,5956.0,17.12558764271323
510610 NOSSA SENHORA DO LIVRAMENTO,135.0,2,137.0,510610,Nossa Senhora do Livramento,  5 106 109 ,   12 940,12940.0,10.587326120556416
510615 NOVA BANDEIRANTES,147.0,11,158.0,510615,Nova Bandeirantes,  5 106 158 ,   13 635,13635.0,11.587825449211588
510617 NOVA NAZARE,62.0,-,62.0,510617,Nova Nazaré,  5 106 174 ,   4 200,4200.0,14.761904761904763
510618 NOVA LACERDA,74.0,1,75.0,510618,Nova Lacerda,  5 106 182 ,   6 670,6670.0,11.244377811094454
510619 NOVA SANTA HELENA,64.0,-,64.0,510619,Nova Santa Helena,  5 106 190 ,   4 239,4239.0,15.097900448218919
510620 NOVA BRASILANDIA,77.0,-,77.0,510620,Nova Brasilândia,  5 106 208 ,   3 932,3932.0,19.582909460834184
510621 NOVA CANAA DO NORTE,143.0,4,147.0,510621,Nova Canaã do Norte,  5 106 216 ,   11 707,11707.0,12.556590074314512
510622 NOVA MUTUM,674.0,217,891.0,510622,Nova Mutum,  5 106 224 ,   55 839,55839.0,15.956589480470639
510623 NOVA OLIMPIA,198.0,34,232.0,510623,Nova Olímpia,  5 106 232 ,   16 352,16352.0,14.187866927592955
510624 NOVA UBIRATA,174.0,-,174.0,510624,Nova Ubiratã,  5 106 240 ,   11 530,11530.0,15.091066782307024
510625 NOVA XAVANTINA,302.0,3,305.0,510625,Nova Xavantina,  5 106 257 ,   24 345,24345.0,12.52823988498665
510626 NOVO MUNDO,108.0,-,108.0,510626,Novo Mundo,  5 106 265 ,   6 520,6520.0,16.564417177914113
510627 NOVO HORIZONTE DO NORTE,81.0,7,88.0,510627,Novo Horizonte do Norte,  5 106 273 ,   3 349,3349.0,26.276500447894893
510628 NOVO SAO JOAQUIM,134.0,-,134.0,510628,Novo São Joaquim,  5 106 281 ,   6 919,6919.0,19.366960543431134
510629 PARANAITA,187.0,17,204.0,510629,Paranaíta,  5 106 299 ,   11 671,11671.0,17.479222003255934
510630 PARANATINGA,302.0,17,319.0,510630,Paranatinga,  5 106 307 ,   26 423,26423.0,12.07281535026303
510631 NOVO SANTO ANTONIO,55.0,-,55.0,510631,Novo Santo Antônio,  5 106 315 ,   2 015,2015.0,27.29528535980149
510637 PEDRA PRETA,178.0,5,183.0,510637,Pedra Preta,  5 106 372 ,   18 066,18066.0,10.129525074726006
510642 PEIXOTO DE AZEVEDO,536.0,12,548.0,510642,Peixoto de Azevedo,  5 106 422 ,   32 714,32714.0,16.75123800207862
510645 PLANALTO DA SERRA,60.0,-,60.0,510645,Planalto da Serra,  5 106 455 ,   3 166,3166.0,18.951358180669615
510650 POCONE,385.0,39,424.0,510650,Poconé,  5 106 505 ,   31 217,31217.0,13.582342954159593
510665 PONTAL DO ARAGUAIA,77.0,-,77.0,510665,Pontal do Araguaia,  5 106 653 ,   6 932,6932.0,11.107905366416619
510670 PONTE BRANCA,78.0,1,79.0,510670,Ponte Branca,  5 106 703 ,   2 008,2008.0,39.342629482071715
510675 PONTES E LACERDA,524.0,88,612.0,510675,Pontes e Lacerda,  5 106 752 ,   52 018,52018.0,11.765158214464224
510677 PORTO ALEGRE DO NORTE,150.0,2,152.0,510677,Porto Alegre do Norte,  5 106 778 ,   12 127,12127.0,12.534015007833759
510680 PORTO DOS GAUCHOS,112.0,-,112.0,510680,Porto dos Gaúchos,  5 106 802 ,   5 593,5593.0,20.02503128911139
510682 PORTO ESPERIDIAO,132.0,1,133.0,510682,Porto Esperidião,  5 106 828 ,   10 204,10204.0,13.034104272834181
510685 PORTO ESTRELA,53.0,-,53.0,510685,Porto Estrela,  5 106 851 ,   3 224,3224.0,16.439205955334987
510700 POXOREO,206.0,8,214.0,510700,Poxoréu,  5 107 008 ,   23 283,23283.0,9.191255422411203
510704 PRIMAVERA DO LESTE,1020.0,500,1520.0,510704,Primavera do Leste,  5 107 040 ,   85 146,85146.0,17.851690038287177
510706 QUERENCIA,406.0,67,473.0,510706,Querência,  5 107 065 ,   26 769,26769.0,17.669692554820873
510710 SAO JOSE DOS QUATRO MARCOS,141.0,16,157.0,510710,São José dos Quatro Marcos,  5 107 107 ,   17 849,17849.0,8.79601098100734
510715 RESERVA DO CABACAL,62.0,-,62.0,510715,Reserva do Cabaçal,  5 107 156 ,   2 122,2122.0,29.2177191328935
510718 RIBEIRAO CASCALHEIRA,137.0,8,145.0,510718,Ribeirão Cascalheira,  5 107 180 ,   10 089,10089.0,14.372088413123205
510719 RIBEIRAOZINHO,65.0,-,65.0,510719,Ribeirãozinho,  5 107 198 ,   2 593,2593.0,25.06748939452372
510720 RIO BRANCO,72.0,3,75.0,510720,Rio Branco,  5 107 206 ,   4 535,4535.0,16.538037486218304
510724 SANTA CARMEM,68.0,5,73.0,510724,Santa Carmem,  5 107 248 ,   5 374,5374.0,13.58392259024935
510726 SANTO AFONSO,71.0,1,72.0,510726,Santo Afonso,  5 107 263 ,   2 519,2519.0,28.582770940849546
510729 SAO JOSE DO POVO,59.0,-,59.0,510729,São José do Povo,  5 107 297 ,   2 875,2875.0,20.52173913043478
510730 SAO JOSE DO RIO CLARO,233.0,18,251.0,510730,São José do Rio Claro,  5 107 305 ,   14 911,14911.0,16.83321038159748
510735 SAO JOSE DO XINGU,94.0,-,94.0,510735,São José do Xingu,  5 107 354 ,   5 964,5964.0,15.761234071093227
510740 SAO PEDRO DA CIPA,52.0,-,52.0,510740,São Pedro da Cipa,  5 107 404 ,   4 191,4191.0,12.407539966595085
510757 RONDOLANDIA,59.0,-,59.0,510757,Rondolândia,  5 107 578 ,   3 505,3505.0,16.833095577746075
510760 RONDONOPOLIS,3825.0,664,4489.0,510760,Rondonópolis,  5 107 602 ,   244 911,244911.0,18.329107308369164
510770 ROSARIO OESTE,183.0,-,183.0,510770,Rosário Oeste,  5 107 701 ,   15 453,15453.0,11.842360706658901
510774 SANTA CRUZ DO XINGU,54.0,-,54.0,510774,Santa Cruz do Xingu,  5 107 743 ,   2 661,2661.0,20.29312288613303
510775 SALTO DO CEU,79.0,2,81.0,510775,Salto do Céu,  5 107 750 ,   3 679,3679.0,22.016852405544988
510776 SANTA RITA DO TRIVELATO,67.0,5,72.0,510776,Santa Rita do Trivelato,  5 107 768 ,   3 276,3276.0,21.978021978021978
510777 SANTA TEREZINHA,145.0,-,145.0,510777,Santa Terezinha,  5 107 776 ,   7 596,7596.0,19.08899420747762
510779 SANTO ANTONIO DO LESTE,65.0,-,65.0,510779,Santo Antônio do Leste,  5 107 792 ,   4 099,4099.0,15.857526225908757
510780 SANTO ANTONIO DO LEVERGER,205.0,45,250.0,510780,Santo Antônio de Leverger,  5 107 800 ,   15 246,15246.0,16.39774367047094
510785 SAO FELIX DO ARAGUAIA,277.0,1,278.0,510785,São Félix do Araguaia,  5 107 859 ,   13 621,13621.0,20.40966155201527
510787 SAPEZAL,301.0,48,349.0,510787,Sapezal,  5 107 875 ,   28 944,28944.0,12.057766721945827
510788 SERRA NOVA DOURADA,50.0,-,50.0,510788,Serra Nova Dourada,  5 107 883 ,   1 800,1800.0,27.777777777777775
510790 SINOP,2427.0,1022,3449.0,510790,Sinop,  5 107 909 ,   196 312,196312.0,17.56897184074331
510792 SORRISO,1361.0,443,1804.0,510792,Sorriso,  5 107 925 ,   110 635,110635.0,16.305870655759932
510794 TABAPORA,122.0,6,128.0,510794,Tabaporã,  5 107 941 ,   9 818,9818.0,13.03727846811978
510795 TANGARA DA SERRA,1047.0,673,1720.0,510795,Tangará da Serra,  5 107 958 ,   106 434,106434.0,16.160249544318543
510800 TAPURAH,167.0,13,180.0,510800,Tapurah,  5 108 006 ,   14 370,14370.0,12.526096033402924
510805 TERRA NOVA DO NORTE,139.0,6,145.0,510805,Terra Nova do Norte,  5 108 055 ,   10 616,10616.0,13.658628485305199
510810 TESOURO,66.0,-,66.0,510810,Tesouro,  5 108 105 ,   3 025,3025.0,21.81818181818182
510820 TORIXOREU,94.0,1,95.0,510820,Torixoréu,  5 108 204 ,   4 164,4164.0,22.81460134486071
510830 UNIAO DO SUL,71.0,8,79.0,510830,União do Sul,  5 108 303 ,   3 838,3838.0,20.58363731109953
510835 VALE DE SAO DOMINGOS,71.0,1,72.0,510835,Vale de São Domingos,  5 108 352 ,   2 904,2904.0,24.793388429752067
510840 VARZEA GRANDE,3187.0,386,3573.0,510840,Várzea Grande,  5 108 402 ,   300 078,300078.0,11.906904204906725
510850 VERA,113.0,7,120.0,510850,Vera,  5 108 501 ,   12 800,12800.0,9.375
510860 VILA RICA,198.0,33,231.0,510860,Vila Rica,  5 108 600 ,   19 888,19888.0,11.615044247787612
510880 NOVA GUARITA,69.0,1,70.0,510880,Nova Guarita,  5 108 808 ,   4 590,4590.0,15.250544662309368
510885 NOVA MARILANDIA,68.0,-,68.0,510885,Nova Marilândia,  5 108 857 ,   3 529,3529.0,19.268914706715783
510890 NOVA MARINGA,104.0,1,105.0,510890,Nova Maringá,  5 108 907 ,   5 846,5846.0,17.9609989736572
510895 NOVA MONTE VERDE,106.0,-,106.0,510895,Nova Monte Verde,  5 108 956 ,   8 313,8313.0,12.751112715024659
520005 ABADIA DE GOIAS,144.0,8,152.0,520005,Abadia de Goiás,  5 200 050 ,   19 128,19128.0,7.94646591384358
520010 ABADIANIA,242.0,21,263.0,520010,Abadiânia,  5 200 100 ,   17 232,17232.0,15.262302692664809
520013 ACREUNA,237.0,37,274.0,520013,Acreúna,  5 200 134 ,   21 568,21568.0,12.7040059347181
520015 ADELANDIA,37.0,-,37.0,520015,Adelândia,  5 200 159 ,   2 297,2297.0,16.10796691336526
520017 AGUA FRIA DE GOIAS,87.0,1,88.0,520017,Água Fria de Goiás,  5 200 175 ,   4 954,4954.0,17.763423496164712
520020 AGUA LIMPA,32.0,-,32.0,520020,Água Limpa,  5 200 209 ,   1 858,1858.0,17.222820236813778
520025 AGUAS LINDAS DE GOIAS,1628.0,199,1827.0,520025,Águas Lindas de Goiás,  5 200 258 ,   225 693,225693.0,8.095067193045422
520030 ALEXANIA,374.0,19,393.0,520030,Alexânia,  5 200 308 ,   27 008,27008.0,14.551244075829384
520050 ALOANDIA,44.0,3,47.0,520050,Aloândia,  5 200 506 ,   1 973,1973.0,23.82159148504815
520055 ALTO HORIZONTE,180.0,-,180.0,520055,Alto Horizonte,  5 200 555 ,   6 072,6072.0,29.644268774703555
520060 ALTO PARAISO DE GOIAS,172.0,29,201.0,520060,Alto Paraíso de Goiás,  5 200 605 ,   10 306,10306.0,19.5032020182418
520080 ALVORADA DO NORTE,168.0,7,175.0,520080,Alvorada do Norte,  5 200 803 ,   8 446,8446.0,20.719867392848688
520082 AMARALINA,55.0,-,55.0,520082,Amaralina,  5 200 829 ,   3 268,3268.0,16.82986536107711
520085 AMERICANO DO BRASIL,70.0,4,74.0,520085,Americano do Brasil,  5 200 852 ,   5 259,5259.0,14.071116181783609
520090 AMORINOPOLIS,69.0,-,69.0,520090,Amorinópolis,  5 200 902 ,   3 007,3007.0,22.94645826405055
520110 ANAPOLIS,6663.0,1833,8496.0,520110,Anápolis,  5 201 108 ,   398 869,398869.0,21.30022639011806
520120 ANHANGUERA,23.0,-,23.0,520120,Anhanguera,  5 201 207 ,924,924.0,24.89177489177489
520130 ANICUNS,256.0,20,276.0,520130,Anicuns,  5 201 306 ,   18 503,18503.0,14.916500027022645
520140 APARECIDA DE GOIANIA,6264.0,821,7085.0,520140,Aparecida de Goiânia,  5 201 405 ,   527 796,527796.0,13.423747053785933
520145 APARECIDA DO RIO DOCE,53.0,-,53.0,520145,Aparecida do Rio Doce,  5 201 454 ,   2 907,2907.0,18.23185414516684
520150 APORE,84.0,-,84.0,520150,Aporé,  5 201 504 ,   4 325,4325.0,19.421965317919074
520160 ARACU,91.0,11,102.0,520160,Araçu,  5 201 603 ,   3 799,3799.0,26.849170834430115
520170 ARAGARCAS,235.0,7,242.0,520170,Aragarças,  5 201 702 ,   18 390,18390.0,13.159325720500272
520180 ARAGOIANIA,147.0,5,152.0,520180,Aragoiânia,  5 201 801 ,   11 890,11890.0,12.7838519764508
520215 ARAGUAPAZ,101.0,1,102.0,520215,Araguapaz,  5 202 155 ,   7 153,7153.0,14.259751153362226
520235 ARENOPOLIS,77.0,-,77.0,520235,Arenópolis,  5 202 353 ,   2 946,2946.0,26.137135098438563
520250 ARUANA,101.0,1,102.0,520250,Aruanã,  5 202 502 ,   8 300,8300.0,12.289156626506024
520260 AURILANDIA,48.0,8,56.0,520260,Aurilândia,  5 202 601 ,   3 284,3284.0,17.05237515225335
520280 AVELINOPOLIS,54.0,-,54.0,520280,Avelinópolis,  5 202 809 ,   2 868,2868.0,18.82845188284519
520310 BALIZA,65.0,-,65.0,520310,Baliza,  5 203 104 ,   3 351,3351.0,19.39719486720382
520320 BARRO ALTO,180.0,29,209.0,520320,Barro Alto,  5 203 203 ,   10 371,10371.0,20.152347893163633
520330 BELA VISTA DE GOIAS,409.0,34,443.0,520330,Bela Vista de Goiás,  5 203 302 ,   34 445,34445.0,12.861082885759908
520340 BOM JARDIM DE GOIAS,108.0,3,111.0,520340,Bom Jardim de Goiás,  5 203 401 ,   7 826,7826.0,14.183490927676974
520350 BOM JESUS DE GOIAS,250.0,31,281.0,520350,Bom Jesus de Goiás,  5 203 500 ,   23 958,23958.0,11.728858836296853
520355 BONFINOPOLIS,96.0,-,96.0,520355,Bonfinópolis,  5 203 559 ,   10 296,10296.0,9.324009324009324
520357 BONOPOLIS,67.0,-,67.0,520357,Bonópolis,  5 203 575 ,   3 299,3299.0,20.309184601394364
520360 BRAZABRANTES,64.0,-,64.0,520360,Brazabrantes,  5 203 609 ,   3 992,3992.0,16.03206412825651
520380 BRITANIA,126.0,6,132.0,520380,Britânia,  5 203 807 ,   5 695,5695.0,23.17822651448639
520390 BURITI ALEGRE,114.0,4,118.0,520390,Buriti Alegre,  5 203 906 ,   10 495,10495.0,11.24344926155312
520393 BURITI DE GOIAS,62.0,-,62.0,520393,Buriti de Goiás,  5 203 939 ,   2 732,2732.0,22.693997071742313
520396 BURITINOPOLIS,48.0,-,48.0,520396,Buritinópolis,  5 203 962 ,   3 145,3145.0,15.262321144674086
520400 CABECEIRAS,113.0,6,119.0,520400,Cabeceiras,  5 204 003 ,   7 560,7560.0,15.740740740740739
520410 CACHOEIRA ALTA,117.0,4,121.0,520410,Cachoeira Alta,  5 204 102 ,   11 513,11513.0,10.509858420915487
520420 CACHOEIRA DE GOIAS,43.0,1,44.0,520420,Cachoeira de Goiás,  5 204 201 ,   1 405,1405.0,31.31672597864769
520425 CACHOEIRA DOURADA,121.0,6,127.0,520425,Cachoeira Dourada,  5 204 250 ,   7 782,7782.0,16.31971215625803
520430 CACU,201.0,17,218.0,520430,Caçu,  5 204 300 ,   13 774,13774.0,15.826920284594163
520440 CAIAPONIA,193.0,4,197.0,520440,Caiapônia,  5 204 409 ,   16 513,16513.0,11.929994549748683
520450 CALDAS NOVAS,1124.0,191,1315.0,520450,Caldas Novas,  5 204 508 ,   98 622,98622.0,13.333738922349982
520455 CALDAZINHA,63.0,-,63.0,520455,Caldazinha,  5 204 557 ,   4 507,4507.0,13.978256046150433
520460 CAMPESTRE DE GOIAS,57.0,-,57.0,520460,Campestre de Goiás,  5 204 607 ,   3 755,3755.0,15.179760319573901
520465 CAMPINACU,112.0,2,114.0,520465,Campinaçu,  5 204 656 ,   3 708,3708.0,30.744336569579286
520470 CAMPINORTE,133.0,12,145.0,520470,Campinorte,  5 204 706 ,   12 510,12510.0,11.590727418065548
520480 CAMPO ALEGRE DE GOIAS,108.0,3,111.0,520480,Campo Alegre de Goiás,  5 204 805 ,   7 422,7422.0,14.955537590945838
520485 CAMPO LIMPO DE GOIAS,103.0,-,103.0,520485,Campo Limpo de Goiás,  5 204 854 ,   8 081,8081.0,12.74594728375201
520490 CAMPOS BELOS,299.0,74,373.0,520490,Campos Belos,  5 204 904 ,   18 108,18108.0,20.598630439584717
520495 CAMPOS VERDES,60.0,-,60.0,520495,Campos Verdes,  5 204 953 ,   4 005,4005.0,14.9812734082397
520500 CARMO DO RIO VERDE,118.0,3,121.0,520500,Carmo do Rio Verde,  5 205 000 ,   9 710,9710.0,12.461380020597321
520505 CASTELANDIA,60.0,-,60.0,520505,Castelândia,  5 205 059 ,   2 985,2985.0,20.100502512562816
520510 CATALAO,970.0,509,1479.0,520510,Catalão,  5 205 109 ,   114 427,114427.0,12.925271133561134
520520 CATURAI,78.0,1,79.0,520520,Caturaí,  5 205 208 ,   5 184,5184.0,15.239197530864198
520530 CAVALCANTE,146.0,-,146.0,520530,Cavalcante,  5 205 307 ,   9 583,9583.0,15.23531253260983
520540 CERES,740.0,190,930.0,520540,Ceres,  5 205 406 ,   22 046,22046.0,42.184523269527354
520545 CEZARINA,132.0,2,134.0,520545,Cezarina,  5 205 455 ,   8 090,8090.0,16.563658838071692
520547 CHAPADAO DO CEU,188.0,7,195.0,520547,Chapadão do Céu,  5 205 471 ,   12 870,12870.0,15.151515151515152
520549 CIDADE OCIDENTAL,631.0,51,682.0,520549,Cidade Ocidental,  5 205 497 ,   91 767,91767.0,7.431865485414146
520551 COCALZINHO DE GOIAS,308.0,22,330.0,520551,Cocalzinho de Goiás,  5 205 513 ,   25 016,25016.0,13.191557403261912
520552 COLINAS DO SUL,72.0,-,72.0,520552,Colinas do Sul,  5 205 521 ,   4 030,4030.0,17.866004962779158
520570 CORREGO DO OURO,36.0,-,36.0,520570,Córrego do Ouro,  5 205 703 ,   2 454,2454.0,14.669926650366747
520580 CORUMBA DE GOIAS,151.0,7,158.0,520580,Corumbá de Goiás,  5 205 802 ,   10 562,10562.0,14.959288013633781
520590 CORUMBAIBA,141.0,1,142.0,520590,Corumbaíba,  5 205 901 ,   9 164,9164.0,15.495416848537758
520620 CRISTALINA,695.0,47,742.0,520620,Cristalina,  5 206 206 ,   62 337,62337.0,11.903043136499992
520630 CRISTIANOPOLIS,49.0,4,53.0,520630,Cristianópolis,  5 206 305 ,   3 504,3504.0,15.125570776255707
520640 CRIXAS,260.0,58,318.0,520640,Crixás,  5 206 404 ,   17 065,17065.0,18.634632288309405
520650 CROMINIA,103.0,-,103.0,520650,Cromínia,  5 206 503 ,   3 883,3883.0,26.525882049961368
520660 CUMARI,46.0,-,46.0,520660,Cumari,  5 206 602 ,   2 927,2927.0,15.715749914588315
520670 DAMIANOPOLIS,80.0,-,80.0,520670,Damianópolis,  5 206 701 ,   3 770,3770.0,21.220159151193634
520680 DAMOLANDIA,85.0,-,85.0,520680,Damolândia,  5 206 800 ,   2 724,2724.0,31.20411160058737
520690 DAVINOPOLIS,51.0,-,51.0,520690,Davinópolis,  5 206 909 ,   1 902,1902.0,26.813880126182966
520710 DIORAMA,96.0,-,96.0,520710,Diorama,  5 207 105 ,   2 062,2062.0,46.55674102812803
520725 DOVERLANDIA,99.0,-,99.0,520725,Doverlândia,  5 207 253 ,   6 956,6956.0,14.232317423806785
520735 EDEALINA,117.0,3,120.0,520735,Edealina,  5 207 352 ,   4 001,4001.0,29.992501874531367
520740 EDEIA,187.0,15,202.0,520740,Edéia,  5 207 402 ,   11 747,11747.0,17.195879799097643
520750 ESTRELA DO NORTE,62.0,-,62.0,520750,Estrela do Norte,  5 207 501 ,   3 205,3205.0,19.34477379095164
520753 FAINA,111.0,-,111.0,520753,Faina,  5 207 535 ,   7 070,7070.0,15.700141442715701
520760 FAZENDA NOVA,92.0,1,93.0,520760,Fazenda Nova,  5 207 600 ,   5 877,5877.0,15.82440020418581
520780 FIRMINOPOLIS,134.0,16,150.0,520780,Firminópolis,  5 207 808 ,   10 419,10419.0,14.396775122372588
520790 FLORES DE GOIAS,180.0,-,180.0,520790,Flores de Goiás,  5 207 907 ,   13 744,13744.0,13.09662398137369
520800 FORMOSA,1529.0,309,1838.0,520800,Formosa,  5 208 004 ,   115 901,115901.0,15.85836187780951
520810 FORMOSO,77.0,1,78.0,520810,Formoso,  5 208 103 ,   4 660,4660.0,16.738197424892704
520815 GAMELEIRA DE GOIAS,74.0,2,76.0,520815,Gameleira de Goiás,  5 208 152 ,   3 456,3456.0,21.99074074074074
520830 DIVINOPOLIS DE GOIAS,115.0,2,117.0,520830,Divinópolis de Goiás,  5 208 301 ,   4 457,4457.0,26.250841373120934
520840 GOIANAPOLIS,154.0,25,179.0,520840,Goianápolis,  5 208 400 ,   13 967,13967.0,12.815923247655189
520850 GOIANDIRA,64.0,-,64.0,520850,Goiandira,  5 208 509 ,   4 973,4973.0,12.869495274482205
520860 GOIANESIA,897.0,161,1058.0,520860,Goianésia,  5 208 608 ,   73 707,73707.0,14.35413190063359
520870 GOIANIA,27676.0,8660,36336.0,520870,Goiânia,  5 208 707 ,  1 437 366,1437366.0,25.279573887235404
520880 GOIANIRA,357.0,13,370.0,520880,Goianira,  5 208 806 ,   71 916,71916.0,5.1448912620279215
520890 GOIAS,526.0,15,541.0,520890,Goiás,  5 208 905 ,   24 071,24071.0,22.47517759960118
520910 GOIATUBA,488.0,189,677.0,520910,Goiatuba,  5 209 101 ,   35 664,35664.0,18.982727680574246
520915 GOUVELANDIA,93.0,1,94.0,520915,Gouvelândia,  5 209 150 ,   4 390,4390.0,21.4123006833713
520920 GUAPO,174.0,5,179.0,520920,Guapó,  5 209 200 ,   19 545,19545.0,9.158352519826042
520929 GUARAITA,59.0,-,59.0,520929,Guaraíta,  5 209 291 ,   2 188,2188.0,26.96526508226691
520940 GUARANI DE GOIAS,48.0,-,48.0,520940,Guarani de Goiás,  5 209 408 ,   4 085,4085.0,11.750305997552019
520945 GUARINOS,40.0,-,40.0,520945,Guarinos,  5 209 457 ,   2 161,2161.0,18.509949097639982
520960 HEITORAI,69.0,14,83.0,520960,Heitoraí,  5 209 606 ,   3 354,3354.0,24.746571258199165
520970 HIDROLANDIA,235.0,5,240.0,520970,Hidrolândia,  5 209 705 ,   27 742,27742.0,8.651142671761228
520980 HIDROLINA,73.0,-,73.0,520980,Hidrolina,  5 209 804 ,   3 545,3545.0,20.59238363892807
520990 IACIARA,105.0,-,105.0,520990,Iaciara,  5 209 903 ,   10 584,10584.0,9.920634920634921
520993 INACIOLANDIA,118.0,6,124.0,520993,Inaciolândia,  5 209 937 ,   5 954,5954.0,20.826335236815584
520995 INDIARA,222.0,8,230.0,520995,Indiara,  5 209 952 ,   17 061,17061.0,13.481038626106324
521000 INHUMAS,657.0,85,742.0,521000,Inhumas,  5 210 000 ,   52 204,52204.0,14.213470232166117
521010 IPAMERI,522.0,83,605.0,521010,Ipameri,  5 210 109 ,   25 548,25548.0,23.68091435728824
521015 IPIRANGA DE GOIAS,38.0,1,39.0,521015,Ipiranga de Goiás,  5 210 158 ,   2 919,2919.0,13.360739979445015
521020 IPORA,459.0,167,626.0,521020,Iporá,  5 210 208 ,   35 684,35684.0,17.54287635915256
521030 ISRAELANDIA,54.0,-,54.0,521030,Israelândia,  5 210 307 ,   2 560,2560.0,21.09375
521040 ITABERAI,439.0,124,563.0,521040,Itaberaí,  5 210 406 ,   44 734,44734.0,12.585505432109805
521056 ITAGUARI,72.0,-,72.0,521056,Itaguari,  5 210 562 ,   4 963,4963.0,14.50735442272819
521060 ITAGUARU,102.0,3,105.0,521060,Itaguaru,  5 210 604 ,   4 904,4904.0,21.411092985318106
521080 ITAJA,93.0,2,95.0,521080,Itajá,  5 210 802 ,   4 380,4380.0,21.689497716894977
521090 ITAPACI,271.0,78,349.0,521090,Itapaci,  5 210 901 ,   21 087,21087.0,16.550481339213732
521100 ITAPIRAPUA,106.0,-,106.0,521100,Itapirapuã,  5 211 008 ,   8 007,8007.0,13.238416385662545
521120 ITAPURANGA,281.0,38,319.0,521120,Itapuranga,  5 211 206 ,   26 113,26113.0,12.216137556006586
521130 ITARUMA,121.0,2,123.0,521130,Itarumã,  5 211 305 ,   6 101,6101.0,20.160629405015573
521140 ITAUCU,108.0,-,108.0,521140,Itauçu,  5 211 404 ,   7 736,7736.0,13.960703205791106
521150 ITUMBIARA,1791.0,625,2416.0,521150,Itumbiara,  5 211 503 ,   107 970,107970.0,22.376586088728352
521160 IVOLANDIA,100.0,-,100.0,521160,Ivolândia,  5 211 602 ,   2 693,2693.0,37.13330857779428
521170 JANDAIA,98.0,-,98.0,521170,Jandaia,  5 211 701 ,   6 272,6272.0,15.625
521180 JARAGUA,581.0,45,626.0,521180,Jaraguá,  5 211 800 ,   45 223,45223.0,13.842513765119518
521190 JATAI,1404.0,357,1761.0,521190,Jataí,  5 211 909 ,   105 729,105729.0,16.65578980223023
521200 JAUPACI,50.0,-,50.0,521200,Jaupaci,  5 212 006 ,   2 924,2924.0,17.09986320109439
521205 JESUPOLIS,38.0,-,38.0,521205,Jesúpolis,  5 212 055 ,   2 123,2123.0,17.899199246349504
521210 JOVIANIA,142.0,4,146.0,521210,Joviânia,  5 212 105 ,   7 159,7159.0,20.39390976393351
521220 JUSSARA,246.0,82,328.0,521220,Jussara,  5 212 204 ,   19 620,19620.0,16.71763506625892
521225 LAGOA SANTA,28.0,-,28.0,521225,Lagoa Santa,  5 212 253 ,   1 390,1390.0,20.14388489208633
521230 LEOPOLDO DE BULHOES,72.0,-,72.0,521230,Leopoldo de Bulhões,  5 212 303 ,   8 745,8745.0,8.23327615780446
521250 LUZIANIA,1903.0,502,2405.0,521250,Luziânia,  5 212 501 ,   209 129,209129.0,11.5000788986702
521260 MAIRIPOTABA,33.0,-,33.0,521260,Mairipotaba,  5 212 600 ,   2 561,2561.0,12.885591565794611
521270 MAMBAI,122.0,1,123.0,521270,Mambaí,  5 212 709 ,   8 124,8124.0,15.140324963072379
521280 MARA ROSA,129.0,23,152.0,521280,Mara Rosa,  5 212 808 ,   10 700,10700.0,14.205607476635514
521290 MARZAGAO,57.0,-,57.0,521290,Marzagão,  5 212 907 ,   2 758,2758.0,20.667150108774475
521295 MATRINCHA,62.0,-,62.0,521295,Matrinchã,  5 212 956 ,   4 042,4042.0,15.338941118258289
521300 MAURILANDIA,137.0,-,137.0,521300,Maurilândia,  5 213 004 ,   10 304,10304.0,13.295807453416149
521305 MIMOSO DE GOIAS,38.0,-,38.0,521305,Mimoso de Goiás,  5 213 053 ,   2 614,2614.0,14.537107880642694
521308 MINACU,342.0,57,399.0,521308,Minaçu,  5 213 087 ,   27 075,27075.0,14.736842105263158
521310 MINEIROS,1073.0,197,1270.0,521310,Mineiros,  5 213 103 ,   70 081,70081.0,18.12188753014369
521340 MOIPORA,44.0,-,44.0,521340,Moiporá,  5 213 400 ,   1 685,1685.0,26.112759643916917
521350 MONTE ALEGRE DE GOIAS,122.0,9,131.0,521350,Monte Alegre de Goiás,  5 213 509 ,   6 692,6692.0,19.57561267184698
521370 MONTES CLAROS DE GOIAS,133.0,3,136.0,521370,Montes Claros de Goiás,  5 213 707 ,   8 756,8756.0,15.532206486980357
521375 MONTIVIDIU,141.0,2,143.0,521375,Montividiu,  5 213 756 ,   12 521,12521.0,11.420813034102707
521377 MONTIVIDIU DO NORTE,55.0,-,55.0,521377,Montividiu do Norte,  5 213 772 ,   3 779,3779.0,14.554114845197141
521380 MORRINHOS,575.0,127,702.0,521380,Morrinhos,  5 213 806 ,   51 351,51351.0,13.67061985160951
521385 MORRO AGUDO DE GOIAS,44.0,-,44.0,521385,Morro Agudo de Goiás,  5 213 855 ,   2 456,2456.0,17.915309446254074
521390 MOSSAMEDES,63.0,-,63.0,521390,Mossâmedes,  5 213 905 ,   4 654,4654.0,13.536742587021916
521400 MOZARLANDIA,220.0,48,268.0,521400,Mozarlândia,  5 214 002 ,   14 750,14750.0,18.169491525423727
521405 MUNDO NOVO,123.0,-,123.0,521405,Mundo Novo,  5 214 051 ,   6 189,6189.0,19.873969946679594
521410 MUTUNOPOLIS,52.0,-,52.0,521410,Mutunópolis,  5 214 101 ,   3 564,3564.0,14.590347923681257
521440 NAZARIO,125.0,-,125.0,521440,Nazário,  5 214 408 ,   8 189,8189.0,15.264379045060446
521450 NEROPOLIS,429.0,10,439.0,521450,Nerópolis,  5 214 507 ,   31 932,31932.0,13.747964424401854
521460 NIQUELANDIA,334.0,161,495.0,521460,Niquelândia,  5 214 606 ,   34 964,34964.0,14.157419059604164
521470 NOVA AMERICA,46.0,1,47.0,521470,Nova América,  5 214 705 ,   2 337,2337.0,20.11125374411639
521480 NOVA AURORA,43.0,1,44.0,521480,Nova Aurora,  5 214 804 ,   2 101,2101.0,20.942408376963353
521483 NOVA CRIXAS,119.0,1,120.0,521483,Nova Crixás,  5 214 838 ,   12 815,12815.0,9.364026531408506
521486 NOVA GLORIA,81.0,1,82.0,521486,Nova Glória,  5 214 861 ,   8 310,8310.0,9.867629362214199
521487 NOVA IGUACU DE GOIAS,47.0,-,47.0,521487,Nova Iguaçu de Goiás,  5 214 879 ,   3 010,3010.0,15.614617940199336
521490 NOVA ROMA,58.0,-,58.0,521490,Nova Roma,  5 214 903 ,   3 076,3076.0,18.855656697009103
521500 NOVA VENEZA,101.0,-,101.0,521500,Nova Veneza,  5 215 009 ,   9 481,9481.0,10.652884716802026
521520 NOVO BRASIL,57.0,-,57.0,521520,Novo Brasil,  5 215 207 ,   3 527,3527.0,16.161043379642756
521523 NOVO GAMA,629.0,30,659.0,521523,Novo Gama,  5 215 231 ,   103 804,103804.0,6.348502947863281
521525 NOVO PLANALTO,56.0,1,57.0,521525,Novo Planalto,  5 215 256 ,   3 716,3716.0,15.33907427341227
521530 ORIZONA,191.0,16,207.0,521530,Orizona,  5 215 306 ,   16 399,16399.0,12.622720897615707
521540 OURO VERDE DE GOIAS,78.0,-,78.0,521540,Ouro Verde de Goiás,  5 215 405 ,   4 057,4057.0,19.22602908553118
521550 OUVIDOR,81.0,12,93.0,521550,Ouvidor,  5 215 504 ,   7 200,7200.0,12.916666666666666
521560 PADRE BERNARDO,325.0,10,335.0,521560,Padre Bernardo,  5 215 603 ,   34 967,34967.0,9.580461578059312
521565 PALESTINA DE GOIAS,64.0,-,64.0,521565,Palestina de Goiás,  5 215 652 ,   3 132,3132.0,20.434227330779056
521570 PALMEIRAS DE GOIAS,258.0,38,296.0,521570,Palmeiras de Goiás,  5 215 702 ,   31 858,31858.0,9.291229832381191
521580 PALMELO,108.0,3,111.0,521580,Palmelo,  5 215 801 ,   2 259,2259.0,49.136786188579016
521590 PALMINOPOLIS,79.0,-,79.0,521590,Palminópolis,  5 215 900 ,   3 851,3851.0,20.514152168267984
521600 PANAMA,57.0,-,57.0,521600,Panamá,  5 216 007 ,   2 455,2455.0,23.217922606924645
521630 PARANAIGUARA,108.0,6,114.0,521630,Paranaiguara,  5 216 304 ,   7 607,7607.0,14.986196923885895
521640 PARAUNA,187.0,7,194.0,521640,Paraúna,  5 216 403 ,   10 659,10659.0,18.200581668073927
521645 PEROLANDIA,67.0,1,68.0,521645,Perolândia,  5 216 452 ,   2 964,2964.0,22.941970310391365
521680 PETROLINA DE GOIAS,107.0,9,116.0,521680,Petrolina de Goiás,  5 216 809 ,   9 573,9573.0,12.11741355896793
521690 PILAR DE GOIAS,66.0,1,67.0,521690,Pilar de Goiás,  5 216 908 ,   2 328,2328.0,28.780068728522334
521710 PIRACANJUBA,329.0,95,424.0,521710,Piracanjuba,  5 217 104 ,   24 883,24883.0,17.03974601133304
521720 PIRANHAS,135.0,7,142.0,521720,Piranhas,  5 217 203 ,   11 712,11712.0,12.12431693989071
521730 PIRENOPOLIS,379.0,10,389.0,521730,Pirenópolis,  5 217 302 ,   26 690,26690.0,14.574747096290745
521740 PIRES DO RIO,357.0,87,444.0,521740,Pires do Rio,  5 217 401 ,   32 373,32373.0,13.715132981188026
521760 PLANALTINA,977.0,25,1002.0,521760,Planaltina,  5 217 609 ,   105 031,105031.0,9.540040559453875
521770 PONTALINA,216.0,20,236.0,521770,Pontalina,  5 217 708 ,   18 309,18309.0,12.889835599978152
521800 PORANGATU,524.0,90,614.0,521800,Porangatu,  5 218 003 ,   44 317,44317.0,13.854728433783876
521805 PORTEIRAO,53.0,4,57.0,521805,Porteirão,  5 218 052 ,   4 070,4070.0,14.004914004914005
521810 PORTELANDIA,57.0,-,57.0,521810,Portelândia,  5 218 102 ,   3 280,3280.0,17.378048780487806
521830 POSSE,472.0,53,525.0,521830,Posse,  5 218 300 ,   34 914,34914.0,15.036947929197456
521839 PROFESSOR JAMIL,53.0,-,53.0,521839,Professor Jamil,  5 218 391 ,   3 649,3649.0,14.524527267744588
521850 QUIRINOPOLIS,712.0,301,1013.0,521850,Quirinópolis,  5 218 508 ,   48 447,48447.0,20.909447437405824
521860 RIALMA,115.0,15,130.0,521860,Rialma,  5 218 607 ,   12 165,12165.0,10.686395396629674
521870 RIANAPOLIS,52.0,15,67.0,521870,Rianápolis,  5 218 706 ,   3 980,3980.0,16.834170854271356
521878 RIO QUENTE,110.0,1,111.0,521878,Rio Quente,  5 218 789 ,   3 864,3864.0,28.72670807453416
521880 RIO VERDE,3106.0,989,4095.0,521880,Rio Verde,  5 218 805 ,   225 696,225696.0,18.143874946831136
521890 RUBIATABA,262.0,18,280.0,521890,Rubiataba,  5 218 904 ,   19 788,19788.0,14.149989892864362
521900 SANCLERLANDIA,97.0,4,101.0,521900,Sanclerlândia,  5 219 001 ,   7 918,7918.0,12.755746400606213
521910 SANTA BARBARA DE GOIAS,87.0,23,110.0,521910,Santa Bárbara de Goiás,  5 219 100 ,   6 149,6149.0,17.889087656529515
521920 SANTA CRUZ DE GOIAS,59.0,1,60.0,521920,Santa Cruz de Goiás,  5 219 209 ,   3 002,3002.0,19.986675549633578
521925 SANTA FE DE GOIAS,77.0,-,77.0,521925,Santa Fé de Goiás,  5 219 258 ,   4 951,4951.0,15.552413653807312
521930 SANTA HELENA DE GOIAS,1045.0,35,1080.0,521930,Santa Helena de Goiás,  5 219 308 ,   38 492,38492.0,28.05777823963421
521935 SANTA ISABEL,54.0,1,55.0,521935,Santa Isabel,  5 219 357 ,   3 538,3538.0,15.545505935556813
521940 SANTA RITA DO ARAGUAIA,55.0,-,55.0,521940,Santa Rita do Araguaia,  5 219 407 ,   5 924,5924.0,9.284267386900742
521945 SANTA RITA DO NOVO DESTINO,50.0,-,50.0,521945,Santa Rita do Novo Destino,  5 219 456 ,   2 689,2689.0,18.59427296392711
521950 SANTA ROSA DE GOIAS,63.0,-,63.0,521950,Santa Rosa de Goiás,  5 219 506 ,   2 820,2820.0,22.340425531914896
521960 SANTA TEREZA DE GOIAS,102.0,-,102.0,521960,Santa Tereza de Goiás,  5 219 605 ,   3 293,3293.0,30.97479501973884
521970 SANTA TEREZINHA DE GOIAS,111.0,6,117.0,521970,Santa Terezinha de Goiás,  5 219 704 ,   10 645,10645.0,10.991075622357915
521971 SANTO ANTONIO DA BARRA,81.0,2,83.0,521971,Santo Antônio da Barra,  5 219 712 ,   4 267,4267.0,19.451605343332552
521973 SANTO ANTONIO DE GOIAS,113.0,2,115.0,521973,Santo Antônio de Goiás,  5 219 738 ,   7 386,7386.0,15.569997292174383
521975 SANTO ANTONIO DO DESCOBERTO,426.0,128,554.0,521975,Santo Antônio do Descoberto,  5 219 753 ,   72 127,72127.0,7.680896196985873
521980 SAO DOMINGOS,115.0,-,115.0,521980,São Domingos,  5 219 803 ,   9 711,9711.0,11.84224075790341
521990 SAO FRANCISCO DE GOIAS,94.0,2,96.0,521990,São Francisco de Goiás,  5 219 902 ,   6 378,6378.0,15.051740357478835
522000 SAO JOAO D'ALIANCA,165.0,1,166.0,522000,São João d'Aliança,  5 220 009 ,   14 041,14041.0,11.822519763549606
522005 SAO JOAO DA PARAUNA,36.0,-,36.0,522005,São João da Paraúna,  5 220 058 ,   1 774,1774.0,20.29312288613303
522010 SAO LUIS DE MONTES BELOS,640.0,116,756.0,522010,São Luís de Montes Belos,  5 220 108 ,   33 852,33852.0,22.332506203473944
522015 SAO LUIZ DO NORTE,84.0,1,85.0,522015,São Luiz do Norte,  5 220 157 ,   4 837,4837.0,17.572875749431468
522020 SAO MIGUEL DO ARAGUAIA,249.0,27,276.0,522020,São Miguel do Araguaia,  5 220 207 ,   21 900,21900.0,12.602739726027398
522026 SAO MIGUEL DO PASSA QUATRO,60.0,-,60.0,522026,São Miguel do Passa Quatro,  5 220 264 ,   4 464,4464.0,13.440860215053764
522028 SAO PATRICIO,35.0,-,35.0,522028,São Patrício,  5 220 280 ,   2 143,2143.0,16.332244517032198
522040 SAO SIMAO,339.0,30,369.0,522040,São Simão,  5 220 405 ,   17 020,17020.0,21.680376028202115
522045 SENADOR CANEDO,1533.0,69,1602.0,522045,Senador Canedo,  5 220 454 ,   155 635,155635.0,10.293314485816172
522050 SERRANOPOLIS,74.0,1,75.0,522050,Serranópolis,  5 220 504 ,   8 027,8027.0,9.343465802915162
522060 SILVANIA,254.0,23,277.0,522060,Silvânia,  5 220 603 ,   22 245,22245.0,12.452236457630928
522068 SIMOLANDIA,75.0,-,75.0,522068,Simolândia,  5 220 686 ,   5 742,5742.0,13.061650992685475
522070 SITIO D'ABADIA,44.0,1,45.0,522070,Sítio d'Abadia,  5 220 702 ,   2 927,2927.0,15.374103177314655
522100 TAQUARAL DE GOIAS,60.0,2,62.0,522100,Taquaral de Goiás,  5 221 007 ,   4 026,4026.0,15.399900645802285
522108 TERESINA DE GOIAS,75.0,6,81.0,522108,Teresina de Goiás,  5 221 080 ,   2 701,2701.0,29.988893002591634
522119 TEREZOPOLIS DE GOIAS,55.0,2,57.0,522119,Terezópolis de Goiás,  5 221 197 ,   7 944,7944.0,7.17522658610272
522130 TRES RANCHOS,75.0,11,86.0,522130,Três Ranchos,  5 221 304 ,   2 921,2921.0,29.441971927422117
522140 TRINDADE,1384.0,65,1449.0,522140,Trindade,  5 221 403 ,   142 431,142431.0,10.173347094382542
522145 TROMBAS,62.0,-,62.0,522145,Trombas,  5 221 452 ,   3 120,3120.0,19.871794871794872
522150 TURVANIA,90.0,1,91.0,522150,Turvânia,  5 221 502 ,   4 480,4480.0,20.3125
522155 TURVELANDIA,90.0,1,91.0,522155,Turvelândia,  5 221 551 ,   4 985,4985.0,18.254764292878633
522157 UIRAPURU,74.0,9,83.0,522157,Uirapuru,  5 221 577 ,   2 798,2798.0,29.664045746962117
522160 URUACU,1343.0,75,1418.0,522160,Uruaçu,  5 221 601 ,   42 546,42546.0,33.32863253889907
522170 URUANA,165.0,-,165.0,522170,Uruana,  5 221 700 ,   13 729,13729.0,12.018355306285963
522180 URUTAI,46.0,2,48.0,522180,Urutaí,  5 221 809 ,   3 553,3553.0,13.50971010413735
522185 VALPARAISO DE GOIAS,1692.0,190,1882.0,522185,Valparaíso de Goiás,  5 221 858 ,   198 861,198861.0,9.463896892804522
522190 VARJAO,45.0,-,45.0,522190,Varjão,  5 221 908 ,   3 716,3716.0,12.109795479009687
522200 VIANOPOLIS,139.0,4,143.0,522200,Vianópolis,  5 222 005 ,   14 956,14956.0,9.561380048141215
522205 VICENTINOPOLIS,110.0,3,113.0,522205,Vicentinópolis,  5 222 054 ,   8 768,8768.0,12.887773722627736
522220 VILA BOA,103.0,-,103.0,522220,Vila Boa,  5 222 203 ,   4 215,4215.0,24.436536180308423
522230 VILA PROPICIO,89.0,-,89.0,522230,Vila Propício,  5 222 302 ,   5 815,5815.0,15.30524505588994
530010 BRASILIA,48961.0,27956,76917.0,530010,Brasília,  5 300 108 ,  2 817 381,2817381.0,27.300886887502966
