Município,Nascim_p/resid.mãe
 MUNICIPIO IGNORADO - RO,2
110001 ALTA FLORESTA D'OESTE,368
110002 ARIQUEMES,1505
110003 CABIXI,64
110004 CACOAL,1353
110005 CEREJEIRAS,272
110006 COLORADO DO OESTE,205
110007 CORUMBIARA,103
110008 COSTA MARQUES,218
110009 ESPIGAO D'OESTE,462
110010 GUAJARA-MIRIM,748
110011 JARU,890
110012 JI-PARANA,2010
110013 MACHADINHO D'OESTE,498
110014 NOVA BRASILANDIA D'OESTE,236
110015 OURO PRETO DO OESTE,532
110018 PIMENTA BUENO,587
110020 PORTO VELHO,7354
110025 PRESIDENTE MEDICI,294
110026 RIO CRESPO,35
110028 ROLIM DE MOURA,835
110029 SANTA LUZIA D'OESTE,73
110030 VILHENA,1527
110032 SAO MIGUEL DO GUAPORE,388
110033 NOVA MAMORE,464
110034 ALVORADA D'OESTE,183
110037 ALTO ALEGRE DOS PARECIS,150
110040 ALTO PARAISO,204
110045 BURITIS,517
110050 NOVO HORIZONTE DO OESTE,102
110060 CACAULANDIA,64
110070 CAMPO NOVO DE RONDONIA,137
110080 CANDEIAS DO JAMARI,334
110090 CASTANHEIRAS,29
110092 CHUPINGUAIA,162
110094 CUJUBIM,208
110100 GOVERNADOR JORGE TEIXEIRA,86
110110 ITAPUA DO OESTE,107
110120 MINISTRO ANDREAZZA,73
110130 MIRANTE DA SERRA,130
110140 MONTE NEGRO,166
110143 NOVA UNIAO,103
110145 PARECIS,45
110146 PIMENTEIRAS DO OESTE,35
110147 PRIMAVERA DE RONDONIA,40
110148 SAO FELIPE D'OESTE,60
110149 SAO FRANCISCO DO GUAPORE,286
110150 SERINGUEIRAS,187
110155 TEIXEIROPOLIS,53
110160 THEOBROMA,91
110170 URUPA,161
110175 VALE DO ANARI,81
110180 VALE DO PARAISO,84
120001 ACRELANDIA,205
120005 ASSIS BRASIL,235
120010 BRASILEIA,542
120013 BUJARI,230
120017 CAPIXABA,182
120020 CRUZEIRO DO SUL,1575
120025 EPITACIOLANDIA,278
120030 FEIJO,809
120032 JORDAO,230
120033 MANCIO LIMA,330
120034 MANOEL URBANO,242
120035 MARECHAL THAUMATURGO,368
120038 PLACIDO DE CASTRO,256
120039 PORTO WALTER,266
120040 RIO BRANCO,5353
120042 RODRIGUES ALVES,321
120043 SANTA ROSA DO PURUS,216
120045 SENADOR GUIOMARD,344
120050 SENA MADUREIRA,763
120060 TARAUACA,1088
120070 XAPURI,314
120080 PORTO ACRE,336
 MUNICIPIO IGNORADO - AM,4
130002 ALVARAES,330
130006 AMATURA,259
130008 ANAMA,180
130010 ANORI,238
130014 APUI,271
130020 ATALAIA DO NORTE,374
130030 AUTAZES,856
130040 BARCELOS,390
130050 BARREIRINHA,815
130060 BENJAMIN CONSTANT,959
130063 BERURI,507
130068 BOA VISTA DO RAMOS,275
130070 BOCA DO ACRE,677
130080 BORBA,753
130083 CAAPIRANGA,217
130090 CANUTAMA,175
130100 CARAUARI,575
130110 CAREIRO,548
130115 CAREIRO DA VARZEA,219
130120 COARI,1536
130130 CODAJAS,457
130140 EIRUNEPE,750
130150 ENVIRA,343
130160 FONTE BOA,553
130165 GUAJARA,286
130170 HUMAITA,997
130180 IPIXUNA,395
130185 IRANDUBA,918
130190 ITACOATIARA,1875
130195 ITAMARATI,260
130200 ITAPIRANGA,177
130210 JAPURA,173
130220 JURUA,210
130230 JUTAI,700
130240 LABREA,817
130250 MANACAPURU,2024
130255 MANAQUIRI,305
130260 MANAUS,34707
130270 MANICORE,943
130280 MARAA,341
130290 MAUES,1286
130300 NHAMUNDA,339
130310 NOVA OLINDA DO NORTE,591
130320 NOVO AIRAO,267
130330 NOVO ARIPUANA,389
130340 PARINTINS,1923
130350 PAUINI,348
130353 PRESIDENTE FIGUEIREDO,562
130356 RIO PRETO DA EVA,394
130360 SANTA ISABEL DO RIO NEGRO,328
130370 SANTO ANTONIO DO ICA,787
130380 SAO GABRIEL DA CACHOEIRA,1454
130390 SAO PAULO DE OLIVENCA,923
130395 SAO SEBASTIAO DO UATUMA,180
130400 SILVES,191
130406 TABATINGA,1516
130410 TAPAUA,444
130420 TEFE,1858
130423 TONANTINS,439
130426 UARINI,340
130430 URUCARA,266
130440 URUCURITUBA,305
 MUNICIPIO IGNORADO - RR,1
140002 AMAJARI,431
140005 ALTO ALEGRE,703
140010 BOA VISTA,7839
140015 BONFIM,430
140017 CANTA,393
140020 CARACARAI,332
140023 CAROEBE,181
140028 IRACEMA,144
140030 MUCAJAI,323
140040 NORMANDIA,445
140045 PACARAIMA,544
140047 RORAINOPOLIS,570
140050 SAO JOAO DA BALIZA,116
140060 SAO LUIZ,125
140070 UIRAMUTA,514
 MUNICIPIO IGNORADO - PA,2
150010 ABAETETUBA,2452
150013 ABEL FIGUEIREDO,103
150020 ACARA,942
150030 AFUA,1044
150034 AGUA AZUL DO NORTE,219
150040 ALENQUER,1056
150050 ALMEIRIM,677
150060 ALTAMIRA,2283
150070 ANAJAS,787
150080 ANANINDEUA,6281
150085 ANAPU,583
150090 AUGUSTO CORREA,698
150095 AURORA DO PARA,351
150100 AVEIRO,174
150110 BAGRE,555
150120 BAIAO,538
150125 BANNACH,48
150130 BARCARENA,2210
150140 BELEM,15865
150145 BELTERRA,351
150150 BENEVIDES,860
150157 BOM JESUS DO TOCANTINS,238
150160 BONITO,199
150170 BRAGANCA,1985
150172 BRASIL NOVO,304
150175 BREJO GRANDE DO ARAGUAIA,108
150178 BREU BRANCO,640
150180 BREVES,2663
150190 BUJARU,394
150195 CACHOEIRA DO PIRIA,314
150200 CACHOEIRA DO ARARI,321
150210 CAMETA,2213
150215 CANAA DOS CARAJAS,1476
150220 CAPANEMA,977
150230 CAPITAO POCO,844
150240 CASTANHAL,3034
150250 CHAVES,361
150260 COLARES,130
150270 CONCEICAO DO ARAGUAIA,712
150275 CONCORDIA DO PARA,502
150276 CUMARU DO NORTE,141
150277 CURIONOPOLIS,368
150280 CURRALINHO,681
150285 CURUA,210
150290 CURUCA,484
150293 DOM ELISEU,636
150295 ELDORADO DOS CARAJAS,439
150300 FARO,128
150304 FLORESTA DO ARAGUAIA,292
150307 GARRAFAO DO NORTE,369
150309 GOIANESIA DO PARA,523
150310 GURUPA,721
150320 IGARAPE-ACU,497
150330 IGARAPE-MIRI,1050
150340 INHANGAPI,144
150345 IPIXUNA DO PARA,571
150350 IRITUIA,391
150360 ITAITUBA,2533
150370 ITUPIRANGA,803
150375 JACAREACANGA,625
150380 JACUNDA,583
150390 JURUTI,1123
150400 LIMOEIRO DO AJURU,417
150405 MAE DO RIO,475
150410 MAGALHAES BARATA,89
150420 MARABA,4203
150430 MARACANA,326
150440 MARAPANIM,269
150442 MARITUBA,1560
150445 MEDICILANDIA,476
150450 MELGACO,529
150460 MOCAJUBA,501
150470 MOJU,1138
150475 MOJUI DOS CAMPOS,375
150480 MONTE ALEGRE,1094
150490 MUANA,615
150495 NOVA ESPERANCA DO PIRIA,297
150497 NOVA IPIXUNA,189
150500 NOVA TIMBOTEUA,143
150503 NOVO PROGRESSO,712
150506 NOVO REPARTIMENTO,1117
150510 OBIDOS,988
150520 OEIRAS DO PARA,623
150530 ORIXIMINA,1378
150540 OUREM,244
150543 OURILANDIA DO NORTE,628
150548 PACAJA,738
150549 PALESTINA DO PARA,106
150550 PARAGOMINAS,1792
150553 PARAUAPEBAS,5019
150555 PAU D'ARCO,110
150560 PEIXE-BOI,58
150563 PICARRA,145
150565 PLACAS,331
150570 PONTA DE PEDRAS,362
150580 PORTEL,1585
150590 PORTO DE MOZ,668
150600 PRAINHA,699
150610 PRIMAVERA,178
150611 QUATIPURU,119
150613 REDENCAO,1679
150616 RIO MARIA,270
150618 RONDON DO PARA,560
150619 RUROPOLIS,453
150620 SALINOPOLIS,716
150630 SALVATERRA,326
150635 SANTA BARBARA DO PARA,315
150640 SANTA CRUZ DO ARARI,76
150650 SANTA IZABEL DO PARA,877
150655 SANTA LUZIA DO PARA,273
150658 SANTA MARIA DAS BARREIRAS,214
150660 SANTA MARIA DO PARA,381
150670 SANTANA DO ARAGUAIA,605
150680 SANTAREM,6508
150690 SANTAREM NOVO,81
150700 SANTO ANTONIO DO TAUA,413
150710 SAO CAETANO DE ODIVELAS,205
150715 SAO DOMINGOS DO ARAGUAIA,351
150720 SAO DOMINGOS DO CAPIM,404
150730 SAO FELIX DO XINGU,1036
150740 SAO FRANCISCO DO PARA,198
150745 SAO GERALDO DO ARAGUAIA,468
150746 SAO JOAO DA PONTA,65
150747 SAO JOAO DE PIRABAS,252
150750 SAO JOAO DO ARAGUAIA,176
150760 SAO MIGUEL DO GUAMA,895
150770 SAO SEBASTIAO DA BOA VISTA,514
150775 SAPUCAIA,83
150780 SENADOR JOSE PORFIRIO,303
150790 SOURE,391
150795 TAILANDIA,1366
150796 TERRA ALTA,142
150797 TERRA SANTA,268
150800 TOME-ACU,1386
150803 TRACUATEUA,411
150805 TRAIRAO,291
150808 TUCUMA,706
150810 TUCURUI,1455
150812 ULIANOPOLIS,404
150815 URUARA,786
150820 VIGIA,622
150830 VISEU,826
150835 VITORIA DO XINGU,310
150840 XINGUARA,837
160005 SERRA DO NAVIO,61
160010 AMAPA,184
160015 PEDRA BRANCA DO AMAPARI,290
160020 CALCOENE,174
160021 CUTIAS,101
160023 FERREIRA GOMES,149
160025 ITAUBAL,139
160027 LARANJAL DO JARI,598
160030 MACAPA,7963
160040 MAZAGAO,485
160050 OIAPOQUE,559
160053 PORTO GRANDE,353
160055 PRACUUBA,78
160060 SANTANA,1990
160070 TARTARUGALZINHO,285
160080 VITORIA DO JARI,206
170025 ABREULANDIA,34
170030 AGUIARNOPOLIS,77
170035 ALIANCA DO TOCANTINS,57
170040 ALMAS,98
170070 ALVORADA,120
170100 ANANAS,135
170105 ANGICO,41
170110 APARECIDA DO RIO NEGRO,78
170130 ARAGOMINAS,69
170190 ARAGUACEMA,71
170200 ARAGUACU,104
170210 ARAGUAINA,2961
170215 ARAGUANA,45
170220 ARAGUATINS,473
170230 ARAPOEMA,82
170240 ARRAIAS,105
170255 AUGUSTINOPOLIS,293
170270 AURORA DO TOCANTINS,24
170290 AXIXA DO TOCANTINS,164
170300 BABACULANDIA,93
170305 BANDEIRANTES DO TOCANTINS,50
170307 BARRA DO OURO,68
170310 BARROLANDIA,61
170320 BERNARDO SAYAO,45
170330 BOM JESUS DO TOCANTINS,85
170360 BRASILANDIA DO TOCANTINS,28
170370 BREJINHO DE NAZARE,53
170380 BURITI DO TOCANTINS,120
170382 CACHOEIRINHA,26
170384 CAMPOS LINDOS,160
170386 CARIRI DO TOCANTINS,59
170388 CARMOLANDIA,27
170389 CARRASCO BONITO,54
170390 CASEARA,62
170410 CENTENARIO,15
170460 CHAPADA DE AREIA,26
170510 CHAPADA DA NATIVIDADE,43
170550 COLINAS DO TOCANTINS,511
170555 COMBINADO,57
170560 CONCEICAO DO TOCANTINS,52
170600 COUTO MAGALHAES,65
170610 CRISTALANDIA,73
170625 CRIXAS DO TOCANTINS,16
170650 DARCINOPOLIS,102
170700 DIANOPOLIS,291
170710 DIVINOPOLIS DO TOCANTINS,87
170720 DOIS IRMAOS DO TOCANTINS,82
170730 DUERE,58
170740 ESPERANTINA,118
170755 FATIMA,53
170765 FIGUEIROPOLIS,58
170770 FILADELFIA,102
170820 FORMOSO DO ARAGUAIA,278
170825 FORTALEZA DO TABOCAO,55
170830 GOIANORTE,49
170900 GOIATINS,235
170930 GUARAI,330
170950 GURUPI,1244
170980 IPUEIRAS,9
171050 ITACAJA,119
171070 ITAGUATINS,64
171090 ITAPIRATINS,49
171110 ITAPORA DO TOCANTINS,46
171150 JAU DO TOCANTINS,34
171180 JUARINA,35
171190 LAGOA DA CONFUSAO,260
171195 LAGOA DO TOCANTINS,75
171200 LAJEADO,43
171215 LAVANDEIRA,23
171240 LIZARDA,44
171245 LUZINOPOLIS,36
171250 MARIANOPOLIS DO TOCANTINS,77
171270 MATEIROS,49
171280 MAURILANDIA DO TOCANTINS,35
171320 MIRACEMA DO TOCANTINS,270
171330 MIRANORTE,190
171360 MONTE DO CARMO,69
171370 MONTE SANTO DO TOCANTINS,20
171380 PALMEIRAS DO TOCANTINS,71
171395 MURICILANDIA,35
171420 NATIVIDADE,110
171430 NAZARE,61
171488 NOVA OLINDA,165
171500 NOVA ROSALANDIA,35
171510 NOVO ACORDO,83
171515 NOVO ALEGRE,11
171525 NOVO JARDIM,32
171550 OLIVEIRA DE FATIMA,21
171570 PALMEIRANTE,62
171575 PALMEIROPOLIS,84
171610 PARAISO DO TOCANTINS,760
171620 PARANA,141
171630 PAU D'ARCO,50
171650 PEDRO AFONSO,222
171660 PEIXE,123
171665 PEQUIZEIRO,64
171670 COLMEIA,106
171700 PINDORAMA DO TOCANTINS,62
171720 PIRAQUE,33
171750 PIUM,95
171780 PONTE ALTA DO BOM JESUS,41
171790 PONTE ALTA DO TOCANTINS,104
171800 PORTO ALEGRE DO TOCANTINS,37
171820 PORTO NACIONAL,1025
171830 PRAIA NORTE,91
171840 PRESIDENTE KENNEDY,33
171845 PUGMIL,29
171850 RECURSOLANDIA,66
171855 RIACHINHO,59
171865 RIO DA CONCEICAO,24
171870 RIO DOS BOIS,32
171875 RIO SONO,63
171880 SAMPAIO,82
171884 SANDOLANDIA,63
171886 SANTA FE DO ARAGUAIA,121
171888 SANTA MARIA DO TOCANTINS,47
171889 SANTA RITA DO TOCANTINS,27
171890 SANTA ROSA DO TOCANTINS,73
171900 SANTA TEREZA DO TOCANTINS,50
172000 SANTA TEREZINHA DO TOCANTINS,35
172010 SAO BENTO DO TOCANTINS,102
172015 SAO FELIX DO TOCANTINS,18
172020 SAO MIGUEL DO TOCANTINS,145
172025 SAO SALVADOR DO TOCANTINS,38
172030 SAO SEBASTIAO DO TOCANTINS,62
172049 SAO VALERIO,53
172065 SILVANOPOLIS,76
172080 SITIO NOVO DO TOCANTINS,127
172085 SUCUPIRA,14
172090 TAGUATINGA,175
172093 TAIPAS DO TOCANTINS,28
172097 TALISMA,28
172100 PALMAS,4762
172110 TOCANTINIA,170
172120 TOCANTINOPOLIS,331
172125 TUPIRAMA,24
172130 TUPIRATINS,23
172208 WANDERLANDIA,120
172210 XAMBIOA,156
 MUNICIPIO IGNORADO - MA,1
210005 ACAILANDIA,1700
210010 AFONSO CUNHA,111
210015 AGUA DOCE DO MARANHAO,161
210020 ALCANTARA,172
210030 ALDEIAS ALTAS,362
210040 ALTAMIRA DO MARANHAO,56
210043 ALTO ALEGRE DO MARANHAO,390
210047 ALTO ALEGRE DO PINDARE,469
210050 ALTO PARNAIBA,168
210055 AMAPA DO MARANHAO,89
210060 AMARANTE DO MARANHAO,708
210070 ANAJATUBA,278
210080 ANAPURUS,230
210083 APICUM-ACU,243
210087 ARAGUANA,144
210090 ARAIOSES,489
210095 ARAME,531
210100 ARARI,339
210110 AXIXA,153
210120 BACABAL,1489
210125 BACABEIRA,240
210130 BACURI,204
210135 BACURITUBA,53
210140 BALSAS,1840
210150 BARAO DE GRAJAU,253
210160 BARRA DO CORDA,1379
210170 BARREIRINHAS,1122
210173 BELAGUA,159
210177 BELA VISTA DO MARANHAO,212
210180 BENEDITO LEITE,59
210190 BEQUIMAO,218
210193 BERNARDO DO MEARIM,58
210197 BOA VISTA DO GURUPI,107
210200 BOM JARDIM,556
210203 BOM JESUS DAS SELVAS,454
210207 BOM LUGAR,128
210210 BREJO,483
210215 BREJO DE AREIA,121
210220 BURITI,500
210230 BURITI BRAVO,306
210232 BURITICUPU,1118
210235 BURITIRANA,182
210237 CACHOEIRA GRANDE,125
210240 CAJAPIO,122
210250 CAJARI,202
210255 CAMPESTRE DO MARANHAO,192
210260 CANDIDO MENDES,270
210270 CANTANHEDE,219
210275 CAPINZAL DO NORTE,128
210280 CAROLINA,313
210290 CARUTAPERA,399
210300 CAXIAS,2254
210310 CEDRAL,111
210312 CENTRAL DO MARANHAO,108
210315 CENTRO DO GUILHERME,213
210317 CENTRO NOVO DO MARANHAO,285
210320 CHAPADINHA,1336
210325 CIDELANDIA,155
210330 CODO,1494
210340 COELHO NETO,610
210350 COLINAS,675
210355 CONCEICAO DO LAGO-ACU,200
210360 COROATA,945
210370 CURURUPU,435
210375 DAVINOPOLIS,220
210380 DOM PEDRO,288
210390 DUQUE BACELAR,164
210400 ESPERANTINOPOLIS,257
210405 ESTREITO,485
210407 FEIRA NOVA DO MARANHAO,110
210408 FERNANDO FALCAO,229
210409 FORMOSA DA SERRA NEGRA,243
210410 FORTALEZA DOS NOGUEIRAS,210
210420 FORTUNA,243
210430 GODOFREDO VIANA,135
210440 GONCALVES DIAS,200
210450 GOVERNADOR ARCHER,134
210455 GOVERNADOR EDISON LOBAO,293
210460 GOVERNADOR EUGENIO BARROS,233
210462 GOVERNADOR LUIZ ROCHA,128
210465 GOVERNADOR NEWTON BELLO,137
210467 GOVERNADOR NUNES FREIRE,386
210470 GRACA ARANHA,50
210480 GRAJAU,1389
210490 GUIMARAES,122
210500 HUMBERTO DE CAMPOS,392
210510 ICATU,328
210515 IGARAPE DO MEIO,253
210520 IGARAPE GRANDE,165
210530 IMPERATRIZ,4317
210535 ITAIPAVA DO GRAJAU,234
210540 ITAPECURU MIRIM,1017
210542 ITINGA DO MARANHAO,218
210545 JATOBA,117
210547 JENIPAPO DOS VIEIRAS,353
210550 JOAO LISBOA,365
210560 JOSELANDIA,240
210565 JUNCO DO MARANHAO,71
210570 LAGO DA PEDRA,724
210580 LAGO DO JUNCO,115
210590 LAGO VERDE,221
210592 LAGOA DO MATO,116
210594 LAGO DOS RODRIGUES,104
210596 LAGOA GRANDE DO MARANHAO,239
210598 LAJEADO NOVO,94
210600 LIMA CAMPOS,181
210610 LORETO,142
210620 LUIS DOMINGUES,101
210630 MAGALHAES DE ALMEIDA,173
210632 MARACACUME,354
210635 MARAJA DO SENA,105
210637 MARANHAOZINHO,179
210640 MATA ROMA,247
210650 MATINHA,299
210660 MATOES,396
210663 MATOES DO NORTE,95
210667 MILAGRES DO MARANHAO,53
210670 MIRADOR,315
210675 MIRANDA DO NORTE,246
210680 MIRINZAL,195
210690 MONCAO,405
210700 MONTES ALTOS,126
210710 MORROS,283
210720 NINA RODRIGUES,204
210725 NOVA COLINAS,85
210730 NOVA IORQUE,40
210735 NOVA OLINDA DO MARANHAO,262
210740 OLHO D'AGUA DAS CUNHAS,186
210745 OLINDA NOVA DO MARANHAO,175
210750 PACO DO LUMIAR,1783
210760 PALMEIRANDIA,190
210770 PARAIBANO,243
210780 PARNARAMA,381
210790 PASSAGEM FRANCA,266
210800 PASTOS BONS,222
210805 PAULINO NEVES,330
210810 PAULO RAMOS,345
210820 PEDREIRAS,493
210825 PEDRO DO ROSARIO,284
210830 PENALVA,531
210840 PERI MIRIM,107
210845 PERITORO,286
210850 PINDARE-MIRIM,388
210860 PINHEIRO,1283
210870 PIO XII,338
210880 PIRAPEMAS,210
210890 POCAO DE PEDRAS,154
210900 PORTO FRANCO,409
210905 PORTO RICO DO MARANHAO,55
210910 PRESIDENTE DUTRA,725
210920 PRESIDENTE JUSCELINO,158
210923 PRESIDENTE MEDICI,82
210927 PRESIDENTE SARNEY,282
210930 PRESIDENTE VARGAS,179
210940 PRIMEIRA CRUZ,149
210945 RAPOSA,467
210950 RIACHAO,341
210955 RIBAMAR FIQUENE,93
210960 ROSARIO,469
210970 SAMBAIBA,67
210975 SANTA FILOMENA DO MARANHAO,84
210980 SANTA HELENA,448
210990 SANTA INES,1343
211000 SANTA LUZIA,956
211003 SANTA LUZIA DO PARUA,351
211010 SANTA QUITERIA DO MARANHAO,450
211020 SANTA RITA,525
211023 SANTANA DO MARANHAO,116
211027 SANTO AMARO DO MARANHAO,163
211030 SANTO ANTONIO DOS LOPES,216
211040 SAO BENEDITO DO RIO PRETO,361
211050 SAO BENTO,410
211060 SAO BERNARDO,355
211065 SAO DOMINGOS DO AZEITAO,126
211070 SAO DOMINGOS DO MARANHAO,627
211080 SAO FELIX DE BALSAS,37
211085 SAO FRANCISCO DO BREJAO,85
211090 SAO FRANCISCO DO MARANHAO,136
211100 SAO JOAO BATISTA,241
211102 SAO JOAO DO CARU,205
211105 SAO JOAO DO PARAISO,152
211107 SAO JOAO DO SOTER,229
211110 SAO JOAO DOS PATOS,326
211120 SAO JOSE DE RIBAMAR,3226
211125 SAO JOSE DOS BASILIOS,82
211130 SAO LUIS,13690
211140 SAO LUIS GONZAGA DO MARANHAO,200
211150 SAO MATEUS DO MARANHAO,527
211153 SAO PEDRO DA AGUA BRANCA,130
211157 SAO PEDRO DOS CRENTES,83
211160 SAO RAIMUNDO DAS MANGABEIRAS,310
211163 SAO RAIMUNDO DO DOCA BEZERRA,97
211167 SAO ROBERTO,62
211170 SAO VICENTE FERRER,211
211172 SATUBINHA,135
211174 SENADOR ALEXANDRE COSTA,175
211176 SENADOR LA ROCQUE,233
211178 SERRANO DO MARANHAO,133
211180 SITIO NOVO,266
211190 SUCUPIRA DO NORTE,171
211195 SUCUPIRA DO RIACHAO,30
211200 TASSO FRAGOSO,142
211210 TIMBIRAS,460
211220 TIMON,2849
211223 TRIZIDELA DO VALE,327
211227 TUFILANDIA,69
211230 TUNTUM,474
211240 TURIACU,553
211245 TURILANDIA,315
211250 TUTOIA,977
211260 URBANO SANTOS,601
211270 VARGEM GRANDE,721
211280 VIANA,800
211285 VILA NOVA DOS MARTIRIOS,153
211290 VITORIA DO MEARIM,426
211300 VITORINO FREIRE,448
211400 ZE DOCA,624
 MUNICIPIO IGNORADO - PI,3
220005 ACAUA,94
220010 AGRICOLANDIA,60
220020 AGUA BRANCA,263
220025 ALAGOINHA DO PIAUI,83
220027 ALEGRETE DO PIAUI,63
220030 ALTO LONGA,114
220040 ALTOS,558
220045 ALVORADA DO GURGUEIA,87
220050 AMARANTE,225
220060 ANGICAL DO PIAUI,84
220070 ANISIO DE ABREU,110
220080 ANTONIO ALMEIDA,46
220090 AROAZES,55
220095 AROEIRAS DO ITAIM,18
220100 ARRAIAL,46
220105 ASSUNCAO DO PIAUI,78
220110 AVELINO LOPES,147
220115 BAIXA GRANDE DO RIBEIRO,260
220117 BARRA D'ALCANTARA,42
220120 BARRAS,620
220130 BARREIRAS DO PIAUI,42
220140 BARRO DURO,85
220150 BATALHA,273
220155 BELA VISTA DO PIAUI,54
220157 BELEM DO PIAUI,35
220160 BENEDITINOS,107
220170 BERTOLINIA,75
220173 BETANIA DO PIAUI,113
220177 BOA HORA,67
220180 BOCAINA,40
220190 BOM JESUS,496
220191 BOM PRINCIPIO DO PIAUI,88
220192 BONFIM DO PIAUI,68
220194 BOQUEIRAO DO PIAUI,75
220196 BRASILEIRA,108
220198 BREJO DO PIAUI,43
220200 BURITI DOS LOPES,293
220202 BURITI DOS MONTES,61
220205 CABECEIRAS DO PIAUI,110
220207 CAJAZEIRAS DO PIAUI,32
220208 CAJUEIRO DA PRAIA,106
220209 CALDEIRAO GRANDE DO PIAUI,69
220210 CAMPINAS DO PIAUI,49
220211 CAMPO ALEGRE DO FIDALGO,62
220213 CAMPO GRANDE DO PIAUI,77
220217 CAMPO LARGO DO PIAUI,105
220220 CAMPO MAIOR,511
220225 CANAVIEIRA,37
220230 CANTO DO BURITI,291
220240 CAPITAO DE CAMPOS,123
220245 CAPITAO GERVASIO OLIVEIRA,42
220250 CARACOL,144
220253 CARAUBAS DO PIAUI,82
220255 CARIDADE DO PIAUI,79
220260 CASTELO DO PIAUI,211
220265 CAXINGO,93
220270 COCAL,393
220271 COCAL DE TELHA,62
220272 COCAL DOS ALVES,79
220273 COIVARAS,45
220275 COLONIA DO GURGUEIA,66
220277 COLONIA DO PIAUI,88
220280 CONCEICAO DO CANINDE,63
220285 CORONEL JOSE DIAS,49
220290 CORRENTE,436
220300 CRISTALANDIA DO PIAUI,96
220310 CRISTINO CASTRO,131
220320 CURIMATA,179
220323 CURRAIS,85
220325 CURRALINHOS,65
220327 CURRAL NOVO DO PIAUI,95
220330 DEMERVAL LOBAO,251
220335 DIRCEU ARCOVERDE,85
220340 DOM EXPEDITO LOPES,83
220342 DOMINGOS MOURAO,52
220345 DOM INOCENCIO,69
220350 ELESBAO VELOSO,146
220360 ELISEU MARTINS,49
220370 ESPERANTINA,607
220375 FARTURA DO PIAUI,68
220380 FLORES DO PIAUI,49
220385 FLORESTA DO PIAUI,21
220390 FLORIANO,937
220400 FRANCINOPOLIS,43
220410 FRANCISCO AYRES,39
220415 FRANCISCO MACEDO,30
220420 FRANCISCO SANTOS,101
220430 FRONTEIRAS,106
220435 GEMINIANO,73
220440 GILBUES,167
220450 GUADALUPE,138
220455 GUARIBAS,71
220460 HUGO NAPOLEAO,40
220465 ILHA GRANDE,133
220470 INHUMA,136
220480 IPIRANGA DO PIAUI,102
220490 ISAIAS COELHO,109
220500 ITAINOPOLIS,131
220510 ITAUEIRA,109
220515 JACOBINA DO PIAUI,61
220520 JAICOS,238
220525 JARDIM DO MULATO,43
220527 JATOBA DO PIAUI,44
220530 JERUMENHA,59
220535 JOAO COSTA,36
220540 JOAQUIM PIRES,209
220545 JOCA MARQUES,77
220550 JOSE DE FREITAS,554
220551 JUAZEIRO DO PIAUI,47
220552 JULIO BORGES,87
220553 JUREMA,57
220554 LAGOINHA DO PIAUI,36
220555 LAGOA ALEGRE,103
220556 LAGOA DO BARRO DO PIAUI,72
220557 LAGOA DE SAO FRANCISCO,68
220558 LAGOA DO PIAUI,60
220559 LAGOA DO SITIO,47
220560 LANDRI SALES,65
220570 LUIS CORREIA,418
220580 LUZILANDIA,330
220585 MADEIRO,95
220590 MANOEL EMIDIO,62
220595 MARCOLANDIA,114
220600 MARCOS PARENTE,46
220605 MASSAPE DO PIAUI,53
220610 MATIAS OLIMPIO,139
220620 MIGUEL ALVES,466
220630 MIGUEL LEAO,16
220635 MILTON BRANDAO,65
220640 MONSENHOR GIL,110
220650 MONSENHOR HIPOLITO,82
220660 MONTE ALEGRE DO PIAUI,174
220665 MORRO CABECA NO TEMPO,66
220667 MORRO DO CHAPEU DO PIAUI,88
220669 MURICI DOS PORTELAS,104
220670 NAZARE DO PIAUI,70
220672 NAZARIA,153
220675 NOSSA SENHORA DE NAZARE,46
220680 NOSSA SENHORA DOS REMEDIOS,138
220690 NOVO ORIENTE DO PIAUI,54
220695 NOVO SANTO ANTONIO,27
220700 OEIRAS,455
220710 OLHO D'AGUA DO PIAUI,47
220720 PADRE MARCOS,78
220730 PAES LANDIM,49
220735 PAJEU DO PIAUI,17
220740 PALMEIRA DO PIAUI,76
220750 PALMEIRAIS,150
220755 PAQUETA,44
220760 PARNAGUA,169
220770 PARNAIBA,2191
220775 PASSAGEM FRANCA DO PIAUI,40
220777 PATOS DO PIAUI,50
220779 PAU D'ARCO DO PIAUI,57
220780 PAULISTANA,328
220785 PAVUSSU,44
220790 PEDRO II,431
220793 PEDRO LAURENTINO,25
220795 NOVA SANTA RITA,56
220800 PICOS,1009
220810 PIMENTEIRAS,128
220820 PIO IX,217
220830 PIRACURUCA,381
220840 PIRIPIRI,838
220850 PORTO,169
220855 PORTO ALEGRE DO PIAUI,36
220860 PRATA DO PIAUI,31
220865 QUEIMADA NOVA,99
220870 REDENCAO DO GURGUEIA,131
220880 REGENERACAO,211
220885 RIACHO FRIO,47
220887 RIBEIRA DO PIAUI,34
220890 RIBEIRO GONCALVES,93
220900 RIO GRANDE DO PIAUI,66
220910 SANTA CRUZ DO PIAUI,57
220915 SANTA CRUZ DOS MILAGRES,22
220920 SANTA FILOMENA,78
220930 SANTA LUZ,67
220935 SANTANA DO PIAUI,32
220937 SANTA ROSA DO PIAUI,55
220940 SANTO ANTONIO DE LISBOA,67
220945 SANTO ANTONIO DOS MILAGRES,22
220950 SANTO INACIO DO PIAUI,43
220955 SAO BRAZ DO PIAUI,59
220960 SAO FELIX DO PIAUI,17
220965 SAO FRANCISCO DE ASSIS DO PIAUI,71
220970 SAO FRANCISCO DO PIAUI,80
220975 SAO GONCALO DO GURGUEIA,46
220980 SAO GONCALO DO PIAUI,50
220985 SAO JOAO DA CANABRAVA,57
220987 SAO JOAO DA FRONTEIRA,71
220990 SAO JOAO DA SERRA,44
220995 SAO JOAO DA VARJOTA,37
220997 SAO JOAO DO ARRAIAL,122
221000 SAO JOAO DO PIAUI,286
221005 SAO JOSE DO DIVINO,63
221010 SAO JOSE DO PEIXE,26
221020 SAO JOSE DO PIAUI,68
221030 SAO JULIAO,66
221035 SAO LOURENCO DO PIAUI,38
221037 SAO LUIS DO PIAUI,29
221038 SAO MIGUEL DA BAIXA GRANDE,17
221039 SAO MIGUEL DO FIDALGO,31
221040 SAO MIGUEL DO TAPUIO,146
221050 SAO PEDRO DO PIAUI,178
221060 SAO RAIMUNDO NONATO,506
221062 SEBASTIAO BARROS,36
221063 SEBASTIAO LEAL,68
221065 SIGEFREDO PACHECO,95
221070 SIMOES,189
221080 SIMPLICIO MENDES,163
221090 SOCORRO DO PIAUI,39
221093 SUSSUAPARA,74
221095 TAMBORIL DO PIAUI,39
221097 TANQUE DO PIAUI,24
221100 TERESINA,11562
221110 UNIAO,596
221120 URUCUI,385
221130 VALENCA DO PIAUI,238
221135 VARZEA BRANCA,78
221140 VARZEA GRANDE,47
221150 VERA MENDES,44
221160 VILA NOVA DO PIAUI,28
221170 WALL FERRAZ,36
 MUNICIPIO IGNORADO - CE,1
230010 ABAIARA,149
230015 ACARAPE,184
230020 ACARAU,969
230030 ACOPIARA,519
230040 AIUABA,163
230050 ALCANTARAS,129
230060 ALTANEIRA,120
230070 ALTO SANTO,178
230075 AMONTADA,658
230080 ANTONINA DO NORTE,97
230090 APUIARES,139
230100 AQUIRAZ,1069
230110 ARACATI,866
230120 ARACOIABA,301
230125 ARARENDA,153
230130 ARARIPE,298
230140 ARATUBA,144
230150 ARNEIROZ,75
230160 ASSARE,259
230170 AURORA,301
230180 BAIXIO,46
230185 BANABUIU,203
230190 BARBALHA,1111
230195 BARREIRA,265
230200 BARRO,207
230205 BARROQUINHA,209
230210 BATURITE,444
230220 BEBERIBE,569
230230 BELA CRUZ,356
230240 BOA VIAGEM,565
230250 BREJO SANTO,705
230260 CAMOCIM,894
230270 CAMPOS SALES,366
230280 CANINDE,1018
230290 CAPISTRANO,234
230300 CARIDADE,195
230310 CARIRE,208
230320 CARIRIACU,383
230330 CARIUS,196
230340 CARNAUBAL,238
230350 CASCAVEL,888
230360 CATARINA,127
230365 CATUNDA,100
230370 CAUCAIA,4789
230380 CEDRO,264
230390 CHAVAL,151
230393 CHORO,147
230395 CHOROZINHO,190
230400 COREAU,266
230410 CRATEUS,926
230420 CRATO,1884
230423 CROATA,210
230425 CRUZ,438
230426 DEPUTADO IRAPUAN PINHEIRO,88
230427 ERERE,54
230428 EUSEBIO,1102
230430 FARIAS BRITO,195
230435 FORQUILHA,240
230440 FORTALEZA,29676
230445 FORTIM,214
230450 FRECHEIRINHA,232
230460 GENERAL SAMPAIO,96
230465 GRACA,146
230470 GRANJA,722
230480 GRANJEIRO,60
230490 GROAIRAS,114
230495 GUAIUBA,258
230500 GUARACIABA DO NORTE,594
230510 GUARAMIRANGA,74
230520 HIDROLANDIA,231
230523 HORIZONTE,1049
230526 IBARETAMA,165
230530 IBIAPINA,384
230533 IBICUITINGA,114
230535 ICAPUI,201
230540 ICO,656
230550 IGUATU,1169
230560 INDEPENDENCIA,295
230565 IPAPORANGA,133
230570 IPAUMIRIM,120
230580 IPU,544
230590 IPUEIRAS,452
230600 IRACEMA,135
230610 IRAUCUBA,330
230620 ITAICABA,68
230625 ITAITINGA,686
230630 ITAPAGE,558
230640 ITAPIPOCA,2045
230650 ITAPIUNA,182
230655 ITAREMA,632
230660 ITATIRA,247
230670 JAGUARETAMA,206
230680 JAGUARIBARA,122
230690 JAGUARIBE,367
230700 JAGUARUANA,304
230710 JARDIM,352
230720 JATI,93
230725 JIJOCA DE JERICOACOARA,393
230730 JUAZEIRO DO NORTE,3634
230740 JUCAS,297
230750 LAVRAS DA MANGABEIRA,287
230760 LIMOEIRO DO NORTE,698
230763 MADALENA,178
230765 MARACANAU,3658
230770 MARANGUAPE,1189
230780 MARCO,530
230790 MARTINOPOLE,190
230800 MASSAPE,514
230810 MAURITI,665
230820 MERUOCA,174
230830 MILAGRES,353
230835 MILHA,144
230837 MIRAIMA,152
230840 MISSAO VELHA,565
230850 MOMBACA,430
230860 MONSENHOR TABOSA,189
230870 MORADA NOVA,686
230880 MORAUJO,114
230890 MORRINHOS,330
230900 MUCAMBO,186
230910 MULUNGU,116
230920 NOVA OLINDA,226
230930 NOVA RUSSAS,338
230940 NOVO ORIENTE,312
230945 OCARA,245
230950 OROS,222
230960 PACAJUS,889
230970 PACATUBA,1049
230980 PACOTI,123
230990 PACUJA,80
231000 PALHANO,98
231010 PALMACIA,82
231020 PARACURU,540
231025 PARAIPABA,449
231030 PARAMBU,446
231040 PARAMOTI,121
231050 PEDRA BRANCA,404
231060 PENAFORTE,131
231070 PENTECOSTE,436
231080 PEREIRO,178
231085 PINDORETAMA,269
231090 PIQUET CARNEIRO,145
231095 PIRES FERREIRA,110
231100 PORANGA,126
231110 PORTEIRAS,260
231120 POTENGI,103
231123 POTIRETAMA,78
231126 QUITERIANOPOLIS,229
231130 QUIXADA,1212
231135 QUIXELO,177
231140 QUIXERAMOBIM,1093
231150 QUIXERE,266
231160 REDENCAO,359
231170 RERIUTABA,226
231180 RUSSAS,908
231190 SABOEIRO,145
231195 SALITRE,314
231200 SANTANA DO ACARAU,368
231210 SANTANA DO CARIRI,230
231220 SANTA QUITERIA,453
231230 SAO BENEDITO,763
231240 SAO GONCALO DO AMARANTE,829
231250 SAO JOAO DO JAGUARIBE,36
231260 SAO LUIS DO CURU,111
231270 SENADOR POMPEU,266
231280 SENADOR SA,93
231290 SOBRAL,2776
231300 SOLONOPOLE,169
231310 TABULEIRO DO NORTE,313
231320 TAMBORIL,344
231325 TARRAFAS,78
231330 TAUA,706
231335 TEJUCUOCA,224
231340 TIANGUA,1357
231350 TRAIRI,821
231355 TURURU,249
231360 UBAJARA,458
231370 UMARI,73
231375 UMIRIM,246
231380 URUBURETAMA,311
231390 URUOCA,173
231395 VARJOTA,259
231400 VARZEA ALEGRE,404
231410 VICOSA DO CEARA,868
 MUNICIPIO IGNORADO - RN,1
240010 ACARI,111
240020 ACU,598
240030 AFONSO BEZERRA,117
240040 AGUA NOVA,41
240050 ALEXANDRIA,137
240060 ALMINO AFONSO,45
240070 ALTO DO RODRIGUES,157
240080 ANGICOS,130
240090 ANTONIO MARTINS,77
240100 APODI,377
240110 AREIA BRANCA,298
240120 ARES,170
240130 AUGUSTO SEVERO,84
240140 BAIA FORMOSA,112
240145 BARAUNA,325
240150 BARCELONA,40
240160 BENTO FERNANDES,48
240165 BODO,36
240170 BOM JESUS,142
240180 BREJINHO,174
240185 CAICARA DO NORTE,98
240190 CAICARA DO RIO DO VENTO,38
240200 CAICO,580
240210 CAMPO REDONDO,111
240220 CANGUARETAMA,414
240230 CARAUBAS,222
240240 CARNAUBA DOS DANTAS,100
240250 CARNAUBAIS,77
240260 CEARA-MIRIM,1034
240270 CERRO CORA,127
240280 CORONEL EZEQUIEL,63
240290 CORONEL JOAO PESSOA,47
240300 CRUZETA,63
240310 CURRAIS NOVOS,447
240320 DOUTOR SEVERIANO,88
240325 PARNAMIRIM,3292
240330 ENCANTO,78
240340 EQUADOR,46
240350 ESPIRITO SANTO,88
240360 EXTREMOZ,571
240370 FELIPE GUERRA,45
240375 FERNANDO PEDROZA,27
240380 FLORANIA,103
240390 FRANCISCO DANTAS,29
240400 FRUTUOSO GOMES,44
240410 GALINHOS,29
240420 GOIANINHA,419
240430 GOVERNADOR DIX-SEPT ROSADO,115
240440 GROSSOS,97
240450 GUAMARE,256
240460 IELMO MARINHO,138
240470 IPANGUACU,165
240480 IPUEIRA,22
240485 ITAJA,69
240490 ITAU,61
240500 JACANA,103
240510 JANDAIRA,80
240520 JANDUIS,52
240530 JANUARIO CICCO,103
240540 JAPI,73
240550 JARDIM DE ANGICOS,35
240560 JARDIM DE PIRANHAS,170
240570 JARDIM DO SERIDO,89
240580 JOAO CAMARA,530
240590 JOAO DIAS,32
240600 JOSE DA PENHA,61
240610 JUCURUTU,184
240615 JUNDIA,51
240620 LAGOA D'ANTA,98
240630 LAGOA DE PEDRAS,85
240640 LAGOA DE VELHOS,32
240650 LAGOA NOVA,223
240660 LAGOA SALGADA,127
240670 LAJES,108
240680 LAJES PINTADAS,54
240690 LUCRECIA,38
240700 LUIS GOMES,104
240710 MACAIBA,889
240720 MACAU,248
240725 MAJOR SALES,39
240730 MARCELINO VIEIRA,77
240740 MARTINS,78
240750 MAXARANGUAPE,115
240760 MESSIAS TARGINO,41
240770 MONTANHAS,161
240780 MONTE ALEGRE,278
240790 MONTE DAS GAMELEIRAS,28
240800 MOSSORO,3291
240810 NATAL,9542
240820 NISIA FLORESTA,363
240830 NOVA CRUZ,403
240840 OLHO-D'AGUA DO BORGES,36
240850 OURO BRANCO,51
240860 PARANA,41
240870 PARAU,35
240880 PARAZINHO,82
240890 PARELHAS,249
240895 RIO DO FOGO,150
240910 PASSA E FICA,147
240920 PASSAGEM,35
240930 PATU,138
240933 SANTA MARIA,64
240940 PAU DOS FERROS,383
240950 PEDRA GRANDE,54
240960 PEDRA PRETA,32
240970 PEDRO AVELINO,62
240980 PEDRO VELHO,208
240990 PENDENCIAS,157
241000 PILOES,35
241010 POCO BRANCO,147
241020 PORTALEGRE,69
241025 PORTO DO MANGUE,65
241030 SERRA CAIADA,132
241040 PUREZA,114
241050 RAFAEL FERNANDES,57
241060 RAFAEL GODEIRO,22
241070 RIACHO DA CRUZ,32
241080 RIACHO DE SANTANA,45
241090 RIACHUELO,76
241100 RODOLFO FERNANDES,52
241105 TIBAU,69
241110 RUY BARBOSA,45
241120 SANTA CRUZ,523
241140 SANTANA DO MATOS,117
241142 SANTANA DO SERIDO,27
241150 SANTO ANTONIO,260
241160 SAO BENTO DO NORTE,45
241170 SAO BENTO DO TRAIRI,43
241180 SAO FERNANDO,24
241190 SAO FRANCISCO DO OESTE,39
241200 SAO GONCALO DO AMARANTE,1359
241210 SAO JOAO DO SABUGI,44
241220 SAO JOSE DE MIPIBU,623
241230 SAO JOSE DO CAMPESTRE,130
241240 SAO JOSE DO SERIDO,40
241250 SAO MIGUEL,309
241255 SAO MIGUEL DO GOSTOSO,143
241260 SAO PAULO DO POTENGI,146
241270 SAO PEDRO,53
241280 SAO RAFAEL,92
241290 SAO TOME,101
241300 SAO VICENTE,58
241310 SENADOR ELOI DE SOUZA,63
241320 SENADOR GEORGINO AVELINO,63
241330 SERRA DE SAO BENTO,78
241335 SERRA DO MEL,195
241340 SERRA NEGRA DO NORTE,61
241350 SERRINHA,84
241355 SERRINHA DOS PINTOS,46
241360 SEVERIANO MELO,60
241370 SITIO NOVO,44
241380 TABOLEIRO GRANDE,25
241390 TAIPU,132
241400 TANGARA,169
241410 TENENTE ANANIAS,104
241415 TENENTE LAURENTINO CRUZ,78
241420 TIBAU DO SUL,264
241430 TIMBAUBA DOS BATISTAS,17
241440 TOUROS,453
241445 TRIUNFO POTIGUAR,50
241450 UMARIZAL,86
241460 UPANEMA,144
241470 VARZEA,71
241475 VENHA-VER,48
241480 VERA CRUZ,166
241490 VICOSA,25
241500 VILA FLOR,43
250010 AGUA BRANCA,148
250020 AGUIAR,47
250030 ALAGOA GRANDE,372
250040 ALAGOA NOVA,315
250050 ALAGOINHA,190
250053 ALCANTIL,95
250057 ALGODAO DE JANDAIRA,47
250060 ALHANDRA,326
250070 SAO JOAO DO RIO DO PEIXE,168
250073 AMPARO,24
250077 APARECIDA,100
250080 ARACAGI,161
250090 ARARA,129
250100 ARARUNA,199
250110 AREIA,275
250115 AREIA DE BARAUNAS,31
250120 AREIAL,100
250130 AROEIRAS,259
250135 ASSUNCAO,68
250140 BAIA DA TRAICAO,158
250150 BANANEIRAS,297
250153 BARAUNA,57
250157 BARRA DE SANTANA,96
250160 BARRA DE SANTA ROSA,113
250170 BARRA DE SAO MIGUEL,71
250180 BAYEUX,1184
250190 BELEM,179
250200 BELEM DO BREJO DO CRUZ,70
250205 BERNARDINO BATISTA,32
250210 BOA VENTURA,72
250215 BOA VISTA,88
250220 BOM JESUS,27
250230 BOM SUCESSO,33
250240 BONITO DE SANTA FE,126
250250 BOQUEIRAO,214
250260 IGARACY,69
250270 BORBOREMA,65
250280 BREJO DO CRUZ,162
250290 BREJO DOS SANTOS,61
250300 CAAPORA,313
250310 CABACEIRAS,58
250320 CABEDELO,858
250330 CACHOEIRA DOS INDIOS,107
250340 CACIMBA DE AREIA,47
250350 CACIMBA DE DENTRO,187
250355 CACIMBAS,129
250360 CAICARA,75
250370 CAJAZEIRAS,783
250375 CAJAZEIRINHAS,42
250380 CALDAS BRANDAO,88
250390 CAMALAU,82
250400 CAMPINA GRANDE,5618
250403 CAPIM,126
250407 CARAUBAS,72
250410 CARRAPATEIRA,21
250415 CASSERENGUE,69
250420 CATINGUEIRA,51
250430 CATOLE DO ROCHA,352
250435 CATURITE,65
250440 CONCEICAO,190
250450 CONDADO,81
250460 CONDE,461
250470 CONGO,82
250480 COREMAS,159
250485 COXIXOLA,20
250490 CRUZ DO ESPIRITO SANTO,278
250500 CUBATI,94
250510 CUITE,218
250520 CUITEGI,97
250523 CUITE DE MAMANGUAPE,98
250527 CURRAL DE CIMA,67
250530 CURRAL VELHO,29
250535 DAMIAO,64
250540 DESTERRO,107
250550 VISTA SERRANA,42
250560 DIAMANTE,87
250570 DONA INES,119
250580 DUAS ESTRADAS,40
250590 EMAS,28
250600 ESPERANCA,403
250610 FAGUNDES,146
250620 FREI MARTINHO,24
250625 GADO BRAVO,111
250630 GUARABIRA,764
250640 GURINHEM,156
250650 GURJAO,45
250660 IBIARA,63
250670 IMACULADA,118
250680 INGA,213
250690 ITABAIANA,324
250700 ITAPORANGA,293
250710 ITAPOROROCA,239
250720 ITATUBA,146
250730 JACARAU,208
250740 JERICO,81
250750 JOAO PESSOA,10727
250760 JUAREZ TAVORA,100
250770 JUAZEIRINHO,277
250780 JUNCO DO SERIDO,92
250790 JURIPIRANGA,159
250800 JURU,94
250810 LAGOA,34
250820 LAGOA DE DENTRO,91
250830 LAGOA SECA,348
250840 LASTRO,29
250850 LIVRAMENTO,84
250855 LOGRADOURO,33
250860 LUCENA,203
250870 MAE D'AGUA,41
250880 MALTA,74
250890 MAMANGUAPE,638
250900 MANAIRA,140
250905 MARCACAO,156
250910 MARI,264
250915 MARIZOPOLIS,86
250920 MASSARANDUBA,152
250930 MATARACA,125
250933 MATINHAS,62
250937 MATO GROSSO,26
250939 MATUREIA,85
250940 MOGEIRO,168
250950 MONTADAS,77
250960 MONTE HOREBE,65
250970 MONTEIRO,430
250980 MULUNGU,129
250990 NATUBA,82
251000 NAZAREZINHO,69
251010 NOVA FLORESTA,117
251020 NOVA OLINDA,69
251030 NOVA PALMEIRA,35
251040 OLHO D'AGUA,86
251050 OLIVEDOS,45
251060 OURO VELHO,30
251065 PARARI,19
251070 PASSAGEM,23
251080 PATOS,1280
251090 PAULISTA,118
251100 PEDRA BRANCA,52
251110 PEDRA LAVRADA,68
251120 PEDRAS DE FOGO,387
251130 PIANCO,149
251140 PICUI,235
251150 PILAR,185
251160 PILOES,89
251170 PILOEZINHOS,79
251180 PIRPIRITUBA,131
251190 PITIMBU,197
251200 POCINHOS,243
251203 POCO DANTAS,52
251207 POCO DE JOSE DE MOURA,44
251210 POMBAL,363
251220 PRATA,44
251230 PRINCESA ISABEL,268
251240 PUXINANA,180
251250 QUEIMADAS,638
251260 QUIXABA,26
251270 REMIGIO,232
251272 PEDRO REGIS,56
251274 RIACHAO,27
251275 RIACHAO DO BACAMARTE,60
251276 RIACHAO DO POCO,62
251278 RIACHO DE SANTO ANTONIO,33
251280 RIACHO DOS CAVALOS,98
251290 RIO TINTO,291
251300 SALGADINHO,41
251310 SALGADO DE SAO FELIX,137
251315 SANTA CECILIA,109
251320 SANTA CRUZ,62
251330 SANTA HELENA,61
251335 SANTA INES,43
251340 SANTA LUZIA,172
251350 SANTANA DE MANGUEIRA,55
251360 SANTANA DOS GARROTES,63
251365 JOCA CLAUDINO,30
251370 SANTA RITA,1948
251380 SANTA TERESINHA,65
251385 SANTO ANDRE,23
251390 SAO BENTO,407
251392 SAO BENTINHO,39
251394 SAO DOMINGOS DO CARIRI,33
251396 SAO DOMINGOS,25
251398 SAO FRANCISCO,37
251400 SAO JOAO DO CARIRI,58
251410 SAO JOAO DO TIGRE,37
251420 SAO JOSE DA LAGOA TAPADA,81
251430 SAO JOSE DE CAIANA,81
251440 SAO JOSE DE ESPINHARAS,48
251445 SAO JOSE DOS RAMOS,74
251450 SAO JOSE DE PIRANHAS,246
251455 SAO JOSE DE PRINCESA,27
251460 SAO JOSE DO BONFIM,41
251465 SAO JOSE DO BREJO DO CRUZ,23
251470 SAO JOSE DO SABUGI,44
251480 SAO JOSE DOS CORDEIROS,32
251490 SAO MAMEDE,92
251500 SAO MIGUEL DE TAIPU,92
251510 SAO SEBASTIAO DE LAGOA DE ROCA,109
251520 SAO SEBASTIAO DO UMBUZEIRO,49
251530 SAPE,577
251540 SAO VICENTE DO SERIDO,145
251550 SERRA BRANCA,130
251560 SERRA DA RAIZ,26
251570 SERRA GRANDE,37
251580 SERRA REDONDA,85
251590 SERRARIA,69
251593 SERTAOZINHO,72
251597 SOBRADO,125
251600 SOLANEA,348
251610 SOLEDADE,164
251615 SOSSEGO,55
251620 SOUSA,899
251630 SUME,207
251640 TACIMA,83
251650 TAPEROA,178
251660 TAVARES,175
251670 TEIXEIRA,201
251675 TENORIO,39
251680 TRIUNFO,105
251690 UIRAUNA,159
251700 UMBUZEIRO,111
251710 VARZEA,29
251720 VIEIROPOLIS,39
251740 ZABELE,33
 MUNICIPIO IGNORADO - PE,12
260005 ABREU E LIMA,1142
260010 AFOGADOS DA INGAZEIRA,539
260020 AFRANIO,237
260030 AGRESTINA,366
260040 AGUA PRETA,349
260050 AGUAS BELAS,701
260060 ALAGOINHA,184
260070 ALIANCA,465
260080 ALTINHO,207
260090 AMARAJI,277
260100 ANGELIM,126
260105 ARACOIABA,282
260110 ARARIPINA,1543
260120 ARCOVERDE,1025
260130 BARRA DE GUABIRABA,152
260140 BARREIROS,559
260150 BELEM DE MARIA,98
260160 BELEM DE SAO FRANCISCO,296
260170 BELO JARDIM,1160
260180 BETANIA,166
260190 BEZERROS,651
260200 BODOCO,530
260210 BOM CONSELHO,472
260220 BOM JARDIM,423
260230 BONITO,541
260240 BREJAO,177
260250 BREJINHO,105
260260 BREJO DA MADRE DE DEUS,643
260270 BUENOS AIRES,166
260280 BUIQUE,793
260290 CABO DE SANTO AGOSTINHO,2696
260300 CABROBO,493
260310 CACHOEIRINHA,295
260320 CAETES,395
260330 CALCADO,125
260340 CALUMBI,82
260345 CAMARAGIBE,1780
260350 CAMOCIM DE SAO FELIX,220
260360 CAMUTANGA,101
260370 CANHOTINHO,281
260380 CAPOEIRAS,268
260390 CARNAIBA,244
260392 CARNAUBEIRA DA PENHA,255
260400 CARPINA,910
260410 CARUARU,5241
260415 CASINHAS,153
260420 CATENDE,420
260430 CEDRO,148
260440 CHA DE ALEGRIA,153
260450 CHA GRANDE,282
260460 CONDADO,275
260470 CORRENTES,172
260480 CORTES,153
260490 CUMARU,149
260500 CUPIRA,308
260510 CUSTODIA,515
260515 DORMENTES,188
260520 ESCADA,709
260530 EXU,436
260540 FEIRA NOVA,281
260545 FERNANDO DE NORONHA,28
260550 FERREIROS,115
260560 FLORES,252
260570 FLORESTA,446
260580 FREI MIGUELINHO,182
260590 GAMELEIRA,271
260600 GARANHUNS,1974
260610 GLORIA DO GOITA,370
260620 GOIANA,1089
260630 GRANITO,108
260640 GRAVATA,1015
260650 IATI,287
260660 IBIMIRIM,383
260670 IBIRAJUBA,91
260680 IGARASSU,1492
260690 IGUARACY,127
260700 INAJA,335
260710 INGAZEIRA,54
260720 IPOJUCA,1606
260730 IPUBI,507
260740 ITACURUBA,74
260750 ITAIBA,373
260760 ILHA DE ITAMARACA,249
260765 ITAMBE,404
260770 ITAPETIM,171
260775 ITAPISSUMA,360
260780 ITAQUITINGA,186
260790 JABOATAO DOS GUARARAPES,7737
260795 JAQUEIRA,154
260800 JATAUBA,229
260805 JATOBA,202
260810 JOAO ALFREDO,291
260820 JOAQUIM NABUCO,166
260825 JUCATI,156
260830 JUPI,243
260840 JUREMA,201
260845 LAGOA DO CARRO,213
260850 LAGOA DE ITAENGA,285
260860 LAGOA DO OURO,167
260870 LAGOA DOS GATOS,148
260875 LAGOA GRANDE,374
260880 LAJEDO,632
260890 LIMOEIRO,660
260900 MACAPARANA,347
260910 MACHADOS,178
260915 MANARI,264
260920 MARAIAL,133
260930 MIRANDIBA,253
260940 MORENO,678
260950 NAZARE DA MATA,339
260960 OLINDA,4162
260970 OROBO,244
260980 OROCO,199
260990 OURICURI,941
261000 PALMARES,816
261010 PALMEIRINA,90
261020 PANELAS,310
261030 PARANATAMA,183
261040 PARNAMIRIM,244
261050 PASSIRA,351
261060 PAUDALHO,821
261070 PAULISTA,3405
261080 PEDRA,312
261090 PESQUEIRA,868
261100 PETROLANDIA,577
261110 PETROLINA,6123
261120 POCAO,149
261130 POMBOS,330
261140 PRIMAVERA,158
261150 QUIPAPA,220
261153 QUIXABA,81
261160 RECIFE,17291
261170 RIACHO DAS ALMAS,261
261180 RIBEIRAO,396
261190 RIO FORMOSO,275
261200 SAIRE,112
261210 SALGADINHO,47
261220 SALGUEIRO,936
261230 SALOA,180
261240 SANHARO,251
261245 SANTA CRUZ,203
261247 SANTA CRUZ DA BAIXA VERDE,145
261250 SANTA CRUZ DO CAPIBARIBE,1355
261255 SANTA FILOMENA,161
261260 SANTA MARIA DA BOA VISTA,593
261270 SANTA MARIA DO CAMBUCA,171
261280 SANTA TEREZINHA,128
261290 SAO BENEDITO DO SUL,137
261300 SAO BENTO DO UNA,747
261310 SAO CAITANO,505
261320 SAO JOAO,356
261330 SAO JOAQUIM DO MONTE,282
261340 SAO JOSE DA COROA GRANDE,260
261350 SAO JOSE DO BELMONTE,496
261360 SAO JOSE DO EGITO,405
261370 SAO LOURENCO DA MATA,1408
261380 SAO VICENTE FERRER,233
261390 SERRA TALHADA,1429
261400 SERRITA,206
261410 SERTANIA,348
261420 SIRINHAEM,492
261430 MOREILANDIA,124
261440 SOLIDAO,75
261450 SURUBIM,799
261460 TABIRA,369
261470 TACAIMBO,131
261480 TACARATU,281
261485 TAMANDARE,352
261500 TAQUARITINGA DO NORTE,342
261510 TEREZINHA,77
261520 TERRA NOVA,119
261530 TIMBAUBA,588
261540 TORITAMA,669
261550 TRACUNHAEM,176
261560 TRINDADE,531
261570 TRIUNFO,191
261580 TUPANATINGA,363
261590 TUPARETAMA,117
261600 VENTUROSA,241
261610 VERDEJANTE,135
261618 VERTENTE DO LERIO,93
261620 VERTENTES,291
261630 VICENCIA,332
261640 VITORIA DE SANTO ANTAO,1753
261650 XEXEU,181
270010 AGUA BRANCA,260
270020 ANADIA,184
270030 ARAPIRACA,3673
270040 ATALAIA,537
270050 BARRA DE SANTO ANTONIO,289
270060 BARRA DE SAO MIGUEL,149
270070 BATALHA,261
270080 BELEM,63
270090 BELO MONTE,119
270100 BOCA DA MATA,270
270110 BRANQUINHA,145
270120 CACIMBINHAS,146
270130 CAJUEIRO,284
270135 CAMPESTRE,97
270140 CAMPO ALEGRE,492
270150 CAMPO GRANDE,150
270160 CANAPI,249
270170 CAPELA,195
270180 CARNEIROS,155
270190 CHA PRETA,78
270200 COITE DO NOIA,163
270210 COLONIA LEOPOLDINA,242
270220 COQUEIRO SECO,78
270230 CORURIPE,792
270235 CRAIBAS,439
270240 DELMIRO GOUVEIA,708
270250 DOIS RIACHOS,162
270255 ESTRELA DE ALAGOAS,227
270260 FEIRA GRANDE,359
270270 FELIZ DESERTO,53
270280 FLEXEIRAS,142
270290 GIRAU DO PONCIANO,520
270300 IBATEGUARA,224
270310 IGACI,283
270320 IGREJA NOVA,303
270330 INHAPI,262
270340 JACARE DOS HOMENS,85
270350 JACUIPE,52
270360 JAPARATINGA,147
270370 JARAMATAIA,95
270375 JEQUIA DA PRAIA,124
270380 JOAQUIM GOMES,273
270390 JUNDIA,56
270400 JUNQUEIRO,318
270410 LAGOA DA CANOA,316
270420 LIMOEIRO DE ANADIA,375
270430 MACEIO,13027
270440 MAJOR ISIDORO,226
270450 MARAGOGI,544
270460 MARAVILHA,185
270470 MARECHAL DEODORO,899
270480 MARIBONDO,150
270490 MAR VERMELHO,32
270500 MATA GRANDE,290
270510 MATRIZ DE CAMARAGIBE,373
270520 MESSIAS,225
270530 MINADOR DO NEGRAO,83
270540 MONTEIROPOLIS,110
270550 MURICI,402
270560 NOVO LINO,124
270570 OLHO D'AGUA DAS FLORES,321
270580 OLHO D'AGUA DO CASADO,136
270590 OLHO D'AGUA GRANDE,76
270600 OLIVENCA,180
270610 OURO BRANCO,162
270620 PALESTINA,76
270630 PALMEIRA DOS INDIOS,1156
270640 PAO DE ACUCAR,346
270642 PARICONHA,166
270644 PARIPUEIRA,203
270650 PASSO DE CAMARAGIBE,186
270660 PAULO JACINTO,92
270670 PENEDO,803
270680 PIACABUCU,247
270690 PILAR,581
270700 PINDOBA,26
270710 PIRANHAS,388
270720 POCO DAS TRINCHEIRAS,196
270730 PORTO CALVO,364
270740 PORTO DE PEDRAS,139
270750 PORTO REAL DO COLEGIO,254
270760 QUEBRANGULO,163
270770 RIO LARGO,1297
270780 ROTEIRO,105
270790 SANTA LUZIA DO NORTE,117
270800 SANTANA DO IPANEMA,766
270810 SANTANA DO MUNDAU,150
270820 SAO BRAS,95
270830 SAO JOSE DA LAJE,322
270840 SAO JOSE DA TAPERA,537
270850 SAO LUIS DO QUITUNDE,453
270860 SAO MIGUEL DOS CAMPOS,784
270870 SAO MIGUEL DOS MILAGRES,133
270880 SAO SEBASTIAO,489
270890 SATUBA,307
270895 SENADOR RUI PALMEIRA,175
270900 TANQUE D'ARCA,49
270910 TAQUARANA,279
270915 TEOTONIO VILELA,573
270920 TRAIPU,346
270930 UNIAO DOS PALMARES,912
270940 VICOSA,328
280010 AMPARO DE SAO FRANCISCO,27
280020 AQUIDABA,234
280030 ARACAJU,7259
280040 ARAUA,125
280050 AREIA BRANCA,224
280060 BARRA DOS COQUEIROS,554
280067 BOQUIM,266
280070 BREJO GRANDE,116
280100 CAMPO DO BRITO,215
280110 CANHOBA,54
280120 CANINDE DE SAO FRANCISCO,510
280130 CAPELA,476
280140 CARIRA,277
280150 CARMOPOLIS,174
280160 CEDRO DE SAO JOAO,48
280170 CRISTINAPOLIS,253
280190 CUMBE,40
280200 DIVINA PASTORA,62
280210 ESTANCIA,940
280220 FEIRA NOVA,78
280230 FREI PAULO,198
280240 GARARU,132
280250 GENERAL MAYNARD,27
280260 GRACHO CARDOSO,67
280270 ILHA DAS FLORES,129
280280 INDIAROBA,244
280290 ITABAIANA,1281
280300 ITABAIANINHA,528
280310 ITABI,57
280320 ITAPORANGA D'AJUDA,450
280330 JAPARATUBA,181
280340 JAPOATA,178
280350 LAGARTO,1307
280360 LARANJEIRAS,367
280370 MACAMBIRA,78
280380 MALHADA DOS BOIS,52
280390 MALHADOR,125
280400 MARUIM,231
280410 MOITA BONITA,111
280420 MONTE ALEGRE DE SERGIPE,232
280430 MURIBECA,95
280440 NEOPOLIS,194
280445 NOSSA SENHORA APARECIDA,105
280450 NOSSA SENHORA DA GLORIA,588
280460 NOSSA SENHORA DAS DORES,327
280470 NOSSA SENHORA DE LOURDES,86
280480 NOSSA SENHORA DO SOCORRO,2664
280490 PACATUBA,174
280500 PEDRA MOLE,43
280510 PEDRINHAS,96
280520 PINHAO,82
280530 PIRAMBU,125
280540 POCO REDONDO,477
280550 POCO VERDE,250
280560 PORTO DA FOLHA,415
280570 PROPRIA,366
280580 RIACHAO DO DANTAS,200
280590 RIACHUELO,125
280600 RIBEIROPOLIS,182
280610 ROSARIO DO CATETE,133
280620 SALGADO,230
280630 SANTA LUZIA DO ITANHY,182
280640 SANTANA DO SAO FRANCISCO,105
280650 SANTA ROSA DE LIMA,53
280660 SANTO AMARO DAS BROTAS,126
280670 SAO CRISTOVAO,1104
280680 SAO DOMINGOS,138
280690 SAO FRANCISCO,32
280700 SAO MIGUEL DO ALEIXO,33
280710 SIMAO DIAS,599
280720 SIRIRI,113
280730 TELHA,34
280740 TOBIAS BARRETO,631
280750 TOMAR DO GERU,142
280760 UMBAUBA,368
 MUNICIPIO IGNORADO - BA,3
290010 ABAIRA,54
290020 ABARE,279
290030 ACAJUTIBA,156
290035 ADUSTINA,146
290040 AGUA FRIA,145
290050 ERICO CARDOSO,118
290060 AIQUARA,55
290070 ALAGOINHAS,1876
290080 ALCOBACA,325
290090 ALMADINA,43
290100 AMARGOSA,434
290110 AMELIA RODRIGUES,164
290115 AMERICA DOURADA,202
290120 ANAGE,193
290130 ANDARAI,152
290135 ANDORINHA,167
290140 ANGICAL,188
290150 ANGUERA,49
290160 ANTAS,137
290170 ANTONIO CARDOSO,112
290180 ANTONIO GONCALVES,96
290190 APORA,177
290195 APUAREMA,72
290200 ARACATU,171
290205 ARACAS,116
290210 ARACI,644
290220 ARAMARI,88
290225 ARATACA,77
290230 ARATUIPE,111
290240 AURELINO LEAL,177
290250 BAIANOPOLIS,158
290260 BAIXA GRANDE,146
290265 BANZAE,119
290270 BARRA,815
290280 BARRA DA ESTIVA,359
290290 BARRA DO CHOCA,446
290300 BARRA DO MENDES,170
290310 BARRA DO ROCHA,57
290320 BARREIRAS,2393
290323 BARRO ALTO,141
290327 BARROCAS,199
290330 BARRO PRETO,58
290340 BELMONTE,227
290350 BELO CAMPO,243
290360 BIRITINGA,179
290370 BOA NOVA,139
290380 BOA VISTA DO TUPIM,186
290390 BOM JESUS DA LAPA,967
290395 BOM JESUS DA SERRA,102
290400 BONINAL,138
290405 BONITO,215
290410 BOQUIRA,221
290420 BOTUPORA,128
290430 BREJOES,131
290440 BREJOLANDIA,90
290450 BROTAS DE MACAUBAS,109
290460 BRUMADO,893
290470 BUERAREMA,201
290475 BURITIRAMA,268
290480 CAATIBA,57
290485 CABACEIRAS DO PARAGUACU,215
290490 CACHOEIRA,331
290500 CACULE,277
290510 CAEM,105
290515 CAETANOS,121
290520 CAETITE,634
290530 CAFARNAUM,271
290540 CAIRU,275
290550 CALDEIRAO GRANDE,134
290560 CAMACAN,318
290570 CAMACARI,3848
290580 CAMAMU,484
290590 CAMPO ALEGRE DE LOURDES,472
290600 CAMPO FORMOSO,1040
290610 CANAPOLIS,127
290620 CANARANA,328
290630 CANAVIEIRAS,376
290640 CANDEAL,93
290650 CANDEIAS,858
290660 CANDIBA,142
290670 CANDIDO SALES,304
290680 CANSANCAO,450
290682 CANUDOS,177
290685 CAPELA DO ALTO ALEGRE,110
290687 CAPIM GROSSO,418
290689 CARAIBAS,93
290690 CARAVELAS,252
290700 CARDEAL DA SILVA,112
290710 CARINHANHA,428
290720 CASA NOVA,972
290730 CASTRO ALVES,292
290740 CATOLANDIA,52
290750 CATU,432
290755 CATURAMA,80
290760 CENTRAL,187
290770 CHORROCHO,125
290780 CICERO DANTAS,289
290790 CIPO,238
290800 COARACI,186
290810 COCOS,247
290820 CONCEICAO DA FEIRA,208
290830 CONCEICAO DO ALMEIDA,160
290840 CONCEICAO DO COITE,840
290850 CONCEICAO DO JACUIPE,357
290860 CONDE,296
290870 CONDEUBA,170
290880 CONTENDAS DO SINCORA,42
290890 CORACAO DE MARIA,225
290900 CORDEIROS,82
290910 CORIBE,144
290920 CORONEL JOAO SA,168
290930 CORRENTINA,471
290940 COTEGIPE,162
290950 CRAVOLANDIA,46
290960 CRISOPOLIS,237
290970 CRISTOPOLIS,151
290980 CRUZ DAS ALMAS,705
290990 CURACA,511
291000 DARIO MEIRA,125
291005 DIAS D'AVILA,894
291010 DOM BASILIO,107
291020 DOM MACEDO COSTA,46
291030 ELISIO MEDRADO,70
291040 ENCRUZILHADA,234
291050 ENTRE RIOS,476
291060 ESPLANADA,432
291070 EUCLIDES DA CUNHA,747
291072 EUNAPOLIS,1621
291075 FATIMA,190
291077 FEIRA DA MATA,58
291080 FEIRA DE SANTANA,8687
291085 FILADELFIA,246
291090 FIRMINO ALVES,33
291100 FLORESTA AZUL,67
291110 FORMOSA DO RIO PRETO,408
291120 GANDU,407
291125 GAVIAO,30
291130 GENTIO DO OURO,96
291140 GLORIA,192
291150 GONGOGI,81
291160 GOVERNADOR MANGABEIRA,272
291165 GUAJERU,77
291170 GUANAMBI,1192
291180 GUARATINGA,175
291185 HELIOPOLIS,127
291190 IACU,318
291200 IBIASSUCE,102
291210 IBICARAI,224
291220 IBICOARA,316
291230 IBICUI,108
291240 IBIPEBA,171
291250 IBIPITANGA,113
291260 IBIQUERA,41
291270 IBIRAPITANGA,295
291280 IBIRAPUA,124
291290 IBIRATAIA,268
291300 IBITIARA,126
291310 IBITITA,178
291320 IBOTIRAMA,398
291330 ICHU,56
291340 IGAPORA,159
291345 IGRAPIUNA,148
291350 IGUAI,283
291360 ILHEUS,2030
291370 INHAMBUPE,406
291380 IPECAETA,132
291390 IPIAU,576
291400 IPIRA,657
291410 IPUPIARA,48
291420 IRAJUBA,60
291430 IRAMAIA,103
291440 IRAQUARA,352
291450 IRARA,244
291460 IRECE,1103
291465 ITABELA,483
291470 ITABERABA,776
291480 ITABUNA,2227
291490 ITACARE,348
291500 ITAETE,190
291510 ITAGI,142
291520 ITAGIBA,176
291530 ITAGIMIRIM,71
291535 ITAGUACU DA BAHIA,164
291540 ITAJU DO COLONIA,66
291550 ITAJUIPE,207
291560 ITAMARAJU,909
291570 ITAMARI,115
291580 ITAMBE,253
291590 ITANAGRA,90
291600 ITANHEM,180
291610 ITAPARICA,253
291620 ITAPE,101
291630 ITAPEBI,116
291640 ITAPETINGA,835
291650 ITAPICURU,312
291660 ITAPITANGA,69
291670 ITAQUARA,80
291680 ITARANTIM,156
291685 ITATIM,181
291690 ITIRUCU,118
291700 ITIUBA,415
291710 ITORORO,166
291720 ITUACU,232
291730 ITUBERA,249
291733 IUIU,116
291735 JABORANDI,169
291740 JACARACI,131
291750 JACOBINA,1191
291760 JAGUAQUARA,652
291770 JAGUARARI,403
291780 JAGUARIPE,172
291790 JANDAIRA,115
291800 JEQUIE,2023
291810 JEREMOABO,463
291820 JIQUIRICA,130
291830 JITAUNA,149
291835 JOAO DOURADO,380
291840 JUAZEIRO,3854
291845 JUCURUCU,99
291850 JUSSARA,189
291855 JUSSARI,48
291860 JUSSIAPE,62
291870 LAFAIETE COUTINHO,36
291875 LAGOA REAL,111
291880 LAJE,235
291890 LAJEDAO,38
291900 LAJEDINHO,32
291905 LAJEDO DO TABOCAL,63
291910 LAMARAO,82
291915 LAPAO,372
291920 LAURO DE FREITAS,2575
291930 LENCOIS,103
291940 LICINIO DE ALMEIDA,127
291950 LIVRAMENTO DE NOSSA SENHORA,501
291955 LUIS EDUARDO MAGALHAES,2114
291960 MACAJUBA,120
291970 MACARANI,146
291980 MACAUBAS,467
291990 MACURURE,93
291992 MADRE DE DEUS,180
291995 MAETINGA,59
292000 MAIQUINIQUE,109
292010 MAIRI,148
292020 MALHADA,230
292030 MALHADA DE PEDRAS,93
292040 MANOEL VITORINO,138
292045 MANSIDAO,76
292050 MARACAS,302
292060 MARAGOGIPE,404
292070 MARAU,257
292080 MARCIONILIO SOUZA,112
292090 MASCOTE,125
292100 MATA DE SAO JOAO,649
292105 MATINA,107
292110 MEDEIROS NETO,288
292120 MIGUEL CALMON,306
292130 MILAGRES,136
292140 MIRANGABA,155
292145 MIRANTE,100
292150 MONTE SANTO,603
292160 MORPARA,102
292170 MORRO DO CHAPEU,392
292180 MORTUGABA,117
292190 MUCUGE,174
292200 MUCURI,568
292205 MULUNGU DO MORRO,193
292210 MUNDO NOVO,155
292220 MUNIZ FERREIRA,67
292225 MUQUEM DE SAO FRANCISCO,162
292230 MURITIBA,309
292240 MUTUIPE,246
292250 NAZARE,240
292260 NILO PECANHA,159
292265 NORDESTINA,157
292270 NOVA CANAA,126
292273 NOVA FATIMA,75
292275 NOVA IBIA,33
292280 NOVA ITARANA,86
292285 NOVA REDENCAO,84
292290 NOVA SOURE,308
292300 NOVA VICOSA,519
292303 NOVO HORIZONTE,136
292305 NOVO TRIUNFO,104
292310 OLINDINA,244
292320 OLIVEIRA DOS BREJINHOS,251
292330 OURICANGAS,70
292335 OUROLANDIA,219
292340 PALMAS DE MONTE ALTO,215
292350 PALMEIRAS,128
292360 PARAMIRIM,218
292370 PARATINGA,379
292380 PARIPIRANGA,271
292390 PAU BRASIL,142
292400 PAULO AFONSO,1527
292405 PE DE SERRA,153
292410 PEDRAO,66
292420 PEDRO ALEXANDRE,187
292430 PIATA,279
292440 PILAO ARCADO,521
292450 PINDAI,200
292460 PINDOBACU,253
292465 PINTADAS,82
292467 PIRAI DO NORTE,93
292470 PIRIPA,89
292480 PIRITIBA,172
292490 PLANALTINO,60
292500 PLANALTO,287
292510 POCOES,562
292520 POJUCA,374
292525 PONTO NOVO,255
292530 PORTO SEGURO,2775
292540 POTIRAGUA,102
292550 PRADO,535
292560 PRESIDENTE DUTRA,160
292570 PRESIDENTE JANIO QUADROS,121
292575 PRESIDENTE TANCREDO NEVES,379
292580 QUEIMADAS,255
292590 QUIJINGUE,309
292593 QUIXABEIRA,81
292595 RAFAEL JAMBEIRO,203
292600 REMANSO,536
292610 RETIROLANDIA,201
292620 RIACHAO DAS NEVES,263
292630 RIACHAO DO JACUIPE,393
292640 RIACHO DE SANTANA,291
292650 RIBEIRA DO AMPARO,147
292660 RIBEIRA DO POMBAL,753
292665 RIBEIRAO DO LARGO,105
292670 RIO DE CONTAS,118
292680 RIO DO ANTONIO,141
292690 RIO DO PIRES,71
292700 RIO REAL,438
292710 RODELAS,151
292720 RUY BARBOSA,343
292730 SALINAS DA MARGARIDA,176
292740 SALVADOR,27167
292750 SANTA BARBARA,189
292760 SANTA BRIGIDA,201
292770 SANTA CRUZ CABRALIA,431
292780 SANTA CRUZ DA VITORIA,64
292790 SANTA INES,101
292800 SANTALUZ,498
292805 SANTA LUZIA,135
292810 SANTA MARIA DA VITORIA,474
292820 SANTANA,272
292830 SANTANOPOLIS,62
292840 SANTA RITA DE CASSIA,339
292850 SANTA TERESINHA,131
292860 SANTO AMARO,535
292870 SANTO ANTONIO DE JESUS,1233
292880 SANTO ESTEVAO,642
292890 SAO DESIDERIO,583
292895 SAO DOMINGOS,94
292900 SAO FELIX,123
292905 SAO FELIX DO CORIBE,236
292910 SAO FELIPE,174
292920 SAO FRANCISCO DO CONDE,431
292925 SAO GABRIEL,218
292930 SAO GONCALO DOS CAMPOS,326
292935 SAO JOSE DA VITORIA,73
292937 SAO JOSE DO JACUIPE,110
292940 SAO MIGUEL DAS MATAS,84
292950 SAO SEBASTIAO DO PASSE,374
292960 SAPEACU,209
292970 SATIRO DIAS,208
292975 SAUBARA,92
292980 SAUDE,86
292990 SEABRA,685
293000 SEBASTIAO LARANJEIRAS,86
293010 SENHOR DO BONFIM,961
293015 SERRA DO RAMALHO,542
293020 SENTO SE,465
293030 SERRA DOURADA,205
293040 SERRA PRETA,86
293050 SERRINHA,1060
293060 SERROLANDIA,135
293070 SIMOES FILHO,1445
293075 SITIO DO MATO,196
293076 SITIO DO QUINTO,106
293077 SOBRADINHO,399
293080 SOUTO SOARES,211
293090 TABOCAS DO BREJO VELHO,142
293100 TANHACU,235
293105 TANQUE NOVO,245
293110 TANQUINHO,61
293120 TAPEROA,246
293130 TAPIRAMUTA,137
293135 TEIXEIRA DE FREITAS,2352
293140 TEODORO SAMPAIO,51
293150 TEOFILANDIA,180
293160 TEOLANDIA,153
293170 TERRA NOVA,91
293180 TREMEDAL,161
293190 TUCANO,549
293200 UAUA,252
293210 UBAIRA,215
293220 UBAITABA,242
293230 UBATA,169
293240 UIBAI,142
293245 UMBURANAS,129
293250 UNA,196
293260 URANDI,165
293270 URUCUCA,273
293280 UTINGA,200
293290 VALENCA,1190
293300 VALENTE,266
293305 VARZEA DA ROCA,120
293310 VARZEA DO POCO,81
293315 VARZEA NOVA,179
293317 VARZEDO,97
293320 VERA CRUZ,489
293325 VEREDA,83
293330 VITORIA DA CONQUISTA,4883
293340 WAGNER,90
293345 WANDERLEY,154
293350 WENCESLAU GUIMARAES,271
293360 XIQUE-XIQUE,805
 MUNICIPIO IGNORADO - MG,2
310010 ABADIA DOS DOURADOS,54
310020 ABAETE,209
310030 ABRE CAMPO,188
310040 ACAIACA,45
310050 ACUCENA,94
310060 AGUA BOA,143
310070 AGUA COMPRIDA,15
310080 AGUANIL,55
310090 AGUAS FORMOSAS,257
310100 AGUAS VERMELHAS,167
310110 AIMORES,334
310120 AIURUOCA,53
310130 ALAGOA,22
310140 ALBERTINA,26
310150 ALEM PARAIBA,323
310160 ALFENAS,922
310163 ALFREDO VASCONCELOS,60
310170 ALMENARA,514
310180 ALPERCATA,84
310190 ALPINOPOLIS,212
310200 ALTEROSA,155
310205 ALTO CAPARAO,87
310210 ALTO RIO DOCE,97
310220 ALVARENGA,49
310230 ALVINOPOLIS,125
310240 ALVORADA DE MINAS,61
310250 AMPARO DO SERRA,59
310260 ANDRADAS,449
310270 CACHOEIRA DE PAJEU,87
310280 ANDRELANDIA,124
310285 ANGELANDIA,95
310290 ANTONIO CARLOS,111
310300 ANTONIO DIAS,84
310310 ANTONIO PRADO DE MINAS,9
310320 ARACAI,23
310330 ARACITABA,16
310340 ARACUAI,323
310350 ARAGUARI,1278
310360 ARANTINA,25
310370 ARAPONGA,118
310375 ARAPORA,121
310380 ARAPUA,22
310390 ARAUJOS,138
310400 ARAXA,1378
310410 ARCEBURGO,78
310420 ARCOS,485
310430 AREADO,144
310440 ARGIRITA,29
310445 ARICANDUVA,60
310450 ARINOS,207
310460 ASTOLFO DUTRA,104
310470 ATALEIA,140
310480 AUGUSTO DE LIMA,45
310490 BAEPENDI,191
310500 BALDIM,72
310510 BAMBUI,242
310520 BANDEIRA,43
310530 BANDEIRA DO SUL,73
310540 BARAO DE COCAIS,372
310550 BARAO DE MONTE ALTO,37
310560 BARBACENA,1234
310570 BARRA LONGA,58
310590 BARROSO,249
310600 BELA VISTA DE MINAS,95
310610 BELMIRO BRAGA,20
310620 BELO HORIZONTE,23759
310630 BELO ORIENTE,314
310640 BELO VALE,96
310650 BERILO,60
310660 BERTOPOLIS,85
310665 BERIZAL,49
310670 BETIM,5442
310680 BIAS FORTES,28
310690 BICAS,133
310700 BIQUINHAS,16
310710 BOA ESPERANCA,489
310720 BOCAINA DE MINAS,15
310730 BOCAIUVA,621
310740 BOM DESPACHO,626
310750 BOM JARDIM DE MINAS,62
310760 BOM JESUS DA PENHA,59
310770 BOM JESUS DO AMPARO,58
310780 BOM JESUS DO GALHO,153
310790 BOM REPOUSO,156
310800 BOM SUCESSO,143
310810 BONFIM,46
310820 BONFINOPOLIS DE MINAS,40
310825 BONITO DE MINAS,150
310830 BORDA DA MATA,144
310840 BOTELHOS,141
310850 BOTUMIRIM,54
310855 BRASILANDIA DE MINAS,230
310860 BRASILIA DE MINAS,467
310870 BRAS PIRES,46
310880 BRAUNAS,37
310890 BRAZOPOLIS,141
310900 BRUMADINHO,477
310910 BUENO BRANDAO,96
310920 BUENOPOLIS,93
310925 BUGRE,40
310930 BURITIS,328
310940 BURITIZEIRO,348
310945 CABECEIRA GRANDE,68
310950 CABO VERDE,114
310960 CACHOEIRA DA PRATA,31
310970 CACHOEIRA DE MINAS,106
310980 CACHOEIRA DOURADA,25
310990 CAETANOPOLIS,110
311000 CAETE,427
311010 CAIANA,64
311020 CAJURI,46
311030 CALDAS,117
311040 CAMACHO,31
311050 CAMANDUCAIA,303
311060 CAMBUI,344
311070 CAMBUQUIRA,130
311080 CAMPANARIO,33
311090 CAMPANHA,150
311100 CAMPESTRE,204
311110 CAMPINA VERDE,158
311115 CAMPO AZUL,47
311120 CAMPO BELO,572
311130 CAMPO DO MEIO,119
311140 CAMPO FLORIDO,90
311150 CAMPOS ALTOS,177
311160 CAMPOS GERAIS,258
311170 CANAA,52
311180 CANAPOLIS,109
311190 CANA VERDE,51
311200 CANDEIAS,117
311205 CANTAGALO,50
311210 CAPARAO,67
311220 CAPELA NOVA,36
311230 CAPELINHA,520
311240 CAPETINGA,96
311250 CAPIM BRANCO,96
311260 CAPINOPOLIS,151
311265 CAPITAO ANDRADE,50
311270 CAPITAO ENEAS,205
311280 CAPITOLIO,130
311290 CAPUTIRA,114
311300 CARAI,211
311310 CARANAIBA,20
311320 CARANDAI,245
311330 CARANGOLA,357
311340 CARATINGA,1119
311350 CARBONITA,86
311360 CAREACU,61
311370 CARLOS CHAGAS,223
311380 CARMESIA,39
311390 CARMO DA CACHOEIRA,142
311400 CARMO DA MATA,102
311410 CARMO DE MINAS,153
311420 CARMO DO CAJURU,281
311430 CARMO DO PARANAIBA,263
311440 CARMO DO RIO CLARO,186
311450 CARMOPOLIS DE MINAS,226
311455 CARNEIRINHO,72
311460 CARRANCAS,43
311470 CARVALHOPOLIS,30
311480 CARVALHOS,22
311490 CASA GRANDE,27
311500 CASCALHO RICO,20
311510 CASSIA,207
311520 CONCEICAO DA BARRA DE MINAS,27
311530 CATAGUASES,627
311535 CATAS ALTAS,54
311540 CATAS ALTAS DA NORUEGA,36
311545 CATUJI,105
311547 CATUTI,60
311550 CAXAMBU,210
311560 CEDRO DO ABAETE,11
311570 CENTRAL DE MINAS,84
311580 CENTRALINA,95
311590 CHACARA,39
311600 CHALE,85
311610 CHAPADA DO NORTE,93
311615 CHAPADA GAUCHA,222
311620 CHIADOR,30
311630 CIPOTANEA,57
311640 CLARAVAL,14
311650 CLARO DOS POCOES,68
311660 CLAUDIO,408
311670 COIMBRA,64
311680 COLUNA,75
311690 COMENDADOR GOMES,29
311700 COMERCINHO,77
311710 CONCEICAO DA APARECIDA,100
311720 CONCEICAO DAS PEDRAS,25
311730 CONCEICAO DAS ALAGOAS,337
311740 CONCEICAO DE IPANEMA,53
311750 CONCEICAO DO MATO DENTRO,283
311760 CONCEICAO DO PARA,49
311770 CONCEICAO DO RIO VERDE,138
311780 CONCEICAO DOS OUROS,94
311783 CONEGO MARINHO,58
311787 CONFINS,94
311790 CONGONHAL,137
311800 CONGONHAS,656
311810 CONGONHAS DO NORTE,45
311820 CONQUISTA,63
311830 CONSELHEIRO LAFAIETE,1562
311840 CONSELHEIRO PENA,252
311850 CONSOLACAO,14
311860 CONTAGEM,7273
311870 COQUEIRAL,87
311880 CORACAO DE JESUS,268
311890 CORDISBURGO,60
311900 CORDISLANDIA,33
311910 CORINTO,303
311920 COROACI,66
311930 COROMANDEL,282
311940 CORONEL FABRICIANO,1251
311950 CORONEL MURTA,87
311960 CORONEL PACHECO,18
311970 CORONEL XAVIER CHAVES,27
311980 CORREGO DANTA,26
311990 CORREGO DO BOM JESUS,25
311995 CORREGO FUNDO,64
312000 CORREGO NOVO,25
312010 COUTO DE MAGALHAES DE MINAS,37
312015 CRISOLITA,89
312020 CRISTAIS,141
312030 CRISTALIA,61
312040 CRISTIANO OTONI,67
312050 CRISTINA,106
312060 CRUCILANDIA,43
312070 CRUZEIRO DA FORTALEZA,47
312080 CRUZILIA,179
312083 CUPARAQUE,56
312087 CURRAL DE DENTRO,103
312090 CURVELO,876
312100 DATAS,71
312110 DELFIM MOREIRA,89
312120 DELFINOPOLIS,84
312125 DELTA,115
312130 DESCOBERTO,42
312140 DESTERRO DE ENTRE RIOS,72
312150 DESTERRO DO MELO,31
312160 DIAMANTINA,561
312170 DIOGO DE VASCONCELOS,33
312180 DIONISIO,44
312190 DIVINESIA,42
312200 DIVINO,292
312210 DIVINO DAS LARANJEIRAS,42
312220 DIVINOLANDIA DE MINAS,88
312230 DIVINOPOLIS,2447
312235 DIVISA ALEGRE,78
312240 DIVISA NOVA,64
312245 DIVISOPOLIS,85
312247 DOM BOSCO,49
312250 DOM CAVATI,53
312260 DOM JOAQUIM,49
312270 DOM SILVERIO,40
312280 DOM VICOSO,27
312290 DONA EUSEBIA,72
312300 DORES DE CAMPOS,91
312310 DORES DE GUANHAES,58
312320 DORES DO INDAIA,98
312330 DORES DO TURVO,45
312340 DORESOPOLIS,15
312350 DOURADOQUARA,18
312352 DURANDE,132
312360 ELOI MENDES,313
312370 ENGENHEIRO CALDAS,111
312380 ENGENHEIRO NAVARRO,69
312385 ENTRE FOLHAS,65
312390 ENTRE RIOS DE MINAS,177
312400 ERVALIA,228
312410 ESMERALDAS,972
312420 ESPERA FELIZ,328
312430 ESPINOSA,379
312440 ESPIRITO SANTO DO DOURADO,100
312450 ESTIVA,121
312460 ESTRELA DALVA,20
312470 ESTRELA DO INDAIA,24
312480 ESTRELA DO SUL,62
312490 EUGENOPOLIS,110
312500 EWBANK DA CAMARA,65
312510 EXTREMA,807
312520 FAMA,19
312530 FARIA LEMOS,38
312540 FELICIO DOS SANTOS,66
312550 SAO GONCALO DO RIO PRETO,24
312560 FELISBURGO,76
312570 FELIXLANDIA,122
312580 FERNANDES TOURINHO,29
312590 FERROS,78
312595 FERVEDOURO,151
312600 FLORESTAL,60
312610 FORMIGA,647
312620 FORMOSO,82
312630 FORTALEZA DE MINAS,23
312640 FORTUNA DE MINAS,37
312650 FRANCISCO BADARO,48
312660 FRANCISCO DUMONT,44
312670 FRANCISCO SA,211
312675 FRANCISCOPOLIS,35
312680 FREI GASPAR,88
312690 FREI INOCENCIO,118
312695 FREI LAGONEGRO,50
312700 FRONTEIRA,132
312705 FRONTEIRA DOS VALES,50
312707 FRUTA DE LEITE,55
312710 FRUTAL,688
312720 FUNILANDIA,52
312730 GALILEIA,77
312733 GAMELEIRAS,52
312735 GLAUCILANDIA,27
312737 GOIABEIRA,45
312738 GOIANA,31
312740 GONCALVES,30
312750 GONZAGA,57
312760 GOUVEIA,122
312770 GOVERNADOR VALADARES,3423
312780 GRAO MOGOL,130
312790 GRUPIARA,11
312800 GUANHAES,426
312810 GUAPE,131
312820 GUARACIABA,68
312825 GUARACIAMA,49
312830 GUARANESIA,236
312840 GUARANI,74
312850 GUARARA,45
312860 GUARDA-MOR,75
312870 GUAXUPE,543
312880 GUIDOVAL,75
312890 GUIMARANIA,103
312900 GUIRICEMA,78
312910 GURINHATA,38
312920 HELIODORA,70
312930 IAPU,114
312940 IBERTIOGA,46
312950 IBIA,246
312960 IBIAI,97
312965 IBIRACATU,71
312970 IBIRACI,143
312980 IBIRITE,2235
312990 IBITIURA DE MINAS,31
313000 IBITURUNA,20
313005 ICARAI DE MINAS,109
313010 IGARAPE,572
313020 IGARATINGA,141
313030 IGUATAMA,54
313040 IJACI,79
313050 ILICINEA,145
313055 IMBE DE MINAS,78
313060 INCONFIDENTES,75
313065 INDAIABIRA,65
313070 INDIANOPOLIS,52
313080 INGAI,24
313090 INHAPIM,263
313100 INHAUMA,59
313110 INIMUTABA,67
313115 IPABA,225
313120 IPANEMA,203
313130 IPATINGA,2764
313140 IPIACU,39
313150 IPUIUNA,92
313160 IRAI DE MINAS,82
313170 ITABIRA,1263
313180 ITABIRINHA,141
313190 ITABIRITO,689
313200 ITACAMBIRA,29
313210 ITACARAMBI,233
313220 ITAGUARA,161
313230 ITAIPE,167
313240 ITAJUBA,1061
313250 ITAMARANDIBA,482
313260 ITAMARATI DE MINAS,33
313270 ITAMBACURI,326
313280 ITAMBE DO MATO DENTRO,15
313290 ITAMOGI,108
313300 ITAMONTE,171
313310 ITANHANDU,154
313320 ITANHOMI,122
313330 ITAOBIM,200
313340 ITAPAGIPE,101
313350 ITAPECERICA,150
313360 ITAPEVA,140
313370 ITATIAIUCU,119
313375 ITAU DE MINAS,145
313380 ITAUNA,964
313390 ITAVERAVA,43
313400 ITINGA,134
313410 ITUETA,78
313420 ITUIUTABA,1038
313430 ITUMIRIM,59
313440 ITURAMA,458
313450 ITUTINGA,39
313460 JABOTICATUBAS,188
313470 JACINTO,105
313480 JACUI,104
313490 JACUTINGA,284
313500 JAGUARACU,29
313505 JAIBA,541
313507 JAMPRUCA,66
313510 JANAUBA,969
313520 JANUARIA,943
313530 JAPARAIBA,53
313535 JAPONVAR,106
313540 JECEABA,54
313545 JENIPAPO DE MINAS,74
313550 JEQUERI,112
313560 JEQUITAI,69
313570 JEQUITIBA,54
313580 JEQUITINHONHA,265
313590 JESUANIA,59
313600 JOAIMA,157
313610 JOANESIA,35
313620 JOAO MONLEVADE,891
313630 JOAO PINHEIRO,679
313640 JOAQUIM FELICIO,29
313650 JORDANIA,101
313652 JOSE GONCALVES DE MINAS,39
313655 JOSE RAYDAN,45
313657 JOSENOPOLIS,39
313660 NOVA UNIAO,63
313665 JUATUBA,400
313670 JUIZ DE FORA,5547
313680 JURAMENTO,33
313690 JURUAIA,148
313695 JUVENILIA,61
313700 LADAINHA,141
313710 LAGAMAR,47
313720 LAGOA DA PRATA,597
313730 LAGOA DOS PATOS,33
313740 LAGOA DOURADA,139
313750 LAGOA FORMOSA,197
313753 LAGOA GRANDE,91
313760 LAGOA SANTA,886
313770 LAJINHA,313
313780 LAMBARI,192
313790 LAMIM,29
313800 LARANJAL,56
313810 LASSANCE,74
313820 LAVRAS,1246
313830 LEANDRO FERREIRA,29
313835 LEME DO PRADO,48
313840 LEOPOLDINA,493
313850 LIBERDADE,40
313860 LIMA DUARTE,188
313862 LIMEIRA DO OESTE,98
313865 LONTRA,115
313867 LUISBURGO,105
313868 LUISLANDIA,76
313870 LUMINARIAS,53
313880 LUZ,184
313890 MACHACALIS,64
313900 MACHADO,455
313910 MADRE DE DEUS DE MINAS,45
313920 MALACACHETA,207
313925 MAMONAS,59
313930 MANGA,280
313940 MANHUACU,1272
313950 MANHUMIRIM,262
313960 MANTENA,325
313970 MARAVILHAS,70
313980 MAR DE ESPANHA,168
313990 MARIA DA FE,176
314000 MARIANA,791
314010 MARILAC,58
314015 MARIO CAMPOS,196
314020 MARIPA DE MINAS,33
314030 MARLIERIA,45
314040 MARMELOPOLIS,35
314050 MARTINHO CAMPOS,126
314053 MARTINS SOARES,130
314055 MATA VERDE,87
314060 MATERLANDIA,41
314070 MATEUS LEME,450
314080 MATIAS BARBOSA,149
314085 MATIAS CARDOSO,136
314090 MATIPO,273
314100 MATO VERDE,152
314110 MATOZINHOS,411
314120 MATUTINA,40
314130 MEDEIROS,36
314140 MEDINA,230
314150 MENDES PIMENTEL,56
314160 MERCES,79
314170 MESQUITA,62
314180 MINAS NOVAS,254
314190 MINDURI,39
314200 MIRABELA,142
314210 MIRADOURO,84
314220 MIRAI,123
314225 MIRAVANIA,42
314230 MOEDA,62
314240 MOEMA,89
314250 MONJOLOS,12
314260 MONSENHOR PAULO,61
314270 MONTALVANIA,176
314280 MONTE ALEGRE DE MINAS,185
314290 MONTE AZUL,217
314300 MONTE BELO,146
314310 MONTE CARMELO,523
314315 MONTE FORMOSO,60
314320 MONTE SANTO DE MINAS,230
314330 MONTES CLAROS,5570
314340 MONTE SIAO,187
314345 MONTEZUMA,76
314350 MORADA NOVA DE MINAS,105
314360 MORRO DA GARCA,30
314370 MORRO DO PILAR,39
314380 MUNHOZ,59
314390 MURIAE,1146
314400 MUTUM,325
314410 MUZAMBINHO,248
314420 NACIP RAYDAN,18
314430 NANUQUE,462
314435 NAQUE,98
314437 NATALANDIA,36
314440 NATERCIA,40
314450 NAZARENO,77
314460 NEPOMUCENO,310
314465 NINHEIRA,98
314467 NOVA BELEM,47
314470 NOVA ERA,160
314480 NOVA LIMA,1263
314490 NOVA MODICA,44
314500 NOVA PONTE,211
314505 NOVA PORTEIRINHA,112
314510 NOVA RESENDE,224
314520 NOVA SERRANA,1740
314530 NOVO CRUZEIRO,339
314535 NOVO ORIENTE DE MINAS,118
314537 NOVORIZONTE,59
314540 OLARIA,11
314545 OLHOS-D'AGUA,57
314550 OLIMPIO NORONHA,25
314560 OLIVEIRA,450
314570 OLIVEIRA FORTES,16
314580 ONCA DE PITANGUI,24
314585 ORATORIOS,62
314587 ORIZANIA,132
314590 OURO BRANCO,534
314600 OURO FINO,283
314610 OURO PRETO,779
314620 OURO VERDE DE MINAS,92
314625 PADRE CARVALHO,63
314630 PADRE PARAISO,233
314640 PAINEIRAS,34
314650 PAINS,83
314655 PAI PEDRO,51
314660 PAIVA,11
314670 PALMA,57
314675 PALMOPOLIS,70
314690 PAPAGAIOS,150
314700 PARACATU,1368
314710 PARA DE MINAS,1140
314720 PARAGUACU,245
314730 PARAISOPOLIS,184
314740 PARAOPEBA,257
314750 PASSABEM,15
314760 PASSA QUATRO,165
314770 PASSA TEMPO,66
314780 PASSA-VINTE,21
314790 PASSOS,1331
314795 PATIS,47
314800 PATOS DE MINAS,1886
314810 PATROCINIO,1182
314820 PATROCINIO DO MURIAE,44
314830 PAULA CANDIDO,85
314840 PAULISTAS,43
314850 PAVAO,54
314860 PECANHA,186
314870 PEDRA AZUL,235
314875 PEDRA BONITA,120
314880 PEDRA DO ANTA,32
314890 PEDRA DO INDAIA,34
314900 PEDRA DOURADA,29
314910 PEDRALVA,130
314915 PEDRAS DE MARIA DA CRUZ,101
314920 PEDRINOPOLIS,26
314930 PEDRO LEOPOLDO,690
314940 PEDRO TEIXEIRA,23
314950 PEQUERI,40
314960 PEQUI,52
314970 PERDIGAO,165
314980 PERDIZES,249
314990 PERDOES,198
314995 PERIQUITO,94
315000 PESCADOR,43
315010 PIAU,23
315015 PIEDADE DE CARATINGA,135
315020 PIEDADE DE PONTE NOVA,57
315030 PIEDADE DO RIO GRANDE,48
315040 PIEDADE DOS GERAIS,46
315050 PIMENTA,66
315053 PINGO-D'AGUA,45
315057 PINTOPOLIS,75
315060 PIRACEMA,61
315070 PIRAJUBA,75
315080 PIRANGA,131
315090 PIRANGUCU,66
315100 PIRANGUINHO,130
315110 PIRAPETINGA,139
315120 PIRAPORA,739
315130 PIRAUBA,103
315140 PITANGUI,318
315150 PIUMHI,381
315160 PLANURA,108
315170 POCO FUNDO,150
315180 POCOS DE CALDAS,1757
315190 POCRANE,68
315200 POMPEU,415
315210 PONTE NOVA,664
315213 PONTO CHIQUE,55
315217 PONTO DOS VOLANTES,134
315220 PORTEIRINHA,408
315230 PORTO FIRME,96
315240 POTE,163
315250 POUSO ALEGRE,1869
315260 POUSO ALTO,44
315270 PRADOS,85
315280 PRATA,386
315290 PRATAPOLIS,82
315300 PRATINHA,31
315310 PRESIDENTE BERNARDES,51
315320 PRESIDENTE JUSCELINO,37
315330 PRESIDENTE KUBITSCHEK,36
315340 PRESIDENTE OLEGARIO,148
315350 ALTO JEQUITIBA,103
315360 PRUDENTE DE MORAIS,150
315370 QUARTEL GERAL,31
315380 QUELUZITO,17
315390 RAPOSOS,174
315400 RAUL SOARES,234
315410 RECREIO,74
315415 REDUTO,113
315420 RESENDE COSTA,113
315430 RESPLENDOR,202
315440 RESSAQUINHA,46
315445 RIACHINHO,84
315450 RIACHO DOS MACHADOS,100
315460 RIBEIRAO DAS NEVES,4102
315470 RIBEIRAO VERMELHO,46
315480 RIO ACIMA,107
315490 RIO CASCA,135
315500 RIO DOCE,29
315510 RIO DO PRADO,41
315520 RIO ESPERA,31
315530 RIO MANSO,34
315540 RIO NOVO,92
315550 RIO PARANAIBA,156
315560 RIO PARDO DE MINAS,360
315570 RIO PIRACICABA,139
315580 RIO POMBA,189
315590 RIO PRETO,33
315600 RIO VERMELHO,103
315610 RITAPOLIS,30
315620 ROCHEDO DE MINAS,16
315630 RODEIRO,118
315640 ROMARIA,35
315645 ROSARIO DA LIMEIRA,51
315650 RUBELITA,45
315660 RUBIM,98
315670 SABARA,1390
315680 SABINOPOLIS,149
315690 SACRAMENTO,314
315700 SALINAS,496
315710 SALTO DA DIVISA,62
315720 SANTA BARBARA,388
315725 SANTA BARBARA DO LESTE,102
315727 SANTA BARBARA DO MONTE VERDE,31
315730 SANTA BARBARA DO TUGURIO,37
315733 SANTA CRUZ DE MINAS,72
315737 SANTA CRUZ DE SALINAS,34
315740 SANTA CRUZ DO ESCALVADO,48
315750 SANTA EFIGENIA DE MINAS,49
315760 SANTA FE DE MINAS,37
315765 SANTA HELENA DE MINAS,65
315770 SANTA JULIANA,239
315780 SANTA LUZIA,2736
315790 SANTA MARGARIDA,213
315800 SANTA MARIA DE ITABIRA,130
315810 SANTA MARIA DO SALTO,51
315820 SANTA MARIA DO SUACUI,149
315830 SANTANA DA VARGEM,73
315840 SANTANA DE CATAGUASES,27
315850 SANTANA DE PIRAPAMA,62
315860 SANTANA DO DESERTO,28
315870 SANTANA DO GARAMBEU,20
315880 SANTANA DO JACARE,39
315890 SANTANA DO MANHUACU,149
315895 SANTANA DO PARAISO,746
315900 SANTANA DO RIACHO,55
315910 SANTANA DOS MONTES,31
315920 SANTA RITA DE CALDAS,72
315930 SANTA RITA DE JACUTINGA,40
315935 SANTA RITA DE MINAS,88
315940 SANTA RITA DE IBITIPOCA,31
315950 SANTA RITA DO ITUETO,71
315960 SANTA RITA DO SAPUCAI,450
315970 SANTA ROSA DA SERRA,32
315980 SANTA VITORIA,213
315990 SANTO ANTONIO DO AMPARO,161
316000 SANTO ANTONIO DO AVENTUREIRO,28
316010 SANTO ANTONIO DO GRAMA,52
316020 SANTO ANTONIO DO ITAMBE,31
316030 SANTO ANTONIO DO JACINTO,110
316040 SANTO ANTONIO DO MONTE,375
316045 SANTO ANTONIO DO RETIRO,67
316050 SANTO ANTONIO DO RIO ABAIXO,21
316060 SANTO HIPOLITO,27
316070 SANTOS DUMONT,454
316080 SAO BENTO ABADE,77
316090 SAO BRAS DO SUACUI,33
316095 SAO DOMINGOS DAS DORES,81
316100 SAO DOMINGOS DO PRATA,158
316105 SAO FELIX DE MINAS,38
316110 SAO FRANCISCO,710
316120 SAO FRANCISCO DE PAULA,46
316130 SAO FRANCISCO DE SALES,60
316140 SAO FRANCISCO DO GLORIA,47
316150 SAO GERALDO,102
316160 SAO GERALDO DA PIEDADE,46
316165 SAO GERALDO DO BAIXIO,39
316170 SAO GONCALO DO ABAETE,48
316180 SAO GONCALO DO PARA,115
316190 SAO GONCALO DO RIO ABAIXO,185
316200 SAO GONCALO DO SAPUCAI,327
316210 SAO GOTARDO,736
316220 SAO JOAO BATISTA DO GLORIA,96
316225 SAO JOAO DA LAGOA,43
316230 SAO JOAO DA MATA,31
316240 SAO JOAO DA PONTE,282
316245 SAO JOAO DAS MISSOES,243
316250 SAO JOAO DEL REI,866
316255 SAO JOAO DO MANHUACU,194
316257 SAO JOAO DO MANTENINHA,59
316260 SAO JOAO DO ORIENTE,94
316265 SAO JOAO DO PACUI,35
316270 SAO JOAO DO PARAISO,274
316280 SAO JOAO EVANGELISTA,194
316290 SAO JOAO NEPOMUCENO,232
316292 SAO JOAQUIM DE BICAS,463
316294 SAO JOSE DA BARRA,98
316295 SAO JOSE DA LAPA,313
316300 SAO JOSE DA SAFIRA,51
316310 SAO JOSE DA VARGINHA,34
316320 SAO JOSE DO ALEGRE,48
316330 SAO JOSE DO DIVINO,32
316340 SAO JOSE DO GOIABAL,50
316350 SAO JOSE DO JACURI,68
316360 SAO JOSE DO MANTIMENTO,38
316370 SAO LOURENCO,470
316380 SAO MIGUEL DO ANTA,54
316390 SAO PEDRO DA UNIAO,48
316400 SAO PEDRO DOS FERROS,77
316410 SAO PEDRO DO SUACUI,59
316420 SAO ROMAO,93
316430 SAO ROQUE DE MINAS,72
316440 SAO SEBASTIAO DA BELA VISTA,69
316443 SAO SEBASTIAO DA VARGEM ALEGRE,37
316447 SAO SEBASTIAO DO ANTA,80
316450 SAO SEBASTIAO DO MARANHAO,104
316460 SAO SEBASTIAO DO OESTE,155
316470 SAO SEBASTIAO DO PARAISO,803
316480 SAO SEBASTIAO DO RIO PRETO,14
316490 SAO SEBASTIAO DO RIO VERDE,21
316500 SAO TIAGO,110
316510 SAO TOMAS DE AQUINO,71
316520 SAO THOME DAS LETRAS,47
316530 SAO VICENTE DE MINAS,77
316540 SAPUCAI-MIRIM,51
316550 SARDOA,59
316553 SARZEDO,517
316555 SETUBINHA,151
316556 SEM-PEIXE,18
316557 SENADOR AMARAL,119
316560 SENADOR CORTES,21
316570 SENADOR FIRMINO,85
316580 SENADOR JOSE BENTO,15
316590 SENADOR MODESTINO GONCALVES,36
316600 SENHORA DE OLIVEIRA,50
316610 SENHORA DO PORTO,25
316620 SENHORA DOS REMEDIOS,89
316630 SERICITA,84
316640 SERITINGA,22
316650 SERRA AZUL DE MINAS,37
316660 SERRA DA SAUDADE,5
316670 SERRA DOS AIMORES,91
316680 SERRA DO SALITRE,179
316690 SERRANIA,81
316695 SERRANOPOLIS DE MINAS,43
316700 SERRANOS,26
316710 SERRO,259
316720 SETE LAGOAS,2571
316730 SILVEIRANIA,27
316740 SILVIANOPOLIS,61
316750 SIMAO PEREIRA,29
316760 SIMONESIA,309
316770 SOBRALIA,58
316780 SOLEDADE DE MINAS,52
316790 TABULEIRO,35
316800 TAIOBEIRAS,462
316805 TAPARUBA,52
316810 TAPIRA,61
316820 TAPIRAI,13
316830 TAQUARACU DE MINAS,48
316840 TARUMIRIM,120
316850 TEIXEIRAS,125
316860 TEOFILO OTONI,1632
316870 TIMOTEO,894
316880 TIRADENTES,86
316890 TIROS,84
316900 TOCANTINS,166
316905 TOCOS DO MOJI,29
316910 TOLEDO,80
316920 TOMBOS,77
316930 TRES CORACOES,928
316935 TRES MARIAS,402
316940 TRES PONTAS,648
316950 TUMIRITINGA,73
316960 TUPACIGUARA,227
316970 TURMALINA,230
316980 TURVOLANDIA,72
316990 UBA,1254
317000 UBAI,136
317005 UBAPORANGA,129
317010 UBERABA,3602
317020 UBERLANDIA,8377
317030 UMBURATIBA,32
317040 UNAI,1295
317043 UNIAO DE MINAS,39
317047 URUANA DE MINAS,16
317050 URUCANIA,133
317052 URUCUIA,130
317057 VARGEM ALEGRE,64
317060 VARGEM BONITA,23
317065 VARGEM GRANDE DO RIO PARDO,62
317070 VARGINHA,1665
317075 VARJAO DE MINAS,84
317080 VARZEA DA PALMA,419
317090 VARZELANDIA,241
317100 VAZANTE,206
317103 VERDELANDIA,120
317107 VEREDINHA,46
317110 VERISSIMO,21
317115 VERMELHO NOVO,52
317120 VESPASIANO,1683
317130 VICOSA,889
317140 VIEIRAS,26
317150 MATHIAS LOBATO,40
317160 VIRGEM DA LAPA,109
317170 VIRGINIA,97
317180 VIRGINOPOLIS,131
317190 VIRGOLANDIA,45
317200 VISCONDE DO RIO BRANCO,478
317210 VOLTA GRANDE,52
317220 WENCESLAU BRAZ,14
320010 AFONSO CLAUDIO,390
320013 AGUIA BRANCA,150
320016 AGUA DOCE DO NORTE,165
320020 ALEGRE,317
320030 ALFREDO CHAVES,119
320035 ALTO RIO NOVO,78
320040 ANCHIETA,388
320050 APIACA,68
320060 ARACRUZ,1508
320070 ATILIO VIVACQUA,132
320080 BAIXO GUANDU,388
320090 BARRA DE SAO FRANCISCO,588
320100 BOA ESPERANCA,180
320110 BOM JESUS DO NORTE,75
320115 BREJETUBA,228
320120 CACHOEIRO DE ITAPEMIRIM,2542
320130 CARIACICA,5047
320140 CASTELO,475
320150 COLATINA,1492
320160 CONCEICAO DA BARRA,403
320170 CONCEICAO DO CASTELO,150
320180 DIVINO DE SAO LOURENCO,60
320190 DOMINGOS MARTINS,421
320200 DORES DO RIO PRETO,69
320210 ECOPORANGA,267
320220 FUNDAO,241
320225 GOVERNADOR LINDENBERG,141
320230 GUACUI,443
320240 GUARAPARI,1779
320245 IBATIBA,352
320250 IBIRACU,140
320255 IBITIRAMA,131
320260 ICONHA,147
320265 IRUPI,171
320270 ITAGUACU,141
320280 ITAPEMIRIM,564
320290 ITARANA,126
320300 IUNA,451
320305 JAGUARE,507
320310 JERONIMO MONTEIRO,145
320313 JOAO NEIVA,169
320316 LARANJA DA TERRA,88
320320 LINHARES,2664
320330 MANTENOPOLIS,133
320332 MARATAIZES,519
320334 MARECHAL FLORIANO,197
320335 MARILANDIA,137
320340 MIMOSO DO SUL,275
320350 MONTANHA,273
320360 MUCURICI,70
320370 MUNIZ FREIRE,211
320380 MUQUI,154
320390 NOVA VENECIA,703
320400 PANCAS,228
320405 PEDRO CANARIO,344
320410 PINHEIROS,317
320420 PIUMA,308
320425 PONTO BELO,81
320430 PRESIDENTE KENNEDY,190
320435 RIO BANANAL,318
320440 RIO NOVO DO SUL,127
320450 SANTA LEOPOLDINA,111
320455 SANTA MARIA DE JETIBA,656
320460 SANTA TERESA,306
320465 SAO DOMINGOS DO NORTE,107
320470 SAO GABRIEL DA PALHA,420
320480 SAO JOSE DO CALCADO,118
320490 SAO MATEUS,1809
320495 SAO ROQUE DO CANAA,106
320500 SERRA,7517
320501 SOORETAMA,433
320503 VARGEM ALTA,245
320506 VENDA NOVA DO IMIGRANTE,350
320510 VIANA,899
320515 VILA PAVAO,121
320517 VILA VALERIO,227
320520 VILA VELHA,5757
320530 VITORIA,3862
 MUNICIPIO IGNORADO - RJ,16
330010 ANGRA DOS REIS,2064
330015 APERIBE,138
330020 ARARUAMA,1583
330022 AREAL,149
330023 ARMACAO DOS BUZIOS,647
330025 ARRAIAL DO CABO,390
330030 BARRA DO PIRAI,879
330040 BARRA MANSA,1818
330045 BELFORD ROXO,5923
330050 BOM JARDIM,301
330060 BOM JESUS DO ITABAPOANA,501
330070 CABO FRIO,2484
330080 CACHOEIRAS DE MACACU,610
330090 CAMBUCI,140
330093 CARAPEBUS,130
330095 COMENDADOR LEVY GASPARIAN,97
330100 CAMPOS DOS GOYTACAZES,6361
330110 CANTAGALO,174
330115 CARDOSO MOREIRA,136
330120 CARMO,156
330130 CASIMIRO DE ABREU,567
330140 CONCEICAO DE MACABU,244
330150 CORDEIRO,231
330160 DUAS BARRAS,71
330170 DUQUE DE CAXIAS,11014
330180 ENGENHEIRO PAULO DE FRONTIN,127
330185 GUAPIMIRIM,676
330187 IGUABA GRANDE,330
330190 ITABORAI,2649
330200 ITAGUAI,1631
330205 ITALVA,142
330210 ITAOCARA,239
330220 ITAPERUNA,1112
330225 ITATIAIA,381
330227 JAPERI,1139
330230 LAJE DO MURIAE,28
330240 MACAE,3205
330245 MACUCO,97
330250 MAGE,3040
330260 MANGARATIBA,471
330270 MARICA,2133
330280 MENDES,145
330285 MESQUITA,1839
330290 MIGUEL PEREIRA,244
330300 MIRACEMA,352
330310 NATIVIDADE,163
330320 NILOPOLIS,1351
330330 NITEROI,5174
330340 NOVA FRIBURGO,1836
330350 NOVA IGUACU,9811
330360 PARACAMBI,457
330370 PARAIBA DO SUL,430
330380 PARATY,593
330385 PATY DO ALFERES,355
330390 PETROPOLIS,3138
330395 PINHEIRAL,246
330400 PIRAI,351
330410 PORCIUNCULA,199
330411 PORTO REAL,272
330412 QUATIS,128
330414 QUEIMADOS,1884
330415 QUISSAMA,300
330420 RESENDE,1541
330430 RIO BONITO,615
330440 RIO CLARO,183
330450 RIO DAS FLORES,77
330452 RIO DAS OSTRAS,1740
330455 RIO DE JANEIRO,64978
330460 SANTA MARIA MADALENA,99
330470 SANTO ANTONIO DE PADUA,451
330475 SAO FRANCISCO DE ITABAPOANA,533
330480 SAO FIDELIS,385
330490 SAO GONCALO,8755
330500 SAO JOAO DA BARRA,492
330510 SAO JOAO DE MERITI,4802
330513 SAO JOSE DE UBA,110
330515 SAO JOSE DO VALE DO RIO PRETO,294
330520 SAO PEDRO DA ALDEIA,1584
330530 SAO SEBASTIAO DO ALTO,68
330540 SAPUCAIA,167
330550 SAQUAREMA,1135
330555 SEROPEDICA,989
330560 SILVA JARDIM,230
330570 SUMIDOURO,208
330575 TANGUA,380
330580 TERESOPOLIS,1956
330590 TRAJANO DE MORAES,91
330600 TRES RIOS,963
330610 VALENCA,705
330615 VARRE-SAI,179
330620 VASSOURAS,450
330630 VOLTA REDONDA,2717
 MUNICIPIO IGNORADO - SP,5
350010 ADAMANTINA,381
350020 ADOLFO,54
350030 AGUAI,370
350040 AGUAS DA PRATA,69
350050 AGUAS DE LINDOIA,213
350055 AGUAS DE SANTA BARBARA,65
350060 AGUAS DE SAO PEDRO,21
350070 AGUDOS,479
350075 ALAMBARI,71
350080 ALFREDO MARCONDES,39
350090 ALTAIR,40
350100 ALTINOPOLIS,182
350110 ALTO ALEGRE,29
350115 ALUMINIO,182
350120 ALVARES FLORENCE,34
350130 ALVARES MACHADO,331
350140 ALVARO DE CARVALHO,32
350150 ALVINLANDIA,26
350160 AMERICANA,2443
350170 AMERICO BRASILIENSE,352
350180 AMERICO DE CAMPOS,41
350190 AMPARO,712
350200 ANALANDIA,53
350210 ANDRADINA,582
350220 ANGATUBA,321
350230 ANHEMBI,66
350240 ANHUMAS,50
350250 APARECIDA,327
350260 APARECIDA D'OESTE,47
350270 APIAI,289
350275 ARACARIGUAMA,352
350280 ARACATUBA,2013
350290 ARACOIABA DA SERRA,366
350300 ARAMINA,60
350310 ARANDU,77
350315 ARAPEI,23
350320 ARARAQUARA,2499
350330 ARARAS,1435
350335 ARCO-IRIS,14
350340 AREALVA,97
350350 AREIAS,38
350360 AREIOPOLIS,120
350370 ARIRANHA,78
350380 ARTUR NOGUEIRA,611
350390 ARUJA,1321
350395 ASPASIA,21
350400 ASSIS,963
350410 ATIBAIA,1993
350420 AURIFLAMA,143
350430 AVAI,74
350440 AVANHANDAVA,116
350450 AVARE,1087
350460 BADY BASSITT,338
350470 BALBINOS,14
350480 BALSAMO,101
350490 BANANAL,75
350500 BARAO DE ANTONINA,49
350510 BARBOSA,77
350520 BARIRI,341
350530 BARRA BONITA,305
350535 BARRA DO CHAPEU,87
350540 BARRA DO TURVO,57
350550 BARRETOS,1392
350560 BARRINHA,379
350570 BARUERI,5234
350580 BASTOS,266
350590 BATATAIS,621
350600 BAURU,4315
350610 BEBEDOURO,785
350620 BENTO DE ABREU,32
350630 BERNARDINO DE CAMPOS,110
350635 BERTIOGA,954
350640 BILAC,64
350650 BIRIGUI,1187
350660 BIRITIBA-MIRIM,358
350670 BOA ESPERANCA DO SUL,174
350680 BOCAINA,124
350690 BOFETE,121
350700 BOITUVA,790
350710 BOM JESUS DOS PERDOES,298
350715 BOM SUCESSO DE ITARARE,74
350720 BORA,4
350730 BORACEIA,72
350740 BORBOREMA,137
350745 BOREBI,24
350750 BOTUCATU,1563
350760 BRAGANCA PAULISTA,2253
350770 BRAUNA,64
350775 BREJO ALEGRE,24
350780 BRODOWSKI,270
350790 BROTAS,261
350800 BURI,288
350810 BURITAMA,165
350820 BURITIZAL,50
350830 CABRALIA PAULISTA,42
350840 CABREUVA,731
350850 CACAPAVA,1079
350860 CACHOEIRA PAULISTA,339
350870 CACONDE,171
350880 CAFELANDIA,184
350890 CAIABU,37
350900 CAIEIRAS,1185
350910 CAIUA,29
350920 CAJAMAR,1298
350925 CAJATI,432
350930 CAJOBI,85
350940 CAJURU,347
350945 CAMPINA DO MONTE ALEGRE,72
350950 CAMPINAS,12654
350960 CAMPO LIMPO PAULISTA,843
350970 CAMPOS DO JORDAO,706
350980 CAMPOS NOVOS PAULISTA,47
350990 CANANEIA,170
350995 CANAS,62
351000 CANDIDO MOTA,301
351010 CANDIDO RODRIGUES,36
351015 CANITAR,100
351020 CAPAO BONITO,555
351030 CAPELA DO ALTO,295
351040 CAPIVARI,678
351050 CARAGUATATUBA,1705
351060 CARAPICUIBA,5342
351070 CARDOSO,103
351080 CASA BRANCA,292
351090 CASSIA DOS COQUEIROS,16
351100 CASTILHO,194
351110 CATANDUVA,1192
351120 CATIGUA,60
351130 CEDRAL,137
351140 CERQUEIRA CESAR,220
351150 CERQUILHO,475
351160 CESARIO LANGE,238
351170 CHARQUEADA,192
351190 CLEMENTINA,88
351200 COLINA,218
351210 COLOMBIA,79
351220 CONCHAL,413
351230 CONCHAS,171
351240 CORDEIROPOLIS,293
351250 COROADOS,47
351260 CORONEL MACEDO,41
351270 CORUMBATAI,40
351280 COSMOPOLIS,616
351290 COSMORAMA,102
351300 COTIA,3692
351310 CRAVINHOS,360
351320 CRISTAIS PAULISTA,109
351330 CRUZALIA,12
351340 CRUZEIRO,854
351350 CUBATAO,1341
351360 CUNHA,241
351370 DESCALVADO,287
351380 DIADEMA,4235
351385 DIRCE REIS,12
351390 DIVINOLANDIA,115
351400 DOBRADA,107
351410 DOIS CORREGOS,271
351420 DOLCINOPOLIS,23
351430 DOURADO,85
351440 DRACENA,499
351450 DUARTINA,135
351460 DUMONT,107
351470 ECHAPORA,82
351480 ELDORADO,146
351490 ELIAS FAUSTO,190
351492 ELISIARIO,18
351495 EMBAUBA,14
351500 EMBU DAS ARTES,3440
351510 EMBU-GUACU,755
351512 EMILIANOPOLIS,24
351515 ENGENHEIRO COELHO,256
351518 ESPIRITO SANTO DO PINHAL,394
351519 ESPIRITO SANTO DO TURVO,70
351520 ESTRELA D'OESTE,84
351530 ESTRELA DO NORTE,23
351535 EUCLIDES DA CUNHA PAULISTA,93
351540 FARTURA,179
351550 FERNANDOPOLIS,751
351560 FERNANDO PRESTES,57
351565 FERNAO,19
351570 FERRAZ DE VASCONCELOS,2373
351580 FLORA RICA,16
351590 FLOREAL,19
351600 FLORIDA PAULISTA,89
351610 FLORINIA,30
351620 FRANCA,4229
351630 FRANCISCO MORATO,2597
351640 FRANCO DA ROCHA,1943
351650 GABRIEL MONTEIRO,21
351660 GALIA,53
351670 GARCA,449
351680 GASTAO VIDIGAL,26
351685 GAVIAO PEIXOTO,47
351690 GENERAL SALGADO,96
351700 GETULINA,79
351710 GLICERIO,38
351720 GUAICARA,146
351730 GUAIMBE,51
351740 GUAIRA,437
351750 GUAPIACU,236
351760 GUAPIARA,194
351770 GUARA,201
351780 GUARACAI,47
351790 GUARACI,117
351800 GUARANI D'OESTE,22
351810 GUARANTA,85
351820 GUARARAPES,307
351830 GUARAREMA,340
351840 GUARATINGUETA,1315
351850 GUAREI,133
351860 GUARIBA,449
351870 GUARUJA,3667
351880 GUARULHOS,17612
351885 GUATAPARA,80
351890 GUZOLANDIA,43
351900 HERCULANDIA,107
351905 HOLAMBRA,232
351907 HORTOLANDIA,2719
351910 IACANGA,133
351920 IACRI,67
351925 IARAS,73
351930 IBATE,426
351940 IBIRA,130
351950 IBIRAREMA,60
351960 IBITINGA,718
351970 IBIUNA,1048
351980 ICEM,91
351990 IEPE,85
352000 IGARACU DO TIETE,229
352010 IGARAPAVA,279
352020 IGARATA,139
352030 IGUAPE,306
352040 ILHABELA,485
352042 ILHA COMPRIDA,146
352044 ILHA SOLTEIRA,216
352050 INDAIATUBA,3204
352060 INDIANA,31
352070 INDIAPORA,41
352080 INUBIA PAULISTA,37
352090 IPAUSSU,173
352100 IPERO,377
352110 IPEUNA,65
352115 IPIGUA,73
352120 IPORANGA,49
352130 IPUA,147
352140 IRACEMAPOLIS,221
352150 IRAPUA,53
352160 IRAPURU,55
352170 ITABERA,201
352180 ITAI,342
352190 ITAJOBI,202
352200 ITAJU,36
352210 ITANHAEM,1328
352215 ITAOCA,44
352220 ITAPECERICA DA SERRA,2076
352230 ITAPETININGA,1954
352240 ITAPEVA,1252
352250 ITAPEVI,3551
352260 ITAPIRA,653
352265 ITAPIRAPUA PAULISTA,75
352270 ITAPOLIS,423
352280 ITAPORANGA,170
352290 ITAPUI,192
352300 ITAPURA,44
352310 ITAQUAQUECETUBA,5164
352320 ITARARE,567
352330 ITARIRI,153
352340 ITATIBA,1340
352350 ITATINGA,249
352360 ITIRAPINA,157
352370 ITIRAPUA,52
352380 ITOBI,81
352390 ITU,2096
352400 ITUPEVA,891
352410 ITUVERAVA,460
352420 JABORANDI,54
352430 JABOTICABAL,729
352440 JACAREI,2680
352450 JACI,84
352460 JACUPIRANGA,181
352470 JAGUARIUNA,781
352480 JALES,500
352490 JAMBEIRO,56
352500 JANDIRA,1315
352510 JARDINOPOLIS,507
352520 JARINU,422
352530 JAU,1481
352540 JERIQUARA,43
352550 JOANOPOLIS,122
352560 JOAO RAMALHO,58
352570 JOSE BONIFACIO,422
352580 JULIO MESQUITA,56
352585 JUMIRIM,40
352590 JUNDIAI,5447
352600 JUNQUEIROPOLIS,195
352610 JUQUIA,263
352620 JUQUITIBA,345
352630 LAGOINHA,39
352640 LARANJAL PAULISTA,335
352650 LAVINIA,54
352660 LAVRINHAS,97
352670 LEME,1015
352680 LENCOIS PAULISTA,827
352690 LIMEIRA,3255
352700 LINDOIA,63
352710 LINS,797
352720 LORENA,1028
352725 LOURDES,18
352730 LOUVEIRA,711
352740 LUCELIA,172
352750 LUCIANOPOLIS,24
352760 LUIS ANTONIO,146
352770 LUIZIANIA,69
352780 LUPERCIO,45
352790 LUTECIA,20
352800 MACATUBA,161
352810 MACAUBAL,73
352820 MACEDONIA,40
352830 MAGDA,26
352840 MAIRINQUE,583
352850 MAIRIPORA,949
352860 MANDURI,82
352870 MARABA PAULISTA,31
352880 MARACAI,106
352885 MARAPOAMA,32
352890 MARIAPOLIS,28
352900 MARILIA,2812
352910 MARINOPOLIS,17
352920 MARTINOPOLIS,260
352930 MATAO,786
352940 MAUA,4390
352950 MENDONCA,76
352960 MERIDIANO,38
352965 MESOPOLIS,20
352970 MIGUELOPOLIS,228
352980 MINEIROS DO TIETE,135
352990 MIRACATU,245
353000 MIRA ESTRELA,25
353010 MIRANDOPOLIS,204
353020 MIRANTE DO PARANAPANEMA,164
353030 MIRASSOL,725
353040 MIRASSOLANDIA,45
353050 MOCOCA,715
353060 MOGI DAS CRUZES,5393
353070 MOGI GUACU,1741
353080 MOGI MIRIM,909
353090 MOMBUCA,52
353100 MONCOES,14
353110 MONGAGUA,703
353120 MONTE ALEGRE DO SUL,73
353130 MONTE ALTO,464
353140 MONTE APRAZIVEL,215
353150 MONTE AZUL PAULISTA,202
353160 MONTE CASTELO,49
353170 MONTEIRO LOBATO,43
353180 MONTE MOR,893
353190 MORRO AGUDO,315
353200 MORUNGABA,190
353205 MOTUCA,23
353210 MURUTINGA DO SUL,32
353215 NANTES,41
353220 NARANDIBA,77
353230 NATIVIDADE DA SERRA,64
353240 NAZARE PAULISTA,209
353250 NEVES PAULISTA,88
353260 NHANDEARA,75
353270 NIPOA,67
353280 NOVA ALIANCA,73
353282 NOVA CAMPINA,126
353284 NOVA CANAA PAULISTA,18
353286 NOVA CASTILHO,13
353290 NOVA EUROPA,94
353300 NOVA GRANADA,236
353310 NOVA GUATAPORANGA,21
353320 NOVA INDEPENDENCIA,41
353325 NOVAIS,51
353330 NOVA LUZITANIA,24
353340 NOVA ODESSA,577
353350 NOVO HORIZONTE,390
353360 NUPORANGA,74
353370 OCAUCU,74
353380 OLEO,15
353390 OLIMPIA,621
353400 ONDA VERDE,52
353410 ORIENTE,69
353420 ORINDIUVA,75
353430 ORLANDIA,413
353440 OSASCO,8118
353450 OSCAR BRESSANE,15
353460 OSVALDO CRUZ,314
353470 OURINHOS,1171
353475 OUROESTE,92
353480 OURO VERDE,99
353490 PACAEMBU,93
353500 PALESTINA,104
353510 PALMARES PAULISTA,105
353520 PALMEIRA D'OESTE,71
353530 PALMITAL,183
353540 PANORAMA,173
353550 PARAGUACU PAULISTA,442
353560 PARAIBUNA,203
353570 PARAISO,60
353580 PARANAPANEMA,285
353590 PARANAPUA,46
353600 PARAPUA,90
353610 PARDINHO,103
353620 PARIQUERA-ACU,238
353625 PARISI,28
353630 PATROCINIO PAULISTA,179
353640 PAULICEIA,99
353650 PAULINIA,1351
353657 PAULISTANIA,24
353660 PAULO DE FARIA,74
353670 PEDERNEIRAS,538
353680 PEDRA BELA,74
353690 PEDRANOPOLIS,18
353700 PEDREGULHO,200
353710 PEDREIRA,445
353715 PEDRINHAS PAULISTA,34
353720 PEDRO DE TOLEDO,91
353730 PENAPOLIS,680
353740 PEREIRA BARRETO,198
353750 PEREIRAS,104
353760 PERUIBE,905
353770 PIACATU,54
353780 PIEDADE,615
353790 PILAR DO SUL,366
353800 PINDAMONHANGABA,2117
353810 PINDORAMA,103
353820 PINHALZINHO,128
353830 PIQUEROBI,25
353850 PIQUETE,112
353860 PIRACAIA,359
353870 PIRACICABA,4767
353880 PIRAJU,296
353890 PIRAJUI,182
353900 PIRANGI,120
353910 PIRAPORA DO BOM JESUS,236
353920 PIRAPOZINHO,257
353930 PIRASSUNUNGA,764
353940 PIRATININGA,165
353950 PITANGUEIRAS,392
353960 PLANALTO,36
353970 PLATINA,32
353980 POA,1261
353990 POLONI,62
354000 POMPEIA,212
354010 PONGAI,30
354020 PONTAL,488
354025 PONTALINDA,46
354030 PONTES GESTAL,28
354040 POPULINA,25
354050 PORANGABA,93
354060 PORTO FELIZ,609
354070 PORTO FERREIRA,546
354075 POTIM,232
354080 POTIRENDABA,207
354085 PRACINHA,21
354090 PRADOPOLIS,150
354100 PRAIA GRANDE,4214
354105 PRATANIA,81
354110 PRESIDENTE ALVES,38
354120 PRESIDENTE BERNARDES,122
354130 PRESIDENTE EPITACIO,381
354140 PRESIDENTE PRUDENTE,2461
354150 PRESIDENTE VENCESLAU,281
354160 PROMISSAO,369
354165 QUADRA,50
354170 QUATA,159
354180 QUEIROZ,51
354190 QUELUZ,124
354200 QUINTANA,81
354210 RAFARD,103
354220 RANCHARIA,300
354230 REDENCAO DA SERRA,37
354240 REGENTE FEIJO,200
354250 REGINOPOLIS,60
354260 REGISTRO,703
354270 RESTINGA,83
354280 RIBEIRA,38
354290 RIBEIRAO BONITO,134
354300 RIBEIRAO BRANCO,245
354310 RIBEIRAO CORRENTE,58
354320 RIBEIRAO DO SUL,51
354323 RIBEIRAO DOS INDIOS,15
354325 RIBEIRAO GRANDE,78
354330 RIBEIRAO PIRES,1052
354340 RIBEIRAO PRETO,7945
354350 RIVERSUL,58
354360 RIFAINA,45
354370 RINCAO,80
354380 RINOPOLIS,93
354390 RIO CLARO,2233
354400 RIO DAS PEDRAS,365
354410 RIO GRANDE DA SERRA,466
354420 RIOLANDIA,97
354425 ROSANA,201
354430 ROSEIRA,95
354440 RUBIACEA,22
354450 RUBINEIA,36
354460 SABINO,38
354470 SAGRES,32
354480 SALES,55
354490 SALES OLIVEIRA,128
354500 SALESOPOLIS,177
354510 SALMOURAO,44
354515 SALTINHO,85
354520 SALTO,1597
354530 SALTO DE PIRAPORA,484
354540 SALTO GRANDE,88
354550 SANDOVALINA,47
354560 SANTA ADELIA,153
354570 SANTA ALBERTINA,57
354580 SANTA BARBARA D'OESTE,1928
354600 SANTA BRANCA,125
354610 SANTA CLARA D'OESTE,24
354620 SANTA CRUZ DA CONCEICAO,30
354625 SANTA CRUZ DA ESPERANCA,23
354630 SANTA CRUZ DAS PALMEIRAS,341
354640 SANTA CRUZ DO RIO PARDO,597
354650 SANTA ERNESTINA,71
354660 SANTA FE DO SUL,394
354670 SANTA GERTRUDES,262
354680 SANTA ISABEL,605
354690 SANTA LUCIA,82
354700 SANTA MARIA DA SERRA,59
354710 SANTA MERCEDES,31
354720 SANTANA DA PONTE PENSA,15
354730 SANTANA DE PARNAIBA,2226
354740 SANTA RITA D'OESTE,20
354750 SANTA RITA DO PASSA QUATRO,216
354760 SANTA ROSA DE VITERBO,214
354765 SANTA SALETE,12
354770 SANTO ANASTACIO,184
354780 SANTO ANDRE,7625
354790 SANTO ANTONIO DA ALEGRIA,79
354800 SANTO ANTONIO DE POSSE,280
354805 SANTO ANTONIO DO ARACANGUA,67
354810 SANTO ANTONIO DO JARDIM,56
354820 SANTO ANTONIO DO PINHAL,83
354830 SANTO EXPEDITO,32
354840 SANTOPOLIS DO AGUAPEI,47
354850 SANTOS,3754
354860 SAO BENTO DO SAPUCAI,101
354870 SAO BERNARDO DO CAMPO,8030
354880 SAO CAETANO DO SUL,1387
354890 SAO CARLOS,2607
354900 SAO FRANCISCO,29
354910 SAO JOAO DA BOA VISTA,922
354920 SAO JOAO DAS DUAS PONTES,29
354925 SAO JOAO DE IRACEMA,25
354930 SAO JOAO DO PAU D'ALHO,19
354940 SAO JOAQUIM DA BARRA,486
354950 SAO JOSE DA BELA VISTA,75
354960 SAO JOSE DO BARREIRO,39
354970 SAO JOSE DO RIO PARDO,538
354980 SAO JOSE DO RIO PRETO,5004
354990 SAO JOSE DOS CAMPOS,8072
354995 SAO LOURENCO DA SERRA,204
355000 SAO LUIS DO PARAITINGA,105
355010 SAO MANUEL,422
355020 SAO MIGUEL ARCANJO,351
355030 SAO PAULO,132050
355040 SAO PEDRO,409
355050 SAO PEDRO DO TURVO,89
355060 SAO ROQUE,904
355070 SAO SEBASTIAO,1111
355080 SAO SEBASTIAO DA GRAMA,95
355090 SAO SIMAO,123
355100 SAO VICENTE,3497
355110 SARAPUI,110
355120 SARUTAIA,49
355130 SEBASTIANOPOLIS DO SUL,27
355140 SERRA AZUL,104
355150 SERRANA,542
355160 SERRA NEGRA,253
355170 SERTAOZINHO,1437
355180 SETE BARRAS,144
355190 SEVERINIA,147
355200 SILVEIRAS,71
355210 SOCORRO,408
355220 SOROCABA,8814
355230 SUD MENNUCCI,75
355240 SUMARE,3252
355250 SUZANO,3968
355255 SUZANAPOLIS,30
355260 TABAPUA,94
355270 TABATINGA,180
355280 TABOAO DA SERRA,3298
355290 TACIBA,88
355300 TAGUAI,150
355310 TAIACU,49
355320 TAIUVA,52
355330 TAMBAU,235
355340 TANABI,261
355350 TAPIRAI,99
355360 TAPIRATIBA,89
355365 TAQUARAL,20
355370 TAQUARITINGA,527
355380 TAQUARITUBA,275
355385 TAQUARIVAI,74
355390 TARABAI,63
355395 TARUMA,185
355400 TATUI,1689
355410 TAUBATE,3348
355420 TEJUPA,51
355430 TEODORO SAMPAIO,250
355440 TERRA ROXA,71
355450 TIETE,439
355460 TIMBURI,16
355465 TORRE DE PEDRA,25
355470 TORRINHA,105
355475 TRABIJU,19
355480 TREMEMBE,452
355490 TRES FRONTEIRAS,59
355495 TUIUTI,57
355500 TUPA,598
355510 TUPI PAULISTA,134
355520 TURIUBA,15
355530 TURMALINA,12
355535 UBARANA,55
355540 UBATUBA,1234
355550 UBIRAJARA,73
355560 UCHOA,96
355570 UNIAO PAULISTA,20
355580 URANIA,85
355590 URU,12
355600 URUPES,136
355610 VALENTIM GENTIL,166
355620 VALINHOS,1233
355630 VALPARAISO,256
355635 VARGEM,122
355640 VARGEM GRANDE DO SUL,465
355645 VARGEM GRANDE PAULISTA,670
355650 VARZEA PAULISTA,1292
355660 VERA CRUZ,110
355670 VINHEDO,880
355680 VIRADOURO,211
355690 VISTA ALEGRE DO ALTO,72
355695 VITORIA BRASIL,26
355700 VOTORANTIM,1591
355710 VOTUPORANGA,1073
355715 ZACARIAS,18
355720 CHAVANTES,138
355730 ESTIVA GERBI,126
 MUNICIPIO IGNORADO - PR,2
410010 ABATIA,81
410020 ADRIANOPOLIS,70
410030 AGUDOS DO SUL,153
410040 ALMIRANTE TAMANDARE,1569
410045 ALTAMIRA DO PARANA,43
410050 ALTONIA,206
410060 ALTO PARANA,165
410070 ALTO PIQUIRI,120
410080 ALVORADA DO SUL,92
410090 AMAPORA,54
410100 AMPERE,271
410105 ANAHY,33
410110 ANDIRA,203
410115 ANGULO,44
410120 ANTONINA,183
410130 ANTONIO OLINTO,53
410140 APUCARANA,1519
410150 ARAPONGAS,1517
410160 ARAPOTI,367
410165 ARAPUA,47
410170 ARARUNA,189
410180 ARAUCARIA,1951
410185 ARIRANHA DO IVAI,26
410190 ASSAI,151
410200 ASSIS CHATEAUBRIAND,443
410210 ASTORGA,319
410220 ATALAIA,34
410230 BALSA NOVA,165
410240 BANDEIRANTES,379
410250 BARBOSA FERRAZ,114
410260 BARRACAO,131
410270 BARRA DO JACARE,29
410275 BELA VISTA DA CAROBA,47
410280 BELA VISTA DO PARAISO,155
410290 BITURUNA,255
410300 BOA ESPERANCA,42
410302 BOA ESPERANCA DO IGUACU,28
410304 BOA VENTURA DE SAO ROQUE,68
410305 BOA VISTA DA APARECIDA,106
410310 BOCAIUVA DO SUL,169
410315 BOM JESUS DO SUL,41
410320 BOM SUCESSO,68
410322 BOM SUCESSO DO SUL,40
410330 BORRAZOPOLIS,84
410335 BRAGANEY,57
410337 BRASILANDIA DO SUL,43
410340 CAFEARA,23
410345 CAFELANDIA,262
410347 CAFEZAL DO SUL,50
410350 CALIFORNIA,98
410360 CAMBARA,236
410370 CAMBE,1261
410380 CAMBIRA,110
410390 CAMPINA DA LAGOA,206
410395 CAMPINA DO SIMAO,70
410400 CAMPINA GRANDE DO SUL,695
410405 CAMPO BONITO,57
410410 CAMPO DO TENENTE,116
410420 CAMPO LARGO,1557
410425 CAMPO MAGRO,340
410430 CAMPO MOURAO,1191
410440 CANDIDO DE ABREU,181
410442 CANDOI,195
410445 CANTAGALO,177
410450 CAPANEMA,273
410460 CAPITAO LEONIDAS MARQUES,209
410465 CARAMBEI,344
410470 CARLOPOLIS,239
410480 CASCAVEL,4737
410490 CASTRO,973
410500 CATANDUVAS,116
410510 CENTENARIO DO SUL,105
410520 CERRO AZUL,207
410530 CEU AZUL,103
410540 CHOPINZINHO,298
410550 CIANORTE,971
410560 CIDADE GAUCHA,174
410570 CLEVELANDIA,235
410580 COLOMBO,2956
410590 COLORADO,279
410600 CONGONHINHAS,115
410610 CONSELHEIRO MAIRINCK,45
410620 CONTENDA,225
410630 CORBELIA,234
410640 CORNELIO PROCOPIO,447
410645 CORONEL DOMINGOS SOARES,101
410650 CORONEL VIVIDA,313
410655 CORUMBATAI DO SUL,39
410657 CRUZEIRO DO IGUACU,35
410660 CRUZEIRO DO OESTE,256
410670 CRUZEIRO DO SUL,46
410680 CRUZ MACHADO,199
410685 CRUZMALTINA,37
410690 CURITIBA,18396
410700 CURIUVA,159
410710 DIAMANTE DO NORTE,42
410712 DIAMANTE DO SUL,37
410715 DIAMANTE D'OESTE,55
410720 DOIS VIZINHOS,647
410725 DOURADINA,100
410730 DOUTOR CAMARGO,58
410740 ENEAS MARQUES,88
410750 ENGENHEIRO BELTRAO,119
410752 ESPERANCA NOVA,12
410753 ENTRE RIOS DO OESTE,74
410754 ESPIGAO ALTO DO IGUACU,57
410755 FAROL,28
410760 FAXINAL,238
410765 FAZENDA RIO GRANDE,1922
410770 FENIX,65
410773 FERNANDES PINHEIRO,62
410775 FIGUEIRA,83
410780 FLORAI,45
410785 FLOR DA SERRA DO SUL,67
410790 FLORESTA,148
410800 FLORESTOPOLIS,120
410810 FLORIDA,37
410820 FORMOSA DO OESTE,80
410830 FOZ DO IGUACU,4020
410832 FRANCISCO ALVES,121
410840 FRANCISCO BELTRAO,1266
410845 FOZ DO JORDAO,75
410850 GENERAL CARNEIRO,169
410855 GODOY MOREIRA,32
410860 GOIOERE,298
410865 GOIOXIM,102
410870 GRANDES RIOS,75
410880 GUAIRA,442
410890 GUAIRACA,99
410895 GUAMIRANGA,102
410900 GUAPIRAMA,71
410910 GUAPOREMA,26
410920 GUARACI,55
410930 GUARANIACU,166
410940 GUARAPUAVA,2598
410950 GUARAQUECABA,98
410960 GUARATUBA,514
410965 HONORIO SERPA,63
410970 IBAITI,366
410975 IBEMA,83
410980 IBIPORA,626
410990 ICARAIMA,131
411000 IGUARACU,43
411005 IGUATU,17
411007 IMBAU,191
411010 IMBITUVA,454
411020 INACIO MARTINS,147
411030 INAJA,31
411040 INDIANOPOLIS,46
411050 IPIRANGA,181
411060 IPORA,165
411065 IRACEMA DO OESTE,27
411070 IRATI,766
411080 IRETAMA,123
411090 ITAGUAJE,57
411095 ITAIPULANDIA,153
411100 ITAMBARACA,58
411110 ITAMBE,57
411120 ITAPEJARA D'OESTE,144
411125 ITAPERUCU,500
411130 ITAUNA DO SUL,40
411140 IVAI,210
411150 IVAIPORA,374
411155 IVATE,70
411160 IVATUBA,28
411170 JABOTI,76
411180 JACAREZINHO,522
411190 JAGUAPITA,211
411200 JAGUARIAIVA,495
411210 JANDAIA DO SUL,248
411220 JANIOPOLIS,65
411230 JAPIRA,48
411240 JAPURA,83
411250 JARDIM ALEGRE,141
411260 JARDIM OLINDA,14
411270 JATAIZINHO,153
411275 JESUITAS,97
411280 JOAQUIM TAVORA,179
411290 JUNDIAI DO SUL,34
411295 JURANDA,89
411300 JUSSARA,64
411310 KALORE,44
411320 LAPA,533
411325 LARANJAL,88
411330 LARANJEIRAS DO SUL,514
411340 LEOPOLIS,38
411342 LIDIANOPOLIS,28
411345 LINDOESTE,86
411350 LOANDA,327
411360 LOBATO,39
411370 LONDRINA,6116
411373 LUIZIANA,80
411375 LUNARDELLI,44
411380 LUPIONOPOLIS,49
411390 MALLET,160
411400 MAMBORE,139
411410 MANDAGUACU,400
411420 MANDAGUARI,446
411430 MANDIRITUBA,361
411435 MANFRINOPOLIS,38
411440 MANGUEIRINHA,231
411450 MANOEL RIBAS,222
411460 MARECHAL CANDIDO RONDON,732
411470 MARIA HELENA,63
411480 MARIALVA,559
411490 MARILANDIA DO SUL,102
411500 MARILENA,92
411510 MARILUZ,114
411520 MARINGA,4653
411530 MARIOPOLIS,92
411535 MARIPA,73
411540 MARMELEIRO,212
411545 MARQUINHO,52
411550 MARUMBI,63
411560 MATELANDIA,259
411570 MATINHOS,509
411573 MATO RICO,29
411575 MAUA DA SERRA,126
411580 MEDIANEIRA,770
411585 MERCEDES,59
411590 MIRADOR,29
411600 MIRASELVA,7
411605 MISSAL,123
411610 MOREIRA SALES,119
411620 MORRETES,204
411630 MUNHOZ DE MELO,46
411640 NOSSA SENHORA DAS GRACAS,56
411650 NOVA ALIANCA DO IVAI,16
411660 NOVA AMERICA DA COLINA,44
411670 NOVA AURORA,154
411680 NOVA CANTU,100
411690 NOVA ESPERANCA,303
411695 NOVA ESPERANCA DO SUDOESTE,80
411700 NOVA FATIMA,73
411705 NOVA LARANJEIRAS,194
411710 NOVA LONDRINA,180
411720 NOVA OLIMPIA,61
411721 NOVA SANTA BARBARA,53
411722 NOVA SANTA ROSA,97
411725 NOVA PRATA DO IGUACU,128
411727 NOVA TEBAS,89
411729 NOVO ITACOLOMI,37
411730 ORTIGUEIRA,338
411740 OURIZONA,38
411745 OURO VERDE DO OESTE,87
411750 PAICANDU,601
411760 PALMAS,811
411770 PALMEIRA,464
411780 PALMITAL,159
411790 PALOTINA,538
411800 PARAISO DO NORTE,175
411810 PARANACITY,124
411820 PARANAGUA,2120
411830 PARANAPOEMA,30
411840 PARANAVAI,1135
411845 PATO BRAGADO,60
411850 PATO BRANCO,1328
411860 PAULA FREITAS,63
411870 PAULO FRONTIN,84
411880 PEABIRU,161
411885 PEROBAL,101
411890 PEROLA,130
411900 PEROLA D'OESTE,87
411910 PIEN,197
411915 PINHAIS,1485
411920 PINHALAO,71
411925 PINHAL DE SAO BENTO,25
411930 PINHAO,503
411940 PIRAI DO SUL,312
411950 PIRAQUARA,1482
411960 PITANGA,447
411965 PITANGUEIRAS,29
411970 PLANALTINA DO PARANA,66
411980 PLANALTO,125
411990 PONTA GROSSA,4663
411995 PONTAL DO PARANA,325
412000 PORECATU,112
412010 PORTO AMAZONAS,55
412015 PORTO BARREIRO,42
412020 PORTO RICO,28
412030 PORTO VITORIA,51
412033 PRADO FERREIRA,52
412035 PRANCHITA,69
412040 PRESIDENTE CASTELO BRANCO,37
412050 PRIMEIRO DE MAIO,100
412060 PRUDENTOPOLIS,606
412065 QUARTO CENTENARIO,44
412070 QUATIGUA,108
412080 QUATRO BARRAS,296
412085 QUATRO PONTES,48
412090 QUEDAS DO IGUACU,453
412100 QUERENCIA DO NORTE,126
412110 QUINTA DO SOL,55
412120 QUITANDINHA,212
412125 RAMILANDIA,54
412130 RANCHO ALEGRE,40
412135 RANCHO ALEGRE D'OESTE,23
412140 REALEZA,240
412150 REBOUCAS,167
412160 RENASCENCA,87
412170 RESERVA,338
412175 RESERVA DO IGUACU,94
412180 RIBEIRAO CLARO,127
412190 RIBEIRAO DO PINHAL,169
412200 RIO AZUL,169
412210 RIO BOM,40
412215 RIO BONITO DO IGUACU,202
412217 RIO BRANCO DO IVAI,46
412220 RIO BRANCO DO SUL,506
412230 RIO NEGRO,329
412240 ROLANDIA,942
412250 RONCADOR,159
412260 RONDON,131
412265 ROSARIO DO IVAI,58
412270 SABAUDIA,112
412280 SALGADO FILHO,53
412290 SALTO DO ITARARE,49
412300 SALTO DO LONTRA,171
412310 SANTA AMELIA,39
412320 SANTA CECILIA DO PAVAO,53
412330 SANTA CRUZ DE MONTE CASTELO,99
412340 SANTA FE,108
412350 SANTA HELENA,355
412360 SANTA INES,25
412370 SANTA ISABEL DO IVAI,94
412380 SANTA IZABEL DO OESTE,142
412382 SANTA LUCIA,57
412385 SANTA MARIA DO OESTE,138
412390 SANTA MARIANA,139
412395 SANTA MONICA,35
412400 SANTANA DO ITARARE,47
412402 SANTA TEREZA DO OESTE,198
412405 SANTA TEREZINHA DE ITAIPU,277
412410 SANTO ANTONIO DA PLATINA,571
412420 SANTO ANTONIO DO CAIUA,28
412430 SANTO ANTONIO DO PARAISO,26
412440 SANTO ANTONIO DO SUDOESTE,267
412450 SANTO INACIO,91
412460 SAO CARLOS DO IVAI,74
412470 SAO JERONIMO DA SERRA,127
412480 SAO JOAO,143
412490 SAO JOAO DO CAIUA,54
412500 SAO JOAO DO IVAI,120
412510 SAO JOAO DO TRIUNFO,155
412520 SAO JORGE D'OESTE,130
412530 SAO JORGE DO IVAI,42
412535 SAO JORGE DO PATROCINIO,67
412540 SAO JOSE DA BOA VISTA,66
412545 SAO JOSE DAS PALMEIRAS,54
412550 SAO JOSE DOS PINHAIS,4260
412555 SAO MANOEL DO PARANA,25
412560 SAO MATEUS DO SUL,520
412570 SAO MIGUEL DO IGUACU,400
412575 SAO PEDRO DO IGUACU,68
412580 SAO PEDRO DO IVAI,90
412590 SAO PEDRO DO PARANA,32
412600 SAO SEBASTIAO DA AMOREIRA,90
412610 SAO TOME,55
412620 SAPOPEMA,89
412625 SARANDI,1492
412627 SAUDADE DO IGUACU,95
412630 SENGES,231
412635 SERRANOPOLIS DO IGUACU,67
412640 SERTANEJA,52
412650 SERTANOPOLIS,168
412660 SIQUEIRA CAMPOS,267
412665 SULINA,44
412667 TAMARANA,166
412670 TAMBOARA,54
412680 TAPEJARA,179
412690 TAPIRA,65
412700 TEIXEIRA SOARES,139
412710 TELEMACO BORBA,1042
412720 TERRA BOA,210
412730 TERRA RICA,162
412740 TERRA ROXA,227
412750 TIBAGI,257
412760 TIJUCAS DO SUL,206
412770 TOLEDO,2015
412780 TOMAZINA,77
412785 TRES BARRAS DO PARANA,151
412788 TUNAS DO PARANA,103
412790 TUNEIRAS DO OESTE,89
412795 TUPASSI,81
412796 TURVO,207
412800 UBIRATA,297
412810 UMUARAMA,1514
412820 UNIAO DA VITORIA,751
412830 UNIFLOR,18
412840 URAI,88
412850 WENCESLAU BRAZ,270
412853 VENTANIA,133
412855 VERA CRUZ DO OESTE,94
412860 VERE,101
412862 ALTO PARAISO,57
412863 DOUTOR ULYSSES,70
412865 VIRMOND,54
412870 VITORINO,126
412880 XAMBRE,69
 MUNICIPIO IGNORADO - SC,2
420005 ABDON BATISTA,33
420010 ABELARDO LUZ,260
420020 AGROLANDIA,143
420030 AGRONOMICA,71
420040 AGUA DOCE,86
420050 AGUAS DE CHAPECO,77
420055 AGUAS FRIAS,39
420060 AGUAS MORNAS,82
420070 ALFREDO WAGNER,111
420075 ALTO BELA VISTA,16
420080 ANCHIETA,72
420090 ANGELINA,55
420100 ANITA GARIBALDI,102
420110 ANITAPOLIS,42
420120 ANTONIO CARLOS,146
420125 APIUNA,139
420127 ARABUTA,41
420130 ARAQUARI,760
420140 ARARANGUA,931
420150 ARMAZEM,123
420160 ARROIO TRINTA,41
420165 ARVOREDO,30
420170 ASCURRA,85
420180 ATALANTA,38
420190 AURORA,86
420195 BALNEARIO ARROIO DO SILVA,193
420200 BALNEARIO CAMBORIU,1608
420205 BALNEARIO BARRA DO SUL,136
420207 BALNEARIO GAIVOTA,169
420208 BANDEIRANTE,40
420209 BARRA BONITA,19
420210 BARRA VELHA,602
420213 BELA VISTA DO TOLDO,75
420215 BELMONTE,35
420220 BENEDITO NOVO,125
420230 BIGUACU,947
420240 BLUMENAU,4379
420243 BOCAINA DO SUL,37
420245 BOMBINHAS,310
420250 BOM JARDIM DA SERRA,48
420253 BOM JESUS,37
420257 BOM JESUS DO OESTE,21
420260 BOM RETIRO,133
420270 BOTUVERA,49
420280 BRACO DO NORTE,519
420285 BRACO DO TROMBUDO,54
420287 BRUNOPOLIS,36
420290 BRUSQUE,2000
420300 CACADOR,1062
420310 CAIBI,72
420315 CALMON,47
420320 CAMBORIU,1549
420325 CAPAO ALTO,29
420330 CAMPO ALEGRE,157
420340 CAMPO BELO DO SUL,92
420350 CAMPO ERE,135
420360 CAMPOS NOVOS,545
420370 CANELINHA,160
420380 CANOINHAS,728
420390 CAPINZAL,378
420395 CAPIVARI DE BAIXO,242
420400 CATANDUVAS,193
420410 CAXAMBU DO SUL,65
420415 CELSO RAMOS,30
420417 CERRO NEGRO,40
420419 CHAPADAO DO LAGEADO,30
420420 CHAPECO,3811
420425 COCAL DO SUL,193
420430 CONCORDIA,1130
420435 CORDILHEIRA ALTA,44
420440 CORONEL FREITAS,133
420445 CORONEL MARTINS,30
420450 CORUPA,194
420455 CORREIA PINTO,199
420460 CRICIUMA,2834
420470 CUNHA PORA,137
420475 CUNHATAI,16
420480 CURITIBANOS,605
420490 DESCANSO,85
420500 DIONISIO CERQUEIRA,191
420510 DONA EMMA,52
420515 DOUTOR PEDRINHO,38
420517 ENTRE RIOS,57
420519 ERMO,28
420520 ERVAL VELHO,63
420530 FAXINAL DOS GUEDES,165
420535 FLOR DO SERTAO,23
420540 FLORIANOPOLIS,6082
420543 FORMOSA DO SUL,30
420545 FORQUILHINHA,480
420550 FRAIBURGO,561
420555 FREI ROGERIO,34
420560 GALVAO,46
420570 GAROPABA,340
420580 GARUVA,305
420590 GASPAR,975
420600 GOVERNADOR CELSO RAMOS,211
420610 GRAO PARA,110
420620 GRAVATAL,125
420630 GUABIRUBA,316
420640 GUARACIABA,102
420650 GUARAMIRIM,674
420660 GUARUJA DO SUL,55
420665 GUATAMBU,125
420670 HERVAL D'OESTE,282
420675 IBIAM,22
420680 IBICARE,37
420690 IBIRAMA,270
420700 ICARA,783
420710 ILHOTA,182
420720 IMARUI,94
420730 IMBITUBA,673
420740 IMBUIA,79
420750 INDAIAL,900
420757 IOMERE,32
420760 IPIRA,44
420765 IPORA DO OESTE,103
420768 IPUACU,141
420770 IPUMIRIM,101
420775 IRACEMINHA,46
420780 IRANI,136
420785 IRATI,32
420790 IRINEOPOLIS,125
420800 ITA,76
420810 ITAIOPOLIS,315
420820 ITAJAI,3706
420830 ITAPEMA,1102
420840 ITAPIRANGA,193
420845 ITAPOA,311
420850 ITUPORANGA,414
420860 JABORA,51
420870 JACINTO MACHADO,120
420880 JAGUARUNA,271
420890 JARAGUA DO SUL,2404
420895 JARDINOPOLIS,16
420900 JOACABA,392
420910 JOINVILLE,7497
420915 JOSE BOITEUX,92
420917 JUPIA,29
420920 LACERDOPOLIS,27
420930 LAGES,2100
420940 LAGUNA,441
420945 LAJEADO GRANDE,22
420950 LAURENTINO,100
420960 LAURO MULLER,155
420970 LEBON REGIS,177
420980 LEOBERTO LEAL,41
420985 LINDOIA DO SUL,55
420990 LONTRAS,177
421000 LUIZ ALVES,190
421003 LUZERNA,62
421005 MACIEIRA,18
421010 MAFRA,747
421020 MAJOR GERCINO,39
421030 MAJOR VIEIRA,80
421040 MARACAJA,114
421050 MARAVILHA,400
421055 MAREMA,20
421060 MASSARANDUBA,199
421070 MATOS COSTA,27
421080 MELEIRO,87
421085 MIRIM DOCE,32
421090 MODELO,59
421100 MONDAI,125
421105 MONTE CARLO,167
421110 MONTE CASTELO,115
421120 MORRO DA FUMACA,242
421125 MORRO GRANDE,35
421130 NAVEGANTES,1420
421140 NOVA ERECHIM,74
421145 NOVA ITABERABA,42
421150 NOVA TRENTO,150
421160 NOVA VENEZA,146
421165 NOVO HORIZONTE,26
421170 ORLEANS,296
421175 OTACILIO COSTA,221
421180 OURO,77
421185 OURO VERDE,31
421187 PAIAL,22
421189 PAINEL,31
421190 PALHOCA,2845
421200 PALMA SOLA,114
421205 PALMEIRA,35
421210 PALMITOS,170
421220 PAPANDUVA,234
421223 PARAISO,50
421225 PASSO DE TORRES,140
421227 PASSOS MAIA,62
421230 PAULO LOPES,83
421240 PEDRAS GRANDES,45
421250 PENHA,437
421260 PERITIBA,27
421265 PESCARIA BRAVA,102
421270 PETROLANDIA,83
421280 BALNEARIO PICARRAS,386
421290 PINHALZINHO,301
421300 PINHEIRO PRETO,62
421310 PIRATUBA,71
421315 PLANALTO ALEGRE,45
421320 POMERODE,412
421330 PONTE ALTA,56
421335 PONTE ALTA DO NORTE,54
421340 PONTE SERRADA,166
421350 PORTO BELO,331
421360 PORTO UNIAO,382
421370 POUSO REDONDO,218
421380 PRAIA GRANDE,101
421390 PRESIDENTE CASTELLO BRANCO,14
421400 PRESIDENTE GETULIO,298
421410 PRESIDENTE NEREU,18
421415 PRINCESA,42
421420 QUILOMBO,153
421430 RANCHO QUEIMADO,32
421440 RIO DAS ANTAS,75
421450 RIO DO CAMPO,82
421460 RIO DO OESTE,96
421470 RIO DOS CEDROS,113
421480 RIO DO SUL,883
421490 RIO FORTUNA,70
421500 RIO NEGRINHO,612
421505 RIO RUFINO,31
421507 RIQUEZA,53
421510 RODEIO,129
421520 ROMELANDIA,31
421530 SALETE,102
421535 SALTINHO,45
421540 SALTO VELOSO,49
421545 SANGAO,157
421550 SANTA CECILIA,259
421555 SANTA HELENA,27
421560 SANTA ROSA DE LIMA,21
421565 SANTA ROSA DO SUL,120
421567 SANTA TEREZINHA,91
421568 SANTA TEREZINHA DO PROGRESSO,33
421569 SANTIAGO DO SUL,20
421570 SANTO AMARO DA IMPERATRIZ,352
421575 SAO BERNARDINO,40
421580 SAO BENTO DO SUL,1025
421590 SAO BONIFACIO,24
421600 SAO CARLOS,103
421605 SAO CRISTOVAO DO SUL,59
421610 SAO DOMINGOS,107
421620 SAO FRANCISCO DO SUL,623
421625 SAO JOAO DO OESTE,71
421630 SAO JOAO BATISTA,509
421635 SAO JOAO DO ITAPERIU,76
421640 SAO JOAO DO SUL,114
421650 SAO JOAQUIM,397
421660 SAO JOSE,3140
421670 SAO JOSE DO CEDRO,159
421680 SAO JOSE DO CERRITO,98
421690 SAO LOURENCO DO OESTE,359
421700 SAO LUDGERO,211
421710 SAO MARTINHO,52
421715 SAO MIGUEL DA BOA VISTA,27
421720 SAO MIGUEL DO OESTE,541
421725 SAO PEDRO DE ALCANTARA,30
421730 SAUDADES,119
421740 SCHROEDER,260
421750 SEARA,270
421755 SERRA ALTA,39
421760 SIDEROPOLIS,128
421770 SOMBRIO,370
421775 SUL BRASIL,31
421780 TAIO,272
421790 TANGARA,81
421795 TIGRINHOS,25
421800 TIJUCAS,778
421810 TIMBE DO SUL,76
421820 TIMBO,499
421825 TIMBO GRANDE,104
421830 TRES BARRAS,327
421835 TREVISO,19
421840 TREZE DE MAIO,102
421850 TREZE TILIAS,117
421860 TROMBUDO CENTRAL,97
421870 TUBARAO,1443
421875 TUNAPOLIS,56
421880 TURVO,159
421885 UNIAO DO OESTE,29
421890 URUBICI,113
421895 URUPEMA,46
421900 URUSSANGA,231
421910 VARGEAO,45
421915 VARGEM,27
421917 VARGEM BONITA,63
421920 VIDAL RAMOS,73
421930 VIDEIRA,830
421935 VITOR MEIRELES,72
421940 WITMARSUM,52
421950 XANXERE,738
421960 XAVANTINA,27
421970 XAXIM,448
421985 ZORTEA,53
422000 BALNEARIO RINCAO,202
430003 ACEGUA,50
430005 AGUA SANTA,49
430010 AGUDO,148
430020 AJURICABA,58
430030 ALECRIM,58
430040 ALEGRETE,745
430045 ALEGRIA,39
430047 ALMIRANTE TAMANDARE DO SUL,22
430050 ALPESTRE,59
430055 ALTO ALEGRE,16
430057 ALTO FELIZ,20
430060 ALVORADA,2236
430063 AMARAL FERRADOR,26
430064 AMETISTA DO SUL,110
430066 ANDRE DA ROCHA,15
430070 ANTA GORDA,57
430080 ANTONIO PRADO,144
430085 ARAMBARE,37
430087 ARARICA,86
430090 ARATIBA,56
430100 ARROIO DO MEIO,263
430105 ARROIO DO SAL,125
430107 ARROIO DO PADRE,26
430110 ARROIO DOS RATOS,127
430120 ARROIO DO TIGRE,136
430130 ARROIO GRANDE,201
430140 ARVOREZINHA,99
430150 AUGUSTO PESTANA,84
430155 AUREA,33
430160 BAGE,1330
430163 BALNEARIO PINHAL,143
430165 BARAO,61
430170 BARAO DE COTEGIPE,63
430175 BARAO DO TRIUNFO,51
430180 BARRACAO,38
430185 BARRA DO GUARITA,40
430187 BARRA DO QUARAI,42
430190 BARRA DO RIBEIRO,131
430192 BARRA DO RIO AZUL,7
430195 BARRA FUNDA,28
430200 BARROS CASSAL,82
430205 BENJAMIN CONSTANT DO SUL,43
430210 BENTO GONCALVES,1452
430215 BOA VISTA DAS MISSOES,25
430220 BOA VISTA DO BURICA,103
430222 BOA VISTA DO CADEADO,21
430223 BOA VISTA DO INCRA,41
430225 BOA VISTA DO SUL,17
430230 BOM JESUS,184
430235 BOM PRINCIPIO,152
430237 BOM PROGRESSO,28
430240 BOM RETIRO DO SUL,156
430245 BOQUEIRAO DO LEAO,62
430250 BOSSOROCA,62
430258 BOZANO,19
430260 BRAGA,41
430265 BROCHIER,44
430270 BUTIA,196
430280 CACAPAVA DO SUL,283
430290 CACEQUI,97
430300 CACHOEIRA DO SUL,866
430310 CACHOEIRINHA,1511
430320 CACIQUE DOBLE,45
430330 CAIBATE,42
430340 CAICARA,41
430350 CAMAQUA,750
430355 CAMARGO,29
430360 CAMBARA DO SUL,80
430367 CAMPESTRE DA SERRA,22
430370 CAMPINA DAS MISSOES,48
430380 CAMPINAS DO SUL,53
430390 CAMPO BOM,707
430400 CAMPO NOVO,73
430410 CAMPOS BORGES,24
430420 CANDELARIA,296
430430 CANDIDO GODOI,57
430435 CANDIOTA,133
430440 CANELA,639
430450 CANGUCU,528
430460 CANOAS,4023
430461 CANUDOS DO VALE,6
430462 CAPAO BONITO DO SUL,20
430463 CAPAO DA CANOA,908
430465 CAPAO DO CIPO,43
430466 CAPAO DO LEAO,295
430467 CAPIVARI DO SUL,48
430468 CAPELA DE SANTANA,146
430469 CAPITAO,39
430470 CARAZINHO,800
430471 CARAA,60
430480 CARLOS BARBOSA,323
430485 CARLOS GOMES,9
430490 CASCA,101
430495 CASEIROS,40
430500 CATUIPE,74
430510 CAXIAS DO SUL,5282
430511 CENTENARIO,20
430512 CERRITO,48
430513 CERRO BRANCO,14
430515 CERRO GRANDE,39
430517 CERRO GRANDE DO SUL,95
430520 CERRO LARGO,138
430530 CHAPADA,101
430535 CHARQUEADAS,301
430537 CHARRUA,32
430540 CHIAPETTA,45
430543 CHUI,22
430544 CHUVISCA,52
430545 CIDREIRA,166
430550 CIRIACO,48
430558 COLINAS,17
430560 COLORADO,23
430570 CONDOR,72
430580 CONSTANTINA,145
430583 COQUEIRO BAIXO,8
430585 COQUEIROS DO SUL,20
430587 CORONEL BARROS,19
430590 CORONEL BICACO,79
430593 CORONEL PILAR,10
430595 COTIPORA,30
430597 COXILHA,30
430600 CRISSIUMAL,138
430605 CRISTAL,79
430607 CRISTAL DO SUL,35
430610 CRUZ ALTA,697
430613 CRUZALTENSE,12
430620 CRUZEIRO DO SUL,107
430630 DAVID CANABARRO,45
430632 DERRUBADAS,30
430635 DEZESSEIS DE NOVEMBRO,25
430637 DILERMANDO DE AGUIAR,24
430640 DOIS IRMAOS,356
430642 DOIS IRMAOS DAS MISSOES,21
430645 DOIS LAJEADOS,31
430650 DOM FELICIANO,129
430655 DOM PEDRO DE ALCANTARA,28
430660 DOM PEDRITO,367
430670 DONA FRANCISCA,21
430673 DOUTOR MAURICIO CARDOSO,32
430675 DOUTOR RICARDO,18
430676 ELDORADO DO SUL,458
430680 ENCANTADO,243
430690 ENCRUZILHADA DO SUL,282
430692 ENGENHO VELHO,25
430693 ENTRE-IJUIS,98
430695 ENTRE RIOS DO SUL,25
430697 EREBANGO,52
430700 ERECHIM,1279
430705 ERNESTINA,33
430710 HERVAL,51
430720 ERVAL GRANDE,56
430730 ERVAL SECO,78
430740 ESMERALDA,36
430745 ESPERANCA DO SUL,26
430750 ESPUMOSO,176
430755 ESTACAO,53
430760 ESTANCIA VELHA,465
430770 ESTEIO,884
430780 ESTRELA,380
430781 ESTRELA VELHA,45
430783 EUGENIO DE CASTRO,18
430786 FAGUNDES VARELA,16
430790 FARROUPILHA,826
430800 FAXINAL DO SOTURNO,71
430805 FAXINALZINHO,28
430807 FAZENDA VILANOVA,50
430810 FELIZ,155
430820 FLORES DA CUNHA,386
430825 FLORIANO PEIXOTO,9
430830 FONTOURA XAVIER,98
430840 FORMIGUEIRO,55
430843 FORQUETINHA,23
430845 FORTALEZA DOS VALOS,47
430850 FREDERICO WESTPHALEN,439
430860 GARIBALDI,396
430865 GARRUCHOS,24
430870 GAURAMA,60
430880 GENERAL CAMARA,66
430885 GENTIL,22
430890 GETULIO VARGAS,154
430900 GIRUA,156
430905 GLORINHA,75
430910 GRAMADO,525
430912 GRAMADO DOS LOUREIROS,37
430915 GRAMADO XAVIER,29
430920 GRAVATAI,2870
430925 GUABIJU,4
430930 GUAIBA,922
430940 GUAPORE,277
430950 GUARANI DAS MISSOES,58
430955 HARMONIA,61
430957 HERVEIRAS,25
430960 HORIZONTINA,207
430965 HULHA NEGRA,89
430970 HUMAITA,44
430975 IBARAMA,31
430980 IBIACA,37
430990 IBIRAIARAS,73
430995 IBIRAPUITA,38
431000 IBIRUBA,249
431010 IGREJINHA,484
431020 IJUI,970
431030 ILOPOLIS,44
431033 IMBE,255
431036 IMIGRANTE,31
431040 INDEPENDENCIA,66
431041 INHACORA,26
431043 IPE,68
431046 IPIRANGA DO SUL,15
431050 IRAI,83
431053 ITAARA,54
431055 ITACURUBI,26
431057 ITAPUCA,27
431060 ITAQUI,422
431065 ITATI,25
431070 ITATIBA DO SUL,34
431075 IVORA,12
431080 IVOTI,228
431085 JABOTICABA,43
431087 JACUIZINHO,23
431090 JACUTINGA,39
431100 JAGUARAO,284
431110 JAGUARI,80
431112 JAQUIRANA,42
431113 JARI,27
431115 JOIA,79
431120 JULIO DE CASTILHOS,169
431123 LAGOA BONITA DO SUL,11
431125 LAGOAO,58
431127 LAGOA DOS TRES CANTOS,13
431130 LAGOA VERMELHA,334
431140 LAJEADO,1206
431142 LAJEADO DO BUGRE,41
431150 LAVRAS DO SUL,75
431160 LIBERATO SALZANO,55
431162 LINDOLFO COLLOR,84
431164 LINHA NOVA,12
431170 MACHADINHO,68
431171 MACAMBARA,59
431173 MAMPITUBA,25
431175 MANOEL VIANA,73
431177 MAQUINE,65
431179 MARATA,19
431180 MARAU,554
431190 MARCELINO RAMOS,46
431198 MARIANA PIMENTEL,36
431200 MARIANO MORO,14
431205 MARQUES DE SOUZA,29
431210 MATA,38
431213 MATO CASTELHANO,30
431215 MATO LEITAO,38
431217 MATO QUEIMADO,15
431220 MAXIMILIANO DE ALMEIDA,45
431225 MINAS DO LEAO,83
431230 MIRAGUAI,72
431235 MONTAURI,13
431237 MONTE ALEGRE DOS CAMPOS,39
431238 MONTE BELO DO SUL,23
431240 MONTENEGRO,849
431242 MORMACO,26
431244 MORRINHOS DO SUL,34
431245 MORRO REDONDO,41
431247 MORRO REUTER,80
431250 MOSTARDAS,128
431260 MUCUM,34
431261 MUITOS CAPOES,26
431262 MULITERNO,27
431265 NAO-ME-TOQUE,207
431267 NICOLAU VERGUEIRO,19
431270 NONOAI,194
431275 NOVA ALVORADA,36
431280 NOVA ARACA,100
431290 NOVA BASSANO,79
431295 NOVA BOA VISTA,18
431300 NOVA BRESCIA,20
431301 NOVA CANDELARIA,34
431303 NOVA ESPERANCA DO SUL,50
431306 NOVA HARTZ,257
431308 NOVA PADUA,19
431310 NOVA PALMA,48
431320 NOVA PETROPOLIS,245
431330 NOVA PRATA,292
431333 NOVA RAMADA,19
431335 NOVA ROMA DO SUL,35
431337 NOVA SANTA RITA,382
431339 NOVO CABRAIS,25
431340 NOVO HAMBURGO,2730
431342 NOVO MACHADO,27
431344 NOVO TIRADENTES,18
431346 NOVO XINGU,26
431349 NOVO BARREIRO,41
431350 OSORIO,551
431360 PAIM FILHO,37
431365 PALMARES DO SUL,121
431370 PALMEIRA DAS MISSOES,424
431380 PALMITINHO,89
431390 PANAMBI,496
431395 PANTANO GRANDE,121
431400 PARAI,77
431402 PARAISO DO SUL,52
431403 PARECI NOVO,53
431405 PAROBE,755
431406 PASSA SETE,40
431407 PASSO DO SOBRADO,61
431410 PASSO FUNDO,2662
431413 PAULO BENTO,17
431415 PAVERAMA,80
431417 PEDRAS ALTAS,30
431420 PEDRO OSORIO,69
431430 PEJUCARA,39
431440 PELOTAS,3413
431442 PICADA CAFE,43
431445 PINHAL,47
431446 PINHAL DA SERRA,20
431447 PINHAL GRANDE,22
431449 PINHEIRINHO DO VALE,50
431450 PINHEIRO MACHADO,102
431454 PINTO BANDEIRA,28
431455 PIRAPO,12
431460 PIRATINI,135
431470 PLANALTO,147
431475 POCO DAS ANTAS,22
431477 PONTAO,34
431478 PONTE PRETA,9
431480 PORTAO,415
431490 PORTO ALEGRE,13679
431500 PORTO LUCENA,27
431505 PORTO MAUA,14
431507 PORTO VERA CRUZ,18
431510 PORTO XAVIER,104
431513 POUSO NOVO,15
431514 PRESIDENTE LUCENA,46
431515 PROGRESSO,50
431517 PROTASIO ALVES,12
431520 PUTINGA,36
431530 QUARAI,253
431531 QUATRO IRMAOS,21
431532 QUEVEDOS,24
431535 QUINZE DE NOVEMBRO,42
431540 REDENTORA,189
431545 RELVADO,14
431550 RESTINGA SECA,142
431555 RIO DOS INDIOS,20
431560 RIO GRANDE,2078
431570 RIO PARDO,340
431575 RIOZINHO,46
431580 ROCA SALES,100
431590 RODEIO BONITO,94
431595 ROLADOR,19
431600 ROLANTE,265
431610 RONDA ALTA,101
431620 RONDINHA,30
431630 ROQUE GONZALES,67
431640 ROSARIO DO SUL,415
431642 SAGRADA FAMILIA,24
431643 SALDANHA MARINHO,19
431645 SALTO DO JACUI,113
431647 SALVADOR DAS MISSOES,38
431650 SALVADOR DO SUL,77
431660 SANANDUVA,172
431670 SANTA BARBARA DO SUL,88
431673 SANTA CECILIA DO SUL,28
431675 SANTA CLARA DO SUL,58
431680 SANTA CRUZ DO SUL,1456
431690 SANTA MARIA,2993
431695 SANTA MARIA DO HERVAL,49
431697 SANTA MARGARIDA DO SUL,9
431700 SANTANA DA BOA VISTA,46
431710 SANT'ANA DO LIVRAMENTO,893
431720 SANTA ROSA,985
431725 SANTA TEREZA,8
431730 SANTA VITORIA DO PALMAR,290
431740 SANTIAGO,532
431750 SANTO ANGELO,935
431755 SANTO ANTONIO DO PALMA,14
431760 SANTO ANTONIO DA PATRULHA,402
431770 SANTO ANTONIO DAS MISSOES,87
431775 SANTO ANTONIO DO PLANALTO,22
431780 SANTO AUGUSTO,172
431790 SANTO CRISTO,154
431795 SANTO EXPEDITO DO SUL,20
431800 SAO BORJA,662
431805 SAO DOMINGOS DO SUL,16
431810 SAO FRANCISCO DE ASSIS,140
431820 SAO FRANCISCO DE PAULA,261
431830 SAO GABRIEL,698
431840 SAO JERONIMO,236
431842 SAO JOAO DA URTIGA,42
431843 SAO JOAO DO POLESINE,26
431844 SAO JORGE,31
431845 SAO JOSE DAS MISSOES,24
431846 SAO JOSE DO HERVAL,23
431848 SAO JOSE DO HORTENCIO,29
431849 SAO JOSE DO INHACORA,23
431850 SAO JOSE DO NORTE,268
431860 SAO JOSE DO OURO,73
431861 SAO JOSE DO SUL,28
431862 SAO JOSE DOS AUSENTES,75
431870 SAO LEOPOLDO,2500
431880 SAO LOURENCO DO SUL,367
431890 SAO LUIZ GONZAGA,459
431900 SAO MARCOS,198
431910 SAO MARTINHO,51
431912 SAO MARTINHO DA SERRA,30
431915 SAO MIGUEL DAS MISSOES,84
431920 SAO NICOLAU,46
431930 SAO PAULO DAS MISSOES,62
431935 SAO PEDRO DA SERRA,40
431936 SAO PEDRO DAS MISSOES,29
431937 SAO PEDRO DO BUTIA,26
431940 SAO PEDRO DO SUL,172
431950 SAO SEBASTIAO DO CAI,275
431960 SAO SEPE,228
431970 SAO VALENTIM,32
431971 SAO VALENTIM DO SUL,17
431973 SAO VALERIO DO SUL,37
431975 SAO VENDELINO,19
431980 SAO VICENTE DO SUL,89
431990 SAPIRANGA,1070
432000 SAPUCAIA DO SUL,1433
432010 SARANDI,274
432020 SEBERI,192
432023 SEDE NOVA,27
432026 SEGREDO,66
432030 SELBACH,40
432032 SENADOR SALGADO FILHO,26
432035 SENTINELA DO SUL,46
432040 SERAFINA CORREA,182
432045 SERIO,16
432050 SERTAO,56
432055 SERTAO SANTANA,64
432057 SETE DE SETEMBRO,19
432060 SEVERIANO DE ALMEIDA,41
432065 SILVEIRA MARTINS,16
432067 SINIMBU,68
432070 SOBRADINHO,156
432080 SOLEDADE,393
432085 TABAI,61
432090 TAPEJARA,389
432100 TAPERA,112
432110 TAPES,149
432120 TAQUARA,625
432130 TAQUARI,278
432132 TAQUARUCU DO SUL,43
432135 TAVARES,41
432140 TENENTE PORTELA,217
432143 TERRA DE AREIA,123
432145 TEUTONIA,395
432146 TIO HUGO,38
432147 TIRADENTES DO SUL,41
432149 TOROPI,20
432150 TORRES,518
432160 TRAMANDAI,747
432162 TRAVESSEIRO,12
432163 TRES ARROIOS,19
432166 TRES CACHOEIRAS,137
432170 TRES COROAS,248
432180 TRES DE MAIO,287
432183 TRES FORQUILHAS,34
432185 TRES PALMEIRAS,62
432190 TRES PASSOS,320
432195 TRINDADE DO SUL,99
432200 TRIUNFO,290
432210 TUCUNDUVA,45
432215 TUNAS,38
432218 TUPANCI DO SUL,6
432220 TUPANCIRETA,228
432225 TUPANDI,73
432230 TUPARENDI,61
432232 TURUCU,28
432234 UBIRETAMA,18
432235 UNIAO DA SERRA,7
432237 UNISTALDA,18
432240 URUGUAIANA,1469
432250 VACARIA,882
432252 VALE VERDE,26
432253 VALE DO SOL,77
432254 VALE REAL,75
432255 VANINI,12
432260 VENANCIO AIRES,761
432270 VERA CRUZ,280
432280 VERANOPOLIS,245
432285 VESPASIANO CORREA,20
432290 VIADUTOS,34
432300 VIAMAO,2166
432310 VICENTE DUTRA,43
432320 VICTOR GRAEFF,29
432330 VILA FLORES,47
432335 VILA LANGARO,21
432340 VILA MARIA,47
432345 VILA NOVA DO SUL,30
432350 VISTA ALEGRE,27
432360 VISTA ALEGRE DO PRATA,13
432370 VISTA GAUCHA,30
432375 VITORIA DAS MISSOES,33
432377 WESTFALIA,36
432380 XANGRI-LA,206
500020 AGUA CLARA,290
500025 ALCINOPOLIS,48
500060 AMAMBAI,668
500070 ANASTACIO,383
500080 ANAURILANDIA,74
500085 ANGELICA,139
500090 ANTONIO JOAO,149
500100 APARECIDA DO TABOADO,387
500110 AQUIDAUANA,694
500124 ARAL MOREIRA,168
500150 BANDEIRANTES,97
500190 BATAGUASSU,332
500200 BATAYPORA,131
500210 BELA VISTA,430
500215 BODOQUENA,117
500220 BONITO,351
500230 BRASILANDIA,140
500240 CAARAPO,484
500260 CAMAPUA,162
500270 CAMPO GRANDE,12345
500280 CARACOL,66
500290 CASSILANDIA,240
500295 CHAPADAO DO SUL,517
500310 CORGUINHO,28
500315 CORONEL SAPUCAIA,345
500320 CORUMBA,1781
500325 COSTA RICA,416
500330 COXIM,468
500345 DEODAPOLIS,153
500348 DOIS IRMAOS DO BURITI,158
500350 DOURADINA,70
500370 DOURADOS,3777
500375 ELDORADO,192
500380 FATIMA DO SUL,235
500390 FIGUEIRAO,35
500400 GLORIA DE DOURADOS,93
500410 GUIA LOPES DA LAGUNA,140
500430 IGUATEMI,222
500440 INOCENCIA,98
500450 ITAPORA,213
500460 ITAQUIRAI,276
500470 IVINHEMA,395
500480 JAPORA,149
500490 JARAGUARI,54
500500 JARDIM,405
500510 JATEI,56
500515 JUTI,98
500520 LADARIO,352
500525 LAGUNA CARAPA,105
500540 MARACAJU,760
500560 MIRANDA,481
500568 MUNDO NOVO,262
500570 NAVIRAI,749
500580 NIOAQUE,159
500600 NOVA ALVORADA DO SUL,322
500620 NOVA ANDRADINA,619
500625 NOVO HORIZONTE DO SUL,63
500627 PARAISO DAS AGUAS,60
500630 PARANAIBA,484
500635 PARANHOS,323
500640 PEDRO GOMES,86
500660 PONTA PORA,1695
500690 PORTO MURTINHO,209
500710 RIBAS DO RIO PARDO,354
500720 RIO BRILHANTE,542
500730 RIO NEGRO,60
500740 RIO VERDE DE MATO GROSSO,289
500750 ROCHEDO,69
500755 SANTA RITA DO PARDO,68
500769 SAO GABRIEL DO OESTE,514
500770 SETE QUEDAS,141
500780 SELVIRIA,76
500790 SIDROLANDIA,704
500793 SONORA,205
500795 TACURU,176
500797 TAQUARUSSU,43
500800 TERENOS,194
500830 TRES LAGOAS,1975
500840 VICENTINA,77
 MUNICIPIO IGNORADO - MT,2
510010 ACORIZAL,58
510020 AGUA BOA,453
510025 ALTA FLORESTA,947
510030 ALTO ARAGUAIA,191
510035 ALTO BOA VISTA,90
510040 ALTO GARCAS,168
510050 ALTO PARAGUAI,92
510060 ALTO TAQUARI,164
510080 APIACAS,156
510100 ARAGUAIANA,40
510120 ARAGUAINHA,8
510125 ARAPUTANGA,207
510130 ARENAPOLIS,168
510140 ARIPUANA,407
510160 BARAO DE MELGACO,46
510170 BARRA DO BUGRES,425
510180 BARRA DO GARCAS,1061
510185 BOM JESUS DO ARAGUAIA,101
510190 BRASNORTE,329
510250 CACERES,1403
510260 CAMPINAPOLIS,433
510263 CAMPO NOVO DO PARECIS,812
510267 CAMPO VERDE,783
510268 CAMPOS DE JULIO,154
510269 CANABRAVA DO NORTE,92
510270 CANARANA,467
510279 CARLINDA,138
510285 CASTANHEIRA,91
510300 CHAPADA DOS GUIMARAES,244
510305 CLAUDIA,148
510310 COCALINHO,66
510320 COLIDER,520
510325 COLNIZA,426
510330 COMODORO,337
510335 CONFRESA,729
510336 CONQUISTA D'OESTE,61
510337 COTRIGUACU,171
510340 CUIABA,9535
510343 CURVELANDIA,57
510345 DENISE,84
510350 DIAMANTINO,367
510360 DOM AQUINO,73
510370 FELIZ NATAL,190
510380 FIGUEIROPOLIS D'OESTE,22
510385 GAUCHA DO NORTE,182
510390 GENERAL CARNEIRO,156
510395 GLORIA D'OESTE,23
510410 GUARANTA DO NORTE,560
510420 GUIRATINGA,88
510450 INDIAVAI,36
510452 IPIRANGA DO NORTE,131
510454 ITANHANGA,123
510455 ITAUBA,81
510460 ITIQUIRA,148
510480 JACIARA,411
510490 JANGADA,96
510500 JAURU,109
510510 JUARA,638
510515 JUINA,715
510517 JURUENA,186
510520 JUSCIMEIRA,114
510523 LAMBARI D'OESTE,63
510525 LUCAS DO RIO VERDE,1549
510530 LUCIARA,36
510550 VILA BELA DA SANTISSIMA TRINDADE,309
510558 MARCELANDIA,244
510560 MATUPA,362
510562 MIRASSOL D'OESTE,426
510590 NOBRES,266
510600 NORTELANDIA,91
510610 NOSSA SENHORA DO LIVRAMENTO,114
510615 NOVA BANDEIRANTES,221
510617 NOVA NAZARE,111
510618 NOVA LACERDA,107
510619 NOVA SANTA HELENA,71
510620 NOVA BRASILANDIA,40
510621 NOVA CANAA DO NORTE,165
510622 NOVA MUTUM,1049
510623 NOVA OLIMPIA,221
510624 NOVA UBIRATA,232
510625 NOVA XAVANTINA,328
510626 NOVO MUNDO,118
510627 NOVO HORIZONTE DO NORTE,47
510628 NOVO SAO JOAQUIM,112
510629 PARANAITA,179
510630 PARANATINGA,422
510631 NOVO SANTO ANTONIO,31
510637 PEDRA PRETA,226
510642 PEIXOTO DE AZEVEDO,639
510645 PLANALTO DA SERRA,46
510650 POCONE,484
510665 PONTAL DO ARAGUAIA,82
510670 PONTE BRANCA,16
510675 PONTES E LACERDA,853
510677 PORTO ALEGRE DO NORTE,196
510680 PORTO DOS GAUCHOS,89
510682 PORTO ESPERIDIAO,169
510685 PORTO ESTRELA,33
510700 POXOREO,222
510704 PRIMAVERA DO LESTE,1514
510706 QUERENCIA,552
510710 SAO JOSE DOS QUATRO MARCOS,203
510715 RESERVA DO CABACAL,22
510718 RIBEIRAO CASCALHEIRA,162
510719 RIBEIRAOZINHO,16
510720 RIO BRANCO,63
510724 SANTA CARMEM,97
510726 SANTO AFONSO,30
510729 SAO JOSE DO POVO,17
510730 SAO JOSE DO RIO CLARO,231
510735 SAO JOSE DO XINGU,126
510740 SAO PEDRO DA CIPA,51
510757 RONDOLANDIA,38
510760 RONDONOPOLIS,3758
510770 ROSARIO OESTE,178
510774 SANTA CRUZ DO XINGU,37
510775 SALTO DO CEU,60
510776 SANTA RITA DO TRIVELATO,50
510777 SANTA TEREZINHA,102
510779 SANTO ANTONIO DO LESTE,72
510780 SANTO ANTONIO DO LEVERGER,232
510785 SAO FELIX DO ARAGUAIA,138
510787 SAPEZAL,612
510788 SERRA NOVA DOURADA,28
510790 SINOP,3545
510792 SORRISO,2090
510794 TABAPORA,185
510795 TANGARA DA SERRA,1729
510800 TAPURAH,251
510805 TERRA NOVA DO NORTE,170
510810 TESOURO,50
510820 TORIXOREU,35
510830 UNIAO DO SUL,73
510835 VALE DE SAO DOMINGOS,39
510840 VARZEA GRANDE,4565
510850 VERA,146
510860 VILA RICA,290
510880 NOVA GUARITA,68
510885 NOVA MARILANDIA,50
510890 NOVA MARINGA,86
510895 NOVA MONTE VERDE,126
 MUNICIPIO IGNORADO - GO,5
520005 ABADIA DE GOIAS,262
520010 ABADIANIA,212
520013 ACREUNA,237
520015 ADELANDIA,29
520017 AGUA FRIA DE GOIAS,52
520020 AGUA LIMPA,16
520025 AGUAS LINDAS DE GOIAS,3126
520030 ALEXANIA,401
520050 ALOANDIA,18
520055 ALTO HORIZONTE,101
520060 ALTO PARAISO DE GOIAS,157
520080 ALVORADA DO NORTE,104
520082 AMARALINA,19
520085 AMERICANO DO BRASIL,86
520090 AMORINOPOLIS,25
520110 ANAPOLIS,5720
520120 ANHANGUERA,9
520130 ANICUNS,220
520140 APARECIDA DE GOIANIA,6819
520145 APARECIDA DO RIO DOCE,30
520150 APORE,71
520160 ARACU,36
520170 ARAGARCAS,197
520180 ARAGOIANIA,134
520215 ARAGUAPAZ,45
520235 ARENOPOLIS,39
520250 ARUANA,99
520260 AURILANDIA,27
520280 AVELINOPOLIS,35
520310 BALIZA,31
520320 BARRO ALTO,157
520330 BELA VISTA DE GOIAS,429
520340 BOM JARDIM DE GOIAS,94
520350 BOM JESUS DE GOIAS,304
520355 BONFINOPOLIS,110
520357 BONOPOLIS,46
520360 BRAZABRANTES,47
520380 BRITANIA,81
520390 BURITI ALEGRE,111
520393 BURITI DE GOIAS,26
520396 BURITINOPOLIS,37
520400 CABECEIRAS,101
520410 CACHOEIRA ALTA,108
520420 CACHOEIRA DE GOIAS,14
520425 CACHOEIRA DOURADA,41
520430 CACU,140
520440 CAIAPONIA,175
520450 CALDAS NOVAS,1234
520455 CALDAZINHA,32
520460 CAMPESTRE DE GOIAS,48
520465 CAMPINACU,34
520470 CAMPINORTE,152
520480 CAMPO ALEGRE DE GOIAS,82
520485 CAMPO LIMPO DE GOIAS,125
520490 CAMPOS BELOS,279
520495 CAMPOS VERDES,41
520500 CARMO DO RIO VERDE,85
520505 CASTELANDIA,30
520510 CATALAO,1396
520520 CATURAI,54
520530 CAVALCANTE,146
520540 CERES,238
520545 CEZARINA,98
520547 CHAPADAO DO CEU,230
520549 CIDADE OCIDENTAL,1182
520551 COCALZINHO DE GOIAS,222
520552 COLINAS DO SUL,35
520570 CORREGO DO OURO,19
520580 CORUMBA DE GOIAS,92
520590 CORUMBAIBA,106
520620 CRISTALINA,970
520630 CRISTIANOPOLIS,35
520640 CRIXAS,206
520650 CROMINIA,28
520660 CUMARI,22
520670 DAMIANOPOLIS,50
520680 DAMOLANDIA,30
520690 DAVINOPOLIS,21
520710 DIORAMA,20
520725 DOVERLANDIA,78
520735 EDEALINA,29
520740 EDEIA,144
520750 ESTRELA DO NORTE,35
520753 FAINA,54
520760 FAZENDA NOVA,59
520780 FIRMINOPOLIS,99
520790 FLORES DE GOIAS,97
520800 FORMOSA,1612
520810 FORMOSO,53
520815 GAMELEIRA DE GOIAS,25
520830 DIVINOPOLIS DE GOIAS,72
520840 GOIANAPOLIS,176
520850 GOIANDIRA,47
520860 GOIANESIA,995
520870 GOIANIA,18685
520880 GOIANIRA,907
520890 GOIAS,230
520910 GOIATUBA,399
520915 GOUVELANDIA,53
520920 GUAPO,223
520929 GUARAITA,16
520940 GUARANI DE GOIAS,41
520945 GUARINOS,25
520960 HEITORAI,21
520970 HIDROLANDIA,344
520980 HIDROLINA,33
520990 IACIARA,189
520993 INACIOLANDIA,59
520995 INDIARA,183
521000 INHUMAS,568
521010 IPAMERI,254
521015 IPIRANGA DE GOIAS,20
521020 IPORA,446
521030 ISRAELANDIA,15
521040 ITABERAI,533
521056 ITAGUARI,38
521060 ITAGUARU,35
521080 ITAJA,53
521090 ITAPACI,255
521100 ITAPIRAPUA,69
521120 ITAPURANGA,320
521130 ITARUMA,81
521140 ITAUCU,78
521150 ITUMBIARA,1173
521160 IVOLANDIA,24
521170 JANDAIA,50
521180 JARAGUA,550
521190 JATAI,1426
521200 JAUPACI,32
521205 JESUPOLIS,21
521210 JOVIANIA,101
521220 JUSSARA,237
521225 LAGOA SANTA,17
521230 LEOPOLDO DE BULHOES,91
521250 LUZIANIA,2915
521260 MAIRIPOTABA,19
521270 MAMBAI,145
521280 MARA ROSA,120
521290 MARZAGAO,41
521295 MATRINCHA,40
521300 MAURILANDIA,130
521305 MIMOSO DE GOIAS,16
521308 MINACU,344
521310 MINEIROS,1050
521340 MOIPORA,21
521350 MONTE ALEGRE DE GOIAS,115
521370 MONTES CLAROS DE GOIAS,89
521375 MONTIVIDIU,161
521377 MONTIVIDIU DO NORTE,43
521380 MORRINHOS,620
521385 MORRO AGUDO DE GOIAS,26
521390 MOSSAMEDES,32
521400 MOZARLANDIA,265
521405 MUNDO NOVO,87
521410 MUTUNOPOLIS,52
521440 NAZARIO,85
521450 NEROPOLIS,442
521460 NIQUELANDIA,378
521470 NOVA AMERICA,15
521480 NOVA AURORA,22
521483 NOVA CRIXAS,177
521486 NOVA GLORIA,85
521487 NOVA IGUACU DE GOIAS,38
521490 NOVA ROMA,29
521500 NOVA VENEZA,117
521520 NOVO BRASIL,36
521523 NOVO GAMA,1296
521525 NOVO PLANALTO,40
521530 ORIZONA,198
521540 OURO VERDE DE GOIAS,42
521550 OUVIDOR,89
521560 PADRE BERNARDO,435
521565 PALESTINA DE GOIAS,40
521570 PALMEIRAS DE GOIAS,455
521580 PALMELO,18
521590 PALMINOPOLIS,41
521600 PANAMA,16
521630 PARANAIGUARA,89
521640 PARAUNA,154
521645 PEROLANDIA,37
521680 PETROLINA DE GOIAS,80
521690 PILAR DE GOIAS,26
521710 PIRACANJUBA,236
521720 PIRANHAS,107
521730 PIRENOPOLIS,299
521740 PIRES DO RIO,403
521760 PLANALTINA,1508
521770 PONTALINA,196
521800 PORANGATU,514
521805 PORTEIRAO,43
521810 PORTELANDIA,44
521830 POSSE,493
521839 PROFESSOR JAMIL,33
521850 QUIRINOPOLIS,621
521860 RIALMA,150
521870 RIANAPOLIS,51
521878 RIO QUENTE,45
521880 RIO VERDE,3244
521890 RUBIATABA,245
521900 SANCLERLANDIA,89
521910 SANTA BARBARA DE GOIAS,58
521920 SANTA CRUZ DE GOIAS,13
521925 SANTA FE DE GOIAS,72
521930 SANTA HELENA DE GOIAS,482
521935 SANTA ISABEL,40
521940 SANTA RITA DO ARAGUAIA,71
521945 SANTA RITA DO NOVO DESTINO,20
521950 SANTA ROSA DE GOIAS,42
521960 SANTA TEREZA DE GOIAS,41
521970 SANTA TEREZINHA DE GOIAS,99
521971 SANTO ANTONIO DA BARRA,36
521973 SANTO ANTONIO DE GOIAS,70
521975 SANTO ANTONIO DO DESCOBERTO,884
521980 SAO DOMINGOS,109
521990 SAO FRANCISCO DE GOIAS,64
522000 SAO JOAO D'ALIANCA,143
522005 SAO JOAO DA PARAUNA,14
522010 SAO LUIS DE MONTES BELOS,408
522015 SAO LUIZ DO NORTE,65
522020 SAO MIGUEL DO ARAGUAIA,294
522026 SAO MIGUEL DO PASSA QUATRO,50
522028 SAO PATRICIO,21
522040 SAO SIMAO,185
522045 SENADOR CANEDO,2077
522050 SERRANOPOLIS,99
522060 SILVANIA,258
522068 SIMOLANDIA,74
522070 SITIO D'ABADIA,35
522100 TAQUARAL DE GOIAS,32
522108 TERESINA DE GOIAS,42
522119 TEREZOPOLIS DE GOIAS,100
522130 TRES RANCHOS,23
522140 TRINDADE,1782
522145 TROMBAS,38
522150 TURVANIA,45
522155 TURVELANDIA,55
522157 UIRAPURU,35
522160 URUACU,531
522170 URUANA,121
522180 URUTAI,32
522185 VALPARAISO DE GOIAS,2320
522190 VARJAO,34
522200 VIANOPOLIS,170
522205 VICENTINOPOLIS,121
522220 VILA BOA,40
522230 VILA PROPICIO,73
530010 BRASILIA,35928
Total,2561922
Fonte: MS/SVSA/CGIAE - Sistema de Informações sobre Nascidos Vivos - SINASC,
Notas:,
,
Dados finais disponíveis até 2024 e atualizados em 02/12/2025.,
"Em 2011, houve uma mudança no conteúdo da Declaração de Nascidos Vivos, com maior detalhamento das informações coletadas. Para este ano, foram",
"utilizados simultaneamente os dois formulários. Para mais detalhes sobre as mudanças ocorridas e os seus efeitos, veja o documento",
Consolidação do Sistema de Informações sobre Nascidos Vivos - 2011.,
,
"* A categorização da ""Adequação quantitativa de pré-natal"" mostrada na variável ""Adeq quant pré-natal"" considera o início do",
"pré-natal no primeiro trimestre e um mínimo de seis consultas de pré-natal , sendo gravada em campo chamado Kotelchuck no",
"arquivo disponível para download, calculado a partir dos campos 33  Número de consultas pré-natal (Mesprenat) e 34  Mês de gestação em que iniciou o pré-natal (Consprenat).",
"Maiores informações no documento ""Saúde Brasil 2017: uma análise da situação de saúde e os desafios para o alcance dos Objetivos de Desenvolvi",