Município,Nascim_p/resid.mãe
110001 ALTA FLORESTA D'OESTE,293
110002 ARIQUEMES,1364
110003 CABIXI,60
110004 CACOAL,1258
110005 CEREJEIRAS,236
110006 COLORADO DO OESTE,178
110007 CORUMBIARA,110
110008 COSTA MARQUES,200
110009 ESPIGAO D'OESTE,384
110010 GUAJARA-MIRIM,683
110011 JARU,753
110012 JI-PARANA,1831
110013 MACHADINHO D'OESTE,436
110014 NOVA BRASILANDIA D'OESTE,228
110015 OURO PRETO DO OESTE,538
110018 PIMENTA BUENO,444
110020 PORTO VELHO,6102
110025 PRESIDENTE MEDICI,226
110026 RIO CRESPO,45
110028 ROLIM DE MOURA,752
110029 SANTA LUZIA D'OESTE,80
110030 VILHENA,1424
110032 SAO MIGUEL DO GUAPORE,300
110033 NOVA MAMORE,446
110034 ALVORADA D'OESTE,172
110037 ALTO ALEGRE DOS PARECIS,154
110040 ALTO PARAISO,165
110045 BURITIS,406
110050 NOVO HORIZONTE DO OESTE,71
110060 CACAULANDIA,51
110070 CAMPO NOVO DE RONDONIA,93
110080 CANDEIAS DO JAMARI,291
110090 CASTANHEIRAS,38
110092 CHUPINGUAIA,160
110094 CUJUBIM,200
110100 GOVERNADOR JORGE TEIXEIRA,70
110110 ITAPUA DO OESTE,93
110120 MINISTRO ANDREAZZA,90
110130 MIRANTE DA SERRA,116
110140 MONTE NEGRO,146
110143 NOVA UNIAO,58
110145 PARECIS,48
110146 PIMENTEIRAS DO OESTE,33
110147 PRIMAVERA DE RONDONIA,31
110148 SAO FELIPE D'OESTE,45
110149 SAO FRANCISCO DO GUAPORE,271
110150 SERINGUEIRAS,136
110155 TEIXEIROPOLIS,44
110160 THEOBROMA,81
110170 URUPA,150
110175 VALE DO ANARI,73
110180 VALE DO PARAISO,59
120001 ACRELANDIA,193
120005 ASSIS BRASIL,216
120010 BRASILEIA,450
120013 BUJARI,221
120017 CAPIXABA,183
120020 CRUZEIRO DO SUL,1423
120025 EPITACIOLANDIA,282
120030 FEIJO,779
120032 JORDAO,188
120033 MANCIO LIMA,331
120034 MANOEL URBANO,259
120035 MARECHAL THAUMATURGO,343
120038 PLACIDO DE CASTRO,224
120039 PORTO WALTER,253
120040 RIO BRANCO,4745
120042 RODRIGUES ALVES,284
120043 SANTA ROSA DO PURUS,188
120045 SENADOR GUIOMARD,297
120050 SENA MADUREIRA,658
120060 TARAUACA,1021
120070 XAPURI,264
120080 PORTO ACRE,299
 MUNICIPIO IGNORADO - AM,9
130002 ALVARAES,295
130006 AMATURA,249
130008 ANAMA,149
130010 ANORI,222
130014 APUI,265
130020 ATALAIA DO NORTE,338
130030 AUTAZES,738
130040 BARCELOS,419
130050 BARREIRINHA,750
130060 BENJAMIN CONSTANT,913
130063 BERURI,435
130068 BOA VISTA DO RAMOS,262
130070 BOCA DO ACRE,643
130080 BORBA,619
130083 CAAPIRANGA,192
130090 CANUTAMA,151
130100 CARAUARI,501
130110 CAREIRO,526
130115 CAREIRO DA VARZEA,179
130120 COARI,1343
130130 CODAJAS,359
130140 EIRUNEPE,641
130150 ENVIRA,343
130160 FONTE BOA,535
130165 GUAJARA,290
130170 HUMAITA,944
130180 IPIXUNA,385
130185 IRANDUBA,878
130190 ITACOATIARA,1643
130195 ITAMARATI,274
130200 ITAPIRANGA,157
130210 JAPURA,156
130220 JURUA,185
130230 JUTAI,709
130240 LABREA,786
130250 MANACAPURU,1759
130255 MANAQUIRI,213
130260 MANAUS,30943
130270 MANICORE,868
130280 MARAA,338
130290 MAUES,1225
130300 NHAMUNDA,326
130310 NOVA OLINDA DO NORTE,539
130320 NOVO AIRAO,290
130330 NOVO ARIPUANA,351
130340 PARINTINS,1749
130350 PAUINI,322
130353 PRESIDENTE FIGUEIREDO,529
130356 RIO PRETO DA EVA,346
130360 SANTA ISABEL DO RIO NEGRO,392
130370 SANTO ANTONIO DO ICA,817
130380 SAO GABRIEL DA CACHOEIRA,1407
130390 SAO PAULO DE OLIVENCA,911
130395 SAO SEBASTIAO DO UATUMA,149
130400 SILVES,190
130406 TABATINGA,1474
130410 TAPAUA,461
130420 TEFE,1728
130423 TONANTINS,408
130426 UARINI,296
130430 URUCARA,202
130440 URUCURITUBA,234
 MUNICIPIO IGNORADO - RR,1
140002 AMAJARI,423
140005 ALTO ALEGRE,670
140010 BOA VISTA,6904
140015 BONFIM,396
140017 CANTA,374
140020 CARACARAI,344
140023 CAROEBE,174
140028 IRACEMA,143
140030 MUCAJAI,327
140040 NORMANDIA,459
140045 PACARAIMA,472
140047 RORAINOPOLIS,549
140050 SAO JOAO DA BALIZA,138
140060 SAO LUIZ,94
140070 UIRAMUTA,622
150010 ABAETETUBA,2277
150013 ABEL FIGUEIREDO,94
150020 ACARA,923
150030 AFUA,959
150034 AGUA AZUL DO NORTE,206
150040 ALENQUER,1079
150050 ALMEIRIM,622
150060 ALTAMIRA,2057
150070 ANAJAS,773
150080 ANANINDEUA,5736
150085 ANAPU,546
150090 AUGUSTO CORREA,708
150095 AURORA DO PARA,354
150100 AVEIRO,177
150110 BAGRE,490
150120 BAIAO,476
150125 BANNACH,49
150130 BARCARENA,1991
150140 BELEM,14153
150145 BELTERRA,295
150150 BENEVIDES,831
150157 BOM JESUS DO TOCANTINS,272
150160 BONITO,170
150170 BRAGANCA,1794
150172 BRASIL NOVO,303
150175 BREJO GRANDE DO ARAGUAIA,81
150178 BREU BRANCO,666
150180 BREVES,2515
150190 BUJARU,365
150195 CACHOEIRA DO PIRIA,257
150200 CACHOEIRA DO ARARI,292
150210 CAMETA,2080
150215 CANAA DOS CARAJAS,1777
150220 CAPANEMA,884
150230 CAPITAO POCO,809
150240 CASTANHAL,2683
150250 CHAVES,330
150260 COLARES,126
150270 CONCEICAO DO ARAGUAIA,617
150275 CONCORDIA DO PARA,442
150276 CUMARU DO NORTE,158
150277 CURIONOPOLIS,306
150280 CURRALINHO,689
150285 CURUA,210
150290 CURUCA,421
150293 DOM ELISEU,621
150295 ELDORADO DOS CARAJAS,374
150300 FARO,90
150304 FLORESTA DO ARAGUAIA,308
150307 GARRAFAO DO NORTE,366
150309 GOIANESIA DO PARA,372
150310 GURUPA,659
150320 IGARAPE-ACU,469
150330 IGARAPE-MIRI,1081
150340 INHANGAPI,157
150345 IPIXUNA DO PARA,568
150350 IRITUIA,349
150360 ITAITUBA,2080
150370 ITUPIRANGA,676
150375 JACAREACANGA,698
150380 JACUNDA,549
150390 JURUTI,1010
150400 LIMOEIRO DO AJURU,372
150405 MAE DO RIO,491
150410 MAGALHAES BARATA,90
150420 MARABA,4020
150430 MARACANA,336
150440 MARAPANIM,256
150442 MARITUBA,1297
150445 MEDICILANDIA,444
150450 MELGACO,516
150460 MOCAJUBA,502
150470 MOJU,1101
150475 MOJUI DOS CAMPOS,294
150480 MONTE ALEGRE,942
150490 MUANA,593
150495 NOVA ESPERANCA DO PIRIA,281
150497 NOVA IPIXUNA,159
150500 NOVA TIMBOTEUA,121
150503 NOVO PROGRESSO,635
150506 NOVO REPARTIMENTO,1050
150510 OBIDOS,946
150520 OEIRAS DO PARA,607
150530 ORIXIMINA,1209
150540 OUREM,256
150543 OURILANDIA DO NORTE,599
150548 PACAJA,690
150549 PALESTINA DO PARA,95
150550 PARAGOMINAS,1681
150553 PARAUAPEBAS,4486
150555 PAU D'ARCO,108
150560 PEIXE-BOI,71
150563 PICARRA,170
150565 PLACAS,317
150570 PONTA DE PEDRAS,332
150580 PORTEL,1517
150590 PORTO DE MOZ,634
150600 PRAINHA,679
150610 PRIMAVERA,126
150611 QUATIPURU,130
150613 REDENCAO,1529
150616 RIO MARIA,250
150618 RONDON DO PARA,489
150619 RUROPOLIS,439
150620 SALINOPOLIS,685
150630 SALVATERRA,279
150635 SANTA BARBARA DO PARA,279
150640 SANTA CRUZ DO ARARI,84
150650 SANTA IZABEL DO PARA,820
150655 SANTA LUZIA DO PARA,273
150658 SANTA MARIA DAS BARREIRAS,194
150660 SANTA MARIA DO PARA,373
150670 SANTANA DO ARAGUAIA,625
150680 SANTAREM,6013
150690 SANTAREM NOVO,70
150700 SANTO ANTONIO DO TAUA,410
150710 SAO CAETANO DE ODIVELAS,167
150715 SAO DOMINGOS DO ARAGUAIA,330
150720 SAO DOMINGOS DO CAPIM,432
150730 SAO FELIX DO XINGU,943
150740 SAO FRANCISCO DO PARA,206
150745 SAO GERALDO DO ARAGUAIA,353
150746 SAO JOAO DA PONTA,82
150747 SAO JOAO DE PIRABAS,259
150750 SAO JOAO DO ARAGUAIA,147
150760 SAO MIGUEL DO GUAMA,816
150770 SAO SEBASTIAO DA BOA VISTA,484
150775 SAPUCAIA,75
150780 SENADOR JOSE PORFIRIO,335
150790 SOURE,292
150795 TAILANDIA,1352
150796 TERRA ALTA,172
150797 TERRA SANTA,278
150800 TOME-ACU,1336
150803 TRACUATEUA,365
150805 TRAIRAO,241
150808 TUCUMA,578
150810 TUCURUI,1316
150812 ULIANOPOLIS,433
150815 URUARA,705
150820 VIGIA,513
150830 VISEU,873
150835 VITORIA DO XINGU,305
150840 XINGUARA,743
160005 SERRA DO NAVIO,57
160010 AMAPA,141
160015 PEDRA BRANCA DO AMAPARI,275
160020 CALCOENE,174
160021 CUTIAS,99
160023 FERREIRA GOMES,135
160025 ITAUBAL,128
160027 LARANJAL DO JARI,540
160030 MACAPA,7160
160040 MAZAGAO,434
160050 OIAPOQUE,538
160053 PORTO GRANDE,328
160055 PRACUUBA,64
160060 SANTANA,1808
160070 TARTARUGALZINHO,260
160080 VITORIA DO JARI,186
170025 ABREULANDIA,25
170030 AGUIARNOPOLIS,54
170035 ALIANCA DO TOCANTINS,59
170040 ALMAS,110
170070 ALVORADA,144
170100 ANANAS,144
170105 ANGICO,40
170110 APARECIDA DO RIO NEGRO,67
170130 ARAGOMINAS,47
170190 ARAGUACEMA,72
170200 ARAGUACU,87
170210 ARAGUAINA,2877
170215 ARAGUANA,48
170220 ARAGUATINS,407
170230 ARAPOEMA,87
170240 ARRAIAS,130
170255 AUGUSTINOPOLIS,273
170270 AURORA DO TOCANTINS,31
170290 AXIXA DO TOCANTINS,144
170300 BABACULANDIA,93
170305 BANDEIRANTES DO TOCANTINS,41
170307 BARRA DO OURO,71
170310 BARROLANDIA,58
170320 BERNARDO SAYAO,45
170330 BOM JESUS DO TOCANTINS,70
170360 BRASILANDIA DO TOCANTINS,19
170370 BREJINHO DE NAZARE,49
170380 BURITI DO TOCANTINS,137
170382 CACHOEIRINHA,23
170384 CAMPOS LINDOS,161
170386 CARIRI DO TOCANTINS,52
170388 CARMOLANDIA,29
170389 CARRASCO BONITO,59
170390 CASEARA,85
170410 CENTENARIO,15
170460 CHAPADA DE AREIA,22
170510 CHAPADA DA NATIVIDADE,29
170550 COLINAS DO TOCANTINS,573
170555 COMBINADO,54
170560 CONCEICAO DO TOCANTINS,45
170600 COUTO MAGALHAES,62
170610 CRISTALANDIA,73
170625 CRIXAS DO TOCANTINS,11
170650 DARCINOPOLIS,85
170700 DIANOPOLIS,263
170710 DIVINOPOLIS DO TOCANTINS,85
170720 DOIS IRMAOS DO TOCANTINS,78
170730 DUERE,51
170740 ESPERANTINA,92
170755 FATIMA,53
170765 FIGUEIROPOLIS,62
170770 FILADELFIA,109
170820 FORMOSO DO ARAGUAIA,229
170825 FORTALEZA DO TABOCAO,45
170830 GOIANORTE,62
170900 GOIATINS,209
170930 GUARAI,287
170950 GURUPI,1234
170980 IPUEIRAS,23
171050 ITACAJA,132
171070 ITAGUATINS,59
171090 ITAPIRATINS,40
171110 ITAPORA DO TOCANTINS,39
171150 JAU DO TOCANTINS,31
171180 JUARINA,32
171190 LAGOA DA CONFUSAO,260
171195 LAGOA DO TOCANTINS,42
171200 LAJEADO,38
171215 LAVANDEIRA,19
171240 LIZARDA,35
171245 LUZINOPOLIS,40
171250 MARIANOPOLIS DO TOCANTINS,82
171270 MATEIROS,28
171280 MAURILANDIA DO TOCANTINS,42
171320 MIRACEMA DO TOCANTINS,229
171330 MIRANORTE,163
171360 MONTE DO CARMO,80
171370 MONTE SANTO DO TOCANTINS,33
171380 PALMEIRAS DO TOCANTINS,54
171395 MURICILANDIA,49
171420 NATIVIDADE,115
171430 NAZARE,60
171488 NOVA OLINDA,156
171500 NOVA ROSALANDIA,48
171510 NOVO ACORDO,82
171515 NOVO ALEGRE,13
171525 NOVO JARDIM,33
171550 OLIVEIRA DE FATIMA,14
171570 PALMEIRANTE,46
171575 PALMEIROPOLIS,80
171610 PARAISO DO TOCANTINS,763
171620 PARANA,130
171630 PAU D'ARCO,53
171650 PEDRO AFONSO,248
171660 PEIXE,114
171665 PEQUIZEIRO,54
171670 COLMEIA,90
171700 PINDORAMA DO TOCANTINS,45
171720 PIRAQUE,30
171750 PIUM,89
171780 PONTE ALTA DO BOM JESUS,37
171790 PONTE ALTA DO TOCANTINS,88
171800 PORTO ALEGRE DO TOCANTINS,42
171820 PORTO NACIONAL,1030
171830 PRAIA NORTE,95
171840 PRESIDENTE KENNEDY,38
171845 PUGMIL,26
171850 RECURSOLANDIA,61
171855 RIACHINHO,55
171865 RIO DA CONCEICAO,31
171870 RIO DOS BOIS,34
171875 RIO SONO,62
171880 SAMPAIO,73
171884 SANDOLANDIA,45
171886 SANTA FE DO ARAGUAIA,111
171888 SANTA MARIA DO TOCANTINS,49
171889 SANTA RITA DO TOCANTINS,25
171890 SANTA ROSA DO TOCANTINS,69
171900 SANTA TEREZA DO TOCANTINS,47
172000 SANTA TEREZINHA DO TOCANTINS,41
172010 SAO BENTO DO TOCANTINS,92
172015 SAO FELIX DO TOCANTINS,29
172020 SAO MIGUEL DO TOCANTINS,141
172025 SAO SALVADOR DO TOCANTINS,31
172030 SAO SEBASTIAO DO TOCANTINS,74
172049 SAO VALERIO,63
172065 SILVANOPOLIS,87
172080 SITIO NOVO DO TOCANTINS,115
172085 SUCUPIRA,18
172090 TAGUATINGA,156
172093 TAIPAS DO TOCANTINS,21
172097 TALISMA,30
172100 PALMAS,4713
172110 TOCANTINIA,160
172120 TOCANTINOPOLIS,336
172125 TUPIRAMA,26
172130 TUPIRATINS,24
172208 WANDERLANDIA,115
172210 XAMBIOA,151
210005 ACAILANDIA,1618
210010 AFONSO CUNHA,123
210015 AGUA DOCE DO MARANHAO,142
210020 ALCANTARA,159
210030 ALDEIAS ALTAS,348
210040 ALTAMIRA DO MARANHAO,70
210043 ALTO ALEGRE DO MARANHAO,354
210047 ALTO ALEGRE DO PINDARE,398
210050 ALTO PARNAIBA,164
210055 AMAPA DO MARANHAO,111
210060 AMARANTE DO MARANHAO,725
210070 ANAJATUBA,235
210080 ANAPURUS,253
210083 APICUM-ACU,187
210087 ARAGUANA,154
210090 ARAIOSES,411
210095 ARAME,534
210100 ARARI,328
210110 AXIXA,112
210120 BACABAL,1364
210125 BACABEIRA,202
210130 BACURI,173
210135 BACURITUBA,49
210140 BALSAS,1870
210150 BARAO DE GRAJAU,252
210160 BARRA DO CORDA,1367
210170 BARREIRINHAS,1176
210173 BELAGUA,161
210177 BELA VISTA DO MARANHAO,180
210180 BENEDITO LEITE,81
210190 BEQUIMAO,185
210193 BERNARDO DO MEARIM,47
210197 BOA VISTA DO GURUPI,110
210200 BOM JARDIM,491
210203 BOM JESUS DAS SELVAS,424
210207 BOM LUGAR,130
210210 BREJO,472
210215 BREJO DE AREIA,123
210220 BURITI,448
210230 BURITI BRAVO,330
210232 BURITICUPU,1042
210235 BURITIRANA,169
210237 CACHOEIRA GRANDE,138
210240 CAJAPIO,111
210250 CAJARI,219
210255 CAMPESTRE DO MARANHAO,183
210260 CANDIDO MENDES,280
210270 CANTANHEDE,215
210275 CAPINZAL DO NORTE,128
210280 CAROLINA,310
210290 CARUTAPERA,311
210300 CAXIAS,2013
210310 CEDRAL,98
210312 CENTRAL DO MARANHAO,102
210315 CENTRO DO GUILHERME,183
210317 CENTRO NOVO DO MARANHAO,265
210320 CHAPADINHA,1279
210325 CIDELANDIA,173
210330 CODO,1515
210340 COELHO NETO,586
210350 COLINAS,599
210355 CONCEICAO DO LAGO-ACU,172
210360 COROATA,781
210370 CURURUPU,425
210375 DAVINOPOLIS,205
210380 DOM PEDRO,301
210390 DUQUE BACELAR,172
210400 ESPERANTINOPOLIS,264
210405 ESTREITO,493
210407 FEIRA NOVA DO MARANHAO,109
210408 FERNANDO FALCAO,236
210409 FORMOSA DA SERRA NEGRA,224
210410 FORTALEZA DOS NOGUEIRAS,195
210420 FORTUNA,264
210430 GODOFREDO VIANA,139
210440 GONCALVES DIAS,196
210450 GOVERNADOR ARCHER,112
210455 GOVERNADOR EDISON LOBAO,306
210460 GOVERNADOR EUGENIO BARROS,185
210462 GOVERNADOR LUIZ ROCHA,118
210465 GOVERNADOR NEWTON BELLO,122
210467 GOVERNADOR NUNES FREIRE,339
210470 GRACA ARANHA,58
210480 GRAJAU,1319
210490 GUIMARAES,84
210500 HUMBERTO DE CAMPOS,398
210510 ICATU,265
210515 IGARAPE DO MEIO,230
210520 IGARAPE GRANDE,152
210530 IMPERATRIZ,4103
210535 ITAIPAVA DO GRAJAU,218
210540 ITAPECURU MIRIM,892
210542 ITINGA DO MARANHAO,221
210545 JATOBA,111
210547 JENIPAPO DOS VIEIRAS,362
210550 JOAO LISBOA,389
210560 JOSELANDIA,214
210565 JUNCO DO MARANHAO,66
210570 LAGO DA PEDRA,637
210580 LAGO DO JUNCO,114
210590 LAGO VERDE,199
210592 LAGOA DO MATO,133
210594 LAGO DOS RODRIGUES,97
210596 LAGOA GRANDE DO MARANHAO,207
210598 LAJEADO NOVO,84
210600 LIMA CAMPOS,152
210610 LORETO,144
210620 LUIS DOMINGUES,92
210630 MAGALHAES DE ALMEIDA,160
210632 MARACACUME,288
210635 MARAJA DO SENA,92
210637 MARANHAOZINHO,189
210640 MATA ROMA,262
210650 MATINHA,315
210660 MATOES,362
210663 MATOES DO NORTE,93
210667 MILAGRES DO MARANHAO,73
210670 MIRADOR,291
210675 MIRANDA DO NORTE,237
210680 MIRINZAL,177
210690 MONCAO,396
210700 MONTES ALTOS,118
210710 MORROS,301
210720 NINA RODRIGUES,177
210725 NOVA COLINAS,91
210730 NOVA IORQUE,37
210735 NOVA OLINDA DO MARANHAO,253
210740 OLHO D'AGUA DAS CUNHAS,198
210745 OLINDA NOVA DO MARANHAO,140
210750 PACO DO LUMIAR,1835
210760 PALMEIRANDIA,215
210770 PARAIBANO,265
210780 PARNARAMA,354
210790 PASSAGEM FRANCA,259
210800 PASTOS BONS,239
210805 PAULINO NEVES,270
210810 PAULO RAMOS,344
210820 PEDREIRAS,410
210825 PEDRO DO ROSARIO,348
210830 PENALVA,487
210840 PERI MIRIM,92
210845 PERITORO,258
210850 PINDARE-MIRIM,382
210860 PINHEIRO,1109
210870 PIO XII,335
210880 PIRAPEMAS,162
210890 POCAO DE PEDRAS,163
210900 PORTO FRANCO,337
210905 PORTO RICO DO MARANHAO,48
210910 PRESIDENTE DUTRA,654
210920 PRESIDENTE JUSCELINO,143
210923 PRESIDENTE MEDICI,70
210927 PRESIDENTE SARNEY,291
210930 PRESIDENTE VARGAS,170
210940 PRIMEIRA CRUZ,138
210945 RAPOSA,425
210950 RIACHAO,308
210955 RIBAMAR FIQUENE,90
210960 ROSARIO,473
210970 SAMBAIBA,66
210975 SANTA FILOMENA DO MARANHAO,47
210980 SANTA HELENA,388
210990 SANTA INES,1248
211000 SANTA LUZIA,901
211003 SANTA LUZIA DO PARUA,349
211010 SANTA QUITERIA DO MARANHAO,343
211020 SANTA RITA,525
211023 SANTANA DO MARANHAO,115
211027 SANTO AMARO DO MARANHAO,174
211030 SANTO ANTONIO DOS LOPES,193
211040 SAO BENEDITO DO RIO PRETO,325
211050 SAO BENTO,419
211060 SAO BERNARDO,324
211065 SAO DOMINGOS DO AZEITAO,136
211070 SAO DOMINGOS DO MARANHAO,592
211080 SAO FELIX DE BALSAS,49
211085 SAO FRANCISCO DO BREJAO,100
211090 SAO FRANCISCO DO MARANHAO,116
211100 SAO JOAO BATISTA,223
211102 SAO JOAO DO CARU,149
211105 SAO JOAO DO PARAISO,143
211107 SAO JOAO DO SOTER,235
211110 SAO JOAO DOS PATOS,324
211120 SAO JOSE DE RIBAMAR,3402
211125 SAO JOSE DOS BASILIOS,89
211130 SAO LUIS,12013
211140 SAO LUIS GONZAGA DO MARANHAO,238
211150 SAO MATEUS DO MARANHAO,528
211153 SAO PEDRO DA AGUA BRANCA,133
211157 SAO PEDRO DOS CRENTES,104
211160 SAO RAIMUNDO DAS MANGABEIRAS,301
211163 SAO RAIMUNDO DO DOCA BEZERRA,73
211167 SAO ROBERTO,68
211170 SAO VICENTE FERRER,173
211172 SATUBINHA,135
211174 SENADOR ALEXANDRE COSTA,155
211176 SENADOR LA ROCQUE,209
211178 SERRANO DO MARANHAO,144
211180 SITIO NOVO,273
211190 SUCUPIRA DO NORTE,109
211195 SUCUPIRA DO RIACHAO,55
211200 TASSO FRAGOSO,138
211210 TIMBIRAS,393
211220 TIMON,2629
211223 TRIZIDELA DO VALE,293
211227 TUFILANDIA,63
211230 TUNTUM,412
211240 TURIACU,519
211245 TURILANDIA,335
211250 TUTOIA,924
211260 URBANO SANTOS,583
211270 VARGEM GRANDE,660
211280 VIANA,776
211285 VILA NOVA DOS MARTIRIOS,148
211290 VITORIA DO MEARIM,377
211300 VITORINO FREIRE,435
211400 ZE DOCA,599
 MUNICIPIO IGNORADO - PI,1
220005 ACAUA,64
220010 AGRICOLANDIA,50
220020 AGUA BRANCA,254
220025 ALAGOINHA DO PIAUI,69
220027 ALEGRETE DO PIAUI,51
220030 ALTO LONGA,123
220040 ALTOS,581
220045 ALVORADA DO GURGUEIA,77
220050 AMARANTE,200
220060 ANGICAL DO PIAUI,74
220070 ANISIO DE ABREU,119
220080 ANTONIO ALMEIDA,53
220090 AROAZES,57
220095 AROEIRAS DO ITAIM,37
220100 ARRAIAL,50
220105 ASSUNCAO DO PIAUI,95
220110 AVELINO LOPES,151
220115 BAIXA GRANDE DO RIBEIRO,241
220117 BARRA D'ALCANTARA,48
220120 BARRAS,628
220130 BARREIRAS DO PIAUI,45
220140 BARRO DURO,92
220150 BATALHA,274
220155 BELA VISTA DO PIAUI,54
220157 BELEM DO PIAUI,35
220160 BENEDITINOS,97
220170 BERTOLINIA,71
220173 BETANIA DO PIAUI,81
220177 BOA HORA,75
220180 BOCAINA,43
220190 BOM JESUS,507
220191 BOM PRINCIPIO DO PIAUI,80
220192 BONFIM DO PIAUI,55
220194 BOQUEIRAO DO PIAUI,74
220196 BRASILEIRA,93
220198 BREJO DO PIAUI,38
220200 BURITI DOS LOPES,262
220202 BURITI DOS MONTES,67
220205 CABECEIRAS DO PIAUI,74
220207 CAJAZEIRAS DO PIAUI,30
220208 CAJUEIRO DA PRAIA,103
220209 CALDEIRAO GRANDE DO PIAUI,67
220210 CAMPINAS DO PIAUI,45
220211 CAMPO ALEGRE DO FIDALGO,57
220213 CAMPO GRANDE DO PIAUI,65
220217 CAMPO LARGO DO PIAUI,83
220220 CAMPO MAIOR,417
220225 CANAVIEIRA,40
220230 CANTO DO BURITI,268
220240 CAPITAO DE CAMPOS,143
220245 CAPITAO GERVASIO OLIVEIRA,45
220250 CARACOL,132
220253 CARAUBAS DO PIAUI,57
220255 CARIDADE DO PIAUI,89
220260 CASTELO DO PIAUI,197
220265 CAXINGO,61
220270 COCAL,400
220271 COCAL DE TELHA,53
220272 COCAL DOS ALVES,68
220273 COIVARAS,47
220275 COLONIA DO GURGUEIA,61
220277 COLONIA DO PIAUI,86
220280 CONCEICAO DO CANINDE,46
220285 CORONEL JOSE DIAS,41
220290 CORRENTE,406
220300 CRISTALANDIA DO PIAUI,80
220310 CRISTINO CASTRO,154
220320 CURIMATA,153
220323 CURRAIS,68
220325 CURRALINHOS,56
220327 CURRAL NOVO DO PIAUI,90
220330 DEMERVAL LOBAO,231
220335 DIRCEU ARCOVERDE,91
220340 DOM EXPEDITO LOPES,67
220342 DOMINGOS MOURAO,40
220345 DOM INOCENCIO,95
220350 ELESBAO VELOSO,113
220360 ELISEU MARTINS,53
220370 ESPERANTINA,505
220375 FARTURA DO PIAUI,59
220380 FLORES DO PIAUI,37
220385 FLORESTA DO PIAUI,22
220390 FLORIANO,843
220400 FRANCINOPOLIS,38
220410 FRANCISCO AYRES,43
220415 FRANCISCO MACEDO,30
220420 FRANCISCO SANTOS,77
220430 FRONTEIRAS,104
220435 GEMINIANO,74
220440 GILBUES,170
220450 GUADALUPE,113
220455 GUARIBAS,87
220460 HUGO NAPOLEAO,32
220465 ILHA GRANDE,108
220470 INHUMA,163
220480 IPIRANGA DO PIAUI,79
220490 ISAIAS COELHO,108
220500 ITAINOPOLIS,86
220510 ITAUEIRA,109
220515 JACOBINA DO PIAUI,55
220520 JAICOS,219
220525 JARDIM DO MULATO,31
220527 JATOBA DO PIAUI,60
220530 JERUMENHA,54
220535 JOAO COSTA,23
220540 JOAQUIM PIRES,163
220545 JOCA MARQUES,82
220550 JOSE DE FREITAS,531
220551 JUAZEIRO DO PIAUI,44
220552 JULIO BORGES,62
220553 JUREMA,67
220554 LAGOINHA DO PIAUI,26
220555 LAGOA ALEGRE,89
220556 LAGOA DO BARRO DO PIAUI,62
220557 LAGOA DE SAO FRANCISCO,64
220558 LAGOA DO PIAUI,43
220559 LAGOA DO SITIO,29
220560 LANDRI SALES,60
220570 LUIS CORREIA,421
220580 LUZILANDIA,314
220585 MADEIRO,116
220590 MANOEL EMIDIO,60
220595 MARCOLANDIA,166
220600 MARCOS PARENTE,56
220605 MASSAPE DO PIAUI,51
220610 MATIAS OLIMPIO,158
220620 MIGUEL ALVES,460
220630 MIGUEL LEAO,15
220635 MILTON BRANDAO,70
220640 MONSENHOR GIL,103
220650 MONSENHOR HIPOLITO,84
220660 MONTE ALEGRE DO PIAUI,166
220665 MORRO CABECA NO TEMPO,60
220667 MORRO DO CHAPEU DO PIAUI,74
220669 MURICI DOS PORTELAS,80
220670 NAZARE DO PIAUI,87
220672 NAZARIA,141
220675 NOSSA SENHORA DE NAZARE,53
220680 NOSSA SENHORA DOS REMEDIOS,130
220690 NOVO ORIENTE DO PIAUI,50
220695 NOVO SANTO ANTONIO,35
220700 OEIRAS,459
220710 OLHO D'AGUA DO PIAUI,32
220720 PADRE MARCOS,67
220730 PAES LANDIM,49
220735 PAJEU DO PIAUI,31
220740 PALMEIRA DO PIAUI,58
220750 PALMEIRAIS,153
220755 PAQUETA,28
220760 PARNAGUA,144
220770 PARNAIBA,2079
220775 PASSAGEM FRANCA DO PIAUI,48
220777 PATOS DO PIAUI,41
220779 PAU D'ARCO DO PIAUI,47
220780 PAULISTANA,314
220785 PAVUSSU,45
220790 PEDRO II,485
220793 PEDRO LAURENTINO,23
220795 NOVA SANTA RITA,47
220800 PICOS,964
220810 PIMENTEIRAS,107
220820 PIO IX,208
220830 PIRACURUCA,367
220840 PIRIPIRI,778
220850 PORTO,186
220855 PORTO ALEGRE DO PIAUI,34
220860 PRATA DO PIAUI,34
220865 QUEIMADA NOVA,101
220870 REDENCAO DO GURGUEIA,131
220880 REGENERACAO,227
220885 RIACHO FRIO,44
220887 RIBEIRA DO PIAUI,40
220890 RIBEIRO GONCALVES,88
220900 RIO GRANDE DO PIAUI,66
220910 SANTA CRUZ DO PIAUI,66
220915 SANTA CRUZ DOS MILAGRES,30
220920 SANTA FILOMENA,95
220930 SANTA LUZ,63
220935 SANTANA DO PIAUI,39
220937 SANTA ROSA DO PIAUI,43
220940 SANTO ANTONIO DE LISBOA,64
220945 SANTO ANTONIO DOS MILAGRES,17
220950 SANTO INACIO DO PIAUI,30
220955 SAO BRAZ DO PIAUI,58
220960 SAO FELIX DO PIAUI,26
220965 SAO FRANCISCO DE ASSIS DO PIAUI,57
220970 SAO FRANCISCO DO PIAUI,51
220975 SAO GONCALO DO GURGUEIA,43
220980 SAO GONCALO DO PIAUI,47
220985 SAO JOAO DA CANABRAVA,40
220987 SAO JOAO DA FRONTEIRA,90
220990 SAO JOAO DA SERRA,58
220995 SAO JOAO DA VARJOTA,48
220997 SAO JOAO DO ARRAIAL,125
221000 SAO JOAO DO PIAUI,339
221005 SAO JOSE DO DIVINO,69
221010 SAO JOSE DO PEIXE,37
221020 SAO JOSE DO PIAUI,76
221030 SAO JULIAO,44
221035 SAO LOURENCO DO PIAUI,33
221037 SAO LUIS DO PIAUI,21
221038 SAO MIGUEL DA BAIXA GRANDE,20
221039 SAO MIGUEL DO FIDALGO,25
221040 SAO MIGUEL DO TAPUIO,145
221050 SAO PEDRO DO PIAUI,191
221060 SAO RAIMUNDO NONATO,467
221062 SEBASTIAO BARROS,39
221063 SEBASTIAO LEAL,54
221065 SIGEFREDO PACHECO,69
221070 SIMOES,156
221080 SIMPLICIO MENDES,155
221090 SOCORRO DO PIAUI,46
221093 SUSSUAPARA,89
221095 TAMBORIL DO PIAUI,28
221097 TANQUE DO PIAUI,33
221100 TERESINA,10288
221110 UNIAO,654
221120 URUCUI,402
221130 VALENCA DO PIAUI,241
221135 VARZEA BRANCA,72
221140 VARZEA GRANDE,43
221150 VERA MENDES,39
221160 VILA NOVA DO PIAUI,21
221170 WALL FERRAZ,47
230010 ABAIARA,114
230015 ACARAPE,166
230020 ACARAU,838
230030 ACOPIARA,416
230040 AIUABA,144
230050 ALCANTARAS,126
230060 ALTANEIRA,94
230070 ALTO SANTO,136
230075 AMONTADA,611
230080 ANTONINA DO NORTE,84
230090 APUIARES,141
230100 AQUIRAZ,1026
230110 ARACATI,805
230120 ARACOIABA,277
230125 ARARENDA,113
230130 ARARIPE,278
230140 ARATUBA,140
230150 ARNEIROZ,77
230160 ASSARE,250
230170 AURORA,263
230180 BAIXIO,56
230185 BANABUIU,201
230190 BARBALHA,1060
230195 BARREIRA,257
230200 BARRO,194
230205 BARROQUINHA,203
230210 BATURITE,417
230220 BEBERIBE,539
230230 BELA CRUZ,346
230240 BOA VIAGEM,543
230250 BREJO SANTO,701
230260 CAMOCIM,826
230270 CAMPOS SALES,325
230280 CANINDE,888
230290 CAPISTRANO,188
230300 CARIDADE,181
230310 CARIRE,170
230320 CARIRIACU,361
230330 CARIUS,154
230340 CARNAUBAL,202
230350 CASCAVEL,802
230360 CATARINA,142
230365 CATUNDA,90
230370 CAUCAIA,4419
230380 CEDRO,222
230390 CHAVAL,141
230393 CHORO,128
230395 CHOROZINHO,231
230400 COREAU,263
230410 CRATEUS,870
230420 CRATO,1893
230423 CROATA,199
230425 CRUZ,488
230426 DEPUTADO IRAPUAN PINHEIRO,86
230427 ERERE,41
230428 EUSEBIO,1246
230430 FARIAS BRITO,197
230435 FORQUILHA,226
230440 FORTALEZA,28126
230445 FORTIM,189
230450 FRECHEIRINHA,226
230460 GENERAL SAMPAIO,79
230465 GRACA,131
230470 GRANJA,692
230480 GRANJEIRO,62
230490 GROAIRAS,97
230495 GUAIUBA,241
230500 GUARACIABA DO NORTE,590
230510 GUARAMIRANGA,89
230520 HIDROLANDIA,201
230523 HORIZONTE,1026
230526 IBARETAMA,121
230530 IBIAPINA,312
230533 IBICUITINGA,89
230535 ICAPUI,151
230540 ICO,679
230550 IGUATU,1116
230560 INDEPENDENCIA,240
230565 IPAPORANGA,139
230570 IPAUMIRIM,111
230580 IPU,566
230590 IPUEIRAS,431
230600 IRACEMA,110
230610 IRAUCUBA,339
230620 ITAICABA,67
230625 ITAITINGA,798
230630 ITAPAGE,566
230640 ITAPIPOCA,1871
230650 ITAPIUNA,166
230655 ITAREMA,629
230660 ITATIRA,202
230670 JAGUARETAMA,194
230680 JAGUARIBARA,123
230690 JAGUARIBE,329
230700 JAGUARUANA,270
230710 JARDIM,363
230720 JATI,85
230725 JIJOCA DE JERICOACOARA,433
230730 JUAZEIRO DO NORTE,3619
230740 JUCAS,271
230750 LAVRAS DA MANGABEIRA,272
230760 LIMOEIRO DO NORTE,627
230763 MADALENA,151
230765 MARACANAU,3385
230770 MARANGUAPE,1148
230780 MARCO,479
230790 MARTINOPOLE,153
230800 MASSAPE,419
230810 MAURITI,595
230820 MERUOCA,184
230830 MILAGRES,306
230835 MILHA,160
230837 MIRAIMA,151
230840 MISSAO VELHA,471
230850 MOMBACA,416
230860 MONSENHOR TABOSA,173
230870 MORADA NOVA,628
230880 MORAUJO,92
230890 MORRINHOS,325
230900 MUCAMBO,138
230910 MULUNGU,110
230920 NOVA OLINDA,193
230930 NOVA RUSSAS,329
230940 NOVO ORIENTE,293
230945 OCARA,252
230950 OROS,171
230960 PACAJUS,783
230970 PACATUBA,952
230980 PACOTI,130
230990 PACUJA,64
231000 PALHANO,69
231010 PALMACIA,85
231020 PARACURU,417
231025 PARAIPABA,429
231030 PARAMBU,383
231040 PARAMOTI,113
231050 PEDRA BRANCA,400
231060 PENAFORTE,167
231070 PENTECOSTE,410
231080 PEREIRO,171
231085 PINDORETAMA,280
231090 PIQUET CARNEIRO,140
231095 PIRES FERREIRA,109
231100 PORANGA,113
231110 PORTEIRAS,227
231120 POTENGI,102
231123 POTIRETAMA,59
231126 QUITERIANOPOLIS,221
231130 QUIXADA,1143
231135 QUIXELO,151
231140 QUIXERAMOBIM,989
231150 QUIXERE,220
231160 REDENCAO,327
231170 RERIUTABA,240
231180 RUSSAS,756
231190 SABOEIRO,151
231195 SALITRE,282
231200 SANTANA DO ACARAU,373
231210 SANTANA DO CARIRI,205
231220 SANTA QUITERIA,412
231230 SAO BENEDITO,640
231240 SAO GONCALO DO AMARANTE,784
231250 SAO JOAO DO JAGUARIBE,38
231260 SAO LUIS DO CURU,82
231270 SENADOR POMPEU,228
231280 SENADOR SA,105
231290 SOBRAL,2482
231300 SOLONOPOLE,149
231310 TABULEIRO DO NORTE,302
231320 TAMBORIL,262
231325 TARRAFAS,63
231330 TAUA,684
231335 TEJUCUOCA,213
231340 TIANGUA,1360
231350 TRAIRI,792
231355 TURURU,189
231360 UBAJARA,469
231370 UMARI,64
231375 UMIRIM,203
231380 URUBURETAMA,291
231390 URUOCA,151
231395 VARJOTA,243
231400 VARZEA ALEGRE,385
231410 VICOSA DO CEARA,846
240010 ACARI,98
240020 ACU,612
240030 AFONSO BEZERRA,112
240040 AGUA NOVA,26
240050 ALEXANDRIA,149
240060 ALMINO AFONSO,64
240070 ALTO DO RODRIGUES,161
240080 ANGICOS,151
240090 ANTONIO MARTINS,57
240100 APODI,326
240110 AREIA BRANCA,287
240120 ARES,152
240130 AUGUSTO SEVERO,77
240140 BAIA FORMOSA,96
240145 BARAUNA,327
240150 BARCELONA,29
240160 BENTO FERNANDES,52
240165 BODO,29
240170 BOM JESUS,123
240180 BREJINHO,148
240185 CAICARA DO NORTE,60
240190 CAICARA DO RIO DO VENTO,43
240200 CAICO,536
240210 CAMPO REDONDO,88
240220 CANGUARETAMA,425
240230 CARAUBAS,176
240240 CARNAUBA DOS DANTAS,69
240250 CARNAUBAIS,94
240260 CEARA-MIRIM,944
240270 CERRO CORA,139
240280 CORONEL EZEQUIEL,63
240290 CORONEL JOAO PESSOA,64
240300 CRUZETA,51
240310 CURRAIS NOVOS,431
240320 DOUTOR SEVERIANO,64
240325 PARNAMIRIM,3099
240330 ENCANTO,77
240340 EQUADOR,63
240350 ESPIRITO SANTO,107
240360 EXTREMOZ,697
240370 FELIPE GUERRA,40
240375 FERNANDO PEDROZA,28
240380 FLORANIA,91
240390 FRANCISCO DANTAS,20
240400 FRUTUOSO GOMES,40
240410 GALINHOS,17
240420 GOIANINHA,388
240430 GOVERNADOR DIX-SEPT ROSADO,98
240440 GROSSOS,103
240450 GUAMARE,224
240460 IELMO MARINHO,113
240470 IPANGUACU,134
240480 IPUEIRA,15
240485 ITAJA,87
240490 ITAU,52
240500 JACANA,98
240510 JANDAIRA,81
240520 JANDUIS,49
240530 JANUARIO CICCO,99
240540 JAPI,77
240550 JARDIM DE ANGICOS,40
240560 JARDIM DE PIRANHAS,106
240570 JARDIM DO SERIDO,87
240580 JOAO CAMARA,477
240590 JOAO DIAS,19
240600 JOSE DA PENHA,53
240610 JUCURUTU,165
240615 JUNDIA,49
240620 LAGOA D'ANTA,64
240630 LAGOA DE PEDRAS,84
240640 LAGOA DE VELHOS,32
240650 LAGOA NOVA,157
240660 LAGOA SALGADA,110
240670 LAJES,117
240680 LAJES PINTADAS,60
240690 LUCRECIA,31
240700 LUIS GOMES,83
240710 MACAIBA,796
240720 MACAU,258
240725 MAJOR SALES,39
240730 MARCELINO VIEIRA,69
240740 MARTINS,66
240750 MAXARANGUAPE,130
240760 MESSIAS TARGINO,34
240770 MONTANHAS,125
240780 MONTE ALEGRE,229
240790 MONTE DAS GAMELEIRAS,37
240800 MOSSORO,3053
240810 NATAL,8440
240820 NISIA FLORESTA,312
240830 NOVA CRUZ,387
240840 OLHO-D'AGUA DO BORGES,23
240850 OURO BRANCO,55
240860 PARANA,47
240870 PARAU,45
240880 PARAZINHO,72
240890 PARELHAS,209
240895 RIO DO FOGO,162
240910 PASSA E FICA,139
240920 PASSAGEM,32
240930 PATU,104
240933 SANTA MARIA,48
240940 PAU DOS FERROS,368
240950 PEDRA GRANDE,52
240960 PEDRA PRETA,17
240970 PEDRO AVELINO,59
240980 PEDRO VELHO,142
240990 PENDENCIAS,109
241000 PILOES,27
241010 POCO BRANCO,126
241020 PORTALEGRE,72
241025 PORTO DO MANGUE,60
241030 SERRA CAIADA,118
241040 PUREZA,101
241050 RAFAEL FERNANDES,54
241060 RAFAEL GODEIRO,23
241070 RIACHO DA CRUZ,15
241080 RIACHO DE SANTANA,46
241090 RIACHUELO,70
241100 RODOLFO FERNANDES,51
241105 TIBAU,80
241110 RUY BARBOSA,27
241120 SANTA CRUZ,464
241140 SANTANA DO MATOS,92
241142 SANTANA DO SERIDO,25
241150 SANTO ANTONIO,268
241160 SAO BENTO DO NORTE,58
241170 SAO BENTO DO TRAIRI,43
241180 SAO FERNANDO,35
241190 SAO FRANCISCO DO OESTE,31
241200 SAO GONCALO DO AMARANTE,1312
241210 SAO JOAO DO SABUGI,40
241220 SAO JOSE DE MIPIBU,591
241230 SAO JOSE DO CAMPESTRE,104
241240 SAO JOSE DO SERIDO,29
241250 SAO MIGUEL,307
241255 SAO MIGUEL DO GOSTOSO,161
241260 SAO PAULO DO POTENGI,175
241270 SAO PEDRO,50
241280 SAO RAFAEL,54
241290 SAO TOME,86
241300 SAO VICENTE,59
241310 SENADOR ELOI DE SOUZA,53
241320 SENADOR GEORGINO AVELINO,53
241330 SERRA DE SAO BENTO,60
241335 SERRA DO MEL,167
241340 SERRA NEGRA DO NORTE,57
241350 SERRINHA,70
241355 SERRINHA DOS PINTOS,46
241360 SEVERIANO MELO,40
241370 SITIO NOVO,50
241380 TABOLEIRO GRANDE,15
241390 TAIPU,120
241400 TANGARA,122
241410 TENENTE ANANIAS,105
241415 TENENTE LAURENTINO CRUZ,63
241420 TIBAU DO SUL,225
241430 TIMBAUBA DOS BATISTAS,20
241440 TOUROS,407
241445 TRIUNFO POTIGUAR,44
241450 UMARIZAL,83
241460 UPANEMA,97
241470 VARZEA,37
241475 VENHA-VER,26
241480 VERA CRUZ,114
241490 VICOSA,16
241500 VILA FLOR,56
250010 AGUA BRANCA,132
250020 AGUIAR,49
250030 ALAGOA GRANDE,329
250040 ALAGOA NOVA,280
250050 ALAGOINHA,189
250053 ALCANTIL,115
250057 ALGODAO DE JANDAIRA,37
250060 ALHANDRA,325
250070 SAO JOAO DO RIO DO PEIXE,147
250073 AMPARO,30
250077 APARECIDA,88
250080 ARACAGI,197
250090 ARARA,110
250100 ARARUNA,205
250110 AREIA,252
250115 AREIA DE BARAUNAS,26
250120 AREIAL,90
250130 AROEIRAS,248
250135 ASSUNCAO,51
250140 BAIA DA TRAICAO,163
250150 BANANEIRAS,259
250153 BARAUNA,53
250157 BARRA DE SANTANA,101
250160 BARRA DE SANTA ROSA,128
250170 BARRA DE SAO MIGUEL,87
250180 BAYEUX,1055
250190 BELEM,179
250200 BELEM DO BREJO DO CRUZ,50
250205 BERNARDINO BATISTA,43
250210 BOA VENTURA,48
250215 BOA VISTA,77
250220 BOM JESUS,26
250230 BOM SUCESSO,43
250240 BONITO DE SANTA FE,108
250250 BOQUEIRAO,229
250260 IGARACY,55
250270 BORBOREMA,69
250280 BREJO DO CRUZ,156
250290 BREJO DOS SANTOS,72
250300 CAAPORA,263
250310 CABACEIRAS,53
250320 CABEDELO,795
250330 CACHOEIRA DOS INDIOS,93
250340 CACIMBA DE AREIA,54
250350 CACIMBA DE DENTRO,179
250355 CACIMBAS,113
250360 CAICARA,66
250370 CAJAZEIRAS,736
250375 CAJAZEIRINHAS,44
250380 CALDAS BRANDAO,81
250390 CAMALAU,74
250400 CAMPINA GRANDE,5415
250403 CAPIM,112
250407 CARAUBAS,66
250410 CARRAPATEIRA,17
250415 CASSERENGUE,93
250420 CATINGUEIRA,39
250430 CATOLE DO ROCHA,340
250435 CATURITE,70
250440 CONCEICAO,198
250450 CONDADO,59
250460 CONDE,439
250470 CONGO,83
250480 COREMAS,136
250485 COXIXOLA,19
250490 CRUZ DO ESPIRITO SANTO,217
250500 CUBATI,93
250510 CUITE,210
250520 CUITEGI,107
250523 CUITE DE MAMANGUAPE,74
250527 CURRAL DE CIMA,66
250530 CURRAL VELHO,14
250535 DAMIAO,49
250540 DESTERRO,109
250550 VISTA SERRANA,28
250560 DIAMANTE,66
250570 DONA INES,133
250580 DUAS ESTRADAS,37
250590 EMAS,39
250600 ESPERANCA,405
250610 FAGUNDES,153
250620 FREI MARTINHO,26
250625 GADO BRAVO,118
250630 GUARABIRA,755
250640 GURINHEM,160
250650 GURJAO,30
250660 IBIARA,59
250670 IMACULADA,117
250680 INGA,244
250690 ITABAIANA,282
250700 ITAPORANGA,293
250710 ITAPOROROCA,257
250720 ITATUBA,134
250730 JACARAU,192
250740 JERICO,64
250750 JOAO PESSOA,10673
250760 JUAREZ TAVORA,82
250770 JUAZEIRINHO,259
250780 JUNCO DO SERIDO,74
250790 JURIPIRANGA,144
250800 JURU,103
250810 LAGOA,44
250820 LAGOA DE DENTRO,90
250830 LAGOA SECA,342
250840 LASTRO,37
250850 LIVRAMENTO,81
250855 LOGRADOURO,46
250860 LUCENA,192
250870 MAE D'AGUA,33
250880 MALTA,65
250890 MAMANGUAPE,716
250900 MANAIRA,127
250905 MARCACAO,161
250910 MARI,257
250915 MARIZOPOLIS,61
250920 MASSARANDUBA,162
250930 MATARACA,141
250933 MATINHAS,73
250937 MATO GROSSO,24
250939 MATUREIA,111
250940 MOGEIRO,180
250950 MONTADAS,75
250960 MONTE HOREBE,63
250970 MONTEIRO,421
250980 MULUNGU,112
250990 NATUBA,92
251000 NAZAREZINHO,95
251010 NOVA FLORESTA,100
251020 NOVA OLINDA,77
251030 NOVA PALMEIRA,38
251040 OLHO D'AGUA,73
251050 OLIVEDOS,41
251060 OURO VELHO,30
251065 PARARI,12
251070 PASSAGEM,31
251080 PATOS,1287
251090 PAULISTA,123
251100 PEDRA BRANCA,33
251110 PEDRA LAVRADA,61
251120 PEDRAS DE FOGO,378
251130 PIANCO,139
251140 PICUI,216
251150 PILAR,154
251160 PILOES,110
251170 PILOEZINHOS,63
251180 PIRPIRITUBA,123
251190 PITIMBU,212
251200 POCINHOS,234
251203 POCO DANTAS,50
251207 POCO DE JOSE DE MOURA,31
251210 POMBAL,332
251220 PRATA,46
251230 PRINCESA ISABEL,260
251240 PUXINANA,173
251250 QUEIMADAS,586
251260 QUIXABA,16
251270 REMIGIO,205
251272 PEDRO REGIS,60
251274 RIACHAO,32
251275 RIACHAO DO BACAMARTE,60
251276 RIACHAO DO POCO,57
251278 RIACHO DE SANTO ANTONIO,31
251280 RIACHO DOS CAVALOS,81
251290 RIO TINTO,329
251300 SALGADINHO,44
251310 SALGADO DE SAO FELIX,127
251315 SANTA CECILIA,116
251320 SANTA CRUZ,71
251330 SANTA HELENA,49
251335 SANTA INES,41
251340 SANTA LUZIA,192
251350 SANTANA DE MANGUEIRA,58
251360 SANTANA DOS GARROTES,64
251365 JOCA CLAUDINO,20
251370 SANTA RITA,1853
251380 SANTA TERESINHA,54
251385 SANTO ANDRE,27
251390 SAO BENTO,392
251392 SAO BENTINHO,50
251394 SAO DOMINGOS DO CARIRI,25
251396 SAO DOMINGOS,31
251398 SAO FRANCISCO,44
251400 SAO JOAO DO CARIRI,41
251410 SAO JOAO DO TIGRE,45
251420 SAO JOSE DA LAGOA TAPADA,68
251430 SAO JOSE DE CAIANA,62
251440 SAO JOSE DE ESPINHARAS,44
251445 SAO JOSE DOS RAMOS,75
251450 SAO JOSE DE PIRANHAS,215
251455 SAO JOSE DE PRINCESA,16
251460 SAO JOSE DO BONFIM,56
251465 SAO JOSE DO BREJO DO CRUZ,22
251470 SAO JOSE DO SABUGI,38
251480 SAO JOSE DOS CORDEIROS,37
251490 SAO MAMEDE,81
251500 SAO MIGUEL DE TAIPU,82
251510 SAO SEBASTIAO DE LAGOA DE ROCA,111
251520 SAO SEBASTIAO DO UMBUZEIRO,39
251530 SAPE,610
251540 SAO VICENTE DO SERIDO,144
251550 SERRA BRANCA,143
251560 SERRA DA RAIZ,30
251570 SERRA GRANDE,30
251580 SERRA REDONDA,94
251590 SERRARIA,50
251593 SERTAOZINHO,72
251597 SOBRADO,90
251600 SOLANEA,326
251610 SOLEDADE,179
251615 SOSSEGO,54
251620 SOUSA,871
251630 SUME,186
251640 TACIMA,100
251650 TAPEROA,169
251660 TAVARES,151
251670 TEIXEIRA,223
251675 TENORIO,57
251680 TRIUNFO,78
251690 UIRAUNA,139
251700 UMBUZEIRO,118
251710 VARZEA,22
251720 VIEIROPOLIS,41
251740 ZABELE,20
 MUNICIPIO IGNORADO - PE,3
260005 ABREU E LIMA,1037
260010 AFOGADOS DA INGAZEIRA,512
260020 AFRANIO,229
260030 AGRESTINA,334
260040 AGUA PRETA,314
260050 AGUAS BELAS,635
260060 ALAGOINHA,154
260070 ALIANCA,457
260080 ALTINHO,205
260090 AMARAJI,235
260100 ANGELIM,118
260105 ARACOIABA,258
260110 ARARIPINA,1296
260120 ARCOVERDE,961
260130 BARRA DE GUABIRABA,145
260140 BARREIROS,563
260150 BELEM DE MARIA,118
260160 BELEM DE SAO FRANCISCO,281
260170 BELO JARDIM,1124
260180 BETANIA,155
260190 BEZERROS,637
260200 BODOCO,497
260210 BOM CONSELHO,424
260220 BOM JARDIM,329
260230 BONITO,554
260240 BREJAO,141
260250 BREJINHO,115
260260 BREJO DA MADRE DE DEUS,641
260270 BUENOS AIRES,133
260280 BUIQUE,705
260290 CABO DE SANTO AGOSTINHO,2435
260300 CABROBO,471
260310 CACHOEIRINHA,271
260320 CAETES,424
260330 CALCADO,125
260340 CALUMBI,63
260345 CAMARAGIBE,1711
260350 CAMOCIM DE SAO FELIX,191
260360 CAMUTANGA,95
260370 CANHOTINHO,293
260380 CAPOEIRAS,255
260390 CARNAIBA,218
260392 CARNAUBEIRA DA PENHA,228
260400 CARPINA,756
260410 CARUARU,5285
260415 CASINHAS,173
260420 CATENDE,396
260430 CEDRO,113
260440 CHA DE ALEGRIA,144
260450 CHA GRANDE,295
260460 CONDADO,321
260470 CORRENTES,174
260480 CORTES,124
260490 CUMARU,142
260500 CUPIRA,303
260510 CUSTODIA,440
260515 DORMENTES,213
260520 ESCADA,601
260530 EXU,337
260540 FEIRA NOVA,288
260545 FERNANDO DE NORONHA,30
260550 FERREIROS,123
260560 FLORES,226
260570 FLORESTA,431
260580 FREI MIGUELINHO,109
260590 GAMELEIRA,255
260600 GARANHUNS,1965
260610 GLORIA DO GOITA,355
260620 GOIANA,978
260630 GRANITO,93
260640 GRAVATA,949
260650 IATI,252
260660 IBIMIRIM,351
260670 IBIRAJUBA,68
260680 IGARASSU,1301
260690 IGUARACY,102
260700 INAJA,333
260710 INGAZEIRA,56
260720 IPOJUCA,1591
260730 IPUBI,493
260740 ITACURUBA,47
260750 ITAIBA,393
260760 ILHA DE ITAMARACA,228
260765 ITAMBE,311
260770 ITAPETIM,153
260775 ITAPISSUMA,323
260780 ITAQUITINGA,150
260790 JABOATAO DOS GUARARAPES,7284
260795 JAQUEIRA,132
260800 JATAUBA,245
260805 JATOBA,175
260810 JOAO ALFREDO,294
260820 JOAQUIM NABUCO,157
260825 JUCATI,170
260830 JUPI,266
260840 JUREMA,188
260845 LAGOA DO CARRO,197
260850 LAGOA DE ITAENGA,252
260860 LAGOA DO OURO,151
260870 LAGOA DOS GATOS,154
260875 LAGOA GRANDE,332
260880 LAJEDO,637
260890 LIMOEIRO,555
260900 MACAPARANA,289
260910 MACHADOS,148
260915 MANARI,244
260920 MARAIAL,127
260930 MIRANDIBA,220
260940 MORENO,643
260950 NAZARE DA MATA,320
260960 OLINDA,3879
260970 OROBO,234
260980 OROCO,205
260990 OURICURI,840
261000 PALMARES,779
261010 PALMEIRINA,69
261020 PANELAS,283
261030 PARANATAMA,203
261040 PARNAMIRIM,248
261050 PASSIRA,297
261060 PAUDALHO,693
261070 PAULISTA,3284
261080 PEDRA,297
261090 PESQUEIRA,833
261100 PETROLANDIA,532
261110 PETROLINA,6175
261120 POCAO,143
261130 POMBOS,274
261140 PRIMAVERA,132
261150 QUIPAPA,187
261153 QUIXABA,87
261160 RECIFE,16116
261170 RIACHO DAS ALMAS,315
261180 RIBEIRAO,404
261190 RIO FORMOSO,281
261200 SAIRE,93
261210 SALGADINHO,53
261220 SALGUEIRO,891
261230 SALOA,184
261240 SANHARO,259
261245 SANTA CRUZ,183
261247 SANTA CRUZ DA BAIXA VERDE,172
261250 SANTA CRUZ DO CAPIBARIBE,1461
261255 SANTA FILOMENA,147
261260 SANTA MARIA DA BOA VISTA,625
261270 SANTA MARIA DO CAMBUCA,182
261280 SANTA TEREZINHA,106
261290 SAO BENEDITO DO SUL,139
261300 SAO BENTO DO UNA,698
261310 SAO CAITANO,480
261320 SAO JOAO,302
261330 SAO JOAQUIM DO MONTE,279
261340 SAO JOSE DA COROA GRANDE,270
261350 SAO JOSE DO BELMONTE,472
261360 SAO JOSE DO EGITO,345
261370 SAO LOURENCO DA MATA,1252
261380 SAO VICENTE FERRER,210
261390 SERRA TALHADA,1267
261400 SERRITA,246
261410 SERTANIA,376
261420 SIRINHAEM,484
261430 MOREILANDIA,137
261440 SOLIDAO,64
261450 SURUBIM,718
261460 TABIRA,382
261470 TACAIMBO,144
261480 TACARATU,244
261485 TAMANDARE,365
261500 TAQUARITINGA DO NORTE,312
261510 TEREZINHA,74
261520 TERRA NOVA,112
261530 TIMBAUBA,530
261540 TORITAMA,594
261550 TRACUNHAEM,148
261560 TRINDADE,509
261570 TRIUNFO,173
261580 TUPANATINGA,349
261590 TUPARETAMA,93
261600 VENTUROSA,253
261610 VERDEJANTE,105
261618 VERTENTE DO LERIO,96
261620 VERTENTES,277
261630 VICENCIA,324
261640 VITORIA DE SANTO ANTAO,1622
261650 XEXEU,195
 MUNICIPIO IGNORADO - AL,1
270010 AGUA BRANCA,294
270020 ANADIA,216
270030 ARAPIRACA,3523
270040 ATALAIA,529
270050 BARRA DE SANTO ANTONIO,259
270060 BARRA DE SAO MIGUEL,161
270070 BATALHA,299
270080 BELEM,71
270090 BELO MONTE,108
270100 BOCA DA MATA,275
270110 BRANQUINHA,153
270120 CACIMBINHAS,165
270130 CAJUEIRO,267
270135 CAMPESTRE,98
270140 CAMPO ALEGRE,465
270150 CAMPO GRANDE,132
270160 CANAPI,262
270170 CAPELA,181
270180 CARNEIROS,179
270190 CHA PRETA,95
270200 COITE DO NOIA,144
270210 COLONIA LEOPOLDINA,241
270220 COQUEIRO SECO,71
270230 CORURIPE,731
270235 CRAIBAS,394
270240 DELMIRO GOUVEIA,750
270250 DOIS RIACHOS,148
270255 ESTRELA DE ALAGOAS,242
270260 FEIRA GRANDE,349
270270 FELIZ DESERTO,54
270280 FLEXEIRAS,158
270290 GIRAU DO PONCIANO,534
270300 IBATEGUARA,179
270310 IGACI,316
270320 IGREJA NOVA,239
270330 INHAPI,287
270340 JACARE DOS HOMENS,83
270350 JACUIPE,70
270360 JAPARATINGA,181
270370 JARAMATAIA,102
270375 JEQUIA DA PRAIA,107
270380 JOAQUIM GOMES,281
270390 JUNDIA,50
270400 JUNQUEIRO,327
270410 LAGOA DA CANOA,299
270420 LIMOEIRO DE ANADIA,348
270430 MACEIO,12840
270440 MAJOR ISIDORO,278
270450 MARAGOGI,606
270460 MARAVILHA,153
270470 MARECHAL DEODORO,845
270480 MARIBONDO,157
270490 MAR VERMELHO,41
270500 MATA GRANDE,288
270510 MATRIZ DE CAMARAGIBE,330
270520 MESSIAS,229
270530 MINADOR DO NEGRAO,74
270540 MONTEIROPOLIS,131
270550 MURICI,434
270560 NOVO LINO,134
270570 OLHO D'AGUA DAS FLORES,357
270580 OLHO D'AGUA DO CASADO,149
270590 OLHO D'AGUA GRANDE,61
270600 OLIVENCA,181
270610 OURO BRANCO,202
270620 PALESTINA,83
270630 PALMEIRA DOS INDIOS,1014
270640 PAO DE ACUCAR,343
270642 PARICONHA,187
270644 PARIPUEIRA,213
270650 PASSO DE CAMARAGIBE,207
270660 PAULO JACINTO,96
270670 PENEDO,835
270680 PIACABUCU,220
270690 PILAR,520
270700 PINDOBA,24
270710 PIRANHAS,386
270720 POCO DAS TRINCHEIRAS,220
270730 PORTO CALVO,385
270740 PORTO DE PEDRAS,117
270750 PORTO REAL DO COLEGIO,264
270760 QUEBRANGULO,195
270770 RIO LARGO,1354
270780 ROTEIRO,121
270790 SANTA LUZIA DO NORTE,106
270800 SANTANA DO IPANEMA,854
270810 SANTANA DO MUNDAU,153
270820 SAO BRAS,75
270830 SAO JOSE DA LAJE,335
270840 SAO JOSE DA TAPERA,630
270850 SAO LUIS DO QUITUNDE,412
270860 SAO MIGUEL DOS CAMPOS,684
270870 SAO MIGUEL DOS MILAGRES,161
270880 SAO SEBASTIAO,438
270890 SATUBA,294
270895 SENADOR RUI PALMEIRA,234
270900 TANQUE D'ARCA,81
270910 TAQUARANA,241
270915 TEOTONIO VILELA,562
270920 TRAIPU,318
270930 UNIAO DOS PALMARES,808
270940 VICOSA,358
280010 AMPARO DE SAO FRANCISCO,26
280020 AQUIDABA,201
280030 ARACAJU,7272
280040 ARAUA,129
280050 AREIA BRANCA,228
280060 BARRA DOS COQUEIROS,537
280067 BOQUIM,272
280070 BREJO GRANDE,111
280100 CAMPO DO BRITO,204
280110 CANHOBA,57
280120 CANINDE DE SAO FRANCISCO,506
280130 CAPELA,431
280140 CARIRA,238
280150 CARMOPOLIS,153
280160 CEDRO DE SAO JOAO,49
280170 CRISTINAPOLIS,204
280190 CUMBE,30
280200 DIVINA PASTORA,53
280210 ESTANCIA,835
280220 FEIRA NOVA,99
280230 FREI PAULO,175
280240 GARARU,135
280250 GENERAL MAYNARD,36
280260 GRACHO CARDOSO,67
280270 ILHA DAS FLORES,118
280280 INDIAROBA,223
280290 ITABAIANA,1315
280300 ITABAIANINHA,553
280310 ITABI,54
280320 ITAPORANGA D'AJUDA,408
280330 JAPARATUBA,196
280340 JAPOATA,197
280350 LAGARTO,1249
280360 LARANJEIRAS,312
280370 MACAMBIRA,94
280380 MALHADA DOS BOIS,44
280390 MALHADOR,133
280400 MARUIM,186
280410 MOITA BONITA,113
280420 MONTE ALEGRE DE SERGIPE,243
280430 MURIBECA,88
280440 NEOPOLIS,193
280445 NOSSA SENHORA APARECIDA,99
280450 NOSSA SENHORA DA GLORIA,590
280460 NOSSA SENHORA DAS DORES,269
280470 NOSSA SENHORA DE LOURDES,79
280480 NOSSA SENHORA DO SOCORRO,2588
280490 PACATUBA,159
280500 PEDRA MOLE,25
280510 PEDRINHAS,89
280520 PINHAO,63
280530 PIRAMBU,111
280540 POCO REDONDO,500
280550 POCO VERDE,256
280560 PORTO DA FOLHA,357
280570 PROPRIA,324
280580 RIACHAO DO DANTAS,226
280590 RIACHUELO,109
280600 RIBEIROPOLIS,181
280610 ROSARIO DO CATETE,136
280620 SALGADO,243
280630 SANTA LUZIA DO ITANHY,183
280640 SANTANA DO SAO FRANCISCO,73
280650 SANTA ROSA DE LIMA,43
280660 SANTO AMARO DAS BROTAS,131
280670 SAO CRISTOVAO,997
280680 SAO DOMINGOS,125
280690 SAO FRANCISCO,31
280700 SAO MIGUEL DO ALEIXO,40
280710 SIMAO DIAS,518
280720 SIRIRI,84
280730 TELHA,40
280740 TOBIAS BARRETO,641
280750 TOMAR DO GERU,129
280760 UMBAUBA,339
 MUNICIPIO IGNORADO - BA,2
290010 ABAIRA,57
290020 ABARE,256
290030 ACAJUTIBA,163
290035 ADUSTINA,156
290040 AGUA FRIA,144
290050 ERICO CARDOSO,113
290060 AIQUARA,44
290070 ALAGOINHAS,1606
290080 ALCOBACA,286
290090 ALMADINA,41
290100 AMARGOSA,383
290110 AMELIA RODRIGUES,173
290115 AMERICA DOURADA,180
290120 ANAGE,185
290130 ANDARAI,134
290135 ANDORINHA,157
290140 ANGICAL,167
290150 ANGUERA,61
290160 ANTAS,128
290170 ANTONIO CARDOSO,129
290180 ANTONIO GONCALVES,119
290190 APORA,135
290195 APUAREMA,59
290200 ARACATU,147
290205 ARACAS,139
290210 ARACI,624
290220 ARAMARI,95
290225 ARATACA,84
290230 ARATUIPE,104
290240 AURELINO LEAL,120
290250 BAIANOPOLIS,142
290260 BAIXA GRANDE,135
290265 BANZAE,105
290270 BARRA,750
290280 BARRA DA ESTIVA,354
290290 BARRA DO CHOCA,385
290300 BARRA DO MENDES,132
290310 BARRA DO ROCHA,61
290320 BARREIRAS,2331
290323 BARRO ALTO,140
290327 BARROCAS,196
290330 BARRO PRETO,52
290340 BELMONTE,197
290350 BELO CAMPO,247
290360 BIRITINGA,152
290370 BOA NOVA,141
290380 BOA VISTA DO TUPIM,202
290390 BOM JESUS DA LAPA,934
290395 BOM JESUS DA SERRA,107
290400 BONINAL,148
290405 BONITO,208
290410 BOQUIRA,216
290420 BOTUPORA,129
290430 BREJOES,108
290440 BREJOLANDIA,62
290450 BROTAS DE MACAUBAS,128
290460 BRUMADO,747
290470 BUERAREMA,169
290475 BURITIRAMA,285
290480 CAATIBA,46
290485 CABACEIRAS DO PARAGUACU,213
290490 CACHOEIRA,301
290500 CACULE,307
290510 CAEM,108
290515 CAETANOS,119
290520 CAETITE,592
290530 CAFARNAUM,253
290540 CAIRU,238
290550 CALDEIRAO GRANDE,144
290560 CAMACAN,239
290570 CAMACARI,3705
290580 CAMAMU,368
290590 CAMPO ALEGRE DE LOURDES,521
290600 CAMPO FORMOSO,1017
290610 CANAPOLIS,141
290620 CANARANA,285
290630 CANAVIEIRAS,335
290640 CANDEAL,70
290650 CANDEIAS,779
290660 CANDIBA,127
290670 CANDIDO SALES,286
290680 CANSANCAO,461
290682 CANUDOS,189
290685 CAPELA DO ALTO ALEGRE,86
290687 CAPIM GROSSO,417
290689 CARAIBAS,90
290690 CARAVELAS,166
290700 CARDEAL DA SILVA,91
290710 CARINHANHA,387
290720 CASA NOVA,953
290730 CASTRO ALVES,271
290740 CATOLANDIA,45
290750 CATU,410
290755 CATURAMA,66
290760 CENTRAL,184
290770 CHORROCHO,126
290780 CICERO DANTAS,258
290790 CIPO,195
290800 COARACI,154
290810 COCOS,245
290820 CONCEICAO DA FEIRA,193
290830 CONCEICAO DO ALMEIDA,131
290840 CONCEICAO DO COITE,853
290850 CONCEICAO DO JACUIPE,368
290860 CONDE,308
290870 CONDEUBA,139
290880 CONTENDAS DO SINCORA,46
290890 CORACAO DE MARIA,233
290900 CORDEIROS,77
290910 CORIBE,181
290920 CORONEL JOAO SA,187
290930 CORRENTINA,445
290940 COTEGIPE,154
290950 CRAVOLANDIA,31
290960 CRISOPOLIS,234
290970 CRISTOPOLIS,158
290980 CRUZ DAS ALMAS,585
290990 CURACA,509
291000 DARIO MEIRA,100
291005 DIAS D'AVILA,744
291010 DOM BASILIO,125
291020 DOM MACEDO COSTA,34
291030 ELISIO MEDRADO,68
291040 ENCRUZILHADA,182
291050 ENTRE RIOS,491
291060 ESPLANADA,337
291070 EUCLIDES DA CUNHA,702
291072 EUNAPOLIS,1550
291075 FATIMA,169
291077 FEIRA DA MATA,48
291080 FEIRA DE SANTANA,7678
291085 FILADELFIA,235
291090 FIRMINO ALVES,49
291100 FLORESTA AZUL,85
291110 FORMOSA DO RIO PRETO,391
291120 GANDU,365
291125 GAVIAO,42
291130 GENTIO DO OURO,107
291140 GLORIA,194
291150 GONGOGI,60
291160 GOVERNADOR MANGABEIRA,239
291165 GUAJERU,68
291170 GUANAMBI,1087
291180 GUARATINGA,154
291185 HELIOPOLIS,118
291190 IACU,278
291200 IBIASSUCE,107
291210 IBICARAI,199
291220 IBICOARA,331
291230 IBICUI,101
291240 IBIPEBA,163
291250 IBIPITANGA,124
291260 IBIQUERA,42
291270 IBIRAPITANGA,203
291280 IBIRAPUA,93
291290 IBIRATAIA,185
291300 IBITIARA,114
291310 IBITITA,171
291320 IBOTIRAMA,349
291330 ICHU,40
291340 IGAPORA,151
291345 IGRAPIUNA,132
291350 IGUAI,241
291360 ILHEUS,1943
291370 INHAMBUPE,369
291380 IPECAETA,133
291390 IPIAU,513
291400 IPIRA,584
291410 IPUPIARA,90
291420 IRAJUBA,61
291430 IRAMAIA,76
291440 IRAQUARA,332
291450 IRARA,280
291460 IRECE,929
291465 ITABELA,456
291470 ITABERABA,695
291480 ITABUNA,2131
291490 ITACARE,326
291500 ITAETE,168
291510 ITAGI,134
291520 ITAGIBA,172
291530 ITAGIMIRIM,52
291535 ITAGUACU DA BAHIA,164
291540 ITAJU DO COLONIA,58
291550 ITAJUIPE,163
291560 ITAMARAJU,761
291570 ITAMARI,78
291580 ITAMBE,202
291590 ITANAGRA,88
291600 ITANHEM,136
291610 ITAPARICA,223
291620 ITAPE,74
291630 ITAPEBI,101
291640 ITAPETINGA,769
291650 ITAPICURU,291
291660 ITAPITANGA,46
291670 ITAQUARA,57
291680 ITARANTIM,143
291685 ITATIM,165
291690 ITIRUCU,107
291700 ITIUBA,402
291710 ITORORO,155
291720 ITUACU,222
291730 ITUBERA,253
291733 IUIU,120
291735 JABORANDI,148
291740 JACARACI,110
291750 JACOBINA,1071
291760 JAGUAQUARA,588
291770 JAGUARARI,387
291780 JAGUARIPE,155
291790 JANDAIRA,120
291800 JEQUIE,1785
291810 JEREMOABO,401
291820 JIQUIRICA,132
291830 JITAUNA,135
291835 JOAO DOURADO,349
291840 JUAZEIRO,3582
291845 JUCURUCU,99
291850 JUSSARA,196
291855 JUSSARI,40
291860 JUSSIAPE,43
291870 LAFAIETE COUTINHO,33
291875 LAGOA REAL,130
291880 LAJE,238
291890 LAJEDAO,35
291900 LAJEDINHO,40
291905 LAJEDO DO TABOCAL,61
291910 LAMARAO,79
291915 LAPAO,339
291920 LAURO DE FREITAS,2207
291930 LENCOIS,90
291940 LICINIO DE ALMEIDA,116
291950 LIVRAMENTO DE NOSSA SENHORA,476
291955 LUIS EDUARDO MAGALHAES,2226
291960 MACAJUBA,135
291970 MACARANI,139
291980 MACAUBAS,407
291990 MACURURE,90
291992 MADRE DE DEUS,179
291995 MAETINGA,74
292000 MAIQUINIQUE,87
292010 MAIRI,158
292020 MALHADA,198
292030 MALHADA DE PEDRAS,91
292040 MANOEL VITORINO,146
292045 MANSIDAO,75
292050 MARACAS,269
292060 MARAGOGIPE,340
292070 MARAU,266
292080 MARCIONILIO SOUZA,121
292090 MASCOTE,100
292100 MATA DE SAO JOAO,571
292105 MATINA,114
292110 MEDEIROS NETO,251
292120 MIGUEL CALMON,247
292130 MILAGRES,95
292140 MIRANGABA,124
292145 MIRANTE,82
292150 MONTE SANTO,540
292160 MORPARA,90
292170 MORRO DO CHAPEU,327
292180 MORTUGABA,118
292190 MUCUGE,172
292200 MUCURI,449
292205 MULUNGU DO MORRO,171
292210 MUNDO NOVO,143
292220 MUNIZ FERREIRA,74
292225 MUQUEM DE SAO FRANCISCO,161
292230 MURITIBA,251
292240 MUTUIPE,190
292250 NAZARE,255
292260 NILO PECANHA,150
292265 NORDESTINA,126
292270 NOVA CANAA,123
292273 NOVA FATIMA,83
292275 NOVA IBIA,38
292280 NOVA ITARANA,79
292285 NOVA REDENCAO,73
292290 NOVA SOURE,214
292300 NOVA VICOSA,481
292303 NOVO HORIZONTE,140
292305 NOVO TRIUNFO,92
292310 OLINDINA,243
292320 OLIVEIRA DOS BREJINHOS,245
292330 OURICANGAS,85
292335 OUROLANDIA,204
292340 PALMAS DE MONTE ALTO,198
292350 PALMEIRAS,130
292360 PARAMIRIM,199
292370 PARATINGA,353
292380 PARIPIRANGA,254
292390 PAU BRASIL,129
292400 PAULO AFONSO,1436
292405 PE DE SERRA,142
292410 PEDRAO,58
292420 PEDRO ALEXANDRE,195
292430 PIATA,220
292440 PILAO ARCADO,452
292450 PINDAI,144
292460 PINDOBACU,267
292465 PINTADAS,78
292467 PIRAI DO NORTE,75
292470 PIRIPA,83
292480 PIRITIBA,164
292490 PLANALTINO,56
292500 PLANALTO,265
292510 POCOES,525
292520 POJUCA,332
292525 PONTO NOVO,282
292530 PORTO SEGURO,2714
292540 POTIRAGUA,72
292550 PRADO,466
292560 PRESIDENTE DUTRA,138
292570 PRESIDENTE JANIO QUADROS,127
292575 PRESIDENTE TANCREDO NEVES,356
292580 QUEIMADAS,263
292590 QUIJINGUE,271
292593 QUIXABEIRA,74
292595 RAFAEL JAMBEIRO,221
292600 REMANSO,556
292610 RETIROLANDIA,151
292620 RIACHAO DAS NEVES,266
292630 RIACHAO DO JACUIPE,317
292640 RIACHO DE SANTANA,319
292650 RIBEIRA DO AMPARO,140
292660 RIBEIRA DO POMBAL,918
292665 RIBEIRAO DO LARGO,71
292670 RIO DE CONTAS,116
292680 RIO DO ANTONIO,126
292690 RIO DO PIRES,59
292700 RIO REAL,427
292710 RODELAS,178
292720 RUY BARBOSA,357
292730 SALINAS DA MARGARIDA,171
292740 SALVADOR,23494
292750 SANTA BARBARA,189
292760 SANTA BRIGIDA,200
292770 SANTA CRUZ CABRALIA,434
292780 SANTA CRUZ DA VITORIA,51
292790 SANTA INES,99
292800 SANTALUZ,479
292805 SANTA LUZIA,128
292810 SANTA MARIA DA VITORIA,436
292820 SANTANA,262
292830 SANTANOPOLIS,75
292840 SANTA RITA DE CASSIA,309
292850 SANTA TERESINHA,112
292860 SANTO AMARO,451
292870 SANTO ANTONIO DE JESUS,1187
292880 SANTO ESTEVAO,595
292890 SAO DESIDERIO,540
292895 SAO DOMINGOS,60
292900 SAO FELIX,106
292905 SAO FELIX DO CORIBE,229
292910 SAO FELIPE,216
292920 SAO FRANCISCO DO CONDE,372
292925 SAO GABRIEL,203
292930 SAO GONCALO DOS CAMPOS,326
292935 SAO JOSE DA VITORIA,50
292937 SAO JOSE DO JACUIPE,93
292940 SAO MIGUEL DAS MATAS,100
292950 SAO SEBASTIAO DO PASSE,380
292960 SAPEACU,207
292970 SATIRO DIAS,219
292975 SAUBARA,97
292980 SAUDE,91
292990 SEABRA,662
293000 SEBASTIAO LARANJEIRAS,98
293010 SENHOR DO BONFIM,909
293015 SERRA DO RAMALHO,476
293020 SENTO SE,438
293030 SERRA DOURADA,175
293040 SERRA PRETA,92
293050 SERRINHA,918
293060 SERROLANDIA,126
293070 SIMOES FILHO,1326
293075 SITIO DO MATO,175
293076 SITIO DO QUINTO,100
293077 SOBRADINHO,349
293080 SOUTO SOARES,213
293090 TABOCAS DO BREJO VELHO,153
293100 TANHACU,210
293105 TANQUE NOVO,227
293110 TANQUINHO,59
293120 TAPEROA,181
293130 TAPIRAMUTA,146
293135 TEIXEIRA DE FREITAS,2265
293140 TEODORO SAMPAIO,51
293150 TEOFILANDIA,240
293160 TEOLANDIA,134
293170 TERRA NOVA,92
293180 TREMEDAL,153
293190 TUCANO,595
293200 UAUA,253
293210 UBAIRA,192
293220 UBAITABA,215
293230 UBATA,156
293240 UIBAI,117
293245 UMBURANAS,157
293250 UNA,213
293260 URANDI,194
293270 URUCUCA,270
293280 UTINGA,215
293290 VALENCA,1059
293300 VALENTE,248
293305 VARZEA DA ROCA,86
293310 VARZEA DO POCO,62
293315 VARZEA NOVA,128
293317 VARZEDO,93
293320 VERA CRUZ,419
293325 VEREDA,53
293330 VITORIA DA CONQUISTA,4677
293340 WAGNER,85
293345 WANDERLEY,158
293350 WENCESLAU GUIMARAES,210
293360 XIQUE-XIQUE,749
 MUNICIPIO IGNORADO - MG,1
310010 ABADIA DOS DOURADOS,38
310020 ABAETE,206
310030 ABRE CAMPO,180
310040 ACAIACA,28
310050 ACUCENA,66
310060 AGUA BOA,118
310070 AGUA COMPRIDA,21
310080 AGUANIL,45
310090 AGUAS FORMOSAS,251
310100 AGUAS VERMELHAS,146
310110 AIMORES,282
310120 AIURUOCA,51
310130 ALAGOA,24
310140 ALBERTINA,27
310150 ALEM PARAIBA,275
310160 ALFENAS,932
310163 ALFREDO VASCONCELOS,72
310170 ALMENARA,464
310180 ALPERCATA,65
310190 ALPINOPOLIS,225
310200 ALTEROSA,143
310205 ALTO CAPARAO,74
310210 ALTO RIO DOCE,67
310220 ALVARENGA,40
310230 ALVINOPOLIS,96
310240 ALVORADA DE MINAS,63
310250 AMPARO DO SERRA,43
310260 ANDRADAS,419
310270 CACHOEIRA DE PAJEU,70
310280 ANDRELANDIA,117
310285 ANGELANDIA,106
310290 ANTONIO CARLOS,94
310300 ANTONIO DIAS,96
310310 ANTONIO PRADO DE MINAS,11
310320 ARACAI,15
310330 ARACITABA,23
310340 ARACUAI,371
310350 ARAGUARI,1210
310360 ARANTINA,32
310370 ARAPONGA,87
310375 ARAPORA,113
310380 ARAPUA,23
310390 ARAUJOS,112
310400 ARAXA,1379
310410 ARCEBURGO,54
310420 ARCOS,429
310430 AREADO,131
310440 ARGIRITA,23
310445 ARICANDUVA,45
310450 ARINOS,248
310460 ASTOLFO DUTRA,128
310470 ATALEIA,106
310480 AUGUSTO DE LIMA,39
310490 BAEPENDI,185
310500 BALDIM,60
310510 BAMBUI,212
310520 BANDEIRA,32
310530 BANDEIRA DO SUL,55
310540 BARAO DE COCAIS,362
310550 BARAO DE MONTE ALTO,54
310560 BARBACENA,1200
310570 BARRA LONGA,39
310590 BARROSO,199
310600 BELA VISTA DE MINAS,99
310610 BELMIRO BRAGA,29
310620 BELO HORIZONTE,21530
310630 BELO ORIENTE,254
310640 BELO VALE,73
310650 BERILO,60
310660 BERTOPOLIS,70
310665 BERIZAL,54
310670 BETIM,4868
310680 BIAS FORTES,21
310690 BICAS,122
310700 BIQUINHAS,25
310710 BOA ESPERANCA,464
310720 BOCAINA DE MINAS,33
310730 BOCAIUVA,561
310740 BOM DESPACHO,625
310750 BOM JARDIM DE MINAS,66
310760 BOM JESUS DA PENHA,53
310770 BOM JESUS DO AMPARO,61
310780 BOM JESUS DO GALHO,121
310790 BOM REPOUSO,163
310800 BOM SUCESSO,121
310810 BONFIM,52
310820 BONFINOPOLIS DE MINAS,38
310825 BONITO DE MINAS,141
310830 BORDA DA MATA,142
310840 BOTELHOS,116
310850 BOTUMIRIM,61
310855 BRASILANDIA DE MINAS,203
310860 BRASILIA DE MINAS,413
310870 BRAS PIRES,50
310880 BRAUNAS,48
310890 BRAZOPOLIS,138
310900 BRUMADINHO,424
310910 BUENO BRANDAO,81
310920 BUENOPOLIS,69
310925 BUGRE,22
310930 BURITIS,288
310940 BURITIZEIRO,290
310945 CABECEIRA GRANDE,73
310950 CABO VERDE,117
310960 CACHOEIRA DA PRATA,25
310970 CACHOEIRA DE MINAS,111
310980 CACHOEIRA DOURADA,18
310990 CAETANOPOLIS,104
311000 CAETE,374
311010 CAIANA,66
311020 CAJURI,42
311030 CALDAS,112
311040 CAMACHO,19
311050 CAMANDUCAIA,280
311060 CAMBUI,338
311070 CAMBUQUIRA,127
311080 CAMPANARIO,34
311090 CAMPANHA,157
311100 CAMPESTRE,168
311110 CAMPINA VERDE,169
311115 CAMPO AZUL,38
311120 CAMPO BELO,522
311130 CAMPO DO MEIO,117
311140 CAMPO FLORIDO,74
311150 CAMPOS ALTOS,122
311160 CAMPOS GERAIS,242
311170 CANAA,46
311180 CANAPOLIS,82
311190 CANA VERDE,29
311200 CANDEIAS,98
311205 CANTAGALO,41
311210 CAPARAO,101
311220 CAPELA NOVA,26
311230 CAPELINHA,523
311240 CAPETINGA,72
311250 CAPIM BRANCO,103
311260 CAPINOPOLIS,142
311265 CAPITAO ANDRADE,45
311270 CAPITAO ENEAS,175
311280 CAPITOLIO,113
311290 CAPUTIRA,139
311300 CARAI,193
311310 CARANAIBA,19
311320 CARANDAI,223
311330 CARANGOLA,362
311340 CARATINGA,1057
311350 CARBONITA,81
311360 CAREACU,59
311370 CARLOS CHAGAS,160
311380 CARMESIA,34
311390 CARMO DA CACHOEIRA,122
311400 CARMO DA MATA,89
311410 CARMO DE MINAS,128
311420 CARMO DO CAJURU,272
311430 CARMO DO PARANAIBA,254
311440 CARMO DO RIO CLARO,187
311450 CARMOPOLIS DE MINAS,222
311455 CARNEIRINHO,88
311460 CARRANCAS,45
311470 CARVALHOPOLIS,32
311480 CARVALHOS,33
311490 CASA GRANDE,20
311500 CASCALHO RICO,33
311510 CASSIA,175
311520 CONCEICAO DA BARRA DE MINAS,41
311530 CATAGUASES,513
311535 CATAS ALTAS,58
311540 CATAS ALTAS DA NORUEGA,27
311545 CATUJI,114
311547 CATUTI,42
311550 CAXAMBU,168
311560 CEDRO DO ABAETE,9
311570 CENTRAL DE MINAS,70
311580 CENTRALINA,94
311590 CHACARA,30
311600 CHALE,102
311610 CHAPADA DO NORTE,94
311615 CHAPADA GAUCHA,213
311620 CHIADOR,18
311630 CIPOTANEA,37
311640 CLARAVAL,13
311650 CLARO DOS POCOES,52
311660 CLAUDIO,362
311670 COIMBRA,62
311680 COLUNA,92
311690 COMENDADOR GOMES,30
311700 COMERCINHO,58
311710 CONCEICAO DA APARECIDA,83
311720 CONCEICAO DAS PEDRAS,24
311730 CONCEICAO DAS ALAGOAS,300
311740 CONCEICAO DE IPANEMA,39
311750 CONCEICAO DO MATO DENTRO,353
311760 CONCEICAO DO PARA,52
311770 CONCEICAO DO RIO VERDE,138
311780 CONCEICAO DOS OUROS,96
311783 CONEGO MARINHO,58
311787 CONFINS,73
311790 CONGONHAL,126
311800 CONGONHAS,582
311810 CONGONHAS DO NORTE,34
311820 CONQUISTA,62
311830 CONSELHEIRO LAFAIETE,1461
311840 CONSELHEIRO PENA,257
311850 CONSOLACAO,17
311860 CONTAGEM,6522
311870 COQUEIRAL,79
311880 CORACAO DE JESUS,227
311890 CORDISBURGO,54
311900 CORDISLANDIA,39
311910 CORINTO,286
311920 COROACI,58
311930 COROMANDEL,298
311940 CORONEL FABRICIANO,1086
311950 CORONEL MURTA,82
311960 CORONEL PACHECO,19
311970 CORONEL XAVIER CHAVES,21
311980 CORREGO DANTA,22
311990 CORREGO DO BOM JESUS,48
311995 CORREGO FUNDO,54
312000 CORREGO NOVO,22
312010 COUTO DE MAGALHAES DE MINAS,51
312015 CRISOLITA,55
312020 CRISTAIS,132
312030 CRISTALIA,64
312040 CRISTIANO OTONI,48
312050 CRISTINA,112
312060 CRUCILANDIA,38
312070 CRUZEIRO DA FORTALEZA,45
312080 CRUZILIA,166
312083 CUPARAQUE,61
312087 CURRAL DE DENTRO,117
312090 CURVELO,903
312100 DATAS,61
312110 DELFIM MOREIRA,71
312120 DELFINOPOLIS,75
312125 DELTA,114
312130 DESCOBERTO,46
312140 DESTERRO DE ENTRE RIOS,58
312150 DESTERRO DO MELO,26
312160 DIAMANTINA,533
312170 DIOGO DE VASCONCELOS,30
312180 DIONISIO,52
312190 DIVINESIA,40
312200 DIVINO,287
312210 DIVINO DAS LARANJEIRAS,44
312220 DIVINOLANDIA DE MINAS,71
312230 DIVINOPOLIS,2326
312235 DIVISA ALEGRE,69
312240 DIVISA NOVA,78
312245 DIVISOPOLIS,79
312247 DOM BOSCO,48
312250 DOM CAVATI,60
312260 DOM JOAQUIM,40
312270 DOM SILVERIO,53
312280 DOM VICOSO,28
312290 DONA EUSEBIA,51
312300 DORES DE CAMPOS,96
312310 DORES DE GUANHAES,50
312320 DORES DO INDAIA,92
312330 DORES DO TURVO,55
312340 DORESOPOLIS,12
312350 DOURADOQUARA,20
312352 DURANDE,117
312360 ELOI MENDES,253
312370 ENGENHEIRO CALDAS,108
312380 ENGENHEIRO NAVARRO,68
312385 ENTRE FOLHAS,69
312390 ENTRE RIOS DE MINAS,165
312400 ERVALIA,208
312410 ESMERALDAS,923
312420 ESPERA FELIZ,308
312430 ESPINOSA,343
312440 ESPIRITO SANTO DO DOURADO,119
312450 ESTIVA,106
312460 ESTRELA DALVA,17
312470 ESTRELA DO INDAIA,31
312480 ESTRELA DO SUL,60
312490 EUGENOPOLIS,100
312500 EWBANK DA CAMARA,42
312510 EXTREMA,847
312520 FAMA,18
312530 FARIA LEMOS,26
312540 FELICIO DOS SANTOS,52
312550 SAO GONCALO DO RIO PRETO,17
312560 FELISBURGO,65
312570 FELIXLANDIA,134
312580 FERNANDES TOURINHO,23
312590 FERROS,61
312595 FERVEDOURO,132
312600 FLORESTAL,86
312610 FORMIGA,629
312620 FORMOSO,80
312630 FORTALEZA DE MINAS,32
312640 FORTUNA DE MINAS,28
312650 FRANCISCO BADARO,45
312660 FRANCISCO DUMONT,47
312670 FRANCISCO SA,232
312675 FRANCISCOPOLIS,42
312680 FREI GASPAR,60
312690 FREI INOCENCIO,107
312695 FREI LAGONEGRO,30
312700 FRONTEIRA,115
312705 FRONTEIRA DOS VALES,46
312707 FRUTA DE LEITE,52
312710 FRUTAL,668
312720 FUNILANDIA,43
312730 GALILEIA,62
312733 GAMELEIRAS,59
312735 GLAUCILANDIA,24
312737 GOIABEIRA,27
312738 GOIANA,34
312740 GONCALVES,41
312750 GONZAGA,50
312760 GOUVEIA,121
312770 GOVERNADOR VALADARES,3243
312780 GRAO MOGOL,130
312790 GRUPIARA,11
312800 GUANHAES,401
312810 GUAPE,126
312820 GUARACIABA,76
312825 GUARACIAMA,41
312830 GUARANESIA,178
312840 GUARANI,63
312850 GUARARA,30
312860 GUARDA-MOR,54
312870 GUAXUPE,492
312880 GUIDOVAL,99
312890 GUIMARANIA,109
312900 GUIRICEMA,48
312910 GURINHATA,28
312920 HELIODORA,60
312930 IAPU,120
312940 IBERTIOGA,48
312950 IBIA,217
312960 IBIAI,92
312965 IBIRACATU,58
312970 IBIRACI,142
312980 IBIRITE,2105
312990 IBITIURA DE MINAS,21
313000 IBITURUNA,28
313005 ICARAI DE MINAS,100
313010 IGARAPE,560
313020 IGARATINGA,131
313030 IGUATAMA,50
313040 IJACI,69
313050 ILICINEA,139
313055 IMBE DE MINAS,77
313060 INCONFIDENTES,46
313065 INDAIABIRA,65
313070 INDIANOPOLIS,34
313080 INGAI,32
313090 INHAPIM,263
313100 INHAUMA,46
313110 INIMUTABA,67
313115 IPABA,235
313120 IPANEMA,255
313130 IPATINGA,2606
313140 IPIACU,33
313150 IPUIUNA,87
313160 IRAI DE MINAS,91
313170 ITABIRA,1103
313180 ITABIRINHA,120
313190 ITABIRITO,656
313200 ITACAMBIRA,26
313210 ITACARAMBI,212
313220 ITAGUARA,146
313230 ITAIPE,130
313240 ITAJUBA,958
313250 ITAMARANDIBA,397
313260 ITAMARATI DE MINAS,34
313270 ITAMBACURI,248
313280 ITAMBE DO MATO DENTRO,15
313290 ITAMOGI,105
313300 ITAMONTE,166
313310 ITANHANDU,161
313320 ITANHOMI,98
313330 ITAOBIM,183
313340 ITAPAGIPE,91
313350 ITAPECERICA,153
313360 ITAPEVA,161
313370 ITATIAIUCU,167
313375 ITAU DE MINAS,134
313380 ITAUNA,956
313390 ITAVERAVA,36
313400 ITINGA,152
313410 ITUETA,50
313420 ITUIUTABA,925
313430 ITUMIRIM,73
313440 ITURAMA,492
313450 ITUTINGA,41
313460 JABOTICATUBAS,167
313470 JACINTO,113
313480 JACUI,96
313490 JACUTINGA,271
313500 JAGUARACU,28
313505 JAIBA,604
313507 JAMPRUCA,54
313510 JANAUBA,991
313520 JANUARIA,872
313530 JAPARAIBA,50
313535 JAPONVAR,90
313540 JECEABA,56
313545 JENIPAPO DE MINAS,61
313550 JEQUERI,138
313560 JEQUITAI,57
313570 JEQUITIBA,59
313580 JEQUITINHONHA,195
313590 JESUANIA,49
313600 JOAIMA,158
313610 JOANESIA,27
313620 JOAO MONLEVADE,819
313630 JOAO PINHEIRO,586
313640 JOAQUIM FELICIO,31
313650 JORDANIA,79
313652 JOSE GONCALVES DE MINAS,35
313655 JOSE RAYDAN,46
313657 JOSENOPOLIS,31
313660 NOVA UNIAO,53
313665 JUATUBA,378
313670 JUIZ DE FORA,5090
313680 JURAMENTO,37
313690 JURUAIA,139
313695 JUVENILIA,77
313700 LADAINHA,149
313710 LAGAMAR,41
313720 LAGOA DA PRATA,595
313730 LAGOA DOS PATOS,41
313740 LAGOA DOURADA,132
313750 LAGOA FORMOSA,190
313753 LAGOA GRANDE,81
313760 LAGOA SANTA,854
313770 LAJINHA,347
313780 LAMBARI,172
313790 LAMIM,25
313800 LARANJAL,37
313810 LASSANCE,88
313820 LAVRAS,1166
313830 LEANDRO FERREIRA,32
313835 LEME DO PRADO,35
313840 LEOPOLDINA,443
313850 LIBERDADE,42
313860 LIMA DUARTE,165
313862 LIMEIRA DO OESTE,85
313865 LONTRA,118
313867 LUISBURGO,116
313868 LUISLANDIA,78
313870 LUMINARIAS,48
313880 LUZ,173
313890 MACHACALIS,75
313900 MACHADO,405
313910 MADRE DE DEUS DE MINAS,57
313920 MALACACHETA,176
313925 MAMONAS,49
313930 MANGA,296
313940 MANHUACU,1257
313950 MANHUMIRIM,235
313960 MANTENA,293
313970 MARAVILHAS,75
313980 MAR DE ESPANHA,116
313990 MARIA DA FE,143
314000 MARIANA,803
314010 MARILAC,59
314015 MARIO CAMPOS,212
314020 MARIPA DE MINAS,37
314030 MARLIERIA,42
314040 MARMELOPOLIS,33
314050 MARTINHO CAMPOS,120
314053 MARTINS SOARES,115
314055 MATA VERDE,70
314060 MATERLANDIA,29
314070 MATEUS LEME,411
314080 MATIAS BARBOSA,152
314085 MATIAS CARDOSO,133
314090 MATIPO,297
314100 MATO VERDE,142
314110 MATOZINHOS,412
314120 MATUTINA,35
314130 MEDEIROS,35
314140 MEDINA,205
314150 MENDES PIMENTEL,48
314160 MERCES,81
314170 MESQUITA,43
314180 MINAS NOVAS,245
314190 MINDURI,31
314200 MIRABELA,134
314210 MIRADOURO,100
314220 MIRAI,108
314225 MIRAVANIA,45
314230 MOEDA,52
314240 MOEMA,76
314250 MONJOLOS,24
314260 MONSENHOR PAULO,88
314270 MONTALVANIA,167
314280 MONTE ALEGRE DE MINAS,185
314290 MONTE AZUL,201
314300 MONTE BELO,111
314310 MONTE CARMELO,533
314315 MONTE FORMOSO,63
314320 MONTE SANTO DE MINAS,191
314330 MONTES CLAROS,5233
314340 MONTE SIAO,169
314345 MONTEZUMA,84
314350 MORADA NOVA DE MINAS,100
314360 MORRO DA GARCA,16
314370 MORRO DO PILAR,26
314380 MUNHOZ,57
314390 MURIAE,1189
314400 MUTUM,384
314410 MUZAMBINHO,221
314420 NACIP RAYDAN,14
314430 NANUQUE,417
314435 NAQUE,75
314437 NATALANDIA,34
314440 NATERCIA,34
314450 NAZARENO,80
314460 NEPOMUCENO,295
314465 NINHEIRA,112
314467 NOVA BELEM,39
314470 NOVA ERA,153
314480 NOVA LIMA,1208
314490 NOVA MODICA,25
314500 NOVA PONTE,162
314505 NOVA PORTEIRINHA,97
314510 NOVA RESENDE,219
314520 NOVA SERRANA,1789
314530 NOVO CRUZEIRO,283
314535 NOVO ORIENTE DE MINAS,87
314537 NOVORIZONTE,49
314540 OLARIA,21
314545 OLHOS-D'AGUA,53
314550 OLIMPIO NORONHA,34
314560 OLIVEIRA,401
314570 OLIVEIRA FORTES,14
314580 ONCA DE PITANGUI,28
314585 ORATORIOS,58
314587 ORIZANIA,143
314590 OURO BRANCO,471
314600 OURO FINO,284
314610 OURO PRETO,706
314620 OURO VERDE DE MINAS,97
314625 PADRE CARVALHO,42
314630 PADRE PARAISO,211
314640 PAINEIRAS,25
314650 PAINS,76
314655 PAI PEDRO,69
314660 PAIVA,15
314670 PALMA,48
314675 PALMOPOLIS,58
314690 PAPAGAIOS,153
314700 PARACATU,1354
314710 PARA DE MINAS,1097
314720 PARAGUACU,257
314730 PARAISOPOLIS,226
314740 PARAOPEBA,259
314750 PASSABEM,15
314760 PASSA QUATRO,184
314770 PASSA TEMPO,62
314780 PASSA-VINTE,17
314790 PASSOS,1254
314795 PATIS,43
314800 PATOS DE MINAS,1738
314810 PATROCINIO,1125
314820 PATROCINIO DO MURIAE,59
314830 PAULA CANDIDO,88
314840 PAULISTAS,32
314850 PAVAO,79
314860 PECANHA,165
314870 PEDRA AZUL,236
314875 PEDRA BONITA,133
314880 PEDRA DO ANTA,23
314890 PEDRA DO INDAIA,47
314900 PEDRA DOURADA,32
314910 PEDRALVA,102
314915 PEDRAS DE MARIA DA CRUZ,106
314920 PEDRINOPOLIS,29
314930 PEDRO LEOPOLDO,616
314940 PEDRO TEIXEIRA,13
314950 PEQUERI,29
314960 PEQUI,38
314970 PERDIGAO,210
314980 PERDIZES,238
314990 PERDOES,204
314995 PERIQUITO,98
315000 PESCADOR,32
315010 PIAU,19
315015 PIEDADE DE CARATINGA,157
315020 PIEDADE DE PONTE NOVA,47
315030 PIEDADE DO RIO GRANDE,34
315040 PIEDADE DOS GERAIS,45
315050 PIMENTA,84
315053 PINGO-D'AGUA,43
315057 PINTOPOLIS,102
315060 PIRACEMA,63
315070 PIRAJUBA,64
315080 PIRANGA,122
315090 PIRANGUCU,38
315100 PIRANGUINHO,90
315110 PIRAPETINGA,132
315120 PIRAPORA,717
315130 PIRAUBA,94
315140 PITANGUI,297
315150 PIUMHI,403
315160 PLANURA,115
315170 POCO FUNDO,127
315180 POCOS DE CALDAS,1659
315190 POCRANE,64
315200 POMPEU,349
315210 PONTE NOVA,612
315213 PONTO CHIQUE,37
315217 PONTO DOS VOLANTES,129
315220 PORTEIRINHA,398
315230 PORTO FIRME,72
315240 POTE,104
315250 POUSO ALEGRE,1930
315260 POUSO ALTO,62
315270 PRADOS,89
315280 PRATA,328
315290 PRATAPOLIS,66
315300 PRATINHA,27
315310 PRESIDENTE BERNARDES,37
315320 PRESIDENTE JUSCELINO,23
315330 PRESIDENTE KUBITSCHEK,22
315340 PRESIDENTE OLEGARIO,133
315350 ALTO JEQUITIBA,111
315360 PRUDENTE DE MORAIS,125
315370 QUARTEL GERAL,22
315380 QUELUZITO,20
315390 RAPOSOS,158
315400 RAUL SOARES,229
315410 RECREIO,66
315415 REDUTO,97
315420 RESENDE COSTA,97
315430 RESPLENDOR,196
315440 RESSAQUINHA,44
315445 RIACHINHO,60
315450 RIACHO DOS MACHADOS,134
315460 RIBEIRAO DAS NEVES,3723
315470 RIBEIRAO VERMELHO,32
315480 RIO ACIMA,105
315490 RIO CASCA,121
315500 RIO DOCE,26
315510 RIO DO PRADO,48
315520 RIO ESPERA,44
315530 RIO MANSO,54
315540 RIO NOVO,68
315550 RIO PARANAIBA,177
315560 RIO PARDO DE MINAS,381
315570 RIO PIRACICABA,118
315580 RIO POMBA,163
315590 RIO PRETO,34
315600 RIO VERMELHO,95
315610 RITAPOLIS,54
315620 ROCHEDO DE MINAS,27
315630 RODEIRO,112
315640 ROMARIA,33
315645 ROSARIO DA LIMEIRA,46
315650 RUBELITA,47
315660 RUBIM,77
315670 SABARA,1320
315680 SABINOPOLIS,144
315690 SACRAMENTO,311
315700 SALINAS,496
315710 SALTO DA DIVISA,52
315720 SANTA BARBARA,330
315725 SANTA BARBARA DO LESTE,102
315727 SANTA BARBARA DO MONTE VERDE,29
315730 SANTA BARBARA DO TUGURIO,37
315733 SANTA CRUZ DE MINAS,97
315737 SANTA CRUZ DE SALINAS,41
315740 SANTA CRUZ DO ESCALVADO,35
315750 SANTA EFIGENIA DE MINAS,44
315760 SANTA FE DE MINAS,38
315765 SANTA HELENA DE MINAS,74
315770 SANTA JULIANA,243
315780 SANTA LUZIA,2472
315790 SANTA MARGARIDA,259
315800 SANTA MARIA DE ITABIRA,114
315810 SANTA MARIA DO SALTO,39
315820 SANTA MARIA DO SUACUI,142
315830 SANTANA DA VARGEM,68
315840 SANTANA DE CATAGUASES,25
315850 SANTANA DE PIRAPAMA,55
315860 SANTANA DO DESERTO,34
315870 SANTANA DO GARAMBEU,17
315880 SANTANA DO JACARE,37
315890 SANTANA DO MANHUACU,154
315895 SANTANA DO PARAISO,633
315900 SANTANA DO RIACHO,59
315910 SANTANA DOS MONTES,27
315920 SANTA RITA DE CALDAS,56
315930 SANTA RITA DE JACUTINGA,36
315935 SANTA RITA DE MINAS,91
315940 SANTA RITA DE IBITIPOCA,21
315950 SANTA RITA DO ITUETO,95
315960 SANTA RITA DO SAPUCAI,455
315970 SANTA ROSA DA SERRA,25
315980 SANTA VITORIA,191
315990 SANTO ANTONIO DO AMPARO,146
316000 SANTO ANTONIO DO AVENTUREIRO,23
316010 SANTO ANTONIO DO GRAMA,52
316020 SANTO ANTONIO DO ITAMBE,40
316030 SANTO ANTONIO DO JACINTO,94
316040 SANTO ANTONIO DO MONTE,375
316045 SANTO ANTONIO DO RETIRO,68
316050 SANTO ANTONIO DO RIO ABAIXO,28
316060 SANTO HIPOLITO,14
316070 SANTOS DUMONT,409
316080 SAO BENTO ABADE,50
316090 SAO BRAS DO SUACUI,51
316095 SAO DOMINGOS DAS DORES,68
316100 SAO DOMINGOS DO PRATA,127
316105 SAO FELIX DE MINAS,32
316110 SAO FRANCISCO,721
316120 SAO FRANCISCO DE PAULA,50
316130 SAO FRANCISCO DE SALES,60
316140 SAO FRANCISCO DO GLORIA,42
316150 SAO GERALDO,101
316160 SAO GERALDO DA PIEDADE,37
316165 SAO GERALDO DO BAIXIO,57
316170 SAO GONCALO DO ABAETE,50
316180 SAO GONCALO DO PARA,149
316190 SAO GONCALO DO RIO ABAIXO,154
316200 SAO GONCALO DO SAPUCAI,247
316210 SAO GOTARDO,699
316220 SAO JOAO BATISTA DO GLORIA,86
316225 SAO JOAO DA LAGOA,53
316230 SAO JOAO DA MATA,33
316240 SAO JOAO DA PONTE,241
316245 SAO JOAO DAS MISSOES,250
316250 SAO JOAO DEL REI,840
316255 SAO JOAO DO MANHUACU,208
316257 SAO JOAO DO MANTENINHA,52
316260 SAO JOAO DO ORIENTE,65
316265 SAO JOAO DO PACUI,24
316270 SAO JOAO DO PARAISO,242
316280 SAO JOAO EVANGELISTA,164
316290 SAO JOAO NEPOMUCENO,249
316292 SAO JOAQUIM DE BICAS,383
316294 SAO JOSE DA BARRA,82
316295 SAO JOSE DA LAPA,291
316300 SAO JOSE DA SAFIRA,45
316310 SAO JOSE DA VARGINHA,48
316320 SAO JOSE DO ALEGRE,43
316330 SAO JOSE DO DIVINO,28
316340 SAO JOSE DO GOIABAL,56
316350 SAO JOSE DO JACURI,64
316360 SAO JOSE DO MANTIMENTO,33
316370 SAO LOURENCO,418
316380 SAO MIGUEL DO ANTA,56
316390 SAO PEDRO DA UNIAO,37
316400 SAO PEDRO DOS FERROS,56
316410 SAO PEDRO DO SUACUI,47
316420 SAO ROMAO,97
316430 SAO ROQUE DE MINAS,74
316440 SAO SEBASTIAO DA BELA VISTA,76
316443 SAO SEBASTIAO DA VARGEM ALEGRE,21
316447 SAO SEBASTIAO DO ANTA,66
316450 SAO SEBASTIAO DO MARANHAO,79
316460 SAO SEBASTIAO DO OESTE,157
316470 SAO SEBASTIAO DO PARAISO,800
316480 SAO SEBASTIAO DO RIO PRETO,12
316490 SAO SEBASTIAO DO RIO VERDE,20
316500 SAO TIAGO,100
316510 SAO TOMAS DE AQUINO,69
316520 SAO THOME DAS LETRAS,46
316530 SAO VICENTE DE MINAS,58
316540 SAPUCAI-MIRIM,65
316550 SARDOA,60
316553 SARZEDO,420
316555 SETUBINHA,117
316556 SEM-PEIXE,17
316557 SENADOR AMARAL,133
316560 SENADOR CORTES,27
316570 SENADOR FIRMINO,77
316580 SENADOR JOSE BENTO,15
316590 SENADOR MODESTINO GONCALVES,28
316600 SENHORA DE OLIVEIRA,49
316610 SENHORA DO PORTO,30
316620 SENHORA DOS REMEDIOS,80
316630 SERICITA,85
316640 SERITINGA,11
316650 SERRA AZUL DE MINAS,40
316660 SERRA DA SAUDADE,5
316670 SERRA DOS AIMORES,63
316680 SERRA DO SALITRE,193
316690 SERRANIA,70
316695 SERRANOPOLIS DE MINAS,48
316700 SERRANOS,25
316710 SERRO,217
316720 SETE LAGOAS,2409
316730 SILVEIRANIA,22
316740 SILVIANOPOLIS,34
316750 SIMAO PEREIRA,20
316760 SIMONESIA,294
316770 SOBRALIA,41
316780 SOLEDADE DE MINAS,47
316790 TABULEIRO,38
316800 TAIOBEIRAS,394
316805 TAPARUBA,27
316810 TAPIRA,51
316820 TAPIRAI,13
316830 TAQUARACU DE MINAS,23
316840 TARUMIRIM,114
316850 TEIXEIRAS,125
316860 TEOFILO OTONI,1606
316870 TIMOTEO,803
316880 TIRADENTES,70
316890 TIROS,58
316900 TOCANTINS,169
316905 TOCOS DO MOJI,35
316910 TOLEDO,87
316920 TOMBOS,72
316930 TRES CORACOES,820
316935 TRES MARIAS,377
316940 TRES PONTAS,658
316950 TUMIRITINGA,53
316960 TUPACIGUARA,229
316970 TURMALINA,187
316980 TURVOLANDIA,70
316990 UBA,1181
317000 UBAI,125
317005 UBAPORANGA,129
317010 UBERABA,3501
317020 UBERLANDIA,7703
317030 UMBURATIBA,26
317040 UNAI,1165
317043 UNIAO DE MINAS,34
317047 URUANA DE MINAS,21
317050 URUCANIA,111
317052 URUCUIA,115
317057 VARGEM ALEGRE,43
317060 VARGEM BONITA,22
317065 VARGEM GRANDE DO RIO PARDO,72
317070 VARGINHA,1576
317075 VARJAO DE MINAS,103
317080 VARZEA DA PALMA,367
317090 VARZELANDIA,235
317100 VAZANTE,182
317103 VERDELANDIA,125
317107 VEREDINHA,37
317110 VERISSIMO,21
317115 VERMELHO NOVO,56
317120 VESPASIANO,1576
317130 VICOSA,786
317140 VIEIRAS,34
317150 MATHIAS LOBATO,36
317160 VIRGEM DA LAPA,90
317170 VIRGINIA,109
317180 VIRGINOPOLIS,111
317190 VIRGOLANDIA,42
317200 VISCONDE DO RIO BRANCO,448
317210 VOLTA GRANDE,43
317220 WENCESLAU BRAZ,13
 MUNICIPIO IGNORADO - ES,3
320010 AFONSO CLAUDIO,357
320013 AGUIA BRANCA,147
320016 AGUA DOCE DO NORTE,194
320020 ALEGRE,298
320030 ALFREDO CHAVES,123
320035 ALTO RIO NOVO,90
320040 ANCHIETA,353
320050 APIACA,75
320060 ARACRUZ,1364
320070 ATILIO VIVACQUA,159
320080 BAIXO GUANDU,348
320090 BARRA DE SAO FRANCISCO,587
320100 BOA ESPERANCA,204
320110 BOM JESUS DO NORTE,80
320115 BREJETUBA,209
320120 CACHOEIRO DE ITAPEMIRIM,2404
320130 CARIACICA,4763
320140 CASTELO,420
320150 COLATINA,1503
320160 CONCEICAO DA BARRA,357
320170 CONCEICAO DO CASTELO,174
320180 DIVINO DE SAO LOURENCO,58
320190 DOMINGOS MARTINS,428
320200 DORES DO RIO PRETO,94
320210 ECOPORANGA,262
320220 FUNDAO,224
320225 GOVERNADOR LINDENBERG,117
320230 GUACUI,400
320240 GUARAPARI,1711
320245 IBATIBA,380
320250 IBIRACU,157
320255 IBITIRAMA,149
320260 ICONHA,121
320265 IRUPI,181
320270 ITAGUACU,134
320280 ITAPEMIRIM,511
320290 ITARANA,136
320300 IUNA,428
320305 JAGUARE,462
320310 JERONIMO MONTEIRO,136
320313 JOAO NEIVA,158
320316 LARANJA DA TERRA,97
320320 LINHARES,2628
320330 MANTENOPOLIS,138
320332 MARATAIZES,569
320334 MARECHAL FLORIANO,197
320335 MARILANDIA,145
320340 MIMOSO DO SUL,263
320350 MONTANHA,231
320360 MUCURICI,70
320370 MUNIZ FREIRE,217
320380 MUQUI,145
320390 NOVA VENECIA,658
320400 PANCAS,200
320405 PEDRO CANARIO,328
320410 PINHEIROS,314
320420 PIUMA,293
320425 PONTO BELO,81
320430 PRESIDENTE KENNEDY,210
320435 RIO BANANAL,303
320440 RIO NOVO DO SUL,103
320450 SANTA LEOPOLDINA,83
320455 SANTA MARIA DE JETIBA,692
320460 SANTA TERESA,294
320465 SAO DOMINGOS DO NORTE,118
320470 SAO GABRIEL DA PALHA,417
320480 SAO JOSE DO CALCADO,106
320490 SAO MATEUS,1824
320495 SAO ROQUE DO CANAA,133
320500 SERRA,7365
320501 SOORETAMA,449
320503 VARGEM ALTA,266
320506 VENDA NOVA DO IMIGRANTE,357
320510 VIANA,908
320515 VILA PAVAO,104
320517 VILA VALERIO,237
320520 VILA VELHA,5437
320530 VITORIA,3498
 MUNICIPIO IGNORADO - RJ,22
330010 ANGRA DOS REIS,2065
330015 APERIBE,118
330020 ARARUAMA,1444
330022 AREAL,128
330023 ARMACAO DOS BUZIOS,578
330025 ARRAIAL DO CABO,409
330030 BARRA DO PIRAI,872
330040 BARRA MANSA,1624
330045 BELFORD ROXO,5230
330050 BOM JARDIM,279
330060 BOM JESUS DO ITABAPOANA,476
330070 CABO FRIO,2505
330080 CACHOEIRAS DE MACACU,569
330090 CAMBUCI,105
330093 CARAPEBUS,123
330095 COMENDADOR LEVY GASPARIAN,91
330100 CAMPOS DOS GOYTACAZES,5870
330110 CANTAGALO,216
330115 CARDOSO MOREIRA,133
330120 CARMO,163
330130 CASIMIRO DE ABREU,456
330140 CONCEICAO DE MACABU,208
330150 CORDEIRO,213
330160 DUAS BARRAS,75
330170 DUQUE DE CAXIAS,9812
330180 ENGENHEIRO PAULO DE FRONTIN,97
330185 GUAPIMIRIM,564
330187 IGUABA GRANDE,319
330190 ITABORAI,2584
330200 ITAGUAI,1525
330205 ITALVA,135
330210 ITAOCARA,236
330220 ITAPERUNA,999
330225 ITATIAIA,327
330227 JAPERI,1069
330230 LAJE DO MURIAE,72
330240 MACAE,3085
330245 MACUCO,76
330250 MAGE,2885
330260 MANGARATIBA,383
330270 MARICA,2120
330280 MENDES,126
330285 MESQUITA,1624
330290 MIGUEL PEREIRA,244
330300 MIRACEMA,277
330310 NATIVIDADE,139
330320 NILOPOLIS,1240
330330 NITEROI,4541
330340 NOVA FRIBURGO,1770
330350 NOVA IGUACU,9232
330360 PARACAMBI,388
330370 PARAIBA DO SUL,402
330380 PARATY,567
330385 PATY DO ALFERES,365
330390 PETROPOLIS,2855
330395 PINHEIRAL,206
330400 PIRAI,285
330410 PORCIUNCULA,182
330411 PORTO REAL,226
330412 QUATIS,142
330414 QUEIMADOS,1643
330415 QUISSAMA,222
330420 RESENDE,1447
330430 RIO BONITO,598
330440 RIO CLARO,166
330450 RIO DAS FLORES,96
330452 RIO DAS OSTRAS,1675
330455 RIO DE JANEIRO,57457
330460 SANTA MARIA MADALENA,81
330470 SANTO ANTONIO DE PADUA,414
330475 SAO FRANCISCO DE ITABAPOANA,510
330480 SAO FIDELIS,327
330490 SAO GONCALO,7911
330500 SAO JOAO DA BARRA,493
330510 SAO JOAO DE MERITI,4183
330513 SAO JOSE DE UBA,94
330515 SAO JOSE DO VALE DO RIO PRETO,224
330520 SAO PEDRO DA ALDEIA,1433
330530 SAO SEBASTIAO DO ALTO,76
330540 SAPUCAIA,180
330550 SAQUAREMA,1206
330555 SEROPEDICA,889
330560 SILVA JARDIM,243
330570 SUMIDOURO,188
330575 TANGUA,318
330580 TERESOPOLIS,1898
330590 TRAJANO DE MORAES,69
330600 TRES RIOS,830
330610 VALENCA,663
330615 VARRE-SAI,152
330620 VASSOURAS,413
330630 VOLTA REDONDA,2552
 MUNICIPIO IGNORADO - SP,4
350010 ADAMANTINA,353
350020 ADOLFO,47
350030 AGUAI,337
350040 AGUAS DA PRATA,55
350050 AGUAS DE LINDOIA,206
350055 AGUAS DE SANTA BARBARA,60
350060 AGUAS DE SAO PEDRO,19
350070 AGUDOS,458
350075 ALAMBARI,67
350080 ALFREDO MARCONDES,42
350090 ALTAIR,32
350100 ALTINOPOLIS,148
350110 ALTO ALEGRE,49
350115 ALUMINIO,169
350120 ALVARES FLORENCE,20
350130 ALVARES MACHADO,320
350140 ALVARO DE CARVALHO,37
350150 ALVINLANDIA,35
350160 AMERICANA,2226
350170 AMERICO BRASILIENSE,337
350180 AMERICO DE CAMPOS,66
350190 AMPARO,666
350200 ANALANDIA,37
350210 ANDRADINA,531
350220 ANGATUBA,269
350230 ANHEMBI,65
350240 ANHUMAS,50
350250 APARECIDA,334
350260 APARECIDA D'OESTE,40
350270 APIAI,286
350275 ARACARIGUAMA,318
350280 ARACATUBA,1984
350290 ARACOIABA DA SERRA,336
350300 ARAMINA,55
350310 ARANDU,73
350315 ARAPEI,19
350320 ARARAQUARA,2339
350330 ARARAS,1271
350335 ARCO-IRIS,10
350340 AREALVA,74
350350 AREIAS,41
350360 AREIOPOLIS,120
350370 ARIRANHA,68
350380 ARTUR NOGUEIRA,537
350390 ARUJA,1264
350395 ASPASIA,16
350400 ASSIS,953
350410 ATIBAIA,1803
350420 AURIFLAMA,138
350430 AVAI,55
350440 AVANHANDAVA,122
350450 AVARE,1075
350460 BADY BASSITT,431
350470 BALBINOS,12
350480 BALSAMO,95
350490 BANANAL,80
350500 BARAO DE ANTONINA,45
350510 BARBOSA,64
350520 BARIRI,344
350530 BARRA BONITA,277
350535 BARRA DO CHAPEU,64
350540 BARRA DO TURVO,78
350550 BARRETOS,1262
350560 BARRINHA,375
350570 BARUERI,4795
350580 BASTOS,229
350590 BATATAIS,594
350600 BAURU,3832
350610 BEBEDOURO,758
350620 BENTO DE ABREU,21
350630 BERNARDINO DE CAMPOS,107
350635 BERTIOGA,904
350640 BILAC,60
350650 BIRIGUI,1119
350660 BIRITIBA-MIRIM,320
350670 BOA ESPERANCA DO SUL,137
350680 BOCAINA,112
350690 BOFETE,128
350700 BOITUVA,704
350710 BOM JESUS DOS PERDOES,294
350715 BOM SUCESSO DE ITARARE,49
350720 BORA,4
350730 BORACEIA,49
350740 BORBOREMA,104
350745 BOREBI,27
350750 BOTUCATU,1469
350760 BRAGANCA PAULISTA,2153
350770 BRAUNA,50
350775 BREJO ALEGRE,23
350780 BRODOWSKI,247
350790 BROTAS,277
350800 BURI,285
350810 BURITAMA,135
350820 BURITIZAL,42
350830 CABRALIA PAULISTA,45
350840 CABREUVA,714
350850 CACAPAVA,887
350860 CACHOEIRA PAULISTA,288
350870 CACONDE,190
350880 CAFELANDIA,164
350890 CAIABU,41
350900 CAIEIRAS,968
350910 CAIUA,35
350920 CAJAMAR,1218
350925 CAJATI,362
350930 CAJOBI,63
350940 CAJURU,228
350945 CAMPINA DO MONTE ALEGRE,67
350950 CAMPINAS,11465
350960 CAMPO LIMPO PAULISTA,714
350970 CAMPOS DO JORDAO,607
350980 CAMPOS NOVOS PAULISTA,67
350990 CANANEIA,155
350995 CANAS,78
351000 CANDIDO MOTA,291
351010 CANDIDO RODRIGUES,25
351015 CANITAR,95
351020 CAPAO BONITO,564
351030 CAPELA DO ALTO,287
351040 CAPIVARI,587
351050 CARAGUATATUBA,1523
351060 CARAPICUIBA,4709
351070 CARDOSO,75
351080 CASA BRANCA,240
351090 CASSIA DOS COQUEIROS,15
351100 CASTILHO,181
351110 CATANDUVA,1131
351120 CATIGUA,65
351130 CEDRAL,136
351140 CERQUEIRA CESAR,242
351150 CERQUILHO,417
351160 CESARIO LANGE,186
351170 CHARQUEADA,169
351190 CLEMENTINA,79
351200 COLINA,201
351210 COLOMBIA,63
351220 CONCHAL,335
351230 CONCHAS,162
351240 CORDEIROPOLIS,250
351250 COROADOS,47
351260 CORONEL MACEDO,55
351270 CORUMBATAI,32
351280 COSMOPOLIS,537
351290 COSMORAMA,102
351300 COTIA,3513
351310 CRAVINHOS,373
351320 CRISTAIS PAULISTA,76
351330 CRUZALIA,20
351340 CRUZEIRO,715
351350 CUBATAO,1197
351360 CUNHA,240
351370 DESCALVADO,305
351380 DIADEMA,3760
351385 DIRCE REIS,17
351390 DIVINOLANDIA,109
351400 DOBRADA,109
351410 DOIS CORREGOS,284
351420 DOLCINOPOLIS,21
351430 DOURADO,75
351440 DRACENA,435
351450 DUARTINA,117
351460 DUMONT,112
351470 ECHAPORA,81
351480 ELDORADO,170
351490 ELIAS FAUSTO,152
351492 ELISIARIO,25
351495 EMBAUBA,21
351500 EMBU DAS ARTES,3209
351510 EMBU-GUACU,717
351512 EMILIANOPOLIS,18
351515 ENGENHEIRO COELHO,251
351518 ESPIRITO SANTO DO PINHAL,364
351519 ESPIRITO SANTO DO TURVO,45
351520 ESTRELA D'OESTE,65
351530 ESTRELA DO NORTE,20
351535 EUCLIDES DA CUNHA PAULISTA,83
351540 FARTURA,166
351550 FERNANDOPOLIS,684
351560 FERNANDO PRESTES,61
351565 FERNAO,13
351570 FERRAZ DE VASCONCELOS,2144
351580 FLORA RICA,8
351590 FLOREAL,21
351600 FLORIDA PAULISTA,87
351610 FLORINIA,17
351620 FRANCA,3984
351630 FRANCISCO MORATO,2312
351640 FRANCO DA ROCHA,1716
351650 GABRIEL MONTEIRO,16
351660 GALIA,52
351670 GARCA,402
351680 GASTAO VIDIGAL,33
351685 GAVIAO PEIXOTO,51
351690 GENERAL SALGADO,81
351700 GETULINA,66
351710 GLICERIO,35
351720 GUAICARA,111
351730 GUAIMBE,63
351740 GUAIRA,377
351750 GUAPIACU,271
351760 GUAPIARA,191
351770 GUARA,185
351780 GUARACAI,59
351790 GUARACI,105
351800 GUARANI D'OESTE,24
351810 GUARANTA,49
351820 GUARARAPES,251
351830 GUARAREMA,352
351840 GUARATINGUETA,1279
351850 GUAREI,129
351860 GUARIBA,380
351870 GUARUJA,3320
351880 GUARULHOS,16112
351885 GUATAPARA,70
351890 GUZOLANDIA,31
351900 HERCULANDIA,121
351905 HOLAMBRA,189
351907 HORTOLANDIA,2653
351910 IACANGA,124
351920 IACRI,61
351925 IARAS,48
351930 IBATE,361
351940 IBIRA,105
351950 IBIRAREMA,70
351960 IBITINGA,641
351970 IBIUNA,927
351980 ICEM,64
351990 IEPE,79
352000 IGARACU DO TIETE,212
352010 IGARAPAVA,258
352020 IGARATA,126
352030 IGUAPE,273
352040 ILHABELA,470
352042 ILHA COMPRIDA,115
352044 ILHA SOLTEIRA,193
352050 INDAIATUBA,2906
352060 INDIANA,43
352070 INDIAPORA,34
352080 INUBIA PAULISTA,26
352090 IPAUSSU,144
352100 IPERO,316
352110 IPEUNA,57
352115 IPIGUA,56
352120 IPORANGA,42
352130 IPUA,136
352140 IRACEMAPOLIS,233
352150 IRAPUA,73
352160 IRAPURU,36
352170 ITABERA,216
352180 ITAI,289
352190 ITAJOBI,188
352200 ITAJU,59
352210 ITANHAEM,1237
352215 ITAOCA,29
352220 ITAPECERICA DA SERRA,1882
352230 ITAPETININGA,1739
352240 ITAPEVA,1156
352250 ITAPEVI,3345
352260 ITAPIRA,620
352265 ITAPIRAPUA PAULISTA,78
352270 ITAPOLIS,387
352280 ITAPORANGA,174
352290 ITAPUI,142
352300 ITAPURA,41
352310 ITAQUAQUECETUBA,4762
352320 ITARARE,522
352330 ITARIRI,143
352340 ITATIBA,1259
352350 ITATINGA,202
352360 ITIRAPINA,120
352370 ITIRAPUA,55
352380 ITOBI,65
352390 ITU,1828
352400 ITUPEVA,883
352410 ITUVERAVA,372
352420 JABORANDI,57
352430 JABOTICABAL,666
352440 JACAREI,2399
352450 JACI,75
352460 JACUPIRANGA,176
352470 JAGUARIUNA,636
352480 JALES,436
352490 JAMBEIRO,57
352500 JANDIRA,1230
352510 JARDINOPOLIS,446
352520 JARINU,435
352530 JAU,1308
352540 JERIQUARA,48
352550 JOANOPOLIS,153
352560 JOAO RAMALHO,43
352570 JOSE BONIFACIO,421
352580 JULIO MESQUITA,46
352585 JUMIRIM,34
352590 JUNDIAI,4903
352600 JUNQUEIROPOLIS,196
352610 JUQUIA,210
352620 JUQUITIBA,329
352630 LAGOINHA,41
352640 LARANJAL PAULISTA,329
352650 LAVINIA,30
352660 LAVRINHAS,80
352670 LEME,992
352680 LENCOIS PAULISTA,764
352690 LIMEIRA,3014
352700 LINDOIA,71
352710 LINS,727
352720 LORENA,898
352725 LOURDES,17
352730 LOUVEIRA,676
352740 LUCELIA,152
352750 LUCIANOPOLIS,30
352760 LUIS ANTONIO,143
352770 LUIZIANIA,46
352780 LUPERCIO,36
352790 LUTECIA,28
352800 MACATUBA,157
352810 MACAUBAL,55
352820 MACEDONIA,27
352830 MAGDA,20
352840 MAIRINQUE,595
352850 MAIRIPORA,873
352860 MANDURI,106
352870 MARABA PAULISTA,30
352880 MARACAI,110
352885 MARAPOAMA,27
352890 MARIAPOLIS,27
352900 MARILIA,2450
352910 MARINOPOLIS,15
352920 MARTINOPOLIS,270
352930 MATAO,771
352940 MAUA,4090
352950 MENDONCA,62
352960 MERIDIANO,28
352965 MESOPOLIS,21
352970 MIGUELOPOLIS,167
352980 MINEIROS DO TIETE,95
352990 MIRACATU,239
353000 MIRA ESTRELA,26
353010 MIRANDOPOLIS,207
353020 MIRANTE DO PARANAPANEMA,130
353030 MIRASSOL,668
353040 MIRASSOLANDIA,50
353050 MOCOCA,617
353060 MOGI DAS CRUZES,4828
353070 MOGI GUACU,1628
353080 MOGI MIRIM,872
353090 MOMBUCA,46
353100 MONCOES,21
353110 MONGAGUA,648
353120 MONTE ALEGRE DO SUL,64
353130 MONTE ALTO,398
353140 MONTE APRAZIVEL,233
353150 MONTE AZUL PAULISTA,178
353160 MONTE CASTELO,44
353170 MONTEIRO LOBATO,44
353180 MONTE MOR,774
353190 MORRO AGUDO,288
353200 MORUNGABA,142
353205 MOTUCA,30
353210 MURUTINGA DO SUL,28
353215 NANTES,21
353220 NARANDIBA,77
353230 NATIVIDADE DA SERRA,48
353240 NAZARE PAULISTA,203
353250 NEVES PAULISTA,78
353260 NHANDEARA,82
353270 NIPOA,59
353280 NOVA ALIANCA,86
353282 NOVA CAMPINA,98
353284 NOVA CANAA PAULISTA,13
353286 NOVA CASTILHO,5
353290 NOVA EUROPA,88
353300 NOVA GRANADA,194
353310 NOVA GUATAPORANGA,9
353320 NOVA INDEPENDENCIA,46
353325 NOVAIS,60
353330 NOVA LUZITANIA,16
353340 NOVA ODESSA,588
353350 NOVO HORIZONTE,400
353360 NUPORANGA,78
353370 OCAUCU,52
353380 OLEO,26
353390 OLIMPIA,607
353400 ONDA VERDE,57
353410 ORIENTE,63
353420 ORINDIUVA,66
353430 ORLANDIA,366
353440 OSASCO,7869
353450 OSCAR BRESSANE,13
353460 OSVALDO CRUZ,256
353470 OURINHOS,1079
353475 OUROESTE,89
353480 OURO VERDE,83
353490 PACAEMBU,100
353500 PALESTINA,97
353510 PALMARES PAULISTA,95
353520 PALMEIRA D'OESTE,71
353530 PALMITAL,198
353540 PANORAMA,155
353550 PARAGUACU PAULISTA,415
353560 PARAIBUNA,201
353570 PARAISO,63
353580 PARANAPANEMA,275
353590 PARANAPUA,45
353600 PARAPUA,89
353610 PARDINHO,80
353620 PARIQUERA-ACU,236
353625 PARISI,27
353630 PATROCINIO PAULISTA,169
353640 PAULICEIA,98
353650 PAULINIA,1292
353657 PAULISTANIA,27
353660 PAULO DE FARIA,61
353670 PEDERNEIRAS,494
353680 PEDRA BELA,79
353690 PEDRANOPOLIS,19
353700 PEDREGULHO,155
353710 PEDREIRA,500
353715 PEDRINHAS PAULISTA,43
353720 PEDRO DE TOLEDO,99
353730 PENAPOLIS,638
353740 PEREIRA BARRETO,221
353750 PEREIRAS,82
353760 PERUIBE,766
353770 PIACATU,47
353780 PIEDADE,591
353790 PILAR DO SUL,409
353800 PINDAMONHANGABA,2000
353810 PINDORAMA,125
353820 PINHALZINHO,154
353830 PIQUEROBI,35
353850 PIQUETE,105
353860 PIRACAIA,270
353870 PIRACICABA,4454
353880 PIRAJU,275
353890 PIRAJUI,179
353900 PIRANGI,72
353910 PIRAPORA DO BOM JESUS,223
353920 PIRAPOZINHO,272
353930 PIRASSUNUNGA,669
353940 PIRATININGA,130
353950 PITANGUEIRAS,369
353960 PLANALTO,36
353970 PLATINA,40
353980 POA,1144
353990 POLONI,59
354000 POMPEIA,188
354010 PONGAI,18
354020 PONTAL,469
354025 PONTALINDA,42
354030 PONTES GESTAL,16
354040 POPULINA,18
354050 PORANGABA,94
354060 PORTO FELIZ,551
354070 PORTO FERREIRA,461
354075 POTIM,199
354080 POTIRENDABA,158
354085 PRACINHA,15
354090 PRADOPOLIS,176
354100 PRAIA GRANDE,3813
354105 PRATANIA,70
354110 PRESIDENTE ALVES,19
354120 PRESIDENTE BERNARDES,98
354130 PRESIDENTE EPITACIO,361
354140 PRESIDENTE PRUDENTE,2330
354150 PRESIDENTE VENCESLAU,280
354160 PROMISSAO,325
354165 QUADRA,32
354170 QUATA,136
354180 QUEIROZ,45
354190 QUELUZ,97
354200 QUINTANA,78
354210 RAFARD,113
354220 RANCHARIA,282
354230 REDENCAO DA SERRA,46
354240 REGENTE FEIJO,189
354250 REGINOPOLIS,63
354260 REGISTRO,706
354270 RESTINGA,83
354280 RIBEIRA,30
354290 RIBEIRAO BONITO,107
354300 RIBEIRAO BRANCO,242
354310 RIBEIRAO CORRENTE,37
354320 RIBEIRAO DO SUL,52
354323 RIBEIRAO DOS INDIOS,15
354325 RIBEIRAO GRANDE,77
354330 RIBEIRAO PIRES,881
354340 RIBEIRAO PRETO,7020
354350 RIVERSUL,78
354360 RIFAINA,45
354370 RINCAO,77
354380 RINOPOLIS,91
354390 RIO CLARO,1781
354400 RIO DAS PEDRAS,319
354410 RIO GRANDE DA SERRA,430
354420 RIOLANDIA,98
354425 ROSANA,164
354430 ROSEIRA,122
354440 RUBIACEA,23
354450 RUBINEIA,25
354460 SABINO,30
354470 SAGRES,20
354480 SALES,48
354490 SALES OLIVEIRA,100
354500 SALESOPOLIS,175
354510 SALMOURAO,58
354515 SALTINHO,89
354520 SALTO,1486
354530 SALTO DE PIRAPORA,400
354540 SALTO GRANDE,80
354550 SANDOVALINA,40
354560 SANTA ADELIA,121
354570 SANTA ALBERTINA,67
354580 SANTA BARBARA D'OESTE,1833
354600 SANTA BRANCA,124
354610 SANTA CLARA D'OESTE,21
354620 SANTA CRUZ DA CONCEICAO,30
354625 SANTA CRUZ DA ESPERANCA,18
354630 SANTA CRUZ DAS PALMEIRAS,278
354640 SANTA CRUZ DO RIO PARDO,535
354650 SANTA ERNESTINA,68
354660 SANTA FE DO SUL,341
354670 SANTA GERTRUDES,243
354680 SANTA ISABEL,575
354690 SANTA LUCIA,73
354700 SANTA MARIA DA SERRA,65
354710 SANTA MERCEDES,30
354720 SANTANA DA PONTE PENSA,4
354730 SANTANA DE PARNAIBA,2048
354740 SANTA RITA D'OESTE,24
354750 SANTA RITA DO PASSA QUATRO,169
354760 SANTA ROSA DE VITERBO,218
354765 SANTA SALETE,10
354770 SANTO ANASTACIO,182
354780 SANTO ANDRE,6986
354790 SANTO ANTONIO DA ALEGRIA,58
354800 SANTO ANTONIO DE POSSE,275
354805 SANTO ANTONIO DO ARACANGUA,72
354810 SANTO ANTONIO DO JARDIM,57
354820 SANTO ANTONIO DO PINHAL,82
354830 SANTO EXPEDITO,26
354840 SANTOPOLIS DO AGUAPEI,51
354850 SANTOS,3297
354860 SAO BENTO DO SAPUCAI,100
354870 SAO BERNARDO DO CAMPO,7315
354880 SAO CAETANO DO SUL,1368
354890 SAO CARLOS,2400
354900 SAO FRANCISCO,15
354910 SAO JOAO DA BOA VISTA,828
354920 SAO JOAO DAS DUAS PONTES,22
354925 SAO JOAO DE IRACEMA,24
354930 SAO JOAO DO PAU D'ALHO,17
354940 SAO JOAQUIM DA BARRA,514
354950 SAO JOSE DA BELA VISTA,79
354960 SAO JOSE DO BARREIRO,33
354970 SAO JOSE DO RIO PARDO,490
354980 SAO JOSE DO RIO PRETO,4567
354990 SAO JOSE DOS CAMPOS,7463
354995 SAO LOURENCO DA SERRA,156
355000 SAO LUIS DO PARAITINGA,100
355010 SAO MANUEL,333
355020 SAO MIGUEL ARCANJO,323
355030 SAO PAULO,120789
355040 SAO PEDRO,379
355050 SAO PEDRO DO TURVO,65
355060 SAO ROQUE,849
355070 SAO SEBASTIAO,1126
355080 SAO SEBASTIAO DA GRAMA,60
355090 SAO SIMAO,116
355100 SAO VICENTE,3402
355110 SARAPUI,100
355120 SARUTAIA,41
355130 SEBASTIANOPOLIS DO SUL,24
355140 SERRA AZUL,90
355150 SERRANA,513
355160 SERRA NEGRA,221
355170 SERTAOZINHO,1407
355180 SETE BARRAS,155
355190 SEVERINIA,135
355200 SILVEIRAS,66
355210 SOCORRO,356
355220 SOROCABA,8278
355230 SUD MENNUCCI,69
355240 SUMARE,2947
355250 SUZANO,3835
355255 SUZANAPOLIS,33
355260 TABAPUA,115
355270 TABATINGA,181
355280 TABOAO DA SERRA,3059
355290 TACIBA,71
355300 TAGUAI,168
355310 TAIACU,65
355320 TAIUVA,43
355330 TAMBAU,212
355340 TANABI,247
355350 TAPIRAI,74
355360 TAPIRATIBA,87
355365 TAQUARAL,17
355370 TAQUARITINGA,505
355380 TAQUARITUBA,300
355385 TAQUARIVAI,67
355390 TARABAI,73
355395 TARUMA,159
355400 TATUI,1537
355410 TAUBATE,3155
355420 TEJUPA,58
355430 TEODORO SAMPAIO,262
355440 TERRA ROXA,59
355450 TIETE,444
355460 TIMBURI,28
355465 TORRE DE PEDRA,23
355470 TORRINHA,72
355475 TRABIJU,22
355480 TREMEMBE,352
355490 TRES FRONTEIRAS,63
355495 TUIUTI,64
355500 TUPA,580
355510 TUPI PAULISTA,139
355520 TURIUBA,9
355530 TURMALINA,8
355535 UBARANA,69
355540 UBATUBA,1127
355550 UBIRAJARA,59
355560 UCHOA,90
355570 UNIAO PAULISTA,26
355580 URANIA,75
355590 URU,9
355600 URUPES,114
355610 VALENTIM GENTIL,131
355620 VALINHOS,1179
355630 VALPARAISO,243
355635 VARGEM,135
355640 VARGEM GRANDE DO SUL,428
355645 VARGEM GRANDE PAULISTA,613
355650 VARZEA PAULISTA,1109
355660 VERA CRUZ,87
355670 VINHEDO,800
355680 VIRADOURO,159
355690 VISTA ALEGRE DO ALTO,114
355695 VITORIA BRASIL,16
355700 VOTORANTIM,1403
355710 VOTUPORANGA,913
355715 ZACARIAS,33
355720 CHAVANTES,152
355730 ESTIVA GERBI,150
 MUNICIPIO IGNORADO - PR,1
410010 ABATIA,68
410020 ADRIANOPOLIS,54
410030 AGUDOS DO SUL,128
410040 ALMIRANTE TAMANDARE,1389
410045 ALTAMIRA DO PARANA,40
410050 ALTONIA,215
410060 ALTO PARANA,141
410070 ALTO PIQUIRI,119
410080 ALVORADA DO SUL,92
410090 AMAPORA,57
410100 AMPERE,252
410105 ANAHY,47
410110 ANDIRA,175
410115 ANGULO,34
410120 ANTONINA,189
410130 ANTONIO OLINTO,60
410140 APUCARANA,1325
410150 ARAPONGAS,1389
410160 ARAPOTI,350
410165 ARAPUA,39
410170 ARARUNA,149
410180 ARAUCARIA,2006
410185 ARIRANHA DO IVAI,37
410190 ASSAI,118
410200 ASSIS CHATEAUBRIAND,431
410210 ASTORGA,277
410220 ATALAIA,36
410230 BALSA NOVA,155
410240 BANDEIRANTES,337
410250 BARBOSA FERRAZ,100
410260 BARRACAO,129
410270 BARRA DO JACARE,17
410275 BELA VISTA DA CAROBA,40
410280 BELA VISTA DO PARAISO,153
410290 BITURUNA,237
410300 BOA ESPERANCA,47
410302 BOA ESPERANCA DO IGUACU,25
410304 BOA VENTURA DE SAO ROQUE,64
410305 BOA VISTA DA APARECIDA,94
410310 BOCAIUVA DO SUL,170
410315 BOM JESUS DO SUL,44
410320 BOM SUCESSO,65
410322 BOM SUCESSO DO SUL,41
410330 BORRAZOPOLIS,58
410335 BRAGANEY,57
410337 BRASILANDIA DO SUL,52
410340 CAFEARA,29
410345 CAFELANDIA,301
410347 CAFEZAL DO SUL,50
410350 CALIFORNIA,110
410360 CAMBARA,208
410370 CAMBE,1113
410380 CAMBIRA,110
410390 CAMPINA DA LAGOA,202
410395 CAMPINA DO SIMAO,62
410400 CAMPINA GRANDE DO SUL,647
410405 CAMPO BONITO,39
410410 CAMPO DO TENENTE,114
410420 CAMPO LARGO,1411
410425 CAMPO MAGRO,335
410430 CAMPO MOURAO,1092
410440 CANDIDO DE ABREU,183
410442 CANDOI,223
410445 CANTAGALO,167
410450 CAPANEMA,247
410460 CAPITAO LEONIDAS MARQUES,194
410465 CARAMBEI,340
410470 CARLOPOLIS,213
410480 CASCAVEL,4529
410490 CASTRO,1026
410500 CATANDUVAS,130
410510 CENTENARIO DO SUL,102
410520 CERRO AZUL,162
410530 CEU AZUL,117
410540 CHOPINZINHO,245
410550 CIANORTE,954
410560 CIDADE GAUCHA,140
410570 CLEVELANDIA,256
410580 COLOMBO,2766
410590 COLORADO,278
410600 CONGONHINHAS,97
410610 CONSELHEIRO MAIRINCK,52
410620 CONTENDA,203
410630 CORBELIA,249
410640 CORNELIO PROCOPIO,418
410645 CORONEL DOMINGOS SOARES,93
410650 CORONEL VIVIDA,265
410655 CORUMBATAI DO SUL,30
410657 CRUZEIRO DO IGUACU,30
410660 CRUZEIRO DO OESTE,233
410670 CRUZEIRO DO SUL,44
410680 CRUZ MACHADO,197
410685 CRUZMALTINA,28
410690 CURITIBA,16872
410700 CURIUVA,165
410710 DIAMANTE DO NORTE,31
410712 DIAMANTE DO SUL,33
410715 DIAMANTE D'OESTE,53
410720 DOIS VIZINHOS,589
410725 DOURADINA,101
410730 DOUTOR CAMARGO,51
410740 ENEAS MARQUES,66
410750 ENGENHEIRO BELTRAO,111
410752 ESPERANCA NOVA,17
410753 ENTRE RIOS DO OESTE,69
410754 ESPIGAO ALTO DO IGUACU,52
410755 FAROL,30
410760 FAXINAL,207
410765 FAZENDA RIO GRANDE,1768
410770 FENIX,47
410773 FERNANDES PINHEIRO,71
410775 FIGUEIRA,85
410780 FLORAI,46
410785 FLOR DA SERRA DO SUL,60
410790 FLORESTA,141
410800 FLORESTOPOLIS,133
410810 FLORIDA,22
410820 FORMOSA DO OESTE,75
410830 FOZ DO IGUACU,3808
410832 FRANCISCO ALVES,129
410840 FRANCISCO BELTRAO,1196
410845 FOZ DO JORDAO,89
410850 GENERAL CARNEIRO,160
410855 GODOY MOREIRA,16
410860 GOIOERE,280
410865 GOIOXIM,77
410870 GRANDES RIOS,46
410880 GUAIRA,407
410890 GUAIRACA,85
410895 GUAMIRANGA,99
410900 GUAPIRAMA,50
410910 GUAPOREMA,25
410920 GUARACI,46
410930 GUARANIACU,168
410940 GUARAPUAVA,2455
410950 GUARAQUECABA,88
410960 GUARATUBA,507
410965 HONORIO SERPA,72
410970 IBAITI,329
410975 IBEMA,103
410980 IBIPORA,555
410990 ICARAIMA,126
411000 IGUARACU,63
411005 IGUATU,13
411007 IMBAU,159
411010 IMBITUVA,449
411020 INACIO MARTINS,133
411030 INAJA,23
411040 INDIANOPOLIS,42
411050 IPIRANGA,164
411060 IPORA,189
411065 IRACEMA DO OESTE,19
411070 IRATI,651
411080 IRETAMA,106
411090 ITAGUAJE,53
411095 ITAIPULANDIA,170
411100 ITAMBARACA,41
411110 ITAMBE,49
411120 ITAPEJARA D'OESTE,138
411125 ITAPERUCU,453
411130 ITAUNA DO SUL,28
411140 IVAI,185
411150 IVAIPORA,352
411155 IVATE,58
411160 IVATUBA,40
411170 JABOTI,50
411180 JACAREZINHO,472
411190 JAGUAPITA,198
411200 JAGUARIAIVA,455
411210 JANDAIA DO SUL,204
411220 JANIOPOLIS,67
411230 JAPIRA,59
411240 JAPURA,94
411250 JARDIM ALEGRE,122
411260 JARDIM OLINDA,16
411270 JATAIZINHO,133
411275 JESUITAS,85
411280 JOAQUIM TAVORA,135
411290 JUNDIAI DO SUL,20
411295 JURANDA,81
411300 JUSSARA,69
411310 KALORE,52
411320 LAPA,501
411325 LARANJAL,83
411330 LARANJEIRAS DO SUL,446
411340 LEOPOLIS,30
411342 LIDIANOPOLIS,42
411345 LINDOESTE,62
411350 LOANDA,268
411360 LOBATO,37
411370 LONDRINA,6099
411373 LUIZIANA,75
411375 LUNARDELLI,36
411380 LUPIONOPOLIS,58
411390 MALLET,126
411400 MAMBORE,129
411410 MANDAGUACU,392
411420 MANDAGUARI,402
411430 MANDIRITUBA,303
411435 MANFRINOPOLIS,23
411440 MANGUEIRINHA,226
411450 MANOEL RIBAS,199
411460 MARECHAL CANDIDO RONDON,664
411470 MARIA HELENA,46
411480 MARIALVA,465
411490 MARILANDIA DO SUL,90
411500 MARILENA,87
411510 MARILUZ,100
411520 MARINGA,4410
411530 MARIOPOLIS,65
411535 MARIPA,80
411540 MARMELEIRO,186
411545 MARQUINHO,47
411550 MARUMBI,65
411560 MATELANDIA,228
411570 MATINHOS,463
411573 MATO RICO,43
411575 MAUA DA SERRA,119
411580 MEDIANEIRA,768
411585 MERCEDES,64
411590 MIRADOR,31
411600 MIRASELVA,17
411605 MISSAL,117
411610 MOREIRA SALES,91
411620 MORRETES,205
411630 MUNHOZ DE MELO,44
411640 NOSSA SENHORA DAS GRACAS,35
411650 NOVA ALIANCA DO IVAI,16
411660 NOVA AMERICA DA COLINA,32
411670 NOVA AURORA,134
411680 NOVA CANTU,84
411690 NOVA ESPERANCA,280
411695 NOVA ESPERANCA DO SUDOESTE,76
411700 NOVA FATIMA,71
411705 NOVA LARANJEIRAS,164
411710 NOVA LONDRINA,125
411720 NOVA OLIMPIA,80
411721 NOVA SANTA BARBARA,49
411722 NOVA SANTA ROSA,118
411725 NOVA PRATA DO IGUACU,119
411727 NOVA TEBAS,79
411729 NOVO ITACOLOMI,25
411730 ORTIGUEIRA,290
411740 OURIZONA,29
411745 OURO VERDE DO OESTE,75
411750 PAICANDU,547
411760 PALMAS,657
411770 PALMEIRA,398
411780 PALMITAL,183
411790 PALOTINA,535
411800 PARAISO DO NORTE,157
411810 PARANACITY,106
411820 PARANAGUA,1795
411830 PARANAPOEMA,29
411840 PARANAVAI,1013
411845 PATO BRAGADO,63
411850 PATO BRANCO,1170
411860 PAULA FREITAS,94
411870 PAULO FRONTIN,75
411880 PEABIRU,110
411885 PEROBAL,110
411890 PEROLA,147
411900 PEROLA D'OESTE,66
411910 PIEN,188
411915 PINHAIS,1373
411920 PINHALAO,94
411925 PINHAL DE SAO BENTO,24
411930 PINHAO,425
411940 PIRAI DO SUL,285
411950 PIRAQUARA,1324
411960 PITANGA,425
411965 PITANGUEIRAS,21
411970 PLANALTINA DO PARANA,51
411980 PLANALTO,128
411990 PONTA GROSSA,4448
411995 PONTAL DO PARANA,319
412000 PORECATU,101
412010 PORTO AMAZONAS,45
412015 PORTO BARREIRO,41
412020 PORTO RICO,48
412030 PORTO VITORIA,48
412033 PRADO FERREIRA,56
412035 PRANCHITA,75
412040 PRESIDENTE CASTELO BRANCO,59
412050 PRIMEIRO DE MAIO,101
412060 PRUDENTOPOLIS,585
412065 QUARTO CENTENARIO,41
412070 QUATIGUA,87
412080 QUATRO BARRAS,256
412085 QUATRO PONTES,40
412090 QUEDAS DO IGUACU,351
412100 QUERENCIA DO NORTE,120
412110 QUINTA DO SOL,53
412120 QUITANDINHA,207
412125 RAMILANDIA,59
412130 RANCHO ALEGRE,28
412135 RANCHO ALEGRE D'OESTE,31
412140 REALEZA,207
412150 REBOUCAS,177
412160 RENASCENCA,84
412170 RESERVA,293
412175 RESERVA DO IGUACU,114
412180 RIBEIRAO CLARO,109
412190 RIBEIRAO DO PINHAL,144
412200 RIO AZUL,183
412210 RIO BOM,25
412215 RIO BONITO DO IGUACU,184
412217 RIO BRANCO DO IVAI,60
412220 RIO BRANCO DO SUL,516
412230 RIO NEGRO,296
412240 ROLANDIA,859
412250 RONCADOR,145
412260 RONDON,107
412265 ROSARIO DO IVAI,63
412270 SABAUDIA,121
412280 SALGADO FILHO,52
412290 SALTO DO ITARARE,63
412300 SALTO DO LONTRA,170
412310 SANTA AMELIA,27
412320 SANTA CECILIA DO PAVAO,32
412330 SANTA CRUZ DE MONTE CASTELO,128
412340 SANTA FE,105
412350 SANTA HELENA,322
412360 SANTA INES,26
412370 SANTA ISABEL DO IVAI,91
412380 SANTA IZABEL DO OESTE,144
412382 SANTA LUCIA,40
412385 SANTA MARIA DO OESTE,128
412390 SANTA MARIANA,115
412395 SANTA MONICA,39
412400 SANTANA DO ITARARE,74
412402 SANTA TEREZA DO OESTE,187
412405 SANTA TEREZINHA DE ITAIPU,275
412410 SANTO ANTONIO DA PLATINA,500
412420 SANTO ANTONIO DO CAIUA,14
412430 SANTO ANTONIO DO PARAISO,21
412440 SANTO ANTONIO DO SUDOESTE,267
412450 SANTO INACIO,83
412460 SAO CARLOS DO IVAI,86
412470 SAO JERONIMO DA SERRA,133
412480 SAO JOAO,121
412490 SAO JOAO DO CAIUA,62
412500 SAO JOAO DO IVAI,122
412510 SAO JOAO DO TRIUNFO,129
412520 SAO JORGE D'OESTE,130
412530 SAO JORGE DO IVAI,33
412535 SAO JORGE DO PATROCINIO,71
412540 SAO JOSE DA BOA VISTA,47
412545 SAO JOSE DAS PALMEIRAS,35
412550 SAO JOSE DOS PINHAIS,3954
412555 SAO MANOEL DO PARANA,18
412560 SAO MATEUS DO SUL,515
412570 SAO MIGUEL DO IGUACU,353
412575 SAO PEDRO DO IGUACU,63
412580 SAO PEDRO DO IVAI,83
412590 SAO PEDRO DO PARANA,18
412600 SAO SEBASTIAO DA AMOREIRA,83
412610 SAO TOME,50
412620 SAPOPEMA,71
412625 SARANDI,1420
412627 SAUDADE DO IGUACU,67
412630 SENGES,203
412635 SERRANOPOLIS DO IGUACU,66
412640 SERTANEJA,57
412650 SERTANOPOLIS,150
412660 SIQUEIRA CAMPOS,313
412665 SULINA,40
412667 TAMARANA,159
412670 TAMBOARA,54
412680 TAPEJARA,162
412690 TAPIRA,59
412700 TEIXEIRA SOARES,129
412710 TELEMACO BORBA,904
412720 TERRA BOA,179
412730 TERRA RICA,173
412740 TERRA ROXA,210
412750 TIBAGI,221
412760 TIJUCAS DO SUL,183
412770 TOLEDO,1938
412780 TOMAZINA,75
412785 TRES BARRAS DO PARANA,129
412788 TUNAS DO PARANA,116
412790 TUNEIRAS DO OESTE,89
412795 TUPASSI,84
412796 TURVO,188
412800 UBIRATA,307
412810 UMUARAMA,1386
412820 UNIAO DA VITORIA,677
412830 UNIFLOR,18
412840 URAI,82
412850 WENCESLAU BRAZ,255
412853 VENTANIA,108
412855 VERA CRUZ DO OESTE,84
412860 VERE,95
412862 ALTO PARAISO,30
412863 DOUTOR ULYSSES,60
412865 VIRMOND,56
412870 VITORINO,126
412880 XAMBRE,65
 MUNICIPIO IGNORADO - SC,1
420005 ABDON BATISTA,37
420010 ABELARDO LUZ,257
420020 AGROLANDIA,132
420030 AGRONOMICA,78
420040 AGUA DOCE,93
420050 AGUAS DE CHAPECO,83
420055 AGUAS FRIAS,33
420060 AGUAS MORNAS,89
420070 ALFREDO WAGNER,117
420075 ALTO BELA VISTA,9
420080 ANCHIETA,73
420090 ANGELINA,47
420100 ANITA GARIBALDI,91
420110 ANITAPOLIS,33
420120 ANTONIO CARLOS,151
420125 APIUNA,101
420127 ARABUTA,51
420130 ARAQUARI,837
420140 ARARANGUA,922
420150 ARMAZEM,125
420160 ARROIO TRINTA,34
420165 ARVOREDO,26
420170 ASCURRA,92
420180 ATALANTA,39
420190 AURORA,82
420195 BALNEARIO ARROIO DO SILVA,192
420200 BALNEARIO CAMBORIU,1537
420205 BALNEARIO BARRA DO SUL,156
420207 BALNEARIO GAIVOTA,179
420208 BANDEIRANTE,47
420209 BARRA BONITA,18
420210 BARRA VELHA,669
420213 BELA VISTA DO TOLDO,60
420215 BELMONTE,19
420220 BENEDITO NOVO,101
420230 BIGUACU,984
420240 BLUMENAU,4040
420243 BOCAINA DO SUL,40
420245 BOMBINHAS,308
420250 BOM JARDIM DA SERRA,39
420253 BOM JESUS,24
420257 BOM JESUS DO OESTE,26
420260 BOM RETIRO,108
420270 BOTUVERA,48
420280 BRACO DO NORTE,572
420285 BRACO DO TROMBUDO,39
420287 BRUNOPOLIS,31
420290 BRUSQUE,1871
420300 CACADOR,961
420310 CAIBI,79
420315 CALMON,52
420320 CAMBORIU,1458
420325 CAPAO ALTO,30
420330 CAMPO ALEGRE,148
420340 CAMPO BELO DO SUL,88
420350 CAMPO ERE,163
420360 CAMPOS NOVOS,525
420370 CANELINHA,154
420380 CANOINHAS,675
420390 CAPINZAL,306
420395 CAPIVARI DE BAIXO,279
420400 CATANDUVAS,142
420410 CAXAMBU DO SUL,53
420415 CELSO RAMOS,38
420417 CERRO NEGRO,30
420419 CHAPADAO DO LAGEADO,39
420420 CHAPECO,3728
420425 COCAL DO SUL,185
420430 CONCORDIA,1017
420435 CORDILHEIRA ALTA,59
420440 CORONEL FREITAS,98
420445 CORONEL MARTINS,18
420450 CORUPA,163
420455 CORREIA PINTO,180
420460 CRICIUMA,2699
420470 CUNHA PORA,127
420475 CUNHATAI,24
420480 CURITIBANOS,598
420490 DESCANSO,92
420500 DIONISIO CERQUEIRA,192
420510 DONA EMMA,55
420515 DOUTOR PEDRINHO,45
420517 ENTRE RIOS,51
420519 ERMO,36
420520 ERVAL VELHO,59
420530 FAXINAL DOS GUEDES,136
420535 FLOR DO SERTAO,20
420540 FLORIANOPOLIS,5600
420543 FORMOSA DO SUL,43
420545 FORQUILHINHA,436
420550 FRAIBURGO,505
420555 FREI ROGERIO,32
420560 GALVAO,29
420570 GAROPABA,359
420580 GARUVA,257
420590 GASPAR,822
420600 GOVERNADOR CELSO RAMOS,185
420610 GRAO PARA,82
420620 GRAVATAL,132
420630 GUABIRUBA,284
420640 GUARACIABA,108
420650 GUARAMIRIM,693
420660 GUARUJA DO SUL,40
420665 GUATAMBU,117
420670 HERVAL D'OESTE,239
420675 IBIAM,28
420680 IBICARE,33
420690 IBIRAMA,226
420700 ICARA,739
420710 ILHOTA,244
420720 IMARUI,102
420730 IMBITUBA,677
420740 IMBUIA,94
420750 INDAIAL,811
420757 IOMERE,33
420760 IPIRA,38
420765 IPORA DO OESTE,108
420768 IPUACU,145
420770 IPUMIRIM,93
420775 IRACEMINHA,51
420780 IRANI,141
420785 IRATI,14
420790 IRINEOPOLIS,111
420800 ITA,79
420810 ITAIOPOLIS,292
420820 ITAJAI,3595
420830 ITAPEMA,1134
420840 ITAPIRANGA,227
420845 ITAPOA,328
420850 ITUPORANGA,434
420860 JABORA,48
420870 JACINTO MACHADO,99
420880 JAGUARUNA,277
420890 JARAGUA DO SUL,2211
420895 JARDINOPOLIS,22
420900 JOACABA,354
420910 JOINVILLE,7274
420915 JOSE BOITEUX,94
420917 JUPIA,31
420920 LACERDOPOLIS,25
420930 LAGES,1858
420940 LAGUNA,418
420945 LAJEADO GRANDE,20
420950 LAURENTINO,90
420960 LAURO MULLER,141
420970 LEBON REGIS,143
420980 LEOBERTO LEAL,35
420985 LINDOIA DO SUL,38
420990 LONTRAS,161
421000 LUIZ ALVES,161
421003 LUZERNA,72
421005 MACIEIRA,28
421010 MAFRA,682
421020 MAJOR GERCINO,29
421030 MAJOR VIEIRA,82
421040 MARACAJA,106
421050 MARAVILHA,412
421055 MAREMA,17
421060 MASSARANDUBA,188
421070 MATOS COSTA,33
421080 MELEIRO,74
421085 MIRIM DOCE,35
421090 MODELO,48
421100 MONDAI,108
421105 MONTE CARLO,112
421110 MONTE CASTELO,108
421120 MORRO DA FUMACA,238
421125 MORRO GRANDE,32
421130 NAVEGANTES,1390
421140 NOVA ERECHIM,70
421145 NOVA ITABERABA,38
421150 NOVA TRENTO,141
421160 NOVA VENEZA,153
421165 NOVO HORIZONTE,27
421170 ORLEANS,325
421175 OTACILIO COSTA,208
421180 OURO,62
421185 OURO VERDE,18
421187 PAIAL,17
421189 PAINEL,28
421190 PALHOCA,2705
421200 PALMA SOLA,96
421205 PALMEIRA,20
421210 PALMITOS,178
421220 PAPANDUVA,260
421223 PARAISO,49
421225 PASSO DE TORRES,137
421227 PASSOS MAIA,43
421230 PAULO LOPES,88
421240 PEDRAS GRANDES,51
421250 PENHA,445
421260 PERITIBA,22
421265 PESCARIA BRAVA,80
421270 PETROLANDIA,75
421280 BALNEARIO PICARRAS,384
421290 PINHALZINHO,331
421300 PINHEIRO PRETO,48
421310 PIRATUBA,81
421315 PLANALTO ALEGRE,51
421320 POMERODE,334
421330 PONTE ALTA,56
421335 PONTE ALTA DO NORTE,45
421340 PONTE SERRADA,153
421350 PORTO BELO,387
421360 PORTO UNIAO,338
421370 POUSO REDONDO,228
421380 PRAIA GRANDE,100
421390 PRESIDENTE CASTELLO BRANCO,19
421400 PRESIDENTE GETULIO,284
421410 PRESIDENTE NEREU,14
421415 PRINCESA,38
421420 QUILOMBO,147
421430 RANCHO QUEIMADO,27
421440 RIO DAS ANTAS,65
421450 RIO DO CAMPO,80
421460 RIO DO OESTE,99
421470 RIO DOS CEDROS,91
421480 RIO DO SUL,933
421490 RIO FORTUNA,63
421500 RIO NEGRINHO,531
421505 RIO RUFINO,14
421507 RIQUEZA,61
421510 RODEIO,117
421520 ROMELANDIA,36
421530 SALETE,85
421535 SALTINHO,37
421540 SALTO VELOSO,52
421545 SANGAO,178
421550 SANTA CECILIA,214
421555 SANTA HELENA,22
421560 SANTA ROSA DE LIMA,29
421565 SANTA ROSA DO SUL,123
421567 SANTA TEREZINHA,89
421568 SANTA TEREZINHA DO PROGRESSO,20
421569 SANTIAGO DO SUL,22
421570 SANTO AMARO DA IMPERATRIZ,357
421575 SAO BERNARDINO,45
421580 SAO BENTO DO SUL,911
421590 SAO BONIFACIO,27
421600 SAO CARLOS,119
421605 SAO CRISTOVAO DO SUL,57
421610 SAO DOMINGOS,114
421620 SAO FRANCISCO DO SUL,600
421625 SAO JOAO DO OESTE,78
421630 SAO JOAO BATISTA,429
421635 SAO JOAO DO ITAPERIU,61
421640 SAO JOAO DO SUL,119
421650 SAO JOAQUIM,386
421660 SAO JOSE,3048
421670 SAO JOSE DO CEDRO,107
421680 SAO JOSE DO CERRITO,77
421690 SAO LOURENCO DO OESTE,315
421700 SAO LUDGERO,217
421710 SAO MARTINHO,33
421715 SAO MIGUEL DA BOA VISTA,15
421720 SAO MIGUEL DO OESTE,560
421725 SAO PEDRO DE ALCANTARA,36
421730 SAUDADES,124
421740 SCHROEDER,225
421750 SEARA,253
421755 SERRA ALTA,44
421760 SIDEROPOLIS,116
421770 SOMBRIO,383
421775 SUL BRASIL,27
421780 TAIO,232
421790 TANGARA,74
421795 TIGRINHOS,24
421800 TIJUCAS,811
421810 TIMBE DO SUL,66
421820 TIMBO,493
421825 TIMBO GRANDE,106
421830 TRES BARRAS,308
421835 TREVISO,34
421840 TREZE DE MAIO,102
421850 TREZE TILIAS,142
421860 TROMBUDO CENTRAL,73
421870 TUBARAO,1242
421875 TUNAPOLIS,69
421880 TURVO,173
421885 UNIAO DO OESTE,37
421890 URUBICI,139
421895 URUPEMA,23
421900 URUSSANGA,202
421910 VARGEAO,56
421915 VARGEM,35
421917 VARGEM BONITA,63
421920 VIDAL RAMOS,74
421930 VIDEIRA,826
421935 VITOR MEIRELES,71
421940 WITMARSUM,65
421950 XANXERE,679
421960 XAVANTINA,43
421970 XAXIM,433
421985 ZORTEA,51
422000 BALNEARIO RINCAO,219
430003 ACEGUA,57
430005 AGUA SANTA,39
430010 AGUDO,158
430020 AJURICABA,74
430030 ALECRIM,38
430040 ALEGRETE,705
430045 ALEGRIA,37
430047 ALMIRANTE TAMANDARE DO SUL,25
430050 ALPESTRE,69
430055 ALTO ALEGRE,13
430057 ALTO FELIZ,25
430060 ALVORADA,1989
430063 AMARAL FERRADOR,36
430064 AMETISTA DO SUL,89
430066 ANDRE DA ROCHA,12
430070 ANTA GORDA,60
430080 ANTONIO PRADO,132
430085 ARAMBARE,41
430087 ARARICA,120
430090 ARATIBA,47
430100 ARROIO DO MEIO,267
430105 ARROIO DO SAL,119
430107 ARROIO DO PADRE,34
430110 ARROIO DOS RATOS,115
430120 ARROIO DO TIGRE,141
430130 ARROIO GRANDE,176
430140 ARVOREZINHA,127
430150 AUGUSTO PESTANA,69
430155 AUREA,32
430160 BAGE,1260
430163 BALNEARIO PINHAL,119
430165 BARAO,50
430170 BARAO DE COTEGIPE,65
430175 BARAO DO TRIUNFO,56
430180 BARRACAO,47
430185 BARRA DO GUARITA,31
430187 BARRA DO QUARAI,36
430190 BARRA DO RIBEIRO,119
430192 BARRA DO RIO AZUL,8
430195 BARRA FUNDA,25
430200 BARROS CASSAL,81
430205 BENJAMIN CONSTANT DO SUL,34
430210 BENTO GONCALVES,1462
430215 BOA VISTA DAS MISSOES,26
430220 BOA VISTA DO BURICA,75
430222 BOA VISTA DO CADEADO,16
430223 BOA VISTA DO INCRA,31
430225 BOA VISTA DO SUL,21
430230 BOM JESUS,169
430235 BOM PRINCIPIO,118
430237 BOM PROGRESSO,28
430240 BOM RETIRO DO SUL,137
430245 BOQUEIRAO DO LEAO,61
430250 BOSSOROCA,43
430258 BOZANO,17
430260 BRAGA,32
430265 BROCHIER,56
430270 BUTIA,185
430280 CACAPAVA DO SUL,297
430290 CACEQUI,88
430300 CACHOEIRA DO SUL,753
430310 CACHOEIRINHA,1340
430320 CACIQUE DOBLE,48
430330 CAIBATE,38
430340 CAICARA,47
430350 CAMAQUA,675
430355 CAMARGO,26
430360 CAMBARA DO SUL,71
430367 CAMPESTRE DA SERRA,23
430370 CAMPINA DAS MISSOES,46
430380 CAMPINAS DO SUL,65
430390 CAMPO BOM,625
430400 CAMPO NOVO,78
430410 CAMPOS BORGES,45
430420 CANDELARIA,310
430430 CANDIDO GODOI,49
430435 CANDIOTA,123
430440 CANELA,609
430450 CANGUCU,532
430460 CANOAS,3435
430461 CANUDOS DO VALE,9
430462 CAPAO BONITO DO SUL,18
430463 CAPAO DA CANOA,788
430465 CAPAO DO CIPO,23
430466 CAPAO DO LEAO,304
430467 CAPIVARI DO SUL,39
430468 CAPELA DE SANTANA,128
430469 CAPITAO,29
430470 CARAZINHO,670
430471 CARAA,53
430480 CARLOS BARBOSA,284
430485 CARLOS GOMES,10
430490 CASCA,92
430495 CASEIROS,30
430500 CATUIPE,80
430510 CAXIAS DO SUL,4806
430511 CENTENARIO,12
430512 CERRITO,42
430513 CERRO BRANCO,18
430515 CERRO GRANDE,29
430517 CERRO GRANDE DO SUL,107
430520 CERRO LARGO,137
430530 CHAPADA,81
430535 CHARQUEADAS,268
430537 CHARRUA,48
430540 CHIAPETTA,48
430543 CHUI,33
430544 CHUVISCA,60
430545 CIDREIRA,174
430550 CIRIACO,29
430558 COLINAS,23
430560 COLORADO,19
430570 CONDOR,79
430580 CONSTANTINA,114
430583 COQUEIRO BAIXO,5
430585 COQUEIROS DO SUL,20
430587 CORONEL BARROS,26
430590 CORONEL BICACO,87
430593 CORONEL PILAR,14
430595 COTIPORA,28
430597 COXILHA,38
430600 CRISSIUMAL,116
430605 CRISTAL,83
430607 CRISTAL DO SUL,27
430610 CRUZ ALTA,668
430613 CRUZALTENSE,11
430620 CRUZEIRO DO SUL,110
430630 DAVID CANABARRO,37
430632 DERRUBADAS,24
430635 DEZESSEIS DE NOVEMBRO,16
430637 DILERMANDO DE AGUIAR,18
430640 DOIS IRMAOS,341
430642 DOIS IRMAOS DAS MISSOES,22
430645 DOIS LAJEADOS,20
430650 DOM FELICIANO,145
430655 DOM PEDRO DE ALCANTARA,26
430660 DOM PEDRITO,350
430670 DONA FRANCISCA,29
430673 DOUTOR MAURICIO CARDOSO,39
430675 DOUTOR RICARDO,15
430676 ELDORADO DO SUL,398
430680 ENCANTADO,238
430690 ENCRUZILHADA DO SUL,241
430692 ENGENHO VELHO,20
430693 ENTRE-IJUIS,81
430695 ENTRE RIOS DO SUL,23
430697 EREBANGO,33
430700 ERECHIM,1230
430705 ERNESTINA,26
430710 HERVAL,64
430720 ERVAL GRANDE,58
430730 ERVAL SECO,77
430740 ESMERALDA,38
430745 ESPERANCA DO SUL,39
430750 ESPUMOSO,180
430755 ESTACAO,55
430760 ESTANCIA VELHA,416
430770 ESTEIO,781
430780 ESTRELA,370
430781 ESTRELA VELHA,28
430783 EUGENIO DE CASTRO,19
430786 FAGUNDES VARELA,35
430790 FARROUPILHA,800
430800 FAXINAL DO SOTURNO,51
430805 FAXINALZINHO,30
430807 FAZENDA VILANOVA,48
430810 FELIZ,128
430820 FLORES DA CUNHA,341
430825 FLORIANO PEIXOTO,10
430830 FONTOURA XAVIER,81
430840 FORMIGUEIRO,42
430843 FORQUETINHA,17
430845 FORTALEZA DOS VALOS,41
430850 FREDERICO WESTPHALEN,430
430860 GARIBALDI,369
430865 GARRUCHOS,18
430870 GAURAMA,54
430880 GENERAL CAMARA,49
430885 GENTIL,12
430890 GETULIO VARGAS,163
430900 GIRUA,163
430905 GLORINHA,63
430910 GRAMADO,598
430912 GRAMADO DOS LOUREIROS,32
430915 GRAMADO XAVIER,32
430920 GRAVATAI,2594
430925 GUABIJU,6
430930 GUAIBA,952
430940 GUAPORE,286
430950 GUARANI DAS MISSOES,63
430955 HARMONIA,66
430957 HERVEIRAS,33
430960 HORIZONTINA,178
430965 HULHA NEGRA,68
430970 HUMAITA,54
430975 IBARAMA,37
430980 IBIACA,38
430990 IBIRAIARAS,61
430995 IBIRAPUITA,40
431000 IBIRUBA,257
431010 IGREJINHA,474
431020 IJUI,892
431030 ILOPOLIS,45
431033 IMBE,273
431036 IMIGRANTE,13
431040 INDEPENDENCIA,62
431041 INHACORA,11
431043 IPE,56
431046 IPIRANGA DO SUL,13
431050 IRAI,109
431053 ITAARA,47
431055 ITACURUBI,17
431057 ITAPUCA,13
431060 ITAQUI,340
431065 ITATI,24
431070 ITATIBA DO SUL,23
431075 IVORA,8
431080 IVOTI,187
431085 JABOTICABA,35
431087 JACUIZINHO,20
431090 JACUTINGA,25
431100 JAGUARAO,250
431110 JAGUARI,87
431112 JAQUIRANA,39
431113 JARI,34
431115 JOIA,75
431120 JULIO DE CASTILHOS,209
431123 LAGOA BONITA DO SUL,16
431125 LAGOAO,44
431127 LAGOA DOS TRES CANTOS,13
431130 LAGOA VERMELHA,294
431140 LAJEADO,1164
431142 LAJEADO DO BUGRE,21
431150 LAVRAS DO SUL,53
431160 LIBERATO SALZANO,59
431162 LINDOLFO COLLOR,53
431164 LINHA NOVA,15
431170 MACHADINHO,64
431171 MACAMBARA,47
431173 MAMPITUBA,34
431175 MANOEL VIANA,56
431177 MAQUINE,71
431179 MARATA,17
431180 MARAU,543
431190 MARCELINO RAMOS,44
431198 MARIANA PIMENTEL,41
431200 MARIANO MORO,14
431205 MARQUES DE SOUZA,34
431210 MATA,46
431213 MATO CASTELHANO,34
431215 MATO LEITAO,57
431217 MATO QUEIMADO,14
431220 MAXIMILIANO DE ALMEIDA,39
431225 MINAS DO LEAO,66
431230 MIRAGUAI,61
431235 MONTAURI,24
431237 MONTE ALEGRE DOS CAMPOS,43
431238 MONTE BELO DO SUL,16
431240 MONTENEGRO,681
431242 MORMACO,30
431244 MORRINHOS DO SUL,36
431245 MORRO REDONDO,50
431247 MORRO REUTER,65
431250 MOSTARDAS,134
431260 MUCUM,39
431261 MUITOS CAPOES,21
431262 MULITERNO,24
431265 NAO-ME-TOQUE,180
431267 NICOLAU VERGUEIRO,19
431270 NONOAI,174
431275 NOVA ALVORADA,38
431280 NOVA ARACA,65
431290 NOVA BASSANO,87
431295 NOVA BOA VISTA,20
431300 NOVA BRESCIA,28
431301 NOVA CANDELARIA,30
431303 NOVA ESPERANCA DO SUL,19
431306 NOVA HARTZ,233
431308 NOVA PADUA,18
431310 NOVA PALMA,44
431320 NOVA PETROPOLIS,242
431330 NOVA PRATA,285
431333 NOVA RAMADA,16
431335 NOVA ROMA DO SUL,38
431337 NOVA SANTA RITA,362
431339 NOVO CABRAIS,30
431340 NOVO HAMBURGO,2491
431342 NOVO MACHADO,21
431344 NOVO TIRADENTES,19
431346 NOVO XINGU,15
431349 NOVO BARREIRO,37
431350 OSORIO,563
431360 PAIM FILHO,32
431365 PALMARES DO SUL,115
431370 PALMEIRA DAS MISSOES,418
431380 PALMITINHO,95
431390 PANAMBI,506
431395 PANTANO GRANDE,97
431400 PARAI,80
431402 PARAISO DO SUL,57
431403 PARECI NOVO,41
431405 PAROBE,686
431406 PASSA SETE,31
431407 PASSO DO SOBRADO,50
431410 PASSO FUNDO,2526
431413 PAULO BENTO,21
431415 PAVERAMA,79
431417 PEDRAS ALTAS,11
431420 PEDRO OSORIO,61
431430 PEJUCARA,37
431440 PELOTAS,2950
431442 PICADA CAFE,61
431445 PINHAL,37
431446 PINHAL DA SERRA,20
431447 PINHAL GRANDE,39
431449 PINHEIRINHO DO VALE,51
431450 PINHEIRO MACHADO,80
431454 PINTO BANDEIRA,16
431455 PIRAPO,8
431460 PIRATINI,133
431470 PLANALTO,101
431475 POCO DAS ANTAS,19
431477 PONTAO,36
431478 PONTE PRETA,9
431480 PORTAO,284
431490 PORTO ALEGRE,12850
431500 PORTO LUCENA,26
431505 PORTO MAUA,16
431507 PORTO VERA CRUZ,16
431510 PORTO XAVIER,109
431513 POUSO NOVO,17
431514 PRESIDENTE LUCENA,32
431515 PROGRESSO,37
431517 PROTASIO ALVES,19
431520 PUTINGA,26
431530 QUARAI,199
431531 QUATRO IRMAOS,11
431532 QUEVEDOS,24
431535 QUINZE DE NOVEMBRO,39
431540 REDENTORA,185
431545 RELVADO,13
431550 RESTINGA SECA,127
431555 RIO DOS INDIOS,24
431560 RIO GRANDE,1852
431570 RIO PARDO,339
431575 RIOZINHO,53
431580 ROCA SALES,94
431590 RODEIO BONITO,79
431595 ROLADOR,18
431600 ROLANTE,247
431610 RONDA ALTA,101
431620 RONDINHA,33
431630 ROQUE GONZALES,53
431640 ROSARIO DO SUL,384
431642 SAGRADA FAMILIA,20
431643 SALDANHA MARINHO,18
431645 SALTO DO JACUI,95
431647 SALVADOR DAS MISSOES,24
431650 SALVADOR DO SUL,86
431660 SANANDUVA,179
431670 SANTA BARBARA DO SUL,81
431673 SANTA CECILIA DO SUL,13
431675 SANTA CLARA DO SUL,68
431680 SANTA CRUZ DO SUL,1443
431690 SANTA MARIA,2639
431695 SANTA MARIA DO HERVAL,55
431697 SANTA MARGARIDA DO SUL,25
431700 SANTANA DA BOA VISTA,30
431710 SANT'ANA DO LIVRAMENTO,944
431720 SANTA ROSA,881
431725 SANTA TEREZA,7
431730 SANTA VITORIA DO PALMAR,287
431740 SANTIAGO,429
431750 SANTO ANGELO,929
431755 SANTO ANTONIO DO PALMA,23
431760 SANTO ANTONIO DA PATRULHA,411
431770 SANTO ANTONIO DAS MISSOES,99
431775 SANTO ANTONIO DO PLANALTO,16
431780 SANTO AUGUSTO,150
431790 SANTO CRISTO,157
431795 SANTO EXPEDITO DO SUL,21
431800 SAO BORJA,617
431805 SAO DOMINGOS DO SUL,23
431810 SAO FRANCISCO DE ASSIS,161
431820 SAO FRANCISCO DE PAULA,224
431830 SAO GABRIEL,611
431840 SAO JERONIMO,200
431842 SAO JOAO DA URTIGA,35
431843 SAO JOAO DO POLESINE,20
431844 SAO JORGE,15
431845 SAO JOSE DAS MISSOES,24
431846 SAO JOSE DO HERVAL,19
431848 SAO JOSE DO HORTENCIO,27
431849 SAO JOSE DO INHACORA,33
431850 SAO JOSE DO NORTE,248
431860 SAO JOSE DO OURO,58
431861 SAO JOSE DO SUL,23
431862 SAO JOSE DOS AUSENTES,61
431870 SAO LEOPOLDO,2370
431880 SAO LOURENCO DO SUL,334
431890 SAO LUIZ GONZAGA,401
431900 SAO MARCOS,178
431910 SAO MARTINHO,58
431912 SAO MARTINHO DA SERRA,24
431915 SAO MIGUEL DAS MISSOES,80
431920 SAO NICOLAU,49
431930 SAO PAULO DAS MISSOES,50
431935 SAO PEDRO DA SERRA,49
431936 SAO PEDRO DAS MISSOES,25
431937 SAO PEDRO DO BUTIA,29
431940 SAO PEDRO DO SUL,148
431950 SAO SEBASTIAO DO CAI,257
431960 SAO SEPE,182
431970 SAO VALENTIM,27
431971 SAO VALENTIM DO SUL,9
431973 SAO VALERIO DO SUL,46
431975 SAO VENDELINO,18
431980 SAO VICENTE DO SUL,72
431990 SAPIRANGA,966
432000 SAPUCAIA DO SUL,1419
432010 SARANDI,278
432020 SEBERI,171
432023 SEDE NOVA,31
432026 SEGREDO,43
432030 SELBACH,43
432032 SENADOR SALGADO FILHO,30
432035 SENTINELA DO SUL,46
432040 SERAFINA CORREA,203
432045 SERIO,14
432050 SERTAO,62
432055 SERTAO SANTANA,66
432057 SETE DE SETEMBRO,16
432060 SEVERIANO DE ALMEIDA,27
432065 SILVEIRA MARTINS,13
432067 SINIMBU,68
432070 SOBRADINHO,139
432080 SOLEDADE,347
432085 TABAI,53
432090 TAPEJARA,372
432100 TAPERA,110
432110 TAPES,129
432120 TAQUARA,556
432130 TAQUARI,271
432132 TAQUARUCU DO SUL,27
432135 TAVARES,35
432140 TENENTE PORTELA,227
432143 TERRA DE AREIA,100
432145 TEUTONIA,392
432146 TIO HUGO,30
432147 TIRADENTES DO SUL,40
432149 TOROPI,25
432150 TORRES,465
432160 TRAMANDAI,581
432162 TRAVESSEIRO,22
432163 TRES ARROIOS,22
432166 TRES CACHOEIRAS,116
432170 TRES COROAS,235
432180 TRES DE MAIO,269
432183 TRES FORQUILHAS,35
432185 TRES PALMEIRAS,45
432190 TRES PASSOS,255
432195 TRINDADE DO SUL,90
432200 TRIUNFO,264
432210 TUCUNDUVA,50
432215 TUNAS,43
432218 TUPANCI DO SUL,6
432220 TUPANCIRETA,178
432225 TUPANDI,54
432230 TUPARENDI,84
432232 TURUCU,32
432234 UBIRETAMA,14
432235 UNIAO DA SERRA,12
432237 UNISTALDA,28
432240 URUGUAIANA,1389
432250 VACARIA,779
432252 VALE VERDE,35
432253 VALE DO SOL,81
432254 VALE REAL,48
432255 VANINI,18
432260 VENANCIO AIRES,716
432270 VERA CRUZ,245
432280 VERANOPOLIS,216
432285 VESPASIANO CORREA,10
432290 VIADUTOS,29
432300 VIAMAO,1968
432310 VICENTE DUTRA,49
432320 VICTOR GRAEFF,23
432330 VILA FLORES,35
432335 VILA LANGARO,9
432340 VILA MARIA,33
432345 VILA NOVA DO SUL,24
432350 VISTA ALEGRE,30
432360 VISTA ALEGRE DO PRATA,8
432370 VISTA GAUCHA,30
432375 VITORIA DAS MISSOES,23
432377 WESTFALIA,28
432380 XANGRI-LA,205
500020 AGUA CLARA,267
500025 ALCINOPOLIS,46
500060 AMAMBAI,696
500070 ANASTACIO,273
500080 ANAURILANDIA,86
500085 ANGELICA,140
500090 ANTONIO JOAO,148
500100 APARECIDA DO TABOADO,362
500110 AQUIDAUANA,660
500124 ARAL MOREIRA,141
500150 BANDEIRANTES,91
500190 BATAGUASSU,265
500200 BATAYPORA,128
500210 BELA VISTA,350
500215 BODOQUENA,95
500220 BONITO,401
500230 BRASILANDIA,143
500240 CAARAPO,509
500260 CAMAPUA,135
500270 CAMPO GRANDE,11487
500280 CARACOL,68
500290 CASSILANDIA,252
500295 CHAPADAO DO SUL,496
500310 CORGUINHO,44
500315 CORONEL SAPUCAIA,322
500320 CORUMBA,1545
500325 COSTA RICA,399
500330 COXIM,431
500345 DEODAPOLIS,135
500348 DOIS IRMAOS DO BURITI,150
500350 DOURADINA,65
500370 DOURADOS,3802
500375 ELDORADO,140
500380 FATIMA DO SUL,215
500390 FIGUEIRAO,41
500400 GLORIA DE DOURADOS,112
500410 GUIA LOPES DA LAGUNA,114
500430 IGUATEMI,198
500440 INOCENCIA,123
500450 ITAPORA,225
500460 ITAQUIRAI,229
500470 IVINHEMA,421
500480 JAPORA,163
500490 JARAGUARI,44
500500 JARDIM,340
500510 JATEI,39
500515 JUTI,94
500520 LADARIO,280
500525 LAGUNA CARAPA,87
500540 MARACAJU,692
500560 MIRANDA,433
500568 MUNDO NOVO,265
500570 NAVIRAI,718
500580 NIOAQUE,154
500600 NOVA ALVORADA DO SUL,314
500620 NOVA ANDRADINA,607
500625 NOVO HORIZONTE DO SUL,70
500627 PARAISO DAS AGUAS,58
500630 PARANAIBA,469
500635 PARANHOS,296
500640 PEDRO GOMES,68
500660 PONTA PORA,1468
500690 PORTO MURTINHO,148
500710 RIBAS DO RIO PARDO,403
500720 RIO BRILHANTE,519
500730 RIO NEGRO,48
500740 RIO VERDE DE MATO GROSSO,245
500750 ROCHEDO,71
500755 SANTA RITA DO PARDO,79
500769 SAO GABRIEL DO OESTE,489
500770 SETE QUEDAS,133
500780 SELVIRIA,71
500790 SIDROLANDIA,651
500793 SONORA,214
500795 TACURU,167
500797 TAQUARUSSU,31
500800 TERENOS,183
500830 TRES LAGOAS,1770
500840 VICENTINA,77
510010 ACORIZAL,44
510020 AGUA BOA,473
510025 ALTA FLORESTA,906
510030 ALTO ARAGUAIA,158
510035 ALTO BOA VISTA,92
510040 ALTO GARCAS,151
510050 ALTO PARAGUAI,107
510060 ALTO TAQUARI,157
510080 APIACAS,130
510100 ARAGUAIANA,28
510120 ARAGUAINHA,6
510125 ARAPUTANGA,241
510130 ARENAPOLIS,166
510140 ARIPUANA,406
510160 BARAO DE MELGACO,64
510170 BARRA DO BUGRES,427
510180 BARRA DO GARCAS,1048
510185 BOM JESUS DO ARAGUAIA,105
510190 BRASNORTE,310
510250 CACERES,1254
510260 CAMPINAPOLIS,451
510263 CAMPO NOVO DO PARECIS,823
510267 CAMPO VERDE,720
510268 CAMPOS DE JULIO,139
510269 CANABRAVA DO NORTE,57
510270 CANARANA,485
510279 CARLINDA,105
510285 CASTANHEIRA,92
510300 CHAPADA DOS GUIMARAES,227
510305 CLAUDIA,145
510310 COCALINHO,72
510320 COLIDER,458
510325 COLNIZA,382
510330 COMODORO,277
510335 CONFRESA,709
510336 CONQUISTA D'OESTE,56
510337 COTRIGUACU,142
510340 CUIABA,9056
510343 CURVELANDIA,62
510345 DENISE,99
510350 DIAMANTINO,350
510360 DOM AQUINO,67
510370 FELIZ NATAL,171
510380 FIGUEIROPOLIS D'OESTE,39
510385 GAUCHA DO NORTE,177
510390 GENERAL CARNEIRO,111
510395 GLORIA D'OESTE,26
510410 GUARANTA DO NORTE,552
510420 GUIRATINGA,80
510450 INDIAVAI,23
510452 IPIRANGA DO NORTE,140
510454 ITANHANGA,84
510455 ITAUBA,99
510460 ITIQUIRA,130
510480 JACIARA,347
510490 JANGADA,70
510500 JAURU,91
510510 JUARA,597
510515 JUINA,698
510517 JURUENA,160
510520 JUSCIMEIRA,108
510523 LAMBARI D'OESTE,58
510525 LUCAS DO RIO VERDE,1486
510530 LUCIARA,32
510550 VILA BELA DA SANTISSIMA TRINDADE,233
510558 MARCELANDIA,193
510560 MATUPA,360
510562 MIRASSOL D'OESTE,375
510590 NOBRES,229
510600 NORTELANDIA,61
510610 NOSSA SENHORA DO LIVRAMENTO,105
510615 NOVA BANDEIRANTES,170
510617 NOVA NAZARE,110
510618 NOVA LACERDA,97
510619 NOVA SANTA HELENA,57
510620 NOVA BRASILANDIA,50
510621 NOVA CANAA DO NORTE,188
510622 NOVA MUTUM,1078
510623 NOVA OLIMPIA,271
510624 NOVA UBIRATA,207
510625 NOVA XAVANTINA,304
510626 NOVO MUNDO,90
510627 NOVO HORIZONTE DO NORTE,46
510628 NOVO SAO JOAQUIM,90
510629 PARANAITA,158
510630 PARANATINGA,387
510631 NOVO SANTO ANTONIO,22
510637 PEDRA PRETA,228
510642 PEIXOTO DE AZEVEDO,631
510645 PLANALTO DA SERRA,35
510650 POCONE,464
510665 PONTAL DO ARAGUAIA,78
510670 PONTE BRANCA,12
510675 PONTES E LACERDA,831
510677 PORTO ALEGRE DO NORTE,136
510680 PORTO DOS GAUCHOS,88
510682 PORTO ESPERIDIAO,152
510685 PORTO ESTRELA,33
510700 POXOREO,225
510704 PRIMAVERA DO LESTE,1479
510706 QUERENCIA,539
510710 SAO JOSE DOS QUATRO MARCOS,189
510715 RESERVA DO CABACAL,18
510718 RIBEIRAO CASCALHEIRA,131
510719 RIBEIRAOZINHO,32
510720 RIO BRANCO,62
510724 SANTA CARMEM,97
510726 SANTO AFONSO,38
510729 SAO JOSE DO POVO,14
510730 SAO JOSE DO RIO CLARO,219
510735 SAO JOSE DO XINGU,116
510740 SAO PEDRO DA CIPA,34
510757 RONDOLANDIA,40
510760 RONDONOPOLIS,3680
510770 ROSARIO OESTE,146
510774 SANTA CRUZ DO XINGU,37
510775 SALTO DO CEU,41
510776 SANTA RITA DO TRIVELATO,38
510777 SANTA TEREZINHA,96
510779 SANTO ANTONIO DO LESTE,75
510780 SANTO ANTONIO DO LEVERGER,208
510785 SAO FELIX DO ARAGUAIA,124
510787 SAPEZAL,544
510788 SERRA NOVA DOURADA,27
510790 SINOP,3559
510792 SORRISO,2117
510794 TABAPORA,158
510795 TANGARA DA SERRA,1469
510800 TAPURAH,216
510805 TERRA NOVA DO NORTE,146
510810 TESOURO,33
510820 TORIXOREU,31
510830 UNIAO DO SUL,69
510835 VALE DE SAO DOMINGOS,28
510840 VARZEA GRANDE,4402
510850 VERA,160
510860 VILA RICA,291
510880 NOVA GUARITA,62
510885 NOVA MARILANDIA,43
510890 NOVA MARINGA,68
510895 NOVA MONTE VERDE,114
 MUNICIPIO IGNORADO - GO,5
520005 ABADIA DE GOIAS,228
520010 ABADIANIA,196
520013 ACREUNA,208
520015 ADELANDIA,13
520017 AGUA FRIA DE GOIAS,71
520020 AGUA LIMPA,15
520025 AGUAS LINDAS DE GOIAS,3105
520030 ALEXANIA,364
520050 ALOANDIA,27
520055 ALTO HORIZONTE,93
520060 ALTO PARAISO DE GOIAS,116
520080 ALVORADA DO NORTE,102
520082 AMARALINA,24
520085 AMERICANO DO BRASIL,58
520090 AMORINOPOLIS,33
520110 ANAPOLIS,5594
520120 ANHANGUERA,7
520130 ANICUNS,223
520140 APARECIDA DE GOIANIA,7179
520145 APARECIDA DO RIO DOCE,31
520150 APORE,54
520160 ARACU,27
520170 ARAGARCAS,177
520180 ARAGOIANIA,140
520215 ARAGUAPAZ,34
520235 ARENOPOLIS,29
520250 ARUANA,166
520260 AURILANDIA,30
520280 AVELINOPOLIS,27
520310 BALIZA,24
520320 BARRO ALTO,146
520330 BELA VISTA DE GOIAS,403
520340 BOM JARDIM DE GOIAS,75
520350 BOM JESUS DE GOIAS,291
520355 BONFINOPOLIS,116
520357 BONOPOLIS,41
520360 BRAZABRANTES,35
520380 BRITANIA,68
520390 BURITI ALEGRE,98
520393 BURITI DE GOIAS,23
520396 BURITINOPOLIS,33
520400 CABECEIRAS,87
520410 CACHOEIRA ALTA,99
520420 CACHOEIRA DE GOIAS,11
520425 CACHOEIRA DOURADA,62
520430 CACU,145
520440 CAIAPONIA,189
520450 CALDAS NOVAS,1236
520455 CALDAZINHA,47
520460 CAMPESTRE DE GOIAS,29
520465 CAMPINACU,39
520470 CAMPINORTE,156
520480 CAMPO ALEGRE DE GOIAS,75
520485 CAMPO LIMPO DE GOIAS,145
520490 CAMPOS BELOS,266
520495 CAMPOS VERDES,52
520500 CARMO DO RIO VERDE,79
520505 CASTELANDIA,39
520510 CATALAO,1313
520520 CATURAI,59
520530 CAVALCANTE,174
520540 CERES,252
520545 CEZARINA,75
520547 CHAPADAO DO CEU,214
520549 CIDADE OCIDENTAL,1242
520551 COCALZINHO DE GOIAS,240
520552 COLINAS DO SUL,41
520570 CORREGO DO OURO,23
520580 CORUMBA DE GOIAS,103
520590 CORUMBAIBA,73
520620 CRISTALINA,992
520630 CRISTIANOPOLIS,44
520640 CRIXAS,179
520650 CROMINIA,33
520660 CUMARI,21
520670 DAMIANOPOLIS,55
520680 DAMOLANDIA,23
520690 DAVINOPOLIS,28
520710 DIORAMA,21
520725 DOVERLANDIA,65
520735 EDEALINA,35
520740 EDEIA,143
520750 ESTRELA DO NORTE,29
520753 FAINA,38
520760 FAZENDA NOVA,53
520780 FIRMINOPOLIS,120
520790 FLORES DE GOIAS,107
520800 FORMOSA,1625
520810 FORMOSO,45
520815 GAMELEIRA DE GOIAS,36
520830 DIVINOPOLIS DE GOIAS,56
520840 GOIANAPOLIS,175
520850 GOIANDIRA,52
520860 GOIANESIA,995
520870 GOIANIA,17937
520880 GOIANIRA,873
520890 GOIAS,206
520910 GOIATUBA,432
520915 GOUVELANDIA,44
520920 GUAPO,204
520929 GUARAITA,16
520940 GUARANI DE GOIAS,41
520945 GUARINOS,14
520960 HEITORAI,26
520970 HIDROLANDIA,323
520980 HIDROLINA,37
520990 IACIARA,172
520993 INACIOLANDIA,64
520995 INDIARA,177
521000 INHUMAS,642
521010 IPAMERI,315
521015 IPIRANGA DE GOIAS,29
521020 IPORA,429
521030 ISRAELANDIA,21
521040 ITABERAI,680
521056 ITAGUARI,71
521060 ITAGUARU,37
521080 ITAJA,49
521090 ITAPACI,221
521100 ITAPIRAPUA,69
521120 ITAPURANGA,303
521130 ITARUMA,79
521140 ITAUCU,61
521150 ITUMBIARA,1147
521160 IVOLANDIA,20
521170 JANDAIA,55
521180 JARAGUA,579
521190 JATAI,1305
521200 JAUPACI,37
521205 JESUPOLIS,17
521210 JOVIANIA,77
521220 JUSSARA,238
521225 LAGOA SANTA,12
521230 LEOPOLDO DE BULHOES,77
521250 LUZIANIA,2981
521260 MAIRIPOTABA,18
521270 MAMBAI,140
521280 MARA ROSA,144
521290 MARZAGAO,32
521295 MATRINCHA,55
521300 MAURILANDIA,118
521305 MIMOSO DE GOIAS,17
521308 MINACU,339
521310 MINEIROS,1053
521340 MOIPORA,15
521350 MONTE ALEGRE DE GOIAS,87
521370 MONTES CLAROS DE GOIAS,90
521375 MONTIVIDIU,180
521377 MONTIVIDIU DO NORTE,30
521380 MORRINHOS,552
521385 MORRO AGUDO DE GOIAS,37
521390 MOSSAMEDES,34
521400 MOZARLANDIA,194
521405 MUNDO NOVO,67
521410 MUTUNOPOLIS,51
521440 NAZARIO,93
521450 NEROPOLIS,520
521460 NIQUELANDIA,374
521470 NOVA AMERICA,27
521480 NOVA AURORA,19
521483 NOVA CRIXAS,186
521486 NOVA GLORIA,91
521487 NOVA IGUACU DE GOIAS,23
521490 NOVA ROMA,37
521500 NOVA VENEZA,118
521520 NOVO BRASIL,36
521523 NOVO GAMA,1317
521525 NOVO PLANALTO,45
521530 ORIZONA,171
521540 OURO VERDE DE GOIAS,46
521550 OUVIDOR,92
521560 PADRE BERNARDO,422
521565 PALESTINA DE GOIAS,35
521570 PALMEIRAS DE GOIAS,387
521580 PALMELO,13
521590 PALMINOPOLIS,61
521600 PANAMA,27
521630 PARANAIGUARA,56
521640 PARAUNA,126
521645 PEROLANDIA,32
521680 PETROLINA DE GOIAS,76
521690 PILAR DE GOIAS,25
521710 PIRACANJUBA,194
521720 PIRANHAS,121
521730 PIRENOPOLIS,301
521740 PIRES DO RIO,420
521760 PLANALTINA,1407
521770 PONTALINA,163
521800 PORANGATU,544
521805 PORTEIRAO,45
521810 PORTELANDIA,27
521830 POSSE,565
521839 PROFESSOR JAMIL,25
521850 QUIRINOPOLIS,616
521860 RIALMA,164
521870 RIANAPOLIS,56
521878 RIO QUENTE,34
521880 RIO VERDE,3388
521890 RUBIATABA,202
521900 SANCLERLANDIA,65
521910 SANTA BARBARA DE GOIAS,60
521920 SANTA CRUZ DE GOIAS,30
521925 SANTA FE DE GOIAS,49
521930 SANTA HELENA DE GOIAS,449
521935 SANTA ISABEL,29
521940 SANTA RITA DO ARAGUAIA,71
521945 SANTA RITA DO NOVO DESTINO,11
521950 SANTA ROSA DE GOIAS,35
521960 SANTA TEREZA DE GOIAS,57
521970 SANTA TEREZINHA DE GOIAS,94
521971 SANTO ANTONIO DA BARRA,41
521973 SANTO ANTONIO DE GOIAS,90
521975 SANTO ANTONIO DO DESCOBERTO,787
521980 SAO DOMINGOS,86
521990 SAO FRANCISCO DE GOIAS,63
522000 SAO JOAO D'ALIANCA,175
522005 SAO JOAO DA PARAUNA,14
522010 SAO LUIS DE MONTES BELOS,402
522015 SAO LUIZ DO NORTE,89
522020 SAO MIGUEL DO ARAGUAIA,259
522026 SAO MIGUEL DO PASSA QUATRO,22
522028 SAO PATRICIO,28
522040 SAO SIMAO,178
522045 SENADOR CANEDO,2291
522050 SERRANOPOLIS,96
522060 SILVANIA,249
522068 SIMOLANDIA,46
522070 SITIO D'ABADIA,32
522100 TAQUARAL DE GOIAS,40
522108 TERESINA DE GOIAS,39
522119 TEREZOPOLIS DE GOIAS,93
522130 TRES RANCHOS,22
522140 TRINDADE,1777
522145 TROMBAS,33
522150 TURVANIA,40
522155 TURVELANDIA,46
522157 UIRAPURU,13
522160 URUACU,561
522170 URUANA,112
522180 URUTAI,28
522185 VALPARAISO DE GOIAS,2289
522190 VARJAO,35
522200 VIANOPOLIS,225
522205 VICENTINOPOLIS,130
522220 VILA BOA,45
522230 VILA PROPICIO,80
530010 BRASILIA,33282
Total,2389325
Fonte: MS/SVSA/CGIAE - Sistema de Informações sobre Nascidos Vivos - SINASC,
Notas:,
,
Dados finais disponíveis até 2024 e atualizados em 02/12/2025.,
"Em 2011, houve uma mudança no conteúdo da Declaração de Nascidos Vivos, com maior detalhamento das informações coletadas. Para este ano, foram",
"utilizados simultaneamente os dois formulários. Para mais detalhes sobre as mudanças ocorridas e os seus efeitos, veja o documento",
Consolidação do Sistema de Informações sobre Nascidos Vivos - 2011.,
,
"* A categorização da ""Adequação quantitativa de pré-natal"" mostrada na variável ""Adeq quant pré-natal"" considera o início do",
"pré-natal no primeiro trimestre e um mínimo de seis consultas de pré-natal , sendo gravada em campo chamado Kotelchuck no",
"arquivo disponível para download, calculado a partir dos campos 33  Número de consultas pré-natal (Mesprenat) e 34  Mês de gestação em que iniciou o pré-natal (Consprenat).",
"Maiores informações no documento ""Saúde Brasil 2017: uma análise da situação de saúde e os desafios para o alcance dos Objetivos de Desenvolvi",