Município,Nascim_p/resid.mãe
 MUNICIPIO IGNORADO - RO,3
110001 ALTA FLORESTA D'OESTE,383
110002 ARIQUEMES,1515
110003 CABIXI,77
110004 CACOAL,1343
110005 CEREJEIRAS,280
110006 COLORADO DO OESTE,188
110007 CORUMBIARA,97
110008 COSTA MARQUES,219
110009 ESPIGAO D'OESTE,479
110010 GUAJARA-MIRIM,730
110011 JARU,895
110012 JI-PARANA,1915
110013 MACHADINHO D'OESTE,507
110014 NOVA BRASILANDIA D'OESTE,228
110015 OURO PRETO DO OESTE,534
110018 PIMENTA BUENO,615
110020 PORTO VELHO,6643
110025 PRESIDENTE MEDICI,247
110026 RIO CRESPO,33
110028 ROLIM DE MOURA,824
110029 SANTA LUZIA D'OESTE,72
110030 VILHENA,1486
110032 SAO MIGUEL DO GUAPORE,344
110033 NOVA MAMORE,463
110034 ALVORADA D'OESTE,199
110037 ALTO ALEGRE DOS PARECIS,170
110040 ALTO PARAISO,216
110045 BURITIS,497
110050 NOVO HORIZONTE DO OESTE,70
110060 CACAULANDIA,56
110070 CAMPO NOVO DE RONDONIA,138
110080 CANDEIAS DO JAMARI,339
110090 CASTANHEIRAS,47
110092 CHUPINGUAIA,168
110094 CUJUBIM,208
110100 GOVERNADOR JORGE TEIXEIRA,95
110110 ITAPUA DO OESTE,96
110120 MINISTRO ANDREAZZA,68
110130 MIRANTE DA SERRA,109
110140 MONTE NEGRO,173
110143 NOVA UNIAO,72
110145 PARECIS,38
110146 PIMENTEIRAS DO OESTE,48
110147 PRIMAVERA DE RONDONIA,41
110148 SAO FELIPE D'OESTE,65
110149 SAO FRANCISCO DO GUAPORE,263
110150 SERINGUEIRAS,199
110155 TEIXEIROPOLIS,48
110160 THEOBROMA,73
110170 URUPA,168
110175 VALE DO ANARI,68
110180 VALE DO PARAISO,69
120001 ACRELANDIA,248
120005 ASSIS BRASIL,257
120010 BRASILEIA,519
120013 BUJARI,256
120017 CAPIXABA,180
120020 CRUZEIRO DO SUL,1541
120025 EPITACIOLANDIA,281
120030 FEIJO,848
120032 JORDAO,275
120033 MANCIO LIMA,354
120034 MANOEL URBANO,288
120035 MARECHAL THAUMATURGO,410
120038 PLACIDO DE CASTRO,249
120039 PORTO WALTER,226
120040 RIO BRANCO,5149
120042 RODRIGUES ALVES,285
120043 SANTA ROSA DO PURUS,201
120045 SENADOR GUIOMARD,346
120050 SENA MADUREIRA,783
120060 TARAUACA,1130
120070 XAPURI,304
120080 PORTO ACRE,343
 MUNICIPIO IGNORADO - AM,12
130002 ALVARAES,306
130006 AMATURA,240
130008 ANAMA,192
130010 ANORI,208
130014 APUI,273
130020 ATALAIA DO NORTE,359
130030 AUTAZES,819
130040 BARCELOS,511
130050 BARREIRINHA,789
130060 BENJAMIN CONSTANT,983
130063 BERURI,438
130068 BOA VISTA DO RAMOS,264
130070 BOCA DO ACRE,728
130080 BORBA,681
130083 CAAPIRANGA,171
130090 CANUTAMA,186
130100 CARAUARI,540
130110 CAREIRO,482
130115 CAREIRO DA VARZEA,208
130120 COARI,1485
130130 CODAJAS,393
130140 EIRUNEPE,728
130150 ENVIRA,310
130160 FONTE BOA,580
130165 GUAJARA,299
130170 HUMAITA,945
130180 IPIXUNA,405
130185 IRANDUBA,981
130190 ITACOATIARA,1788
130195 ITAMARATI,315
130200 ITAPIRANGA,184
130210 JAPURA,205
130220 JURUA,190
130230 JUTAI,655
130240 LABREA,822
130250 MANACAPURU,1965
130255 MANAQUIRI,238
130260 MANAUS,33479
130270 MANICORE,915
130280 MARAA,372
130290 MAUES,1316
130300 NHAMUNDA,302
130310 NOVA OLINDA DO NORTE,569
130320 NOVO AIRAO,305
130330 NOVO ARIPUANA,347
130340 PARINTINS,1783
130350 PAUINI,352
130353 PRESIDENTE FIGUEIREDO,524
130356 RIO PRETO DA EVA,356
130360 SANTA ISABEL DO RIO NEGRO,370
130370 SANTO ANTONIO DO ICA,863
130380 SAO GABRIEL DA CACHOEIRA,1442
130390 SAO PAULO DE OLIVENCA,953
130395 SAO SEBASTIAO DO UATUMA,180
130400 SILVES,195
130406 TABATINGA,1484
130410 TAPAUA,422
130420 TEFE,1824
130423 TONANTINS,372
130426 UARINI,319
130430 URUCARA,244
130440 URUCURITUBA,287
 MUNICIPIO IGNORADO - RR,2
140002 AMAJARI,429
140005 ALTO ALEGRE,661
140010 BOA VISTA,7776
140015 BONFIM,419
140017 CANTA,357
140020 CARACARAI,361
140023 CAROEBE,212
140028 IRACEMA,164
140030 MUCAJAI,354
140040 NORMANDIA,511
140045 PACARAIMA,546
140047 RORAINOPOLIS,532
140050 SAO JOAO DA BALIZA,127
140060 SAO LUIZ,90
140070 UIRAMUTA,564
 MUNICIPIO IGNORADO - PA,2
150010 ABAETETUBA,2453
150013 ABEL FIGUEIREDO,118
150020 ACARA,979
150030 AFUA,1022
150034 AGUA AZUL DO NORTE,217
150040 ALENQUER,1092
150050 ALMEIRIM,655
150060 ALTAMIRA,2226
150070 ANAJAS,799
150080 ANANINDEUA,6142
150085 ANAPU,580
150090 AUGUSTO CORREA,767
150095 AURORA DO PARA,396
150100 AVEIRO,154
150110 BAGRE,561
150120 BAIAO,508
150125 BANNACH,48
150130 BARCARENA,2156
150140 BELEM,15146
150145 BELTERRA,312
150150 BENEVIDES,874
150157 BOM JESUS DO TOCANTINS,238
150160 BONITO,195
150170 BRAGANCA,1859
150172 BRASIL NOVO,310
150175 BREJO GRANDE DO ARAGUAIA,91
150178 BREU BRANCO,740
150180 BREVES,2799
150190 BUJARU,427
150195 CACHOEIRA DO PIRIA,295
150200 CACHOEIRA DO ARARI,354
150210 CAMETA,2209
150215 CANAA DOS CARAJAS,1610
150220 CAPANEMA,937
150230 CAPITAO POCO,775
150240 CASTANHAL,2916
150250 CHAVES,392
150260 COLARES,149
150270 CONCEICAO DO ARAGUAIA,688
150275 CONCORDIA DO PARA,455
150276 CUMARU DO NORTE,164
150277 CURIONOPOLIS,350
150280 CURRALINHO,674
150285 CURUA,215
150290 CURUCA,456
150293 DOM ELISEU,611
150295 ELDORADO DOS CARAJAS,436
150300 FARO,121
150304 FLORESTA DO ARAGUAIA,327
150307 GARRAFAO DO NORTE,387
150309 GOIANESIA DO PARA,459
150310 GURUPA,684
150320 IGARAPE-ACU,473
150330 IGARAPE-MIRI,1019
150340 INHANGAPI,139
150345 IPIXUNA DO PARA,582
150350 IRITUIA,427
150360 ITAITUBA,2340
150370 ITUPIRANGA,754
150375 JACAREACANGA,643
150380 JACUNDA,598
150390 JURUTI,1139
150400 LIMOEIRO DO AJURU,391
150405 MAE DO RIO,506
150410 MAGALHAES BARATA,90
150420 MARABA,4356
150430 MARACANA,318
150440 MARAPANIM,297
150442 MARITUBA,1512
150445 MEDICILANDIA,428
150450 MELGACO,567
150460 MOCAJUBA,422
150470 MOJU,1178
150475 MOJUI DOS CAMPOS,331
150480 MONTE ALEGRE,1154
150490 MUANA,575
150495 NOVA ESPERANCA DO PIRIA,269
150497 NOVA IPIXUNA,171
150500 NOVA TIMBOTEUA,144
150503 NOVO PROGRESSO,686
150506 NOVO REPARTIMENTO,1159
150510 OBIDOS,995
150520 OEIRAS DO PARA,634
150530 ORIXIMINA,1366
150540 OUREM,224
150543 OURILANDIA DO NORTE,564
150548 PACAJA,746
150549 PALESTINA DO PARA,104
150550 PARAGOMINAS,1804
150553 PARAUAPEBAS,4823
150555 PAU D'ARCO,141
150560 PEIXE-BOI,70
150563 PICARRA,151
150565 PLACAS,316
150570 PONTA DE PEDRAS,326
150580 PORTEL,1549
150590 PORTO DE MOZ,640
150600 PRAINHA,680
150610 PRIMAVERA,169
150611 QUATIPURU,144
150613 REDENCAO,1556
150616 RIO MARIA,264
150618 RONDON DO PARA,584
150619 RUROPOLIS,416
150620 SALINOPOLIS,707
150630 SALVATERRA,304
150635 SANTA BARBARA DO PARA,272
150640 SANTA CRUZ DO ARARI,75
150650 SANTA IZABEL DO PARA,842
150655 SANTA LUZIA DO PARA,276
150658 SANTA MARIA DAS BARREIRAS,222
150660 SANTA MARIA DO PARA,338
150670 SANTANA DO ARAGUAIA,633
150680 SANTAREM,6328
150690 SANTAREM NOVO,88
150700 SANTO ANTONIO DO TAUA,441
150710 SAO CAETANO DE ODIVELAS,204
150715 SAO DOMINGOS DO ARAGUAIA,364
150720 SAO DOMINGOS DO CAPIM,424
150730 SAO FELIX DO XINGU,1047
150740 SAO FRANCISCO DO PARA,205
150745 SAO GERALDO DO ARAGUAIA,434
150746 SAO JOAO DA PONTA,76
150747 SAO JOAO DE PIRABAS,281
150750 SAO JOAO DO ARAGUAIA,178
150760 SAO MIGUEL DO GUAMA,865
150770 SAO SEBASTIAO DA BOA VISTA,513
150775 SAPUCAIA,103
150780 SENADOR JOSE PORFIRIO,345
150790 SOURE,355
150795 TAILANDIA,1376
150796 TERRA ALTA,157
150797 TERRA SANTA,309
150800 TOME-ACU,1440
150803 TRACUATEUA,410
150805 TRAIRAO,305
150808 TUCUMA,644
150810 TUCURUI,1377
150812 ULIANOPOLIS,440
150815 URUARA,735
150820 VIGIA,596
150830 VISEU,897
150835 VITORIA DO XINGU,296
150840 XINGUARA,786
160005 SERRA DO NAVIO,61
160010 AMAPA,132
160015 PEDRA BRANCA DO AMAPARI,280
160020 CALCOENE,172
160021 CUTIAS,114
160023 FERREIRA GOMES,139
160025 ITAUBAL,119
160027 LARANJAL DO JARI,594
160030 MACAPA,7414
160040 MAZAGAO,481
160050 OIAPOQUE,583
160053 PORTO GRANDE,328
160055 PRACUUBA,76
160060 SANTANA,1926
160070 TARTARUGALZINHO,296
160080 VITORIA DO JARI,233
170025 ABREULANDIA,34
170030 AGUIARNOPOLIS,83
170035 ALIANCA DO TOCANTINS,67
170040 ALMAS,111
170070 ALVORADA,154
170100 ANANAS,148
170105 ANGICO,37
170110 APARECIDA DO RIO NEGRO,74
170130 ARAGOMINAS,66
170190 ARAGUACEMA,93
170200 ARAGUACU,114
170210 ARAGUAINA,2868
170215 ARAGUANA,61
170220 ARAGUATINS,429
170230 ARAPOEMA,88
170240 ARRAIAS,155
170255 AUGUSTINOPOLIS,325
170270 AURORA DO TOCANTINS,24
170290 AXIXA DO TOCANTINS,179
170300 BABACULANDIA,83
170305 BANDEIRANTES DO TOCANTINS,40
170307 BARRA DO OURO,77
170310 BARROLANDIA,49
170320 BERNARDO SAYAO,45
170330 BOM JESUS DO TOCANTINS,67
170360 BRASILANDIA DO TOCANTINS,35
170370 BREJINHO DE NAZARE,70
170380 BURITI DO TOCANTINS,138
170382 CACHOEIRINHA,34
170384 CAMPOS LINDOS,163
170386 CARIRI DO TOCANTINS,67
170388 CARMOLANDIA,33
170389 CARRASCO BONITO,58
170390 CASEARA,66
170410 CENTENARIO,19
170460 CHAPADA DE AREIA,20
170510 CHAPADA DA NATIVIDADE,40
170550 COLINAS DO TOCANTINS,556
170555 COMBINADO,65
170560 CONCEICAO DO TOCANTINS,63
170600 COUTO MAGALHAES,73
170610 CRISTALANDIA,86
170625 CRIXAS DO TOCANTINS,27
170650 DARCINOPOLIS,100
170700 DIANOPOLIS,262
170710 DIVINOPOLIS DO TOCANTINS,101
170720 DOIS IRMAOS DO TOCANTINS,63
170730 DUERE,52
170740 ESPERANTINA,118
170755 FATIMA,41
170765 FIGUEIROPOLIS,62
170770 FILADELFIA,105
170820 FORMOSO DO ARAGUAIA,260
170825 FORTALEZA DO TABOCAO,42
170830 GOIANORTE,66
170900 GOIATINS,249
170930 GUARAI,321
170950 GURUPI,1282
170980 IPUEIRAS,25
171050 ITACAJA,116
171070 ITAGUATINS,57
171090 ITAPIRATINS,66
171110 ITAPORA DO TOCANTINS,33
171150 JAU DO TOCANTINS,42
171180 JUARINA,29
171190 LAGOA DA CONFUSAO,248
171195 LAGOA DO TOCANTINS,55
171200 LAJEADO,46
171215 LAVANDEIRA,31
171240 LIZARDA,55
171245 LUZINOPOLIS,36
171250 MARIANOPOLIS DO TOCANTINS,67
171270 MATEIROS,48
171280 MAURILANDIA DO TOCANTINS,53
171320 MIRACEMA DO TOCANTINS,248
171330 MIRANORTE,180
171360 MONTE DO CARMO,83
171370 MONTE SANTO DO TOCANTINS,33
171380 PALMEIRAS DO TOCANTINS,67
171395 MURICILANDIA,47
171420 NATIVIDADE,116
171430 NAZARE,53
171488 NOVA OLINDA,175
171500 NOVA ROSALANDIA,41
171510 NOVO ACORDO,72
171515 NOVO ALEGRE,13
171525 NOVO JARDIM,28
171550 OLIVEIRA DE FATIMA,16
171570 PALMEIRANTE,64
171575 PALMEIROPOLIS,95
171610 PARAISO DO TOCANTINS,758
171620 PARANA,142
171630 PAU D'ARCO,53
171650 PEDRO AFONSO,216
171660 PEIXE,121
171665 PEQUIZEIRO,55
171670 COLMEIA,105
171700 PINDORAMA DO TOCANTINS,75
171720 PIRAQUE,32
171750 PIUM,84
171780 PONTE ALTA DO BOM JESUS,41
171790 PONTE ALTA DO TOCANTINS,118
171800 PORTO ALEGRE DO TOCANTINS,53
171820 PORTO NACIONAL,1102
171830 PRAIA NORTE,89
171840 PRESIDENTE KENNEDY,38
171845 PUGMIL,24
171850 RECURSOLANDIA,51
171855 RIACHINHO,47
171865 RIO DA CONCEICAO,36
171870 RIO DOS BOIS,32
171875 RIO SONO,68
171880 SAMPAIO,83
171884 SANDOLANDIA,44
171886 SANTA FE DO ARAGUAIA,121
171888 SANTA MARIA DO TOCANTINS,27
171889 SANTA RITA DO TOCANTINS,36
171890 SANTA ROSA DO TOCANTINS,89
171900 SANTA TEREZA DO TOCANTINS,43
172000 SANTA TEREZINHA DO TOCANTINS,36
172010 SAO BENTO DO TOCANTINS,86
172015 SAO FELIX DO TOCANTINS,29
172020 SAO MIGUEL DO TOCANTINS,145
172025 SAO SALVADOR DO TOCANTINS,27
172030 SAO SEBASTIAO DO TOCANTINS,70
172049 SAO VALERIO,53
172065 SILVANOPOLIS,85
172080 SITIO NOVO DO TOCANTINS,125
172085 SUCUPIRA,20
172090 TAGUATINGA,208
172093 TAIPAS DO TOCANTINS,18
172097 TALISMA,37
172100 PALMAS,5018
172110 TOCANTINIA,174
172120 TOCANTINOPOLIS,354
172125 TUPIRAMA,26
172130 TUPIRATINS,18
172208 WANDERLANDIA,124
172210 XAMBIOA,163
 MUNICIPIO IGNORADO - MA,6
210005 ACAILANDIA,1676
210010 AFONSO CUNHA,123
210015 AGUA DOCE DO MARANHAO,145
210020 ALCANTARA,199
210030 ALDEIAS ALTAS,382
210040 ALTAMIRA DO MARANHAO,65
210043 ALTO ALEGRE DO MARANHAO,362
210047 ALTO ALEGRE DO PINDARE,454
210050 ALTO PARNAIBA,180
210055 AMAPA DO MARANHAO,102
210060 AMARANTE DO MARANHAO,772
210070 ANAJATUBA,288
210080 ANAPURUS,267
210083 APICUM-ACU,226
210087 ARAGUANA,130
210090 ARAIOSES,458
210095 ARAME,534
210100 ARARI,382
210110 AXIXA,114
210120 BACABAL,1408
210125 BACABEIRA,213
210130 BACURI,204
210135 BACURITUBA,59
210140 BALSAS,1836
210150 BARAO DE GRAJAU,275
210160 BARRA DO CORDA,1433
210170 BARREIRINHAS,1214
210173 BELAGUA,168
210177 BELA VISTA DO MARANHAO,202
210180 BENEDITO LEITE,46
210190 BEQUIMAO,203
210193 BERNARDO DO MEARIM,53
210197 BOA VISTA DO GURUPI,119
210200 BOM JARDIM,512
210203 BOM JESUS DAS SELVAS,496
210207 BOM LUGAR,129
210210 BREJO,456
210215 BREJO DE AREIA,118
210220 BURITI,467
210230 BURITI BRAVO,316
210232 BURITICUPU,1134
210235 BURITIRANA,153
210237 CACHOEIRA GRANDE,126
210240 CAJAPIO,104
210250 CAJARI,188
210255 CAMPESTRE DO MARANHAO,163
210260 CANDIDO MENDES,245
210270 CANTANHEDE,245
210275 CAPINZAL DO NORTE,114
210280 CAROLINA,313
210290 CARUTAPERA,399
210300 CAXIAS,2252
210310 CEDRAL,111
210312 CENTRAL DO MARANHAO,121
210315 CENTRO DO GUILHERME,213
210317 CENTRO NOVO DO MARANHAO,274
210320 CHAPADINHA,1254
210325 CIDELANDIA,140
210330 CODO,1533
210340 COELHO NETO,625
210350 COLINAS,650
210355 CONCEICAO DO LAGO-ACU,199
210360 COROATA,930
210370 CURURUPU,432
210375 DAVINOPOLIS,232
210380 DOM PEDRO,310
210390 DUQUE BACELAR,183
210400 ESPERANTINOPOLIS,302
210405 ESTREITO,496
210407 FEIRA NOVA DO MARANHAO,104
210408 FERNANDO FALCAO,254
210409 FORMOSA DA SERRA NEGRA,232
210410 FORTALEZA DOS NOGUEIRAS,224
210420 FORTUNA,268
210430 GODOFREDO VIANA,134
210440 GONCALVES DIAS,193
210450 GOVERNADOR ARCHER,143
210455 GOVERNADOR EDISON LOBAO,324
210460 GOVERNADOR EUGENIO BARROS,194
210462 GOVERNADOR LUIZ ROCHA,110
210465 GOVERNADOR NEWTON BELLO,124
210467 GOVERNADOR NUNES FREIRE,388
210470 GRACA ARANHA,61
210480 GRAJAU,1445
210490 GUIMARAES,122
210500 HUMBERTO DE CAMPOS,385
210510 ICATU,300
210515 IGARAPE DO MEIO,230
210520 IGARAPE GRANDE,156
210530 IMPERATRIZ,4095
210535 ITAIPAVA DO GRAJAU,246
210540 ITAPECURU MIRIM,1049
210542 ITINGA DO MARANHAO,256
210545 JATOBA,109
210547 JENIPAPO DOS VIEIRAS,418
210550 JOAO LISBOA,392
210560 JOSELANDIA,231
210565 JUNCO DO MARANHAO,81
210570 LAGO DA PEDRA,768
210580 LAGO DO JUNCO,119
210590 LAGO VERDE,220
210592 LAGOA DO MATO,110
210594 LAGO DOS RODRIGUES,107
210596 LAGOA GRANDE DO MARANHAO,248
210598 LAJEADO NOVO,102
210600 LIMA CAMPOS,175
210610 LORETO,141
210620 LUIS DOMINGUES,103
210630 MAGALHAES DE ALMEIDA,153
210632 MARACACUME,285
210635 MARAJA DO SENA,87
210637 MARANHAOZINHO,219
210640 MATA ROMA,259
210650 MATINHA,297
210660 MATOES,397
210663 MATOES DO NORTE,90
210667 MILAGRES DO MARANHAO,70
210670 MIRADOR,337
210675 MIRANDA DO NORTE,271
210680 MIRINZAL,192
210690 MONCAO,409
210700 MONTES ALTOS,141
210710 MORROS,276
210720 NINA RODRIGUES,195
210725 NOVA COLINAS,78
210730 NOVA IORQUE,52
210735 NOVA OLINDA DO MARANHAO,238
210740 OLHO D'AGUA DAS CUNHAS,211
210745 OLINDA NOVA DO MARANHAO,141
210750 PACO DO LUMIAR,1905
210760 PALMEIRANDIA,227
210770 PARAIBANO,273
210780 PARNARAMA,402
210790 PASSAGEM FRANCA,261
210800 PASTOS BONS,217
210805 PAULINO NEVES,300
210810 PAULO RAMOS,346
210820 PEDREIRAS,471
210825 PEDRO DO ROSARIO,351
210830 PENALVA,545
210840 PERI MIRIM,92
210845 PERITORO,277
210850 PINDARE-MIRIM,420
210860 PINHEIRO,1310
210870 PIO XII,340
210880 PIRAPEMAS,177
210890 POCAO DE PEDRAS,149
210900 PORTO FRANCO,378
210905 PORTO RICO DO MARANHAO,62
210910 PRESIDENTE DUTRA,684
210920 PRESIDENTE JUSCELINO,178
210923 PRESIDENTE MEDICI,88
210927 PRESIDENTE SARNEY,291
210930 PRESIDENTE VARGAS,181
210940 PRIMEIRA CRUZ,151
210945 RAPOSA,439
210950 RIACHAO,311
210955 RIBAMAR FIQUENE,101
210960 ROSARIO,470
210970 SAMBAIBA,78
210975 SANTA FILOMENA DO MARANHAO,79
210980 SANTA HELENA,405
210990 SANTA INES,1361
211000 SANTA LUZIA,955
211003 SANTA LUZIA DO PARUA,368
211010 SANTA QUITERIA DO MARANHAO,421
211020 SANTA RITA,522
211023 SANTANA DO MARANHAO,108
211027 SANTO AMARO DO MARANHAO,168
211030 SANTO ANTONIO DOS LOPES,205
211040 SAO BENEDITO DO RIO PRETO,339
211050 SAO BENTO,432
211060 SAO BERNARDO,363
211065 SAO DOMINGOS DO AZEITAO,106
211070 SAO DOMINGOS DO MARANHAO,593
211080 SAO FELIX DE BALSAS,44
211085 SAO FRANCISCO DO BREJAO,105
211090 SAO FRANCISCO DO MARANHAO,94
211100 SAO JOAO BATISTA,211
211102 SAO JOAO DO CARU,205
211105 SAO JOAO DO PARAISO,146
211107 SAO JOAO DO SOTER,238
211110 SAO JOAO DOS PATOS,350
211120 SAO JOSE DE RIBAMAR,3357
211125 SAO JOSE DOS BASILIOS,72
211130 SAO LUIS,12938
211140 SAO LUIS GONZAGA DO MARANHAO,252
211150 SAO MATEUS DO MARANHAO,622
211153 SAO PEDRO DA AGUA BRANCA,121
211157 SAO PEDRO DOS CRENTES,98
211160 SAO RAIMUNDO DAS MANGABEIRAS,264
211163 SAO RAIMUNDO DO DOCA BEZERRA,82
211167 SAO ROBERTO,81
211170 SAO VICENTE FERRER,197
211172 SATUBINHA,114
211174 SENADOR ALEXANDRE COSTA,142
211176 SENADOR LA ROCQUE,213
211178 SERRANO DO MARANHAO,181
211180 SITIO NOVO,270
211190 SUCUPIRA DO NORTE,150
211195 SUCUPIRA DO RIACHAO,32
211200 TASSO FRAGOSO,132
211210 TIMBIRAS,420
211220 TIMON,2837
211223 TRIZIDELA DO VALE,321
211227 TUFILANDIA,82
211230 TUNTUM,454
211240 TURIACU,537
211245 TURILANDIA,308
211250 TUTOIA,929
211260 URBANO SANTOS,576
211270 VARGEM GRANDE,669
211280 VIANA,856
211285 VILA NOVA DOS MARTIRIOS,164
211290 VITORIA DO MEARIM,426
211300 VITORINO FREIRE,415
211400 ZE DOCA,608
 MUNICIPIO IGNORADO - PI,1
220005 ACAUA,82
220010 AGRICOLANDIA,63
220020 AGUA BRANCA,241
220025 ALAGOINHA DO PIAUI,57
220027 ALEGRETE DO PIAUI,55
220030 ALTO LONGA,122
220040 ALTOS,574
220045 ALVORADA DO GURGUEIA,87
220050 AMARANTE,231
220060 ANGICAL DO PIAUI,93
220070 ANISIO DE ABREU,111
220080 ANTONIO ALMEIDA,63
220090 AROAZES,47
220095 AROEIRAS DO ITAIM,18
220100 ARRAIAL,57
220105 ASSUNCAO DO PIAUI,89
220110 AVELINO LOPES,152
220115 BAIXA GRANDE DO RIBEIRO,267
220117 BARRA D'ALCANTARA,27
220120 BARRAS,648
220130 BARREIRAS DO PIAUI,50
220140 BARRO DURO,54
220150 BATALHA,305
220155 BELA VISTA DO PIAUI,67
220157 BELEM DO PIAUI,32
220160 BENEDITINOS,97
220170 BERTOLINIA,56
220173 BETANIA DO PIAUI,110
220177 BOA HORA,89
220180 BOCAINA,37
220190 BOM JESUS,493
220191 BOM PRINCIPIO DO PIAUI,67
220192 BONFIM DO PIAUI,76
220194 BOQUEIRAO DO PIAUI,81
220196 BRASILEIRA,104
220198 BREJO DO PIAUI,49
220200 BURITI DOS LOPES,250
220202 BURITI DOS MONTES,54
220205 CABECEIRAS DO PIAUI,106
220207 CAJAZEIRAS DO PIAUI,50
220208 CAJUEIRO DA PRAIA,113
220209 CALDEIRAO GRANDE DO PIAUI,68
220210 CAMPINAS DO PIAUI,42
220211 CAMPO ALEGRE DO FIDALGO,52
220213 CAMPO GRANDE DO PIAUI,59
220217 CAMPO LARGO DO PIAUI,96
220220 CAMPO MAIOR,520
220225 CANAVIEIRA,31
220230 CANTO DO BURITI,253
220240 CAPITAO DE CAMPOS,115
220245 CAPITAO GERVASIO OLIVEIRA,46
220250 CARACOL,151
220253 CARAUBAS DO PIAUI,66
220255 CARIDADE DO PIAUI,74
220260 CASTELO DO PIAUI,210
220265 CAXINGO,79
220270 COCAL,370
220271 COCAL DE TELHA,52
220272 COCAL DOS ALVES,88
220273 COIVARAS,49
220275 COLONIA DO GURGUEIA,77
220277 COLONIA DO PIAUI,80
220280 CONCEICAO DO CANINDE,47
220285 CORONEL JOSE DIAS,55
220290 CORRENTE,446
220300 CRISTALANDIA DO PIAUI,94
220310 CRISTINO CASTRO,140
220320 CURIMATA,175
220323 CURRAIS,70
220325 CURRALINHOS,53
220327 CURRAL NOVO DO PIAUI,92
220330 DEMERVAL LOBAO,241
220335 DIRCEU ARCOVERDE,79
220340 DOM EXPEDITO LOPES,71
220342 DOMINGOS MOURAO,47
220345 DOM INOCENCIO,105
220350 ELESBAO VELOSO,127
220360 ELISEU MARTINS,45
220370 ESPERANTINA,615
220375 FARTURA DO PIAUI,77
220380 FLORES DO PIAUI,48
220385 FLORESTA DO PIAUI,22
220390 FLORIANO,853
220400 FRANCINOPOLIS,40
220410 FRANCISCO AYRES,56
220415 FRANCISCO MACEDO,41
220420 FRANCISCO SANTOS,88
220430 FRONTEIRAS,83
220435 GEMINIANO,67
220440 GILBUES,193
220450 GUADALUPE,176
220455 GUARIBAS,80
220460 HUGO NAPOLEAO,37
220465 ILHA GRANDE,128
220470 INHUMA,150
220480 IPIRANGA DO PIAUI,99
220490 ISAIAS COELHO,75
220500 ITAINOPOLIS,103
220510 ITAUEIRA,107
220515 JACOBINA DO PIAUI,80
220520 JAICOS,206
220525 JARDIM DO MULATO,42
220527 JATOBA DO PIAUI,44
220530 JERUMENHA,60
220535 JOAO COSTA,36
220540 JOAQUIM PIRES,175
220545 JOCA MARQUES,68
220550 JOSE DE FREITAS,568
220551 JUAZEIRO DO PIAUI,53
220552 JULIO BORGES,75
220553 JUREMA,76
220554 LAGOINHA DO PIAUI,30
220555 LAGOA ALEGRE,97
220556 LAGOA DO BARRO DO PIAUI,47
220557 LAGOA DE SAO FRANCISCO,59
220558 LAGOA DO PIAUI,55
220559 LAGOA DO SITIO,52
220560 LANDRI SALES,57
220570 LUIS CORREIA,430
220580 LUZILANDIA,348
220585 MADEIRO,123
220590 MANOEL EMIDIO,59
220595 MARCOLANDIA,136
220600 MARCOS PARENTE,53
220605 MASSAPE DO PIAUI,59
220610 MATIAS OLIMPIO,156
220620 MIGUEL ALVES,495
220630 MIGUEL LEAO,19
220635 MILTON BRANDAO,56
220640 MONSENHOR GIL,116
220650 MONSENHOR HIPOLITO,107
220660 MONTE ALEGRE DO PIAUI,165
220665 MORRO CABECA NO TEMPO,66
220667 MORRO DO CHAPEU DO PIAUI,86
220669 MURICI DOS PORTELAS,98
220670 NAZARE DO PIAUI,81
220672 NAZARIA,121
220675 NOSSA SENHORA DE NAZARE,47
220680 NOSSA SENHORA DOS REMEDIOS,150
220690 NOVO ORIENTE DO PIAUI,70
220695 NOVO SANTO ANTONIO,24
220700 OEIRAS,491
220710 OLHO D'AGUA DO PIAUI,31
220720 PADRE MARCOS,73
220730 PAES LANDIM,46
220735 PAJEU DO PIAUI,29
220740 PALMEIRA DO PIAUI,68
220750 PALMEIRAIS,156
220755 PAQUETA,38
220760 PARNAGUA,129
220770 PARNAIBA,2157
220775 PASSAGEM FRANCA DO PIAUI,47
220777 PATOS DO PIAUI,44
220779 PAU D'ARCO DO PIAUI,57
220780 PAULISTANA,406
220785 PAVUSSU,37
220790 PEDRO II,469
220793 PEDRO LAURENTINO,28
220795 NOVA SANTA RITA,41
220800 PICOS,985
220810 PIMENTEIRAS,102
220820 PIO IX,206
220830 PIRACURUCA,352
220840 PIRIPIRI,793
220850 PORTO,186
220855 PORTO ALEGRE DO PIAUI,24
220860 PRATA DO PIAUI,37
220865 QUEIMADA NOVA,98
220870 REDENCAO DO GURGUEIA,130
220880 REGENERACAO,251
220885 RIACHO FRIO,52
220887 RIBEIRA DO PIAUI,38
220890 RIBEIRO GONCALVES,89
220900 RIO GRANDE DO PIAUI,72
220910 SANTA CRUZ DO PIAUI,54
220915 SANTA CRUZ DOS MILAGRES,27
220920 SANTA FILOMENA,89
220930 SANTA LUZ,60
220935 SANTANA DO PIAUI,40
220937 SANTA ROSA DO PIAUI,58
220940 SANTO ANTONIO DE LISBOA,77
220945 SANTO ANTONIO DOS MILAGRES,33
220950 SANTO INACIO DO PIAUI,36
220955 SAO BRAZ DO PIAUI,63
220960 SAO FELIX DO PIAUI,22
220965 SAO FRANCISCO DE ASSIS DO PIAUI,54
220970 SAO FRANCISCO DO PIAUI,50
220975 SAO GONCALO DO GURGUEIA,50
220980 SAO GONCALO DO PIAUI,48
220985 SAO JOAO DA CANABRAVA,61
220987 SAO JOAO DA FRONTEIRA,65
220990 SAO JOAO DA SERRA,58
220995 SAO JOAO DA VARJOTA,49
220997 SAO JOAO DO ARRAIAL,126
221000 SAO JOAO DO PIAUI,336
221005 SAO JOSE DO DIVINO,62
221010 SAO JOSE DO PEIXE,35
221020 SAO JOSE DO PIAUI,70
221030 SAO JULIAO,57
221035 SAO LOURENCO DO PIAUI,43
221037 SAO LUIS DO PIAUI,20
221038 SAO MIGUEL DA BAIXA GRANDE,19
221039 SAO MIGUEL DO FIDALGO,35
221040 SAO MIGUEL DO TAPUIO,151
221050 SAO PEDRO DO PIAUI,168
221060 SAO RAIMUNDO NONATO,561
221062 SEBASTIAO BARROS,36
221063 SEBASTIAO LEAL,64
221065 SIGEFREDO PACHECO,86
221070 SIMOES,207
221080 SIMPLICIO MENDES,178
221090 SOCORRO DO PIAUI,42
221093 SUSSUAPARA,103
221095 TAMBORIL DO PIAUI,32
221097 TANQUE DO PIAUI,29
221100 TERESINA,11418
221110 UNIAO,628
221120 URUCUI,443
221130 VALENCA DO PIAUI,241
221135 VARZEA BRANCA,67
221140 VARZEA GRANDE,54
221150 VERA MENDES,46
221160 VILA NOVA DO PIAUI,22
221170 WALL FERRAZ,36
230010 ABAIARA,125
230015 ACARAPE,217
230020 ACARAU,899
230030 ACOPIARA,452
230040 AIUABA,122
230050 ALCANTARAS,136
230060 ALTANEIRA,81
230070 ALTO SANTO,135
230075 AMONTADA,681
230080 ANTONINA DO NORTE,77
230090 APUIARES,133
230100 AQUIRAZ,1171
230110 ARACATI,820
230120 ARACOIABA,304
230125 ARARENDA,169
230130 ARARIPE,315
230140 ARATUBA,116
230150 ARNEIROZ,77
230160 ASSARE,252
230170 AURORA,245
230180 BAIXIO,50
230185 BANABUIU,260
230190 BARBALHA,1056
230195 BARREIRA,278
230200 BARRO,193
230205 BARROQUINHA,217
230210 BATURITE,449
230220 BEBERIBE,587
230230 BELA CRUZ,341
230240 BOA VIAGEM,584
230250 BREJO SANTO,718
230260 CAMOCIM,971
230270 CAMPOS SALES,339
230280 CANINDE,1034
230290 CAPISTRANO,199
230300 CARIDADE,194
230310 CARIRE,193
230320 CARIRIACU,379
230330 CARIUS,157
230340 CARNAUBAL,233
230350 CASCAVEL,898
230360 CATARINA,111
230365 CATUNDA,83
230370 CAUCAIA,4583
230380 CEDRO,250
230390 CHAVAL,134
230393 CHORO,137
230395 CHOROZINHO,222
230400 COREAU,267
230410 CRATEUS,908
230420 CRATO,1873
230423 CROATA,215
230425 CRUZ,477
230426 DEPUTADO IRAPUAN PINHEIRO,81
230427 ERERE,21
230428 EUSEBIO,1195
230430 FARIAS BRITO,211
230435 FORQUILHA,255
230440 FORTALEZA,29370
230445 FORTIM,205
230450 FRECHEIRINHA,245
230460 GENERAL SAMPAIO,96
230465 GRACA,156
230470 GRANJA,722
230480 GRANJEIRO,67
230490 GROAIRAS,107
230495 GUAIUBA,240
230500 GUARACIABA DO NORTE,570
230510 GUARAMIRANGA,64
230520 HIDROLANDIA,183
230523 HORIZONTE,1043
230526 IBARETAMA,144
230530 IBIAPINA,341
230533 IBICUITINGA,112
230535 ICAPUI,156
230540 ICO,705
230550 IGUATU,1134
230560 INDEPENDENCIA,223
230565 IPAPORANGA,142
230570 IPAUMIRIM,130
230580 IPU,555
230590 IPUEIRAS,444
230600 IRACEMA,144
230610 IRAUCUBA,382
230620 ITAICABA,63
230625 ITAITINGA,794
230630 ITAPAGE,525
230640 ITAPIPOCA,2093
230650 ITAPIUNA,172
230655 ITAREMA,648
230660 ITATIRA,250
230670 JAGUARETAMA,194
230680 JAGUARIBARA,112
230690 JAGUARIBE,357
230700 JAGUARUANA,338
230710 JARDIM,411
230720 JATI,99
230725 JIJOCA DE JERICOACOARA,422
230730 JUAZEIRO DO NORTE,3773
230740 JUCAS,311
230750 LAVRAS DA MANGABEIRA,286
230760 LIMOEIRO DO NORTE,702
230763 MADALENA,206
230765 MARACANAU,3625
230770 MARANGUAPE,1242
230780 MARCO,534
230790 MARTINOPOLE,162
230800 MASSAPE,500
230810 MAURITI,624
230820 MERUOCA,179
230830 MILAGRES,309
230835 MILHA,140
230837 MIRAIMA,161
230840 MISSAO VELHA,539
230850 MOMBACA,427
230860 MONSENHOR TABOSA,175
230870 MORADA NOVA,707
230880 MORAUJO,121
230890 MORRINHOS,333
230900 MUCAMBO,167
230910 MULUNGU,112
230920 NOVA OLINDA,253
230930 NOVA RUSSAS,351
230940 NOVO ORIENTE,324
230945 OCARA,264
230950 OROS,185
230960 PACAJUS,817
230970 PACATUBA,1065
230980 PACOTI,126
230990 PACUJA,54
231000 PALHANO,100
231010 PALMACIA,83
231020 PARACURU,504
231025 PARAIPABA,437
231030 PARAMBU,410
231040 PARAMOTI,104
231050 PEDRA BRANCA,415
231060 PENAFORTE,137
231070 PENTECOSTE,427
231080 PEREIRO,196
231085 PINDORETAMA,319
231090 PIQUET CARNEIRO,131
231095 PIRES FERREIRA,94
231100 PORANGA,132
231110 PORTEIRAS,228
231120 POTENGI,112
231123 POTIRETAMA,76
231126 QUITERIANOPOLIS,206
231130 QUIXADA,1147
231135 QUIXELO,151
231140 QUIXERAMOBIM,1095
231150 QUIXERE,264
231160 REDENCAO,365
231170 RERIUTABA,245
231180 RUSSAS,823
231190 SABOEIRO,173
231195 SALITRE,307
231200 SANTANA DO ACARAU,394
231210 SANTANA DO CARIRI,224
231220 SANTA QUITERIA,471
231230 SAO BENEDITO,672
231240 SAO GONCALO DO AMARANTE,860
231250 SAO JOAO DO JAGUARIBE,40
231260 SAO LUIS DO CURU,87
231270 SENADOR POMPEU,265
231280 SENADOR SA,120
231290 SOBRAL,2638
231300 SOLONOPOLE,177
231310 TABULEIRO DO NORTE,308
231320 TAMBORIL,295
231325 TARRAFAS,77
231330 TAUA,571
231335 TEJUCUOCA,197
231340 TIANGUA,1399
231350 TRAIRI,803
231355 TURURU,258
231360 UBAJARA,472
231370 UMARI,66
231375 UMIRIM,224
231380 URUBURETAMA,286
231390 URUOCA,165
231395 VARJOTA,240
231400 VARZEA ALEGRE,446
231410 VICOSA DO CEARA,843
240010 ACARI,93
240020 ACU,623
240030 AFONSO BEZERRA,112
240040 AGUA NOVA,25
240050 ALEXANDRIA,138
240060 ALMINO AFONSO,43
240070 ALTO DO RODRIGUES,177
240080 ANGICOS,135
240090 ANTONIO MARTINS,47
240100 APODI,338
240110 AREIA BRANCA,315
240120 ARES,193
240130 AUGUSTO SEVERO,82
240140 BAIA FORMOSA,125
240145 BARAUNA,314
240150 BARCELONA,29
240160 BENTO FERNANDES,65
240165 BODO,43
240170 BOM JESUS,124
240180 BREJINHO,150
240185 CAICARA DO NORTE,66
240190 CAICARA DO RIO DO VENTO,29
240200 CAICO,599
240210 CAMPO REDONDO,104
240220 CANGUARETAMA,448
240230 CARAUBAS,181
240240 CARNAUBA DOS DANTAS,92
240250 CARNAUBAIS,103
240260 CEARA-MIRIM,960
240270 CERRO CORA,140
240280 CORONEL EZEQUIEL,52
240290 CORONEL JOAO PESSOA,50
240300 CRUZETA,57
240310 CURRAIS NOVOS,418
240320 DOUTOR SEVERIANO,85
240325 PARNAMIRIM,3256
240330 ENCANTO,66
240340 EQUADOR,66
240350 ESPIRITO SANTO,98
240360 EXTREMOZ,607
240370 FELIPE GUERRA,47
240375 FERNANDO PEDROZA,33
240380 FLORANIA,102
240390 FRANCISCO DANTAS,28
240400 FRUTUOSO GOMES,49
240410 GALINHOS,37
240420 GOIANINHA,429
240430 GOVERNADOR DIX-SEPT ROSADO,131
240440 GROSSOS,90
240450 GUAMARE,244
240460 IELMO MARINHO,95
240470 IPANGUACU,148
240480 IPUEIRA,15
240485 ITAJA,96
240490 ITAU,59
240500 JACANA,112
240510 JANDAIRA,77
240520 JANDUIS,55
240530 JANUARIO CICCO,122
240540 JAPI,82
240550 JARDIM DE ANGICOS,34
240560 JARDIM DE PIRANHAS,146
240570 JARDIM DO SERIDO,86
240580 JOAO CAMARA,515
240590 JOAO DIAS,12
240600 JOSE DA PENHA,66
240610 JUCURUTU,159
240615 JUNDIA,48
240620 LAGOA D'ANTA,87
240630 LAGOA DE PEDRAS,99
240640 LAGOA DE VELHOS,33
240650 LAGOA NOVA,196
240660 LAGOA SALGADA,120
240670 LAJES,106
240680 LAJES PINTADAS,64
240690 LUCRECIA,50
240700 LUIS GOMES,94
240710 MACAIBA,834
240720 MACAU,271
240725 MAJOR SALES,42
240730 MARCELINO VIEIRA,77
240740 MARTINS,71
240750 MAXARANGUAPE,137
240760 MESSIAS TARGINO,38
240770 MONTANHAS,161
240780 MONTE ALEGRE,251
240790 MONTE DAS GAMELEIRAS,40
240800 MOSSORO,3254
240810 NATAL,9357
240820 NISIA FLORESTA,338
240830 NOVA CRUZ,393
240840 OLHO-D'AGUA DO BORGES,33
240850 OURO BRANCO,32
240860 PARANA,55
240870 PARAU,38
240880 PARAZINHO,86
240890 PARELHAS,245
240895 RIO DO FOGO,192
240910 PASSA E FICA,187
240920 PASSAGEM,38
240930 PATU,97
240933 SANTA MARIA,55
240940 PAU DOS FERROS,385
240950 PEDRA GRANDE,53
240960 PEDRA PRETA,15
240970 PEDRO AVELINO,53
240980 PEDRO VELHO,192
240990 PENDENCIAS,107
241000 PILOES,29
241010 POCO BRANCO,153
241020 PORTALEGRE,72
241025 PORTO DO MANGUE,61
241030 SERRA CAIADA,118
241040 PUREZA,127
241050 RAFAEL FERNANDES,53
241060 RAFAEL GODEIRO,24
241070 RIACHO DA CRUZ,22
241080 RIACHO DE SANTANA,46
241090 RIACHUELO,89
241100 RODOLFO FERNANDES,48
241105 TIBAU,80
241110 RUY BARBOSA,29
241120 SANTA CRUZ,506
241140 SANTANA DO MATOS,107
241142 SANTANA DO SERIDO,29
241150 SANTO ANTONIO,251
241160 SAO BENTO DO NORTE,51
241170 SAO BENTO DO TRAIRI,51
241180 SAO FERNANDO,27
241190 SAO FRANCISCO DO OESTE,40
241200 SAO GONCALO DO AMARANTE,1461
241210 SAO JOAO DO SABUGI,40
241220 SAO JOSE DE MIPIBU,623
241230 SAO JOSE DO CAMPESTRE,126
241240 SAO JOSE DO SERIDO,33
241250 SAO MIGUEL,303
241255 SAO MIGUEL DO GOSTOSO,147
241260 SAO PAULO DO POTENGI,186
241270 SAO PEDRO,69
241280 SAO RAFAEL,74
241290 SAO TOME,89
241300 SAO VICENTE,68
241310 SENADOR ELOI DE SOUZA,83
241320 SENADOR GEORGINO AVELINO,56
241330 SERRA DE SAO BENTO,56
241335 SERRA DO MEL,222
241340 SERRA NEGRA DO NORTE,58
241350 SERRINHA,91
241355 SERRINHA DOS PINTOS,32
241360 SEVERIANO MELO,60
241370 SITIO NOVO,50
241380 TABOLEIRO GRANDE,22
241390 TAIPU,132
241400 TANGARA,166
241410 TENENTE ANANIAS,128
241415 TENENTE LAURENTINO CRUZ,83
241420 TIBAU DO SUL,215
241430 TIMBAUBA DOS BATISTAS,13
241440 TOUROS,440
241445 TRIUNFO POTIGUAR,62
241450 UMARIZAL,81
241460 UPANEMA,122
241470 VARZEA,43
241475 VENHA-VER,36
241480 VERA CRUZ,144
241490 VICOSA,15
241500 VILA FLOR,57
250010 AGUA BRANCA,126
250020 AGUIAR,56
250030 ALAGOA GRANDE,310
250040 ALAGOA NOVA,309
250050 ALAGOINHA,175
250053 ALCANTIL,93
250057 ALGODAO DE JANDAIRA,33
250060 ALHANDRA,364
250070 SAO JOAO DO RIO DO PEIXE,160
250073 AMPARO,27
250077 APARECIDA,88
250080 ARACAGI,186
250090 ARARA,115
250100 ARARUNA,209
250110 AREIA,270
250115 AREIA DE BARAUNAS,23
250120 AREIAL,76
250130 AROEIRAS,265
250135 ASSUNCAO,34
250140 BAIA DA TRAICAO,162
250150 BANANEIRAS,266
250153 BARAUNA,57
250157 BARRA DE SANTANA,78
250160 BARRA DE SANTA ROSA,137
250170 BARRA DE SAO MIGUEL,91
250180 BAYEUX,1175
250190 BELEM,175
250200 BELEM DO BREJO DO CRUZ,75
250205 BERNARDINO BATISTA,54
250210 BOA VENTURA,83
250215 BOA VISTA,62
250220 BOM JESUS,31
250230 BOM SUCESSO,33
250240 BONITO DE SANTA FE,114
250250 BOQUEIRAO,234
250260 IGARACY,63
250270 BORBOREMA,65
250280 BREJO DO CRUZ,180
250290 BREJO DOS SANTOS,67
250300 CAAPORA,262
250310 CABACEIRAS,63
250320 CABEDELO,882
250330 CACHOEIRA DOS INDIOS,117
250340 CACIMBA DE AREIA,43
250350 CACIMBA DE DENTRO,202
250355 CACIMBAS,137
250360 CAICARA,88
250370 CAJAZEIRAS,782
250375 CAJAZEIRINHAS,37
250380 CALDAS BRANDAO,84
250390 CAMALAU,85
250400 CAMPINA GRANDE,5697
250403 CAPIM,115
250407 CARAUBAS,63
250410 CARRAPATEIRA,22
250415 CASSERENGUE,66
250420 CATINGUEIRA,55
250430 CATOLE DO ROCHA,339
250435 CATURITE,67
250440 CONCEICAO,218
250450 CONDADO,68
250460 CONDE,474
250470 CONGO,81
250480 COREMAS,169
250485 COXIXOLA,21
250490 CRUZ DO ESPIRITO SANTO,281
250500 CUBATI,81
250510 CUITE,219
250520 CUITEGI,99
250523 CUITE DE MAMANGUAPE,98
250527 CURRAL DE CIMA,79
250530 CURRAL VELHO,24
250535 DAMIAO,61
250540 DESTERRO,114
250550 VISTA SERRANA,36
250560 DIAMANTE,87
250570 DONA INES,119
250580 DUAS ESTRADAS,40
250590 EMAS,36
250600 ESPERANCA,459
250610 FAGUNDES,145
250620 FREI MARTINHO,26
250625 GADO BRAVO,96
250630 GUARABIRA,773
250640 GURINHEM,180
250650 GURJAO,34
250660 IBIARA,42
250670 IMACULADA,122
250680 INGA,199
250690 ITABAIANA,280
250700 ITAPORANGA,328
250710 ITAPOROROCA,289
250720 ITATUBA,147
250730 JACARAU,204
250740 JERICO,75
250750 JOAO PESSOA,11045
250760 JUAREZ TAVORA,104
250770 JUAZEIRINHO,280
250780 JUNCO DO SERIDO,110
250790 JURIPIRANGA,126
250800 JURU,97
250810 LAGOA,47
250820 LAGOA DE DENTRO,105
250830 LAGOA SECA,323
250840 LASTRO,59
250850 LIVRAMENTO,93
250855 LOGRADOURO,35
250860 LUCENA,181
250870 MAE D'AGUA,31
250880 MALTA,78
250890 MAMANGUAPE,734
250900 MANAIRA,118
250905 MARCACAO,169
250910 MARI,249
250915 MARIZOPOLIS,72
250920 MASSARANDUBA,156
250930 MATARACA,152
250933 MATINHAS,68
250937 MATO GROSSO,39
250939 MATUREIA,113
250940 MOGEIRO,184
250950 MONTADAS,84
250960 MONTE HOREBE,62
250970 MONTEIRO,429
250980 MULUNGU,114
250990 NATUBA,74
251000 NAZAREZINHO,81
251010 NOVA FLORESTA,110
251020 NOVA OLINDA,77
251030 NOVA PALMEIRA,38
251040 OLHO D'AGUA,70
251050 OLIVEDOS,45
251060 OURO VELHO,28
251065 PARARI,10
251070 PASSAGEM,35
251080 PATOS,1324
251090 PAULISTA,109
251100 PEDRA BRANCA,49
251110 PEDRA LAVRADA,65
251120 PEDRAS DE FOGO,428
251130 PIANCO,144
251140 PICUI,207
251150 PILAR,152
251160 PILOES,114
251170 PILOEZINHOS,75
251180 PIRPIRITUBA,110
251190 PITIMBU,239
251200 POCINHOS,246
251203 POCO DANTAS,51
251207 POCO DE JOSE DE MOURA,45
251210 POMBAL,352
251220 PRATA,40
251230 PRINCESA ISABEL,264
251240 PUXINANA,227
251250 QUEIMADAS,602
251260 QUIXABA,12
251270 REMIGIO,235
251272 PEDRO REGIS,78
251274 RIACHAO,45
251275 RIACHAO DO BACAMARTE,51
251276 RIACHAO DO POCO,62
251278 RIACHO DE SANTO ANTONIO,41
251280 RIACHO DOS CAVALOS,77
251290 RIO TINTO,351
251300 SALGADINHO,32
251310 SALGADO DE SAO FELIX,132
251315 SANTA CECILIA,95
251320 SANTA CRUZ,62
251330 SANTA HELENA,41
251335 SANTA INES,41
251340 SANTA LUZIA,163
251350 SANTANA DE MANGUEIRA,65
251360 SANTANA DOS GARROTES,69
251365 JOCA CLAUDINO,21
251370 SANTA RITA,1991
251380 SANTA TERESINHA,56
251385 SANTO ANDRE,18
251390 SAO BENTO,397
251392 SAO BENTINHO,39
251394 SAO DOMINGOS DO CARIRI,43
251396 SAO DOMINGOS,31
251398 SAO FRANCISCO,38
251400 SAO JOAO DO CARIRI,48
251410 SAO JOAO DO TIGRE,41
251420 SAO JOSE DA LAGOA TAPADA,69
251430 SAO JOSE DE CAIANA,76
251440 SAO JOSE DE ESPINHARAS,55
251445 SAO JOSE DOS RAMOS,90
251450 SAO JOSE DE PIRANHAS,205
251455 SAO JOSE DE PRINCESA,27
251460 SAO JOSE DO BONFIM,40
251465 SAO JOSE DO BREJO DO CRUZ,26
251470 SAO JOSE DO SABUGI,44
251480 SAO JOSE DOS CORDEIROS,36
251490 SAO MAMEDE,103
251500 SAO MIGUEL DE TAIPU,98
251510 SAO SEBASTIAO DE LAGOA DE ROCA,128
251520 SAO SEBASTIAO DO UMBUZEIRO,55
251530 SAPE,568
251540 SAO VICENTE DO SERIDO,174
251550 SERRA BRANCA,144
251560 SERRA DA RAIZ,40
251570 SERRA GRANDE,36
251580 SERRA REDONDA,95
251590 SERRARIA,68
251593 SERTAOZINHO,70
251597 SOBRADO,123
251600 SOLANEA,348
251610 SOLEDADE,153
251615 SOSSEGO,55
251620 SOUSA,848
251630 SUME,189
251640 TACIMA,82
251650 TAPEROA,163
251660 TAVARES,138
251670 TEIXEIRA,249
251675 TENORIO,50
251680 TRIUNFO,103
251690 UIRAUNA,163
251700 UMBUZEIRO,131
251710 VARZEA,34
251720 VIEIROPOLIS,48
251740 ZABELE,33
 MUNICIPIO IGNORADO - PE,14
260005 ABREU E LIMA,1045
260010 AFOGADOS DA INGAZEIRA,567
260020 AFRANIO,202
260030 AGRESTINA,377
260040 AGUA PRETA,348
260050 AGUAS BELAS,691
260060 ALAGOINHA,206
260070 ALIANCA,488
260080 ALTINHO,244
260090 AMARAJI,262
260100 ANGELIM,142
260105 ARACOIABA,274
260110 ARARIPINA,1406
260120 ARCOVERDE,1026
260130 BARRA DE GUABIRABA,133
260140 BARREIROS,564
260150 BELEM DE MARIA,96
260160 BELEM DE SAO FRANCISCO,278
260170 BELO JARDIM,1193
260180 BETANIA,135
260190 BEZERROS,735
260200 BODOCO,470
260210 BOM CONSELHO,469
260220 BOM JARDIM,406
260230 BONITO,544
260240 BREJAO,154
260250 BREJINHO,91
260260 BREJO DA MADRE DE DEUS,760
260270 BUENOS AIRES,134
260280 BUIQUE,741
260290 CABO DE SANTO AGOSTINHO,2485
260300 CABROBO,473
260310 CACHOEIRINHA,298
260320 CAETES,395
260330 CALCADO,114
260340 CALUMBI,73
260345 CAMARAGIBE,1726
260350 CAMOCIM DE SAO FELIX,218
260360 CAMUTANGA,94
260370 CANHOTINHO,324
260380 CAPOEIRAS,250
260390 CARNAIBA,224
260392 CARNAUBEIRA DA PENHA,249
260400 CARPINA,901
260410 CARUARU,5379
260415 CASINHAS,170
260420 CATENDE,499
260430 CEDRO,145
260440 CHA DE ALEGRIA,181
260450 CHA GRANDE,270
260460 CONDADO,318
260470 CORRENTES,198
260480 CORTES,146
260490 CUMARU,154
260500 CUPIRA,323
260510 CUSTODIA,469
260515 DORMENTES,197
260520 ESCADA,659
260530 EXU,379
260540 FEIRA NOVA,283
260545 FERNANDO DE NORONHA,30
260550 FERREIROS,130
260560 FLORES,209
260570 FLORESTA,492
260580 FREI MIGUELINHO,151
260590 GAMELEIRA,242
260600 GARANHUNS,1977
260610 GLORIA DO GOITA,344
260620 GOIANA,1106
260630 GRANITO,89
260640 GRAVATA,1032
260650 IATI,267
260660 IBIMIRIM,373
260670 IBIRAJUBA,101
260680 IGARASSU,1472
260690 IGUARACY,114
260700 INAJA,340
260710 INGAZEIRA,56
260720 IPOJUCA,1708
260730 IPUBI,504
260740 ITACURUBA,75
260750 ITAIBA,388
260760 ILHA DE ITAMARACA,250
260765 ITAMBE,368
260770 ITAPETIM,172
260775 ITAPISSUMA,365
260780 ITAQUITINGA,170
260790 JABOATAO DOS GUARARAPES,7828
260795 JAQUEIRA,148
260800 JATAUBA,204
260805 JATOBA,178
260810 JOAO ALFREDO,310
260820 JOAQUIM NABUCO,177
260825 JUCATI,145
260830 JUPI,241
260840 JUREMA,177
260845 LAGOA DO CARRO,211
260850 LAGOA DE ITAENGA,294
260860 LAGOA DO OURO,143
260870 LAGOA DOS GATOS,161
260875 LAGOA GRANDE,348
260880 LAJEDO,613
260890 LIMOEIRO,640
260900 MACAPARANA,317
260910 MACHADOS,148
260915 MANARI,265
260920 MARAIAL,158
260930 MIRANDIBA,220
260940 MORENO,655
260950 NAZARE DA MATA,303
260960 OLINDA,4164
260970 OROBO,256
260980 OROCO,208
260990 OURICURI,873
261000 PALMARES,766
261010 PALMEIRINA,97
261020 PANELAS,321
261030 PARANATAMA,228
261040 PARNAMIRIM,238
261050 PASSIRA,331
261060 PAUDALHO,716
261070 PAULISTA,3488
261080 PEDRA,291
261090 PESQUEIRA,967
261100 PETROLANDIA,562
261110 PETROLINA,6022
261120 POCAO,131
261130 POMBOS,308
261140 PRIMAVERA,141
261150 QUIPAPA,220
261153 QUIXABA,93
261160 RECIFE,17047
261170 RIACHO DAS ALMAS,284
261180 RIBEIRAO,395
261190 RIO FORMOSO,299
261200 SAIRE,106
261210 SALGADINHO,56
261220 SALGUEIRO,916
261230 SALOA,161
261240 SANHARO,266
261245 SANTA CRUZ,215
261247 SANTA CRUZ DA BAIXA VERDE,155
261250 SANTA CRUZ DO CAPIBARIBE,1363
261255 SANTA FILOMENA,164
261260 SANTA MARIA DA BOA VISTA,596
261270 SANTA MARIA DO CAMBUCA,151
261280 SANTA TEREZINHA,124
261290 SAO BENEDITO DO SUL,124
261300 SAO BENTO DO UNA,710
261310 SAO CAITANO,492
261320 SAO JOAO,323
261330 SAO JOAQUIM DO MONTE,291
261340 SAO JOSE DA COROA GRANDE,244
261350 SAO JOSE DO BELMONTE,468
261360 SAO JOSE DO EGITO,369
261370 SAO LOURENCO DA MATA,1409
261380 SAO VICENTE FERRER,221
261390 SERRA TALHADA,1352
261400 SERRITA,223
261410 SERTANIA,358
261420 SIRINHAEM,487
261430 MOREILANDIA,116
261440 SOLIDAO,73
261450 SURUBIM,754
261460 TABIRA,367
261470 TACAIMBO,156
261480 TACARATU,307
261485 TAMANDARE,390
261500 TAQUARITINGA DO NORTE,339
261510 TEREZINHA,105
261520 TERRA NOVA,110
261530 TIMBAUBA,584
261540 TORITAMA,623
261550 TRACUNHAEM,158
261560 TRINDADE,528
261570 TRIUNFO,165
261580 TUPANATINGA,348
261590 TUPARETAMA,113
261600 VENTUROSA,269
261610 VERDEJANTE,115
261618 VERTENTE DO LERIO,93
261620 VERTENTES,257
261630 VICENCIA,342
261640 VITORIA DE SANTO ANTAO,1675
261650 XEXEU,200
 MUNICIPIO IGNORADO - AL,1
270010 AGUA BRANCA,271
270020 ANADIA,206
270030 ARAPIRACA,3665
270040 ATALAIA,535
270050 BARRA DE SANTO ANTONIO,263
270060 BARRA DE SAO MIGUEL,157
270070 BATALHA,274
270080 BELEM,71
270090 BELO MONTE,107
270100 BOCA DA MATA,305
270110 BRANQUINHA,177
270120 CACIMBINHAS,158
270130 CAJUEIRO,298
270135 CAMPESTRE,88
270140 CAMPO ALEGRE,441
270150 CAMPO GRANDE,128
270160 CANAPI,248
270170 CAPELA,175
270180 CARNEIROS,155
270190 CHA PRETA,100
270200 COITE DO NOIA,173
270210 COLONIA LEOPOLDINA,260
270220 COQUEIRO SECO,80
270230 CORURIPE,841
270235 CRAIBAS,416
270240 DELMIRO GOUVEIA,734
270250 DOIS RIACHOS,138
270255 ESTRELA DE ALAGOAS,250
270260 FEIRA GRANDE,341
270270 FELIZ DESERTO,61
270280 FLEXEIRAS,148
270290 GIRAU DO PONCIANO,526
270300 IBATEGUARA,207
270310 IGACI,331
270320 IGREJA NOVA,284
270330 INHAPI,312
270340 JACARE DOS HOMENS,89
270350 JACUIPE,76
270360 JAPARATINGA,176
270370 JARAMATAIA,83
270375 JEQUIA DA PRAIA,154
270380 JOAQUIM GOMES,295
270390 JUNDIA,55
270400 JUNQUEIRO,321
270410 LAGOA DA CANOA,309
270420 LIMOEIRO DE ANADIA,388
270430 MACEIO,13098
270440 MAJOR ISIDORO,245
270450 MARAGOGI,589
270460 MARAVILHA,147
270470 MARECHAL DEODORO,909
270480 MARIBONDO,173
270490 MAR VERMELHO,27
270500 MATA GRANDE,311
270510 MATRIZ DE CAMARAGIBE,382
270520 MESSIAS,210
270530 MINADOR DO NEGRAO,103
270540 MONTEIROPOLIS,117
270550 MURICI,397
270560 NOVO LINO,140
270570 OLHO D'AGUA DAS FLORES,344
270580 OLHO D'AGUA DO CASADO,146
270590 OLHO D'AGUA GRANDE,55
270600 OLIVENCA,193
270610 OURO BRANCO,202
270620 PALESTINA,86
270630 PALMEIRA DOS INDIOS,1108
270640 PAO DE ACUCAR,335
270642 PARICONHA,154
270644 PARIPUEIRA,240
270650 PASSO DE CAMARAGIBE,187
270660 PAULO JACINTO,80
270670 PENEDO,848
270680 PIACABUCU,250
270690 PILAR,554
270700 PINDOBA,31
270710 PIRANHAS,439
270720 POCO DAS TRINCHEIRAS,262
270730 PORTO CALVO,391
270740 PORTO DE PEDRAS,141
270750 PORTO REAL DO COLEGIO,268
270760 QUEBRANGULO,194
270770 RIO LARGO,1357
270780 ROTEIRO,112
270790 SANTA LUZIA DO NORTE,131
270800 SANTANA DO IPANEMA,817
270810 SANTANA DO MUNDAU,145
270820 SAO BRAS,79
270830 SAO JOSE DA LAJE,335
270840 SAO JOSE DA TAPERA,599
270850 SAO LUIS DO QUITUNDE,445
270860 SAO MIGUEL DOS CAMPOS,737
270870 SAO MIGUEL DOS MILAGRES,137
270880 SAO SEBASTIAO,441
270890 SATUBA,286
270895 SENADOR RUI PALMEIRA,224
270900 TANQUE D'ARCA,68
270910 TAQUARANA,252
270915 TEOTONIO VILELA,572
270920 TRAIPU,350
270930 UNIAO DOS PALMARES,870
270940 VICOSA,359
280010 AMPARO DE SAO FRANCISCO,29
280020 AQUIDABA,246
280030 ARACAJU,7367
280040 ARAUA,129
280050 AREIA BRANCA,240
280060 BARRA DOS COQUEIROS,587
280067 BOQUIM,258
280070 BREJO GRANDE,118
280100 CAMPO DO BRITO,209
280110 CANHOBA,66
280120 CANINDE DE SAO FRANCISCO,540
280130 CAPELA,418
280140 CARIRA,276
280150 CARMOPOLIS,188
280160 CEDRO DE SAO JOAO,59
280170 CRISTINAPOLIS,234
280190 CUMBE,39
280200 DIVINA PASTORA,62
280210 ESTANCIA,967
280220 FEIRA NOVA,89
280230 FREI PAULO,220
280240 GARARU,129
280250 GENERAL MAYNARD,37
280260 GRACHO CARDOSO,77
280270 ILHA DAS FLORES,136
280280 INDIAROBA,218
280290 ITABAIANA,1354
280300 ITABAIANINHA,580
280310 ITABI,46
280320 ITAPORANGA D'AJUDA,460
280330 JAPARATUBA,191
280340 JAPOATA,180
280350 LAGARTO,1335
280360 LARANJEIRAS,346
280370 MACAMBIRA,100
280380 MALHADA DOS BOIS,47
280390 MALHADOR,151
280400 MARUIM,224
280410 MOITA BONITA,130
280420 MONTE ALEGRE DE SERGIPE,237
280430 MURIBECA,89
280440 NEOPOLIS,220
280445 NOSSA SENHORA APARECIDA,99
280450 NOSSA SENHORA DA GLORIA,685
280460 NOSSA SENHORA DAS DORES,319
280470 NOSSA SENHORA DE LOURDES,87
280480 NOSSA SENHORA DO SOCORRO,2716
280490 PACATUBA,198
280500 PEDRA MOLE,38
280510 PEDRINHAS,96
280520 PINHAO,70
280530 PIRAMBU,108
280540 POCO REDONDO,518
280550 POCO VERDE,225
280560 PORTO DA FOLHA,433
280570 PROPRIA,372
280580 RIACHAO DO DANTAS,237
280590 RIACHUELO,112
280600 RIBEIROPOLIS,149
280610 ROSARIO DO CATETE,143
280620 SALGADO,188
280630 SANTA LUZIA DO ITANHY,193
280640 SANTANA DO SAO FRANCISCO,99
280650 SANTA ROSA DE LIMA,43
280660 SANTO AMARO DAS BROTAS,133
280670 SAO CRISTOVAO,1078
280680 SAO DOMINGOS,113
280690 SAO FRANCISCO,48
280700 SAO MIGUEL DO ALEIXO,38
280710 SIMAO DIAS,593
280720 SIRIRI,86
280730 TELHA,49
280740 TOBIAS BARRETO,604
280750 TOMAR DO GERU,166
280760 UMBAUBA,341
 MUNICIPIO IGNORADO - BA,2
290010 ABAIRA,55
290020 ABARE,296
290030 ACAJUTIBA,149
290035 ADUSTINA,140
290040 AGUA FRIA,156
290050 ERICO CARDOSO,93
290060 AIQUARA,47
290070 ALAGOINHAS,1719
290080 ALCOBACA,284
290090 ALMADINA,38
290100 AMARGOSA,398
290110 AMELIA RODRIGUES,198
290115 AMERICA DOURADA,185
290120 ANAGE,178
290130 ANDARAI,155
290135 ANDORINHA,184
290140 ANGICAL,167
290150 ANGUERA,59
290160 ANTAS,166
290170 ANTONIO CARDOSO,121
290180 ANTONIO GONCALVES,112
290190 APORA,147
290195 APUAREMA,101
290200 ARACATU,176
290205 ARACAS,128
290210 ARACI,598
290220 ARAMARI,105
290225 ARATACA,82
290230 ARATUIPE,89
290240 AURELINO LEAL,151
290250 BAIANOPOLIS,164
290260 BAIXA GRANDE,159
290265 BANZAE,129
290270 BARRA,826
290280 BARRA DA ESTIVA,376
290290 BARRA DO CHOCA,443
290300 BARRA DO MENDES,173
290310 BARRA DO ROCHA,57
290320 BARREIRAS,2560
290323 BARRO ALTO,123
290327 BARROCAS,210
290330 BARRO PRETO,53
290340 BELMONTE,239
290350 BELO CAMPO,182
290360 BIRITINGA,173
290370 BOA NOVA,137
290380 BOA VISTA DO TUPIM,179
290390 BOM JESUS DA LAPA,1039
290395 BOM JESUS DA SERRA,106
290400 BONINAL,153
290405 BONITO,199
290410 BOQUIRA,237
290420 BOTUPORA,121
290430 BREJOES,136
290440 BREJOLANDIA,80
290450 BROTAS DE MACAUBAS,157
290460 BRUMADO,874
290470 BUERAREMA,186
290475 BURITIRAMA,246
290480 CAATIBA,50
290485 CABACEIRAS DO PARAGUACU,237
290490 CACHOEIRA,310
290500 CACULE,262
290510 CAEM,106
290515 CAETANOS,130
290520 CAETITE,692
290530 CAFARNAUM,222
290540 CAIRU,267
290550 CALDEIRAO GRANDE,155
290560 CAMACAN,286
290570 CAMACARI,3826
290580 CAMAMU,380
290590 CAMPO ALEGRE DE LOURDES,496
290600 CAMPO FORMOSO,1079
290610 CANAPOLIS,117
290620 CANARANA,329
290630 CANAVIEIRAS,403
290640 CANDEAL,77
290650 CANDEIAS,831
290660 CANDIBA,127
290670 CANDIDO SALES,308
290680 CANSANCAO,497
290682 CANUDOS,193
290685 CAPELA DO ALTO ALEGRE,95
290687 CAPIM GROSSO,398
290689 CARAIBAS,89
290690 CARAVELAS,200
290700 CARDEAL DA SILVA,108
290710 CARINHANHA,404
290720 CASA NOVA,987
290730 CASTRO ALVES,271
290740 CATOLANDIA,40
290750 CATU,482
290755 CATURAMA,72
290760 CENTRAL,160
290770 CHORROCHO,131
290780 CICERO DANTAS,292
290790 CIPO,213
290800 COARACI,187
290810 COCOS,234
290820 CONCEICAO DA FEIRA,215
290830 CONCEICAO DO ALMEIDA,167
290840 CONCEICAO DO COITE,873
290850 CONCEICAO DO JACUIPE,358
290860 CONDE,280
290870 CONDEUBA,153
290880 CONTENDAS DO SINCORA,63
290890 CORACAO DE MARIA,228
290900 CORDEIROS,74
290910 CORIBE,187
290920 CORONEL JOAO SA,187
290930 CORRENTINA,472
290940 COTEGIPE,166
290950 CRAVOLANDIA,51
290960 CRISOPOLIS,233
290970 CRISTOPOLIS,173
290980 CRUZ DAS ALMAS,705
290990 CURACA,513
291000 DARIO MEIRA,134
291005 DIAS D'AVILA,845
291010 DOM BASILIO,121
291020 DOM MACEDO COSTA,52
291030 ELISIO MEDRADO,61
291040 ENCRUZILHADA,223
291050 ENTRE RIOS,495
291060 ESPLANADA,417
291070 EUCLIDES DA CUNHA,672
291072 EUNAPOLIS,1598
291075 FATIMA,161
291077 FEIRA DA MATA,53
291080 FEIRA DE SANTANA,8347
291085 FILADELFIA,228
291090 FIRMINO ALVES,46
291100 FLORESTA AZUL,76
291110 FORMOSA DO RIO PRETO,402
291120 GANDU,419
291125 GAVIAO,45
291130 GENTIO DO OURO,109
291140 GLORIA,179
291150 GONGOGI,67
291160 GOVERNADOR MANGABEIRA,237
291165 GUAJERU,84
291170 GUANAMBI,1102
291180 GUARATINGA,170
291185 HELIOPOLIS,107
291190 IACU,300
291200 IBIASSUCE,111
291210 IBICARAI,210
291220 IBICOARA,309
291230 IBICUI,129
291240 IBIPEBA,160
291250 IBIPITANGA,139
291260 IBIQUERA,35
291270 IBIRAPITANGA,232
291280 IBIRAPUA,125
291290 IBIRATAIA,204
291300 IBITIARA,121
291310 IBITITA,178
291320 IBOTIRAMA,381
291330 ICHU,45
291340 IGAPORA,171
291345 IGRAPIUNA,135
291350 IGUAI,259
291360 ILHEUS,2129
291370 INHAMBUPE,441
291380 IPECAETA,137
291390 IPIAU,499
291400 IPIRA,654
291410 IPUPIARA,95
291420 IRAJUBA,53
291430 IRAMAIA,108
291440 IRAQUARA,334
291450 IRARA,251
291460 IRECE,1285
291465 ITABELA,455
291470 ITABERABA,793
291480 ITABUNA,2147
291490 ITACARE,368
291500 ITAETE,170
291510 ITAGI,147
291520 ITAGIBA,171
291530 ITAGIMIRIM,58
291535 ITAGUACU DA BAHIA,169
291540 ITAJU DO COLONIA,63
291550 ITAJUIPE,188
291560 ITAMARAJU,878
291570 ITAMARI,113
291580 ITAMBE,210
291590 ITANAGRA,89
291600 ITANHEM,145
291610 ITAPARICA,199
291620 ITAPE,103
291630 ITAPEBI,96
291640 ITAPETINGA,849
291650 ITAPICURU,311
291660 ITAPITANGA,68
291670 ITAQUARA,61
291680 ITARANTIM,191
291685 ITATIM,189
291690 ITIRUCU,109
291700 ITIUBA,412
291710 ITORORO,187
291720 ITUACU,222
291730 ITUBERA,253
291733 IUIU,126
291735 JABORANDI,145
291740 JACARACI,131
291750 JACOBINA,1030
291760 JAGUAQUARA,636
291770 JAGUARARI,416
291780 JAGUARIPE,171
291790 JANDAIRA,124
291800 JEQUIE,1966
291810 JEREMOABO,443
291820 JIQUIRICA,142
291830 JITAUNA,134
291835 JOAO DOURADO,322
291840 JUAZEIRO,3819
291845 JUCURUCU,94
291850 JUSSARA,181
291855 JUSSARI,37
291860 JUSSIAPE,36
291870 LAFAIETE COUTINHO,38
291875 LAGOA REAL,138
291880 LAJE,243
291890 LAJEDAO,31
291900 LAJEDINHO,41
291905 LAJEDO DO TABOCAL,64
291910 LAMARAO,94
291915 LAPAO,326
291920 LAURO DE FREITAS,2421
291930 LENCOIS,109
291940 LICINIO DE ALMEIDA,131
291950 LIVRAMENTO DE NOSSA SENHORA,491
291955 LUIS EDUARDO MAGALHAES,2264
291960 MACAJUBA,115
291970 MACARANI,151
291980 MACAUBAS,502
291990 MACURURE,102
291992 MADRE DE DEUS,183
291995 MAETINGA,71
292000 MAIQUINIQUE,107
292010 MAIRI,165
292020 MALHADA,200
292030 MALHADA DE PEDRAS,102
292040 MANOEL VITORINO,140
292045 MANSIDAO,74
292050 MARACAS,262
292060 MARAGOGIPE,395
292070 MARAU,311
292080 MARCIONILIO SOUZA,103
292090 MASCOTE,133
292100 MATA DE SAO JOAO,602
292105 MATINA,98
292110 MEDEIROS NETO,250
292120 MIGUEL CALMON,253
292130 MILAGRES,108
292140 MIRANGABA,131
292145 MIRANTE,81
292150 MONTE SANTO,624
292160 MORPARA,104
292170 MORRO DO CHAPEU,383
292180 MORTUGABA,110
292190 MUCUGE,149
292200 MUCURI,480
292205 MULUNGU DO MORRO,154
292210 MUNDO NOVO,159
292220 MUNIZ FERREIRA,68
292225 MUQUEM DE SAO FRANCISCO,148
292230 MURITIBA,308
292240 MUTUIPE,234
292250 NAZARE,235
292260 NILO PECANHA,163
292265 NORDESTINA,156
292270 NOVA CANAA,113
292273 NOVA FATIMA,83
292275 NOVA IBIA,35
292280 NOVA ITARANA,85
292285 NOVA REDENCAO,72
292290 NOVA SOURE,285
292300 NOVA VICOSA,524
292303 NOVO HORIZONTE,128
292305 NOVO TRIUNFO,88
292310 OLINDINA,221
292320 OLIVEIRA DOS BREJINHOS,251
292330 OURICANGAS,72
292335 OUROLANDIA,198
292340 PALMAS DE MONTE ALTO,232
292350 PALMEIRAS,143
292360 PARAMIRIM,240
292370 PARATINGA,379
292380 PARIPIRANGA,252
292390 PAU BRASIL,131
292400 PAULO AFONSO,1417
292405 PE DE SERRA,159
292410 PEDRAO,75
292420 PEDRO ALEXANDRE,188
292430 PIATA,260
292440 PILAO ARCADO,480
292450 PINDAI,186
292460 PINDOBACU,287
292465 PINTADAS,89
292467 PIRAI DO NORTE,81
292470 PIRIPA,84
292480 PIRITIBA,206
292490 PLANALTINO,70
292500 PLANALTO,262
292510 POCOES,524
292520 POJUCA,333
292525 PONTO NOVO,275
292530 PORTO SEGURO,2928
292540 POTIRAGUA,90
292550 PRADO,505
292560 PRESIDENTE DUTRA,116
292570 PRESIDENTE JANIO QUADROS,132
292575 PRESIDENTE TANCREDO NEVES,336
292580 QUEIMADAS,246
292590 QUIJINGUE,303
292593 QUIXABEIRA,82
292595 RAFAEL JAMBEIRO,221
292600 REMANSO,541
292610 RETIROLANDIA,183
292620 RIACHAO DAS NEVES,262
292630 RIACHAO DO JACUIPE,366
292640 RIACHO DE SANTANA,315
292650 RIBEIRA DO AMPARO,127
292660 RIBEIRA DO POMBAL,891
292665 RIBEIRAO DO LARGO,94
292670 RIO DE CONTAS,103
292680 RIO DO ANTONIO,118
292690 RIO DO PIRES,72
292700 RIO REAL,427
292710 RODELAS,148
292720 RUY BARBOSA,357
292730 SALINAS DA MARGARIDA,160
292740 SALVADOR,25708
292750 SANTA BARBARA,220
292760 SANTA BRIGIDA,197
292770 SANTA CRUZ CABRALIA,402
292780 SANTA CRUZ DA VITORIA,63
292790 SANTA INES,102
292800 SANTALUZ,498
292805 SANTA LUZIA,151
292810 SANTA MARIA DA VITORIA,474
292820 SANTANA,302
292830 SANTANOPOLIS,67
292840 SANTA RITA DE CASSIA,366
292850 SANTA TERESINHA,98
292860 SANTO AMARO,492
292870 SANTO ANTONIO DE JESUS,1269
292880 SANTO ESTEVAO,661
292890 SAO DESIDERIO,545
292895 SAO DOMINGOS,73
292900 SAO FELIX,111
292905 SAO FELIX DO CORIBE,222
292910 SAO FELIPE,187
292920 SAO FRANCISCO DO CONDE,391
292925 SAO GABRIEL,208
292930 SAO GONCALO DOS CAMPOS,353
292935 SAO JOSE DA VITORIA,79
292937 SAO JOSE DO JACUIPE,120
292940 SAO MIGUEL DAS MATAS,106
292950 SAO SEBASTIAO DO PASSE,374
292960 SAPEACU,237
292970 SATIRO DIAS,210
292975 SAUBARA,99
292980 SAUDE,93
292990 SEABRA,666
293000 SEBASTIAO LARANJEIRAS,77
293010 SENHOR DO BONFIM,946
293015 SERRA DO RAMALHO,530
293020 SENTO SE,492
293030 SERRA DOURADA,227
293040 SERRA PRETA,103
293050 SERRINHA,965
293060 SERROLANDIA,102
293070 SIMOES FILHO,1368
293075 SITIO DO MATO,240
293076 SITIO DO QUINTO,140
293077 SOBRADINHO,330
293080 SOUTO SOARES,204
293090 TABOCAS DO BREJO VELHO,165
293100 TANHACU,226
293105 TANQUE NOVO,243
293110 TANQUINHO,79
293120 TAPEROA,208
293130 TAPIRAMUTA,134
293135 TEIXEIRA DE FREITAS,2376
293140 TEODORO SAMPAIO,51
293150 TEOFILANDIA,256
293160 TEOLANDIA,149
293170 TERRA NOVA,65
293180 TREMEDAL,153
293190 TUCANO,544
293200 UAUA,256
293210 UBAIRA,191
293220 UBAITABA,222
293230 UBATA,161
293240 UIBAI,109
293245 UMBURANAS,165
293250 UNA,213
293260 URANDI,157
293270 URUCUCA,283
293280 UTINGA,199
293290 VALENCA,1155
293300 VALENTE,279
293305 VARZEA DA ROCA,130
293310 VARZEA DO POCO,67
293315 VARZEA NOVA,160
293317 VARZEDO,123
293320 VERA CRUZ,390
293325 VEREDA,65
293330 VITORIA DA CONQUISTA,4979
293340 WAGNER,97
293345 WANDERLEY,182
293350 WENCESLAU GUIMARAES,238
293360 XIQUE-XIQUE,756
 MUNICIPIO IGNORADO - MG,2
310010 ABADIA DOS DOURADOS,42
310020 ABAETE,223
310030 ABRE CAMPO,164
310040 ACAIACA,50
310050 ACUCENA,85
310060 AGUA BOA,141
310070 AGUA COMPRIDA,19
310080 AGUANIL,38
310090 AGUAS FORMOSAS,217
310100 AGUAS VERMELHAS,152
310110 AIMORES,315
310120 AIURUOCA,48
310130 ALAGOA,28
310140 ALBERTINA,20
310150 ALEM PARAIBA,363
310160 ALFENAS,893
310163 ALFREDO VASCONCELOS,69
310170 ALMENARA,462
310180 ALPERCATA,77
310190 ALPINOPOLIS,236
310200 ALTEROSA,148
310205 ALTO CAPARAO,83
310210 ALTO RIO DOCE,74
310220 ALVARENGA,40
310230 ALVINOPOLIS,146
310240 ALVORADA DE MINAS,50
310250 AMPARO DO SERRA,42
310260 ANDRADAS,465
310270 CACHOEIRA DE PAJEU,68
310280 ANDRELANDIA,112
310285 ANGELANDIA,104
310290 ANTONIO CARLOS,99
310300 ANTONIO DIAS,77
310310 ANTONIO PRADO DE MINAS,4
310320 ARACAI,18
310330 ARACITABA,19
310340 ARACUAI,372
310350 ARAGUARI,1271
310360 ARANTINA,32
310370 ARAPONGA,105
310375 ARAPORA,149
310380 ARAPUA,24
310390 ARAUJOS,107
310400 ARAXA,1472
310410 ARCEBURGO,71
310420 ARCOS,438
310430 AREADO,123
310440 ARGIRITA,27
310445 ARICANDUVA,71
310450 ARINOS,251
310460 ASTOLFO DUTRA,114
310470 ATALEIA,113
310480 AUGUSTO DE LIMA,50
310490 BAEPENDI,163
310500 BALDIM,55
310510 BAMBUI,219
310520 BANDEIRA,43
310530 BANDEIRA DO SUL,53
310540 BARAO DE COCAIS,407
310550 BARAO DE MONTE ALTO,31
310560 BARBACENA,1245
310570 BARRA LONGA,62
310590 BARROSO,219
310600 BELA VISTA DE MINAS,84
310610 BELMIRO BRAGA,26
310620 BELO HORIZONTE,23331
310630 BELO ORIENTE,306
310640 BELO VALE,84
310650 BERILO,72
310660 BERTOPOLIS,63
310665 BERIZAL,45
310670 BETIM,5332
310680 BIAS FORTES,21
310690 BICAS,150
310700 BIQUINHAS,18
310710 BOA ESPERANCA,480
310720 BOCAINA DE MINAS,44
310730 BOCAIUVA,602
310740 BOM DESPACHO,615
310750 BOM JARDIM DE MINAS,66
310760 BOM JESUS DA PENHA,41
310770 BOM JESUS DO AMPARO,81
310780 BOM JESUS DO GALHO,145
310790 BOM REPOUSO,142
310800 BOM SUCESSO,134
310810 BONFIM,55
310820 BONFINOPOLIS DE MINAS,39
310825 BONITO DE MINAS,140
310830 BORDA DA MATA,179
310840 BOTELHOS,125
310850 BOTUMIRIM,56
310855 BRASILANDIA DE MINAS,188
310860 BRASILIA DE MINAS,469
310870 BRAS PIRES,28
310880 BRAUNAS,39
310890 BRAZOPOLIS,132
310900 BRUMADINHO,467
310910 BUENO BRANDAO,98
310920 BUENOPOLIS,98
310925 BUGRE,59
310930 BURITIS,343
310940 BURITIZEIRO,327
310945 CABECEIRA GRANDE,72
310950 CABO VERDE,140
310960 CACHOEIRA DA PRATA,32
310970 CACHOEIRA DE MINAS,121
310980 CACHOEIRA DOURADA,20
310990 CAETANOPOLIS,114
311000 CAETE,396
311010 CAIANA,67
311020 CAJURI,48
311030 CALDAS,106
311040 CAMACHO,29
311050 CAMANDUCAIA,298
311060 CAMBUI,343
311070 CAMBUQUIRA,123
311080 CAMPANARIO,30
311090 CAMPANHA,172
311100 CAMPESTRE,194
311110 CAMPINA VERDE,169
311115 CAMPO AZUL,25
311120 CAMPO BELO,550
311130 CAMPO DO MEIO,114
311140 CAMPO FLORIDO,88
311150 CAMPOS ALTOS,187
311160 CAMPOS GERAIS,290
311170 CANAA,52
311180 CANAPOLIS,109
311190 CANA VERDE,39
311200 CANDEIAS,120
311205 CANTAGALO,57
311210 CAPARAO,86
311220 CAPELA NOVA,40
311230 CAPELINHA,563
311240 CAPETINGA,76
311250 CAPIM BRANCO,104
311260 CAPINOPOLIS,157
311265 CAPITAO ANDRADE,52
311270 CAPITAO ENEAS,207
311280 CAPITOLIO,130
311290 CAPUTIRA,138
311300 CARAI,202
311310 CARANAIBA,23
311320 CARANDAI,234
311330 CARANGOLA,355
311340 CARATINGA,1106
311350 CARBONITA,93
311360 CAREACU,60
311370 CARLOS CHAGAS,220
311380 CARMESIA,35
311390 CARMO DA CACHOEIRA,117
311400 CARMO DA MATA,87
311410 CARMO DE MINAS,135
311420 CARMO DO CAJURU,259
311430 CARMO DO PARANAIBA,280
311440 CARMO DO RIO CLARO,184
311450 CARMOPOLIS DE MINAS,209
311455 CARNEIRINHO,92
311460 CARRANCAS,33
311470 CARVALHOPOLIS,38
311480 CARVALHOS,42
311490 CASA GRANDE,32
311500 CASCALHO RICO,29
311510 CASSIA,167
311520 CONCEICAO DA BARRA DE MINAS,28
311530 CATAGUASES,581
311535 CATAS ALTAS,71
311540 CATAS ALTAS DA NORUEGA,28
311545 CATUJI,113
311547 CATUTI,63
311550 CAXAMBU,197
311560 CEDRO DO ABAETE,8
311570 CENTRAL DE MINAS,69
311580 CENTRALINA,98
311590 CHACARA,32
311600 CHALE,91
311610 CHAPADA DO NORTE,87
311615 CHAPADA GAUCHA,239
311620 CHIADOR,23
311630 CIPOTANEA,46
311640 CLARAVAL,17
311650 CLARO DOS POCOES,67
311660 CLAUDIO,409
311670 COIMBRA,63
311680 COLUNA,85
311690 COMENDADOR GOMES,36
311700 COMERCINHO,44
311710 CONCEICAO DA APARECIDA,99
311720 CONCEICAO DAS PEDRAS,29
311730 CONCEICAO DAS ALAGOAS,331
311740 CONCEICAO DE IPANEMA,46
311750 CONCEICAO DO MATO DENTRO,358
311760 CONCEICAO DO PARA,46
311770 CONCEICAO DO RIO VERDE,138
311780 CONCEICAO DOS OUROS,110
311783 CONEGO MARINHO,90
311787 CONFINS,83
311790 CONGONHAL,133
311800 CONGONHAS,677
311810 CONGONHAS DO NORTE,52
311820 CONQUISTA,72
311830 CONSELHEIRO LAFAIETE,1487
311840 CONSELHEIRO PENA,254
311850 CONSOLACAO,12
311860 CONTAGEM,6936
311870 COQUEIRAL,92
311880 CORACAO DE JESUS,249
311890 CORDISBURGO,65
311900 CORDISLANDIA,32
311910 CORINTO,263
311920 COROACI,79
311930 COROMANDEL,298
311940 CORONEL FABRICIANO,1316
311950 CORONEL MURTA,92
311960 CORONEL PACHECO,22
311970 CORONEL XAVIER CHAVES,23
311980 CORREGO DANTA,22
311990 CORREGO DO BOM JESUS,22
311995 CORREGO FUNDO,51
312000 CORREGO NOVO,24
312010 COUTO DE MAGALHAES DE MINAS,56
312015 CRISOLITA,64
312020 CRISTAIS,123
312030 CRISTALIA,69
312040 CRISTIANO OTONI,57
312050 CRISTINA,88
312060 CRUCILANDIA,48
312070 CRUZEIRO DA FORTALEZA,50
312080 CRUZILIA,152
312083 CUPARAQUE,57
312087 CURRAL DE DENTRO,92
312090 CURVELO,936
312100 DATAS,76
312110 DELFIM MOREIRA,80
312120 DELFINOPOLIS,86
312125 DELTA,120
312130 DESCOBERTO,44
312140 DESTERRO DE ENTRE RIOS,74
312150 DESTERRO DO MELO,25
312160 DIAMANTINA,546
312170 DIOGO DE VASCONCELOS,36
312180 DIONISIO,57
312190 DIVINESIA,36
312200 DIVINO,303
312210 DIVINO DAS LARANJEIRAS,42
312220 DIVINOLANDIA DE MINAS,72
312230 DIVINOPOLIS,2535
312235 DIVISA ALEGRE,78
312240 DIVISA NOVA,101
312245 DIVISOPOLIS,73
312247 DOM BOSCO,34
312250 DOM CAVATI,50
312260 DOM JOAQUIM,52
312270 DOM SILVERIO,42
312280 DOM VICOSO,23
312290 DONA EUSEBIA,70
312300 DORES DE CAMPOS,109
312310 DORES DE GUANHAES,50
312320 DORES DO INDAIA,95
312330 DORES DO TURVO,55
312340 DORESOPOLIS,16
312350 DOURADOQUARA,15
312352 DURANDE,122
312360 ELOI MENDES,324
312370 ENGENHEIRO CALDAS,110
312380 ENGENHEIRO NAVARRO,59
312385 ENTRE FOLHAS,64
312390 ENTRE RIOS DE MINAS,172
312400 ERVALIA,219
312410 ESMERALDAS,950
312420 ESPERA FELIZ,345
312430 ESPINOSA,366
312440 ESPIRITO SANTO DO DOURADO,108
312450 ESTIVA,132
312460 ESTRELA DALVA,32
312470 ESTRELA DO INDAIA,14
312480 ESTRELA DO SUL,64
312490 EUGENOPOLIS,100
312500 EWBANK DA CAMARA,35
312510 EXTREMA,875
312520 FAMA,23
312530 FARIA LEMOS,32
312540 FELICIO DOS SANTOS,59
312550 SAO GONCALO DO RIO PRETO,26
312560 FELISBURGO,77
312570 FELIXLANDIA,123
312580 FERNANDES TOURINHO,23
312590 FERROS,84
312595 FERVEDOURO,144
312600 FLORESTAL,84
312610 FORMIGA,672
312620 FORMOSO,89
312630 FORTALEZA DE MINAS,29
312640 FORTUNA DE MINAS,38
312650 FRANCISCO BADARO,60
312660 FRANCISCO DUMONT,48
312670 FRANCISCO SA,217
312675 FRANCISCOPOLIS,60
312680 FREI GASPAR,49
312690 FREI INOCENCIO,84
312695 FREI LAGONEGRO,35
312700 FRONTEIRA,126
312705 FRONTEIRA DOS VALES,44
312707 FRUTA DE LEITE,55
312710 FRUTAL,683
312720 FUNILANDIA,38
312730 GALILEIA,80
312733 GAMELEIRAS,67
312735 GLAUCILANDIA,29
312737 GOIABEIRA,46
312738 GOIANA,35
312740 GONCALVES,42
312750 GONZAGA,46
312760 GOUVEIA,125
312770 GOVERNADOR VALADARES,3432
312780 GRAO MOGOL,124
312790 GRUPIARA,12
312800 GUANHAES,431
312810 GUAPE,129
312820 GUARACIABA,69
312825 GUARACIAMA,64
312830 GUARANESIA,199
312840 GUARANI,72
312850 GUARARA,39
312860 GUARDA-MOR,74
312870 GUAXUPE,568
312880 GUIDOVAL,91
312890 GUIMARANIA,120
312900 GUIRICEMA,88
312910 GURINHATA,34
312920 HELIODORA,63
312930 IAPU,109
312940 IBERTIOGA,41
312950 IBIA,216
312960 IBIAI,93
312965 IBIRACATU,58
312970 IBIRACI,159
312980 IBIRITE,2094
312990 IBITIURA DE MINAS,20
313000 IBITURUNA,22
313005 ICARAI DE MINAS,85
313010 IGARAPE,561
313020 IGARATINGA,148
313030 IGUATAMA,56
313040 IJACI,74
313050 ILICINEA,147
313055 IMBE DE MINAS,72
313060 INCONFIDENTES,57
313065 INDAIABIRA,85
313070 INDIANOPOLIS,49
313080 INGAI,28
313090 INHAPIM,264
313100 INHAUMA,72
313110 INIMUTABA,75
313115 IPABA,252
313120 IPANEMA,237
313130 IPATINGA,2893
313140 IPIACU,45
313150 IPUIUNA,95
313160 IRAI DE MINAS,100
313170 ITABIRA,1281
313180 ITABIRINHA,140
313190 ITABIRITO,693
313200 ITACAMBIRA,23
313210 ITACARAMBI,203
313220 ITAGUARA,156
313230 ITAIPE,148
313240 ITAJUBA,1049
313250 ITAMARANDIBA,432
313260 ITAMARATI DE MINAS,38
313270 ITAMBACURI,274
313280 ITAMBE DO MATO DENTRO,18
313290 ITAMOGI,155
313300 ITAMONTE,160
313310 ITANHANDU,160
313320 ITANHOMI,133
313330 ITAOBIM,237
313340 ITAPAGIPE,90
313350 ITAPECERICA,180
313360 ITAPEVA,158
313370 ITATIAIUCU,140
313375 ITAU DE MINAS,143
313380 ITAUNA,996
313390 ITAVERAVA,40
313400 ITINGA,144
313410 ITUETA,74
313420 ITUIUTABA,1034
313430 ITUMIRIM,46
313440 ITURAMA,515
313450 ITUTINGA,50
313460 JABOTICATUBAS,184
313470 JACINTO,95
313480 JACUI,93
313490 JACUTINGA,282
313500 JAGUARACU,28
313505 JAIBA,562
313507 JAMPRUCA,52
313510 JANAUBA,1054
313520 JANUARIA,876
313530 JAPARAIBA,43
313535 JAPONVAR,85
313540 JECEABA,54
313545 JENIPAPO DE MINAS,73
313550 JEQUERI,126
313560 JEQUITAI,78
313570 JEQUITIBA,61
313580 JEQUITINHONHA,238
313590 JESUANIA,41
313600 JOAIMA,171
313610 JOANESIA,33
313620 JOAO MONLEVADE,882
313630 JOAO PINHEIRO,634
313640 JOAQUIM FELICIO,44
313650 JORDANIA,105
313652 JOSE GONCALVES DE MINAS,38
313655 JOSE RAYDAN,45
313657 JOSENOPOLIS,32
313660 NOVA UNIAO,71
313665 JUATUBA,377
313670 JUIZ DE FORA,5366
313680 JURAMENTO,39
313690 JURUAIA,170
313695 JUVENILIA,63
313700 LADAINHA,153
313710 LAGAMAR,44
313720 LAGOA DA PRATA,649
313730 LAGOA DOS PATOS,38
313740 LAGOA DOURADA,136
313750 LAGOA FORMOSA,194
313753 LAGOA GRANDE,84
313760 LAGOA SANTA,840
313770 LAJINHA,349
313780 LAMBARI,205
313790 LAMIM,19
313800 LARANJAL,43
313810 LASSANCE,99
313820 LAVRAS,1244
313830 LEANDRO FERREIRA,33
313835 LEME DO PRADO,44
313840 LEOPOLDINA,482
313850 LIBERDADE,29
313860 LIMA DUARTE,150
313862 LIMEIRA DO OESTE,94
313865 LONTRA,128
313867 LUISBURGO,120
313868 LUISLANDIA,92
313870 LUMINARIAS,45
313880 LUZ,181
313890 MACHACALIS,80
313900 MACHADO,455
313910 MADRE DE DEUS DE MINAS,68
313920 MALACACHETA,186
313925 MAMONAS,46
313930 MANGA,291
313940 MANHUACU,1287
313950 MANHUMIRIM,251
313960 MANTENA,287
313970 MARAVILHAS,82
313980 MAR DE ESPANHA,162
313990 MARIA DA FE,142
314000 MARIANA,877
314010 MARILAC,62
314015 MARIO CAMPOS,206
314020 MARIPA DE MINAS,44
314030 MARLIERIA,33
314040 MARMELOPOLIS,40
314050 MARTINHO CAMPOS,171
314053 MARTINS SOARES,124
314055 MATA VERDE,72
314060 MATERLANDIA,32
314070 MATEUS LEME,446
314080 MATIAS BARBOSA,156
314085 MATIAS CARDOSO,114
314090 MATIPO,286
314100 MATO VERDE,139
314110 MATOZINHOS,450
314120 MATUTINA,42
314130 MEDEIROS,56
314140 MEDINA,221
314150 MENDES PIMENTEL,44
314160 MERCES,116
314170 MESQUITA,46
314180 MINAS NOVAS,244
314190 MINDURI,48
314200 MIRABELA,146
314210 MIRADOURO,89
314220 MIRAI,136
314225 MIRAVANIA,47
314230 MOEDA,53
314240 MOEMA,98
314250 MONJOLOS,10
314260 MONSENHOR PAULO,80
314270 MONTALVANIA,165
314280 MONTE ALEGRE DE MINAS,201
314290 MONTE AZUL,238
314300 MONTE BELO,140
314310 MONTE CARMELO,512
314315 MONTE FORMOSO,64
314320 MONTE SANTO DE MINAS,231
314330 MONTES CLAROS,5510
314340 MONTE SIAO,160
314345 MONTEZUMA,71
314350 MORADA NOVA DE MINAS,89
314360 MORRO DA GARCA,28
314370 MORRO DO PILAR,32
314380 MUNHOZ,64
314390 MURIAE,1236
314400 MUTUM,339
314410 MUZAMBINHO,225
314420 NACIP RAYDAN,34
314430 NANUQUE,400
314435 NAQUE,83
314437 NATALANDIA,34
314440 NATERCIA,38
314450 NAZARENO,66
314460 NEPOMUCENO,290
314465 NINHEIRA,108
314467 NOVA BELEM,37
314470 NOVA ERA,183
314480 NOVA LIMA,1220
314490 NOVA MODICA,39
314500 NOVA PONTE,205
314505 NOVA PORTEIRINHA,102
314510 NOVA RESENDE,226
314520 NOVA SERRANA,1930
314530 NOVO CRUZEIRO,312
314535 NOVO ORIENTE DE MINAS,108
314537 NOVORIZONTE,64
314540 OLARIA,19
314545 OLHOS-D'AGUA,71
314550 OLIMPIO NORONHA,27
314560 OLIVEIRA,447
314570 OLIVEIRA FORTES,18
314580 ONCA DE PITANGUI,30
314585 ORATORIOS,40
314587 ORIZANIA,124
314590 OURO BRANCO,498
314600 OURO FINO,297
314610 OURO PRETO,772
314620 OURO VERDE DE MINAS,89
314625 PADRE CARVALHO,41
314630 PADRE PARAISO,227
314640 PAINEIRAS,28
314650 PAINS,58
314655 PAI PEDRO,48
314660 PAIVA,15
314670 PALMA,48
314675 PALMOPOLIS,62
314690 PAPAGAIOS,223
314700 PARACATU,1317
314710 PARA DE MINAS,1164
314720 PARAGUACU,230
314730 PARAISOPOLIS,221
314740 PARAOPEBA,305
314750 PASSABEM,16
314760 PASSA QUATRO,177
314770 PASSA TEMPO,67
314780 PASSA-VINTE,22
314790 PASSOS,1268
314795 PATIS,43
314800 PATOS DE MINAS,1886
314810 PATROCINIO,1201
314820 PATROCINIO DO MURIAE,44
314830 PAULA CANDIDO,72
314840 PAULISTAS,43
314850 PAVAO,72
314860 PECANHA,177
314870 PEDRA AZUL,200
314875 PEDRA BONITA,123
314880 PEDRA DO ANTA,29
314890 PEDRA DO INDAIA,38
314900 PEDRA DOURADA,40
314910 PEDRALVA,97
314915 PEDRAS DE MARIA DA CRUZ,123
314920 PEDRINOPOLIS,27
314930 PEDRO LEOPOLDO,665
314940 PEDRO TEIXEIRA,21
314950 PEQUERI,33
314960 PEQUI,39
314970 PERDIGAO,185
314980 PERDIZES,282
314990 PERDOES,194
314995 PERIQUITO,112
315000 PESCADOR,42
315010 PIAU,22
315015 PIEDADE DE CARATINGA,127
315020 PIEDADE DE PONTE NOVA,48
315030 PIEDADE DO RIO GRANDE,49
315040 PIEDADE DOS GERAIS,52
315050 PIMENTA,78
315053 PINGO-D'AGUA,60
315057 PINTOPOLIS,94
315060 PIRACEMA,59
315070 PIRAJUBA,81
315080 PIRANGA,142
315090 PIRANGUCU,82
315100 PIRANGUINHO,89
315110 PIRAPETINGA,143
315120 PIRAPORA,779
315130 PIRAUBA,115
315140 PITANGUI,327
315150 PIUMHI,433
315160 PLANURA,115
315170 POCO FUNDO,157
315180 POCOS DE CALDAS,1686
315190 POCRANE,90
315200 POMPEU,397
315210 PONTE NOVA,639
315213 PONTO CHIQUE,51
315217 PONTO DOS VOLANTES,135
315220 PORTEIRINHA,435
315230 PORTO FIRME,111
315240 POTE,174
315250 POUSO ALEGRE,1998
315260 POUSO ALTO,63
315270 PRADOS,82
315280 PRATA,346
315290 PRATAPOLIS,81
315300 PRATINHA,40
315310 PRESIDENTE BERNARDES,39
315320 PRESIDENTE JUSCELINO,25
315330 PRESIDENTE KUBITSCHEK,44
315340 PRESIDENTE OLEGARIO,155
315350 ALTO JEQUITIBA,124
315360 PRUDENTE DE MORAIS,110
315370 QUARTEL GERAL,39
315380 QUELUZITO,11
315390 RAPOSOS,173
315400 RAUL SOARES,216
315410 RECREIO,74
315415 REDUTO,95
315420 RESENDE COSTA,118
315430 RESPLENDOR,227
315440 RESSAQUINHA,44
315445 RIACHINHO,78
315450 RIACHO DOS MACHADOS,110
315460 RIBEIRAO DAS NEVES,4071
315470 RIBEIRAO VERMELHO,35
315480 RIO ACIMA,107
315490 RIO CASCA,114
315500 RIO DOCE,34
315510 RIO DO PRADO,51
315520 RIO ESPERA,44
315530 RIO MANSO,53
315540 RIO NOVO,60
315550 RIO PARANAIBA,151
315560 RIO PARDO DE MINAS,384
315570 RIO PIRACICABA,144
315580 RIO POMBA,157
315590 RIO PRETO,38
315600 RIO VERMELHO,105
315610 RITAPOLIS,31
315620 ROCHEDO DE MINAS,26
315630 RODEIRO,121
315640 ROMARIA,31
315645 ROSARIO DA LIMEIRA,52
315650 RUBELITA,54
315660 RUBIM,87
315670 SABARA,1455
315680 SABINOPOLIS,151
315690 SACRAMENTO,333
315700 SALINAS,517
315710 SALTO DA DIVISA,60
315720 SANTA BARBARA,390
315725 SANTA BARBARA DO LESTE,88
315727 SANTA BARBARA DO MONTE VERDE,28
315730 SANTA BARBARA DO TUGURIO,53
315733 SANTA CRUZ DE MINAS,105
315737 SANTA CRUZ DE SALINAS,42
315740 SANTA CRUZ DO ESCALVADO,56
315750 SANTA EFIGENIA DE MINAS,54
315760 SANTA FE DE MINAS,31
315765 SANTA HELENA DE MINAS,78
315770 SANTA JULIANA,237
315780 SANTA LUZIA,2644
315790 SANTA MARGARIDA,257
315800 SANTA MARIA DE ITABIRA,109
315810 SANTA MARIA DO SALTO,35
315820 SANTA MARIA DO SUACUI,166
315830 SANTANA DA VARGEM,80
315840 SANTANA DE CATAGUASES,25
315850 SANTANA DE PIRAPAMA,70
315860 SANTANA DO DESERTO,30
315870 SANTANA DO GARAMBEU,23
315880 SANTANA DO JACARE,26
315890 SANTANA DO MANHUACU,133
315895 SANTANA DO PARAISO,645
315900 SANTANA DO RIACHO,58
315910 SANTANA DOS MONTES,17
315920 SANTA RITA DE CALDAS,58
315930 SANTA RITA DE JACUTINGA,49
315935 SANTA RITA DE MINAS,92
315940 SANTA RITA DE IBITIPOCA,33
315950 SANTA RITA DO ITUETO,82
315960 SANTA RITA DO SAPUCAI,491
315970 SANTA ROSA DA SERRA,49
315980 SANTA VITORIA,213
315990 SANTO ANTONIO DO AMPARO,180
316000 SANTO ANTONIO DO AVENTUREIRO,33
316010 SANTO ANTONIO DO GRAMA,47
316020 SANTO ANTONIO DO ITAMBE,31
316030 SANTO ANTONIO DO JACINTO,85
316040 SANTO ANTONIO DO MONTE,358
316045 SANTO ANTONIO DO RETIRO,81
316050 SANTO ANTONIO DO RIO ABAIXO,15
316060 SANTO HIPOLITO,16
316070 SANTOS DUMONT,389
316080 SAO BENTO ABADE,45
316090 SAO BRAS DO SUACUI,40
316095 SAO DOMINGOS DAS DORES,92
316100 SAO DOMINGOS DO PRATA,168
316105 SAO FELIX DE MINAS,37
316110 SAO FRANCISCO,695
316120 SAO FRANCISCO DE PAULA,60
316130 SAO FRANCISCO DE SALES,36
316140 SAO FRANCISCO DO GLORIA,44
316150 SAO GERALDO,113
316160 SAO GERALDO DA PIEDADE,40
316165 SAO GERALDO DO BAIXIO,50
316170 SAO GONCALO DO ABAETE,50
316180 SAO GONCALO DO PARA,119
316190 SAO GONCALO DO RIO ABAIXO,134
316200 SAO GONCALO DO SAPUCAI,290
316210 SAO GOTARDO,802
316220 SAO JOAO BATISTA DO GLORIA,86
316225 SAO JOAO DA LAGOA,36
316230 SAO JOAO DA MATA,41
316240 SAO JOAO DA PONTE,273
316245 SAO JOAO DAS MISSOES,264
316250 SAO JOAO DEL REI,880
316255 SAO JOAO DO MANHUACU,202
316257 SAO JOAO DO MANTENINHA,77
316260 SAO JOAO DO ORIENTE,86
316265 SAO JOAO DO PACUI,23
316270 SAO JOAO DO PARAISO,256
316280 SAO JOAO EVANGELISTA,174
316290 SAO JOAO NEPOMUCENO,261
316292 SAO JOAQUIM DE BICAS,441
316294 SAO JOSE DA BARRA,87
316295 SAO JOSE DA LAPA,280
316300 SAO JOSE DA SAFIRA,70
316310 SAO JOSE DA VARGINHA,52
316320 SAO JOSE DO ALEGRE,44
316330 SAO JOSE DO DIVINO,38
316340 SAO JOSE DO GOIABAL,49
316350 SAO JOSE DO JACURI,45
316360 SAO JOSE DO MANTIMENTO,46
316370 SAO LOURENCO,457
316380 SAO MIGUEL DO ANTA,55
316390 SAO PEDRO DA UNIAO,36
316400 SAO PEDRO DOS FERROS,75
316410 SAO PEDRO DO SUACUI,47
316420 SAO ROMAO,109
316430 SAO ROQUE DE MINAS,85
316440 SAO SEBASTIAO DA BELA VISTA,94
316443 SAO SEBASTIAO DA VARGEM ALEGRE,22
316447 SAO SEBASTIAO DO ANTA,75
316450 SAO SEBASTIAO DO MARANHAO,81
316460 SAO SEBASTIAO DO OESTE,156
316470 SAO SEBASTIAO DO PARAISO,833
316480 SAO SEBASTIAO DO RIO PRETO,12
316490 SAO SEBASTIAO DO RIO VERDE,23
316500 SAO TIAGO,110
316510 SAO TOMAS DE AQUINO,72
316520 SAO THOME DAS LETRAS,58
316530 SAO VICENTE DE MINAS,55
316540 SAPUCAI-MIRIM,70
316550 SARDOA,64
316553 SARZEDO,517
316555 SETUBINHA,137
316556 SEM-PEIXE,22
316557 SENADOR AMARAL,132
316560 SENADOR CORTES,32
316570 SENADOR FIRMINO,65
316580 SENADOR JOSE BENTO,11
316590 SENADOR MODESTINO GONCALVES,38
316600 SENHORA DE OLIVEIRA,41
316610 SENHORA DO PORTO,34
316620 SENHORA DOS REMEDIOS,92
316630 SERICITA,97
316640 SERITINGA,14
316650 SERRA AZUL DE MINAS,58
316660 SERRA DA SAUDADE,5
316670 SERRA DOS AIMORES,88
316680 SERRA DO SALITRE,177
316690 SERRANIA,89
316695 SERRANOPOLIS DE MINAS,50
316700 SERRANOS,23
316710 SERRO,254
316720 SETE LAGOAS,2576
316730 SILVEIRANIA,36
316740 SILVIANOPOLIS,57
316750 SIMAO PEREIRA,35
316760 SIMONESIA,335
316770 SOBRALIA,43
316780 SOLEDADE DE MINAS,51
316790 TABULEIRO,29
316800 TAIOBEIRAS,416
316805 TAPARUBA,39
316810 TAPIRA,46
316820 TAPIRAI,9
316830 TAQUARACU DE MINAS,37
316840 TARUMIRIM,135
316850 TEIXEIRAS,114
316860 TEOFILO OTONI,1623
316870 TIMOTEO,884
316880 TIRADENTES,91
316890 TIROS,74
316900 TOCANTINS,152
316905 TOCOS DO MOJI,50
316910 TOLEDO,73
316920 TOMBOS,72
316930 TRES CORACOES,832
316935 TRES MARIAS,363
316940 TRES PONTAS,648
316950 TUMIRITINGA,75
316960 TUPACIGUARA,294
316970 TURMALINA,216
316980 TURVOLANDIA,64
316990 UBA,1258
317000 UBAI,135
317005 UBAPORANGA,146
317010 UBERABA,3629
317020 UBERLANDIA,8235
317030 UMBURATIBA,31
317040 UNAI,1195
317043 UNIAO DE MINAS,40
317047 URUANA DE MINAS,23
317050 URUCANIA,140
317052 URUCUIA,119
317057 VARGEM ALEGRE,53
317060 VARGEM BONITA,27
317065 VARGEM GRANDE DO RIO PARDO,57
317070 VARGINHA,1704
317075 VARJAO DE MINAS,96
317080 VARZEA DA PALMA,435
317090 VARZELANDIA,240
317100 VAZANTE,221
317103 VERDELANDIA,146
317107 VEREDINHA,43
317110 VERISSIMO,21
317115 VERMELHO NOVO,61
317120 VESPASIANO,1757
317130 VICOSA,873
317140 VIEIRAS,40
317150 MATHIAS LOBATO,38
317160 VIRGEM DA LAPA,108
317170 VIRGINIA,82
317180 VIRGINOPOLIS,116
317190 VIRGOLANDIA,53
317200 VISCONDE DO RIO BRANCO,500
317210 VOLTA GRANDE,44
317220 WENCESLAU BRAZ,18
320010 AFONSO CLAUDIO,410
320013 AGUIA BRANCA,157
320016 AGUA DOCE DO NORTE,162
320020 ALEGRE,353
320030 ALFREDO CHAVES,160
320035 ALTO RIO NOVO,93
320040 ANCHIETA,381
320050 APIACA,65
320060 ARACRUZ,1508
320070 ATILIO VIVACQUA,143
320080 BAIXO GUANDU,383
320090 BARRA DE SAO FRANCISCO,571
320100 BOA ESPERANCA,214
320110 BOM JESUS DO NORTE,80
320115 BREJETUBA,205
320120 CACHOEIRO DE ITAPEMIRIM,2463
320130 CARIACICA,4960
320140 CASTELO,457
320150 COLATINA,1587
320160 CONCEICAO DA BARRA,395
320170 CONCEICAO DO CASTELO,161
320180 DIVINO DE SAO LOURENCO,63
320190 DOMINGOS MARTINS,418
320200 DORES DO RIO PRETO,98
320210 ECOPORANGA,256
320220 FUNDAO,210
320225 GOVERNADOR LINDENBERG,143
320230 GUACUI,410
320240 GUARAPARI,1773
320245 IBATIBA,353
320250 IBIRACU,140
320255 IBITIRAMA,135
320260 ICONHA,121
320265 IRUPI,201
320270 ITAGUACU,144
320280 ITAPEMIRIM,579
320290 ITARANA,134
320300 IUNA,483
320305 JAGUARE,494
320310 JERONIMO MONTEIRO,166
320313 JOAO NEIVA,192
320316 LARANJA DA TERRA,105
320320 LINHARES,2628
320330 MANTENOPOLIS,166
320332 MARATAIZES,552
320334 MARECHAL FLORIANO,238
320335 MARILANDIA,165
320340 MIMOSO DO SUL,269
320350 MONTANHA,260
320360 MUCURICI,80
320370 MUNIZ FREIRE,229
320380 MUQUI,174
320390 NOVA VENECIA,702
320400 PANCAS,217
320405 PEDRO CANARIO,336
320410 PINHEIROS,325
320420 PIUMA,315
320425 PONTO BELO,90
320430 PRESIDENTE KENNEDY,199
320435 RIO BANANAL,308
320440 RIO NOVO DO SUL,130
320450 SANTA LEOPOLDINA,111
320455 SANTA MARIA DE JETIBA,678
320460 SANTA TERESA,292
320465 SAO DOMINGOS DO NORTE,118
320470 SAO GABRIEL DA PALHA,442
320480 SAO JOSE DO CALCADO,117
320490 SAO MATEUS,1935
320495 SAO ROQUE DO CANAA,114
320500 SERRA,7457
320501 SOORETAMA,426
320503 VARGEM ALTA,268
320506 VENDA NOVA DO IMIGRANTE,412
320510 VIANA,1015
320515 VILA PAVAO,96
320517 VILA VALERIO,249
320520 VILA VELHA,5821
320530 VITORIA,3727
 MUNICIPIO IGNORADO - RJ,8
330010 ANGRA DOS REIS,2153
330015 APERIBE,112
330020 ARARUAMA,1512
330022 AREAL,119
330023 ARMACAO DOS BUZIOS,599
330025 ARRAIAL DO CABO,390
330030 BARRA DO PIRAI,873
330040 BARRA MANSA,1710
330045 BELFORD ROXO,5717
330050 BOM JARDIM,333
330060 BOM JESUS DO ITABAPOANA,511
330070 CABO FRIO,2540
330080 CACHOEIRAS DE MACACU,599
330090 CAMBUCI,130
330093 CARAPEBUS,140
330095 COMENDADOR LEVY GASPARIAN,111
330100 CAMPOS DOS GOYTACAZES,6252
330110 CANTAGALO,214
330115 CARDOSO MOREIRA,135
330120 CARMO,203
330130 CASIMIRO DE ABREU,507
330140 CONCEICAO DE MACABU,227
330150 CORDEIRO,247
330160 DUAS BARRAS,114
330170 DUQUE DE CAXIAS,10465
330180 ENGENHEIRO PAULO DE FRONTIN,136
330185 GUAPIMIRIM,603
330187 IGUABA GRANDE,331
330190 ITABORAI,2629
330200 ITAGUAI,1552
330205 ITALVA,135
330210 ITAOCARA,254
330220 ITAPERUNA,1067
330225 ITATIAIA,357
330227 JAPERI,1045
330230 LAJE DO MURIAE,16
330240 MACAE,3131
330245 MACUCO,101
330250 MAGE,2913
330260 MANGARATIBA,480
330270 MARICA,2191
330280 MENDES,145
330285 MESQUITA,1835
330290 MIGUEL PEREIRA,268
330300 MIRACEMA,313
330310 NATIVIDADE,143
330320 NILOPOLIS,1287
330330 NITEROI,4893
330340 NOVA FRIBURGO,1841
330350 NOVA IGUACU,9826
330360 PARACAMBI,440
330370 PARAIBA DO SUL,468
330380 PARATY,564
330385 PATY DO ALFERES,357
330390 PETROPOLIS,3036
330395 PINHEIRAL,285
330400 PIRAI,324
330410 PORCIUNCULA,168
330411 PORTO REAL,264
330412 QUATIS,140
330414 QUEIMADOS,1854
330415 QUISSAMA,264
330420 RESENDE,1484
330430 RIO BONITO,657
330440 RIO CLARO,164
330450 RIO DAS FLORES,83
330452 RIO DAS OSTRAS,1731
330455 RIO DE JANEIRO,62850
330460 SANTA MARIA MADALENA,83
330470 SANTO ANTONIO DE PADUA,490
330475 SAO FRANCISCO DE ITABAPOANA,533
330480 SAO FIDELIS,371
330490 SAO GONCALO,8584
330500 SAO JOAO DA BARRA,520
330510 SAO JOAO DE MERITI,4753
330513 SAO JOSE DE UBA,108
330515 SAO JOSE DO VALE DO RIO PRETO,238
330520 SAO PEDRO DA ALDEIA,1556
330530 SAO SEBASTIAO DO ALTO,86
330540 SAPUCAIA,201
330550 SAQUAREMA,1171
330555 SEROPEDICA,1022
330560 SILVA JARDIM,258
330570 SUMIDOURO,191
330575 TANGUA,369
330580 TERESOPOLIS,1997
330590 TRAJANO DE MORAES,78
330600 TRES RIOS,900
330610 VALENCA,712
330615 VARRE-SAI,174
330620 VASSOURAS,438
330630 VOLTA REDONDA,2766
 MUNICIPIO IGNORADO - SP,7
350010 ADAMANTINA,360
350020 ADOLFO,49
350030 AGUAI,378
350040 AGUAS DA PRATA,57
350050 AGUAS DE LINDOIA,221
350055 AGUAS DE SANTA BARBARA,73
350060 AGUAS DE SAO PEDRO,30
350070 AGUDOS,469
350075 ALAMBARI,66
350080 ALFREDO MARCONDES,46
350090 ALTAIR,24
350100 ALTINOPOLIS,153
350110 ALTO ALEGRE,37
350115 ALUMINIO,174
350120 ALVARES FLORENCE,35
350130 ALVARES MACHADO,335
350140 ALVARO DE CARVALHO,32
350150 ALVINLANDIA,34
350160 AMERICANA,2311
350170 AMERICO BRASILIENSE,368
350180 AMERICO DE CAMPOS,53
350190 AMPARO,721
350200 ANALANDIA,52
350210 ANDRADINA,554
350220 ANGATUBA,319
350230 ANHEMBI,69
350240 ANHUMAS,53
350250 APARECIDA,304
350260 APARECIDA D'OESTE,37
350270 APIAI,316
350275 ARACARIGUAMA,331
350280 ARACATUBA,1975
350290 ARACOIABA DA SERRA,377
350300 ARAMINA,67
350310 ARANDU,82
350315 ARAPEI,27
350320 ARARAQUARA,2527
350330 ARARAS,1312
350335 ARCO-IRIS,24
350340 AREALVA,76
350350 AREIAS,53
350360 AREIOPOLIS,127
350370 ARIRANHA,46
350380 ARTUR NOGUEIRA,605
350390 ARUJA,1290
350395 ASPASIA,19
350400 ASSIS,1041
350410 ATIBAIA,2026
350420 AURIFLAMA,132
350430 AVAI,70
350440 AVANHANDAVA,130
350450 AVARE,1041
350460 BADY BASSITT,365
350470 BALBINOS,17
350480 BALSAMO,95
350490 BANANAL,93
350500 BARAO DE ANTONINA,47
350510 BARBOSA,66
350520 BARIRI,373
350530 BARRA BONITA,275
350535 BARRA DO CHAPEU,69
350540 BARRA DO TURVO,78
350550 BARRETOS,1374
350560 BARRINHA,419
350570 BARUERI,5102
350580 BASTOS,231
350590 BATATAIS,631
350600 BAURU,4218
350610 BEBEDOURO,783
350620 BENTO DE ABREU,33
350630 BERNARDINO DE CAMPOS,109
350635 BERTIOGA,991
350640 BILAC,49
350650 BIRIGUI,1209
350660 BIRITIBA-MIRIM,336
350670 BOA ESPERANCA DO SUL,149
350680 BOCAINA,122
350690 BOFETE,129
350700 BOITUVA,810
350710 BOM JESUS DOS PERDOES,299
350715 BOM SUCESSO DE ITARARE,50
350730 BORACEIA,58
350740 BORBOREMA,128
350745 BOREBI,34
350750 BOTUCATU,1559
350760 BRAGANCA PAULISTA,2219
350770 BRAUNA,62
350775 BREJO ALEGRE,27
350780 BRODOWSKI,259
350790 BROTAS,273
350800 BURI,297
350810 BURITAMA,177
350820 BURITIZAL,39
350830 CABRALIA PAULISTA,47
350840 CABREUVA,730
350850 CACAPAVA,1041
350860 CACHOEIRA PAULISTA,346
350870 CACONDE,190
350880 CAFELANDIA,180
350890 CAIABU,40
350900 CAIEIRAS,1147
350910 CAIUA,32
350920 CAJAMAR,1305
350925 CAJATI,411
350930 CAJOBI,72
350940 CAJURU,254
350945 CAMPINA DO MONTE ALEGRE,69
350950 CAMPINAS,12258
350960 CAMPO LIMPO PAULISTA,881
350970 CAMPOS DO JORDAO,657
350980 CAMPOS NOVOS PAULISTA,50
350990 CANANEIA,158
350995 CANAS,79
351000 CANDIDO MOTA,333
351010 CANDIDO RODRIGUES,19
351015 CANITAR,98
351020 CAPAO BONITO,588
351030 CAPELA DO ALTO,276
351040 CAPIVARI,619
351050 CARAGUATATUBA,1627
351060 CARAPICUIBA,5048
351070 CARDOSO,106
351080 CASA BRANCA,269
351090 CASSIA DOS COQUEIROS,15
351100 CASTILHO,204
351110 CATANDUVA,1153
351120 CATIGUA,52
351130 CEDRAL,136
351140 CERQUEIRA CESAR,248
351150 CERQUILHO,478
351160 CESARIO LANGE,251
351170 CHARQUEADA,178
351190 CLEMENTINA,84
351200 COLINA,204
351210 COLOMBIA,104
351220 CONCHAL,372
351230 CONCHAS,187
351240 CORDEIROPOLIS,273
351250 COROADOS,47
351260 CORONEL MACEDO,44
351270 CORUMBATAI,40
351280 COSMOPOLIS,610
351290 COSMORAMA,84
351300 COTIA,3560
351310 CRAVINHOS,353
351320 CRISTAIS PAULISTA,94
351330 CRUZALIA,22
351340 CRUZEIRO,760
351350 CUBATAO,1304
351360 CUNHA,229
351370 DESCALVADO,324
351380 DIADEMA,4230
351385 DIRCE REIS,13
351390 DIVINOLANDIA,126
351400 DOBRADA,111
351410 DOIS CORREGOS,285
351420 DOLCINOPOLIS,20
351430 DOURADO,82
351440 DRACENA,448
351450 DUARTINA,147
351460 DUMONT,85
351470 ECHAPORA,79
351480 ELDORADO,165
351490 ELIAS FAUSTO,180
351492 ELISIARIO,29
351495 EMBAUBA,19
351500 EMBU DAS ARTES,3332
351510 EMBU-GUACU,804
351512 EMILIANOPOLIS,41
351515 ENGENHEIRO COELHO,281
351518 ESPIRITO SANTO DO PINHAL,413
351519 ESPIRITO SANTO DO TURVO,72
351520 ESTRELA D'OESTE,99
351530 ESTRELA DO NORTE,16
351535 EUCLIDES DA CUNHA PAULISTA,86
351540 FARTURA,166
351550 FERNANDOPOLIS,673
351560 FERNANDO PRESTES,45
351565 FERNAO,18
351570 FERRAZ DE VASCONCELOS,2279
351580 FLORA RICA,15
351590 FLOREAL,19
351600 FLORIDA PAULISTA,109
351610 FLORINIA,29
351620 FRANCA,4255
351630 FRANCISCO MORATO,2489
351640 FRANCO DA ROCHA,1833
351650 GABRIEL MONTEIRO,29
351660 GALIA,49
351670 GARCA,454
351680 GASTAO VIDIGAL,33
351685 GAVIAO PEIXOTO,73
351690 GENERAL SALGADO,111
351700 GETULINA,74
351710 GLICERIO,41
351720 GUAICARA,153
351730 GUAIMBE,53
351740 GUAIRA,431
351750 GUAPIACU,255
351760 GUAPIARA,180
351770 GUARA,186
351780 GUARACAI,50
351790 GUARACI,90
351800 GUARANI D'OESTE,16
351810 GUARANTA,52
351820 GUARARAPES,278
351830 GUARAREMA,327
351840 GUARATINGUETA,1324
351850 GUAREI,144
351860 GUARIBA,377
351870 GUARUJA,3485
351880 GUARULHOS,17504
351885 GUATAPARA,88
351890 GUZOLANDIA,55
351900 HERCULANDIA,109
351905 HOLAMBRA,215
351907 HORTOLANDIA,2823
351910 IACANGA,124
351920 IACRI,72
351925 IARAS,71
351930 IBATE,420
351940 IBIRA,129
351950 IBIRAREMA,61
351960 IBITINGA,680
351970 IBIUNA,940
351980 ICEM,76
351990 IEPE,92
352000 IGARACU DO TIETE,228
352010 IGARAPAVA,266
352020 IGARATA,124
352030 IGUAPE,285
352040 ILHABELA,490
352042 ILHA COMPRIDA,140
352044 ILHA SOLTEIRA,201
352050 INDAIATUBA,3089
352060 INDIANA,59
352070 INDIAPORA,35
352080 INUBIA PAULISTA,26
352090 IPAUSSU,142
352100 IPERO,324
352110 IPEUNA,85
352115 IPIGUA,85
352120 IPORANGA,48
352130 IPUA,156
352140 IRACEMAPOLIS,203
352150 IRAPUA,100
352160 IRAPURU,64
352170 ITABERA,230
352180 ITAI,273
352190 ITAJOBI,212
352200 ITAJU,46
352210 ITANHAEM,1310
352215 ITAOCA,43
352220 ITAPECERICA DA SERRA,2090
352230 ITAPETININGA,1923
352240 ITAPEVA,1309
352250 ITAPEVI,3469
352260 ITAPIRA,734
352265 ITAPIRAPUA PAULISTA,62
352270 ITAPOLIS,375
352280 ITAPORANGA,160
352290 ITAPUI,187
352300 ITAPURA,46
352310 ITAQUAQUECETUBA,5077
352320 ITARARE,570
352330 ITARIRI,151
352340 ITATIBA,1287
352350 ITATINGA,226
352360 ITIRAPINA,135
352370 ITIRAPUA,62
352380 ITOBI,74
352390 ITU,2013
352400 ITUPEVA,963
352410 ITUVERAVA,412
352420 JABORANDI,47
352430 JABOTICABAL,720
352440 JACAREI,2642
352450 JACI,90
352460 JACUPIRANGA,193
352470 JAGUARIUNA,717
352480 JALES,497
352490 JAMBEIRO,73
352500 JANDIRA,1287
352510 JARDINOPOLIS,475
352520 JARINU,466
352530 JAU,1504
352540 JERIQUARA,44
352550 JOANOPOLIS,140
352560 JOAO RAMALHO,41
352570 JOSE BONIFACIO,424
352580 JULIO MESQUITA,66
352585 JUMIRIM,35
352590 JUNDIAI,5294
352600 JUNQUEIROPOLIS,187
352610 JUQUIA,208
352620 JUQUITIBA,354
352630 LAGOINHA,38
352640 LARANJAL PAULISTA,317
352650 LAVINIA,36
352660 LAVRINHAS,89
352670 LEME,1005
352680 LENCOIS PAULISTA,789
352690 LIMEIRA,3148
352700 LINDOIA,67
352710 LINS,838
352720 LORENA,1011
352725 LOURDES,17
352730 LOUVEIRA,722
352740 LUCELIA,155
352750 LUCIANOPOLIS,31
352760 LUIS ANTONIO,139
352770 LUIZIANIA,66
352780 LUPERCIO,47
352790 LUTECIA,33
352800 MACATUBA,185
352810 MACAUBAL,68
352820 MACEDONIA,34
352830 MAGDA,21
352840 MAIRINQUE,628
352850 MAIRIPORA,910
352860 MANDURI,90
352870 MARABA PAULISTA,36
352880 MARACAI,124
352885 MARAPOAMA,46
352890 MARIAPOLIS,43
352900 MARILIA,2628
352910 MARINOPOLIS,18
352920 MARTINOPOLIS,272
352930 MATAO,839
352940 MAUA,4404
352950 MENDONCA,70
352960 MERIDIANO,34
352965 MESOPOLIS,16
352970 MIGUELOPOLIS,204
352980 MINEIROS DO TIETE,118
352990 MIRACATU,233
353000 MIRA ESTRELA,32
353010 MIRANDOPOLIS,223
353020 MIRANTE DO PARANAPANEMA,134
353030 MIRASSOL,664
353040 MIRASSOLANDIA,58
353050 MOCOCA,658
353060 MOGI DAS CRUZES,5223
353070 MOGI GUACU,1751
353080 MOGI MIRIM,931
353090 MOMBUCA,40
353100 MONCOES,10
353110 MONGAGUA,667
353120 MONTE ALEGRE DO SUL,66
353130 MONTE ALTO,422
353140 MONTE APRAZIVEL,251
353150 MONTE AZUL PAULISTA,185
353160 MONTE CASTELO,30
353170 MONTEIRO LOBATO,54
353180 MONTE MOR,821
353190 MORRO AGUDO,332
353200 MORUNGABA,179
353205 MOTUCA,32
353210 MURUTINGA DO SUL,25
353215 NANTES,29
353220 NARANDIBA,88
353230 NATIVIDADE DA SERRA,62
353240 NAZARE PAULISTA,207
353250 NEVES PAULISTA,85
353260 NHANDEARA,83
353270 NIPOA,62
353280 NOVA ALIANCA,71
353282 NOVA CAMPINA,119
353284 NOVA CANAA PAULISTA,10
353286 NOVA CASTILHO,10
353290 NOVA EUROPA,92
353300 NOVA GRANADA,210
353310 NOVA GUATAPORANGA,18
353320 NOVA INDEPENDENCIA,51
353325 NOVAIS,67
353330 NOVA LUZITANIA,20
353340 NOVA ODESSA,615
353350 NOVO HORIZONTE,406
353360 NUPORANGA,70
353370 OCAUCU,62
353380 OLEO,17
353390 OLIMPIA,665
353400 ONDA VERDE,54
353410 ORIENTE,60
353420 ORINDIUVA,78
353430 ORLANDIA,437
353440 OSASCO,8195
353450 OSCAR BRESSANE,15
353460 OSVALDO CRUZ,244
353470 OURINHOS,1139
353475 OUROESTE,102
353480 OURO VERDE,83
353490 PACAEMBU,92
353500 PALESTINA,120
353510 PALMARES PAULISTA,89
353520 PALMEIRA D'OESTE,70
353530 PALMITAL,221
353540 PANORAMA,165
353550 PARAGUACU PAULISTA,429
353560 PARAIBUNA,196
353570 PARAISO,56
353580 PARANAPANEMA,276
353590 PARANAPUA,50
353600 PARAPUA,103
353610 PARDINHO,92
353620 PARIQUERA-ACU,265
353625 PARISI,19
353630 PATROCINIO PAULISTA,172
353640 PAULICEIA,86
353650 PAULINIA,1400
353657 PAULISTANIA,27
353660 PAULO DE FARIA,75
353670 PEDERNEIRAS,539
353680 PEDRA BELA,77
353690 PEDRANOPOLIS,17
353700 PEDREGULHO,198
353710 PEDREIRA,485
353715 PEDRINHAS PAULISTA,28
353720 PEDRO DE TOLEDO,99
353730 PENAPOLIS,717
353740 PEREIRA BARRETO,235
353750 PEREIRAS,75
353760 PERUIBE,915
353770 PIACATU,52
353780 PIEDADE,633
353790 PILAR DO SUL,402
353800 PINDAMONHANGABA,2172
353810 PINDORAMA,134
353820 PINHALZINHO,164
353830 PIQUEROBI,40
353850 PIQUETE,106
353860 PIRACAIA,313
353870 PIRACICABA,4822
353880 PIRAJU,289
353890 PIRAJUI,181
353900 PIRANGI,102
353910 PIRAPORA DO BOM JESUS,216
353920 PIRAPOZINHO,241
353930 PIRASSUNUNGA,761
353940 PIRATININGA,155
353950 PITANGUEIRAS,401
353960 PLANALTO,50
353970 PLATINA,38
353980 POA,1249
353990 POLONI,50
354000 POMPEIA,207
354010 PONGAI,39
354020 PONTAL,468
354025 PONTALINDA,36
354030 PONTES GESTAL,19
354040 POPULINA,32
354050 PORANGABA,90
354060 PORTO FELIZ,563
354070 PORTO FERREIRA,533
354075 POTIM,220
354080 POTIRENDABA,224
354085 PRACINHA,14
354090 PRADOPOLIS,166
354100 PRAIA GRANDE,4098
354105 PRATANIA,80
354110 PRESIDENTE ALVES,38
354120 PRESIDENTE BERNARDES,91
354130 PRESIDENTE EPITACIO,397
354140 PRESIDENTE PRUDENTE,2428
354150 PRESIDENTE VENCESLAU,297
354160 PROMISSAO,361
354165 QUADRA,51
354170 QUATA,125
354180 QUEIROZ,40
354190 QUELUZ,85
354200 QUINTANA,89
354210 RAFARD,96
354220 RANCHARIA,342
354230 REDENCAO DA SERRA,54
354240 REGENTE FEIJO,230
354250 REGINOPOLIS,77
354260 REGISTRO,732
354270 RESTINGA,77
354280 RIBEIRA,34
354290 RIBEIRAO BONITO,113
354300 RIBEIRAO BRANCO,230
354310 RIBEIRAO CORRENTE,45
354320 RIBEIRAO DO SUL,43
354323 RIBEIRAO DOS INDIOS,11
354325 RIBEIRAO GRANDE,92
354330 RIBEIRAO PIRES,1043
354340 RIBEIRAO PRETO,7500
354350 RIVERSUL,73
354360 RIFAINA,45
354370 RINCAO,81
354380 RINOPOLIS,101
354390 RIO CLARO,2099
354400 RIO DAS PEDRAS,342
354410 RIO GRANDE DA SERRA,465
354420 RIOLANDIA,102
354425 ROSANA,150
354430 ROSEIRA,112
354440 RUBIACEA,26
354450 RUBINEIA,24
354460 SABINO,53
354470 SAGRES,24
354480 SALES,74
354490 SALES OLIVEIRA,132
354500 SALESOPOLIS,179
354510 SALMOURAO,55
354515 SALTINHO,80
354520 SALTO,1632
354530 SALTO DE PIRAPORA,520
354540 SALTO GRANDE,113
354550 SANDOVALINA,45
354560 SANTA ADELIA,138
354570 SANTA ALBERTINA,69
354580 SANTA BARBARA D'OESTE,1971
354600 SANTA BRANCA,153
354610 SANTA CLARA D'OESTE,17
354620 SANTA CRUZ DA CONCEICAO,25
354625 SANTA CRUZ DA ESPERANCA,25
354630 SANTA CRUZ DAS PALMEIRAS,342
354640 SANTA CRUZ DO RIO PARDO,556
354650 SANTA ERNESTINA,56
354660 SANTA FE DO SUL,361
354670 SANTA GERTRUDES,301
354680 SANTA ISABEL,588
354690 SANTA LUCIA,78
354700 SANTA MARIA DA SERRA,65
354710 SANTA MERCEDES,45
354720 SANTANA DA PONTE PENSA,13
354730 SANTANA DE PARNAIBA,2166
354740 SANTA RITA D'OESTE,14
354750 SANTA RITA DO PASSA QUATRO,203
354760 SANTA ROSA DE VITERBO,201
354765 SANTA SALETE,12
354770 SANTO ANASTACIO,184
354780 SANTO ANDRE,7378
354790 SANTO ANTONIO DA ALEGRIA,54
354800 SANTO ANTONIO DE POSSE,278
354805 SANTO ANTONIO DO ARACANGUA,76
354810 SANTO ANTONIO DO JARDIM,64
354820 SANTO ANTONIO DO PINHAL,94
354830 SANTO EXPEDITO,31
354840 SANTOPOLIS DO AGUAPEI,44
354850 SANTOS,3733
354860 SAO BENTO DO SAPUCAI,105
354870 SAO BERNARDO DO CAMPO,7815
354880 SAO CAETANO DO SUL,1345
354890 SAO CARLOS,2631
354900 SAO FRANCISCO,25
354910 SAO JOAO DA BOA VISTA,928
354920 SAO JOAO DAS DUAS PONTES,33
354925 SAO JOAO DE IRACEMA,13
354930 SAO JOAO DO PAU D'ALHO,27
354940 SAO JOAQUIM DA BARRA,564
354950 SAO JOSE DA BELA VISTA,70
354960 SAO JOSE DO BARREIRO,41
354970 SAO JOSE DO RIO PARDO,520
354980 SAO JOSE DO RIO PRETO,5079
354990 SAO JOSE DOS CAMPOS,8090
354995 SAO LOURENCO DA SERRA,159
355000 SAO LUIS DO PARAITINGA,101
355010 SAO MANUEL,397
355020 SAO MIGUEL ARCANJO,360
355030 SAO PAULO,128720
355040 SAO PEDRO,392
355050 SAO PEDRO DO TURVO,87
355060 SAO ROQUE,869
355070 SAO SEBASTIAO,1107
355080 SAO SEBASTIAO DA GRAMA,80
355090 SAO SIMAO,126
355100 SAO VICENTE,3661
355110 SARAPUI,124
355120 SARUTAIA,44
355130 SEBASTIANOPOLIS DO SUL,36
355140 SERRA AZUL,106
355150 SERRANA,573
355160 SERRA NEGRA,254
355170 SERTAOZINHO,1441
355180 SETE BARRAS,174
355190 SEVERINIA,151
355200 SILVEIRAS,79
355210 SOCORRO,383
355220 SOROCABA,8749
355230 SUD MENNUCCI,89
355240 SUMARE,3329
355250 SUZANO,3942
355255 SUZANAPOLIS,29
355260 TABAPUA,112
355270 TABATINGA,161
355280 TABOAO DA SERRA,3203
355290 TACIBA,89
355300 TAGUAI,183
355310 TAIACU,72
355320 TAIUVA,60
355330 TAMBAU,230
355340 TANABI,263
355350 TAPIRAI,90
355360 TAPIRATIBA,108
355365 TAQUARAL,28
355370 TAQUARITINGA,498
355380 TAQUARITUBA,286
355385 TAQUARIVAI,80
355390 TARABAI,83
355395 TARUMA,176
355400 TATUI,1573
355410 TAUBATE,3323
355420 TEJUPA,47
355430 TEODORO SAMPAIO,278
355440 TERRA ROXA,95
355450 TIETE,427
355460 TIMBURI,21
355465 TORRE DE PEDRA,22
355470 TORRINHA,82
355475 TRABIJU,17
355480 TREMEMBE,430
355490 TRES FRONTEIRAS,65
355495 TUIUTI,65
355500 TUPA,642
355510 TUPI PAULISTA,135
355520 TURIUBA,11
355530 TURMALINA,10
355535 UBARANA,61
355540 UBATUBA,1280
355550 UBIRAJARA,56
355560 UCHOA,92
355570 UNIAO PAULISTA,20
355580 URANIA,96
355590 URU,15
355600 URUPES,123
355610 VALENTIM GENTIL,159
355620 VALINHOS,1251
355630 VALPARAISO,243
355635 VARGEM,131
355640 VARGEM GRANDE DO SUL,495
355645 VARGEM GRANDE PAULISTA,680
355650 VARZEA PAULISTA,1163
355660 VERA CRUZ,88
355670 VINHEDO,787
355680 VIRADOURO,186
355690 VISTA ALEGRE DO ALTO,92
355695 VITORIA BRASIL,24
355700 VOTORANTIM,1502
355710 VOTUPORANGA,1040
355715 ZACARIAS,16
355720 CHAVANTES,135
355730 ESTIVA GERBI,129
 MUNICIPIO IGNORADO - PR,3
410010 ABATIA,65
410020 ADRIANOPOLIS,72
410030 AGUDOS DO SUL,134
410040 ALMIRANTE TAMANDARE,1521
410045 ALTAMIRA DO PARANA,47
410050 ALTONIA,204
410060 ALTO PARANA,161
410070 ALTO PIQUIRI,125
410080 ALVORADA DO SUL,95
410090 AMAPORA,65
410100 AMPERE,276
410105 ANAHY,31
410110 ANDIRA,218
410115 ANGULO,39
410120 ANTONINA,194
410130 ANTONIO OLINTO,69
410140 APUCARANA,1446
410150 ARAPONGAS,1478
410160 ARAPOTI,353
410165 ARAPUA,42
410170 ARARUNA,170
410180 ARAUCARIA,2008
410185 ARIRANHA DO IVAI,28
410190 ASSAI,156
410200 ASSIS CHATEAUBRIAND,437
410210 ASTORGA,294
410220 ATALAIA,31
410230 BALSA NOVA,153
410240 BANDEIRANTES,357
410250 BARBOSA FERRAZ,123
410260 BARRACAO,121
410270 BARRA DO JACARE,30
410275 BELA VISTA DA CAROBA,39
410280 BELA VISTA DO PARAISO,188
410290 BITURUNA,259
410300 BOA ESPERANCA,41
410302 BOA ESPERANCA DO IGUACU,29
410304 BOA VENTURA DE SAO ROQUE,85
410305 BOA VISTA DA APARECIDA,111
410310 BOCAIUVA DO SUL,172
410315 BOM JESUS DO SUL,61
410320 BOM SUCESSO,80
410322 BOM SUCESSO DO SUL,37
410330 BORRAZOPOLIS,73
410335 BRAGANEY,51
410337 BRASILANDIA DO SUL,52
410340 CAFEARA,28
410345 CAFELANDIA,298
410347 CAFEZAL DO SUL,58
410350 CALIFORNIA,93
410360 CAMBARA,243
410370 CAMBE,1189
410380 CAMBIRA,136
410390 CAMPINA DA LAGOA,196
410395 CAMPINA DO SIMAO,81
410400 CAMPINA GRANDE DO SUL,624
410405 CAMPO BONITO,47
410410 CAMPO DO TENENTE,110
410420 CAMPO LARGO,1587
410425 CAMPO MAGRO,341
410430 CAMPO MOURAO,1163
410440 CANDIDO DE ABREU,192
410442 CANDOI,212
410445 CANTAGALO,179
410450 CAPANEMA,261
410460 CAPITAO LEONIDAS MARQUES,185
410465 CARAMBEI,358
410470 CARLOPOLIS,233
410480 CASCAVEL,4805
410490 CASTRO,1027
410500 CATANDUVAS,116
410510 CENTENARIO DO SUL,104
410520 CERRO AZUL,184
410530 CEU AZUL,152
410540 CHOPINZINHO,316
410550 CIANORTE,977
410560 CIDADE GAUCHA,136
410570 CLEVELANDIA,210
410580 COLOMBO,2866
410590 COLORADO,290
410600 CONGONHINHAS,89
410610 CONSELHEIRO MAIRINCK,38
410620 CONTENDA,236
410630 CORBELIA,199
410640 CORNELIO PROCOPIO,458
410645 CORONEL DOMINGOS SOARES,114
410650 CORONEL VIVIDA,297
410655 CORUMBATAI DO SUL,35
410657 CRUZEIRO DO IGUACU,51
410660 CRUZEIRO DO OESTE,260
410670 CRUZEIRO DO SUL,49
410680 CRUZ MACHADO,181
410685 CRUZMALTINA,31
410690 CURITIBA,17979
410700 CURIUVA,170
410710 DIAMANTE DO NORTE,49
410712 DIAMANTE DO SUL,53
410715 DIAMANTE D'OESTE,69
410720 DOIS VIZINHOS,625
410725 DOURADINA,123
410730 DOUTOR CAMARGO,76
410740 ENEAS MARQUES,79
410750 ENGENHEIRO BELTRAO,116
410752 ESPERANCA NOVA,19
410753 ENTRE RIOS DO OESTE,61
410754 ESPIGAO ALTO DO IGUACU,57
410755 FAROL,36
410760 FAXINAL,206
410765 FAZENDA RIO GRANDE,1947
410770 FENIX,44
410773 FERNANDES PINHEIRO,78
410775 FIGUEIRA,86
410780 FLORAI,46
410785 FLOR DA SERRA DO SUL,51
410790 FLORESTA,159
410800 FLORESTOPOLIS,128
410810 FLORIDA,35
410820 FORMOSA DO OESTE,74
410830 FOZ DO IGUACU,3997
410832 FRANCISCO ALVES,119
410840 FRANCISCO BELTRAO,1258
410845 FOZ DO JORDAO,63
410850 GENERAL CARNEIRO,207
410855 GODOY MOREIRA,28
410860 GOIOERE,318
410865 GOIOXIM,95
410870 GRANDES RIOS,68
410880 GUAIRA,456
410890 GUAIRACA,100
410895 GUAMIRANGA,72
410900 GUAPIRAMA,72
410910 GUAPOREMA,24
410920 GUARACI,50
410930 GUARANIACU,142
410940 GUARAPUAVA,2667
410950 GUARAQUECABA,77
410960 GUARATUBA,525
410965 HONORIO SERPA,74
410970 IBAITI,414
410975 IBEMA,85
410980 IBIPORA,629
410990 ICARAIMA,113
411000 IGUARACU,64
411005 IGUATU,23
411007 IMBAU,152
411010 IMBITUVA,424
411020 INACIO MARTINS,128
411030 INAJA,17
411040 INDIANOPOLIS,50
411050 IPIRANGA,146
411060 IPORA,172
411065 IRACEMA DO OESTE,19
411070 IRATI,770
411080 IRETAMA,139
411090 ITAGUAJE,52
411095 ITAIPULANDIA,144
411100 ITAMBARACA,58
411110 ITAMBE,62
411120 ITAPEJARA D'OESTE,164
411125 ITAPERUCU,480
411130 ITAUNA DO SUL,45
411140 IVAI,204
411150 IVAIPORA,395
411155 IVATE,72
411160 IVATUBA,30
411170 JABOTI,75
411180 JACAREZINHO,505
411190 JAGUAPITA,203
411200 JAGUARIAIVA,478
411210 JANDAIA DO SUL,242
411220 JANIOPOLIS,62
411230 JAPIRA,66
411240 JAPURA,109
411250 JARDIM ALEGRE,120
411260 JARDIM OLINDA,9
411270 JATAIZINHO,158
411275 JESUITAS,102
411280 JOAQUIM TAVORA,170
411290 JUNDIAI DO SUL,37
411295 JURANDA,90
411300 JUSSARA,84
411310 KALORE,36
411320 LAPA,535
411325 LARANJAL,75
411330 LARANJEIRAS DO SUL,482
411340 LEOPOLIS,32
411342 LIDIANOPOLIS,47
411345 LINDOESTE,71
411350 LOANDA,289
411360 LOBATO,42
411370 LONDRINA,6351
411373 LUIZIANA,60
411375 LUNARDELLI,53
411380 LUPIONOPOLIS,39
411390 MALLET,152
411400 MAMBORE,154
411410 MANDAGUACU,438
411420 MANDAGUARI,453
411430 MANDIRITUBA,328
411435 MANFRINOPOLIS,32
411440 MANGUEIRINHA,286
411450 MANOEL RIBAS,214
411460 MARECHAL CANDIDO RONDON,742
411470 MARIA HELENA,62
411480 MARIALVA,491
411490 MARILANDIA DO SUL,98
411500 MARILENA,96
411510 MARILUZ,119
411520 MARINGA,4623
411530 MARIOPOLIS,77
411535 MARIPA,97
411540 MARMELEIRO,212
411545 MARQUINHO,58
411550 MARUMBI,46
411560 MATELANDIA,246
411570 MATINHOS,527
411573 MATO RICO,56
411575 MAUA DA SERRA,132
411580 MEDIANEIRA,809
411585 MERCEDES,71
411590 MIRADOR,33
411600 MIRASELVA,23
411605 MISSAL,135
411610 MOREIRA SALES,132
411620 MORRETES,188
411630 MUNHOZ DE MELO,33
411640 NOSSA SENHORA DAS GRACAS,52
411650 NOVA ALIANCA DO IVAI,17
411660 NOVA AMERICA DA COLINA,37
411670 NOVA AURORA,137
411680 NOVA CANTU,82
411690 NOVA ESPERANCA,291
411695 NOVA ESPERANCA DO SUDOESTE,93
411700 NOVA FATIMA,80
411705 NOVA LARANJEIRAS,178
411710 NOVA LONDRINA,150
411720 NOVA OLIMPIA,64
411721 NOVA SANTA BARBARA,43
411722 NOVA SANTA ROSA,99
411725 NOVA PRATA DO IGUACU,139
411727 NOVA TEBAS,88
411729 NOVO ITACOLOMI,33
411730 ORTIGUEIRA,357
411740 OURIZONA,34
411745 OURO VERDE DO OESTE,87
411750 PAICANDU,590
411760 PALMAS,793
411770 PALMEIRA,427
411780 PALMITAL,170
411790 PALOTINA,498
411800 PARAISO DO NORTE,172
411810 PARANACITY,113
411820 PARANAGUA,1959
411830 PARANAPOEMA,30
411840 PARANAVAI,1060
411845 PATO BRAGADO,98
411850 PATO BRANCO,1331
411860 PAULA FREITAS,71
411870 PAULO FRONTIN,84
411880 PEABIRU,165
411885 PEROBAL,119
411890 PEROLA,128
411900 PEROLA D'OESTE,67
411910 PIEN,200
411915 PINHAIS,1536
411920 PINHALAO,88
411925 PINHAL DE SAO BENTO,24
411930 PINHAO,493
411940 PIRAI DO SUL,296
411950 PIRAQUARA,1385
411960 PITANGA,401
411965 PITANGUEIRAS,34
411970 PLANALTINA DO PARANA,70
411980 PLANALTO,163
411990 PONTA GROSSA,4625
411995 PONTAL DO PARANA,352
412000 PORECATU,116
412010 PORTO AMAZONAS,46
412015 PORTO BARREIRO,36
412020 PORTO RICO,61
412030 PORTO VITORIA,42
412033 PRADO FERREIRA,44
412035 PRANCHITA,58
412040 PRESIDENTE CASTELO BRANCO,49
412050 PRIMEIRO DE MAIO,105
412060 PRUDENTOPOLIS,640
412065 QUARTO CENTENARIO,37
412070 QUATIGUA,83
412080 QUATRO BARRAS,242
412085 QUATRO PONTES,40
412090 QUEDAS DO IGUACU,453
412100 QUERENCIA DO NORTE,115
412110 QUINTA DO SOL,67
412120 QUITANDINHA,212
412125 RAMILANDIA,50
412130 RANCHO ALEGRE,34
412135 RANCHO ALEGRE D'OESTE,19
412140 REALEZA,249
412150 REBOUCAS,205
412160 RENASCENCA,72
412170 RESERVA,366
412175 RESERVA DO IGUACU,95
412180 RIBEIRAO CLARO,134
412190 RIBEIRAO DO PINHAL,153
412200 RIO AZUL,208
412210 RIO BOM,31
412215 RIO BONITO DO IGUACU,193
412217 RIO BRANCO DO IVAI,47
412220 RIO BRANCO DO SUL,530
412230 RIO NEGRO,346
412240 ROLANDIA,931
412250 RONCADOR,149
412260 RONDON,116
412265 ROSARIO DO IVAI,56
412270 SABAUDIA,118
412280 SALGADO FILHO,46
412290 SALTO DO ITARARE,73
412300 SALTO DO LONTRA,158
412310 SANTA AMELIA,36
412320 SANTA CECILIA DO PAVAO,41
412330 SANTA CRUZ DE MONTE CASTELO,97
412340 SANTA FE,139
412350 SANTA HELENA,331
412360 SANTA INES,22
412370 SANTA ISABEL DO IVAI,80
412380 SANTA IZABEL DO OESTE,163
412382 SANTA LUCIA,43
412385 SANTA MARIA DO OESTE,129
412390 SANTA MARIANA,113
412395 SANTA MONICA,33
412400 SANTANA DO ITARARE,61
412402 SANTA TEREZA DO OESTE,195
412405 SANTA TEREZINHA DE ITAIPU,312
412410 SANTO ANTONIO DA PLATINA,576
412420 SANTO ANTONIO DO CAIUA,23
412430 SANTO ANTONIO DO PARAISO,13
412440 SANTO ANTONIO DO SUDOESTE,270
412450 SANTO INACIO,84
412460 SAO CARLOS DO IVAI,86
412470 SAO JERONIMO DA SERRA,162
412480 SAO JOAO,133
412490 SAO JOAO DO CAIUA,69
412500 SAO JOAO DO IVAI,130
412510 SAO JOAO DO TRIUNFO,151
412520 SAO JORGE D'OESTE,120
412530 SAO JORGE DO IVAI,43
412535 SAO JORGE DO PATROCINIO,71
412540 SAO JOSE DA BOA VISTA,82
412545 SAO JOSE DAS PALMEIRAS,50
412550 SAO JOSE DOS PINHAIS,4101
412555 SAO MANOEL DO PARANA,11
412560 SAO MATEUS DO SUL,507
412570 SAO MIGUEL DO IGUACU,409
412575 SAO PEDRO DO IGUACU,81
412580 SAO PEDRO DO IVAI,104
412590 SAO PEDRO DO PARANA,25
412600 SAO SEBASTIAO DA AMOREIRA,88
412610 SAO TOME,64
412620 SAPOPEMA,101
412625 SARANDI,1552
412627 SAUDADE DO IGUACU,74
412630 SENGES,256
412635 SERRANOPOLIS DO IGUACU,72
412640 SERTANEJA,58
412650 SERTANOPOLIS,174
412660 SIQUEIRA CAMPOS,325
412665 SULINA,32
412667 TAMARANA,171
412670 TAMBOARA,53
412680 TAPEJARA,161
412690 TAPIRA,55
412700 TEIXEIRA SOARES,127
412710 TELEMACO BORBA,1003
412720 TERRA BOA,244
412730 TERRA RICA,79
412740 TERRA ROXA,242
412750 TIBAGI,286
412760 TIJUCAS DO SUL,218
412770 TOLEDO,2043
412780 TOMAZINA,87
412785 TRES BARRAS DO PARANA,159
412788 TUNAS DO PARANA,117
412790 TUNEIRAS DO OESTE,87
412795 TUPASSI,74
412796 TURVO,207
412800 UBIRATA,335
412810 UMUARAMA,1523
412820 UNIAO DA VITORIA,683
412830 UNIFLOR,19
412840 URAI,96
412850 WENCESLAU BRAZ,265
412853 VENTANIA,126
412855 VERA CRUZ DO OESTE,104
412860 VERE,99
412862 ALTO PARAISO,48
412863 DOUTOR ULYSSES,71
412865 VIRMOND,42
412870 VITORINO,147
412880 XAMBRE,72
420005 ABDON BATISTA,30
420010 ABELARDO LUZ,259
420020 AGROLANDIA,153
420030 AGRONOMICA,75
420040 AGUA DOCE,86
420050 AGUAS DE CHAPECO,70
420055 AGUAS FRIAS,45
420060 AGUAS MORNAS,89
420070 ALFREDO WAGNER,91
420075 ALTO BELA VISTA,13
420080 ANCHIETA,61
420090 ANGELINA,45
420100 ANITA GARIBALDI,100
420110 ANITAPOLIS,50
420120 ANTONIO CARLOS,128
420125 APIUNA,140
420127 ARABUTA,42
420130 ARAQUARI,789
420140 ARARANGUA,885
420150 ARMAZEM,117
420160 ARROIO TRINTA,40
420165 ARVOREDO,27
420170 ASCURRA,103
420180 ATALANTA,51
420190 AURORA,104
420195 BALNEARIO ARROIO DO SILVA,164
420200 BALNEARIO CAMBORIU,1526
420205 BALNEARIO BARRA DO SUL,169
420207 BALNEARIO GAIVOTA,204
420208 BANDEIRANTE,42
420209 BARRA BONITA,13
420210 BARRA VELHA,583
420213 BELA VISTA DO TOLDO,52
420215 BELMONTE,33
420220 BENEDITO NOVO,119
420230 BIGUACU,1039
420240 BLUMENAU,4332
420243 BOCAINA DO SUL,55
420245 BOMBINHAS,343
420250 BOM JARDIM DA SERRA,65
420253 BOM JESUS,39
420257 BOM JESUS DO OESTE,23
420260 BOM RETIRO,120
420270 BOTUVERA,65
420280 BRACO DO NORTE,567
420285 BRACO DO TROMBUDO,53
420287 BRUNOPOLIS,28
420290 BRUSQUE,1898
420300 CACADOR,1107
420310 CAIBI,71
420315 CALMON,55
420320 CAMBORIU,1469
420325 CAPAO ALTO,34
420330 CAMPO ALEGRE,142
420340 CAMPO BELO DO SUL,94
420350 CAMPO ERE,164
420360 CAMPOS NOVOS,506
420370 CANELINHA,150
420380 CANOINHAS,743
420390 CAPINZAL,294
420395 CAPIVARI DE BAIXO,271
420400 CATANDUVAS,154
420410 CAXAMBU DO SUL,71
420415 CELSO RAMOS,42
420417 CERRO NEGRO,41
420419 CHAPADAO DO LAGEADO,43
420420 CHAPECO,3690
420425 COCAL DO SUL,171
420430 CONCORDIA,1089
420435 CORDILHEIRA ALTA,68
420440 CORONEL FREITAS,120
420445 CORONEL MARTINS,18
420450 CORUPA,180
420455 CORREIA PINTO,202
420460 CRICIUMA,2757
420470 CUNHA PORA,110
420475 CUNHATAI,18
420480 CURITIBANOS,580
420490 DESCANSO,98
420500 DIONISIO CERQUEIRA,209
420510 DONA EMMA,68
420515 DOUTOR PEDRINHO,37
420517 ENTRE RIOS,72
420519 ERMO,29
420520 ERVAL VELHO,56
420530 FAXINAL DOS GUEDES,168
420535 FLOR DO SERTAO,22
420540 FLORIANOPOLIS,5966
420543 FORMOSA DO SUL,35
420545 FORQUILHINHA,489
420550 FRAIBURGO,498
420555 FREI ROGERIO,21
420560 GALVAO,35
420570 GAROPABA,362
420580 GARUVA,225
420590 GASPAR,901
420600 GOVERNADOR CELSO RAMOS,218
420610 GRAO PARA,77
420620 GRAVATAL,159
420630 GUABIRUBA,312
420640 GUARACIABA,115
420650 GUARAMIRIM,693
420660 GUARUJA DO SUL,50
420665 GUATAMBU,141
420670 HERVAL D'OESTE,299
420675 IBIAM,28
420680 IBICARE,39
420690 IBIRAMA,243
420700 ICARA,776
420710 ILHOTA,230
420720 IMARUI,114
420730 IMBITUBA,631
420740 IMBUIA,75
420750 INDAIAL,917
420757 IOMERE,31
420760 IPIRA,40
420765 IPORA DO OESTE,119
420768 IPUACU,135
420770 IPUMIRIM,108
420775 IRACEMINHA,43
420780 IRANI,146
420785 IRATI,22
420790 IRINEOPOLIS,124
420800 ITA,89
420810 ITAIOPOLIS,276
420820 ITAJAI,3643
420830 ITAPEMA,1127
420840 ITAPIRANGA,207
420845 ITAPOA,319
420850 ITUPORANGA,408
420860 JABORA,54
420870 JACINTO MACHADO,132
420880 JAGUARUNA,287
420890 JARAGUA DO SUL,2264
420895 JARDINOPOLIS,25
420900 JOACABA,372
420910 JOINVILLE,7315
420915 JOSE BOITEUX,101
420917 JUPIA,30
420920 LACERDOPOLIS,20
420930 LAGES,2110
420940 LAGUNA,435
420945 LAJEADO GRANDE,18
420950 LAURENTINO,104
420960 LAURO MULLER,149
420970 LEBON REGIS,170
420980 LEOBERTO LEAL,34
420985 LINDOIA DO SUL,46
420990 LONTRAS,150
421000 LUIZ ALVES,205
421003 LUZERNA,68
421005 MACIEIRA,20
421010 MAFRA,718
421020 MAJOR GERCINO,30
421030 MAJOR VIEIRA,86
421040 MARACAJA,109
421050 MARAVILHA,395
421055 MAREMA,20
421060 MASSARANDUBA,208
421070 MATOS COSTA,41
421080 MELEIRO,78
421085 MIRIM DOCE,36
421090 MODELO,43
421100 MONDAI,128
421105 MONTE CARLO,136
421110 MONTE CASTELO,121
421120 MORRO DA FUMACA,247
421125 MORRO GRANDE,40
421130 NAVEGANTES,1433
421140 NOVA ERECHIM,61
421145 NOVA ITABERABA,56
421150 NOVA TRENTO,163
421160 NOVA VENEZA,167
421165 NOVO HORIZONTE,28
421170 ORLEANS,314
421175 OTACILIO COSTA,225
421180 OURO,73
421185 OURO VERDE,31
421187 PAIAL,27
421189 PAINEL,19
421190 PALHOCA,2792
421200 PALMA SOLA,104
421205 PALMEIRA,39
421210 PALMITOS,169
421220 PAPANDUVA,233
421223 PARAISO,45
421225 PASSO DE TORRES,134
421227 PASSOS MAIA,56
421230 PAULO LOPES,93
421240 PEDRAS GRANDES,34
421250 PENHA,447
421260 PERITIBA,38
421265 PESCARIA BRAVA,86
421270 PETROLANDIA,95
421280 BALNEARIO PICARRAS,389
421290 PINHALZINHO,330
421300 PINHEIRO PRETO,48
421310 PIRATUBA,82
421315 PLANALTO ALEGRE,33
421320 POMERODE,356
421330 PONTE ALTA,51
421335 PONTE ALTA DO NORTE,46
421340 PONTE SERRADA,185
421350 PORTO BELO,355
421360 PORTO UNIAO,365
421370 POUSO REDONDO,245
421380 PRAIA GRANDE,97
421390 PRESIDENTE CASTELLO BRANCO,17
421400 PRESIDENTE GETULIO,289
421410 PRESIDENTE NEREU,26
421415 PRINCESA,48
421420 QUILOMBO,139
421430 RANCHO QUEIMADO,38
421440 RIO DAS ANTAS,73
421450 RIO DO CAMPO,101
421460 RIO DO OESTE,103
421470 RIO DOS CEDROS,132
421480 RIO DO SUL,906
421490 RIO FORTUNA,73
421500 RIO NEGRINHO,533
421505 RIO RUFINO,23
421507 RIQUEZA,43
421510 RODEIO,126
421520 ROMELANDIA,41
421530 SALETE,97
421535 SALTINHO,52
421540 SALTO VELOSO,63
421545 SANGAO,206
421550 SANTA CECILIA,226
421555 SANTA HELENA,38
421560 SANTA ROSA DE LIMA,16
421565 SANTA ROSA DO SUL,114
421567 SANTA TEREZINHA,110
421568 SANTA TEREZINHA DO PROGRESSO,39
421569 SANTIAGO DO SUL,10
421570 SANTO AMARO DA IMPERATRIZ,314
421575 SAO BERNARDINO,28
421580 SAO BENTO DO SUL,1021
421590 SAO BONIFACIO,30
421600 SAO CARLOS,118
421605 SAO CRISTOVAO DO SUL,68
421610 SAO DOMINGOS,104
421620 SAO FRANCISCO DO SUL,640
421625 SAO JOAO DO OESTE,81
421630 SAO JOAO BATISTA,460
421635 SAO JOAO DO ITAPERIU,73
421640 SAO JOAO DO SUL,98
421650 SAO JOAQUIM,311
421660 SAO JOSE,3010
421670 SAO JOSE DO CEDRO,164
421680 SAO JOSE DO CERRITO,97
421690 SAO LOURENCO DO OESTE,324
421700 SAO LUDGERO,219
421710 SAO MARTINHO,54
421715 SAO MIGUEL DA BOA VISTA,10
421720 SAO MIGUEL DO OESTE,609
421725 SAO PEDRO DE ALCANTARA,43
421730 SAUDADES,119
421740 SCHROEDER,236
421750 SEARA,271
421755 SERRA ALTA,47
421760 SIDEROPOLIS,158
421770 SOMBRIO,391
421775 SUL BRASIL,26
421780 TAIO,276
421790 TANGARA,104
421795 TIGRINHOS,30
421800 TIJUCAS,757
421810 TIMBE DO SUL,61
421820 TIMBO,448
421825 TIMBO GRANDE,116
421830 TRES BARRAS,320
421835 TREVISO,37
421840 TREZE DE MAIO,109
421850 TREZE TILIAS,149
421860 TROMBUDO CENTRAL,100
421870 TUBARAO,1321
421875 TUNAPOLIS,55
421880 TURVO,157
421885 UNIAO DO OESTE,36
421890 URUBICI,148
421895 URUPEMA,27
421900 URUSSANGA,214
421910 VARGEAO,50
421915 VARGEM,24
421917 VARGEM BONITA,70
421920 VIDAL RAMOS,70
421930 VIDEIRA,875
421935 VITOR MEIRELES,77
421940 WITMARSUM,69
421950 XANXERE,682
421960 XAVANTINA,23
421970 XAXIM,414
421985 ZORTEA,67
422000 BALNEARIO RINCAO,197
430003 ACEGUA,57
430005 AGUA SANTA,37
430010 AGUDO,183
430020 AJURICABA,50
430030 ALECRIM,55
430040 ALEGRETE,754
430045 ALEGRIA,25
430047 ALMIRANTE TAMANDARE DO SUL,20
430050 ALPESTRE,61
430055 ALTO ALEGRE,9
430057 ALTO FELIZ,24
430060 ALVORADA,2131
430063 AMARAL FERRADOR,43
430064 AMETISTA DO SUL,102
430066 ANDRE DA ROCHA,16
430070 ANTA GORDA,74
430080 ANTONIO PRADO,151
430085 ARAMBARE,39
430087 ARARICA,106
430090 ARATIBA,48
430100 ARROIO DO MEIO,293
430105 ARROIO DO SAL,130
430107 ARROIO DO PADRE,28
430110 ARROIO DOS RATOS,138
430120 ARROIO DO TIGRE,144
430130 ARROIO GRANDE,192
430140 ARVOREZINHA,118
430150 AUGUSTO PESTANA,69
430155 AUREA,27
430160 BAGE,1381
430163 BALNEARIO PINHAL,128
430165 BARAO,68
430170 BARAO DE COTEGIPE,72
430175 BARAO DO TRIUNFO,42
430180 BARRACAO,53
430185 BARRA DO GUARITA,43
430187 BARRA DO QUARAI,39
430190 BARRA DO RIBEIRO,123
430192 BARRA DO RIO AZUL,13
430195 BARRA FUNDA,22
430200 BARROS CASSAL,97
430205 BENJAMIN CONSTANT DO SUL,36
430210 BENTO GONCALVES,1477
430215 BOA VISTA DAS MISSOES,32
430220 BOA VISTA DO BURICA,86
430222 BOA VISTA DO CADEADO,30
430223 BOA VISTA DO INCRA,34
430225 BOA VISTA DO SUL,23
430230 BOM JESUS,187
430235 BOM PRINCIPIO,146
430237 BOM PROGRESSO,18
430240 BOM RETIRO DO SUL,120
430245 BOQUEIRAO DO LEAO,66
430250 BOSSOROCA,57
430258 BOZANO,22
430260 BRAGA,30
430265 BROCHIER,52
430270 BUTIA,194
430280 CACAPAVA DO SUL,325
430290 CACEQUI,96
430300 CACHOEIRA DO SUL,864
430310 CACHOEIRINHA,1479
430320 CACIQUE DOBLE,45
430330 CAIBATE,48
430340 CAICARA,43
430350 CAMAQUA,671
430355 CAMARGO,42
430360 CAMBARA DO SUL,68
430367 CAMPESTRE DA SERRA,34
430370 CAMPINA DAS MISSOES,50
430380 CAMPINAS DO SUL,47
430390 CAMPO BOM,684
430400 CAMPO NOVO,53
430410 CAMPOS BORGES,35
430420 CANDELARIA,336
430430 CANDIDO GODOI,62
430435 CANDIOTA,127
430440 CANELA,666
430450 CANGUCU,507
430460 CANOAS,3975
430461 CANUDOS DO VALE,12
430462 CAPAO BONITO DO SUL,20
430463 CAPAO DA CANOA,851
430465 CAPAO DO CIPO,28
430466 CAPAO DO LEAO,297
430467 CAPIVARI DO SUL,45
430468 CAPELA DE SANTANA,121
430469 CAPITAO,26
430470 CARAZINHO,744
430471 CARAA,50
430480 CARLOS BARBOSA,359
430485 CARLOS GOMES,13
430490 CASCA,86
430495 CASEIROS,43
430500 CATUIPE,75
430510 CAXIAS DO SUL,5207
430511 CENTENARIO,17
430512 CERRITO,38
430513 CERRO BRANCO,20
430515 CERRO GRANDE,29
430517 CERRO GRANDE DO SUL,120
430520 CERRO LARGO,149
430530 CHAPADA,94
430535 CHARQUEADAS,306
430537 CHARRUA,48
430540 CHIAPETTA,50
430543 CHUI,33
430544 CHUVISCA,54
430545 CIDREIRA,165
430550 CIRIACO,42
430558 COLINAS,20
430560 COLORADO,34
430570 CONDOR,85
430580 CONSTANTINA,123
430583 COQUEIRO BAIXO,8
430585 COQUEIROS DO SUL,21
430587 CORONEL BARROS,33
430590 CORONEL BICACO,82
430593 CORONEL PILAR,12
430595 COTIPORA,39
430597 COXILHA,40
430600 CRISSIUMAL,124
430605 CRISTAL,77
430607 CRISTAL DO SUL,32
430610 CRUZ ALTA,742
430613 CRUZALTENSE,19
430620 CRUZEIRO DO SUL,99
430630 DAVID CANABARRO,37
430632 DERRUBADAS,27
430635 DEZESSEIS DE NOVEMBRO,11
430637 DILERMANDO DE AGUIAR,30
430640 DOIS IRMAOS,347
430642 DOIS IRMAOS DAS MISSOES,30
430645 DOIS LAJEADOS,32
430650 DOM FELICIANO,148
430655 DOM PEDRO DE ALCANTARA,27
430660 DOM PEDRITO,350
430670 DONA FRANCISCA,27
430673 DOUTOR MAURICIO CARDOSO,37
430675 DOUTOR RICARDO,23
430676 ELDORADO DO SUL,454
430680 ENCANTADO,247
430690 ENCRUZILHADA DO SUL,262
430692 ENGENHO VELHO,23
430693 ENTRE-IJUIS,96
430695 ENTRE RIOS DO SUL,21
430697 EREBANGO,37
430700 ERECHIM,1292
430705 ERNESTINA,35
430710 HERVAL,79
430720 ERVAL GRANDE,63
430730 ERVAL SECO,68
430740 ESMERALDA,41
430745 ESPERANCA DO SUL,35
430750 ESPUMOSO,186
430755 ESTACAO,59
430760 ESTANCIA VELHA,484
430770 ESTEIO,805
430780 ESTRELA,392
430781 ESTRELA VELHA,44
430783 EUGENIO DE CASTRO,26
430786 FAGUNDES VARELA,22
430790 FARROUPILHA,859
430800 FAXINAL DO SOTURNO,73
430805 FAXINALZINHO,26
430807 FAZENDA VILANOVA,43
430810 FELIZ,143
430820 FLORES DA CUNHA,345
430825 FLORIANO PEIXOTO,16
430830 FONTOURA XAVIER,105
430840 FORMIGUEIRO,60
430843 FORQUETINHA,20
430845 FORTALEZA DOS VALOS,42
430850 FREDERICO WESTPHALEN,432
430860 GARIBALDI,393
430865 GARRUCHOS,23
430870 GAURAMA,48
430880 GENERAL CAMARA,61
430885 GENTIL,27
430890 GETULIO VARGAS,173
430900 GIRUA,163
430905 GLORINHA,84
430910 GRAMADO,545
430912 GRAMADO DOS LOUREIROS,34
430915 GRAMADO XAVIER,41
430920 GRAVATAI,2702
430925 GUABIJU,9
430930 GUAIBA,1023
430940 GUAPORE,304
430950 GUARANI DAS MISSOES,57
430955 HARMONIA,58
430957 HERVEIRAS,33
430960 HORIZONTINA,196
430965 HULHA NEGRA,85
430970 HUMAITA,52
430975 IBARAMA,33
430980 IBIACA,41
430990 IBIRAIARAS,69
430995 IBIRAPUITA,41
431000 IBIRUBA,261
431010 IGREJINHA,448
431020 IJUI,1052
431030 ILOPOLIS,45
431033 IMBE,267
431036 IMIGRANTE,24
431040 INDEPENDENCIA,66
431041 INHACORA,27
431043 IPE,64
431046 IPIRANGA DO SUL,22
431050 IRAI,96
431053 ITAARA,63
431055 ITACURUBI,22
431057 ITAPUCA,21
431060 ITAQUI,401
431065 ITATI,27
431070 ITATIBA DO SUL,21
431075 IVORA,11
431080 IVOTI,268
431085 JABOTICABA,42
431087 JACUIZINHO,26
431090 JACUTINGA,27
431100 JAGUARAO,317
431110 JAGUARI,76
431112 JAQUIRANA,44
431113 JARI,31
431115 JOIA,109
431120 JULIO DE CASTILHOS,201
431123 LAGOA BONITA DO SUL,21
431125 LAGOAO,54
431127 LAGOA DOS TRES CANTOS,13
431130 LAGOA VERMELHA,346
431140 LAJEADO,1293
431142 LAJEADO DO BUGRE,36
431150 LAVRAS DO SUL,78
431160 LIBERATO SALZANO,63
431162 LINDOLFO COLLOR,77
431164 LINHA NOVA,17
431170 MACHADINHO,62
431171 MACAMBARA,52
431173 MAMPITUBA,26
431175 MANOEL VIANA,78
431177 MAQUINE,85
431179 MARATA,23
431180 MARAU,546
431190 MARCELINO RAMOS,36
431198 MARIANA PIMENTEL,36
431200 MARIANO MORO,11
431205 MARQUES DE SOUZA,45
431210 MATA,43
431213 MATO CASTELHANO,32
431215 MATO LEITAO,51
431217 MATO QUEIMADO,21
431220 MAXIMILIANO DE ALMEIDA,33
431225 MINAS DO LEAO,102
431230 MIRAGUAI,80
431235 MONTAURI,8
431237 MONTE ALEGRE DOS CAMPOS,39
431238 MONTE BELO DO SUL,17
431240 MONTENEGRO,815
431242 MORMACO,15
431244 MORRINHOS DO SUL,34
431245 MORRO REDONDO,37
431247 MORRO REUTER,51
431250 MOSTARDAS,134
431260 MUCUM,40
431261 MUITOS CAPOES,37
431262 MULITERNO,28
431265 NAO-ME-TOQUE,227
431267 NICOLAU VERGUEIRO,26
431270 NONOAI,189
431275 NOVA ALVORADA,36
431280 NOVA ARACA,109
431290 NOVA BASSANO,99
431295 NOVA BOA VISTA,19
431300 NOVA BRESCIA,18
431301 NOVA CANDELARIA,45
431303 NOVA ESPERANCA DO SUL,48
431306 NOVA HARTZ,242
431308 NOVA PADUA,24
431310 NOVA PALMA,61
431320 NOVA PETROPOLIS,240
431330 NOVA PRATA,311
431333 NOVA RAMADA,25
431335 NOVA ROMA DO SUL,25
431337 NOVA SANTA RITA,359
431339 NOVO CABRAIS,33
431340 NOVO HAMBURGO,2703
431342 NOVO MACHADO,28
431344 NOVO TIRADENTES,18
431346 NOVO XINGU,16
431349 NOVO BARREIRO,36
431350 OSORIO,578
431360 PAIM FILHO,30
431365 PALMARES DO SUL,124
431370 PALMEIRA DAS MISSOES,498
431380 PALMITINHO,89
431390 PANAMBI,547
431395 PANTANO GRANDE,107
431400 PARAI,88
431402 PARAISO DO SUL,51
431403 PARECI NOVO,50
431405 PAROBE,790
431406 PASSA SETE,37
431407 PASSO DO SOBRADO,60
431410 PASSO FUNDO,2674
431413 PAULO BENTO,16
431415 PAVERAMA,92
431417 PEDRAS ALTAS,24
431420 PEDRO OSORIO,90
431430 PEJUCARA,39
431440 PELOTAS,3356
431442 PICADA CAFE,51
431445 PINHAL,34
431446 PINHAL DA SERRA,29
431447 PINHAL GRANDE,34
431449 PINHEIRINHO DO VALE,63
431450 PINHEIRO MACHADO,81
431454 PINTO BANDEIRA,23
431455 PIRAPO,17
431460 PIRATINI,156
431470 PLANALTO,129
431475 POCO DAS ANTAS,23
431477 PONTAO,57
431478 PONTE PRETA,16
431480 PORTAO,312
431490 PORTO ALEGRE,13663
431500 PORTO LUCENA,31
431505 PORTO MAUA,23
431507 PORTO VERA CRUZ,21
431510 PORTO XAVIER,105
431513 POUSO NOVO,21
431514 PRESIDENTE LUCENA,33
431515 PROGRESSO,52
431517 PROTASIO ALVES,12
431520 PUTINGA,34
431530 QUARAI,228
431531 QUATRO IRMAOS,22
431532 QUEVEDOS,24
431535 QUINZE DE NOVEMBRO,55
431540 REDENTORA,195
431545 RELVADO,12
431550 RESTINGA SECA,139
431555 RIO DOS INDIOS,33
431560 RIO GRANDE,1938
431570 RIO PARDO,366
431575 RIOZINHO,40
431580 ROCA SALES,113
431590 RODEIO BONITO,99
431595 ROLADOR,17
431600 ROLANTE,272
431610 RONDA ALTA,126
431620 RONDINHA,38
431630 ROQUE GONZALES,45
431640 ROSARIO DO SUL,417
431642 SAGRADA FAMILIA,28
431643 SALDANHA MARINHO,27
431645 SALTO DO JACUI,107
431647 SALVADOR DAS MISSOES,35
431650 SALVADOR DO SUL,83
431660 SANANDUVA,175
431670 SANTA BARBARA DO SUL,93
431673 SANTA CECILIA DO SUL,15
431675 SANTA CLARA DO SUL,74
431680 SANTA CRUZ DO SUL,1468
431690 SANTA MARIA,2999
431695 SANTA MARIA DO HERVAL,48
431697 SANTA MARGARIDA DO SUL,14
431700 SANTANA DA BOA VISTA,50
431710 SANT'ANA DO LIVRAMENTO,935
431720 SANTA ROSA,1021
431725 SANTA TEREZA,3
431730 SANTA VITORIA DO PALMAR,297
431740 SANTIAGO,512
431750 SANTO ANGELO,990
431755 SANTO ANTONIO DO PALMA,20
431760 SANTO ANTONIO DA PATRULHA,445
431770 SANTO ANTONIO DAS MISSOES,85
431775 SANTO ANTONIO DO PLANALTO,16
431780 SANTO AUGUSTO,155
431790 SANTO CRISTO,157
431795 SANTO EXPEDITO DO SUL,25
431800 SAO BORJA,718
431805 SAO DOMINGOS DO SUL,19
431810 SAO FRANCISCO DE ASSIS,147
431820 SAO FRANCISCO DE PAULA,257
431830 SAO GABRIEL,711
431840 SAO JERONIMO,226
431842 SAO JOAO DA URTIGA,44
431843 SAO JOAO DO POLESINE,29
431844 SAO JORGE,25
431845 SAO JOSE DAS MISSOES,18
431846 SAO JOSE DO HERVAL,20
431848 SAO JOSE DO HORTENCIO,38
431849 SAO JOSE DO INHACORA,26
431850 SAO JOSE DO NORTE,260
431860 SAO JOSE DO OURO,67
431861 SAO JOSE DO SUL,29
431862 SAO JOSE DOS AUSENTES,70
431870 SAO LEOPOLDO,2456
431880 SAO LOURENCO DO SUL,408
431890 SAO LUIZ GONZAGA,427
431900 SAO MARCOS,190
431910 SAO MARTINHO,69
431912 SAO MARTINHO DA SERRA,23
431915 SAO MIGUEL DAS MISSOES,101
431920 SAO NICOLAU,61
431930 SAO PAULO DAS MISSOES,44
431935 SAO PEDRO DA SERRA,43
431936 SAO PEDRO DAS MISSOES,29
431937 SAO PEDRO DO BUTIA,32
431940 SAO PEDRO DO SUL,151
431950 SAO SEBASTIAO DO CAI,260
431960 SAO SEPE,210
431970 SAO VALENTIM,28
431971 SAO VALENTIM DO SUL,18
431973 SAO VALERIO DO SUL,37
431975 SAO VENDELINO,22
431980 SAO VICENTE DO SUL,88
431990 SAPIRANGA,1049
432000 SAPUCAIA DO SUL,1394
432010 SARANDI,347
432020 SEBERI,188
432023 SEDE NOVA,24
432026 SEGREDO,68
432030 SELBACH,48
432032 SENADOR SALGADO FILHO,21
432035 SENTINELA DO SUL,33
432040 SERAFINA CORREA,215
432045 SERIO,18
432050 SERTAO,64
432055 SERTAO SANTANA,50
432057 SETE DE SETEMBRO,18
432060 SEVERIANO DE ALMEIDA,34
432065 SILVEIRA MARTINS,19
432067 SINIMBU,71
432070 SOBRADINHO,155
432080 SOLEDADE,380
432085 TABAI,58
432090 TAPEJARA,371
432100 TAPERA,108
432110 TAPES,149
432120 TAQUARA,590
432130 TAQUARI,264
432132 TAQUARUCU DO SUL,33
432135 TAVARES,66
432140 TENENTE PORTELA,234
432143 TERRA DE AREIA,121
432145 TEUTONIA,438
432146 TIO HUGO,38
432147 TIRADENTES DO SUL,44
432149 TOROPI,17
432150 TORRES,499
432160 TRAMANDAI,714
432162 TRAVESSEIRO,15
432163 TRES ARROIOS,14
432166 TRES CACHOEIRAS,130
432170 TRES COROAS,231
432180 TRES DE MAIO,302
432183 TRES FORQUILHAS,28
432185 TRES PALMEIRAS,75
432190 TRES PASSOS,321
432195 TRINDADE DO SUL,93
432200 TRIUNFO,290
432210 TUCUNDUVA,35
432215 TUNAS,36
432218 TUPANCI DO SUL,7
432220 TUPANCIRETA,216
432225 TUPANDI,55
432230 TUPARENDI,81
432232 TURUCU,29
432234 UBIRETAMA,15
432235 UNIAO DA SERRA,5
432237 UNISTALDA,17
432240 URUGUAIANA,1434
432250 VACARIA,839
432252 VALE VERDE,24
432253 VALE DO SOL,91
432254 VALE REAL,70
432255 VANINI,18
432260 VENANCIO AIRES,721
432270 VERA CRUZ,275
432280 VERANOPOLIS,251
432285 VESPASIANO CORREA,25
432290 VIADUTOS,42
432300 VIAMAO,2084
432310 VICENTE DUTRA,53
432320 VICTOR GRAEFF,30
432330 VILA FLORES,44
432335 VILA LANGARO,21
432340 VILA MARIA,50
432345 VILA NOVA DO SUL,27
432350 VISTA ALEGRE,29
432360 VISTA ALEGRE DO PRATA,12
432370 VISTA GAUCHA,36
432375 VITORIA DAS MISSOES,28
432377 WESTFALIA,30
432380 XANGRI-LA,197
500020 AGUA CLARA,280
500025 ALCINOPOLIS,54
500060 AMAMBAI,671
500070 ANASTACIO,268
500080 ANAURILANDIA,78
500085 ANGELICA,162
500090 ANTONIO JOAO,159
500100 APARECIDA DO TABOADO,411
500110 AQUIDAUANA,690
500124 ARAL MOREIRA,179
500150 BANDEIRANTES,100
500190 BATAGUASSU,299
500200 BATAYPORA,122
500210 BELA VISTA,445
500215 BODOQUENA,99
500220 BONITO,373
500230 BRASILANDIA,140
500240 CAARAPO,529
500260 CAMAPUA,155
500270 CAMPO GRANDE,11918
500280 CARACOL,67
500290 CASSILANDIA,209
500295 CHAPADAO DO SUL,528
500310 CORGUINHO,41
500315 CORONEL SAPUCAIA,360
500320 CORUMBA,1746
500325 COSTA RICA,406
500330 COXIM,433
500345 DEODAPOLIS,135
500348 DOIS IRMAOS DO BURITI,168
500350 DOURADINA,65
500370 DOURADOS,3818
500375 ELDORADO,170
500380 FATIMA DO SUL,257
500390 FIGUEIRAO,37
500400 GLORIA DE DOURADOS,106
500410 GUIA LOPES DA LAGUNA,148
500430 IGUATEMI,199
500440 INOCENCIA,102
500450 ITAPORA,214
500460 ITAQUIRAI,272
500470 IVINHEMA,421
500480 JAPORA,186
500490 JARAGUARI,60
500500 JARDIM,372
500510 JATEI,52
500515 JUTI,92
500520 LADARIO,302
500525 LAGUNA CARAPA,143
500540 MARACAJU,775
500560 MIRANDA,487
500568 MUNDO NOVO,246
500570 NAVIRAI,813
500580 NIOAQUE,149
500600 NOVA ALVORADA DO SUL,314
500620 NOVA ANDRADINA,628
500625 NOVO HORIZONTE DO SUL,65
500627 PARAISO DAS AGUAS,67
500630 PARANAIBA,525
500635 PARANHOS,339
500640 PEDRO GOMES,79
500660 PONTA PORA,1698
500690 PORTO MURTINHO,184
500710 RIBAS DO RIO PARDO,386
500720 RIO BRILHANTE,536
500730 RIO NEGRO,63
500740 RIO VERDE DE MATO GROSSO,274
500750 ROCHEDO,80
500755 SANTA RITA DO PARDO,99
500769 SAO GABRIEL DO OESTE,564
500770 SETE QUEDAS,148
500780 SELVIRIA,108
500790 SIDROLANDIA,702
500793 SONORA,243
500795 TACURU,205
500797 TAQUARUSSU,36
500800 TERENOS,208
500830 TRES LAGOAS,1898
500840 VICENTINA,73
510010 ACORIZAL,60
510020 AGUA BOA,508
510025 ALTA FLORESTA,996
510030 ALTO ARAGUAIA,189
510035 ALTO BOA VISTA,110
510040 ALTO GARCAS,177
510050 ALTO PARAGUAI,84
510060 ALTO TAQUARI,156
510080 APIACAS,149
510100 ARAGUAIANA,28
510120 ARAGUAINHA,13
510125 ARAPUTANGA,232
510130 ARENAPOLIS,163
510140 ARIPUANA,417
510160 BARAO DE MELGACO,55
510170 BARRA DO BUGRES,447
510180 BARRA DO GARCAS,1095
510185 BOM JESUS DO ARAGUAIA,85
510190 BRASNORTE,317
510250 CACERES,1368
510260 CAMPINAPOLIS,483
510263 CAMPO NOVO DO PARECIS,947
510267 CAMPO VERDE,740
510268 CAMPOS DE JULIO,147
510269 CANABRAVA DO NORTE,63
510270 CANARANA,485
510279 CARLINDA,136
510285 CASTANHEIRA,105
510300 CHAPADA DOS GUIMARAES,230
510305 CLAUDIA,164
510310 COCALINHO,70
510320 COLIDER,498
510325 COLNIZA,407
510330 COMODORO,298
510335 CONFRESA,729
510336 CONQUISTA D'OESTE,56
510337 COTRIGUACU,180
510340 CUIABA,9325
510343 CURVELANDIA,59
510345 DENISE,95
510350 DIAMANTINO,379
510360 DOM AQUINO,83
510370 FELIZ NATAL,215
510380 FIGUEIROPOLIS D'OESTE,30
510385 GAUCHA DO NORTE,153
510390 GENERAL CARNEIRO,113
510395 GLORIA D'OESTE,35
510410 GUARANTA DO NORTE,559
510420 GUIRATINGA,115
510450 INDIAVAI,28
510452 IPIRANGA DO NORTE,149
510454 ITANHANGA,102
510455 ITAUBA,85
510460 ITIQUIRA,140
510480 JACIARA,368
510490 JANGADA,97
510500 JAURU,106
510510 JUARA,664
510515 JUINA,683
510517 JURUENA,162
510520 JUSCIMEIRA,103
510523 LAMBARI D'OESTE,76
510525 LUCAS DO RIO VERDE,1566
510530 LUCIARA,35
510550 VILA BELA DA SANTISSIMA TRINDADE,283
510558 MARCELANDIA,223
510560 MATUPA,461
510562 MIRASSOL D'OESTE,415
510590 NOBRES,243
510600 NORTELANDIA,77
510610 NOSSA SENHORA DO LIVRAMENTO,122
510615 NOVA BANDEIRANTES,211
510617 NOVA NAZARE,122
510618 NOVA LACERDA,104
510619 NOVA SANTA HELENA,68
510620 NOVA BRASILANDIA,45
510621 NOVA CANAA DO NORTE,164
510622 NOVA MUTUM,1026
510623 NOVA OLIMPIA,283
510624 NOVA UBIRATA,227
510625 NOVA XAVANTINA,322
510626 NOVO MUNDO,110
510627 NOVO HORIZONTE DO NORTE,44
510628 NOVO SAO JOAQUIM,108
510629 PARANAITA,168
510630 PARANATINGA,450
510631 NOVO SANTO ANTONIO,32
510637 PEDRA PRETA,235
510642 PEIXOTO DE AZEVEDO,636
510645 PLANALTO DA SERRA,47
510650 POCONE,509
510665 PONTAL DO ARAGUAIA,70
510670 PONTE BRANCA,13
510675 PONTES E LACERDA,945
510677 PORTO ALEGRE DO NORTE,179
510680 PORTO DOS GAUCHOS,110
510682 PORTO ESPERIDIAO,168
510685 PORTO ESTRELA,25
510700 POXOREO,256
510704 PRIMAVERA DO LESTE,1581
510706 QUERENCIA,556
510710 SAO JOSE DOS QUATRO MARCOS,179
510715 RESERVA DO CABACAL,32
510718 RIBEIRAO CASCALHEIRA,149
510719 RIBEIRAOZINHO,22
510720 RIO BRANCO,56
510724 SANTA CARMEM,103
510726 SANTO AFONSO,44
510729 SAO JOSE DO POVO,13
510730 SAO JOSE DO RIO CLARO,207
510735 SAO JOSE DO XINGU,148
510740 SAO PEDRO DA CIPA,47
510757 RONDOLANDIA,43
510760 RONDONOPOLIS,3964
510770 ROSARIO OESTE,188
510774 SANTA CRUZ DO XINGU,41
510775 SALTO DO CEU,40
510776 SANTA RITA DO TRIVELATO,58
510777 SANTA TEREZINHA,104
510779 SANTO ANTONIO DO LESTE,76
510780 SANTO ANTONIO DO LEVERGER,256
510785 SAO FELIX DO ARAGUAIA,134
510787 SAPEZAL,597
510788 SERRA NOVA DOURADA,22
510790 SINOP,3668
510792 SORRISO,2193
510794 TABAPORA,185
510795 TANGARA DA SERRA,1513
510800 TAPURAH,221
510805 TERRA NOVA DO NORTE,174
510810 TESOURO,23
510820 TORIXOREU,27
510830 UNIAO DO SUL,73
510835 VALE DE SAO DOMINGOS,34
510840 VARZEA GRANDE,4547
510850 VERA,176
510860 VILA RICA,304
510880 NOVA GUARITA,74
510885 NOVA MARILANDIA,59
510890 NOVA MARINGA,85
510895 NOVA MONTE VERDE,124
 MUNICIPIO IGNORADO - GO,2
520005 ABADIA DE GOIAS,287
520010 ABADIANIA,186
520013 ACREUNA,266
520015 ADELANDIA,31
520017 AGUA FRIA DE GOIAS,56
520020 AGUA LIMPA,25
520025 AGUAS LINDAS DE GOIAS,3114
520030 ALEXANIA,397
520050 ALOANDIA,24
520055 ALTO HORIZONTE,129
520060 ALTO PARAISO DE GOIAS,134
520080 ALVORADA DO NORTE,126
520082 AMARALINA,29
520085 AMERICANO DO BRASIL,78
520090 AMORINOPOLIS,35
520110 ANAPOLIS,5826
520120 ANHANGUERA,7
520130 ANICUNS,195
520140 APARECIDA DE GOIANIA,7095
520145 APARECIDA DO RIO DOCE,33
520150 APORE,63
520160 ARACU,36
520170 ARAGARCAS,191
520180 ARAGOIANIA,103
520215 ARAGUAPAZ,48
520235 ARENOPOLIS,38
520250 ARUANA,141
520260 AURILANDIA,38
520280 AVELINOPOLIS,25
520310 BALIZA,25
520320 BARRO ALTO,161
520330 BELA VISTA DE GOIAS,420
520340 BOM JARDIM DE GOIAS,99
520350 BOM JESUS DE GOIAS,290
520355 BONFINOPOLIS,126
520357 BONOPOLIS,50
520360 BRAZABRANTES,40
520380 BRITANIA,79
520390 BURITI ALEGRE,97
520393 BURITI DE GOIAS,22
520396 BURITINOPOLIS,41
520400 CABECEIRAS,88
520410 CACHOEIRA ALTA,105
520420 CACHOEIRA DE GOIAS,13
520425 CACHOEIRA DOURADA,52
520430 CACU,160
520440 CAIAPONIA,184
520450 CALDAS NOVAS,1285
520455 CALDAZINHA,34
520460 CAMPESTRE DE GOIAS,47
520465 CAMPINACU,47
520470 CAMPINORTE,158
520480 CAMPO ALEGRE DE GOIAS,93
520485 CAMPO LIMPO DE GOIAS,121
520490 CAMPOS BELOS,295
520495 CAMPOS VERDES,40
520500 CARMO DO RIO VERDE,91
520505 CASTELANDIA,23
520510 CATALAO,1388
520520 CATURAI,47
520530 CAVALCANTE,143
520540 CERES,253
520545 CEZARINA,78
520547 CHAPADAO DO CEU,257
520549 CIDADE OCIDENTAL,1217
520551 COCALZINHO DE GOIAS,246
520552 COLINAS DO SUL,51
520570 CORREGO DO OURO,24
520580 CORUMBA DE GOIAS,98
520590 CORUMBAIBA,98
520620 CRISTALINA,928
520630 CRISTIANOPOLIS,44
520640 CRIXAS,220
520650 CROMINIA,33
520660 CUMARI,33
520670 DAMIANOPOLIS,54
520680 DAMOLANDIA,33
520690 DAVINOPOLIS,19
520710 DIORAMA,24
520725 DOVERLANDIA,73
520735 EDEALINA,31
520740 EDEIA,143
520750 ESTRELA DO NORTE,37
520753 FAINA,52
520760 FAZENDA NOVA,46
520780 FIRMINOPOLIS,111
520790 FLORES DE GOIAS,99
520800 FORMOSA,1769
520810 FORMOSO,56
520815 GAMELEIRA DE GOIAS,38
520830 DIVINOPOLIS DE GOIAS,79
520840 GOIANAPOLIS,188
520850 GOIANDIRA,48
520860 GOIANESIA,1037
520870 GOIANIA,18750
520880 GOIANIRA,882
520890 GOIAS,248
520910 GOIATUBA,427
520915 GOUVELANDIA,45
520920 GUAPO,222
520929 GUARAITA,18
520940 GUARANI DE GOIAS,43
520945 GUARINOS,16
520960 HEITORAI,34
520970 HIDROLANDIA,365
520980 HIDROLINA,44
520990 IACIARA,193
520993 INACIOLANDIA,49
520995 INDIARA,192
521000 INHUMAS,617
521010 IPAMERI,315
521015 IPIRANGA DE GOIAS,36
521020 IPORA,420
521030 ISRAELANDIA,23
521040 ITABERAI,693
521056 ITAGUARI,47
521060 ITAGUARU,48
521080 ITAJA,48
521090 ITAPACI,255
521100 ITAPIRAPUA,75
521120 ITAPURANGA,300
521130 ITARUMA,61
521140 ITAUCU,83
521150 ITUMBIARA,1253
521160 IVOLANDIA,23
521170 JANDAIA,48
521180 JARAGUA,629
521190 JATAI,1370
521200 JAUPACI,35
521205 JESUPOLIS,22
521210 JOVIANIA,87
521220 JUSSARA,223
521225 LAGOA SANTA,13
521230 LEOPOLDO DE BULHOES,92
521250 LUZIANIA,3037
521260 MAIRIPOTABA,19
521270 MAMBAI,138
521280 MARA ROSA,124
521290 MARZAGAO,34
521295 MATRINCHA,38
521300 MAURILANDIA,136
521305 MIMOSO DE GOIAS,24
521308 MINACU,374
521310 MINEIROS,1071
521340 MOIPORA,10
521350 MONTE ALEGRE DE GOIAS,116
521370 MONTES CLAROS DE GOIAS,102
521375 MONTIVIDIU,165
521377 MONTIVIDIU DO NORTE,52
521380 MORRINHOS,637
521385 MORRO AGUDO DE GOIAS,38
521390 MOSSAMEDES,41
521400 MOZARLANDIA,197
521405 MUNDO NOVO,79
521410 MUTUNOPOLIS,51
521440 NAZARIO,77
521450 NEROPOLIS,489
521460 NIQUELANDIA,377
521470 NOVA AMERICA,28
521480 NOVA AURORA,26
521483 NOVA CRIXAS,186
521486 NOVA GLORIA,73
521487 NOVA IGUACU DE GOIAS,39
521490 NOVA ROMA,34
521500 NOVA VENEZA,111
521520 NOVO BRASIL,40
521523 NOVO GAMA,1295
521525 NOVO PLANALTO,43
521530 ORIZONA,187
521540 OURO VERDE DE GOIAS,38
521550 OUVIDOR,93
521560 PADRE BERNARDO,386
521565 PALESTINA DE GOIAS,37
521570 PALMEIRAS DE GOIAS,474
521580 PALMELO,25
521590 PALMINOPOLIS,37
521600 PANAMA,23
521630 PARANAIGUARA,87
521640 PARAUNA,128
521645 PEROLANDIA,32
521680 PETROLINA DE GOIAS,93
521690 PILAR DE GOIAS,24
521710 PIRACANJUBA,206
521720 PIRANHAS,136
521730 PIRENOPOLIS,305
521740 PIRES DO RIO,424
521760 PLANALTINA,1372
521770 PONTALINA,221
521800 PORANGATU,557
521805 PORTEIRAO,47
521810 PORTELANDIA,51
521830 POSSE,552
521839 PROFESSOR JAMIL,31
521850 QUIRINOPOLIS,624
521860 RIALMA,162
521870 RIANAPOLIS,40
521878 RIO QUENTE,53
521880 RIO VERDE,3303
521890 RUBIATABA,214
521900 SANCLERLANDIA,70
521910 SANTA BARBARA DE GOIAS,72
521920 SANTA CRUZ DE GOIAS,16
521925 SANTA FE DE GOIAS,73
521930 SANTA HELENA DE GOIAS,465
521935 SANTA ISABEL,35
521940 SANTA RITA DO ARAGUAIA,87
521945 SANTA RITA DO NOVO DESTINO,17
521950 SANTA ROSA DE GOIAS,31
521960 SANTA TEREZA DE GOIAS,38
521970 SANTA TEREZINHA DE GOIAS,110
521971 SANTO ANTONIO DA BARRA,48
521973 SANTO ANTONIO DE GOIAS,91
521975 SANTO ANTONIO DO DESCOBERTO,844
521980 SAO DOMINGOS,113
521990 SAO FRANCISCO DE GOIAS,68
522000 SAO JOAO D'ALIANCA,173
522005 SAO JOAO DA PARAUNA,12
522010 SAO LUIS DE MONTES BELOS,456
522015 SAO LUIZ DO NORTE,73
522020 SAO MIGUEL DO ARAGUAIA,284
522026 SAO MIGUEL DO PASSA QUATRO,35
522028 SAO PATRICIO,34
522040 SAO SIMAO,199
522045 SENADOR CANEDO,2274
522050 SERRANOPOLIS,85
522060 SILVANIA,263
522068 SIMOLANDIA,66
522070 SITIO D'ABADIA,31
522100 TAQUARAL DE GOIAS,47
522108 TERESINA DE GOIAS,37
522119 TEREZOPOLIS DE GOIAS,83
522130 TRES RANCHOS,22
522140 TRINDADE,1922
522145 TROMBAS,22
522150 TURVANIA,49
522155 TURVELANDIA,65
522157 UIRAPURU,25
522160 URUACU,611
522170 URUANA,139
522180 URUTAI,19
522185 VALPARAISO DE GOIAS,2408
522190 VARJAO,33
522200 VIANOPOLIS,191
522205 VICENTINOPOLIS,137
522220 VILA BOA,53
522230 VILA PROPICIO,50
530010 BRASILIA,35551
Total,2537576
Fonte: MS/SVSA/CGIAE - Sistema de Informações sobre Nascidos Vivos - SINASC,
Notas:,
,
Dados finais disponíveis até 2024 e atualizados em 02/12/2025.,
"Em 2011, houve uma mudança no conteúdo da Declaração de Nascidos Vivos, com maior detalhamento das informações coletadas. Para este ano, foram",
"utilizados simultaneamente os dois formulários. Para mais detalhes sobre as mudanças ocorridas e os seus efeitos, veja o documento",
Consolidação do Sistema de Informações sobre Nascidos Vivos - 2011.,
,
"* A categorização da ""Adequação quantitativa de pré-natal"" mostrada na variável ""Adeq quant pré-natal"" considera o início do",
"pré-natal no primeiro trimestre e um mínimo de seis consultas de pré-natal , sendo gravada em campo chamado Kotelchuck no",
"arquivo disponível para download, calculado a partir dos campos 33  Número de consultas pré-natal (Mesprenat) e 34  Mês de gestação em que iniciou o pré-natal (Consprenat).",
"Maiores informações no documento ""Saúde Brasil 2017: uma análise da situação de saúde e os desafios para o alcance dos Objetivos de Desenvolvi",