Município,Quantidade_SUS,Quantidade_Não_SUS,Leitos_Totais,Codigo,Municipio,Codigo ,Total,Taxa_Leitos_por_1000
110001 ALTA FLORESTA D'OESTE,43,6,49.0,110001,Alta Floresta D'Oeste,  1 100 015 ,21494.0,2.2797059644551965
110002 ARIQUEMES,138,105,243.0,110002,Ariquemes,  1 100 023 ,96833.0,2.5094750756456996
110003 CABIXI,8,0,8.0,110003,Cabixi,  1 100 031 ,5351.0,1.4950476546439917
110004 CACOAL,321,80,401.0,110004,Cacoal,  1 100 049 ,86887.0,4.6151898442805015
110005 CEREJEIRAS,40,0,40.0,110005,Cerejeiras,  1 100 056 ,15890.0,2.5173064820641913
110006 COLORADO DO OESTE,50,0,50.0,110006,Colorado do Oeste,  1 100 064 ,15663.0,3.1922364808785035
110007 CORUMBIARA,10,0,10.0,110007,Corumbiara,  1 100 072 ,7519.0,1.3299640909695438
110008 COSTA MARQUES,45,0,45.0,110008,Costa Marques,  1 100 080 ,12627.0,3.5637918745545263
110009 ESPIGAO D'OESTE,36,18,54.0,110009,Espigão D'Oeste,  1 100 098 ,29414.0,1.83586047460393
110010 GUAJARA-MIRIM,105,9,114.0,110010,Guajará-Mirim,  1 100 106 ,39387.0,2.894356005788712
110011 JARU,100,15,115.0,110011,Jaru,  1 100 114 ,50591.0,2.27313158466921
110012 JI-PARANA,186,121,307.0,110012,Ji-Paraná,  1 100 122 ,124333.0,2.469175520577803
110013 MACHADINHO D'OESTE,48,0,48.0,110013,Machadinho D'Oeste,  1 100 130 ,30707.0,1.5631614941218615
110014 NOVA BRASILANDIA D'OESTE,44,0,44.0,110014,Nova Brasilândia D'Oeste,  1 100 148 ,15679.0,2.8063014222845846
110015 OURO PRETO DO OESTE,51,77,128.0,110015,Ouro Preto do Oeste,  1 100 155 ,35044.0,3.6525510786439908
110018 PIMENTA BUENO,48,12,60.0,110018,Pimenta Bueno,  1 100 189 ,35079.0,1.7104250406225947
110020 PORTO VELHO,1397,502,1899.0,110020,Porto Velho,  1 100 205 ,460434.0,4.124369616492266
110025 PRESIDENTE MEDICI,48,0,48.0,110025,Presidente Médici,  1 100 254 ,19327.0,2.483572204687743
110026 RIO CRESPO,8,0,8.0,110026,Rio Crespo,  1 100 262 ,3471.0,2.3048112935753386
110028 ROLIM DE MOURA,68,16,84.0,110028,Rolim de Moura,  1 100 288 ,56406.0,1.4892032762472078
110029 SANTA LUZIA D'OESTE,25,0,25.0,110029,Santa Luzia D'Oeste,  1 100 296 ,7419.0,3.369726378218089
110030 VILHENA,195,21,216.0,110030,Vilhena,  1 100 304 ,95832.0,2.2539444027047333
110032 SAO MIGUEL DO GUAPORE,43,0,43.0,110032,São Miguel do Guaporé,  1 100 320 ,21635.0,1.9875202218627226
110033 NOVA MAMORE,35,0,35.0,110033,Nova Mamoré,  1 100 338 ,25444.0,1.3755698789498507
110034 ALVORADA D'OESTE,35,0,35.0,110034,Alvorada D'Oeste,  1 100 346 ,13117.0,2.668293054814363
110037 ALTO ALEGRE DOS PARECIS,24,0,24.0,110037,Alto Alegre dos Parecis,  1 100 379 ,11479.0,2.090774457705375
110040 ALTO PARAISO,16,0,16.0,110040,Alto Paraíso,  1 100 403 ,16320.0,0.9803921568627451
110045 BURITIS,32,34,66.0,110045,Buritis,  1 100 452 ,27992.0,2.3578165190054303
110050 NOVO HORIZONTE DO OESTE,23,0,23.0,110050,Novo Horizonte do Oeste,  1 100 502 ,7667.0,2.9998695708882224
110060 CACAULANDIA,13,0,13.0,110060,Cacaulândia,  1 100 601 ,4150.0,3.1325301204819276
110070 CAMPO NOVO DE RONDONIA,19,0,19.0,110070,Campo Novo de Rondônia,  1 100 700 ,8844.0,2.1483491632745366
110080 CANDEIAS DO JAMARI,15,0,15.0,110080,Candeias do Jamari,  1 100 809 ,22310.0,0.6723442402510085
110090 CASTANHEIRAS,7,0,7.0,110090,Castanheiras,  1 100 908 ,3233.0,2.1651716671821837
110092 CHUPINGUAIA,11,0,11.0,110092,Chupinguaia,  1 100 924 ,9324.0,1.1797511797511797
110094 CUJUBIM,26,0,26.0,110094,Cujubim,  1 100 940 ,14863.0,1.749310368027989
110100 GOVERNADOR JORGE TEIXEIRA,21,1,22.0,110100,Governador Jorge Teixeira,  1 101 005 ,8001.0,2.7496562929633797
110110 ITAPUA DO OESTE,20,0,20.0,110110,Itapuã do Oeste,  1 101 104 ,8548.0,2.339728591483388
110120 MINISTRO ANDREAZZA,16,0,16.0,110120,Ministro Andreazza,  1 101 203 ,6466.0,2.4744819053510674
110130 MIRANTE DA SERRA,25,8,33.0,110130,Mirante da Serra,  1 101 302 ,9235.0,3.573362208987547
110140 MONTE NEGRO,24,0,24.0,110140,Monte Negro,  1 101 401 ,11548.0,2.0782819535850363
110143 NOVA UNIAO,16,0,16.0,110143,Nova União,  1 101 435 ,6200.0,2.5806451612903225
110145 PARECIS,8,0,8.0,110145,Parecis,  1 101 450 ,4125.0,1.9393939393939394
110146 PIMENTEIRAS DO OESTE,6,0,6.0,110146,Pimenteiras do Oeste,  1 101 468 ,2156.0,2.782931354359926
110148 SAO FELIPE D'OESTE,12,0,12.0,110148,São Felipe D'Oeste,  1 101 484 ,5258.0,2.282236591860023
110149 SAO FRANCISCO DO GUAPORE,31,0,31.0,110149,São Francisco do Guaporé,  1 101 492 ,16286.0,1.903475377624954
110150 SERINGUEIRAS,36,0,36.0,110150,Seringueiras,  1 101 500 ,11171.0,3.222630024169725
110155 TEIXEIROPOLIS,12,0,12.0,110155,Teixeirópolis,  1 101 559 ,4256.0,2.819548872180451
110160 THEOBROMA,13,0,13.0,110160,Theobroma,  1 101 609 ,8113.0,1.6023665721681253
110170 URUPA,25,0,25.0,110170,Urupá,  1 101 708 ,10725.0,2.331002331002331
110175 VALE DO ANARI,12,0,12.0,110175,Vale do Anari,  1 101 757 ,7788.0,1.5408320493066257
110180 VALE DO PARAISO,16,0,16.0,110180,Vale do Paraíso,  1 101 807 ,6479.0,2.4695169007562896
120001 ACRELANDIA,7,0,7.0,120001,Acrelândia,  1 200 013 ,14021.0,0.4992511233150275
120005 ASSIS BRASIL,12,0,12.0,120005,Assis Brasil,  1 200 054 ,8100.0,1.4814814814814814
120010 BRASILEIA,41,0,41.0,120010,Brasiléia,  1 200 104 ,26000.0,1.5769230769230769
120020 CRUZEIRO DO SUL,184,14,198.0,120020,Cruzeiro do Sul,  1 200 203 ,91888.0,2.1547971443496428
120030 FEIJO,42,0,42.0,120030,Feijó,  1 200 302 ,35426.0,1.1855699203974481
120032 JORDAO,10,0,10.0,120032,Jordão,  1 200 328 ,9222.0,1.0843634786380394
120033 MANCIO LIMA,32,0,32.0,120033,Mâncio Lima,  1 200 336 ,19294.0,1.6585466984554784
120034 MANOEL URBANO,23,0,23.0,120034,Manoel Urbano,  1 200 344 ,11996.0,1.9173057685895298
120035 MARECHAL THAUMATURGO,13,0,13.0,120035,Marechal Thaumaturgo,  1 200 351 ,17093.0,0.7605452524425202
120038 PLACIDO DE CASTRO,44,0,44.0,120038,Plácido de Castro,  1 200 385 ,16560.0,2.6570048309178746
120039 PORTO WALTER,14,0,14.0,120039,Porto Walter,  1 200 393 ,10735.0,1.3041453190498369
120040 RIO BRANCO,861,131,992.0,120040,Rio Branco,  1 200 401 ,364756.0,2.7196262707124763
120042 RODRIGUES ALVES,16,0,16.0,120042,Rodrigues Alves,  1 200 427 ,14938.0,1.0710938545990092
120043 SANTA ROSA DO PURUS,16,0,16.0,120043,Santa Rosa do Purus,  1 200 435 ,6723.0,2.3798899300907332
120045 SENADOR GUIOMARD,29,0,29.0,120045,Senador Guiomard,  1 200 450 ,21454.0,1.3517292812529131
120050 SENA MADUREIRA,30,0,30.0,120050,Sena Madureira,  1 200 500 ,41343.0,0.7256367462448298
120060 TARAUACA,42,0,42.0,120060,Tarauacá,  1 200 609 ,43467.0,0.9662502588170336
120070 XAPURI,34,0,34.0,120070,Xapuri,  1 200 708 ,18243.0,1.8637285534177492
130002 ALVARAES,38,0,38.0,130002,Alvarães,  1 300 029 ,15866.0,2.395058615908231
130006 AMATURA,26,0,26.0,130006,Amaturá,  1 300 060 ,10819.0,2.4031795914594696
130008 ANAMA,20,0,20.0,130008,Anamã,  1 300 086 ,9962.0,2.007628990162618
130010 ANORI,23,0,23.0,130010,Anori,  1 300 102 ,17194.0,1.3376759334651624
130014 APUI,36,0,36.0,130014,Apuí,  1 300 144 ,20647.0,1.743594711096043
130020 ATALAIA DO NORTE,16,0,16.0,130020,Atalaia do Norte,  1 300 201 ,15314.0,1.0447956118584303
130030 AUTAZES,41,0,41.0,130030,Autazes,  1 300 300 ,41564.0,0.9864305649119431
130040 BARCELOS,30,0,30.0,130040,Barcelos,  1 300 409 ,18834.0,1.592863969417012
130050 BARREIRINHA,30,0,30.0,130050,Barreirinha,  1 300 508 ,31051.0,0.9661524588580077
130060 BENJAMIN CONSTANT,48,0,48.0,130060,Benjamin Constant,  1 300 607 ,37648.0,1.2749681257968553
130063 BERURI,22,0,22.0,130063,Beruri,  1 300 631 ,20718.0,1.0618785597065352
130068 BOA VISTA DO RAMOS,22,0,22.0,130068,Boa Vista do Ramos,  1 300 680 ,23785.0,0.9249527012823208
130070 BOCA DO ACRE,60,0,60.0,130070,Boca do Acre,  1 300 706 ,35447.0,1.692667926763901
130080 BORBA,38,0,38.0,130080,Borba,  1 300 805 ,33080.0,1.1487303506650544
130083 CAAPIRANGA,20,0,20.0,130083,Caapiranga,  1 300 839 ,13469.0,1.4848912317172769
130090 CANUTAMA,24,0,24.0,130090,Canutama,  1 300 904 ,16869.0,1.4227280810955005
130100 CARAUARI,45,0,45.0,130100,Carauari,  1 301 001 ,28742.0,1.5656530512838354
130110 CAREIRO,20,0,20.0,130110,Careiro,  1 301 100 ,30792.0,0.6495193556767992
130115 CAREIRO DA VARZEA,19,0,19.0,130115,Careiro da Várzea,  1 301 159 ,19637.0,0.9675612364414116
130120 COARI,101,4,105.0,130120,Coari,  1 301 209 ,70616.0,1.486915146708961
130130 CODAJAS,47,0,47.0,130130,Codajás,  1 301 308 ,23549.0,1.9958384644783218
130140 EIRUNEPE,76,0,76.0,130140,Eirunepé,  1 301 407 ,33170.0,2.291227012360567
130150 ENVIRA,24,0,24.0,130150,Envira,  1 301 506 ,17186.0,1.3964855114628185
130160 FONTE BOA,58,0,58.0,130160,Fonte Boa,  1 301 605 ,25871.0,2.2418924664682467
130165 GUAJARA,20,0,20.0,130165,Guajará,  1 301 654 ,13815.0,1.4477017734346724
130170 HUMAITA,39,1,40.0,130170,Humaitá,  1 301 704 ,57473.0,0.6959789814347607
130180 IPIXUNA,26,0,26.0,130180,Ipixuna,  1 301 803 ,24311.0,1.0694747233762494
130185 IRANDUBA,40,0,40.0,130185,Iranduba,  1 301 852 ,61163.0,0.6539901574481304
130190 ITACOATIARA,110,0,110.0,130190,Itacoatiara,  1 301 902 ,103598.0,1.0617965597791463
130195 ITAMARATI,25,0,25.0,130195,Itamarati,  1 301 951 ,10937.0,2.285818780287099
130200 ITAPIRANGA,29,0,29.0,130200,Itapiranga,  1 302 009 ,10162.0,2.853768943121433
130210 JAPURA,20,0,20.0,130210,Japurá,  1 302 108 ,8858.0,2.2578460149017836
130220 JURUA,20,0,20.0,130220,Juruá,  1 302 207 ,10742.0,1.861850679575498
130230 JUTAI,18,0,18.0,130230,Jutaí,  1 302 306 ,25172.0,0.715080247894486
130240 LABREA,56,0,56.0,130240,Lábrea,  1 302 405 ,45448.0,1.2321774335504314
130250 MANACAPURU,72,0,72.0,130250,Manacapuru,  1 302 504 ,101883.0,0.706692971349489
130255 MANAQUIRI,30,0,30.0,130255,Manaquiri,  1 302 553 ,17107.0,1.753668089086339
130260 MANAUS,2826,778,3604.0,130260,Manaus,  1 302 603 ,2063689.0,1.7463871736487426
130270 MANICORE,49,0,49.0,130270,Manicoré,  1 302 702 ,53914.0,0.9088548428979486
130280 MARAA,19,0,19.0,130280,Maraã,  1 302 801 ,15529.0,1.2235172902311804
130290 MAUES,95,0,95.0,130290,Maués,  1 302 900 ,61204.0,1.5521861316253838
130300 NHAMUNDA,24,0,24.0,130300,Nhamundá,  1 303 007 ,20136.0,1.1918951132300357
130310 NOVA OLINDA DO NORTE,41,0,41.0,130310,Nova Olinda do Norte,  1 303 106 ,27062.0,1.5150395388367452
130320 NOVO AIRAO,26,0,26.0,130320,Novo Airão,  1 303 205 ,15761.0,1.6496415202081087
130330 NOVO ARIPUANA,32,2,34.0,130330,Novo Aripuanã,  1 303 304 ,23818.0,1.4274918129146024
130340 PARINTINS,166,10,176.0,130340,Parintins,  1 303 403 ,96372.0,1.8262565890507616
130350 PAUINI,26,0,26.0,130350,Pauini,  1 303 502 ,19373.0,1.3420740205440562
130353 PRESIDENTE FIGUEIREDO,29,0,29.0,130353,Presidente Figueiredo,  1 303 536 ,30668.0,0.9456110603886787
130356 RIO PRETO DA EVA,23,0,23.0,130356,Rio Preto da Eva,  1 303 569 ,24936.0,0.9223612447866538
130360 SANTA ISABEL DO RIO NEGRO,20,1,21.0,130360,Santa Isabel do Rio Negro,  1 303 601 ,14164.0,1.4826320248517368
130370 SANTO ANTONIO DO ICA,25,28,53.0,130370,Santo Antônio do Içá,  1 303 700 ,28211.0,1.878699797951154
130380 SAO GABRIEL DA CACHOEIRA,88,0,88.0,130380,São Gabriel da Cachoeira,  1 303 809 ,51795.0,1.6990056955304564
130390 SAO PAULO DE OLIVENCA,46,0,46.0,130390,São Paulo de Olivença,  1 303 908 ,32967.0,1.395334728668062
130395 SAO SEBASTIAO DO UATUMA,20,0,20.0,130395,São Sebastião do Uatumã,  1 303 957 ,11670.0,1.7137960582690661
130400 SILVES,27,0,27.0,130400,Silves,  1 304 005 ,11559.0,2.3358422008824293
130406 TABATINGA,63,0,63.0,130406,Tabatinga,  1 304 062 ,66764.0,0.9436223114253189
130410 TAPAUA,30,0,30.0,130410,Tapauá,  1 304 104 ,19599.0,1.530690341343946
130420 TEFE,93,12,105.0,130420,Tefé,  1 304 203 ,73669.0,1.4252942214499993
130423 TONANTINS,33,0,33.0,130423,Tonantins,  1 304 237 ,19247.0,1.714552917337767
130426 UARINI,20,0,20.0,130426,Uarini,  1 304 260 ,14431.0,1.385905342665096
130430 URUCARA,40,0,40.0,130430,Urucará,  1 304 302 ,18631.0,2.1469593687939454
130440 URUCURITUBA,32,0,32.0,130440,Urucurituba,  1 304 401 ,23945.0,1.336395907287534
140005 ALTO ALEGRE,22,4,26.0,140005,Alto Alegre,  1 400 050 ,21096.0,1.2324611300720516
140010 BOA VISTA,1022,79,1101.0,140010,Boa Vista,  1 400 100 ,413486.0,2.6627261866181686
140015 BONFIM,8,6,14.0,140015,Bonfim,  1 400 159 ,13923.0,1.0055304172951232
140020 CARACARAI,15,0,15.0,140020,Caracaraí,  1 400 209 ,20957.0,0.7157513002815289
140023 CAROEBE,14,0,14.0,140023,Caroebe,  1 400 233 ,10656.0,1.313813813813814
140028 IRACEMA,0,1,1.0,140028,Iracema,  1 400 282 ,10023.0,0.09977052778609198
140030 MUCAJAI,14,8,22.0,140030,Mucajaí,  1 400 308 ,18095.0,1.2158054711246202
140040 NORMANDIA,24,0,24.0,140040,Normandia,  1 400 407 ,13986.0,1.716001716001716
140045 PACARAIMA,15,0,15.0,140045,Pacaraima,  1 400 456 ,19305.0,0.777000777000777
140047 RORAINOPOLIS,82,0,82.0,140047,Rorainópolis,  1 400 472 ,32647.0,2.511716237326554
140050 SAO JOAO DA BALIZA,20,0,20.0,140050,São João da Baliza,  1 400 506 ,8858.0,2.2578460149017836
140060 SAO LUIZ,13,0,13.0,140060,São Luiz,  1 400 605 ,7315.0,1.7771701982228298
150010 ABAETETUBA,222,52,274.0,150010,Abaetetuba,  1 500 107 ,158188.0,1.7321162161478747
150013 ABEL FIGUEIREDO,21,0,21.0,150013,Abel Figueiredo,  1 500 131 ,6136.0,3.422425032594524
150020 ACARA,33,0,33.0,150020,Acará,  1 500 206 ,59023.0,0.5591040780712603
150030 AFUA,30,0,30.0,150030,Afuá,  1 500 305 ,37765.0,0.7943863365550113
150034 AGUA AZUL DO NORTE,40,0,40.0,150034,Água Azul do Norte,  1 500 347 ,18080.0,2.2123893805309733
150040 ALENQUER,92,4,96.0,150040,Alenquer,  1 500 404 ,69377.0,1.3837438920679763
150050 ALMEIRIM,107,0,107.0,150050,Almeirim,  1 500 503 ,34280.0,3.121353558926488
150060 ALTAMIRA,222,60,282.0,150060,Altamira,  1 500 602 ,126279.0,2.2331504050554725
150070 ANAJAS,20,0,20.0,150070,Anajás,  1 500 701 ,28011.0,0.7140052122380494
150080 ANANINDEUA,718,148,866.0,150080,Ananindeua,  1 500 800 ,478778.0,1.8087714974372255
150085 ANAPU,41,0,41.0,150085,Anapu,  1 500 859 ,31850.0,1.2872841444270016
150090 AUGUSTO CORREA,83,4,87.0,150090,Augusto Corrêa,  1 500 909 ,44573.0,1.951854261548471
150095 AURORA DO PARA,58,0,58.0,150095,Aurora do Pará,  1 500 958 ,23774.0,2.4396399427946496
150110 BAGRE,15,0,15.0,150110,Bagre,  1 501 105 ,31892.0,0.470337388686818
150120 BAIAO,32,1,33.0,150120,Baião,  1 501 204 ,51641.0,0.6390271296063206
150125 BANNACH,10,0,10.0,150125,Bannach,  1 501 253 ,4031.0,2.4807740014884647
150130 BARCARENA,123,24,147.0,150130,Barcarena,  1 501 303 ,126650.0,1.1606790367153572
150140 BELEM,2245,1737,3982.0,150140,Belém,  1 501 402 ,1303403.0,3.0550796645396705
150145 BELTERRA,48,0,48.0,150145,Belterra,  1 501 451 ,18099.0,2.652080225426819
150157 BOM JESUS DO TOCANTINS,31,0,31.0,150157,Bom Jesus do Tocantins,  1 501 576 ,18005.0,1.7217439600111082
150170 BRAGANCA,266,49,315.0,150170,Bragança,  1 501 709 ,123082.0,2.559269430136007
150172 BRASIL NOVO,33,0,33.0,150172,Brasil Novo,  1 501 725 ,24718.0,1.3350594708309733
150175 BREJO GRANDE DO ARAGUAIA,24,0,24.0,150175,Brejo Grande do Araguaia,  1 501 758 ,6783.0,3.538257408226449
150178 BREU BRANCO,44,0,44.0,150178,Breu Branco,  1 501 782 ,45712.0,0.9625481274063703
150180 BREVES,182,0,182.0,150180,Breves,  1 501 808 ,106968.0,1.7014434223319121
150190 BUJARU,30,13,43.0,150190,Bujaru,  1 501 907 ,24383.0,1.763523766558668
150200 CACHOEIRA DO ARARI,20,0,20.0,150200,Cachoeira do Arari,  1 502 004 ,23981.0,0.8339935782494474
150210 CAMETA,161,17,178.0,150210,Cametá,  1 502 103 ,134184.0,1.3265366958802838
150215 CANAA DOS CARAJAS,77,23,100.0,150215,Canaã dos Carajás,  1 502 152 ,77079.0,1.29737023054269
150220 CAPANEMA,237,23,260.0,150220,Capanema,  1 502 202 ,70394.0,3.6934966048242748
150230 CAPITAO POCO,89,73,162.0,150230,Capitão Poço,  1 502 301 ,56506.0,2.866952182069161
150240 CASTANHAL,426,104,530.0,150240,Castanhal,  1 502 400 ,192256.0,2.7567410119840217
150250 CHAVES,16,0,16.0,150250,Chaves,  1 502 509 ,20757.0,0.770824300236065
150270 CONCEICAO DO ARAGUAIA,117,2,119.0,150270,Conceição do Araguaia,  1 502 707 ,44617.0,2.6671448102741104
150275 CONCORDIA DO PARA,30,0,30.0,150275,Concórdia do Pará,  1 502 756 ,26881.0,1.1160299096015773
150276 CUMARU DO NORTE,11,0,11.0,150276,Cumaru do Norte,  1 502 764 ,14036.0,0.7836990595611285
150277 CURIONOPOLIS,39,0,39.0,150277,Curionópolis,  1 502 772 ,19950.0,1.954887218045113
150280 CURRALINHO,26,0,26.0,150280,Curralinho,  1 502 806 ,33903.0,0.7668937852107484
150290 CURUCA,27,0,27.0,150290,Curuçá,  1 502 905 ,41262.0,0.654355096699142
150293 DOM ELISEU,93,23,116.0,150293,Dom Eliseu,  1 502 939 ,58484.0,1.9834484645373094
150295 ELDORADO DOS CARAJAS,41,0,41.0,150295,Eldorado do Carajás,  1 502 954 ,28192.0,1.4543132803632235
150300 FARO,10,0,10.0,150300,Faro,  1 503 002 ,8728.0,1.1457378551787352
150304 FLORESTA DO ARAGUAIA,20,0,20.0,150304,Floresta do Araguaia,  1 503 044 ,17898.0,1.117443289753045
150307 GARRAFAO DO NORTE,18,0,18.0,150307,Garrafão do Norte,  1 503 077 ,24703.0,0.7286564384892523
150309 GOIANESIA DO PARA,24,0,24.0,150309,Goianésia do Pará,  1 503 093 ,26362.0,0.9104013352552917
150310 GURUPA,23,0,23.0,150310,Gurupá,  1 503 101 ,31786.0,0.723589001447178
150320 IGARAPE-ACU,45,0,45.0,150320,Igarapé-Açu,  1 503 200 ,35797.0,1.2570885828421376
150330 IGARAPE-MIRI,129,9,138.0,150330,Igarapé-Miri,  1 503 309 ,64831.0,2.1286113124893955
150340 INHANGAPI,19,0,19.0,150340,Inhangapi,  1 503 408 ,10325.0,1.8401937046004841
150345 IPIXUNA DO PARA,85,0,85.0,150345,Ipixuna do Pará,  1 503 457 ,30329.0,2.8025981733654257
150350 IRITUIA,30,0,30.0,150350,Irituia,  1 503 507 ,30955.0,0.9691487643353255
150360 ITAITUBA,188,329,517.0,150360,Itaituba,  1 503 606 ,123314.0,4.192549102291711
150370 ITUPIRANGA,53,0,53.0,150370,Itupiranga,  1 503 705 ,49754.0,1.0652409856493952
150375 JACAREACANGA,24,0,24.0,150375,Jacareacanga,  1 503 754 ,24042.0,0.9982530571499876
150380 JACUNDA,83,27,110.0,150380,Jacundá,  1 503 804 ,37707.0,2.9172302225051054
150390 JURUTI,87,13,100.0,150390,Juruti,  1 503 903 ,50881.0,1.965370177472927
150400 LIMOEIRO DO AJURU,20,0,20.0,150400,Limoeiro do Ajuru,  1 504 000 ,29569.0,0.6763840508640807
150405 MAE DO RIO,52,0,52.0,150405,Mãe do Rio,  1 504 059 ,34353.0,1.5136960381917153
150420 MARABA,320,107,427.0,150420,Marabá,  1 504 208 ,266533.0,1.6020530290808268
150430 MARACANA,27,0,27.0,150430,Maracanã,  1 504 307 ,25971.0,1.0396211158599977
150440 MARAPANIM,18,0,18.0,150440,Marapanim,  1 504 406 ,26573.0,0.6773792947728898
150442 MARITUBA,134,28,162.0,150442,Marituba,  1 504 422 ,111785.0,1.4492105380865052
150445 MEDICILANDIA,38,0,38.0,150445,Medicilândia,  1 504 455 ,27094.0,1.402524544179523
150450 MELGACO,15,0,15.0,150450,Melgaço,  1 504 505 ,27881.0,0.538000789067824
150460 MOCAJUBA,27,0,27.0,150460,Mocajuba,  1 504 604 ,27198.0,0.9927200529450695
150470 MOJU,50,0,50.0,150470,Moju,  1 504 703 ,84094.0,0.5945727400290152
150480 MONTE ALEGRE,54,0,54.0,150480,Monte Alegre,  1 504 802 ,60012.0,0.8998200359928015
150490 MUANA,42,0,42.0,150490,Muaná,  1 504 901 ,45368.0,0.9257626520895785
150495 NOVA ESPERANCA DO PIRIA,32,0,32.0,150495,Nova Esperança do Piriá,  1 504 950 ,20478.0,1.5626526027932417
150497 NOVA IPIXUNA,15,0,15.0,150497,Nova Ipixuna,  1 504 976 ,13955.0,1.0748835542816195
150503 NOVO PROGRESSO,34,8,42.0,150503,Novo Progresso,  1 505 031 ,33638.0,1.2485879065342766
150506 NOVO REPARTIMENTO,54,0,54.0,150506,Novo Repartimento,  1 505 064 ,60732.0,0.8891523414344991
150510 OBIDOS,63,2,65.0,150510,Óbidos,  1 505 106 ,52229.0,1.2445193283424918
150520 OEIRAS DO PARA,15,0,15.0,150520,Oeiras do Pará,  1 505 205 ,33844.0,0.44321002245597446
150530 ORIXIMINA,74,19,93.0,150530,Oriximiná,  1 505 304 ,68294.0,1.3617594517820013
150540 OUREM,24,0,24.0,150540,Ourém,  1 505 403 ,17855.0,1.3441612993559227
150543 OURILANDIA DO NORTE,88,2,90.0,150543,Ourilândia do Norte,  1 505 437 ,32467.0,2.7720454615455696
150548 PACAJA,32,5,37.0,150548,Pacajá,  1 505 486 ,41097.0,0.9003090249896586
150549 PALESTINA DO PARA,20,0,20.0,150549,Palestina do Pará,  1 505 494 ,6885.0,2.904865649963689
150550 PARAGOMINAS,137,75,212.0,150550,Paragominas,  1 505 502 ,105550.0,2.008526764566556
150553 PARAUAPEBAS,140,192,332.0,150553,Parauapebas,  1 505 536 ,267836.0,1.239564509625293
150555 PAU D'ARCO,22,0,22.0,150555,Pau D'Arco,  1 505 551 ,6931.0,3.1741451450007214
150563 PICARRA,27,0,27.0,150563,Piçarra,  1 505 635 ,12832.0,2.1041147132169575
150565 PLACAS,39,0,39.0,150565,Placas,  1 505 650 ,18668.0,2.0891364902506964
150570 PONTA DE PEDRAS,20,0,20.0,150570,Ponta de Pedras,  1 505 700 ,24984.0,0.8005123278898495
150580 PORTEL,29,0,29.0,150580,Portel,  1 505 809 ,62503.0,0.4639777290690047
150590 PORTO DE MOZ,49,0,49.0,150590,Porto de Moz,  1 505 908 ,40597.0,1.2069857378624036
150600 PRAINHA,33,0,33.0,150600,Prainha,  1 506 005 ,35577.0,0.9275655620204064
150610 PRIMAVERA,10,0,10.0,150610,Primavera,  1 506 104 ,10851.0,0.921574048474795
150613 REDENCAO,192,93,285.0,150613,Redenção,  1 506 138 ,85597.0,3.329555942381158
150616 RIO MARIA,31,25,56.0,150616,Rio Maria,  1 506 161 ,18384.0,3.0461270670147957
150618 RONDON DO PARA,92,6,98.0,150618,Rondon do Pará,  1 506 187 ,53143.0,1.8440810642982144
150619 RUROPOLIS,29,0,29.0,150619,Rurópolis,  1 506 195 ,35769.0,0.8107579188682938
150620 SALINOPOLIS,47,0,47.0,150620,Salinópolis,  1 506 203 ,44772.0,1.0497632448851961
150630 SALVATERRA,19,0,19.0,150630,Salvaterra,  1 506 302 ,24129.0,0.787434207799743
150640 SANTA CRUZ DO ARARI,15,0,15.0,150640,Santa Cruz do Arari,  1 506 401 ,7445.0,2.0147750167897915
150650 SANTA IZABEL DO PARA,60,0,60.0,150650,Santa Izabel do Pará,  1 506 500 ,73019.0,0.8217039400703926
150655 SANTA LUZIA DO PARA,16,0,16.0,150655,Santa Luzia do Pará,  1 506 559 ,20370.0,0.7854688267059401
150658 SANTA MARIA DAS BARREIRAS,68,0,68.0,150658,Santa Maria das Barreiras,  1 506 583 ,16548.0,4.109257916364515
150660 SANTA MARIA DO PARA,47,0,47.0,150660,Santa Maria do Pará,  1 506 609 ,24624.0,1.9087069525666016
150670 SANTANA DO ARAGUAIA,66,0,66.0,150670,Santana do Araguaia,  1 506 708 ,32413.0,2.0362200351710733
150680 SANTAREM,394,98,492.0,150680,Santarém,  1 506 807 ,331942.0,1.4821866470648486
150700 SANTO ANTONIO DO TAUA,74,2,76.0,150700,Santo Antônio do Tauá,  1 507 003 ,27461.0,2.76756126870835
150710 SAO CAETANO DE ODIVELAS,20,0,20.0,150710,São Caetano de Odivelas,  1 507 102 ,16666.0,1.2000480019200768
150715 SAO DOMINGOS DO ARAGUAIA,21,0,21.0,150715,São Domingos do Araguaia,  1 507 151 ,21092.0,0.99563815664707
150720 SAO DOMINGOS DO CAPIM,31,0,31.0,150720,São Domingos do Capim,  1 507 201 ,30599.0,1.0131050034314848
150730 SAO FELIX DO XINGU,98,45,143.0,150730,São Félix do Xingu,  1 507 300 ,65418.0,2.1859427069002417
150745 SAO GERALDO DO ARAGUAIA,41,0,41.0,150745,São Geraldo do Araguaia,  1 507 458 ,24255.0,1.6903731189445477
150747 SAO JOAO DE PIRABAS,24,0,24.0,150747,São João de Pirabas,  1 507 474 ,20689.0,1.1600367344965923
150750 SAO JOAO DO ARAGUAIA,19,0,19.0,150750,São João do Araguaia,  1 507 508 ,13664.0,1.3905152224824355
150760 SAO MIGUEL DO GUAMA,66,0,66.0,150760,São Miguel do Guamá,  1 507 607 ,52894.0,1.2477785760199644
150770 SAO SEBASTIAO DA BOA VISTA,32,0,32.0,150770,São Sebastião da Boa Vista,  1 507 706 ,25643.0,1.2479039113988224
150775 SAPUCAIA,14,0,14.0,150775,Sapucaia,  1 507 755 ,5847.0,2.3943902856165553
150780 SENADOR JOSE PORFIRIO,14,0,14.0,150780,Senador José Porfírio,  1 507 805 ,22576.0,0.6201275690999292
150790 SOURE,48,0,48.0,150790,Soure,  1 507 904 ,24204.0,1.9831432821021318
150795 TAILANDIA,40,0,40.0,150795,Tailândia,  1 507 953 ,72493.0,0.5517774129915992
150797 TERRA SANTA,26,0,26.0,150797,Terra Santa,  1 507 979 ,18782.0,1.3843041209668832
150800 TOME-ACU,77,10,87.0,150800,Tomé-Açu,  1 508 001 ,67585.0,1.2872678848856995
150803 TRACUATEUA,15,0,15.0,150803,Tracuateua,  1 508 035 ,28595.0,0.5245672320335724
150805 TRAIRAO,21,0,21.0,150805,Trairão,  1 508 050 ,15242.0,1.377771945938853
150808 TUCUMA,87,12,99.0,150808,Tucumã,  1 508 084 ,39550.0,2.5031605562579013
150810 TUCURUI,209,97,306.0,150810,Tucuruí,  1 508 100 ,91306.0,3.3513679276279764
150812 ULIANOPOLIS,117,1,118.0,150812,Ulianópolis,  1 508 126 ,37972.0,3.107552933740651
150815 URUARA,78,3,81.0,150815,Uruará,  1 508 159 ,43558.0,1.8595895128334634
150820 VIGIA,37,0,37.0,150820,Vigia,  1 508 209 ,50832.0,0.7278879446018257
150830 VISEU,65,0,65.0,150830,Viseu,  1 508 308 ,58692.0,1.1074763170449125
150835 VITORIA DO XINGU,43,0,43.0,150835,Vitória do Xingu,  1 508 357 ,15607.0,2.7551739604023835
150840 XINGUARA,87,32,119.0,150840,Xinguara,  1 508 407 ,52893.0,2.2498251186357363
160005 SERRA DO NAVIO,30,0,30.0,160005,Serra do Navio,  1 600 055 ,4673.0,6.419858763107212
160010 AMAPA,37,0,37.0,160010,Amapá,  1 600 105 ,7943.0,4.658189600906458
160015 PEDRA BRANCA DO AMAPARI,15,0,15.0,160015,Pedra Branca do Amapari,  1 600 154 ,12847.0,1.1675877636802365
160020 CALCOENE,20,0,20.0,160020,Calçoene,  1 600 204 ,10612.0,1.8846588767433095
160023 FERREIRA GOMES,12,0,12.0,160023,Ferreira Gomes,  1 600 238 ,6666.0,1.8001800180018002
160027 LARANJAL DO JARI,85,0,85.0,160027,Laranjal do Jari,  1 600 279 ,35114.0,2.420686905507775
160030 MACAPA,817,130,947.0,160030,Macapá,  1 600 303 ,442933.0,2.138020874488918
160040 MAZAGAO,14,0,14.0,160040,Mazagão,  1 600 402 ,21924.0,0.6385696040868455
160050 OIAPOQUE,51,0,51.0,160050,Oiapoque,  1 600 501 ,27482.0,1.8557601339058292
160053 PORTO GRANDE,34,0,34.0,160053,Porto Grande,  1 600 535 ,17848.0,1.9049753473778575
160060 SANTANA,139,2,141.0,160060,Santana,  1 600 600 ,107618.0,1.3101897452099092
160070 TARTARUGALZINHO,18,0,18.0,160070,Tartarugalzinho,  1 600 709 ,12945.0,1.3904982618771726
160080 VITORIA DO JARI,8,0,8.0,160080,Vitória do Jari,  1 600 808 ,11291.0,0.7085289168364184
170070 ALVORADA,32,0,32.0,170070,Alvorada,  1 700 707 ,8802.0,3.6355373778686664
170100 ANANAS,8,0,8.0,170100,Ananás,  1 701 002 ,10325.0,0.774818401937046
170190 ARAGUACEMA,17,0,17.0,170190,Araguacema,  1 701 903 ,5927.0,2.8682301332883418
170200 ARAGUACU,30,0,30.0,170200,Araguaçu,  1 702 000 ,8133.0,3.6886757654002214
170210 ARAGUAINA,455,127,582.0,170210,Araguaína,  1 702 109 ,171301.0,3.397528327330255
170220 ARAGUATINS,25,0,25.0,170220,Araguatins,  1 702 208 ,31918.0,0.7832570963092925
170230 ARAPOEMA,28,0,28.0,170230,Arapoema,  1 702 307 ,5550.0,5.045045045045045
170240 ARRAIAS,37,0,37.0,170240,Arraias,  1 702 406 ,10287.0,3.5967726256440167
170255 AUGUSTINOPOLIS,73,0,73.0,170255,Augustinópolis,  1 702 554 ,17484.0,4.175245939144361
170305 BANDEIRANTES DO TOCANTINS,3,0,3.0,170305,Bandeirantes do Tocantins,  1 703 057 ,3407.0,0.8805400645729381
170370 BREJINHO DE NAZARE,5,0,5.0,170370,Brejinho de Nazaré,  1 703 701 ,4725.0,1.0582010582010584
170550 COLINAS DO TOCANTINS,69,0,69.0,170550,Colinas do Tocantins,  1 705 508 ,34233.0,2.0155989834370343
170610 CRISTALANDIA,27,0,27.0,170610,Cristalândia,  1 706 100 ,6371.0,4.237953225553289
170700 DIANOPOLIS,39,0,39.0,170700,Dianópolis,  1 707 009 ,17739.0,2.198545577541011
170710 DIVINOPOLIS DO TOCANTINS,27,0,27.0,170710,Divinópolis do Tocantins,  1 707 108 ,7024.0,3.843963553530752
170730 DUERE,5,9,14.0,170730,Dueré,  1 707 306 ,4248.0,3.2956685499058382
170765 FIGUEIROPOLIS,5,0,5.0,170765,Figueirópolis,  1 707 652 ,5211.0,0.9595087315294569
170770 FILADELFIA,5,0,5.0,170770,Filadélfia,  1 707 702 ,7712.0,0.6483402489626556
170820 FORMOSO DO ARAGUAIA,19,0,19.0,170820,Formoso do Araguaia,  1 708 205 ,18881.0,1.0063026322758328
170900 GOIATINS,16,0,16.0,170900,Goiatins,  1 709 005 ,12433.0,1.2868977720582322
170930 GUARAI,59,2,61.0,170930,Guaraí,  1 709 302 ,24775.0,2.462159434914228
170950 GURUPI,132,70,202.0,170950,Gurupi,  1 709 500 ,85125.0,2.372980910425844
171050 ITACAJA,27,0,27.0,171050,Itacajá,  1 710 508 ,6819.0,3.9595248570171577
171190 LAGOA DA CONFUSAO,30,0,30.0,171190,Lagoa da Confusão,  1 711 902 ,15288.0,1.9623233908948192
171250 MARIANOPOLIS DO TOCANTINS,2,0,2.0,171250,Marianópolis do Tocantins,  1 712 504 ,4615.0,0.4333694474539545
171320 MIRACEMA DO TOCANTINS,71,0,71.0,171320,Miracema do Tocantins,  1 713 205 ,18566.0,3.8241947646235057
171330 MIRANORTE,20,0,20.0,171330,Miranorte,  1 713 304 ,12701.0,1.574679159121329
171360 MONTE DO CARMO,5,0,5.0,171360,Monte do Carmo,  1 713 601 ,5694.0,0.8781173164734809
171420 NATIVIDADE,10,0,10.0,171420,Natividade,  1 714 203 ,8754.0,1.142334932602239
171575 PALMEIROPOLIS,32,0,32.0,171575,Palmeirópolis,  1 715 754 ,6975.0,4.587813620071684
171610 PARAISO DO TOCANTINS,75,60,135.0,171610,Paraíso do Tocantins,  1 716 109 ,52360.0,2.578304048892284
171620 PARANA,24,0,24.0,171620,Paranã,  1 716 208 ,10542.0,2.2766078542970973
171650 PEDRO AFONSO,31,0,31.0,171650,Pedro Afonso,  1 716 505 ,14055.0,2.2056207755247246
171660 PEIXE,27,0,27.0,171660,Peixe,  1 716 604 ,9317.0,2.8979285177632286
171670 COLMEIA,21,0,21.0,171670,Colméia,  1 716 703 ,8941.0,2.3487305670506653
171700 PINDORAMA DO TOCANTINS,6,0,6.0,171700,Pindorama do Tocantins,  1 717 008 ,4478.0,1.3398838767306833
171750 PIUM,42,0,42.0,171750,Pium,  1 717 503 ,7128.0,5.892255892255893
171780 PONTE ALTA DO BOM JESUS,2,0,2.0,171780,Ponte Alta do Bom Jesus,  1 717 800 ,4220.0,0.47393364928909953
171790 PONTE ALTA DO TOCANTINS,7,0,7.0,171790,Ponte Alta do Tocantins,  1 717 909 ,7586.0,0.9227524387028737
171820 PORTO NACIONAL,151,0,151.0,171820,Porto Nacional,  1 718 204 ,64418.0,2.344065323356826
172065 SILVANOPOLIS,19,0,19.0,172065,Silvanópolis,  1 720 655 ,5108.0,3.7196554424432264
172080 SITIO NOVO DO TOCANTINS,16,0,16.0,172080,Sítio Novo do Tocantins,  1 720 804 ,10830.0,1.477377654662973
172090 TAGUATINGA,24,0,24.0,172090,Taguatinga,  1 720 903 ,14011.0,1.7129398329883663
172100 PALMAS,555,454,1009.0,172100,Palmas,  1 721 000 ,302692.0,3.3334214316863346
172120 TOCANTINOPOLIS,38,0,38.0,172120,Tocantinópolis,  1 721 208 ,22615.0,1.6803006853858058
172210 XAMBIOA,31,0,31.0,172210,Xambioá,  1 722 107 ,10517.0,2.947608633640772
210005 ACAILANDIA,164,90,254.0,210005,Açailândia,  2 100 055 ,106550.0,2.383857343969967
210010 AFONSO CUNHA,20,0,20.0,210010,Afonso Cunha,  2 100 105 ,6144.0,3.2552083333333335
210020 ALCANTARA,31,0,31.0,210020,Alcântara,  2 100 204 ,18467.0,1.6786700601072182
210030 ALDEIAS ALTAS,24,0,24.0,210030,Aldeias Altas,  2 100 303 ,23286.0,1.030662200463798
210043 ALTO ALEGRE DO MARANHAO,50,0,50.0,210043,Alto Alegre do Maranhão,  2 100 436 ,24048.0,2.0791749833666
210047 ALTO ALEGRE DO PINDARE,28,0,28.0,210047,Alto Alegre do Pindaré,  2 100 477 ,25710.0,1.089070400622326
210050 ALTO PARNAIBA,27,0,27.0,210050,Alto Parnaíba,  2 100 501 ,11109.0,2.4304617877396706
210055 AMAPA DO MARANHAO,11,0,11.0,210055,Amapá do Maranhão,  2 100 550 ,7170.0,1.5341701534170153
210060 AMARANTE DO MARANHAO,86,9,95.0,210060,Amarante do Maranhão,  2 100 600 ,37085.0,2.5616826210057977
210070 ANAJATUBA,27,0,27.0,210070,Anajatuba,  2 100 709 ,25322.0,1.066266487639207
210080 ANAPURUS,16,0,16.0,210080,Anapurus,  2 100 808 ,13793.0,1.1600087000652506
210083 APICUM-ACU,15,0,15.0,210083,Apicum-Açu,  2 100 832 ,17519.0,0.8562132541811747
210087 ARAGUANA,17,0,17.0,210087,Araguanã,  2 100 873 ,11181.0,1.5204364546999374
210090 ARAIOSES,117,0,117.0,210090,Araioses,  2 100 907 ,39052.0,2.996005326231691
210095 ARAME,58,0,58.0,210095,Arame,  2 100 956 ,25517.0,2.272994474272054
210100 ARARI,48,0,48.0,210100,Arari,  2 101 004 ,29472.0,1.6286644951140066
210110 AXIXA,25,0,25.0,210110,Axixá,  2 101 103 ,11790.0,2.1204410517387617
210120 BACABAL,196,11,207.0,210120,Bacabal,  2 101 202 ,103711.0,1.9959310005688886
210125 BACABEIRA,26,0,26.0,210125,Bacabeira,  2 101 251 ,16966.0,1.5324767181421666
210130 BACURI,23,0,23.0,210130,Bacuri,  2 101 301 ,16290.0,1.4119091467157765
210140 BALSAS,151,23,174.0,210140,Balsas,  2 101 400 ,101767.0,1.7097880452405987
210150 BARAO DE GRAJAU,31,0,31.0,210150,Barão de Grajaú,  2 101 509 ,18984.0,1.6329540665823852
210160 BARRA DO CORDA,185,30,215.0,210160,Barra do Corda,  2 101 608 ,84532.0,2.5434155112856667
210170 BARREIRINHAS,53,5,58.0,210170,Barreirinhas,  2 101 707 ,65589.0,0.8842946225739072
210173 BELAGUA,7,0,7.0,210173,Belágua,  2 101 731 ,8460.0,0.8274231678486997
210177 BELA VISTA DO MARANHAO,18,0,18.0,210177,Bela Vista do Maranhão,  2 101 772 ,11750.0,1.5319148936170213
210180 BENEDITO LEITE,20,0,20.0,210180,Benedito Leite,  2 101 806 ,5469.0,3.6569756811117204
210190 BEQUIMAO,18,0,18.0,210190,Bequimão,  2 101 905 ,19584.0,0.9191176470588235
210193 BERNARDO DO MEARIM,15,0,15.0,210193,Bernardo do Mearim,  2 101 939 ,5840.0,2.5684931506849313
210197 BOA VISTA DO GURUPI,15,0,15.0,210197,Boa Vista do Gurupi,  2 101 970 ,7574.0,1.9804594665962503
210200 BOM JARDIM,36,0,36.0,210200,Bom Jardim,  2 102 002 ,33100.0,1.0876132930513596
210203 BOM JESUS DAS SELVAS,22,0,22.0,210203,Bom Jesus das Selvas,  2 102 036 ,28599.0,0.7692576663519703
210210 BREJO,37,0,37.0,210210,Brejo,  2 102 101 ,34120.0,1.0844079718640094
210220 BURITI,27,0,27.0,210220,Buriti,  2 102 200 ,29685.0,0.9095502779181405
210230 BURITI BRAVO,44,0,44.0,210230,Buriti Bravo,  2 102 309 ,22455.0,1.9594745045646849
210232 BURITICUPU,84,0,84.0,210232,Buriticupu,  2 102 325 ,55499.0,1.51354078451864
210240 CAJAPIO,19,0,19.0,210240,Cajapió,  2 102 408 ,10121.0,1.877284853275368
210250 CAJARI,20,0,20.0,210250,Cajari,  2 102 507 ,16412.0,1.2186205215695831
210255 CAMPESTRE DO MARANHAO,21,0,21.0,210255,Campestre do Maranhão,  2 102 556 ,12301.0,1.7071782781887652
210260 CANDIDO MENDES,21,0,21.0,210260,Cândido Mendes,  2 102 606 ,19932.0,1.053582179409994
210270 CANTANHEDE,59,0,59.0,210270,Cantanhede,  2 102 705 ,24303.0,2.427683825042176
210275 CAPINZAL DO NORTE,12,1,13.0,210275,Capinzal do Norte,  2 102 754 ,11374.0,1.1429576226481448
210280 CAROLINA,43,0,43.0,210280,Carolina,  2 102 804 ,24062.0,1.7870501205219849
210290 CARUTAPERA,46,0,46.0,210290,Carutapera,  2 102 903 ,24238.0,1.8978463569601451
210300 CAXIAS,371,0,371.0,210300,Caxias,  2 103 000 ,156973.0,2.363463780395355
210310 CEDRAL,15,0,15.0,210310,Cedral,  2 103 109 ,10208.0,1.469435736677116
210312 CENTRAL DO MARANHAO,15,0,15.0,210312,Central do Maranhão,  2 103 125 ,7094.0,2.11446292641669
210317 CENTRO NOVO DO MARANHAO,14,0,14.0,210317,Centro Novo do Maranhão,  2 103 174 ,16267.0,0.8606381016782443
210320 CHAPADINHA,135,32,167.0,210320,Chapadinha,  2 103 208 ,81386.0,2.0519499668247607
210325 CIDELANDIA,21,0,21.0,210325,Cidelândia,  2 103 257 ,12878.0,1.6306879950302842
210330 CODO,104,0,104.0,210330,Codó,  2 103 307 ,114275.0,0.9100853204987968
210340 COELHO NETO,109,20,129.0,210340,Coelho Neto,  2 103 406 ,41658.0,3.0966441019732103
210350 COLINAS,134,0,134.0,210350,Colinas,  2 103 505 ,40316.0,3.3237424347653537
210355 CONCEICAO DO LAGO-ACU,15,0,15.0,210355,Conceição do Lago-Açu,  2 103 554 ,14915.0,1.0056989607777405
210360 COROATA,94,0,94.0,210360,Coroatá,  2 103 604 ,59566.0,1.5780814558640834
210370 CURURUPU,103,6,109.0,210370,Cururupu,  2 103 703 ,31558.0,3.453957792002028
210375 DAVINOPOLIS,14,0,14.0,210375,Davinópolis,  2 103 752 ,14404.0,0.9719522354901416
210380 DOM PEDRO,29,0,29.0,210380,Dom Pedro,  2 103 802 ,23053.0,1.2579707630243353
210390 DUQUE BACELAR,26,0,26.0,210390,Duque Bacelar,  2 103 901 ,10223.0,2.5432847500733637
210400 ESPERANTINOPOLIS,44,0,44.0,210400,Esperantinópolis,  2 104 008 ,18311.0,2.4029272022281685
210405 ESTREITO,53,8,61.0,210405,Estreito,  2 104 057 ,33294.0,1.8321619511023008
210407 FEIRA NOVA DO MARANHAO,42,0,42.0,210407,Feira Nova do Maranhão,  2 104 073 ,8048.0,5.218687872763419
210408 FERNANDO FALCAO,18,0,18.0,210408,Fernando Falcão,  2 104 081 ,10873.0,1.6554768693092983
210409 FORMOSA DA SERRA NEGRA,13,0,13.0,210409,Formosa da Serra Negra,  2 104 099 ,17719.0,0.7336757153338225
210410 FORTALEZA DOS NOGUEIRAS,31,0,31.0,210410,Fortaleza dos Nogueiras,  2 104 107 ,12640.0,2.4525316455696204
210420 FORTUNA,20,0,20.0,210420,Fortuna,  2 104 206 ,16976.0,1.1781338360037699
210440 GONCALVES DIAS,29,0,29.0,210440,Gonçalves Dias,  2 104 404 ,17206.0,1.6854585609671044
210450 GOVERNADOR ARCHER,24,0,24.0,210450,Governador Archer,  2 104 503 ,10231.0,2.3458117486071743
210455 GOVERNADOR EDISON LOBAO,33,0,33.0,210455,Governador Edison Lobão,  2 104 552 ,18411.0,1.7924067133778718
210460 GOVERNADOR EUGENIO BARROS,30,5,35.0,210460,Governador Eugênio Barros,  2 104 602 ,13930.0,2.512562814070352
210462 GOVERNADOR LUIZ ROCHA,20,0,20.0,210462,Governador Luiz Rocha,  2 104 628 ,7063.0,2.831657935721365
210465 GOVERNADOR NEWTON BELLO,25,0,25.0,210465,Governador Newton Bello,  2 104 651 ,10713.0,2.333613366937366
210467 GOVERNADOR NUNES FREIRE,200,4,204.0,210467,Governador Nunes Freire,  2 104 677 ,23128.0,8.820477343479766
210470 GRACA ARANHA,18,0,18.0,210470,Graça Aranha,  2 104 701 ,6023.0,2.9885439149925284
210480 GRAJAU,250,2,252.0,210480,Grajaú,  2 104 800 ,73872.0,3.41130604288499
210490 GUIMARAES,32,4,36.0,210490,Guimarães,  2 104 909 ,10290.0,3.498542274052478
210500 HUMBERTO DE CAMPOS,30,0,30.0,210500,Humberto de Campos,  2 105 005 ,25680.0,1.1682242990654206
210510 ICATU,30,4,34.0,210510,Icatu,  2 105 104 ,24794.0,1.3712995079454706
210515 IGARAPE DO MEIO,37,0,37.0,210515,Igarapé do Meio,  2 105 153 ,13974.0,2.6477744382424504
210520 IGARAPE GRANDE,37,0,37.0,210520,Igarapé Grande,  2 105 203 ,10231.0,3.616459779102727
210530 IMPERATRIZ,638,177,815.0,210530,Imperatriz,  2 105 302 ,273110.0,2.9841455823660796
210535 ITAIPAVA DO GRAJAU,25,0,25.0,210535,Itaipava do Grajaú,  2 105 351 ,13828.0,1.8079259473531966
210540 ITAPECURU MIRIM,74,0,74.0,210540,Itapecuru Mirim,  2 105 401 ,60440.0,1.2243547319655859
210542 ITINGA DO MARANHAO,76,0,76.0,210542,Itinga do Maranhão,  2 105 427 ,22513.0,3.375827299782348
210545 JATOBA,16,0,16.0,210545,Jatobá,  2 105 450 ,7471.0,2.1416142417347075
210547 JENIPAPO DOS VIEIRAS,20,0,20.0,210547,Jenipapo dos Vieiras,  2 105 476 ,17076.0,1.1712344811431248
210550 JOAO LISBOA,60,2,62.0,210550,João Lisboa,  2 105 500 ,24709.0,2.5092071714759805
210560 JOSELANDIA,22,0,22.0,210560,Joselândia,  2 105 609 ,14924.0,1.474135620477084
210565 JUNCO DO MARANHAO,3,0,3.0,210565,Junco do Maranhão,  2 105 658 ,5146.0,0.582977069568597
210570 LAGO DA PEDRA,174,47,221.0,210570,Lago da Pedra,  2 105 708 ,44403.0,4.977141184154224
210580 LAGO DO JUNCO,20,0,20.0,210580,Lago do Junco,  2 105 807 ,9506.0,2.103934357248054
210590 LAGO VERDE,45,0,45.0,210590,Lago Verde,  2 105 906 ,14769.0,3.0469226081657528
210592 LAGOA DO MATO,23,0,23.0,210592,Lagoa do Mato,  2 105 922 ,10572.0,2.1755580779417327
210594 LAGO DOS RODRIGUES,2,0,2.0,210594,Lago dos Rodrigues,  2 105 948 ,8758.0,0.22836263987211694
210596 LAGOA GRANDE DO MARANHAO,19,0,19.0,210596,Lagoa Grande do Maranhão,  2 105 963 ,11411.0,1.6650600297958111
210600 LIMA CAMPOS,38,0,38.0,210600,Lima Campos,  2 106 003 ,11297.0,3.363724882712224
210610 LORETO,20,0,20.0,210610,Loreto,  2 106 102 ,11597.0,1.7245839441234803
210620 LUIS DOMINGUES,9,0,9.0,210620,Luís Domingues,  2 106 201 ,7161.0,1.2568077084206117
210630 MAGALHAES DE ALMEIDA,20,0,20.0,210630,Magalhães de Almeida,  2 106 300 ,13807.0,1.4485405953501846
210632 MARACACUME,11,0,11.0,210632,Maracaçumé,  2 106 326 ,21149.0,0.5201191545699559
210637 MARANHAOZINHO,18,0,18.0,210637,Maranhãozinho,  2 106 375 ,13761.0,1.3080444735120995
210640 MATA ROMA,23,0,23.0,210640,Mata Roma,  2 106 409 ,17090.0,1.3458162668227034
210650 MATINHA,17,0,17.0,210650,Matinha,  2 106 508 ,22034.0,0.771534900608151
210660 MATOES,50,0,50.0,210660,Matões,  2 106 607 ,32174.0,1.5540498539193137
210663 MATOES DO NORTE,2,0,2.0,210663,Matões do Norte,  2 106 631 ,17432.0,0.11473152822395595
210667 MILAGRES DO MARANHAO,12,0,12.0,210667,Milagres do Maranhão,  2 106 672 ,8818.0,1.3608528010886822
210670 MIRADOR,22,0,22.0,210670,Mirador,  2 106 706 ,21030.0,1.0461245839277222
210675 MIRANDA DO NORTE,44,8,52.0,210675,Miranda do Norte,  2 106 755 ,23864.0,2.179014415018438
210680 MIRINZAL,17,0,17.0,210680,Mirinzal,  2 106 805 ,13978.0,1.2161968808127057
210690 MONCAO,70,0,70.0,210690,Monção,  2 106 904 ,27751.0,2.5224316240856184
210700 MONTES ALTOS,24,0,24.0,210700,Montes Altos,  2 107 001 ,9106.0,2.6356248627278718
210710 MORROS,34,4,38.0,210710,Morros,  2 107 100 ,18554.0,2.048075886601272
210720 NINA RODRIGUES,24,0,24.0,210720,Nina Rodrigues,  2 107 209 ,14176.0,1.693002257336343
210725 NOVA COLINAS,24,0,24.0,210725,Nova Colinas,  2 107 258 ,5021.0,4.7799243178649675
210730 NOVA IORQUE,15,0,15.0,210730,Nova Iorque,  2 107 308 ,4320.0,3.472222222222222
210735 NOVA OLINDA DO MARANHAO,60,0,60.0,210735,Nova Olinda do Maranhão,  2 107 357 ,14314.0,4.191700433142378
210740 OLHO D'AGUA DAS CUNHAS,20,0,20.0,210740,Olho d'Água das Cunhãs,  2 107 407 ,17919.0,1.1161337128187958
210745 OLINDA NOVA DO MARANHAO,42,8,50.0,210745,Olinda Nova do Maranhão,  2 107 456 ,13577.0,3.682698681593872
210750 PACO DO LUMIAR,26,0,26.0,210750,Paço do Lumiar,  2 107 506 ,145643.0,0.178518706700631
210760 PALMEIRANDIA,15,2,17.0,210760,Palmeirândia,  2 107 605 ,21059.0,0.8072558051189516
210770 PARAIBANO,48,0,48.0,210770,Paraibano,  2 107 704 ,18274.0,2.6266827186166135
210780 PARNARAMA,51,0,51.0,210780,Parnarama,  2 107 803 ,31250.0,1.632
210790 PASSAGEM FRANCA,90,26,116.0,210790,Passagem Franca,  2 107 902 ,17220.0,6.736353077816492
210800 PASTOS BONS,55,0,55.0,210800,Pastos Bons,  2 108 009 ,18802.0,2.9252207211998726
210805 PAULINO NEVES,20,0,20.0,210805,Paulino Neves,  2 108 058 ,17056.0,1.1726078799249533
210810 PAULO RAMOS,35,0,35.0,210810,Paulo Ramos,  2 108 108 ,20341.0,1.7206627009488227
210820 PEDREIRAS,138,27,165.0,210820,Pedreiras,  2 108 207 ,37050.0,4.4534412955465585
210825 PEDRO DO ROSARIO,36,0,36.0,210825,Pedro do Rosário,  2 108 256 ,24320.0,1.480263157894737
210830 PENALVA,62,0,62.0,210830,Penalva,  2 108 306 ,32511.0,1.9070468456829996
210840 PERI MIRIM,27,0,27.0,210840,Peri Mirim,  2 108 405 ,11108.0,2.4306805905653586
210845 PERITORO,58,4,62.0,210845,Peritoró,  2 108 454 ,20479.0,3.027491576737145
210850 PINDARE-MIRIM,40,0,40.0,210850,Pindaré-Mirim,  2 108 504 ,31429.0,1.272709917592033
210860 PINHEIRO,228,8,236.0,210860,Pinheiro,  2 108 603 ,84621.0,2.788905827158743
210870 PIO XII,41,0,41.0,210870,Pio XII,  2 108 702 ,21886.0,1.8733436900301563
210880 PIRAPEMAS,24,0,24.0,210880,Pirapemas,  2 108 801 ,17714.0,1.3548605622671333
210890 POCAO DE PEDRAS,29,0,29.0,210890,Poção de Pedras,  2 108 900 ,17161.0,1.6898782122253948
210900 PORTO FRANCO,54,8,62.0,210900,Porto Franco,  2 109 007 ,23903.0,2.59381667573108
210905 PORTO RICO DO MARANHAO,28,0,28.0,210905,Porto Rico do Maranhão,  2 109 056 ,5954.0,4.7027208599261
210910 PRESIDENTE DUTRA,190,4,194.0,210910,Presidente Dutra,  2 109 106 ,45155.0,4.296312700697597
210920 PRESIDENTE JUSCELINO,15,0,15.0,210920,Presidente Juscelino,  2 109 205 ,11356.0,1.3208876364917224
210923 PRESIDENTE MEDICI,24,0,24.0,210923,Presidente Médici,  2 109 239 ,4696.0,5.110732538330494
210927 PRESIDENTE SARNEY,15,0,15.0,210927,Presidente Sarney,  2 109 270 ,17511.0,0.8566044200788077
210930 PRESIDENTE VARGAS,22,0,22.0,210930,Presidente Vargas,  2 109 304 ,10549.0,2.0855057351407718
210940 PRIMEIRA CRUZ,19,0,19.0,210940,Primeira Cruz,  2 109 403 ,13614.0,1.3956221536653446
210945 RAPOSA,13,35,48.0,210945,Raposa,  2 109 452 ,30839.0,1.5564707026816693
210950 RIACHAO,58,0,58.0,210950,Riachão,  2 109 502 ,22145.0,2.619101377286069
210955 RIBAMAR FIQUENE,20,0,20.0,210955,Ribamar Fiquene,  2 109 551 ,7420.0,2.6954177897574128
210960 ROSARIO,113,10,123.0,210960,Rosário,  2 109 601 ,38475.0,3.1968810916179335
210970 SAMBAIBA,32,0,32.0,210970,Sambaíba,  2 109 700 ,5568.0,5.747126436781609
210975 SANTA FILOMENA DO MARANHAO,17,0,17.0,210975,Santa Filomena do Maranhão,  2 109 759 ,6697.0,2.538450052262207
210980 SANTA HELENA,58,0,58.0,210980,Santa Helena,  2 109 809 ,41561.0,1.395539087124949
210990 SANTA INES,210,82,292.0,210990,Santa Inês,  2 109 908 ,85014.0,3.434728397675677
211000 SANTA LUZIA,53,0,53.0,211000,Santa Luzia,  2 110 005 ,57635.0,0.9195801162488072
211003 SANTA LUZIA DO PARUA,80,0,80.0,211003,Santa Luzia do Paruá,  2 110 039 ,24307.0,3.291232978154441
211010 SANTA QUITERIA DO MARANHAO,42,0,42.0,211010,Santa Quitéria do Maranhão,  2 110 104 ,23957.0,1.753141044371165
211020 SANTA RITA,35,0,35.0,211020,Santa Rita,  2 110 203 ,37035.0,0.9450519778587823
211023 SANTANA DO MARANHAO,16,0,16.0,211023,Santana do Maranhão,  2 110 237 ,10567.0,1.5141478186807986
211027 SANTO AMARO DO MARANHAO,20,0,20.0,211027,Santo Amaro do Maranhão,  2 110 278 ,13949.0,1.4337945372428131
211030 SANTO ANTONIO DOS LOPES,30,0,30.0,211030,Santo Antônio dos Lopes,  2 110 302 ,14304.0,2.097315436241611
211040 SAO BENEDITO DO RIO PRETO,32,0,32.0,211040,São Benedito do Rio Preto,  2 110 401 ,18364.0,1.7425397516880854
211050 SAO BENTO,49,0,49.0,211050,São Bento,  2 110 500 ,46395.0,1.0561482918417935
211060 SAO BERNARDO,27,0,27.0,211060,São Bernardo,  2 110 609 ,26943.0,1.0021155773299186
211065 SAO DOMINGOS DO AZEITAO,20,0,20.0,211065,São Domingos do Azeitão,  2 110 658 ,7992.0,2.5025025025025025
211070 SAO DOMINGOS DO MARANHAO,46,4,50.0,211070,São Domingos do Maranhão,  2 110 708 ,34034.0,1.4691191161779398
211080 SAO FELIX DE BALSAS,22,0,22.0,211080,São Félix de Balsas,  2 110 807 ,4402.0,4.997728305315766
211085 SAO FRANCISCO DO BREJAO,24,0,24.0,211085,São Francisco do Brejão,  2 110 856 ,9051.0,2.651640702684786
211090 SAO FRANCISCO DO MARANHAO,25,0,25.0,211090,São Francisco do Maranhão,  2 110 906 ,12064.0,2.0722811671087533
211100 SAO JOAO BATISTA,50,0,50.0,211100,São João Batista,  2 111 003 ,18544.0,2.6962899050905955
211102 SAO JOAO DO CARU,35,0,35.0,211102,São João do Carú,  2 111 029 ,12251.0,2.8569096400293854
211105 SAO JOAO DO PARAISO,20,0,20.0,211105,São João do Paraíso,  2 111 052 ,9904.0,2.0193861066235863
211107 SAO JOAO DO SOTER,20,0,20.0,211107,São João do Soter,  2 111 078 ,16889.0,1.1842027355083191
211110 SAO JOAO DOS PATOS,52,2,54.0,211110,São João dos Patos,  2 111 102 ,25020.0,2.158273381294964
211120 SAO JOSE DE RIBAMAR,72,34,106.0,211120,São José de Ribamar,  2 111 201 ,244579.0,0.43339779784854787
211125 SAO JOSE DOS BASILIOS,20,0,20.0,211125,São José dos Basílios,  2 111 250 ,6957.0,2.8748023573379333
211130 SAO LUIS,3328,1246,4574.0,211130,São Luís,  2 111 300 ,1037775.0,4.407506444075064
211140 SAO LUIS GONZAGA DO MARANHAO,31,0,31.0,211140,São Luís Gonzaga do Maranhão,  2 111 409 ,17818.0,1.7398136715680772
211150 SAO MATEUS DO MARANHAO,71,0,71.0,211150,São Mateus do Maranhão,  2 111 508 ,38829.0,1.828530222256561
211153 SAO PEDRO DA AGUA BRANCA,26,0,26.0,211153,São Pedro da Água Branca,  2 111 532 ,14338.0,1.813363091086623
211157 SAO PEDRO DOS CRENTES,18,0,18.0,211157,São Pedro dos Crentes,  2 111 573 ,5783.0,3.1125713297596405
211160 SAO RAIMUNDO DAS MANGABEIRAS,57,0,57.0,211160,São Raimundo das Mangabeiras,  2 111 607 ,18672.0,3.0526992287917736
211163 SAO RAIMUNDO DO DOCA BEZERRA,12,0,12.0,211163,São Raimundo do Doca Bezerra,  2 111 631 ,5650.0,2.1238938053097347
211170 SAO VICENTE FERRER,56,0,56.0,211170,São Vicente Ferrer,  2 111 706 ,19498.0,2.872089445071289
211172 SATUBINHA,34,0,34.0,211172,Satubinha,  2 111 722 ,8784.0,3.870673952641166
211174 SENADOR ALEXANDRE COSTA,20,0,20.0,211174,Senador Alexandre Costa,  2 111 748 ,10207.0,1.9594396002743215
211176 SENADOR LA ROCQUE,31,0,31.0,211176,Senador La Rocque,  2 111 763 ,14700.0,2.1088435374149657
211178 SERRANO DO MARANHAO,14,0,14.0,211178,Serrano do Maranhão,  2 111 789 ,10202.0,1.3722799451088021
211180 SITIO NOVO,34,0,34.0,211180,Sítio Novo,  2 111 805 ,17074.0,1.991331849595877
211190 SUCUPIRA DO NORTE,22,2,24.0,211190,Sucupira do Norte,  2 111 904 ,10238.0,2.344207853096308
211195 SUCUPIRA DO RIACHAO,16,0,16.0,211195,Sucupira do Riachão,  2 111 953 ,4985.0,3.2096288866599796
211200 TASSO FRAGOSO,18,0,18.0,211200,Tasso Fragoso,  2 112 001 ,8862.0,2.031144211238998
211210 TIMBIRAS,50,0,50.0,211210,Timbiras,  2 112 100 ,26484.0,1.8879323365050595
211220 TIMON,145,0,145.0,211220,Timon,  2 112 209 ,174465.0,0.8311122574728456
211223 TRIZIDELA DO VALE,29,0,29.0,211223,Trizidela do Vale,  2 112 233 ,22484.0,1.2898060843266324
211227 TUFILANDIA,30,0,30.0,211227,Tufilândia,  2 112 274 ,5507.0,5.447612130016342
211230 TUNTUM,55,0,55.0,211230,Tuntum,  2 112 308 ,36251.0,1.5171995255303303
211240 TURIACU,52,0,52.0,211240,Turiaçu,  2 112 407 ,37491.0,1.3869995465578406
211245 TURILANDIA,30,0,30.0,211245,Turilândia,  2 112 456 ,31638.0,0.9482268158543523
211250 TUTOIA,39,15,54.0,211250,Tutóia,  2 112 506 ,53356.0,1.0120698703051203
211260 URBANO SANTOS,37,0,37.0,211260,Urbano Santos,  2 112 605 ,32812.0,1.1276362306473242
211270 VARGEM GRANDE,45,0,45.0,211270,Vargem Grande,  2 112 704 ,43261.0,1.0401978687501443
211280 VIANA,110,0,110.0,211280,Viana,  2 112 803 ,51442.0,2.1383305470238327
211285 VILA NOVA DOS MARTIRIOS,31,0,31.0,211285,Vila Nova dos Martírios,  2 112 852 ,10362.0,2.991700443929743
211290 VITORIA DO MEARIM,32,0,32.0,211290,Vitória do Mearim,  2 112 902 ,30805.0,1.038792403830547
211300 VITORINO FREIRE,44,4,48.0,211300,Vitorino Freire,  2 113 009 ,30845.0,1.556167936456476
211400 ZE DOCA,51,0,51.0,211400,Zé Doca,  2 114 007 ,40801.0,1.2499693634959927
220010 AGRICOLANDIA,15,0,15.0,220010,Agricolândia,  2 200 103 ,4940.0,3.0364372469635628
220020 AGUA BRANCA,27,0,27.0,220020,Água Branca,  2 200 202 ,17573.0,1.536447959938542
220025 ALAGOINHA DO PIAUI,12,0,12.0,220025,Alagoinha do Piauí,  2 200 251 ,6819.0,1.7597888253409593
220030 ALTO LONGA,14,0,14.0,220030,Alto Longá,  2 200 301 ,13479.0,1.0386527190444397
220040 ALTOS,37,0,37.0,220040,Altos,  2 200 400 ,47453.0,0.7797188797336312
220050 AMARANTE,45,0,45.0,220050,Amarante,  2 200 509 ,17234.0,2.611117558314959
220060 ANGICAL DO PIAUI,11,0,11.0,220060,Angical do Piauí,  2 200 608 ,6827.0,1.6112494507104145
220070 ANISIO DE ABREU,10,0,10.0,220070,Anísio de Abreu,  2 200 707 ,9407.0,1.0630381630700543
220090 AROAZES,6,0,6.0,220090,Aroazes,  2 200 905 ,5369.0,1.1175265412553548
220100 ARRAIAL,4,0,4.0,220100,Arraial,  2 201 002 ,4520.0,0.8849557522123894
220110 AVELINO LOPES,18,0,18.0,220110,Avelino Lopes,  2 201 101 ,10866.0,1.6565433462175594
220115 BAIXA GRANDE DO RIBEIRO,11,0,11.0,220115,Baixa Grande do Ribeiro,  2 201 150 ,13272.0,0.8288125376732972
220120 BARRAS,70,4,74.0,220120,Barras,  2 201 200 ,47938.0,1.54366056155868
220140 BARRO DURO,21,0,21.0,220140,Barro Duro,  2 201 408 ,6640.0,3.162650602409639
220150 BATALHA,24,0,24.0,220150,Batalha,  2 201 507 ,26300.0,0.9125475285171103
220160 BENEDITINOS,15,0,15.0,220160,Beneditinos,  2 201 606 ,9929.0,1.510726155705509
220170 BERTOLINIA,4,0,4.0,220170,Bertolínia,  2 201 705 ,5562.0,0.719165767709457
220180 BOCAINA,21,0,21.0,220180,Bocaina,  2 201 804 ,4078.0,5.149583128984796
220190 BOM JESUS,52,8,60.0,220190,Bom Jesus,  2 201 903 ,28796.0,2.083622725378525
220191 BOM PRINCIPIO DO PIAUI,6,0,6.0,220191,Bom Princípio do Piauí,  2 201 919 ,5636.0,1.0645848119233499
220196 BRASILEIRA,10,0,10.0,220196,Brasileira,  2 201 960 ,8436.0,1.1853959222380277
220200 BURITI DOS LOPES,42,0,42.0,220200,Buriti dos Lopes,  2 202 000 ,19654.0,2.1369695736236896
220202 BURITI DOS MONTES,16,0,16.0,220202,Buriti dos Montes,  2 202 026 ,7434.0,2.1522733387140165
220220 CAMPO MAIOR,98,103,201.0,220220,Campo Maior,  2 202 208 ,45793.0,4.389317144541742
220225 CANAVIEIRA,4,0,4.0,220225,Canavieira,  2 202 251 ,3414.0,1.1716461628588166
220230 CANTO DO BURITI,27,0,27.0,220230,Canto do Buriti,  2 202 307 ,19365.0,1.39426800929512
220240 CAPITAO DE CAMPOS,9,0,9.0,220240,Capitão de Campos,  2 202 406 ,11100.0,0.8108108108108107
220250 CARACOL,11,0,11.0,220250,Caracol,  2 202 505 ,10318.0,1.0660980810234542
220260 CASTELO DO PIAUI,38,0,38.0,220260,Castelo do Piauí,  2 202 604 ,19288.0,1.970136872666943
220270 COCAL,41,0,41.0,220270,Cocal,  2 202 703 ,28212.0,1.4532822912235928
220277 COLONIA DO PIAUI,7,0,7.0,220277,Colônia do Piauí,  2 202 778 ,6994.0,1.0008578781812982
220280 CONCEICAO DO CANINDE,7,0,7.0,220280,Conceição do Canindé,  2 202 802 ,4932.0,1.419302514193025
220290 CORRENTE,52,0,52.0,220290,Corrente,  2 202 901 ,27278.0,1.906298115697632
220300 CRISTALANDIA DO PIAUI,25,0,25.0,220300,Cristalândia do Piauí,  2 203 008 ,7356.0,3.3985861881457313
220310 CRISTINO CASTRO,21,0,21.0,220310,Cristino Castro,  2 203 107 ,10503.0,1.9994287346472437
220320 CURIMATA,34,0,34.0,220320,Curimatá,  2 203 206 ,11270.0,3.0168589174800355
220330 DEMERVAL LOBAO,40,0,40.0,220330,Demerval Lobão,  2 203 305 ,16352.0,2.446183953033268
220335 DIRCEU ARCOVERDE,7,0,7.0,220335,Dirceu Arcoverde,  2 203 354 ,7054.0,0.9923447689254324
220350 ELESBAO VELOSO,34,0,34.0,220350,Elesbão Veloso,  2 203 503 ,13607.0,2.4987138972587637
220360 ELISEU MARTINS,8,0,8.0,220360,Eliseu Martins,  2 203 602 ,4377.0,1.8277358921635825
220370 ESPERANTINA,55,20,75.0,220370,Esperantina,  2 203 701 ,40970.0,1.8306077617769099
220380 FLORES DO PIAUI,2,0,2.0,220380,Flores do Piauí,  2 203 800 ,4414.0,0.45310376076121434
220390 FLORIANO,248,15,263.0,220390,Floriano,  2 203 909 ,62036.0,4.239473853891289
220400 FRANCINOPOLIS,14,0,14.0,220400,Francinópolis,  2 204 006 ,4505.0,3.1076581576026636
220410 FRANCISCO AYRES,4,0,4.0,220410,Francisco Ayres,  2 204 105 ,4412.0,0.9066183136899365
220420 FRANCISCO SANTOS,14,0,14.0,220420,Francisco Santos,  2 204 204 ,8237.0,1.699647930071628
220430 FRONTEIRAS,25,0,25.0,220430,Fronteiras,  2 204 303 ,10259.0,2.4368846866166294
220440 GILBUES,9,0,9.0,220440,Gilbués,  2 204 402 ,10892.0,0.8262945280940139
220450 GUADALUPE,34,0,34.0,220450,Guadalupe,  2 204 501 ,10270.0,3.3106134371957157
220470 INHUMA,11,0,11.0,220470,Inhuma,  2 204 709 ,14958.0,0.7353924321433346
220480 IPIRANGA DO PIAUI,19,0,19.0,220480,Ipiranga do Piauí,  2 204 808 ,9420.0,2.0169851380042463
220490 ISAIAS COELHO,20,0,20.0,220490,Isaías Coelho,  2 204 907 ,7774.0,2.572678157962439
220500 ITAINOPOLIS,21,0,21.0,220500,Itainópolis,  2 205 003 ,10790.0,1.9462465245597775
220510 ITAUEIRA,26,0,26.0,220510,Itaueira,  2 205 102 ,10323.0,2.5186476799380024
220520 JAICOS,31,4,35.0,220520,Jaicós,  2 205 201 ,17527.0,1.9969190391966678
220530 JERUMENHA,7,0,7.0,220530,Jerumenha,  2 205 300 ,4497.0,1.55659328441183
220540 JOAQUIM PIRES,17,0,17.0,220540,Joaquim Pires,  2 205 409 ,13886.0,1.2242546449661529
220545 JOCA MARQUES,6,0,6.0,220545,Joca Marques,  2 205 458 ,5394.0,1.1123470522803114
220550 JOSE DE FREITAS,24,0,24.0,220550,José de Freitas,  2 205 508 ,42559.0,0.5639230245071548
220553 JUREMA,13,0,13.0,220553,Jurema,  2 205 532 ,4425.0,2.937853107344633
220555 LAGOA ALEGRE,10,0,10.0,220555,Lagoa Alegre,  2 205 557 ,8256.0,1.2112403100775193
220560 LANDRI SALES,8,0,8.0,220560,Landri Sales,  2 205 607 ,5213.0,1.5346249760214847
220570 LUIS CORREIA,43,0,43.0,220570,Luís Correia,  2 205 706 ,30641.0,1.4033484546848993
220580 LUZILANDIA,50,0,50.0,220580,Luzilândia,  2 205 805 ,25375.0,1.9704433497536944
220585 MADEIRO,7,0,7.0,220585,Madeiro,  2 205 854 ,8032.0,0.8715139442231076
220590 MANOEL EMIDIO,11,0,11.0,220590,Manoel Emídio,  2 205 904 ,5209.0,2.1117296985985794
220595 MARCOLANDIA,68,9,77.0,220595,Marcolândia,  2 205 953 ,8533.0,9.023789991796555
220600 MARCOS PARENTE,11,0,11.0,220600,Marcos Parente,  2 206 001 ,4724.0,2.328535139712108
220610 MATIAS OLIMPIO,15,0,15.0,220610,Matias Olímpio,  2 206 100 ,10641.0,1.40964195094446
220620 MIGUEL ALVES,20,2,22.0,220620,Miguel Alves,  2 206 209 ,32150.0,0.6842923794712286
220640 MONSENHOR GIL,13,0,13.0,220640,Monsenhor Gil,  2 206 407 ,10255.0,1.2676743052169672
220650 MONSENHOR HIPOLITO,20,0,20.0,220650,Monsenhor Hipólito,  2 206 506 ,7577.0,2.639567110993797
220660 MONTE ALEGRE DO PIAUI,25,0,25.0,220660,Monte Alegre do Piauí,  2 206 605 ,10660.0,2.3452157598499066
220670 NAZARE DO PIAUI,6,0,6.0,220670,Nazaré do Piauí,  2 206 704 ,6665.0,0.900225056264066
220680 NOSSA SENHORA DOS REMEDIOS,9,0,9.0,220680,Nossa Senhora dos Remédios,  2 206 803 ,8525.0,1.0557184750733137
220690 NOVO ORIENTE DO PIAUI,8,0,8.0,220690,Novo Oriente do Piauí,  2 206 902 ,6097.0,1.3121207151057896
220700 OEIRAS,96,12,108.0,220700,Oeiras,  2 207 009 ,38161.0,2.8301145148187943
220720 PADRE MARCOS,36,0,36.0,220720,Padre Marcos,  2 207 207 ,6382.0,5.640864932623002
220730 PAES LANDIM,9,0,9.0,220730,Paes Landim,  2 207 306 ,4088.0,2.2015655577299413
220740 PALMEIRA DO PIAUI,12,0,12.0,220740,Palmeira do Piauí,  2 207 405 ,4952.0,2.4232633279483036
220750 PALMEIRAIS,16,0,16.0,220750,Palmeirais,  2 207 504 ,13264.0,1.2062726176115801
220760 PARNAGUA,17,0,17.0,220760,Parnaguá,  2 207 603 ,10103.0,1.6826685143026823
220770 PARNAIBA,523,52,575.0,220770,Parnaíba,  2 207 702 ,162159.0,3.545902478431663
220780 PAULISTANA,86,3,89.0,220780,Paulistana,  2 207 801 ,21055.0,4.227024459748279
220790 PEDRO II,55,21,76.0,220790,Pedro II,  2 207 900 ,37894.0,2.0055945532274237
220800 PICOS,330,86,416.0,220800,Picos,  2 208 007 ,83090.0,5.006619328439042
220810 PIMENTEIRAS,16,0,16.0,220810,Pimenteiras,  2 208 106 ,11341.0,1.410810334185698
220820 PIO IX,35,0,35.0,220820,Pio IX,  2 208 205 ,17613.0,1.9871685686708682
220830 PIRACURUCA,65,0,65.0,220830,Piracuruca,  2 208 304 ,28846.0,2.2533453511752066
220840 PIRIPIRI,63,13,76.0,220840,Piripiri,  2 208 403 ,65538.0,1.1596325795721567
220850 PORTO,17,0,17.0,220850,Porto,  2 208 502 ,12052.0,1.4105542648523066
220855 PORTO ALEGRE DO PIAUI,3,0,3.0,220855,Porto Alegre do Piauí,  2 208 551 ,2364.0,1.2690355329949237
220860 PRATA DO PIAUI,16,0,16.0,220860,Prata do Piauí,  2 208 601 ,3042.0,5.259697567389876
220870 REDENCAO DO GURGUEIA,19,0,19.0,220870,Redenção do Gurguéia,  2 208 700 ,8394.0,2.2635215630212056
220880 REGENERACAO,29,0,29.0,220880,Regeneração,  2 208 809 ,17133.0,1.6926399346290784
220890 RIBEIRO GONCALVES,17,0,17.0,220890,Ribeiro Gonçalves,  2 208 908 ,6164.0,2.7579493835171967
220900 RIO GRANDE DO PIAUI,2,0,2.0,220900,Rio Grande do Piauí,  2 209 005 ,5801.0,0.34476814342354767
220910 SANTA CRUZ DO PIAUI,11,0,11.0,220910,Santa Cruz do Piauí,  2 209 104 ,5831.0,1.886468873263591
220920 SANTA FILOMENA,10,0,10.0,220920,Santa Filomena,  2 209 203 ,6087.0,1.6428454082470838
220937 SANTA ROSA DO PIAUI,8,8,16.0,220937,Santa Rosa do Piauí,  2 209 377 ,4650.0,3.4408602150537635
220940 SANTO ANTONIO DE LISBOA,4,0,4.0,220940,Santo Antônio de Lisboa,  2 209 401 ,5839.0,0.685048809727693
220950 SANTO INACIO DO PIAUI,7,0,7.0,220950,Santo Inácio do Piauí,  2 209 500 ,3646.0,1.9199122325836533
220960 SAO FELIX DO PIAUI,20,0,20.0,220960,São Félix do Piauí,  2 209 609 ,2842.0,7.037297677691766
220970 SAO FRANCISCO DO PIAUI,7,0,7.0,220970,São Francisco do Piauí,  2 209 708 ,5392.0,1.2982195845697329
220980 SAO GONCALO DO PIAUI,12,0,12.0,220980,São Gonçalo do Piauí,  2 209 807 ,4837.0,2.4808765763903247
220990 SAO JOAO DA SERRA,12,0,12.0,220990,São João da Serra,  2 209 906 ,6114.0,1.9627085377821392
221000 SAO JOAO DO PIAUI,73,0,73.0,221000,São João do Piauí,  2 210 003 ,21421.0,3.40787078100929
221010 SAO JOSE DO PEIXE,6,0,6.0,221010,São José do Peixe,  2 210 102 ,3297.0,1.8198362147406735
221020 SAO JOSE DO PIAUI,8,0,8.0,221020,São José do Piauí,  2 210 201 ,6597.0,1.2126724268606943
221030 SAO JULIAO,29,0,29.0,221030,São Julião,  2 210 300 ,6025.0,4.813278008298756
221040 SAO MIGUEL DO TAPUIO,26,13,39.0,221040,São Miguel do Tapuio,  2 210 409 ,17554.0,2.2217158482397177
221050 SAO PEDRO DO PIAUI,41,0,41.0,221050,São Pedro do Piauí,  2 210 508 ,13755.0,2.9807342784442024
221060 SAO RAIMUNDO NONATO,222,3,225.0,221060,São Raimundo Nonato,  2 210 607 ,38934.0,5.779010633379565
221070 SIMOES,52,0,52.0,221070,Simões,  2 210 706 ,14350.0,3.6236933797909407
221080 SIMPLICIO MENDES,29,0,29.0,221080,Simplício Mendes,  2 210 805 ,13870.0,2.090843547224225
221090 SOCORRO DO PIAUI,12,0,12.0,221090,Socorro do Piauí,  2 210 904 ,4141.0,2.8978507606858246
221100 TERESINA,2195,995,3190.0,221100,Teresina,  2 211 001 ,866300.0,3.6823271384047094
221110 UNIAO,50,0,50.0,221110,União,  2 211 100 ,46119.0,1.0841518679936684
221120 URUCUI,40,0,40.0,221120,Uruçuí,  2 211 209 ,25203.0,1.5871126453200015
221130 VALENCA DO PIAUI,55,0,55.0,221130,Valença do Piauí,  2 211 308 ,22279.0,2.4686924906862964
221140 VARZEA GRANDE,14,0,14.0,221140,Várzea Grande,  2 211 407 ,4417.0,3.1695721077654517
221170 WALL FERRAZ,19,0,19.0,221170,Wall Ferraz,  2 211 704 ,4059.0,4.680955900468096
230020 ACARAU,70,4,74.0,230020,Acaraú,  2 300 200 ,65264.0,1.1338563373375827
230030 ACOPIARA,94,0,94.0,230030,Acopiara,  2 300 309 ,44962.0,2.090654330323384
230040 AIUABA,34,0,34.0,230040,Aiuaba,  2 300 408 ,14076.0,2.4154589371980677
230060 ALTANEIRA,19,0,19.0,230060,Altaneira,  2 300 606 ,6782.0,2.8015334709525215
230070 ALTO SANTO,33,0,33.0,230070,Alto Santo,  2 300 705 ,14155.0,2.3313316849169907
230075 AMONTADA,44,0,44.0,230075,Amontada,  2 300 754 ,42156.0,1.0437422905398994
230080 ANTONINA DO NORTE,16,0,16.0,230080,Antonina do Norte,  2 300 804 ,7245.0,2.2084195997239475
230090 APUIARES,13,0,13.0,230090,Apuiarés,  2 300 903 ,12928.0,1.005569306930693
230100 AQUIRAZ,46,92,138.0,230100,Aquiraz,  2 301 000 ,80645.0,1.7112034224068449
230110 ARACATI,106,14,120.0,230110,Aracati,  2 301 109 ,75113.0,1.5975929599403564
230120 ARACOIABA,64,0,64.0,230120,Aracoiaba,  2 301 208 ,25553.0,2.504598285915548
230125 ARARENDA,29,0,29.0,230125,Ararendá,  2 301 257 ,11096.0,2.613554434030281
230130 ARARIPE,42,0,42.0,230130,Araripe,  2 301 307 ,19783.0,2.1230349289794264
230140 ARATUBA,11,0,11.0,230140,Aratuba,  2 301 406 ,11224.0,0.9800427655024947
230150 ARNEIROZ,20,0,20.0,230150,Arneiroz,  2 301 505 ,7429.0,2.6921523758244716
230160 ASSARE,46,0,46.0,230160,Assaré,  2 301 604 ,21697.0,2.120108770797806
230170 AURORA,89,0,89.0,230170,Aurora,  2 301 703 ,23714.0,3.75305726575019
230180 BAIXIO,19,0,19.0,230180,Baixio,  2 301 802 ,5704.0,3.3309957924263673
230185 BANABUIU,17,0,17.0,230185,Banabuiú,  2 301 851 ,17195.0,0.9886594940389647
230190 BARBALHA,350,89,439.0,230190,Barbalha,  2 301 901 ,75033.0,5.8507589993736095
230195 BARREIRA,21,0,21.0,230195,Barreira,  2 301 950 ,22392.0,0.9378349410503751
230200 BARRO,23,0,23.0,230200,Barro,  2 302 008 ,19381.0,1.1867292709354522
230205 BARROQUINHA,9,0,9.0,230205,Barroquinha,  2 302 057 ,14567.0,0.6178348321548706
230210 BATURITE,51,27,78.0,230210,Baturité,  2 302 107 ,35218.0,2.2147765347265604
230220 BEBERIBE,52,0,52.0,230220,Beberibe,  2 302 206 ,53114.0,0.9790262454343487
230230 BELA CRUZ,33,0,33.0,230230,Bela Cruz,  2 302 305 ,32775.0,1.0068649885583525
230240 BOA VIAGEM,66,8,74.0,230240,Boa Viagem,  2 302 404 ,50411.0,1.4679335859237073
230250 BREJO SANTO,244,23,267.0,230250,Brejo Santo,  2 302 503 ,51090.0,5.226071638285379
230260 CAMOCIM,95,1,96.0,230260,Camocim,  2 302 602 ,62326.0,1.5402881622436866
230270 CAMPOS SALES,48,0,48.0,230270,Campos Sales,  2 302 701 ,25135.0,1.9096876864929382
230280 CANINDE,118,14,132.0,230280,Canindé,  2 302 800 ,74174.0,1.779599320516623
230290 CAPISTRANO,14,0,14.0,230290,Capistrano,  2 302 909 ,17254.0,0.8114060507708357
230300 CARIDADE,21,0,21.0,230300,Caridade,  2 303 006 ,16377.0,1.2822861329913904
230310 CARIRE,18,0,18.0,230310,Cariré,  2 303 105 ,17632.0,1.0208711433756805
230320 CARIRIACU,47,0,47.0,230320,Caririaçu,  2 303 204 ,26320.0,1.7857142857142856
230330 CARIUS,18,0,18.0,230330,Cariús,  2 303 303 ,17015.0,1.057890096973259
230340 CARNAUBAL,16,0,16.0,230340,Carnaubal,  2 303 402 ,17210.0,0.9296920395119117
230350 CASCAVEL,44,0,44.0,230350,Cascavel,  2 303 501 ,72720.0,0.6050605060506051
230360 CATARINA,18,0,18.0,230360,Catarina,  2 303 600 ,10243.0,1.7572976666992093
230365 CATUNDA,20,0,20.0,230365,Catunda,  2 303 659 ,10444.0,1.9149751053236308
230370 CAUCAIA,154,80,234.0,230370,Caucaia,  2 303 709 ,355679.0,0.6578965865288645
230380 CEDRO,58,0,58.0,230380,Cedro,  2 303 808 ,22344.0,2.5957751521661296
230390 CHAVAL,23,0,23.0,230390,Chaval,  2 303 907 ,12462.0,1.845610656395442
230393 CHORO,16,0,16.0,230393,Choró,  2 303 931 ,12113.0,1.3208949062990176
230395 CHOROZINHO,12,0,12.0,230395,Chorozinho,  2 303 956 ,20163.0,0.595149531319744
230400 COREAU,14,0,14.0,230400,Coreaú,  2 304 004 ,20953.0,0.6681620770295423
230410 CRATEUS,162,24,186.0,230410,Crateús,  2 304 103 ,76390.0,2.4348736745647335
230420 CRATO,221,93,314.0,230420,Crato,  2 304 202 ,131050.0,2.396032048836322
230423 CROATA,41,0,41.0,230423,Croatá,  2 304 236 ,17481.0,2.3454035810308334
230425 CRUZ,56,0,56.0,230425,Cruz,  2 304 251 ,29761.0,1.8816572023789522
230426 DEPUTADO IRAPUAN PINHEIRO,12,0,12.0,230426,Deputado Irapuan Pinheiro,  2 304 269 ,8932.0,1.3434841021047916
230427 ERERE,9,0,9.0,230427,Ereré,  2 304 277 ,6474.0,1.3901760889712698
230428 EUSEBIO,54,50,104.0,230428,Eusébio,  2 304 285 ,74170.0,1.4021841714979102
230430 FARIAS BRITO,41,0,41.0,230430,Farias Brito,  2 304 301 ,18217.0,2.2506450019212827
230435 FORQUILHA,8,0,8.0,230435,Forquilha,  2 304 350 ,24173.0,0.33094775162371237
230440 FORTALEZA,5692,3280,8972.0,230440,Fortaleza,  2 304 400 ,2428708.0,3.6941451998346446
230445 FORTIM,17,0,17.0,230445,Fortim,  2 304 459 ,17294.0,0.9829998843529548
230450 FRECHEIRINHA,16,0,16.0,230450,Frecheirinha,  2 304 509 ,15657.0,1.0219071341891806
230460 GENERAL SAMPAIO,13,0,13.0,230460,General Sampaio,  2 304 608 ,6734.0,1.9305019305019306
230470 GRANJA,58,0,58.0,230470,Granja,  2 304 707 ,53344.0,1.0872825434913018
230480 GRANJEIRO,25,0,25.0,230480,Granjeiro,  2 304 806 ,4841.0,5.16422226812642
230490 GROAIRAS,19,0,19.0,230490,Groaíras,  2 304 905 ,10910.0,1.7415215398716772
230495 GUAIUBA,20,0,20.0,230495,Guaiúba,  2 304 954 ,24325.0,0.8221993833504625
230500 GUARACIABA DO NORTE,60,0,60.0,230500,Guaraciaba do Norte,  2 305 001 ,42053.0,1.4267709794782775
230510 GUARAMIRANGA,11,0,11.0,230510,Guaramiranga,  2 305 100 ,5654.0,1.9455252918287937
230520 HIDROLANDIA,34,0,34.0,230520,Hidrolândia,  2 305 209 ,17855.0,1.9042285074208904
230523 HORIZONTE,71,0,71.0,230523,Horizonte,  2 305 233 ,74755.0,0.9497692462042673
230526 IBARETAMA,21,0,21.0,230526,Ibaretama,  2 305 266 ,11956.0,1.756440281030445
230530 IBIAPINA,50,0,50.0,230530,Ibiapina,  2 305 308 ,23965.0,2.0863759649488838
230533 IBICUITINGA,7,0,7.0,230533,Ibicuitinga,  2 305 332 ,11611.0,0.6028765825510293
230535 ICAPUI,16,0,16.0,230535,Icapuí,  2 305 357 ,21433.0,0.7465123874399291
230540 ICO,118,0,118.0,230540,Icó,  2 305 407 ,62642.0,1.8837201877334695
230550 IGUATU,249,30,279.0,230550,Iguatu,  2 305 506 ,98064.0,2.845080763582966
230560 INDEPENDENCIA,38,0,38.0,230560,Independência,  2 305 605 ,24024.0,1.5817515817515817
230565 IPAPORANGA,18,0,18.0,230565,Ipaporanga,  2 305 654 ,11575.0,1.5550755939524836
230570 IPAUMIRIM,26,0,26.0,230570,Ipaumirim,  2 305 704 ,12083.0,2.151783497475792
230580 IPU,72,81,153.0,230580,Ipu,  2 305 803 ,41081.0,3.724349455952874
230590 IPUEIRAS,40,7,47.0,230590,Ipueiras,  2 305 902 ,36798.0,1.277243328441763
230600 IRACEMA,33,0,33.0,230600,Iracema,  2 306 009 ,14001.0,2.3569745018212984
230610 IRAUCUBA,21,0,21.0,230610,Irauçuba,  2 306 108 ,23915.0,0.8781099728204056
230620 ITAICABA,17,0,17.0,230620,Itaiçaba,  2 306 207 ,7536.0,2.2558386411889595
230625 ITAITINGA,28,0,28.0,230625,Itaitinga,  2 306 256 ,64650.0,0.43310131477184843
230630 ITAPAGE,34,2,36.0,230630,Itapajé,  2 306 306 ,46426.0,0.7754275621419032
230640 ITAPIPOCA,148,31,179.0,230640,Itapipoca,  2 306 405 ,131123.0,1.3651304500354629
230650 ITAPIUNA,28,0,28.0,230650,Itapiúna,  2 306 504 ,17841.0,1.5694187545541167
230655 ITAREMA,44,0,44.0,230655,Itarema,  2 306 553 ,42957.0,1.0242800940475358
230670 JAGUARETAMA,22,0,22.0,230670,Jaguaretama,  2 306 702 ,17232.0,1.27669452181987
230680 JAGUARIBARA,26,0,26.0,230680,Jaguaribara,  2 306 801 ,10356.0,2.510621861722673
230690 JAGUARIBE,43,0,43.0,230690,Jaguaribe,  2 306 900 ,33726.0,1.2749807270355216
230700 JAGUARUANA,38,0,38.0,230700,Jaguaruana,  2 307 007 ,31701.0,1.1987003564556324
230710 JARDIM,49,0,49.0,230710,Jardim,  2 307 106 ,27411.0,1.7876035168363067
230720 JATI,33,0,33.0,230720,Jati,  2 307 205 ,7861.0,4.1979391934868335
230725 JIJOCA DE JERICOACOARA,20,0,20.0,230725,Jijoca de Jericoacoara,  2 307 254 ,25555.0,0.782625709254549
230730 JUAZEIRO DO NORTE,433,79,512.0,230730,Juazeiro do Norte,  2 307 304 ,286120.0,1.7894589682650637
230740 JUCAS,51,0,51.0,230740,Jucás,  2 307 403 ,23922.0,2.131928768497617
230750 LAVRAS DA MANGABEIRA,49,4,53.0,230750,Lavras da Mangabeira,  2 307 502 ,30802.0,1.7206674891240827
230760 LIMOEIRO DO NORTE,141,16,157.0,230760,Limoeiro do Norte,  2 307 601 ,59560.0,2.635997313633311
230763 MADALENA,24,0,24.0,230763,Madalena,  2 307 635 ,16896.0,1.4204545454545454
230765 MARACANAU,262,64,326.0,230765,Maracanaú,  2 307 650 ,234509.0,1.3901385447893257
230770 MARANGUAPE,44,60,104.0,230770,Maranguape,  2 307 700 ,105093.0,0.989599687895483
230780 MARCO,43,0,43.0,230780,Marco,  2 307 809 ,25799.0,1.6667312686538238
230790 MARTINOPOLE,12,0,12.0,230790,Martinópole,  2 307 908 ,10846.0,1.106398672321593
230800 MASSAPE,34,0,34.0,230800,Massapê,  2 308 005 ,37697.0,0.9019285354272223
230810 MAURITI,54,0,54.0,230810,Mauriti,  2 308 104 ,45561.0,1.1852242049120958
230820 MERUOCA,20,0,20.0,230820,Meruoca,  2 308 203 ,15157.0,1.3195223329154846
230830 MILAGRES,101,3,104.0,230830,Milagres,  2 308 302 ,25900.0,4.015444015444015
230835 MILHA,28,0,28.0,230835,Milhã,  2 308 351 ,14123.0,1.9825816044749698
230837 MIRAIMA,8,0,8.0,230837,Miraíma,  2 308 377 ,14196.0,0.5635390250774865
230840 MISSAO VELHA,68,0,68.0,230840,Missão Velha,  2 308 401 ,36822.0,1.8467220683287164
230850 MOMBACA,65,0,65.0,230850,Mombaça,  2 308 500 ,37735.0,1.7225387571220352
230860 MONSENHOR TABOSA,49,0,49.0,230860,Monsenhor Tabosa,  2 308 609 ,17149.0,2.8573094641086945
230870 MORADA NOVA,50,124,174.0,230870,Morada Nova,  2 308 708 ,61443.0,2.83189297397588
230880 MORAUJO,17,0,17.0,230880,Moraújo,  2 308 807 ,8254.0,2.059607463048219
230890 MORRINHOS,21,0,21.0,230890,Morrinhos,  2 308 906 ,22753.0,0.9229552146969631
230900 MUCAMBO,40,0,40.0,230900,Mucambo,  2 309 003 ,13666.0,2.926972047416947
230910 MULUNGU,9,0,9.0,230910,Mulungu,  2 309 102 ,10569.0,0.8515469770082316
230920 NOVA OLINDA,20,0,20.0,230920,Nova Olinda,  2 309 201 ,15399.0,1.2987856354308722
230930 NOVA RUSSAS,43,0,43.0,230930,Nova Russas,  2 309 300 ,30699.0,1.4006970911104597
230940 NOVO ORIENTE,25,0,25.0,230940,Novo Oriente,  2 309 409 ,27545.0,0.9076057360682519
230945 OCARA,19,0,19.0,230945,Ocara,  2 309 458 ,24493.0,0.7757318417507043
230950 OROS,37,0,37.0,230950,Orós,  2 309 508 ,19675.0,1.880559085133418
230960 PACAJUS,53,0,53.0,230960,Pacajus,  2 309 607 ,70983.0,0.7466576504233408
230970 PACATUBA,38,5,43.0,230970,Pacatuba,  2 309 706 ,81524.0,0.5274520386634611
230980 PACOTI,20,0,20.0,230980,Pacoti,  2 309 805 ,11186.0,1.7879492222420883
231000 PALHANO,12,0,12.0,231000,Palhano,  2 310 001 ,9346.0,1.2839717526214423
231010 PALMACIA,16,0,16.0,231010,Palmácia,  2 310 100 ,10242.0,1.5621948838117556
231020 PARACURU,41,0,41.0,231020,Paracuru,  2 310 209 ,38980.0,1.051821446895844
231025 PARAIPABA,25,0,25.0,231025,Paraipaba,  2 310 258 ,32216.0,0.7760119195430842
231030 PARAMBU,49,0,49.0,231030,Parambu,  2 310 308 ,31445.0,1.5582763555414216
231040 PARAMOTI,28,0,28.0,231040,Paramoti,  2 310 407 ,10384.0,2.6964560862865947
231050 PEDRA BRANCA,51,0,51.0,231050,Pedra Branca,  2 310 506 ,40187.0,1.2690671112548835
231060 PENAFORTE,22,0,22.0,231060,Penaforte,  2 310 605 ,8972.0,2.452073116362015
231070 PENTECOSTE,58,0,58.0,231070,Pentecoste,  2 310 704 ,37813.0,1.533864015021289
231080 PEREIRO,25,0,25.0,231080,Pereiro,  2 310 803 ,15274.0,1.6367683645410502
231085 PINDORETAMA,16,0,16.0,231085,Pindoretama,  2 310 852 ,23391.0,0.6840237698260014
231090 PIQUET CARNEIRO,32,0,32.0,231090,Piquet Carneiro,  2 310 902 ,16616.0,1.9258545979778525
231095 PIRES FERREIRA,21,0,21.0,231095,Pires Ferreira,  2 310 951 ,10606.0,1.9800113143503677
231100 PORANGA,21,0,21.0,231100,Poranga,  2 311 009 ,12065.0,1.740571902196436
231110 PORTEIRAS,24,0,24.0,231110,Porteiras,  2 311 108 ,17050.0,1.4076246334310851
231120 POTENGI,18,0,18.0,231120,Potengi,  2 311 207 ,8833.0,2.0378127476508547
231123 POTIRETAMA,13,0,13.0,231123,Potiretama,  2 311 231 ,5974.0,2.176096417810512
231126 QUITERIANOPOLIS,29,0,29.0,231126,Quiterianópolis,  2 311 264 ,20213.0,1.4347202295552368
231130 QUIXADA,156,6,162.0,231130,Quixadá,  2 311 306 ,84168.0,1.924721984602224
231135 QUIXELO,24,0,24.0,231135,Quixelô,  2 311 355 ,15910.0,1.508485229415462
231140 QUIXERAMOBIM,322,0,322.0,231140,Quixeramobim,  2 311 405 ,82177.0,3.9183713204424593
231150 QUIXERE,25,0,25.0,231150,Quixeré,  2 311 504 ,20874.0,1.197662163456932
231160 REDENCAO,50,0,50.0,231160,Redenção,  2 311 603 ,27214.0,1.8372896303373263
231170 RERIUTABA,28,0,28.0,231170,Reriutaba,  2 311 702 ,18606.0,1.5048908954100828
231180 RUSSAS,97,121,218.0,231180,Russas,  2 311 801 ,72928.0,2.989249670908293
231190 SABOEIRO,37,0,37.0,231190,Saboeiro,  2 311 900 ,13854.0,2.67070882055724
231195 SALITRE,14,0,14.0,231195,Salitre,  2 311 959 ,16633.0,0.8417002344736367
231200 SANTANA DO ACARAU,40,0,40.0,231200,Santana do Acaraú,  2 312 007 ,30628.0,1.3059945148230376
231210 SANTANA DO CARIRI,21,0,21.0,231210,Santana do Cariri,  2 312 106 ,16954.0,1.2386457473162675
231220 SANTA QUITERIA,51,2,53.0,231220,Santa Quitéria,  2 312 205 ,40183.0,1.3189657317771197
231230 SAO BENEDITO,75,14,89.0,231230,São Benedito,  2 312 304 ,47640.0,1.8681780016792613
231240 SAO GONCALO DO AMARANTE,44,0,44.0,231240,São Gonçalo do Amarante,  2 312 403 ,54143.0,0.8126627634227878
231260 SAO LUIS DO CURU,22,0,22.0,231260,São Luís do Curu,  2 312 601 ,10822.0,2.032895952688967
231270 SENADOR POMPEU,53,0,53.0,231270,Senador Pompeu,  2 312 700 ,24266.0,2.184125937525756
231290 SOBRAL,814,54,868.0,231290,Sobral,  2 312 908 ,203023.0,4.275377666569797
231300 SOLONOPOLE,33,0,33.0,231300,Solonópole,  2 313 005 ,18179.0,1.815281368612135
231310 TABULEIRO DO NORTE,62,0,62.0,231310,Tabuleiro do Norte,  2 313 104 ,30652.0,2.0227065118099965
231320 TAMBORIL,59,0,59.0,231320,Tamboril,  2 313 203 ,24815.0,2.3775941970582313
231325 TARRAFAS,16,0,16.0,231325,Tarrafas,  2 313 252 ,7529.0,2.1251162172931335
231330 TAUA,129,1,130.0,231330,Tauá,  2 313 302 ,61227.0,2.123246280235844
231335 TEJUCUOCA,16,0,16.0,231335,Tejuçuoca,  2 313 351 ,17154.0,0.9327270607438498
231340 TIANGUA,124,0,124.0,231340,Tianguá,  2 313 401 ,81506.0,1.5213603906460873
231350 TRAIRI,44,0,44.0,231350,Trairi,  2 313 500 ,58415.0,0.7532311906188479
231355 TURURU,13,0,13.0,231355,Tururu,  2 313 559 ,15412.0,0.8434985725408772
231360 UBAJARA,69,0,69.0,231360,Ubajara,  2 313 609 ,32767.0,2.1057771538438064
231370 UMARI,21,0,21.0,231370,Umari,  2 313 708 ,6871.0,3.056323679231553
231375 UMIRIM,13,0,13.0,231375,Umirim,  2 313 757 ,17470.0,0.7441327990841442
231380 URUBURETAMA,25,0,25.0,231380,Uruburetama,  2 313 807 ,20189.0,1.2382980831145673
231390 URUOCA,19,0,19.0,231390,Uruoca,  2 313 906 ,13746.0,1.3822202822639313
231395 VARJOTA,19,0,19.0,231395,Varjota,  2 313 955 ,18105.0,1.0494338580502625
231400 VARZEA ALEGRE,65,2,67.0,231400,Várzea Alegre,  2 314 003 ,38984.0,1.7186538066899242
231410 VICOSA DO CEARA,74,0,74.0,231410,Viçosa do Ceará,  2 314 102 ,59712.0,1.2392818863879955
240010 ACARI,37,6,43.0,240010,Acari,  2 400 109 ,10597.0,4.057752194017175
240020 ACU,34,9,43.0,240020,Açu,  2 400 208 ,56496.0,0.7611158312092892
240030 AFONSO BEZERRA,16,0,16.0,240030,Afonso Bezerra,  2 400 307 ,10839.0,1.4761509364332503
240050 ALEXANDRIA,124,0,124.0,240050,Alexandria,  2 400 505 ,13640.0,9.09090909090909
240060 ALMINO AFONSO,50,0,50.0,240060,Almino Afonso,  2 400 604 ,4687.0,10.667804565820354
240070 ALTO DO RODRIGUES,21,0,21.0,240070,Alto do Rodrigues,  2 400 703 ,12484.0,1.682153156039731
240080 ANGICOS,28,0,28.0,240080,Angicos,  2 400 802 ,11632.0,2.407152682255846
240090 ANTONIO MARTINS,32,0,32.0,240090,Antônio Martins,  2 400 901 ,6577.0,4.865440170290406
240100 APODI,71,0,71.0,240100,Apodi,  2 401 008 ,36093.0,1.9671404427451304
240110 AREIA BRANCA,34,0,34.0,240110,Areia Branca,  2 401 107 ,24093.0,1.4111982733574069
240120 ARES,9,0,9.0,240120,Arês,  2 401 206 ,13251.0,0.6791940230925968
240140 BAIA FORMOSA,9,0,9.0,240140,Baía Formosa,  2 401 404 ,8825.0,1.019830028328612
240145 BARAUNA,21,0,21.0,240145,Baraúna,  2 401 453 ,26913.0,0.7802920521680973
240150 BARCELONA,1,0,1.0,240150,Barcelona,  2 401 503 ,3986.0,0.2508780732563974
240160 BENTO FERNANDES,15,0,15.0,240160,Bento Fernandes,  2 401 602 ,4807.0,3.1204493447056376
240170 BOM JESUS,10,0,10.0,240170,Bom Jesus,  2 401 701 ,9952.0,1.0048231511254018
240180 BREJINHO,14,0,14.0,240180,Brejinho,  2 401 800 ,12202.0,1.1473528929683658
240185 CAICARA DO NORTE,6,0,6.0,240185,Caiçara do Norte,  2 401 859 ,6293.0,0.9534403305259812
240190 CAICARA DO RIO DO VENTO,8,0,8.0,240190,Caiçara do Rio do Vento,  2 401 909 ,3268.0,2.4479804161566707
240200 CAICO,141,22,163.0,240200,Caicó,  2 402 006 ,61146.0,2.665750825892127
240230 CARAUBAS,32,0,32.0,240230,Caraúbas,  2 402 303 ,19727.0,1.6221422415978102
240240 CARNAUBA DOS DANTAS,18,0,18.0,240240,Carnaúba dos Dantas,  2 402 402 ,7992.0,2.2522522522522523
240250 CARNAUBAIS,6,0,6.0,240250,Carnaubais,  2 402 501 ,9714.0,0.6176652254478073
240260 CEARA-MIRIM,52,0,52.0,240260,Ceará-Mirim,  2 402 600 ,79115.0,0.6572710611135688
240270 CERRO CORA,24,0,24.0,240270,Cerro Corá,  2 402 709 ,11000.0,2.181818181818182
240280 CORONEL EZEQUIEL,3,0,3.0,240280,Coronel Ezequiel,  2 402 808 ,5117.0,0.586281024037522
240290 CORONEL JOAO PESSOA,9,0,9.0,240290,Coronel João Pessoa,  2 402 907 ,4237.0,2.124144441822044
240300 CRUZETA,12,0,12.0,240300,Cruzeta,  2 403 004 ,8005.0,1.499063085571518
240310 CURRAIS NOVOS,92,20,112.0,240310,Currais Novos,  2 403 103 ,41313.0,2.711011061893351
240320 DOUTOR SEVERIANO,12,0,12.0,240320,Doutor Severiano,  2 403 202 ,7044.0,1.7035775127768313
240325 PARNAMIRIM,171,15,186.0,240325,Parnamirim,  2 403 251 ,252716.0,0.7360040519792969
240330 ENCANTO,8,0,8.0,240330,Encanto,  2 403 301 ,6016.0,1.3297872340425532
240340 EQUADOR,20,0,20.0,240340,Equador,  2 403 400 ,5360.0,3.7313432835820897
240360 EXTREMOZ,20,0,20.0,240360,Extremoz,  2 403 608 ,61635.0,0.3244909548146346
240370 FELIPE GUERRA,15,0,15.0,240370,Felipe Guerra,  2 403 707 ,5944.0,2.5235531628532972
240380 FLORANIA,10,0,10.0,240380,Florânia,  2 403 806 ,10196.0,0.9807767752059631
240400 FRUTUOSO GOMES,6,0,6.0,240400,Frutuoso Gomes,  2 404 002 ,4122.0,1.455604075691412
240420 GOIANINHA,25,0,25.0,240420,Goianinha,  2 404 200 ,26741.0,0.9348939830223252
240430 GOVERNADOR DIX-SEPT ROSADO,12,0,12.0,240430,Governador Dix-Sept Rosado,  2 404 309 ,11938.0,1.0051934997487015
240440 GROSSOS,13,0,13.0,240440,Grossos,  2 404 408 ,9924.0,1.3099556630390972
240450 GUAMARE,44,0,44.0,240450,Guamaré,  2 404 507 ,15295.0,2.876757110166721
240485 ITAJA,8,0,8.0,240485,Itajá,  2 404 853 ,7292.0,1.0970927043335161
240490 ITAU,15,0,15.0,240490,Itaú,  2 404 903 ,5320.0,2.819548872180451
240500 JACANA,2,0,2.0,240500,Jaçanã,  2 405 009 ,7834.0,0.2552974214960429
240510 JANDAIRA,3,0,3.0,240510,Jandaíra,  2 405 108 ,6562.0,0.4571776897287413
240520 JANDUIS,20,0,20.0,240520,Janduís,  2 405 207 ,4746.0,4.214075010535187
240530 JANUARIO CICCO,12,0,12.0,240530,Januário Cicco,  2 405 306 ,9051.0,1.325820351342393
240540 JAPI,1,0,1.0,240540,Japi,  2 405 405 ,5117.0,0.19542700801250731
240550 JARDIM DE ANGICOS,3,0,3.0,240550,Jardim de Angicos,  2 405 504 ,2437.0,1.2310217480508823
240560 JARDIM DE PIRANHAS,25,0,25.0,240560,Jardim de Piranhas,  2 405 603 ,13977.0,1.7886527867210418
240570 JARDIM DO SERIDO,30,2,32.0,240570,Jardim do Seridó,  2 405 702 ,11655.0,2.7456027456027456
240580 JOAO CAMARA,29,0,29.0,240580,João Câmara,  2 405 801 ,33290.0,0.8711324722138781
240590 JOAO DIAS,2,0,2.0,240590,João Dias,  2 405 900 ,2076.0,0.9633911368015414
240600 JOSE DA PENHA,10,0,10.0,240600,José da Penha,  2 406 007 ,5803.0,1.7232465965879717
240610 JUCURUTU,48,0,48.0,240610,Jucurutu,  2 406 106 ,17793.0,2.6976901028494353
240620 LAGOA D'ANTA,10,0,10.0,240620,Lagoa d'Anta,  2 406 205 ,6654.0,1.5028554253080855
240650 LAGOA NOVA,24,0,24.0,240650,Lagoa Nova,  2 406 502 ,15573.0,1.541128876902331
240670 LAJES,31,0,31.0,240670,Lajes,  2 406 700 ,9866.0,3.142104196229475
240690 LUCRECIA,12,0,12.0,240690,Lucrécia,  2 406 908 ,3490.0,3.438395415472779
240700 LUIS GOMES,30,0,30.0,240700,Luís Gomes,  2 407 005 ,9070.0,3.3076074972436604
240710 MACAIBA,52,6,58.0,240710,Macaíba,  2 407 104 ,82249.0,0.7051757468175904
240720 MACAU,72,0,72.0,240720,Macau,  2 407 203 ,27369.0,2.6307135810588624
240725 MAJOR SALES,12,0,12.0,240725,Major Sales,  2 407 252 ,3924.0,3.058103975535168
240730 MARCELINO VIEIRA,15,0,15.0,240730,Marcelino Vieira,  2 407 302 ,7896.0,1.899696048632219
240740 MARTINS,12,0,12.0,240740,Martins,  2 407 401 ,8179.0,1.4671720259200391
240760 MESSIAS TARGINO,16,0,16.0,240760,Messias Targino,  2 407 609 ,4274.0,3.743565746373421
240770 MONTANHAS,6,0,6.0,240770,Montanhas,  2 407 708 ,11444.0,0.5242922055225446
240780 MONTE ALEGRE,14,1,15.0,240780,Monte Alegre,  2 407 807 ,23031.0,0.6512960791976032
240790 MONTE DAS GAMELEIRAS,13,0,13.0,240790,Monte das Gameleiras,  2 407 906 ,2276.0,5.711775043936732
240800 MOSSORO,690,208,898.0,240800,Mossoró,  2 408 003 ,264577.0,3.394096992557932
240810 NATAL,2278,1292,3570.0,240810,Natal,  2 408 102 ,751300.0,4.7517636097431115
240820 NISIA FLORESTA,1,24,25.0,240820,Nísia Floresta,  2 408 201 ,31942.0,0.7826685868135997
240830 NOVA CRUZ,43,0,43.0,240830,Nova Cruz,  2 408 300 ,34269.0,1.2547783711225888
240840 OLHO-D'AGUA DO BORGES,10,0,10.0,240840,Olho d'Água do Borges,  2 408 409 ,3905.0,2.560819462227913
240860 PARANA,4,0,4.0,240860,Paraná,  2 408 607 ,3934.0,1.0167768174885612
240880 PARAZINHO,6,0,6.0,240880,Parazinho,  2 408 805 ,4801.0,1.2497396375755052
240890 PARELHAS,50,5,55.0,240890,Parelhas,  2 408 904 ,21499.0,2.558258523652263
240895 RIO DO FOGO,14,0,14.0,240895,Rio do Fogo,  2 408 953 ,10351.0,1.3525263259588445
240910 PASSA E FICA,30,0,30.0,240910,Passa e Fica,  2 409 100 ,10896.0,2.7533039647577096
240930 PATU,40,5,45.0,240930,Patu,  2 409 308 ,11007.0,4.088307440719542
240940 PAU DOS FERROS,159,14,173.0,240940,Pau dos Ferros,  2 409 407 ,30479.0,5.67603924013255
240950 PEDRA GRANDE,5,0,5.0,240950,Pedra Grande,  2 409 506 ,3618.0,1.3819789939192924
240960 PEDRA PRETA,4,0,4.0,240960,Pedra Preta,  2 409 605 ,2441.0,1.6386726751331422
240980 PEDRO VELHO,11,0,11.0,240980,Pedro Velho,  2 409 803 ,13824.0,0.7957175925925926
240990 PENDENCIAS,10,0,10.0,240990,Pendências,  2 409 902 ,12278.0,0.8144648965629581
241000 PILOES,10,0,10.0,241000,Pilões,  2 410 009 ,2965.0,3.372681281618887
241010 POCO BRANCO,30,0,30.0,241010,Poço Branco,  2 410 108 ,12390.0,2.4213075060532687
241020 PORTALEGRE,41,0,41.0,241020,Portalegre,  2 410 207 ,7601.0,5.394027101697145
241025 PORTO DO MANGUE,2,0,2.0,241025,Porto do Mangue,  2 410 256 ,5228.0,0.38255547054322875
241030 SERRA CAIADA,6,0,6.0,241030,Serra Caiada,  2 410 306 ,10125.0,0.5925925925925926
241050 RAFAEL FERNANDES,8,0,8.0,241050,Rafael Fernandes,  2 410 504 ,5432.0,1.4727540500736376
241060 RAFAEL GODEIRO,19,0,19.0,241060,Rafael Godeiro,  2 410 603 ,2934.0,6.4758009543285615
241070 RIACHO DA CRUZ,24,0,24.0,241070,Riacho da Cruz,  2 410 702 ,2701.0,8.885597926693817
241080 RIACHO DE SANTANA,6,0,6.0,241080,Riacho de Santana,  2 410 801 ,4127.0,1.4538405621516841
241090 RIACHUELO,12,0,12.0,241090,Riachuelo,  2 410 900 ,7389.0,1.6240357287860332
241100 RODOLFO FERNANDES,18,0,18.0,241100,Rodolfo Fernandes,  2 411 007 ,4242.0,4.243281471004243
241105 TIBAU,14,0,14.0,241105,Tibau,  2 411 056 ,5382.0,2.601263470828688
241110 RUY BARBOSA,1,0,1.0,241110,Ruy Barbosa,  2 411 106 ,3206.0,0.3119151590767311
241120 SANTA CRUZ,121,5,126.0,241120,Santa Cruz,  2 411 205 ,37313.0,3.3768391713343875
241140 SANTANA DO MATOS,25,0,25.0,241140,Santana do Matos,  2 411 403 ,12456.0,2.0070648683365446
241142 SANTANA DO SERIDO,11,0,11.0,241142,Santana do Seridó,  2 411 429 ,2696.0,4.080118694362018
241150 SANTO ANTONIO,50,0,50.0,241150,Santo Antônio,  2 411 502 ,22177.0,2.2545880867565495
241200 SAO GONCALO DO AMARANTE,56,38,94.0,241200,São Gonçalo do Amarante,  2 412 005 ,115838.0,0.8114780987240802
241210 SAO JOAO DO SABUGI,8,0,8.0,241210,São João do Sabugi,  2 412 104 ,5956.0,1.343183344526528
241220 SAO JOSE DE MIPIBU,48,40,88.0,241220,São José de Mipibu,  2 412 203 ,47286.0,1.8610159455229878
241230 SAO JOSE DO CAMPESTRE,16,0,16.0,241230,São José do Campestre,  2 412 302 ,11121.0,1.4387195396097472
241240 SAO JOSE DO SERIDO,12,0,12.0,241240,São José do Seridó,  2 412 401 ,4558.0,2.6327336551118914
241250 SAO MIGUEL,32,0,32.0,241250,São Miguel,  2 412 500 ,23537.0,1.3595615414028976
241255 SAO MIGUEL DO GOSTOSO,3,1,4.0,241255,São Miguel do Gostoso,  2 412 559 ,10221.0,0.3913511398101947
241260 SAO PAULO DO POTENGI,30,1,31.0,241260,São Paulo do Potengi,  2 412 609 ,16786.0,1.8467770761348743
241280 SAO RAFAEL,19,0,19.0,241280,São Rafael,  2 412 807 ,7711.0,2.4640124497471145
241290 SAO TOME,10,0,10.0,241290,São Tomé,  2 412 906 ,9972.0,1.0028078620136383
241300 SAO VICENTE,14,0,14.0,241300,São Vicente,  2 413 003 ,6310.0,2.218700475435816
241310 SENADOR ELOI DE SOUZA,1,0,1.0,241310,Senador Elói de Souza,  2 413 102 ,5965.0,0.16764459346186086
241330 SERRA DE SAO BENTO,12,0,12.0,241330,Serra de São Bento,  2 413 300 ,5703.0,2.1041557075223567
241335 SERRA DO MEL,17,0,17.0,241335,Serra do Mel,  2 413 359 ,13091.0,1.2986020930410205
241340 SERRA NEGRA DO NORTE,22,0,22.0,241340,Serra Negra do Norte,  2 413 409 ,7597.0,2.895879952612874
241355 SERRINHA DOS PINTOS,13,0,13.0,241355,Serrinha dos Pintos,  2 413 557 ,4659.0,2.7902983472848253
241360 SEVERIANO MELO,51,0,51.0,241360,Severiano Melo,  2 413 607 ,5487.0,9.294696555494806
241370 SITIO NOVO,4,0,4.0,241370,Sítio Novo,  2 413 706 ,4654.0,0.8594757198109153
241380 TABOLEIRO GRANDE,14,0,14.0,241380,Taboleiro Grande,  2 413 805 ,2338.0,5.9880239520958085
241390 TAIPU,6,0,6.0,241390,Taipu,  2 413 904 ,11422.0,0.5253020486779899
241400 TANGARA,17,0,17.0,241400,Tangará,  2 414 001 ,13281.0,1.2800240945711918
241410 TENENTE ANANIAS,27,0,27.0,241410,Tenente Ananias,  2 414 100 ,10262.0,2.631066068992399
241415 TENENTE LAURENTINO CRUZ,3,0,3.0,241415,Tenente Laurentino Cruz,  2 414 159 ,5891.0,0.5092514004413513
241420 TIBAU DO SUL,5,0,5.0,241420,Tibau do Sul,  2 414 209 ,16929.0,0.295351172544155
241440 TOUROS,29,1,30.0,241440,Touros,  2 414 407 ,33035.0,0.9081277433025579
241445 TRIUNFO POTIGUAR,12,0,12.0,241445,Triunfo Potiguar,  2 414 456 ,3376.0,3.554502369668246
241460 UPANEMA,13,0,13.0,241460,Upanema,  2 414 605 ,13577.0,0.9575016572144067
241475 VENHA-VER,8,0,8.0,241475,Venha-Ver,  2 414 753 ,3014.0,2.6542800265428004
241480 VERA CRUZ,12,0,12.0,241480,Vera Cruz,  2 414 803 ,10735.0,1.1178388448998602
241490 VICOSA,15,0,15.0,241490,Viçosa,  2 414 902 ,1822.0,8.23271130625686
241500 VILA FLOR,4,0,4.0,241500,Vila Flor,  2 415 008 ,3174.0,1.260239445494644
250010 AGUA BRANCA,20,0,20.0,250010,Água Branca,  2 500 106 ,9335.0,2.1424745581146225
250020 AGUIAR,12,0,12.0,250020,Aguiar,  2 500 205 ,5003.0,2.3985608634819107
250030 ALAGOA GRANDE,46,0,46.0,250030,Alagoa Grande,  2 500 304 ,26062.0,1.7650218709231833
250040 ALAGOA NOVA,28,0,28.0,250040,Alagoa Nova,  2 500 403 ,21013.0,1.3325084471517632
250060 ALHANDRA,10,0,10.0,250060,Alhandra,  2 500 601 ,21730.0,0.4601932811780948
250070 SAO JOAO DO RIO DO PEIXE,32,0,32.0,250070,São João do Rio do Peixe,  2 500 700 ,17964.0,1.7813404586951682
250080 ARACAGI,2,0,2.0,250080,Araçagi,  2 500 809 ,16646.0,0.12014898474107893
250090 ARARA,17,0,17.0,250090,Arara,  2 500 908 ,12212.0,1.39207337045529
250100 ARARUNA,15,0,15.0,250100,Araruna,  2 501 005 ,17189.0,0.872651114084589
250110 AREIA,36,0,36.0,250110,Areia,  2 501 104 ,22633.0,1.5905977996730438
250130 AROEIRAS,40,0,40.0,250130,Aroeiras,  2 501 302 ,18705.0,2.1384656508954825
250150 BANANEIRAS,37,0,37.0,250150,Bananeiras,  2 501 500 ,23134.0,1.5993775395521743
250180 BAYEUX,48,0,48.0,250180,Bayeux,  2 501 807 ,82742.0,0.5801165067317686
250190 BELEM,25,0,25.0,250190,Belém,  2 501 906 ,16401.0,1.5242972989451864
250200 BELEM DO BREJO DO CRUZ,28,3,31.0,250200,Belém do Brejo do Cruz,  2 502 003 ,6268.0,4.9457562220804085
250210 BOA VENTURA,0,3,3.0,250210,Boa Ventura,  2 502 102 ,5207.0,0.5761474937584021
250230 BOM SUCESSO,16,0,16.0,250230,Bom Sucesso,  2 502 300 ,4661.0,3.4327397554172925
250240 BONITO DE SANTA FE,19,0,19.0,250240,Bonito de Santa Fé,  2 502 409 ,10252.0,1.8532969176746001
250250 BOQUEIRAO,29,0,29.0,250250,Boqueirão,  2 502 508 ,17598.0,1.647914535742698
250260 IGARACY,12,0,12.0,250260,Igaracy,  2 502 607 ,5648.0,2.124645892351275
250280 BREJO DO CRUZ,32,0,32.0,250280,Brejo do Cruz,  2 502 805 ,13613.0,2.350694189377801
250290 BREJO DOS SANTOS,26,0,26.0,250290,Brejo dos Santos,  2 502 904 ,5742.0,4.528039010797631
250300 CAAPORA,43,0,43.0,250300,Caaporã,  2 503 001 ,21193.0,2.0289718303213324
250320 CABEDELO,43,0,43.0,250320,Cabedelo,  2 503 209 ,66519.0,0.6464318465400863
250340 CACIMBA DE AREIA,5,0,5.0,250340,Cacimba de Areia,  2 503 407 ,3291.0,1.5192950470981466
250350 CACIMBA DE DENTRO,13,0,13.0,250350,Cacimba de Dentro,  2 503 506 ,16064.0,0.8092629482071714
250370 CAJAZEIRAS,181,62,243.0,250370,Cajazeiras,  2 503 704 ,63239.0,3.842565505463401
250400 CAMPINA GRANDE,1529,429,1958.0,250400,Campina Grande,  2 504 009 ,419379.0,4.668807927912461
250420 CATINGUEIRA,1,0,1.0,250420,Catingueira,  2 504 207 ,4491.0,0.22266755733689603
250430 CATOLE DO ROCHA,64,0,64.0,250430,Catolé do Rocha,  2 504 306 ,30661.0,2.087342226280943
250440 CONCEICAO,58,0,58.0,250440,Conceição,  2 504 405 ,18260.0,3.176341730558598
250460 CONDE,0,100,100.0,250460,Conde,  2 504 603 ,27605.0,3.622532149972831
250480 COREMAS,39,0,39.0,250480,Coremas,  2 504 801 ,14683.0,2.656132942859089
250500 CUBATI,16,0,16.0,250500,Cubati,  2 505 006 ,7580.0,2.1108179419525066
250510 CUITE,67,0,67.0,250510,Cuité,  2 505 105 ,19719.0,3.397738222019372
250570 DONA INES,12,0,12.0,250570,Dona Inês,  2 505 709 ,10380.0,1.1560693641618498
250600 ESPERANCA,26,0,26.0,250600,Esperança,  2 506 004 ,31231.0,0.8325061637475585
250620 FREI MARTINHO,18,0,18.0,250620,Frei Martinho,  2 506 202 ,2846.0,6.324666198172874
250630 GUARABIRA,110,97,207.0,250630,Guarabira,  2 506 301 ,57484.0,3.6010020179528217
250650 GURJAO,4,0,4.0,250650,Gurjão,  2 506 509 ,3242.0,1.2338062924120914
250660 IBIARA,12,0,12.0,250660,Ibiara,  2 506 608 ,5631.0,2.131060202450719
250690 ITABAIANA,46,0,46.0,250690,Itabaiana,  2 506 905 ,23182.0,1.9842981623673541
250700 ITAPORANGA,48,0,48.0,250700,Itaporanga,  2 507 002 ,23940.0,2.0050125313283207
250710 ITAPOROROCA,18,0,18.0,250710,Itapororoca,  2 507 101 ,18382.0,0.9792188010009794
250730 JACARAU,8,0,8.0,250730,Jacaraú,  2 507 309 ,14477.0,0.5526006769358293
250740 JERICO,12,0,12.0,250740,Jericó,  2 507 408 ,7516.0,1.5965939329430547
250750 JOAO PESSOA,1993,1175,3168.0,250750,João Pessoa,  2 507 507 ,833932.0,3.7988708911517968
250770 JUAZEIRINHO,18,1,19.0,250770,Juazeirinho,  2 507 705 ,17007.0,1.1171870406303288
250780 JUNCO DO SERIDO,14,0,14.0,250780,Junco do Seridó,  2 507 804 ,6793.0,2.0609450905343736
250790 JURIPIRANGA,12,0,12.0,250790,Juripiranga,  2 507 903 ,10012.0,1.1985617259288852
250800 JURU,11,0,11.0,250800,Juru,  2 508 000 ,9234.0,1.1912497292614252
250820 LAGOA DE DENTRO,19,0,19.0,250820,Lagoa de Dentro,  2 508 208 ,7819.0,2.4299782580892697
250830 LAGOA SECA,28,0,28.0,250830,Lagoa Seca,  2 508 307 ,27730.0,1.009736747205193
250840 LASTRO,10,0,10.0,250840,Lastro,  2 508 406 ,3162.0,3.1625553447185326
250890 MAMANGUAPE,110,0,110.0,250890,Mamanguape,  2 508 901 ,44599.0,2.466423013968923
250910 MARI,7,0,7.0,250910,Mari,  2 509 107 ,21512.0,0.32539977686872446
250920 MASSARANDUBA,51,0,51.0,250920,Massaranduba,  2 509 206 ,14139.0,3.607044345427541
250970 MONTEIRO,63,15,78.0,250970,Monteiro,  2 509 701 ,32277.0,2.4165814666790593
250990 NATUBA,19,0,19.0,250990,Natuba,  2 509 909 ,8945.0,2.1240916713247624
251010 NOVA FLORESTA,19,0,19.0,251010,Nova Floresta,  2 510 105 ,9724.0,1.95392842451666
251040 OLHO D'AGUA,1,0,1.0,251040,Olho d'Água,  2 510 402 ,6060.0,0.16501650165016502
251080 PATOS,294,116,410.0,251080,Patos,  2 510 808 ,103165.0,3.9742160616488156
251090 PAULISTA,31,0,31.0,251090,Paulista,  2 510 907 ,11834.0,2.619570728409667
251110 PEDRA LAVRADA,20,0,20.0,251110,Pedra Lavrada,  2 511 103 ,6859.0,2.91587694999271
251120 PEDRAS DE FOGO,47,0,47.0,251120,Pedras de Fogo,  2 511 202 ,29662.0,1.584518913087452
251130 PIANCO,127,8,135.0,251130,Piancó,  2 511 301 ,16441.0,8.211179368651543
251140 PICUI,100,0,100.0,251140,Picuí,  2 511 400 ,18333.0,5.454644629902361
251150 PILAR,18,1,19.0,251150,Pilar,  2 511 509 ,12311.0,1.5433352286572986
251180 PIRPIRITUBA,2,0,2.0,251180,Pirpirituba,  2 511 806 ,9340.0,0.2141327623126338
251200 POCINHOS,50,0,50.0,251200,Pocinhos,  2 512 002 ,17469.0,2.86221306314042
251210 POMBAL,94,0,94.0,251210,Pombal,  2 512 101 ,32473.0,2.894712530409879
251230 PRINCESA ISABEL,51,4,55.0,251230,Princesa Isabel,  2 512 309 ,21114.0,2.604906696978308
251250 QUEIMADAS,43,0,43.0,251250,Queimadas,  2 512 507 ,47658.0,0.9022619497251249
251280 RIACHO DOS CAVALOS,8,0,8.0,251280,Riacho dos Cavalos,  2 512 804 ,8493.0,0.9419521959260567
251320 SANTA CRUZ,13,0,13.0,251320,Santa Cruz,  2 513 208 ,5947.0,2.1859761224146625
251335 SANTA INES,10,0,10.0,251335,Santa Inês,  2 513 356 ,3227.0,3.0988534242330337
251340 SANTA LUZIA,36,0,36.0,251340,Santa Luzia,  2 513 406 ,14959.0,2.4065779798114844
251370 SANTA RITA,221,14,235.0,251370,Santa Rita,  2 513 703 ,149910.0,1.5676072310052698
251390 SAO BENTO,47,0,47.0,251390,São Bento,  2 513 901 ,32235.0,1.4580425003877773
251420 SAO JOSE DA LAGOA TAPADA,3,0,3.0,251420,São José da Lagoa Tapada,  2 514 206 ,7126.0,0.42099354476564693
251430 SAO JOSE DE CAIANA,15,0,15.0,251430,São José de Caiana,  2 514 305 ,5034.0,2.9797377830750893
251450 SAO JOSE DE PIRANHAS,17,0,17.0,251450,São José de Piranhas,  2 514 503 ,19067.0,0.8915928043216028
251490 SAO MAMEDE,26,0,26.0,251490,São Mamede,  2 514 909 ,7470.0,3.480589022757697
251530 SAPE,78,1,79.0,251530,Sapé,  2 515 302 ,51306.0,1.5397809223092815
251540 SAO VICENTE DO SERIDO,24,0,24.0,251540,São Vicente do Seridó,  2 515 401 ,10291.0,2.3321348751336117
251550 SERRA BRANCA,58,0,58.0,251550,Serra Branca,  2 515 500 ,13614.0,4.260320258557367
251570 SERRA GRANDE,12,0,12.0,251570,Serra Grande,  2 515 708 ,2942.0,4.078857919782461
251590 SERRARIA,7,0,7.0,251590,Serraria,  2 515 906 ,4885.0,1.4329580348004094
251600 SOLANEA,34,0,34.0,251600,Solânea,  2 516 003 ,26774.0,1.269888697990588
251610 SOLEDADE,22,0,22.0,251610,Soledade,  2 516 102 ,13968.0,1.575028636884307
251620 SOUSA,93,48,141.0,251620,Sousa,  2 516 201 ,67259.0,2.096373719502223
251630 SUME,64,0,64.0,251630,Sumé,  2 516 300 ,17166.0,3.728300128160317
251650 TAPEROA,52,0,52.0,251650,Taperoá,  2 516 508 ,14068.0,3.696332101222633
251660 TAVARES,23,0,23.0,251660,Tavares,  2 516 607 ,14101.0,1.6310899936174739
251670 TEIXEIRA,39,0,39.0,251670,Teixeira,  2 516 706 ,14631.0,2.6655730982161163
251690 UIRAUNA,47,0,47.0,251690,Uiraúna,  2 516 904 ,14930.0,3.1480241125251176
251700 UMBUZEIRO,6,0,6.0,251700,Umbuzeiro,  2 517 001 ,9124.0,0.657606313020605
260005 ABREU E LIMA,24,246,270.0,260005,Abreu e Lima,  2 600 054 ,98462.0,2.7421746460563465
260010 AFOGADOS DA INGAZEIRA,139,30,169.0,260010,Afogados da Ingazeira,  2 600 104 ,40241.0,4.199696826619617
260020 AFRANIO,55,0,55.0,260020,Afrânio,  2 600 203 ,18674.0,2.945271500481953
260030 AGRESTINA,76,32,108.0,260030,Agrestina,  2 600 302 ,23779.0,4.541822616594474
260040 AGUA PRETA,50,0,50.0,260040,Água Preta,  2 600 401 ,26461.0,1.8895733343411059
260050 AGUAS BELAS,33,0,33.0,260050,Águas Belas,  2 600 500 ,41548.0,0.7942620583421585
260060 ALAGOINHA,24,0,24.0,260060,Alagoinha,  2 600 609 ,13542.0,1.7722640673460346
260070 ALIANCA,26,0,26.0,260070,Aliança,  2 600 708 ,35741.0,0.7274558630144651
260080 ALTINHO,24,0,24.0,260080,Altinho,  2 600 807 ,20674.0,1.1608783979878108
260090 AMARAJI,31,0,31.0,260090,Amaraji,  2 600 906 ,18205.0,1.7028288931612194
260100 ANGELIM,12,0,12.0,260100,Angelim,  2 601 003 ,10241.0,1.171760570256811
260105 ARACOIABA,8,0,8.0,260105,Araçoiaba,  2 601 052 ,19243.0,0.4157355921633841
260110 ARARIPINA,238,28,266.0,260110,Araripina,  2 601 102 ,85088.0,3.1261752538548326
260120 ARCOVERDE,154,30,184.0,260120,Arcoverde,  2 601 201 ,77742.0,2.3668030151012323
260130 BARRA DE GUABIRABA,17,0,17.0,260130,Barra de Guabiraba,  2 601 300 ,12263.0,1.3862839435700889
260140 BARREIROS,95,0,95.0,260140,Barreiros,  2 601 409 ,40121.0,2.3678372921911217
260150 BELEM DE MARIA,9,0,9.0,260150,Belém de Maria,  2 601 508 ,10378.0,0.8672191173636539
260160 BELEM DE SAO FRANCISCO,39,0,39.0,260160,Belém do São Francisco,  2 601 607 ,18301.0,2.1310310911972024
260170 BELO JARDIM,51,36,87.0,260170,Belo Jardim,  2 601 706 ,79507.0,1.0942432741771164
260180 BETANIA,24,0,24.0,260180,Betânia,  2 601 805 ,11232.0,2.136752136752137
260190 BEZERROS,171,34,205.0,260190,Bezerros,  2 601 904 ,61694.0,3.322851492851817
260200 BODOCO,29,0,29.0,260200,Bodocó,  2 602 001 ,34478.0,0.8411160740182145
260210 BOM CONSELHO,44,0,44.0,260210,Bom Conselho,  2 602 100 ,44294.0,0.9933625321714002
260220 BOM JARDIM,48,0,48.0,260220,Bom Jardim,  2 602 209 ,37629.0,1.2756118950809217
260230 BONITO,52,0,52.0,260230,Bonito,  2 602 308 ,37474.0,1.3876287559374498
260240 BREJAO,16,0,16.0,260240,Brejão,  2 602 407 ,9079.0,1.7623086242978303
260250 BREJINHO,7,0,7.0,260250,Brejinho,  2 602 506 ,7720.0,0.9067357512953368
260260 BREJO DA MADRE DE DEUS,49,60,109.0,260260,Brejo da Madre de Deus,  2 602 605 ,48648.0,2.2405854300279557
260270 BUENOS AIRES,17,0,17.0,260270,Buenos Aires,  2 602 704 ,12808.0,1.3272954403497814
260280 BUIQUE,67,0,67.0,260280,Buíque,  2 602 803 ,52097.0,1.2860625371902412
260290 CABO DE SANTO AGOSTINHO,183,184,367.0,260290,Cabo de Santo Agostinho,  2 602 902 ,203440.0,1.8039716869838773
260300 CABROBO,76,0,76.0,260300,Cabrobó,  2 603 009 ,30294.0,2.5087476067868226
260310 CACHOEIRINHA,26,0,26.0,260310,Cachoeirinha,  2 603 108 ,19899.0,1.3065983215236945
260320 CAETES,30,0,30.0,260320,Caetés,  2 603 207 ,28827.0,1.0406910188365075
260330 CALCADO,11,0,11.0,260330,Calçado,  2 603 306 ,11093.0,0.9916163346254394
260340 CALUMBI,17,0,17.0,260340,Calumbi,  2 603 405 ,5228.0,3.2517214996174446
260345 CAMARAGIBE,29,105,134.0,260345,Camaragibe,  2 603 454 ,147771.0,0.9068085077586265
260350 CAMOCIM DE SAO FELIX,15,0,15.0,260350,Camocim de São Félix,  2 603 504 ,17419.0,0.8611286526207016
260360 CAMUTANGA,12,0,12.0,260360,Camutanga,  2 603 603 ,7750.0,1.5483870967741935
260370 CANHOTINHO,32,0,32.0,260370,Canhotinho,  2 603 702 ,24329.0,1.3153027251428335
260380 CAPOEIRAS,18,0,18.0,260380,Capoeiras,  2 603 801 ,18338.0,0.9815683280619478
260390 CARNAIBA,15,0,15.0,260390,Carnaíba,  2 603 900 ,18644.0,0.8045483801759279
260392 CARNAUBEIRA DA PENHA,11,0,11.0,260392,Carnaubeira da Penha,  2 603 926 ,12239.0,0.8987662390718196
260400 CARPINA,94,21,115.0,260400,Carpina,  2 604 007 ,79293.0,1.450317178061115
260410 CARUARU,875,237,1112.0,260410,Caruaru,  2 604 106 ,378048.0,2.9414254274589466
260415 CASINHAS,35,0,35.0,260415,Casinhas,  2 604 155 ,12967.0,2.6991594046425544
260420 CATENDE,27,0,27.0,260420,Catende,  2 604 205 ,32156.0,0.8396566737156362
260430 CEDRO,18,0,18.0,260430,Cedro,  2 604 304 ,10518.0,1.7113519680547633
260440 CHA DE ALEGRIA,10,0,10.0,260440,Chã de Alegria,  2 604 403 ,12984.0,0.7701786814540973
260450 CHA GRANDE,30,2,32.0,260450,Chã Grande,  2 604 502 ,20546.0,1.5574807748466855
260460 CONDADO,34,0,34.0,260460,Condado,  2 604 601 ,24587.0,1.3828445926709236
260470 CORRENTES,29,0,29.0,260470,Correntes,  2 604 700 ,17131.0,1.6928375459692955
260480 CORTES,39,0,39.0,260480,Cortês,  2 604 809 ,10198.0,3.824279270445185
260490 CUMARU,21,0,21.0,260490,Cumaru,  2 604 908 ,15920.0,1.3190954773869346
260500 CUPIRA,20,0,20.0,260500,Cupira,  2 605 004 ,23518.0,0.8504124500382685
260510 CUSTODIA,38,38,76.0,260510,Custódia,  2 605 103 ,37699.0,2.0159685933313884
260515 DORMENTES,27,0,27.0,260515,Dormentes,  2 605 152 ,17188.0,1.570863393064929
260520 ESCADA,68,13,81.0,260520,Escada,  2 605 202 ,59891.0,1.3524569634836618
260530 EXU,32,0,32.0,260530,Exu,  2 605 301 ,31843.0,1.004930439971108
260540 FEIRA NOVA,17,0,17.0,260540,Feira Nova,  2 605 400 ,21427.0,0.7933915153777943
260545 FERNANDO DE NORONHA,17,0,17.0,260545,Fernando de Noronha,  2 605 459 ,3167.0,5.3678560151563
260560 FLORES,28,0,28.0,260560,Flores,  2 605 608 ,20347.0,1.376124244360348
260570 FLORESTA,61,10,71.0,260570,Floresta,  2 605 707 ,30137.0,2.3559080200418094
260580 FREI MIGUELINHO,11,0,11.0,260580,Frei Miguelinho,  2 605 806 ,13636.0,0.8066881783514227
260590 GAMELEIRA,23,0,23.0,260590,Gameleira,  2 605 905 ,18214.0,1.2627649061161743
260600 GARANHUNS,262,90,352.0,260600,Garanhuns,  2 606 002 ,142506.0,2.470071435588677
260610 GLORIA DO GOITA,23,0,23.0,260610,Glória do Goitá,  2 606 101 ,29347.0,0.78372576413262
260620 GOIANA,122,39,161.0,260620,Goiana,  2 606 200 ,81055.0,1.9863055949663806
260630 GRANITO,19,0,19.0,260630,Granito,  2 606 309 ,6967.0,2.7271422419979903
260640 GRAVATA,64,42,106.0,260640,Gravatá,  2 606 408 ,86516.0,1.2252068981460076
260650 IATI,25,0,25.0,260650,Iati,  2 606 507 ,17165.0,1.4564520827264782
260660 IBIMIRIM,26,0,26.0,260660,Ibimirim,  2 606 606 ,26593.0,0.9777008987327492
260670 IBIRAJUBA,20,0,20.0,260670,Ibirajuba,  2 606 705 ,7140.0,2.8011204481792715
260680 IGARASSU,100,209,309.0,260680,Igarassu,  2 606 804 ,115196.0,2.682384805027952
260690 IGUARACY,16,0,16.0,260690,Iguaracy,  2 606 903 ,11081.0,1.4439130042414945
260700 INAJA,13,0,13.0,260700,Inajá,  2 607 000 ,25603.0,0.5077529976955826
260710 INGAZEIRA,4,0,4.0,260710,Ingazeira,  2 607 109 ,4765.0,0.8394543546694648
260720 IPOJUCA,53,0,53.0,260720,Ipojuca,  2 607 208 ,98932.0,0.5357215056806695
260730 IPUBI,45,0,45.0,260730,Ipubi,  2 607 307 ,29009.0,1.5512427177772414
260750 ITAIBA,51,0,51.0,260750,Itaíba,  2 607 505 ,32650.0,1.562021439509954
260760 ILHA DE ITAMARACA,14,0,14.0,260760,Ilha de Itamaracá,  2 607 604 ,24540.0,0.5704971475142624
260765 ITAMBE,42,0,42.0,260765,Itambé,  2 607 653 ,34935.0,1.2022327179046801
260770 ITAPETIM,25,0,25.0,260770,Itapetim,  2 607 703 ,13791.0,1.8127764484083824
260775 ITAPISSUMA,6,0,6.0,260775,Itapissuma,  2 607 752 ,27749.0,0.21622400807236297
260780 ITAQUITINGA,14,0,14.0,260780,Itaquitinga,  2 607 802 ,16554.0,0.8457170472393379
260790 JABOATAO DOS GUARARAPES,730,114,844.0,260790,Jaboatão dos Guararapes,  2 607 901 ,644037.0,1.3104837144449775
260795 JAQUEIRA,32,0,32.0,260795,Jaqueira,  2 607 950 ,10247.0,3.1228652288474676
260800 JATAUBA,19,0,19.0,260800,Jataúba,  2 608 008 ,15843.0,1.199267815438995
260805 JATOBA,23,0,23.0,260805,Jatobá,  2 608 057 ,14020.0,1.6405135520684735
260810 JOAO ALFREDO,33,0,33.0,260810,João Alfredo,  2 608 107 ,27725.0,1.1902614968440037
260820 JOAQUIM NABUCO,14,0,14.0,260820,Joaquim Nabuco,  2 608 206 ,13269.0,1.0550908131735623
260825 JUCATI,6,0,6.0,260825,Jucati,  2 608 255 ,11517.0,0.5209690023443605
260830 JUPI,17,0,17.0,260830,Jupi,  2 608 305 ,15329.0,1.1090090677800248
260840 JUREMA,27,0,27.0,260840,Jurema,  2 608 404 ,13648.0,1.9783118405627196
260845 LAGOA DO CARRO,13,0,13.0,260845,Lagoa do Carro,  2 608 453 ,17981.0,0.7229853734497526
260850 LAGOA DE ITAENGA,27,0,27.0,260850,Lagoa de Itaenga,  2 608 503 ,19003.0,1.4208282902699574
260860 LAGOA DO OURO,45,0,45.0,260860,Lagoa do Ouro,  2 608 602 ,11933.0,3.7710550574038377
260870 LAGOA DOS GATOS,17,0,17.0,260870,Lagoa dos Gatos,  2 608 701 ,14076.0,1.2077294685990339
260875 LAGOA GRANDE,35,0,35.0,260875,Lagoa Grande,  2 608 750 ,24088.0,1.4530056459647958
260880 LAJEDO,44,0,44.0,260880,Lajedo,  2 608 800 ,39582.0,1.1116163912889696
260890 LIMOEIRO,104,25,129.0,260890,Limoeiro,  2 608 909 ,56510.0,2.2827818085294638
260900 MACAPARANA,52,0,52.0,260900,Macaparana,  2 609 006 ,23879.0,2.1776456300515097
260910 MACHADOS,15,0,15.0,260910,Machados,  2 609 105 ,11333.0,1.3235683402453013
260915 MANARI,27,0,27.0,260915,Manari,  2 609 154 ,23763.0,1.1362201742204268
260920 MARAIAL,13,0,13.0,260920,Maraial,  2 609 204 ,9359.0,1.3890372903087935
260930 MIRANDIBA,9,0,9.0,260930,Mirandiba,  2 609 303 ,14166.0,0.6353240152477764
260940 MORENO,179,0,179.0,260940,Moreno,  2 609 402 ,55292.0,3.23735802647761
260950 NAZARE DA MATA,40,0,40.0,260950,Nazaré da Mata,  2 609 501 ,30648.0,1.3051422605063951
260960 OLINDA,362,297,659.0,260960,Olinda,  2 609 600 ,349976.0,1.8829862619151028
260970 OROBO,32,0,32.0,260970,Orobó,  2 609 709 ,21808.0,1.467351430667645
260980 OROCO,29,0,29.0,260980,Orocó,  2 609 808 ,13613.0,2.130316609123632
260990 OURICURI,76,6,82.0,260990,Ouricuri,  2 609 907 ,65245.0,1.2568012874549774
261000 PALMARES,270,21,291.0,261000,Palmares,  2 610 004 ,54584.0,5.33123259563242
261010 PALMEIRINA,14,0,14.0,261010,Palmeirina,  2 610 103 ,7031.0,1.9911819086900866
261020 PANELAS,26,0,26.0,261020,Panelas,  2 610 202 ,22991.0,1.1308772998129701
261030 PARANATAMA,27,0,27.0,261030,Paranatama,  2 610 301 ,12199.0,2.213296171817362
261040 PARNAMIRIM,28,0,28.0,261040,Parnamirim,  2 610 400 ,18612.0,1.5044057597249088
261050 PASSIRA,39,0,39.0,261050,Passira,  2 610 509 ,28340.0,1.3761467889908259
261060 PAUDALHO,98,37,135.0,261060,Paudalho,  2 610 608 ,56665.0,2.382423012441542
261070 PAULISTA,374,92,466.0,261070,Paulista,  2 610 707 ,342167.0,1.361908074127546
261080 PEDRA,22,0,22.0,261080,Pedra,  2 610 806 ,22795.0,0.9651239306865541
261090 PESQUEIRA,105,46,151.0,261090,Pesqueira,  2 610 905 ,62722.0,2.4074487420681736
261100 PETROLANDIA,120,8,128.0,261100,Petrolândia,  2 611 002 ,34161.0,3.7469629109218117
261110 PETROLINA,491,283,774.0,261110,Petrolina,  2 611 101 ,386791.0,2.001080686985995
261120 POCAO,23,0,23.0,261120,Poção,  2 611 200 ,10500.0,2.1904761904761907
261130 POMBOS,35,0,35.0,261130,Pombos,  2 611 309 ,27552.0,1.2703252032520325
261140 PRIMAVERA,4,0,4.0,261140,Primavera,  2 611 408 ,13838.0,0.28905911258852435
261150 QUIPAPA,19,0,19.0,261150,Quipapá,  2 611 507 ,17928.0,1.0597947344935297
261153 QUIXABA,13,0,13.0,261153,Quixaba,  2 611 533 ,6554.0,1.9835215135794935
261160 RECIFE,6588,2874,9462.0,261160,Recife,  2 611 606 ,1488920.0,6.3549418370362405
261170 RIACHO DAS ALMAS,38,0,38.0,261170,Riacho das Almas,  2 611 705 ,20639.0,1.8411744755075343
261180 RIBEIRAO,38,0,38.0,261180,Ribeirão,  2 611 804 ,33507.0,1.1340913838899334
261190 RIO FORMOSO,16,0,16.0,261190,Rio Formoso,  2 611 903 ,20009.0,0.7996401619271328
261200 SAIRE,10,20,30.0,261200,Sairé,  2 612 000 ,10887.0,2.7555800496004412
261210 SALGADINHO,5,0,5.0,261210,Salgadinho,  2 612 109 ,5727.0,0.8730574471800244
261220 SALGUEIRO,155,20,175.0,261220,Salgueiro,  2 612 208 ,62372.0,2.805746168152376
261230 SALOA,30,0,30.0,261230,Saloá,  2 612 307 ,13836.0,2.168256721595837
261240 SANHARO,14,0,14.0,261240,Sanharó,  2 612 406 ,18624.0,0.7517182130584192
261245 SANTA CRUZ,24,0,24.0,261245,Santa Cruz,  2 612 455 ,13841.0,1.7339787587602051
261247 SANTA CRUZ DA BAIXA VERDE,16,0,16.0,261247,Santa Cruz da Baixa Verde,  2 612 471 ,11567.0,1.3832454396126912
261250 SANTA CRUZ DO CAPIBARIBE,78,6,84.0,261250,Santa Cruz do Capibaribe,  2 612 505 ,98254.0,0.8549270258717202
261255 SANTA FILOMENA,18,0,18.0,261255,Santa Filomena,  2 612 554 ,12106.0,1.4868660168511483
261260 SANTA MARIA DA BOA VISTA,30,0,30.0,261260,Santa Maria da Boa Vista,  2 612 604 ,40578.0,0.7393168712110011
261280 SANTA TEREZINHA,19,0,19.0,261280,Santa Terezinha,  2 612 802 ,10244.0,1.8547442405310426
261290 SAO BENEDITO DO SUL,28,0,28.0,261290,São Benedito do Sul,  2 612 901 ,13113.0,2.1352855944482574
261300 SAO BENTO DO UNA,51,0,51.0,261300,São Bento do Una,  2 613 008 ,49449.0,1.0313656494570165
261310 SAO CAITANO,30,0,30.0,261310,São Caitano,  2 613 107 ,37126.0,0.808059042180682
261320 SAO JOAO,29,0,29.0,261320,São João,  2 613 206 ,23837.0,1.2165960481604228
261330 SAO JOAQUIM DO MONTE,34,0,34.0,261330,São Joaquim do Monte,  2 613 305 ,20037.0,1.6968608075061138
261340 SAO JOSE DA COROA GRANDE,26,0,26.0,261340,São José da Coroa Grande,  2 613 404 ,18825.0,1.3811420982735723
261350 SAO JOSE DO BELMONTE,32,1,33.0,261350,São José do Belmonte,  2 613 503 ,34843.0,0.9471055879229687
261360 SAO JOSE DO EGITO,82,8,90.0,261360,São José do Egito,  2 613 602 ,31004.0,2.9028512450006447
261370 SAO LOURENCO DA MATA,150,0,150.0,261370,São Lourenço da Mata,  2 613 701 ,111249.0,1.3483267265323733
261380 SAO VICENTE FERRER,27,0,27.0,261380,São Vicente Férrer,  2 613 800 ,16677.0,1.618996222342148
261390 SERRA TALHADA,423,105,528.0,261390,Serra Talhada,  2 613 909 ,92228.0,5.724942533720779
261400 SERRITA,32,0,32.0,261400,Serrita,  2 614 006 ,18207.0,1.7575657714066018
261410 SERTANIA,54,19,73.0,261410,Sertânia,  2 614 105 ,32811.0,2.224863612812776
261420 SIRINHAEM,26,0,26.0,261420,Sirinhaém,  2 614 204 ,37596.0,0.6915629322268326
261430 MOREILANDIA,20,0,20.0,261430,Moreilândia,  2 614 303 ,10540.0,1.8975332068311195
261440 SOLIDAO,13,0,13.0,261440,Solidão,  2 614 402 ,5210.0,2.495201535508637
261450 SURUBIM,198,5,203.0,261450,Surubim,  2 614 501 ,64120.0,3.1659388646288207
261460 TABIRA,35,20,55.0,261460,Tabira,  2 614 600 ,27681.0,1.9869224377732018
261480 TACARATU,21,0,21.0,261480,Tacaratu,  2 614 808 ,23902.0,0.8785875658940674
261485 TAMANDARE,30,0,30.0,261485,Tamandaré,  2 614 857 ,23561.0,1.2732906073596197
261500 TAQUARITINGA DO NORTE,56,0,56.0,261500,Taquaritinga do Norte,  2 615 003 ,24736.0,2.263906856403622
261510 TEREZINHA,14,0,14.0,261510,Terezinha,  2 615 102 ,6513.0,2.1495470597267006
261520 TERRA NOVA,11,0,11.0,261520,Terra Nova,  2 615 201 ,8920.0,1.2331838565022422
261530 TIMBAUBA,50,97,147.0,261530,Timbaúba,  2 615 300 ,46147.0,3.1854725117559104
261540 TORITAMA,44,0,44.0,261540,Toritama,  2 615 409 ,41137.0,1.069596713421008
261550 TRACUNHAEM,11,0,11.0,261550,Tracunhaém,  2 615 508 ,13867.0,0.7932501622557151
261560 TRINDADE,30,44,74.0,261560,Trindade,  2 615 607 ,30321.0,2.4405527522179344
261570 TRIUNFO,24,0,24.0,261570,Triunfo,  2 615 706 ,14705.0,1.6320979258755526
261580 TUPANATINGA,21,0,21.0,261580,Tupanatinga,  2 615 805 ,26937.0,0.779596837064261
261590 TUPARETAMA,35,0,35.0,261590,Tuparetama,  2 615 904 ,8005.0,4.372267332916927
261600 VENTUROSA,24,0,24.0,261600,Venturosa,  2 616 001 ,17251.0,1.3912236971769751
261610 VERDEJANTE,15,0,15.0,261610,Verdejante,  2 616 100 ,9169.0,1.6359472134365798
261618 VERTENTE DO LERIO,4,0,4.0,261618,Vertente do Lério,  2 616 183 ,7558.0,0.5292405398253506
261620 VERTENTES,62,0,62.0,261620,Vertentes,  2 616 209 ,21959.0,2.82344369051414
261630 VICENCIA,40,0,40.0,261630,Vicência,  2 616 308 ,26359.0,1.5175082514511171
261640 VITORIA DE SANTO ANTAO,343,133,476.0,261640,Vitória de Santo Antão,  2 616 407 ,134084.0,3.5500134244205124
261650 XEXEU,14,0,14.0,261650,Xexéu,  2 616 506 ,11611.0,1.2057531651020585
270010 AGUA BRANCA,25,0,25.0,270010,Água Branca,  2 700 102 ,19008.0,1.3152356902356903
270020 ANADIA,25,0,25.0,270020,Anadia,  2 700 201 ,13966.0,1.7900615781182874
270030 ARAPIRACA,852,211,1063.0,270030,Arapiraca,  2 700 300 ,234696.0,4.529263387531104
270040 ATALAIA,44,0,44.0,270040,Atalaia,  2 700 409 ,37512.0,1.1729579867775646
270070 BATALHA,35,0,35.0,270070,Batalha,  2 700 706 ,16448.0,2.127918287937743
270100 BOCA DA MATA,14,0,14.0,270100,Boca da Mata,  2 701 001 ,21187.0,0.660782555340539
270120 CACIMBINHAS,3,0,3.0,270120,Cacimbinhas,  2 701 209 ,10482.0,0.28620492272467085
270130 CAJUEIRO,26,0,26.0,270130,Cajueiro,  2 701 308 ,16024.0,1.6225661507738391
270140 CAMPO ALEGRE,42,0,42.0,270140,Campo Alegre,  2 701 407 ,32106.0,1.308166697813493
270170 CAPELA,50,0,50.0,270170,Capela,  2 701 704 ,15032.0,3.326237360298031
270210 COLONIA LEOPOLDINA,33,0,33.0,270210,Colônia Leopoldina,  2 702 108 ,15816.0,2.0864946889226097
270230 CORURIPE,275,0,275.0,270230,Coruripe,  2 702 306 ,50414.0,5.454833974689571
270235 CRAIBAS,8,0,8.0,270235,Craíbas,  2 702 355 ,25397.0,0.3149978343898886
270240 DELMIRO GOUVEIA,86,0,86.0,270240,Delmiro Gouveia,  2 702 405 ,51318.0,1.675825246502202
270280 FLEXEIRAS,15,0,15.0,270280,Flexeiras,  2 702 801 ,9618.0,1.5595757953836558
270290 GIRAU DO PONCIANO,48,0,48.0,270290,Girau do Ponciano,  2 702 900 ,36102.0,1.329566229017783
270300 IBATEGUARA,3,0,3.0,270300,Ibateguara,  2 703 007 ,13731.0,0.21848372296263927
270310 IGACI,14,0,14.0,270310,Igaci,  2 703 106 ,23995.0,0.5834548864346739
270380 JOAQUIM GOMES,50,0,50.0,270380,Joaquim Gomes,  2 703 809 ,17150.0,2.9154518950437316
270400 JUNQUEIRO,35,0,35.0,270400,Junqueiro,  2 704 005 ,23907.0,1.464006357970469
270410 LAGOA DA CANOA,3,0,3.0,270410,Lagoa da Canoa,  2 704 104 ,18457.0,0.162539957739611
270420 LIMOEIRO DE ANADIA,14,0,14.0,270420,Limoeiro de Anadia,  2 704 203 ,24740.0,0.5658852061438966
270430 MACEIO,2366,851,3217.0,270430,Maceió,  2 704 302 ,957916.0,3.358332045816126
270440 MAJOR ISIDORO,31,0,31.0,270440,Major Isidoro,  2 704 401 ,17700.0,1.7514124293785311
270450 MARAGOGI,4,0,4.0,270450,Maragogi,  2 704 500 ,32174.0,0.12432398831354509
270470 MARECHAL DEODORO,3,0,3.0,270470,Marechal Deodoro,  2 704 708 ,60370.0,0.04969355640218652
270500 MATA GRANDE,36,0,36.0,270500,Mata Grande,  2 705 002 ,21844.0,1.6480498077275225
270510 MATRIZ DE CAMARAGIBE,24,0,24.0,270510,Matriz de Camaragibe,  2 705 101 ,23857.0,1.00599404786855
270550 MURICI,53,0,53.0,270550,Murici,  2 705 507 ,25187.0,2.1042601341962124
270570 OLHO D'AGUA DAS FLORES,46,1,47.0,270570,Olho d'Água das Flores,  2 705 705 ,20695.0,2.27107997100749
270630 PALMEIRA DOS INDIOS,95,18,113.0,270630,Palmeira dos Índios,  2 706 307 ,71574.0,1.5787855925336014
270640 PAO DE ACUCAR,52,0,52.0,270640,Pão de Açúcar,  2 706 406 ,23823.0,2.1827645552617216
270660 PAULO JACINTO,16,0,16.0,270660,Paulo Jacinto,  2 706 604 ,6576.0,2.4330900243309004
270670 PENEDO,95,14,109.0,270670,Penedo,  2 706 703 ,58650.0,1.8584825234441602
270680 PIACABUCU,18,0,18.0,270680,Piaçabuçu,  2 706 802 ,15908.0,1.131506160422429
270690 PILAR,50,0,50.0,270690,Pilar,  2 706 901 ,35370.0,1.413627367825841
270710 PIRANHAS,42,0,42.0,270710,Piranhas,  2 707 107 ,22609.0,1.8576673006324915
270730 PORTO CALVO,97,18,115.0,270730,Porto Calvo,  2 707 305 ,24071.0,4.77753313115367
270760 QUEBRANGULO,28,0,28.0,270760,Quebrangulo,  2 707 602 ,11080.0,2.527075812274368
270770 RIO LARGO,41,40,81.0,270770,Rio Largo,  2 707 701 ,93927.0,0.862371841962375
270800 SANTANA DO IPANEMA,128,0,128.0,270800,Santana do Ipanema,  2 708 006 ,46220.0,2.769363911726525
270820 SAO BRAS,3,0,3.0,270820,São Brás,  2 708 204 ,6555.0,0.4576659038901602
270830 SAO JOSE DA LAJE,50,0,50.0,270830,São José da Laje,  2 708 303 ,20813.0,2.402344688415894
270840 SAO JOSE DA TAPERA,31,0,31.0,270840,São José da Tapera,  2 708 402 ,30604.0,1.012939485034636
270850 SAO LUIS DO QUITUNDE,27,0,27.0,270850,São Luís do Quitunde,  2 708 501 ,30873.0,0.8745505781751044
270860 SAO MIGUEL DOS CAMPOS,116,8,124.0,270860,São Miguel dos Campos,  2 708 600 ,51990.0,2.3850740527024428
270880 SAO SEBASTIAO,6,0,6.0,270880,São Sebastião,  2 708 808 ,31786.0,0.18876234820361165
270910 TAQUARANA,1,0,1.0,270910,Taquarana,  2 709 103 ,19032.0,0.052543085329970575
270915 TEOTONIO VILELA,68,0,68.0,270915,Teotônio Vilela,  2 709 152 ,38053.0,1.7869813155335978
270920 TRAIPU,9,0,9.0,270920,Traipu,  2 709 202 ,23565.0,0.3819223424570337
270930 UNIAO DOS PALMARES,116,12,128.0,270930,União dos Palmares,  2 709 301 ,59280.0,2.1592442645074224
270940 VICOSA,40,0,40.0,270940,Viçosa,  2 709 400 ,24092.0,1.660302174995849
280020 AQUIDABA,32,0,32.0,280020,Aquidabã,  2 800 209 ,20131.0,1.589588197307635
280030 ARACAJU,1333,811,2144.0,280030,Aracaju,  2 800 308 ,602757.0,3.5569889690206833
280067 BOQUIM,18,0,18.0,280067,Boquim,  2 800 670 ,24636.0,0.7306380905991232
280120 CANINDE DE SAO FRANCISCO,20,0,20.0,280120,Canindé de São Francisco,  2 801 207 ,26834.0,0.7453230975627935
280130 CAPELA,80,0,80.0,280130,Capela,  2 801 306 ,31645.0,2.5280455048190866
280140 CARIRA,1,0,1.0,280140,Carira,  2 801 405 ,19939.0,0.050152966547971314
280210 ESTANCIA,165,24,189.0,280210,Estância,  2 802 106 ,65078.0,2.90420725898153
280230 FREI PAULO,1,0,1.0,280230,Frei Paulo,  2 802 304 ,14530.0,0.06882312456985548
280290 ITABAIANA,130,29,159.0,280290,Itabaiana,  2 802 908 ,103440.0,1.537122969837587
280300 ITABAIANINHA,30,0,30.0,280300,Itabaianinha,  2 803 005 ,40678.0,0.7374993854171789
280340 JAPOATA,21,0,21.0,280340,Japoatã,  2 803 401 ,13407.0,1.5663459386887446
280350 LAGARTO,156,17,173.0,280350,Lagarto,  2 803 500 ,101579.0,1.7031079258508157
280360 LARANJEIRAS,1,0,1.0,280360,Laranjeiras,  2 803 609 ,23975.0,0.04171011470281544
280450 NOSSA SENHORA DA GLORIA,48,0,48.0,280450,Nossa Senhora da Glória,  2 804 508 ,41212.0,1.1647093079685529
280480 NOSSA SENHORA DO SOCORRO,48,0,48.0,280480,Nossa Senhora do Socorro,  2 804 805 ,192330.0,0.24957104975822805
280540 POCO REDONDO,18,0,18.0,280540,Poço Redondo,  2 805 406 ,33439.0,0.5382936092586501
280550 POCO VERDE,12,0,12.0,280550,Poço Verde,  2 805 505 ,21794.0,0.5506102597045058
280570 PROPRIA,53,0,53.0,280570,Propriá,  2 805 703 ,26618.0,1.9911338192200767
280580 RIACHAO DO DANTAS,1,0,1.0,280580,Riachão do Dantas,  2 805 802 ,18313.0,0.05460601758313766
280590 RIACHUELO,56,0,56.0,280590,Riachuelo,  2 805 901 ,8748.0,6.4014631915866484
280610 ROSARIO DO CATETE,13,0,13.0,280610,Rosário do Catete,  2 806 107 ,9295.0,1.3986013986013985
280670 SAO CRISTOVAO,30,6,36.0,280670,São Cristóvão,  2 806 701 ,95612.0,0.3765217755093503
280710 SIMAO DIAS,19,0,19.0,280710,Simão Dias,  2 807 105 ,42578.0,0.44623984217201373
290010 ABAIRA,9,0,9.0,290010,Abaíra,  2 900 108 ,7301.0,1.2327078482399672
290020 ABARE,25,0,25.0,290020,Abaré,  2 900 207 ,17639.0,1.4173139066840523
290030 ACAJUTIBA,8,0,8.0,290030,Acajutiba,  2 900 306 ,13795.0,0.5799202609641174
290035 ADUSTINA,12,0,12.0,290035,Adustina,  2 900 355 ,14201.0,0.8450109147243151
290040 AGUA FRIA,20,0,20.0,290040,Água Fria,  2 900 405 ,14497.0,1.379595778436918
290050 ERICO CARDOSO,15,0,15.0,290050,Érico Cardoso,  2 900 504 ,10604.0,1.4145605431912485
290060 AIQUARA,13,0,13.0,290060,Aiquara,  2 900 603 ,4447.0,2.9233190915223743
290070 ALAGOINHAS,153,75,228.0,290070,Alagoinhas,  2 900 702 ,151055.0,1.5093839992055873
290080 ALCOBACA,51,8,59.0,290080,Alcobaça,  2 900 801 ,24530.0,2.405218100285365
290100 AMARGOSA,69,0,69.0,290100,Amargosa,  2 901 007 ,36521.0,1.8893239506037622
290110 AMELIA RODRIGUES,16,0,16.0,290110,Amélia Rodrigues,  2 901 106 ,24138.0,0.6628552489850029
290115 AMERICA DOURADA,26,0,26.0,290115,América Dourada,  2 901 155 ,15137.0,1.7176455043932086
290120 ANAGE,33,0,33.0,290120,Anagé,  2 901 205 ,25438.0,1.2972717980973347
290130 ANDARAI,32,0,32.0,290130,Andaraí,  2 901 304 ,13080.0,2.4464831804281344
290135 ANDORINHA,22,1,23.0,290135,Andorinha,  2 901 353 ,15012.0,1.5321076472155608
290140 ANGICAL,6,0,6.0,290140,Angical,  2 901 403 ,13732.0,0.43693562481794346
290150 ANGUERA,6,0,6.0,290150,Anguera,  2 901 502 ,11031.0,0.5439216752787598
290160 ANTAS,142,0,142.0,290160,Antas,  2 901 601 ,14206.0,9.995776432493313
290190 APORA,1,0,1.0,290190,Aporá,  2 901 908 ,15922.0,0.06280618012812461
290200 ARACATU,33,0,33.0,290200,Aracatu,  2 902 005 ,13936.0,2.36796785304248
290205 ARACAS,23,0,23.0,290205,Araçás,  2 902 054 ,11557.0,1.990135848403565
290210 ARACI,60,0,60.0,290210,Araci,  2 902 104 ,48294.0,1.2423903590508136
290240 AURELINO LEAL,40,0,40.0,290240,Aurelino Leal,  2 902 401 ,11179.0,3.5781375793899275
290250 BAIANOPOLIS,28,0,28.0,290250,Baianópolis,  2 902 500 ,13614.0,2.0567063317173497
290260 BAIXA GRANDE,36,0,36.0,290260,Baixa Grande,  2 902 609 ,18220.0,1.9758507135016465
290270 BARRA,82,1,83.0,290270,Barra,  2 902 708 ,51092.0,1.6245204728724654
290280 BARRA DA ESTIVA,46,19,65.0,290280,Barra da Estiva,  2 902 807 ,26026.0,2.4975024975024973
290290 BARRA DO CHOCA,32,0,32.0,290290,Barra do Choça,  2 902 906 ,36539.0,0.8757765675032158
290300 BARRA DO MENDES,26,0,26.0,290300,Barra do Mendes,  2 903 003 ,13836.0,1.8791558253830587
290320 BARREIRAS,388,72,460.0,290320,Barreiras,  2 903 201 ,159734.0,2.879787646963076
290323 BARRO ALTO,22,1,23.0,290323,Barro Alto,  2 903 235 ,13453.0,1.7096558388463539
290327 BARROCAS,29,0,29.0,290327,Barrocas,  2 903 276 ,15203.0,1.9075182529763863
290330 BARRO PRETO,9,0,9.0,290330,Barro Preto,  2 903 300 ,5833.0,1.542945311160638
290340 BELMONTE,40,0,40.0,290340,Belmonte,  2 903 409 ,20121.0,1.9879727647731227
290350 BELO CAMPO,50,0,50.0,290350,Belo Campo,  2 903 508 ,18412.0,2.7156202476645666
290360 BIRITINGA,14,0,14.0,290360,Biritinga,  2 903 607 ,15146.0,0.9243364584708834
290380 BOA VISTA DO TUPIM,14,0,14.0,290380,Boa Vista do Tupim,  2 903 805 ,16873.0,0.8297279677591418
290390 BOM JESUS DA LAPA,122,0,122.0,290390,Bom Jesus da Lapa,  2 903 904 ,65550.0,1.8611746758199847
290395 BOM JESUS DA SERRA,14,14,28.0,290395,Bom Jesus da Serra,  2 903 953 ,9730.0,2.8776978417266186
290400 BONINAL,24,0,24.0,290400,Boninal,  2 904 001 ,13622.0,1.7618558214652769
290405 BONITO,16,0,16.0,290405,Bonito,  2 904 050 ,15844.0,1.009845998485231
290410 BOQUIRA,23,0,23.0,290410,Boquira,  2 904 100 ,19322.0,1.1903529655315184
290420 BOTUPORA,43,0,43.0,290420,Botuporã,  2 904 209 ,11024.0,3.900580551523948
290430 BREJOES,19,0,19.0,290430,Brejões,  2 904 308 ,12943.0,1.4679749671637177
290440 BREJOLANDIA,35,0,35.0,290440,Brejolândia,  2 904 407 ,9108.0,3.8427755819060163
290450 BROTAS DE MACAUBAS,15,0,15.0,290450,Brotas de Macaúbas,  2 904 506 ,11765.0,1.2749681257968553
290460 BRUMADO,112,12,124.0,290460,Brumado,  2 904 605 ,70510.0,1.7586157991774216
290475 BURITIRAMA,19,0,19.0,290475,Buritirama,  2 904 753 ,19589.0,0.9699321047526673
290480 CAATIBA,14,0,14.0,290480,Caatiba,  2 904 803 ,6205.0,2.2562449637389204
290485 CABACEIRAS DO PARAGUACU,1,0,1.0,290485,Cabaceiras do Paraguaçu,  2 904 852 ,16559.0,0.06039012017633915
290490 CACHOEIRA,83,0,83.0,290490,Cachoeira,  2 904 902 ,29250.0,2.8376068376068373
290500 CACULE,50,2,52.0,290500,Caculé,  2 905 008 ,22462.0,2.3150209242275843
290510 CAEM,36,0,36.0,290510,Caém,  2 905 107 ,10384.0,3.4668721109399074
290520 CAETITE,154,22,176.0,290520,Caetité,  2 905 206 ,52012.0,3.3838344997308316
290530 CAFARNAUM,33,0,33.0,290530,Cafarnaum,  2 905 305 ,17466.0,1.8893850910340089
290550 CALDEIRAO GRANDE,39,0,39.0,290550,Caldeirão Grande,  2 905 503 ,13080.0,2.981651376146789
290560 CAMACAN,67,0,67.0,290560,Camacan,  2 905 602 ,22579.0,2.967359050445104
290570 CAMACARI,257,295,552.0,290570,Camaçari,  2 905 701 ,300372.0,1.8377212256801567
290580 CAMAMU,17,0,17.0,290580,Camamu,  2 905 800 ,30469.0,0.5579441399455184
290590 CAMPO ALEGRE DE LOURDES,36,41,77.0,290590,Campo Alegre de Lourdes,  2 905 909 ,30671.0,2.5105148185582475
290600 CAMPO FORMOSO,75,12,87.0,290600,Campo Formoso,  2 906 006 ,71377.0,1.2188800313826582
290610 CANAPOLIS,24,0,24.0,290610,Canápolis,  2 906 105 ,10225.0,2.34718826405868
290620 CANARANA,36,0,36.0,290620,Canarana,  2 906 204 ,24206.0,1.4872345699413367
290630 CANAVIEIRAS,65,10,75.0,290630,Canavieiras,  2 906 303 ,32683.0,2.294770981856011
290640 CANDEAL,7,0,7.0,290640,Candeal,  2 906 402 ,7772.0,0.9006690684508493
290650 CANDEIAS,46,50,96.0,290650,Candeias,  2 906 501 ,72382.0,1.3262965930756265
290660 CANDIBA,37,0,37.0,290660,Candiba,  2 906 600 ,13016.0,2.8426551936078672
290670 CANDIDO SALES,57,0,57.0,290670,Cândido Sales,  2 906 709 ,25247.0,2.2576939834435774
290680 CANSANCAO,52,0,52.0,290680,Cansanção,  2 906 808 ,37439.0,1.3889259862710008
290682 CANUDOS,41,0,41.0,290682,Canudos,  2 906 824 ,16105.0,2.545793231915554
290685 CAPELA DO ALTO ALEGRE,11,0,11.0,290685,Capela do Alto Alegre,  2 906 857 ,10744.0,1.0238272524199554
290687 CAPIM GROSSO,57,0,57.0,290687,Capim Grosso,  2 906 873 ,33235.0,1.7150594253046487
290689 CARAIBAS,3,0,3.0,290689,Caraíbas,  2 906 899 ,9940.0,0.30181086519114686
290690 CARAVELAS,59,0,59.0,290690,Caravelas,  2 906 907 ,20580.0,2.866861030126336
290700 CARDEAL DA SILVA,5,0,5.0,290700,Cardeal da Silva,  2 907 004 ,8365.0,0.5977286312014345
290710 CARINHANHA,30,0,30.0,290710,Carinhanha,  2 907 103 ,28869.0,1.039176971838304
290720 CASA NOVA,41,0,41.0,290720,Casa Nova,  2 907 202 ,72086.0,0.5687650861471021
290730 CASTRO ALVES,50,10,60.0,290730,Castro Alves,  2 907 301 ,24712.0,2.427970216898673
290750 CATU,57,55,112.0,290750,Catu,  2 907 509 ,48148.0,2.326161003572319
290755 CATURAMA,8,0,8.0,290755,Caturama,  2 907 558 ,8841.0,0.9048750141386721
290760 CENTRAL,42,0,42.0,290760,Central,  2 907 608 ,16348.0,2.5691216050893075
290770 CHORROCHO,15,0,15.0,290770,Chorrochó,  2 907 707 ,10579.0,1.417903393515455
290780 CICERO DANTAS,37,3,40.0,290780,Cícero Dantas,  2 907 806 ,30907.0,1.2942051962338628
290790 CIPO,30,0,30.0,290790,Cipó,  2 907 905 ,17230.0,1.7411491584445735
290800 COARACI,50,0,50.0,290800,Coaraci,  2 908 002 ,17333.0,2.8846708590549817
290810 COCOS,31,0,31.0,290810,Cocos,  2 908 101 ,19151.0,1.618714427445042
290820 CONCEICAO DA FEIRA,5,0,5.0,290820,Conceição da Feira,  2 908 200 ,20800.0,0.2403846153846154
290830 CONCEICAO DO ALMEIDA,36,0,36.0,290830,Conceição do Almeida,  2 908 309 ,15794.0,2.2793465873116374
290840 CONCEICAO DO COITE,119,95,214.0,290840,Conceição do Coité,  2 908 408 ,67825.0,3.155178768890527
290850 CONCEICAO DO JACUIPE,42,12,54.0,290850,Conceição do Jacuípe,  2 908 507 ,35308.0,1.5293984366149314
290860 CONDE,15,0,15.0,290860,Conde,  2 908 606 ,23654.0,0.6341422169611906
290870 CONDEUBA,16,0,16.0,290870,Condeúba,  2 908 705 ,17053.0,0.9382513340761156
290890 CORACAO DE MARIA,32,0,32.0,290890,Coração de Maria,  2 908 903 ,26692.0,1.1988610819721264
290900 CORDEIROS,5,0,5.0,290900,Cordeiros,  2 909 000 ,7546.0,0.6626027034190299
290910 CORIBE,36,0,36.0,290910,Coribe,  2 909 109 ,13990.0,2.573266619013581
290920 CORONEL JOAO SA,9,0,9.0,290920,Coronel João Sá,  2 909 208 ,17056.0,0.527673545966229
290930 CORRENTINA,35,5,40.0,290930,Correntina,  2 909 307 ,32457.0,1.2323997904920356
290940 COTEGIPE,29,0,29.0,290940,Cotegipe,  2 909 406 ,13063.0,2.2200107172931176
290950 CRAVOLANDIA,24,0,24.0,290950,Cravolândia,  2 909 505 ,4415.0,5.4360135900339746
290960 CRISOPOLIS,23,0,23.0,290960,Crisópolis,  2 909 604 ,19729.0,1.1657965431598154
290970 CRISTOPOLIS,69,0,69.0,290970,Cristópolis,  2 909 703 ,13993.0,4.931036947044951
290980 CRUZ DAS ALMAS,73,22,95.0,290980,Cruz das Almas,  2 909 802 ,60348.0,1.574202956187446
290990 CURACA,26,0,26.0,290990,Curaçá,  2 909 901 ,34180.0,0.7606787595084845
291005 DIAS D'AVILA,62,32,94.0,291005,Dias d'Ávila,  2 910 057 ,71485.0,1.314961180667273
291010 DOM BASILIO,14,0,14.0,291010,Dom Basílio,  2 910 107 ,11884.0,1.178054527095254
291030 ELISIO MEDRADO,12,0,12.0,291030,Elísio Medrado,  2 910 305 ,7808.0,1.5368852459016393
291040 ENCRUZILHADA,49,0,49.0,291040,Encruzilhada,  2 910 404 ,19107.0,2.5645051551787303
291050 ENTRE RIOS,65,0,65.0,291050,Entre Rios,  2 910 503 ,38098.0,1.7061263058428264
291060 ESPLANADA,40,0,40.0,291060,Esplanada,  2 910 602 ,32554.0,1.2287276525158197
291070 EUCLIDES DA CUNHA,65,0,65.0,291070,Euclides da Cunha,  2 910 701 ,61456.0,1.0576672741473574
291072 EUNAPOLIS,109,87,196.0,291072,Eunápolis,  2 910 727 ,113710.0,1.723683053381409
291077 FEIRA DA MATA,6,0,6.0,291077,Feira da Mata,  2 910 776 ,5631.0,1.0655301012253595
291080 FEIRA DE SANTANA,930,371,1301.0,291080,Feira de Santana,  2 910 800 ,616272.0,2.1110808214554613
291085 FILADELFIA,31,0,31.0,291085,Filadélfia,  2 910 859 ,17897.0,1.7321338771861208
291110 FORMOSA DO RIO PRETO,29,0,29.0,291110,Formosa do Rio Preto,  2 911 105 ,25899.0,1.1197343526777095
291120 GANDU,64,4,68.0,291120,Gandu,  2 911 204 ,32178.0,2.113245074274349
291130 GENTIO DO OURO,18,0,18.0,291130,Gentio do Ouro,  2 911 303 ,10884.0,1.6538037486218302
291150 GONGOGI,5,0,5.0,291150,Gongogi,  2 911 501 ,5555.0,0.9000900090009001
291160 GOVERNADOR MANGABEIRA,2,40,42.0,291160,Governador Mangabeira,  2 911 600 ,20605.0,2.0383402086872118
291170 GUANAMBI,180,36,216.0,291170,Guanambi,  2 911 709 ,87817.0,2.4596604302128293
291180 GUARATINGA,28,0,28.0,291180,Guaratinga,  2 911 808 ,19049.0,1.4698934327261275
291190 IACU,34,0,34.0,291190,Iaçu,  2 911 907 ,24607.0,1.381720648595928
291200 IBIASSUCE,34,0,34.0,291200,Ibiassucê,  2 912 004 ,10429.0,3.2601399942468117
291210 IBICARAI,32,0,32.0,291210,Ibicaraí,  2 912 103 ,21665.0,1.4770366951303946
291230 IBICUI,21,0,21.0,291230,Ibicuí,  2 912 301 ,13934.0,1.5071049232094158
291240 IBIPEBA,11,33,44.0,291240,Ibipeba,  2 912 400 ,16603.0,2.6501234716617477
291250 IBIPITANGA,14,0,14.0,291250,Ibipitanga,  2 912 509 ,13863.0,1.0098824208324317
291260 IBIQUERA,2,0,2.0,291260,Ibiquera,  2 912 608 ,3725.0,0.5369127516778524
291270 IBIRAPITANGA,30,0,30.0,291270,Ibirapitanga,  2 912 707 ,25344.0,1.1837121212121213
291280 IBIRAPUA,23,0,23.0,291280,Ibirapuã,  2 912 806 ,8896.0,2.585431654676259
291290 IBIRATAIA,60,0,60.0,291290,Ibirataia,  2 912 905 ,18792.0,3.1928480204342273
291300 IBITIARA,30,32,62.0,291300,Ibitiara,  2 913 002 ,14637.0,4.235840677734508
291310 IBITITA,48,1,49.0,291310,Ibititá,  2 913 101 ,16969.0,2.8876185986210148
291320 IBOTIRAMA,55,28,83.0,291320,Ibotirama,  2 913 200 ,26309.0,3.1548139419970354
291330 ICHU,22,0,22.0,291330,Ichu,  2 913 309 ,6190.0,3.554119547657512
291340 IGAPORA,29,0,29.0,291340,Igaporã,  2 913 408 ,15527.0,1.8677143041154118
291345 IGRAPIUNA,8,0,8.0,291345,Igrapiúna,  2 913 457 ,13151.0,0.6083187590297315
291350 IGUAI,80,4,84.0,291350,Iguaí,  2 913 507 ,21491.0,3.908612907728817
291360 ILHEUS,492,213,705.0,291360,Ilhéus,  2 913 606 ,178649.0,3.9462857334773775
291370 INHAMBUPE,38,0,38.0,291370,Inhambupe,  2 913 705 ,33790.0,1.124593074874223
291380 IPECAETA,9,0,9.0,291380,Ipecaetá,  2 913 804 ,13709.0,0.6565030272084031
291390 IPIAU,91,39,130.0,291390,Ipiaú,  2 913 903 ,40706.0,3.1936323883456987
291400 IPIRA,43,1,44.0,291400,Ipirá,  2 914 000 ,56876.0,0.7736127716435754
291410 IPUPIARA,24,0,24.0,291410,Ipupiara,  2 914 109 ,9935.0,2.415702063412179
291420 IRAJUBA,29,0,29.0,291420,Irajuba,  2 914 208 ,6101.0,4.7533191280118015
291430 IRAMAIA,16,0,16.0,291430,Iramaia,  2 914 307 ,10752.0,1.488095238095238
291440 IRAQUARA,47,0,47.0,291440,Iraquara,  2 914 406 ,23879.0,1.9682566271619415
291450 IRARA,32,0,32.0,291450,Irará,  2 914 505 ,28043.0,1.1411047320186856
291460 IRECE,188,20,208.0,291460,Irecê,  2 914 604 ,74507.0,2.79168400284537
291465 ITABELA,46,0,46.0,291465,Itabela,  2 914 653 ,28165.0,1.6332327356648324
291470 ITABERABA,212,3,215.0,291470,Itaberaba,  2 914 703 ,65073.0,3.30398168211086
291480 ITABUNA,473,101,574.0,291480,Itabuna,  2 914 802 ,186708.0,3.0743192578786123
291490 ITACARE,61,0,61.0,291490,Itacaré,  2 914 901 ,27704.0,2.201848108576379
291500 ITAETE,11,0,11.0,291500,Itaeté,  2 915 007 ,13472.0,0.8165083135391924
291510 ITAGI,8,0,8.0,291510,Itagi,  2 915 106 ,13803.0,0.579584148373542
291520 ITAGIBA,5,0,5.0,291520,Itagibá,  2 915 205 ,15310.0,0.32658393207054215
291530 ITAGIMIRIM,20,0,20.0,291530,Itagimirim,  2 915 304 ,6347.0,3.1510950055144162
291535 ITAGUACU DA BAHIA,24,0,24.0,291535,Itaguaçu da Bahia,  2 915 353 ,12311.0,1.949476078303956
291540 ITAJU DO COLONIA,12,0,12.0,291540,Itaju do Colônia,  2 915 403 ,6037.0,1.9877422560874605
291550 ITAJUIPE,60,0,60.0,291550,Itajuípe,  2 915 502 ,18781.0,3.194718066130664
291560 ITAMARAJU,83,1,84.0,291560,Itamaraju,  2 915 601 ,59605.0,1.4092777451556078
291580 ITAMBE,50,0,50.0,291580,Itambé,  2 915 809 ,24394.0,2.049684348610314
291600 ITANHEM,54,0,54.0,291600,Itanhém,  2 916 005 ,17813.0,3.0314938528041315
291610 ITAPARICA,52,0,52.0,291610,Itaparica,  2 916 104 ,19789.0,2.627722472080449
291630 ITAPEBI,12,0,12.0,291630,Itapebi,  2 916 302 ,9174.0,1.3080444735120995
291640 ITAPETINGA,78,44,122.0,291640,Itapetinga,  2 916 401 ,65897.0,1.8513741141478368
291650 ITAPICURU,54,0,54.0,291650,Itapicuru,  2 916 500 ,31679.0,1.70459926134032
291660 ITAPITANGA,16,0,16.0,291660,Itapitanga,  2 916 609 ,10279.0,1.5565716509388072
291670 ITAQUARA,19,0,19.0,291670,Itaquara,  2 916 708 ,8153.0,2.330430516374341
291680 ITARANTIM,30,0,30.0,291680,Itarantim,  2 916 807 ,17052.0,1.7593244194229416
291685 ITATIM,12,0,12.0,291685,Itatim,  2 916 856 ,15737.0,0.7625341551757006
291690 ITIRUCU,85,0,85.0,291690,Itiruçu,  2 916 906 ,10999.0,7.727975270479135
291700 ITIUBA,40,0,40.0,291700,Itiúba,  2 917 003 ,33872.0,1.1809163911195086
291710 ITORORO,41,0,41.0,291710,Itororó,  2 917 102 ,16617.0,2.4673527110790157
291720 ITUACU,24,0,24.0,291720,Ituaçu,  2 917 201 ,17914.0,1.33973428603327
291730 ITUBERA,33,0,33.0,291730,Ituberá,  2 917 300 ,21902.0,1.5067117158250387
291733 IUIU,14,0,14.0,291733,Iuiu,  2 917 334 ,11118.0,1.2592192840438927
291735 JABORANDI,30,0,30.0,291735,Jaborandi,  2 917 359 ,9275.0,3.234501347708895
291740 JACARACI,29,0,29.0,291740,Jacaraci,  2 917 409 ,14436.0,2.0088667220836793
291750 JACOBINA,144,55,199.0,291750,Jacobina,  2 917 508 ,82590.0,2.409492674657949
291760 JAGUAQUARA,117,0,117.0,291760,Jaguaquara,  2 917 607 ,45964.0,2.5454703681141764
291770 JAGUARARI,32,0,32.0,291770,Jaguarari,  2 917 706 ,32703.0,0.9785035012078404
291800 JEQUIE,491,169,660.0,291800,Jequié,  2 918 001 ,158813.0,4.155831071763647
291810 JEREMOABO,31,0,31.0,291810,Jeremoabo,  2 918 100 ,37626.0,0.8238983681496836
291820 JIQUIRICA,30,0,30.0,291820,Jiquiriçá,  2 918 209 ,13629.0,2.201188641866608
291830 JITAUNA,14,0,14.0,291830,Jitaúna,  2 918 308 ,14355.0,0.9752699407871822
291835 JOAO DOURADO,32,0,32.0,291835,João Dourado,  2 918 357 ,24854.0,1.287519111611813
291840 JUAZEIRO,469,46,515.0,291840,Juazeiro,  2 918 407 ,237821.0,2.1654942162382635
291845 JUCURUCU,24,0,24.0,291845,Jucuruçu,  2 918 456 ,9655.0,2.4857586742620406
291850 JUSSARA,31,0,31.0,291850,Jussara,  2 918 506 ,16354.0,1.895560719090131
291855 JUSSARI,37,0,37.0,291855,Jussari,  2 918 555 ,5888.0,6.283967391304348
291860 JUSSIAPE,16,0,16.0,291860,Jussiape,  2 918 605 ,7379.0,2.168315489903781
291875 LAGOA REAL,17,0,17.0,291875,Lagoa Real,  2 918 753 ,14105.0,1.205246366536689
291880 LAJE,41,0,41.0,291880,Laje,  2 918 803 ,21052.0,1.9475584267528026
291905 LAJEDO DO TABOCAL,27,0,27.0,291905,Lajedo do Tabocal,  2 919 058 ,7494.0,3.602882305844676
291915 LAPAO,50,0,50.0,291915,Lapão,  2 919 157 ,25736.0,1.9428038545228474
291920 LAURO DE FREITAS,566,144,710.0,291920,Lauro de Freitas,  2 919 207 ,203331.0,3.4918433490220377
291930 LENCOIS,10,0,10.0,291930,Lençóis,  2 919 306 ,10774.0,0.9281603861147206
291940 LICINIO DE ALMEIDA,20,0,20.0,291940,Licínio de Almeida,  2 919 405 ,11834.0,1.6900456312320433
291950 LIVRAMENTO DE NOSSA SENHORA,51,38,89.0,291950,Livramento de Nossa Senhora,  2 919 504 ,43903.0,2.027196319158144
291955 LUIS EDUARDO MAGALHAES,90,45,135.0,291955,Luís Eduardo Magalhães,  2 919 553 ,107909.0,1.251054128941979
291960 MACAJUBA,20,0,20.0,291960,Macajuba,  2 919 603 ,10454.0,1.913143294432753
291970 MACARANI,27,0,27.0,291970,Macarani,  2 919 702 ,21599.0,1.2500578730496783
291980 MACAUBAS,67,15,82.0,291980,Macaúbas,  2 919 801 ,41859.0,1.958957452399723
291990 MACURURE,20,0,20.0,291990,Macururé,  2 919 900 ,7256.0,2.7563395810363835
291992 MADRE DE DEUS,28,4,32.0,291992,Madre de Deus,  2 919 926 ,18504.0,1.7293558149589277
292000 MAIQUINIQUE,14,0,14.0,292000,Maiquinique,  2 920 007 ,8731.0,1.6034818462948115
292010 MAIRI,27,0,27.0,292010,Mairi,  2 920 106 ,17674.0,1.5276677605522235
292020 MALHADA,21,0,21.0,292020,Malhada,  2 920 205 ,15398.0,1.3638134822704246
292045 MANSIDAO,8,0,8.0,292045,Mansidão,  2 920 452 ,13919.0,0.5747539334722322
292050 MARACAS,42,0,42.0,292050,Maracás,  2 920 502 ,27620.0,1.5206372194062274
292060 MARAGOGIPE,14,0,14.0,292060,Maragogipe,  2 920 601 ,35859.0,0.39041802615800775
292080 MARCIONILIO SOUZA,19,0,19.0,292080,Marcionílio Souza,  2 920 809 ,9267.0,2.050285960936657
292100 MATA DE SAO JOAO,65,22,87.0,292100,Mata de São João,  2 921 005 ,42566.0,2.043884790678006
292105 MATINA,21,0,21.0,292105,Matina,  2 921 054 ,10330.0,2.032913843175218
292110 MEDEIROS NETO,40,0,40.0,292110,Medeiros Neto,  2 921 104 ,22194.0,1.8022889069117778
292120 MIGUEL CALMON,87,0,87.0,292120,Miguel Calmon,  2 921 203 ,24661.0,3.5278374761769595
292130 MILAGRES,21,0,21.0,292130,Milagres,  2 921 302 ,11071.0,1.8968476199078674
292140 MIRANGABA,3,0,3.0,292140,Mirangaba,  2 921 401 ,15734.0,0.19066988686920044
292150 MONTE SANTO,61,0,61.0,292150,Monte Santo,  2 921 500 ,47780.0,1.2766848053578903
292160 MORPARA,2,0,2.0,292160,Morpará,  2 921 609 ,7996.0,0.2501250625312656
292170 MORRO DO CHAPEU,47,9,56.0,292170,Morro do Chapéu,  2 921 708 ,33594.0,1.6669643388700364
292180 MORTUGABA,24,0,24.0,292180,Mortugaba,  2 921 807 ,11143.0,2.1538185407879387
292190 MUCUGE,32,0,32.0,292190,Mucugê,  2 921 906 ,12137.0,2.6365658729504817
292200 MUCURI,69,28,97.0,292200,Mucuri,  2 922 003 ,37977.0,2.5541775285040944
292205 MULUNGU DO MORRO,34,0,34.0,292205,Mulungu do Morro,  2 922 052 ,13152.0,2.5851581508515813
292210 MUNDO NOVO,32,0,32.0,292210,Mundo Novo,  2 922 102 ,17305.0,1.8491765385726668
292230 MURITIBA,40,0,40.0,292230,Muritiba,  2 922 300 ,28707.0,1.393388372174034
292240 MUTUIPE,45,0,45.0,292240,Mutuípe,  2 922 409 ,20037.0,2.2458451864051505
292250 NAZARE,50,0,50.0,292250,Nazaré,  2 922 508 ,27060.0,1.8477457501847745
292265 NORDESTINA,30,0,30.0,292265,Nordestina,  2 922 656 ,18523.0,1.6196080548507261
292270 NOVA CANAA,30,0,30.0,292270,Nova Canaã,  2 922 706 ,13715.0,2.187386073641998
292273 NOVA FATIMA,5,0,5.0,292273,Nova Fátima,  2 922 730 ,7967.0,0.6275888038157399
292290 NOVA SOURE,19,0,19.0,292290,Nova Soure,  2 922 904 ,24236.0,0.7839577488034329
292300 NOVA VICOSA,64,0,64.0,292300,Nova Viçosa,  2 923 001 ,39509.0,1.6198840770457363
292310 OLINDINA,23,0,23.0,292310,Olindina,  2 923 100 ,22633.0,1.0162152609022224
292320 OLIVEIRA DOS BREJINHOS,13,0,13.0,292320,Oliveira dos Brejinhos,  2 923 209 ,20715.0,0.6275645667390779
292330 OURICANGAS,15,0,15.0,292330,Ouriçangas,  2 923 308 ,7716.0,1.944012441679627
292335 OUROLANDIA,17,0,17.0,292335,Ourolândia,  2 923 357 ,19243.0,0.8834381333471912
292340 PALMAS DE MONTE ALTO,54,0,54.0,292340,Palmas de Monte Alto,  2 923 407 ,20078.0,2.6895109074609023
292360 PARAMIRIM,81,8,89.0,292360,Paramirim,  2 923 605 ,20351.0,4.373249471770429
292370 PARATINGA,36,0,36.0,292370,Paratinga,  2 923 704 ,29252.0,1.2306850813619583
292380 PARIPIRANGA,18,3,21.0,292380,Paripiranga,  2 923 803 ,26604.0,0.7893549842129003
292390 PAU BRASIL,13,0,13.0,292390,Pau Brasil,  2 923 902 ,9370.0,1.3874066168623265
292400 PAULO AFONSO,165,26,191.0,292400,Paulo Afonso,  2 924 009 ,112870.0,1.692212279613715
292405 PE DE SERRA,8,0,8.0,292405,Pé de Serra,  2 924 058 ,13243.0,0.6040927282337839
292430 PIATA,26,0,26.0,292430,Piatã,  2 924 306 ,20086.0,1.2944339340834412
292440 PILAO ARCADO,30,0,30.0,292440,Pilão Arcado,  2 924 405 ,35357.0,0.84848827672031
292450 PINDAI,24,0,24.0,292450,Pindaí,  2 924 504 ,14731.0,1.6292172968569683
292460 PINDOBACU,58,0,58.0,292460,Pindobaçu,  2 924 603 ,19083.0,3.0393543992034795
292465 PINTADAS,6,5,11.0,292465,Pintadas,  2 924 652 ,10325.0,1.0653753026634383
292470 PIRIPA,17,0,17.0,292470,Piripá,  2 924 702 ,9152.0,1.8575174825174825
292480 PIRITIBA,25,0,25.0,292480,Piritiba,  2 924 801 ,17566.0,1.4232039166571786
292490 PLANALTINO,27,0,27.0,292490,Planaltino,  2 924 900 ,8022.0,3.3657442034405385
292500 PLANALTO,59,0,59.0,292500,Planalto,  2 925 006 ,23334.0,2.5284991857375503
292510 POCOES,57,0,57.0,292510,Poções,  2 925 105 ,48293.0,1.18029528088957
292520 POJUCA,135,12,147.0,292520,Pojuca,  2 925 204 ,32136.0,4.574309185959672
292525 PONTO NOVO,37,0,37.0,292525,Ponto Novo,  2 925 253 ,17938.0,2.062660274278069
292530 PORTO SEGURO,154,38,192.0,292530,Porto Seguro,  2 925 303 ,168326.0,1.1406437508168672
292540 POTIRAGUA,21,0,21.0,292540,Potiraguá,  2 925 402 ,10274.0,2.043994549347868
292550 PRADO,42,0,42.0,292550,Prado,  2 925 501 ,35003.0,1.1998971516727137
292560 PRESIDENTE DUTRA,17,0,17.0,292560,Presidente Dutra,  2 925 600 ,15130.0,1.1235955056179776
292575 PRESIDENTE TANCREDO NEVES,17,0,17.0,292575,Presidente Tancredo Neves,  2 925 758 ,27734.0,0.6129660344703252
292580 QUEIMADAS,50,0,50.0,292580,Queimadas,  2 925 808 ,25988.0,1.9239649068800986
292590 QUIJINGUE,17,0,17.0,292590,Quijingue,  2 925 907 ,25272.0,0.6726812282367838
292595 RAFAEL JAMBEIRO,22,0,22.0,292595,Rafael Jambeiro,  2 925 956 ,19662.0,1.1189095717627913
292600 REMANSO,42,37,79.0,292600,Remanso,  2 926 004 ,40586.0,1.9464840092642783
292610 RETIROLANDIA,24,0,24.0,292610,Retirolândia,  2 926 103 ,13651.0,1.7581129587576003
292620 RIACHAO DAS NEVES,29,0,29.0,292620,Riachão das Neves,  2 926 202 ,21642.0,1.3399870621938823
292630 RIACHAO DO JACUIPE,115,6,121.0,292630,Riachão do Jacuípe,  2 926 301 ,33386.0,3.624273647636734
292640 RIACHO DE SANTANA,59,0,59.0,292640,Riacho de Santana,  2 926 400 ,30711.0,1.9211357494057504
292650 RIBEIRA DO AMPARO,11,0,11.0,292650,Ribeira do Amparo,  2 926 509 ,13841.0,0.7947402644317607
292660 RIBEIRA DO POMBAL,91,11,102.0,292660,Ribeira do Pombal,  2 926 608 ,54010.0,1.8885391594149232
292670 RIO DE CONTAS,16,0,16.0,292670,Rio de Contas,  2 926 707 ,13184.0,1.2135922330097086
292690 RIO DO PIRES,27,0,27.0,292690,Rio do Pires,  2 926 905 ,10497.0,2.5721634752786513
292700 RIO REAL,57,0,57.0,292700,Rio Real,  2 927 002 ,35362.0,1.6118997794242407
292720 RUY BARBOSA,113,7,120.0,292720,Ruy Barbosa,  2 927 200 ,28282.0,4.24298140159819
292730 SALINAS DA MARGARIDA,9,0,9.0,292730,Salinas da Margarida,  2 927 309 ,14987.0,0.6005204510575832
292740 SALVADOR,5371,2614,7985.0,292740,Salvador,  2 927 408 ,2417678.0,3.3027557846826583
292750 SANTA BARBARA,10,0,10.0,292750,Santa Bárbara,  2 927 507 ,20952.0,0.47728140511645667
292770 SANTA CRUZ CABRALIA,22,0,22.0,292770,Santa Cruz Cabrália,  2 927 705 ,29185.0,0.7538118896693508
292790 SANTA INES,28,0,28.0,292790,Santa Inês,  2 927 903 ,10300.0,2.7184466019417477
292800 SANTALUZ,108,4,112.0,292800,Santaluz,  2 928 000 ,37834.0,2.9603002590262726
292810 SANTA MARIA DA VITORIA,48,11,59.0,292810,Santa Maria da Vitória,  2 928 109 ,38604.0,1.52833903222464
292820 SANTANA,36,0,36.0,292820,Santana,  2 928 208 ,24755.0,1.4542516663300342
292830 SANTANOPOLIS,13,0,13.0,292830,Santanópolis,  2 928 307 ,8716.0,1.4915098669114273
292840 SANTA RITA DE CASSIA,24,0,24.0,292840,Santa Rita de Cássia,  2 928 406 ,27390.0,0.8762322015334064
292850 SANTA TERESINHA,28,0,28.0,292850,Santa Terezinha,  2 928 505 ,10441.0,2.681735465951537
292860 SANTO AMARO,86,7,93.0,292860,Santo Amaro,  2 928 604 ,56012.0,1.660358494608298
292870 SANTO ANTONIO DE JESUS,240,123,363.0,292870,Santo Antônio de Jesus,  2 928 703 ,103055.0,3.5223909562854785
292880 SANTO ESTEVAO,89,23,112.0,292880,Santo Estêvão,  2 928 802 ,52276.0,2.1424745581146225
292890 SAO DESIDERIO,24,0,24.0,292890,São Desidério,  2 928 901 ,32828.0,0.7310832216400633
292895 SAO DOMINGOS,20,0,20.0,292895,São Domingos,  2 928 950 ,8426.0,2.3736055067647754
292900 SAO FELIX,85,5,90.0,292900,São Félix,  2 929 008 ,11026.0,8.162524941048432
292905 SAO FELIX DO CORIBE,22,27,49.0,292905,São Félix do Coribe,  2 929 057 ,15194.0,3.2249572199552454
292910 SAO FELIPE,18,0,18.0,292910,São Felipe,  2 929 107 ,20283.0,0.8874426859931963
292920 SAO FRANCISCO DO CONDE,33,1,34.0,292920,São Francisco do Conde,  2 929 206 ,38733.0,0.8778044561485039
292925 SAO GABRIEL,34,0,34.0,292925,São Gabriel,  2 929 255 ,18600.0,1.8279569892473118
292930 SAO GONCALO DOS CAMPOS,36,0,36.0,292930,São Gonçalo dos Campos,  2 929 305 ,39513.0,0.9110925518183889
292940 SAO MIGUEL DAS MATAS,29,0,29.0,292940,São Miguel das Matas,  2 929 404 ,10334.0,2.8062705631894715
292950 SAO SEBASTIAO DO PASSE,53,0,53.0,292950,São Sebastião do Passé,  2 929 503 ,40958.0,1.2940084965086187
292960 SAPEACU,77,0,77.0,292960,Sapeaçu,  2 929 602 ,17963.0,4.28658909981629
292970 SATIRO DIAS,25,0,25.0,292970,Sátiro Dias,  2 929 701 ,16008.0,1.561719140429785
292975 SAUBARA,13,0,13.0,292975,Saubara,  2 929 750 ,11438.0,1.13656233607274
292980 SAUDE,39,0,39.0,292980,Saúde,  2 929 800 ,10478.0,3.7220843672456576
292990 SEABRA,98,8,106.0,292990,Seabra,  2 929 909 ,46160.0,2.2963604852686306
293000 SEBASTIAO LARANJEIRAS,20,0,20.0,293000,Sebastião Laranjeiras,  2 930 006 ,9360.0,2.136752136752137
293010 SENHOR DO BONFIM,72,50,122.0,293010,Senhor do Bonfim,  2 930 105 ,74523.0,1.6370784858365874
293015 SERRA DO RAMALHO,31,0,31.0,293015,Serra do Ramalho,  2 930 154 ,34222.0,0.9058500379872596
293020 SENTO SE,32,0,32.0,293020,Sento Sé,  2 930 204 ,38154.0,0.8387062955391309
293030 SERRA DOURADA,37,0,37.0,293030,Serra Dourada,  2 930 303 ,17066.0,2.1680534395874838
293040 SERRA PRETA,25,0,25.0,293040,Serra Preta,  2 930 402 ,17996.0,1.389197599466548
293050 SERRINHA,168,28,196.0,293050,Serrinha,  2 930 501 ,80435.0,2.436750170945484
293060 SERROLANDIA,33,0,33.0,293060,Serrolândia,  2 930 600 ,13335.0,2.4746906636670416
293070 SIMOES FILHO,72,4,76.0,293070,Simões Filho,  2 930 709 ,114559.0,0.6634136121998271
293075 SITIO DO MATO,17,0,17.0,293075,Sítio do Mato,  2 930 758 ,13408.0,1.2678997613365155
293077 SOBRADINHO,54,0,54.0,293077,Sobradinho,  2 930 774 ,25475.0,2.119725220804711
293080 SOUTO SOARES,12,0,12.0,293080,Souto Soares,  2 930 808 ,17054.0,0.7036472381845902
293090 TABOCAS DO BREJO VELHO,32,0,32.0,293090,Tabocas do Brejo Velho,  2 930 907 ,11979.0,2.671341514316721
293100 TANHACU,16,0,16.0,293100,Tanhaçu,  2 931 004 ,21006.0,0.7616871370084737
293105 TANQUE NOVO,30,0,30.0,293105,Tanque Novo,  2 931 053 ,17158.0,1.7484555309476628
293110 TANQUINHO,20,0,20.0,293110,Tanquinho,  2 931 103 ,7717.0,2.591680704937152
293120 TAPEROA,26,0,26.0,293120,Taperoá,  2 931 202 ,18044.0,1.440922190201729
293130 TAPIRAMUTA,33,0,33.0,293130,Tapiramutá,  2 931 301 ,15818.0,2.086230876216968
293135 TEIXEIRA DE FREITAS,217,73,290.0,293135,Teixeira de Freitas,  2 931 350 ,145216.0,1.9970251211987657
293150 TEOFILANDIA,17,0,17.0,293150,Teofilândia,  2 931 509 ,21176.0,0.8027956176803929
293160 TEOLANDIA,24,0,24.0,293160,Teolândia,  2 931 608 ,15332.0,1.5653535090007826
293180 TREMEDAL,19,0,19.0,293180,Tremedal,  2 931 806 ,16296.0,1.16593028964163
293190 TUCANO,30,28,58.0,293190,Tucano,  2 931 905 ,48736.0,1.190085357846356
293200 UAUA,24,0,24.0,293200,Uauá,  2 932 002 ,24665.0,0.9730387188323535
293210 UBAIRA,71,0,71.0,293210,Ubaíra,  2 932 101 ,18626.0,3.8118758724363793
293220 UBAITABA,100,0,100.0,293220,Ubaitaba,  2 932 200 ,17596.0,5.683109797681292
293230 UBATA,41,0,41.0,293230,Ubatã,  2 932 309 ,16094.0,2.547533242202063
293240 UIBAI,30,0,30.0,293240,Uibaí,  2 932 408 ,13432.0,2.233472304943419
293245 UMBURANAS,5,0,5.0,293245,Umburanas,  2 932 457 ,13642.0,0.36651517372819237
293250 UNA,47,0,47.0,293250,Una,  2 932 507 ,18131.0,2.5922453256852904
293260 URANDI,34,0,34.0,293260,Urandi,  2 932 606 ,15355.0,2.2142624552263106
293280 UTINGA,24,0,24.0,293280,Utinga,  2 932 804 ,16277.0,1.474473183018984
293290 VALENCA,110,11,121.0,293290,Valença,  2 932 903 ,85655.0,1.4126437452571363
293300 VALENTE,60,4,64.0,293300,Valente,  2 933 000 ,24362.0,2.6270421147689023
293305 VARZEA DA ROCA,21,0,21.0,293305,Várzea da Roça,  2 933 059 ,13800.0,1.5217391304347825
293310 VARZEA DO POCO,30,0,30.0,293310,Várzea do Poço,  2 933 109 ,8101.0,3.7032465127762
293315 VARZEA NOVA,17,0,17.0,293315,Várzea Nova,  2 933 158 ,13377.0,1.270838005531883
293325 VEREDA,15,0,15.0,293325,Vereda,  2 933 257 ,6003.0,2.4987506246876565
293330 VITORIA DA CONQUISTA,617,221,838.0,293330,Vitória da Conquista,  2 933 307 ,370879.0,2.259497032724959
293340 WAGNER,43,2,45.0,293340,Wagner,  2 933 406 ,9503.0,4.735346732610755
293345 WANDERLEY,28,0,28.0,293345,Wanderley,  2 933 455 ,12968.0,2.1591610117211597
293350 WENCESLAU GUIMARAES,44,0,44.0,293350,Wenceslau Guimarães,  2 933 505 ,24474.0,1.7978262646073384
293360 XIQUE-XIQUE,87,0,87.0,293360,Xique-Xique,  2 933 604 ,44757.0,1.9438300154165828
310010 ABADIA DOS DOURADOS,12,0,12.0,310010,Abadia dos Dourados,  3 100 104 ,6272.0,1.913265306122449
310020 ABAETE,41,5,46.0,310020,Abaeté,  3 100 203 ,22675.0,2.028665931642778
310030 ABRE CAMPO,59,7,66.0,310030,Abre Campo,  3 100 302 ,13927.0,4.73899619444245
310060 AGUA BOA,13,0,13.0,310060,Água Boa,  3 100 609 ,12589.0,1.0326475494479308
310090 AGUAS FORMOSAS,61,5,66.0,310090,Águas Formosas,  3 100 906 ,18448.0,3.577623590633131
310100 AGUAS VERMELHAS,46,1,47.0,310100,Águas Vermelhas,  3 101 003 ,14037.0,3.3482937949704352
310110 AIMORES,43,10,53.0,310110,Aimorés,  3 101 102 ,25269.0,2.0974316356009344
310120 AIURUOCA,33,6,39.0,310120,Aiuruoca,  3 101 201 ,6233.0,6.257019091930049
310130 ALAGOA,13,4,17.0,310130,Alagoa,  3 101 300 ,2749.0,6.184066933430339
310150 ALEM PARAIBA,48,35,83.0,310150,Além Paraíba,  3 101 508 ,30717.0,2.7020867923299803
310160 ALFENAS,208,251,459.0,310160,Alfenas,  3 101 607 ,78970.0,5.812333797644675
310170 ALMENARA,72,5,77.0,310170,Almenara,  3 101 706 ,40364.0,1.9076404717074622
310190 ALPINOPOLIS,40,4,44.0,310190,Alpinópolis,  3 101 904 ,18300.0,2.4043715846994536
310200 ALTEROSA,20,6,26.0,310200,Alterosa,  3 102 001 ,13915.0,1.868487243981315
310210 ALTO RIO DOCE,16,1,17.0,310210,Alto Rio Doce,  3 102 100 ,10891.0,1.5609218620879626
310230 ALVINOPOLIS,30,5,35.0,310230,Alvinópolis,  3 102 308 ,15059.0,2.3241915133807027
310260 ANDRADAS,50,15,65.0,310260,Andradas,  3 102 605 ,40553.0,1.6028407269499174
310270 CACHOEIRA DE PAJEU,25,0,25.0,310270,Cachoeira de Pajeú,  3 102 704 ,9110.0,2.7442371020856204
310280 ANDRELANDIA,37,15,52.0,310280,Andrelândia,  3 102 803 ,11927.0,4.359855789385428
310290 ANTONIO CARLOS,12,0,12.0,310290,Antônio Carlos,  3 102 902 ,11095.0,1.081568273997296
310340 ARACUAI,60,12,72.0,310340,Araçuaí,  3 103 405 ,34297.0,2.0993089774615856
310350 ARAGUARI,123,71,194.0,310350,Araguari,  3 103 504 ,117808.0,1.6467472497623252
310375 ARAPORA,13,0,13.0,310375,Araporã,  3 103 751 ,8479.0,1.5331996697723789
310400 ARAXA,160,76,236.0,310400,Araxá,  3 104 007 ,111691.0,2.112972397059745
310410 ARCEBURGO,8,0,8.0,310410,Arceburgo,  3 104 106 ,9177.0,0.8717445788384003
310420 ARCOS,43,22,65.0,310420,Arcos,  3 104 205 ,41416.0,1.5694417616380143
310430 AREADO,15,0,15.0,310430,Areado,  3 104 304 ,13881.0,1.080613788631943
310450 ARINOS,27,0,27.0,310450,Arinos,  3 104 502 ,17272.0,1.5632237146827235
310470 ATALEIA,35,0,35.0,310470,Ataléia,  3 104 700 ,13736.0,2.5480489225393126
310490 BAEPENDI,48,11,59.0,310490,Baependi,  3 104 908 ,18366.0,3.2124578024610697
310510 BAMBUI,80,88,168.0,310510,Bambuí,  3 105 103 ,23546.0,7.134969846258388
310540 BARAO DE COCAIS,34,0,34.0,310540,Barão de Cocais,  3 105 400 ,30778.0,1.1046851647280527
310560 BARBACENA,416,426,842.0,310560,Barbacena,  3 105 608 ,125317.0,6.718960715625175
310590 BARROSO,37,8,45.0,310590,Barroso,  3 105 905 ,20080.0,2.2410358565737054
310620 BELO HORIZONTE,5383,3882,9265.0,310620,Belo Horizonte,  3 106 200 ,2315560.0,4.001191936291869
310630 BELO ORIENTE,34,16,50.0,310630,Belo Oriente,  3 106 309 ,23928.0,2.0896021397525915
310640 BELO VALE,31,0,31.0,310640,Belo Vale,  3 106 408 ,8627.0,3.593369653413701
310650 BERILO,40,0,40.0,310650,Berilo,  3 106 507 ,9826.0,4.0708324852432325
310670 BETIM,397,326,723.0,310670,Betim,  3 106 705 ,411846.0,1.755510554916158
310690 BICAS,28,7,35.0,310690,Bicas,  3 106 903 ,13978.0,2.503934754614394
310710 BOA ESPERANCA,55,16,71.0,310710,Boa Esperança,  3 107 109 ,39848.0,1.7817707287693234
310730 BOCAIUVA,70,0,70.0,310730,Bocaiúva,  3 107 307 ,48032.0,1.4573617588274483
310740 BOM DESPACHO,66,21,87.0,310740,Bom Despacho,  3 107 406 ,51737.0,1.6815818466474668
310750 BOM JARDIM DE MINAS,29,0,29.0,310750,Bom Jardim de Minas,  3 107 505 ,6783.0,4.275394368273625
310780 BOM JESUS DO GALHO,30,10,40.0,310780,Bom Jesus do Galho,  3 107 802 ,14536.0,2.75178866263071
310800 BOM SUCESSO,50,16,66.0,310800,Bom Sucesso,  3 108 008 ,17151.0,3.848172118243834
310820 BONFINOPOLIS DE MINAS,7,0,7.0,310820,Bonfinópolis de Minas,  3 108 206 ,5528.0,1.2662807525325614
310830 BORDA DA MATA,0,8,8.0,310830,Borda da Mata,  3 108 305 ,17404.0,0.4596644449551827
310840 BOTELHOS,15,4,19.0,310840,Botelhos,  3 108 404 ,14828.0,1.2813595899649313
310860 BRASILIA DE MINAS,105,9,114.0,310860,Brasília de Minas,  3 108 602 ,32025.0,3.559718969555035
310890 BRAZOPOLIS,17,7,24.0,310890,Brazópolis,  3 108 909 ,14246.0,1.6846834199073424
310900 BRUMADINHO,48,0,48.0,310900,Brumadinho,  3 109 006 ,38915.0,1.2334575356546318
310910 BUENO BRANDAO,19,6,25.0,310910,Bueno Brandão,  3 109 105 ,10911.0,2.291265695170012
310930 BURITIS,21,10,31.0,310930,Buritis,  3 109 303 ,24030.0,1.290054099042863
310940 BURITIZEIRO,31,0,31.0,310940,Buritizeiro,  3 109 402 ,23910.0,1.2965286491007948
310950 CABO VERDE,30,12,42.0,310950,Cabo Verde,  3 109 501 ,11410.0,3.6809815950920246
310990 CAETANOPOLIS,37,7,44.0,310990,Caetanópolis,  3 109 907 ,11435.0,3.8478355924792305
311000 CAETE,46,5,51.0,311000,Caeté,  3 110 004 ,38776.0,1.3152465442541779
311030 CALDAS,25,24,49.0,311030,Caldas,  3 110 301 ,14217.0,3.4465780403741997
311050 CAMANDUCAIA,19,4,23.0,311050,Camanducaia,  3 110 509 ,26097.0,0.8813273556347473
311060 CAMBUI,44,13,57.0,311060,Cambuí,  3 110 608 ,29536.0,1.9298483206933912
311070 CAMBUQUIRA,29,7,36.0,311070,Cambuquira,  3 110 707 ,12313.0,2.9237391374969546
311090 CAMPANHA,20,2,22.0,311090,Campanha,  3 110 905 ,15935.0,1.3806087229369313
311100 CAMPESTRE,38,8,46.0,311100,Campestre,  3 111 002 ,20696.0,2.2226517201391576
311110 CAMPINA VERDE,26,11,37.0,311110,Campina Verde,  3 111 101 ,18011.0,2.0543001499083893
311120 CAMPO BELO,70,36,106.0,311120,Campo Belo,  3 111 200 ,52277.0,2.0276603477628785
311130 CAMPO DO MEIO,10,0,10.0,311130,Campo do Meio,  3 111 309 ,11377.0,0.8789663355893469
311150 CAMPOS ALTOS,35,3,38.0,311150,Campos Altos,  3 111 507 ,12979.0,2.927806456583712
311160 CAMPOS GERAIS,45,6,51.0,311160,Campos Gerais,  3 111 606 ,26105.0,1.953648726297644
311180 CANAPOLIS,23,2,25.0,311180,Canápolis,  3 111 804 ,10608.0,2.356711915535445
311200 CANDEIAS,32,3,35.0,311200,Candeias,  3 112 000 ,14001.0,2.4998214413256195
311230 CAPELINHA,52,8,60.0,311230,Capelinha,  3 112 307 ,39626.0,1.5141573714228032
311260 CAPINOPOLIS,27,0,27.0,311260,Capinópolis,  3 112 604 ,14655.0,1.842374616171955
311280 CAPITOLIO,19,3,22.0,311280,Capitólio,  3 112 802 ,10380.0,2.119460500963391
311300 CARAI,43,1,44.0,311300,Caraí,  3 113 008 ,19548.0,2.2508696541845716
311320 CARANDAI,39,8,47.0,311320,Carandaí,  3 113 206 ,23812.0,1.973794725348564
311330 CARANGOLA,145,56,201.0,311330,Carangola,  3 113 305 ,31240.0,6.434058898847631
311340 CARATINGA,151,75,226.0,311340,Caratinga,  3 113 404 ,87360.0,2.586996336996337
311350 CARBONITA,21,0,21.0,311350,Carbonita,  3 113 503 ,8512.0,2.4671052631578947
311360 CAREACU,14,6,20.0,311360,Careaçu,  3 113 602 ,6816.0,2.9342723004694835
311370 CARLOS CHAGAS,46,0,46.0,311370,Carlos Chagas,  3 113 701 ,18615.0,2.47112543647596
311380 CARMESIA,10,0,10.0,311380,Carmésia,  3 113 800 ,2605.0,3.838771593090211
311390 CARMO DA CACHOEIRA,37,0,37.0,311390,Carmo da Cachoeira,  3 113 909 ,11547.0,3.2042954880055423
311400 CARMO DA MATA,24,2,26.0,311400,Carmo da Mata,  3 114 006 ,11019.0,2.359560758689536
311410 CARMO DE MINAS,28,4,32.0,311410,Carmo de Minas,  3 114 105 ,13797.0,2.3193447850982096
311430 CARMO DO PARANAIBA,42,11,53.0,311430,Carmo do Paranaíba,  3 114 303 ,29011.0,1.8268932473889214
311440 CARMO DO RIO CLARO,27,3,30.0,311440,Carmo do Rio Claro,  3 114 402 ,20954.0,1.4317075498711465
311450 CARMOPOLIS DE MINAS,26,12,38.0,311450,Carmópolis de Minas,  3 114 501 ,18003.0,2.1107593178914623
311460 CARRANCAS,17,4,21.0,311460,Carrancas,  3 114 600 ,4049.0,5.186465794023215
311510 CASSIA,40,12,52.0,311510,Cássia,  3 115 102 ,17155.0,3.03118624307782
311530 CATAGUASES,91,48,139.0,311530,Cataguases,  3 115 300 ,66261.0,2.0977648994129274
311550 CAXAMBU,31,2,33.0,311550,Caxambu,  3 115 508 ,21056.0,1.5672492401215805
311570 CENTRAL DE MINAS,22,0,22.0,311570,Central de Minas,  3 115 706 ,6171.0,3.5650623885918002
311580 CENTRALINA,19,0,19.0,311580,Centralina,  3 115 805 ,10207.0,1.8614676202606053
311615 CHAPADA GAUCHA,18,0,18.0,311615,Chapada Gaúcha,  3 116 159 ,12355.0,1.4569000404694457
311630 CIPOTANEA,14,0,14.0,311630,Cipotânea,  3 116 308 ,5581.0,2.50851101953055
311660 CLAUDIO,36,8,44.0,311660,Cláudio,  3 116 605 ,30159.0,1.4589343147982359
311680 COLUNA,38,0,38.0,311680,Coluna,  3 116 803 ,8163.0,4.6551512924170035
311710 CONCEICAO DA APARECIDA,19,0,19.0,311710,Conceição da Aparecida,  3 117 108 ,10371.0,1.8320316266512389
311730 CONCEICAO DAS ALAGOAS,18,4,22.0,311730,Conceição das Alagoas,  3 117 306 ,28381.0,0.7751664846199923
311750 CONCEICAO DO MATO DENTRO,33,10,43.0,311750,Conceição do Mato Dentro,  3 117 504 ,23163.0,1.8564089280317748
311770 CONCEICAO DO RIO VERDE,24,8,32.0,311770,Conceição do Rio Verde,  3 117 702 ,12541.0,2.5516306514632006
311800 CONGONHAS,55,31,86.0,311800,Congonhas,  3 118 007 ,52890.0,1.6260162601626016
311820 CONQUISTA,11,4,15.0,311820,Conquista,  3 118 205 ,6694.0,2.2408126680609497
311830 CONSELHEIRO LAFAIETE,161,87,248.0,311830,Conselheiro Lafaiete,  3 118 304 ,131621.0,1.8841978103798025
311840 CONSELHEIRO PENA,44,9,53.0,311840,Conselheiro Pena,  3 118 403 ,20824.0,2.5451402228198234
311860 CONTAGEM,441,199,640.0,311860,Contagem,  3 118 601 ,621863.0,1.0291655879188826
311880 CORACAO DE JESUS,40,0,40.0,311880,Coração de Jesus,  3 118 809 ,25377.0,1.5762304448910431
311930 COROMANDEL,45,4,49.0,311930,Coromandel,  3 119 302 ,28894.0,1.6958538104796845
311940 CORONEL FABRICIANO,63,74,137.0,311940,Coronel Fabriciano,  3 119 401 ,104736.0,1.3080507179957226
312020 CRISTAIS,19,0,19.0,312020,Cristais,  3 120 201 ,12197.0,1.5577601049438385
312050 CRISTINA,23,2,25.0,312050,Cristina,  3 120 508 ,10374.0,2.4098708309234627
312080 CRUZILIA,61,5,66.0,312080,Cruzília,  3 120 805 ,15362.0,4.296315583908346
312090 CURVELO,118,49,167.0,312090,Curvelo,  3 120 904 ,80665.0,2.0702907084857127
312100 DATAS,21,0,21.0,312100,Datas,  3 121 001 ,5465.0,3.8426349496797805
312120 DELFINOPOLIS,14,5,19.0,312120,Delfinópolis,  3 121 209 ,8393.0,2.263791254616943
312160 DIAMANTINA,177,18,195.0,312160,Diamantina,  3 121 605 ,47702.0,4.087878914930192
312180 DIONISIO,0,9,9.0,312180,Dionísio,  3 121 803 ,6847.0,1.3144442821673725
312200 DIVINO,30,7,37.0,312200,Divino,  3 122 009 ,20706.0,1.7869216652178113
312210 DIVINO DAS LARANJEIRAS,21,0,21.0,312210,Divino das Laranjeiras,  3 122 108 ,4178.0,5.026328386787937
312230 DIVINOPOLIS,199,456,655.0,312230,Divinópolis,  3 122 306 ,231091.0,2.83438126106166
312235 DIVISA ALEGRE,0,1,1.0,312235,Divisa Alegre,  3 122 355 ,6321.0,0.15820281601012498
312240 DIVISA NOVA,0,7,7.0,312240,Divisa Nova,  3 122 405 ,5851.0,1.1963766877456845
312260 DOM JOAQUIM,19,0,19.0,312260,Dom Joaquim,  3 122 603 ,4899.0,3.8783425188814045
312270 DOM SILVERIO,18,9,27.0,312270,Dom Silvério,  3 122 702 ,5228.0,5.164498852333589
312320 DORES DO INDAIA,35,5,40.0,312320,Dores do Indaiá,  3 123 205 ,12630.0,3.1670625494853524
312360 ELOI MENDES,40,0,40.0,312360,Elói Mendes,  3 123 601 ,26336.0,1.5188335358444716
312390 ENTRE RIOS DE MINAS,46,3,49.0,312390,Entre Rios de Minas,  3 123 908 ,14746.0,3.32293503322935
312400 ERVALIA,16,0,16.0,312400,Ervália,  3 124 005 ,20255.0,0.7899284127375957
312410 ESMERALDAS,52,5,57.0,312410,Esmeraldas,  3 124 104 ,85598.0,0.6659034089581533
312420 ESPERA FELIZ,42,5,47.0,312420,Espera Feliz,  3 124 203 ,24102.0,1.9500456393660277
312430 ESPINOSA,40,0,40.0,312430,Espinosa,  3 124 302 ,30443.0,1.3139309529284238
312450 ESTIVA,20,5,25.0,312450,Estiva,  3 124 500 ,11502.0,2.1735350373848026
312470 ESTRELA DO INDAIA,21,0,21.0,312470,Estrela do Indaiá,  3 124 708 ,2772.0,7.575757575757576
312480 ESTRELA DO SUL,4,0,4.0,312480,Estrela do Sul,  3 124 807 ,6840.0,0.5847953216374269
312490 EUGENOPOLIS,29,1,30.0,312490,Eugenópolis,  3 124 906 ,10801.0,2.7775205999444497
312510 EXTREMA,71,4,75.0,312510,Extrema,  3 125 101 ,53482.0,1.402340974533488
312550 SAO GONCALO DO RIO PRETO,8,0,8.0,312550,São Gonçalo do Rio Preto,  3 125 507 ,3032.0,2.638522427440633
312560 FELISBURGO,42,0,42.0,312560,Felisburgo,  3 125 606 ,6489.0,6.472491909385114
312590 FERROS,23,2,25.0,312590,Ferros,  3 125 903 ,9590.0,2.6068821689259645
312595 FERVEDOURO,19,0,19.0,312595,Fervedouro,  3 125 952 ,10445.0,1.8190521780756344
312610 FORMIGA,57,35,92.0,312610,Formiga,  3 126 109 ,68248.0,1.348024850545071
312620 FORMOSO,10,0,10.0,312620,Formoso,  3 126 208 ,7949.0,1.258019876714052
312650 FRANCISCO BADARO,11,0,11.0,312650,Francisco Badaró,  3 126 505 ,7366.0,1.4933478142818355
312670 FRANCISCO SA,50,0,50.0,312670,Francisco Sá,  3 126 703 ,23476.0,2.1298347248253537
312690 FREI INOCENCIO,16,0,16.0,312690,Frei Inocêncio,  3 126 901 ,8226.0,1.9450522732798443
312710 FRUTAL,45,35,80.0,312710,Frutal,  3 127 107 ,58588.0,1.3654673311941012
312760 GOUVEIA,26,2,28.0,312760,Gouveia,  3 127 602 ,11331.0,2.4710969905568794
312770 GOVERNADOR VALADARES,412,157,569.0,312770,Governador Valadares,  3 127 701 ,257171.0,2.2125356280451527
312780 GRAO MOGOL,50,0,50.0,312780,Grão Mogol,  3 127 800 ,13901.0,3.5968635349974822
312800 GUANHAES,38,22,60.0,312800,Guanhães,  3 128 006 ,32244.0,1.8608113137327875
312810 GUAPE,24,5,29.0,312810,Guapé,  3 128 105 ,13772.0,2.1057217542840547
312820 GUARACIABA,23,0,23.0,312820,Guaraciaba,  3 128 204 ,9753.0,2.3582487439762123
312830 GUARANESIA,22,12,34.0,312830,Guaranésia,  3 128 303 ,19150.0,1.7754569190600522
312860 GUARDA-MOR,16,0,16.0,312860,Guarda-Mor,  3 128 600 ,6539.0,2.4468573176326656
312870 GUAXUPE,55,64,119.0,312870,Guaxupé,  3 128 709 ,50911.0,2.337412347036986
312910 GURINHATA,12,0,12.0,312910,Gurinhatã,  3 129 103 ,5192.0,2.3112480739599386
312940 IBERTIOGA,23,0,23.0,312940,Ibertioga,  3 129 400 ,5198.0,4.424778761061947
312950 IBIA,25,4,29.0,312950,Ibiá,  3 129 509 ,22229.0,1.30460209636061
312970 IBIRACI,12,0,12.0,312970,Ibiraci,  3 129 707 ,10948.0,1.0960906101571064
312980 IBIRITE,91,0,91.0,312980,Ibirité,  3 129 806 ,170537.0,0.533608542427743
313010 IGARAPE,21,0,21.0,313010,Igarapé,  3 130 101 ,45847.0,0.4580452374201147
313030 IGUATAMA,18,12,30.0,313030,Iguatama,  3 130 309 ,6826.0,4.394960445355991
313050 ILICINEA,28,2,30.0,313050,Ilicínea,  3 130 507 ,12741.0,2.3546032493524844
313090 INHAPIM,45,3,48.0,313090,Inhapim,  3 130 903 ,22692.0,2.1152829190904283
313120 IPANEMA,47,5,52.0,313120,Ipanema,  3 131 208 ,19522.0,2.6636615100911794
313130 IPATINGA,420,197,617.0,313130,Ipatinga,  3 131 307 ,227731.0,2.709336893088776
313150 IPUIUNA,15,3,18.0,313150,Ipuiúna,  3 131 505 ,9135.0,1.9704433497536944
313170 ITABIRA,174,62,236.0,313170,Itabira,  3 131 703 ,113343.0,2.082175343867729
313180 ITABIRINHA,21,0,21.0,313180,Itabirinha,  3 131 802 ,10362.0,2.026635784597568
313190 ITABIRITO,49,26,75.0,313190,Itabirito,  3 131 901 ,53365.0,1.4054155345263748
313210 ITACARAMBI,41,0,41.0,313210,Itacarambi,  3 132 107 ,17208.0,2.382612738261274
313220 ITAGUARA,27,10,37.0,313220,Itaguara,  3 132 206 ,13846.0,2.672251913910155
313230 ITAIPE,28,0,28.0,313230,Itaipé,  3 132 305 ,10463.0,2.6760967217815157
313240 ITAJUBA,123,69,192.0,313240,Itajubá,  3 132 404 ,93073.0,2.062896865900959
313250 ITAMARANDIBA,74,22,96.0,313250,Itamarandiba,  3 132 503 ,32948.0,2.9136821658370766
313270 ITAMBACURI,74,5,79.0,313270,Itambacuri,  3 132 701 ,21042.0,3.754395969964832
313290 ITAMOGI,14,4,18.0,313290,Itamogi,  3 132 909 ,10770.0,1.671309192200557
313300 ITAMONTE,47,0,47.0,313300,Itamonte,  3 133 006 ,14786.0,3.1786825375355066
313310 ITANHANDU,41,8,49.0,313310,Itanhandu,  3 133 105 ,15236.0,3.2160672092412708
313320 ITANHOMI,18,2,20.0,313320,Itanhomi,  3 133 204 ,11128.0,1.7972681524083394
313330 ITAOBIM,57,5,62.0,313330,Itaobim,  3 133 303 ,19151.0,3.237428854890084
313350 ITAPECERICA,46,8,54.0,313350,Itapecerica,  3 133 501 ,21046.0,2.5658082295923212
313375 ITAU DE MINAS,34,6,40.0,313375,Itaú de Minas,  3 133 758 ,14406.0,2.7766208524226017
313380 ITAUNA,79,37,116.0,313380,Itaúna,  3 133 808 ,97669.0,1.1876849358547747
313420 ITUIUTABA,146,81,227.0,313420,Ituiutaba,  3 134 202 ,102217.0,2.2207656260700275
313440 ITURAMA,64,20,84.0,313440,Iturama,  3 134 400 ,38295.0,2.1934978456717587
313460 JABOTICATUBAS,31,1,32.0,313460,Jaboticatubas,  3 134 608 ,20406.0,1.5681662256199158
313470 JACINTO,48,0,48.0,313470,Jacinto,  3 134 707 ,11042.0,4.347038579967397
313480 JACUI,10,2,12.0,313480,Jacuí,  3 134 806 ,7495.0,1.601067378252168
313490 JACUTINGA,26,11,37.0,313490,Jacutinga,  3 134 905 ,25525.0,1.4495592556317336
313505 JAIBA,25,2,27.0,313505,Jaíba,  3 135 050 ,37660.0,0.7169410515135423
313510 JANAUBA,125,38,163.0,313510,Janaúba,  3 135 100 ,70699.0,2.3055488762217284
313520 JANUARIA,50,4,54.0,313520,Januária,  3 135 209 ,65150.0,0.8288564850345357
313540 JECEABA,27,0,27.0,313540,Jeceaba,  3 135 407 ,6197.0,4.356946909795062
313580 JEQUITINHONHA,50,6,56.0,313580,Jequitinhonha,  3 135 803 ,24007.0,2.332652976215271
313600 JOAIMA,33,0,33.0,313600,Joaíma,  3 136 009 ,13888.0,2.376152073732719
313620 JOAO MONLEVADE,90,45,135.0,313620,João Monlevade,  3 136 207 ,80187.0,1.6835646675895095
313630 JOAO PINHEIRO,48,17,65.0,313630,João Pinheiro,  3 136 306 ,46801.0,1.3888592124099912
313650 JORDANIA,27,0,27.0,313650,Jordânia,  3 136 504 ,10304.0,2.6203416149068324
313665 JUATUBA,14,0,14.0,313665,Juatuba,  3 136 652 ,30716.0,0.45578851412944393
313670 JUIZ DE FORA,1424,1058,2482.0,313670,Juiz de Fora,  3 136 702 ,540756.0,4.589870477627618
313690 JURUAIA,11,3,14.0,313690,Juruaia,  3 136 900 ,11084.0,1.2630819198845182
313700 LADAINHA,21,0,21.0,313700,Ladainha,  3 137 007 ,14383.0,1.4600570117499825
313710 LAGAMAR,9,0,9.0,313710,Lagamar,  3 137 106 ,6631.0,1.3572613482129392
313720 LAGOA DA PRATA,48,16,64.0,313720,Lagoa da Prata,  3 137 205 ,51412.0,1.2448455613475453
313750 LAGOA FORMOSA,18,0,18.0,313750,Lagoa Formosa,  3 137 502 ,18904.0,0.9521794329242488
313760 LAGOA SANTA,43,32,75.0,313760,Lagoa Santa,  3 137 601 ,75145.0,0.9980703972320181
313770 LAJINHA,40,12,52.0,313770,Lajinha,  3 137 700 ,20835.0,2.495800335973122
313780 LAMBARI,46,5,51.0,313780,Lambari,  3 137 809 ,20414.0,2.4982854903497596
313790 LAMIM,8,0,8.0,313790,Lamim,  3 137 908 ,3184.0,2.512562814070352
313800 LARANJAL,20,3,23.0,313800,Laranjal,  3 138 005 ,5963.0,3.8571188998826096
313820 LAVRAS,130,77,207.0,313820,Lavras,  3 138 203 ,104761.0,1.9759261557258903
313840 LEOPOLDINA,78,22,100.0,313840,Leopoldina,  3 138 401 ,51145.0,1.955225339720403
313860 LIMA DUARTE,27,5,32.0,313860,Lima Duarte,  3 138 609 ,17221.0,1.8581963881307704
313880 LUZ,35,5,40.0,313880,Luz,  3 138 807 ,17875.0,2.237762237762238
313890 MACHACALIS,44,2,46.0,313890,Machacalis,  3 138 906 ,6487.0,7.091105287498073
313900 MACHADO,42,14,56.0,313900,Machado,  3 139 003 ,37684.0,1.4860418214626898
313920 MALACACHETA,33,0,33.0,313920,Malacacheta,  3 139 201 ,17516.0,1.8839917789449645
313930 MANGA,39,4,43.0,313930,Manga,  3 139 300 ,18886.0,2.276818807582336
313940 MANHUACU,153,35,188.0,313940,Manhuaçu,  3 139 409 ,91886.0,2.0460135385151164
313950 MANHUMIRIM,59,29,88.0,313950,Manhumirim,  3 139 508 ,20613.0,4.269150536069471
313960 MANTENA,68,16,84.0,313960,Mantena,  3 139 607 ,26535.0,3.165630299604296
313980 MAR DE ESPANHA,30,8,38.0,313980,Mar de Espanha,  3 139 805 ,12721.0,2.987186541938527
313990 MARIA DA FE,30,0,30.0,313990,Maria da Fé,  3 139 904 ,14247.0,2.105706464518846
314000 MARIANA,56,11,67.0,314000,Mariana,  3 140 001 ,61387.0,1.091436297587437
314050 MARTINHO CAMPOS,14,4,18.0,314050,Martinho Campos,  3 140 506 ,14003.0,1.2854388345354566
314070 MATEUS LEME,54,13,67.0,314070,Mateus Leme,  3 140 704 ,37841.0,1.7705663169577972
314080 MATIAS BARBOSA,0,30,30.0,314080,Matias Barbosa,  3 140 803 ,14121.0,2.1244954323348204
314090 MATIPO,50,2,52.0,314090,Matipó,  3 140 902 ,18552.0,2.802932298404485
314100 MATO VERDE,4,0,4.0,314100,Mato Verde,  3 141 009 ,12038.0,0.3322811098189068
314110 MATOZINHOS,38,12,50.0,314110,Matozinhos,  3 141 108 ,37618.0,1.3291509383805626
314120 MATUTINA,10,0,10.0,314120,Matutina,  3 141 207 ,3814.0,2.6219192448872577
314140 MEDINA,44,4,48.0,314140,Medina,  3 141 405 ,20156.0,2.3814248858900577
314150 MENDES PIMENTEL,18,0,18.0,314150,Mendes Pimentel,  3 141 504 ,5606.0,3.210845522654299
314160 MERCES,12,8,20.0,314160,Mercês,  3 141 603 ,10373.0,1.9280825219319386
314180 MINAS NOVAS,42,19,61.0,314180,Minas Novas,  3 141 801 ,24405.0,2.4994878098750255
314190 MINDURI,13,7,20.0,314190,Minduri,  3 141 900 ,3741.0,5.346164127238707
314200 MIRABELA,28,2,30.0,314200,Mirabela,  3 142 007 ,13651.0,2.197641198447
314220 MIRAI,25,8,33.0,314220,Miraí,  3 142 205 ,13633.0,2.4205970806132178
314240 MOEMA,12,1,13.0,314240,Moema,  3 142 403 ,7548.0,1.7223105458399575
314260 MONSENHOR PAULO,44,0,44.0,314260,Monsenhor Paulo,  3 142 601 ,8340.0,5.275779376498801
314270 MONTALVANIA,30,0,30.0,314270,Montalvânia,  3 142 700 ,14060.0,2.1337126600284497
314280 MONTE ALEGRE DE MINAS,18,4,22.0,314280,Monte Alegre de Minas,  3 142 809 ,20170.0,1.0907288051561723
314290 MONTE AZUL,40,2,42.0,314290,Monte Azul,  3 142 908 ,20328.0,2.066115702479339
314300 MONTE BELO,13,5,18.0,314300,Monte Belo,  3 143 005 ,13046.0,1.379733251571363
314310 MONTE CARMELO,99,15,114.0,314310,Monte Carmelo,  3 143 104 ,47692.0,2.3903380021806595
314320 MONTE SANTO DE MINAS,28,22,50.0,314320,Monte Santo de Minas,  3 143 203 ,20890.0,2.3934897079942554
314330 MONTES CLAROS,720,284,1004.0,314330,Montes Claros,  3 143 302 ,414240.0,2.4237157203553497
314350 MORADA NOVA DE MINAS,19,1,20.0,314350,Morada Nova de Minas,  3 143 500 ,9067.0,2.2058012573067165
314370 MORRO DO PILAR,1,0,1.0,314370,Morro do Pilar,  3 143 708 ,3133.0,0.3191828917969997
314390 MURIAE,316,185,501.0,314390,Muriaé,  3 143 906 ,104108.0,4.812310293157107
314400 MUTUM,46,4,50.0,314400,Mutum,  3 144 003 ,27635.0,1.8092998009770218
314410 MUZAMBINHO,27,23,50.0,314410,Muzambinho,  3 144 102 ,21891.0,2.284043670914988
314430 NANUQUE,50,29,79.0,314430,Nanuque,  3 144 300 ,35038.0,2.2546949026770933
314450 NAZARENO,15,0,15.0,314450,Nazareno,  3 144 508 ,8179.0,1.833965032400049
314460 NEPOMUCENO,35,5,40.0,314460,Nepomuceno,  3 144 607 ,25018.0,1.598848828843233
314470 NOVA ERA,30,13,43.0,314470,Nova Era,  3 144 706 ,17438.0,2.46587911457736
314480 NOVA LIMA,80,183,263.0,314480,Nova Lima,  3 144 805 ,111697.0,2.3545842771068157
314500 NOVA PONTE,23,5,28.0,314500,Nova Ponte,  3 145 000 ,14598.0,1.918070968625839
314510 NOVA RESENDE,18,0,18.0,314510,Nova Resende,  3 145 109 ,16387.0,1.0984316836516752
314520 NOVA SERRANA,52,90,142.0,314520,Nova Serrana,  3 145 208 ,105552.0,1.3453084735485827
314530 NOVO CRUZEIRO,35,1,36.0,314530,Novo Cruzeiro,  3 145 307 ,26975.0,1.3345690454124188
314560 OLIVEIRA,67,14,81.0,314560,Oliveira,  3 145 604 ,39262.0,2.0630635219805407
314590 OURO BRANCO,37,59,96.0,314590,Ouro Branco,  3 145 901 ,38724.0,2.479082739386427
314600 OURO FINO,40,10,50.0,314600,Ouro Fino,  3 146 008 ,32094.0,1.5579235994266842
314610 OURO PRETO,74,29,103.0,314610,Ouro Preto,  3 146 107 ,74821.0,1.376618863688002
314630 PADRE PARAISO,38,2,40.0,314630,Padre Paraíso,  3 146 305 ,17334.0,2.307603553709473
314650 PAINS,18,0,18.0,314650,Pains,  3 146 503 ,8142.0,2.210759027266028
314670 PALMA,22,6,28.0,314670,Palma,  3 146 701 ,5707.0,4.906255475731557
314700 PARACATU,89,199,288.0,314700,Paracatu,  3 147 006 ,94023.0,3.0630803101368818
314710 PARA DE MINAS,65,30,95.0,314710,Pará de Minas,  3 147 105 ,97139.0,0.9779800080297306
314720 PARAGUACU,30,3,33.0,314720,Paraguaçu,  3 147 204 ,21723.0,1.5191271923767435
314730 PARAISOPOLIS,40,8,48.0,314730,Paraisópolis,  3 147 303 ,20445.0,2.347762289068232
314750 PASSABEM,14,0,14.0,314750,Passabém,  3 147 501 ,1600.0,8.75
314760 PASSA QUATRO,29,20,49.0,314760,Passa Quatro,  3 147 600 ,15515.0,3.1582339671285853
314770 PASSA TEMPO,18,8,26.0,314770,Passa Tempo,  3 147 709 ,8473.0,3.0685707541602736
314790 PASSOS,185,133,318.0,314790,Passos,  3 147 907 ,111939.0,2.8408329536622627
314800 PATOS DE MINAS,187,181,368.0,314800,Patos de Minas,  3 148 004 ,159235.0,2.3110497064087667
314810 PATROCINIO,113,58,171.0,314810,Patrocínio,  3 148 103 ,89826.0,1.903680448867811
314860 PECANHA,51,1,52.0,314860,Peçanha,  3 148 608 ,17446.0,2.9806259314456036
314870 PEDRA AZUL,61,8,69.0,314870,Pedra Azul,  3 148 707 ,24410.0,2.8267103646046703
314910 PEDRALVA,9,8,17.0,314910,Pedralva,  3 149 101 ,10760.0,1.579925650557621
314920 PEDRINOPOLIS,8,0,8.0,314920,Pedrinópolis,  3 149 200 ,3344.0,2.3923444976076556
314930 PEDRO LEOPOLDO,65,12,77.0,314930,Pedro Leopoldo,  3 149 309 ,62580.0,1.2304250559284118
314980 PERDIZES,21,3,24.0,314980,Perdizes,  3 149 804 ,17151.0,1.3993353157250306
314990 PERDOES,36,14,50.0,314990,Perdões,  3 149 903 ,21384.0,2.3381967826412273
315030 PIEDADE DO RIO GRANDE,14,0,14.0,315030,Piedade do Rio Grande,  3 150 307 ,4604.0,3.0408340573414425
315050 PIMENTA,12,0,12.0,315050,Pimenta,  3 150 505 ,8563.0,1.4013780217213594
315080 PIRANGA,24,1,25.0,315080,Piranga,  3 150 802 ,17018.0,1.4690327888118462
315110 PIRAPETINGA,32,0,32.0,315110,Pirapetinga,  3 151 107 ,11077.0,2.8888688272998104
315120 PIRAPORA,91,62,153.0,315120,Pirapora,  3 151 206 ,55606.0,2.7515016365140452
315140 PITANGUI,37,18,55.0,315140,Pitangui,  3 151 404 ,26685.0,2.061083005433764
315150 PIUMHI,47,29,76.0,315150,Piumhi,  3 151 503 ,36062.0,2.107481559536354
315160 PLANURA,6,0,6.0,315160,Planura,  3 151 602 ,11145.0,0.53835800807537
315170 POCO FUNDO,51,7,58.0,315170,Poço Fundo,  3 151 701 ,16390.0,3.5387431360585726
315180 POCOS DE CALDAS,228,297,525.0,315180,Poços de Caldas,  3 151 800 ,163742.0,3.2062635121105156
315190 POCRANE,18,0,18.0,315190,Pocrane,  3 151 909 ,8350.0,2.155688622754491
315200 POMPEU,30,2,32.0,315200,Pompéu,  3 152 006 ,31047.0,1.0306953973008663
315210 PONTE NOVA,182,65,247.0,315210,Ponte Nova,  3 152 105 ,57776.0,4.275131542509
315220 PORTEIRINHA,38,8,46.0,315220,Porteirinha,  3 152 204 ,37438.0,1.2286981142155031
315240 POTE,32,1,33.0,315240,Poté,  3 152 402 ,13666.0,2.4147519391189816
315250 POUSO ALEGRE,259,140,399.0,315250,Pouso Alegre,  3 152 501 ,152217.0,2.621257809574489
315260 POUSO ALTO,26,1,27.0,315260,Pouso Alto,  3 152 600 ,6566.0,4.112092598233324
315270 PRADOS,28,3,31.0,315270,Prados,  3 152 709 ,9048.0,3.4261715296198054
315280 PRATA,30,0,30.0,315280,Prata,  3 152 808 ,28342.0,1.0584997530167244
315290 PRATAPOLIS,14,2,16.0,315290,Pratápolis,  3 152 907 ,8406.0,1.9034023316678563
315300 PRATINHA,2,0,2.0,315300,Pratinha,  3 153 004 ,3559.0,0.561955605507165
315310 PRESIDENTE BERNARDES,18,0,18.0,315310,Presidente Bernardes,  3 153 103 ,4850.0,3.7113402061855667
315340 PRESIDENTE OLEGARIO,18,0,18.0,315340,Presidente Olegário,  3 153 400 ,18765.0,0.9592326139088729
315400 RAUL SOARES,31,18,49.0,315400,Raul Soares,  3 154 002 ,23423.0,2.0919608931392224
315410 RECREIO,30,4,34.0,315410,Recreio,  3 154 101 ,11007.0,3.0889433996547653
315420 RESENDE COSTA,39,10,49.0,315420,Resende Costa,  3 154 200 ,11230.0,4.363312555654496
315430 RESPLENDOR,56,9,65.0,315430,Resplendor,  3 154 309 ,17226.0,3.7733658423313594
315460 RIBEIRAO DAS NEVES,82,6,88.0,315460,Ribeirão das Neves,  3 154 606 ,329794.0,0.26683323529233405
315470 RIBEIRAO VERMELHO,11,1,12.0,315470,Ribeirão Vermelho,  3 154 705 ,4080.0,2.941176470588235
315480 RIO ACIMA,6,0,6.0,315480,Rio Acima,  3 154 804 ,10261.0,0.5847383295975052
315490 RIO CASCA,31,9,40.0,315490,Rio Casca,  3 154 903 ,12789.0,3.127687856751896
315520 RIO ESPERA,18,0,18.0,315520,Rio Espera,  3 155 207 ,5429.0,3.3155277214956715
315550 RIO PARANAIBA,19,0,19.0,315550,Rio Paranaíba,  3 155 504 ,14532.0,1.307459399944949
315560 RIO PARDO DE MINAS,40,0,40.0,315560,Rio Pardo de Minas,  3 155 603 ,28271.0,1.4148774362420855
315570 RIO PIRACICABA,25,7,32.0,315570,Rio Piracicaba,  3 155 702 ,14631.0,2.1871369011004034
315580 RIO POMBA,36,24,60.0,315580,Rio Pomba,  3 155 801 ,17443.0,3.439775268015823
315590 RIO PRETO,16,1,17.0,315590,Rio Preto,  3 155 900 ,5141.0,3.3067496595992996
315600 RIO VERMELHO,32,0,32.0,315600,Rio Vermelho,  3 156 007 ,12641.0,2.5314452970492844
315640 ROMARIA,5,0,5.0,315640,Romaria,  3 156 403 ,3386.0,1.4766686355581806
315660 RUBIM,35,3,38.0,315660,Rubim,  3 156 601 ,10298.0,3.6900369003690034
315670 SABARA,105,6,111.0,315670,Sabará,  3 156 700 ,129380.0,0.8579378574741072
315680 SABINOPOLIS,42,0,42.0,315680,Sabinópolis,  3 156 809 ,14240.0,2.949438202247191
315690 SACRAMENTO,30,20,50.0,315690,Sacramento,  3 156 908 ,26670.0,1.8747656542932134
315700 SALINAS,70,37,107.0,315700,Salinas,  3 157 005 ,40178.0,2.663148987007815
315710 SALTO DA DIVISA,13,2,15.0,315710,Salto da Divisa,  3 157 104 ,6110.0,2.454991816693944
315720 SANTA BARBARA,31,19,50.0,315720,Santa Bárbara,  3 157 203 ,30466.0,1.6411737674785005
315770 SANTA JULIANA,38,0,38.0,315770,Santa Juliana,  3 157 708 ,15734.0,2.4151519003432056
315780 SANTA LUZIA,173,10,183.0,315780,Santa Luzia,  3 157 807 ,219132.0,0.835113082525601
315790 SANTA MARGARIDA,31,0,31.0,315790,Santa Margarida,  3 157 906 ,16395.0,1.890820372064654
315800 SANTA MARIA DE ITABIRA,10,3,13.0,315800,Santa Maria de Itabira,  3 158 003 ,10485.0,1.239866475917978
315810 SANTA MARIA DO SALTO,6,0,6.0,315810,Santa Maria do Salto,  3 158 102 ,4755.0,1.2618296529968456
315820 SANTA MARIA DO SUACUI,41,0,41.0,315820,Santa Maria do Suaçuí,  3 158 201 ,12788.0,3.2061307475758527
315920 SANTA RITA DE CALDAS,0,43,43.0,315920,Santa Rita de Caldas,  3 159 209 ,8460.0,5.08274231678487
315930 SANTA RITA DE JACUTINGA,17,3,20.0,315930,Santa Rita de Jacutinga,  3 159 308 ,4755.0,4.206098843322818
315960 SANTA RITA DO SAPUCAI,37,17,54.0,315960,Santa Rita do Sapucaí,  3 159 605 ,40635.0,1.3289036544850499
315980 SANTA VITORIA,34,5,39.0,315980,Santa Vitória,  3 159 803 ,20973.0,1.8595336861679301
315990 SANTO ANTONIO DO AMPARO,33,5,38.0,315990,Santo Antônio do Amparo,  3 159 902 ,17285.0,2.1984379519814867
316030 SANTO ANTONIO DO JACINTO,0,8,8.0,316030,Santo Antônio do Jacinto,  3 160 306 ,10327.0,0.7746683451147477
316040 SANTO ANTONIO DO MONTE,42,10,52.0,316040,Santo Antônio do Monte,  3 160 405 ,27295.0,1.9051108261586371
316070 SANTOS DUMONT,57,9,66.0,316070,Santos Dumont,  3 160 702 ,42406.0,1.5563835306324576
316100 SAO DOMINGOS DO PRATA,36,4,40.0,316100,São Domingos do Prata,  3 161 007 ,17392.0,2.2999080036798527
316110 SAO FRANCISCO,59,0,59.0,316110,São Francisco,  3 161 106 ,52762.0,1.1182290284674576
316200 SAO GONCALO DO SAPUCAI,28,19,47.0,316200,São Gonçalo do Sapucaí,  3 162 005 ,23959.0,1.961684544430068
316210 SAO GOTARDO,34,18,52.0,316210,São Gotardo,  3 162 104 ,40910.0,1.2710828648252261
316220 SAO JOAO BATISTA DO GLORIA,17,6,23.0,316220,São João Batista do Glória,  3 162 203 ,7652.0,3.0057501306847882
316240 SAO JOAO DA PONTE,31,0,31.0,316240,São João da Ponte,  3 162 401 ,23930.0,1.2954450480568325
316250 SAO JOAO DEL REI,135,101,236.0,316250,São João del Rei,  3 162 500 ,90225.0,2.6156830146855086
316257 SAO JOAO DO MANTENINHA,12,0,12.0,316257,São João do Manteninha,  3 162 575 ,5331.0,2.2509848058525606
316270 SAO JOAO DO PARAISO,48,0,48.0,316270,São João do Paraíso,  3 162 708 ,23910.0,2.0075282308657463
316280 SAO JOAO EVANGELISTA,47,2,49.0,316280,São João Evangelista,  3 162 807 ,15315.0,3.1994776363042767
316290 SAO JOAO NEPOMUCENO,39,5,44.0,316290,São João Nepomuceno,  3 162 906 ,25565.0,1.721103070604342
316292 SAO JOAQUIM DE BICAS,24,0,24.0,316292,São Joaquim de Bicas,  3 162 922 ,34348.0,0.698730639338535
316370 SAO LOURENCO,59,29,88.0,316370,São Lourenço,  3 163 706 ,44798.0,1.964373409527211
316390 SAO PEDRO DA UNIAO,8,0,8.0,316390,São Pedro da União,  3 163 904 ,4885.0,1.637666325486182
316420 SAO ROMAO,18,0,18.0,316420,São Romão,  3 164 209 ,10315.0,1.7450315075133302
316430 SAO ROQUE DE MINAS,12,0,12.0,316430,São Roque de Minas,  3 164 308 ,7129.0,1.6832655351381682
316470 SAO SEBASTIAO DO PARAISO,275,75,350.0,316470,São Sebastião do Paraíso,  3 164 704 ,71796.0,4.87492339406095
316500 SAO TIAGO,30,15,45.0,316500,São Tiago,  3 165 008 ,11192.0,4.020729092208721
316510 SAO TOMAS DE AQUINO,0,1,1.0,316510,São Tomás de Aquino,  3 165 107 ,6740.0,0.14836795252225518
316530 SAO VICENTE DE MINAS,23,7,30.0,316530,São Vicente de Minas,  3 165 305 ,6804.0,4.409171075837742
316570 SENADOR FIRMINO,6,0,6.0,316570,Senador Firmino,  3 165 701 ,7716.0,0.7776049766718507
316680 SERRA DO SALITRE,13,0,13.0,316680,Serra do Salitre,  3 166 808 ,11801.0,1.1016015591898993
316690 SERRANIA,13,1,14.0,316690,Serrania,  3 166 907 ,7621.0,1.8370292612518042
316710 SERRO,37,19,56.0,316710,Serro,  3 167 103 ,21952.0,2.5510204081632653
316720 SETE LAGOAS,239,102,341.0,316720,Sete Lagoas,  3 167 202 ,227397.0,1.499580029639793
316800 TAIOBEIRAS,80,18,98.0,316800,Taiobeiras,  3 168 002 ,33050.0,2.9652042360060515
316840 TARUMIRIM,49,3,52.0,316840,Tarumirim,  3 168 408 ,14709.0,3.5352505268882997
316850 TEIXEIRAS,15,0,15.0,316850,Teixeiras,  3 168 507 ,12255.0,1.2239902080783354
316860 TEOFILO OTONI,259,67,326.0,316860,Teófilo Otoni,  3 168 606 ,137418.0,2.3723238585920328
316870 TIMOTEO,37,28,65.0,316870,Timóteo,  3 168 705 ,81579.0,0.796773679500852
316890 TIROS,14,0,14.0,316890,Tiros,  3 168 903 ,7883.0,1.7759736141063047
316920 TOMBOS,30,11,41.0,316920,Tombos,  3 169 208 ,8609.0,4.762457892902776
316930 TRES CORACOES,97,59,156.0,316930,Três Corações,  3 169 307 ,75485.0,2.0666357554481025
316935 TRES MARIAS,27,7,34.0,316935,Três Marias,  3 169 356 ,28895.0,1.1766741650804637
316940 TRES PONTAS,64,52,116.0,316940,Três Pontas,  3 169 406 ,55255.0,2.099357524205954
316960 TUPACIGUARA,35,0,35.0,316960,Tupaciguara,  3 169 604 ,25470.0,1.3741656851197488
316970 TURMALINA,39,17,56.0,316970,Turmalina,  3 169 703 ,20000.0,2.8
316990 UBA,221,80,301.0,316990,Ubá,  3 169 901 ,103365.0,2.912010835389155
317005 UBAPORANGA,0,2,2.0,317005,Ubaporanga,  3 170 057 ,13017.0,0.1536452331566413
317010 UBERABA,623,296,919.0,317010,Uberaba,  3 170 107 ,337836.0,2.720254798186102
317020 UBERLANDIA,993,446,1439.0,317020,Uberlândia,  3 170 206 ,713224.0,2.0175989590927954
317040 UNAI,71,65,136.0,317040,Unaí,  3 170 404 ,86619.0,1.5700943211073783
317043 UNIAO DE MINAS,34,0,34.0,317043,União de Minas,  3 170 438 ,3828.0,8.881922675026123
317052 URUCUIA,31,0,31.0,317052,Urucuia,  3 170 529 ,17479.0,1.7735568396361348
317070 VARGINHA,173,148,321.0,317070,Varginha,  3 170 701 ,136467.0,2.3522170194992196
317080 VARZEA DA PALMA,53,24,77.0,317080,Várzea da Palma,  3 170 800 ,33744.0,2.2818871503082025
317090 VARZELANDIA,23,0,23.0,317090,Varzelândia,  3 170 909 ,18840.0,1.2208067940552016
317100 VAZANTE,34,16,50.0,317100,Vazante,  3 171 006 ,19975.0,2.5031289111389237
317120 VESPASIANO,59,6,65.0,317120,Vespasiano,  3 171 204 ,129246.0,0.5029169181251257
317130 VICOSA,131,80,211.0,317130,Viçosa,  3 171 303 ,76430.0,2.7606960617558554
317160 VIRGEM DA LAPA,39,0,39.0,317160,Virgem da Lapa,  3 171 600 ,11804.0,3.303964757709251
317170 VIRGINIA,25,2,27.0,317170,Virgínia,  3 171 709 ,8908.0,3.0309833857207003
317180 VIRGINOPOLIS,49,2,51.0,317180,Virginópolis,  3 171 808 ,10314.0,4.944735311227458
317200 VISCONDE DO RIO BRANCO,60,30,90.0,317200,Visconde do Rio Branco,  3 172 004 ,39160.0,2.29826353421859
320010 AFONSO CLAUDIO,57,6,63.0,320010,Afonso Cláudio,  3 200 102 ,30684.0,2.053187328901056
320020 ALEGRE,40,7,47.0,320020,Alegre,  3 200 201 ,29177.0,1.610857867498372
320040 ANCHIETA,53,172,225.0,320040,Anchieta,  3 200 409 ,29984.0,7.504002134471719
320050 APIACA,16,0,16.0,320050,Apiacá,  3 200 508 ,7223.0,2.21514606119341
320060 ARACRUZ,109,44,153.0,320060,Aracruz,  3 200 607 ,94765.0,1.6145201287395134
320070 ATILIO VIVACQUA,11,0,11.0,320070,Atílio Vivácqua,  3 200 706 ,10540.0,1.0436432637571156
320080 BAIXO GUANDU,51,0,51.0,320080,Baixo Guandu,  3 200 805 ,30674.0,1.6626458890265372
320090 BARRA DE SAO FRANCISCO,61,25,86.0,320090,Barra de São Francisco,  3 200 904 ,42498.0,2.023624641159584
320100 BOA ESPERANCA,30,8,38.0,320100,Boa Esperança,  3 201 001 ,13608.0,2.792475014697237
320115 BREJETUBA,4,0,4.0,320115,Brejetuba,  3 201 159 ,12985.0,0.30804774740084717
320120 CACHOEIRO DE ITAPEMIRIM,497,127,624.0,320120,Cachoeiro de Itapemirim,  3 201 209 ,185786.0,3.358703023909229
320130 CARIACICA,237,142,379.0,320130,Cariacica,  3 201 308 ,353491.0,1.0721630819455092
320140 CASTELO,55,0,55.0,320140,Castelo,  3 201 407 ,36930.0,1.4893040888166802
320150 COLATINA,355,115,470.0,320150,Colatina,  3 201 506 ,120033.0,3.915589879449818
320160 CONCEICAO DA BARRA,29,0,29.0,320160,Conceição da Barra,  3 201 605 ,27458.0,1.0561584966130089
320170 CONCEICAO DO CASTELO,17,3,20.0,320170,Conceição do Castelo,  3 201 704 ,11937.0,1.6754628466113763
320190 DOMINGOS MARTINS,95,7,102.0,320190,Domingos Martins,  3 201 902 ,35416.0,2.880054212785182
320210 ECOPORANGA,46,10,56.0,320210,Ecoporanga,  3 202 108 ,21992.0,2.5463805020007273
320220 FUNDAO,11,60,71.0,320220,Fundão,  3 202 207 ,18014.0,3.941378927500833
320230 GUACUI,58,12,70.0,320230,Guaçuí,  3 202 306 ,29358.0,2.384358607534573
320240 GUARAPARI,59,23,82.0,320240,Guarapari,  3 202 405 ,124656.0,0.6578102939288922
320245 IBATIBA,29,21,50.0,320245,Ibatiba,  3 202 454 ,25380.0,1.970055161544523
320250 IBIRACU,1,0,1.0,320250,Ibiraçu,  3 202 504 ,11723.0,0.08530239699735562
320260 ICONHA,22,2,24.0,320260,Iconha,  3 202 603 ,12326.0,1.9471036832711344
320270 ITAGUACU,47,4,51.0,320270,Itaguaçu,  3 202 702 ,13589.0,3.7530355434542644
320280 ITAPEMIRIM,84,6,90.0,320280,Itapemirim,  3 202 801 ,39832.0,2.2594898574010847
320290 ITARANA,36,2,38.0,320290,Itarana,  3 202 900 ,10597.0,3.5859205435500616
320300 IUNA,55,10,65.0,320300,Iúna,  3 203 007 ,28590.0,2.273522210563134
320305 JAGUARE,22,0,22.0,320305,Jaguaré,  3 203 056 ,28931.0,0.7604299885935502
320310 JERONIMO MONTEIRO,48,0,48.0,320310,Jerônimo Monteiro,  3 203 106 ,11575.0,4.146868250539956
320313 JOAO NEIVA,33,18,51.0,320313,João Neiva,  3 203 130 ,14079.0,3.6224163647986365
320316 LARANJA DA TERRA,23,0,23.0,320316,Laranja da Terra,  3 203 163 ,11094.0,2.073192716783847
320320 LINHARES,306,109,415.0,320320,Linhares,  3 203 205 ,166786.0,2.48821843560011
320332 MARATAIZES,0,94,94.0,320332,Marataízes,  3 203 320 ,41929.0,2.2418850914641415
320340 MIMOSO DO SUL,29,10,39.0,320340,Mimoso do Sul,  3 203 403 ,24475.0,1.5934627170582225
320350 MONTANHA,32,3,35.0,320350,Montanha,  3 203 502 ,18900.0,1.8518518518518519
320360 MUCURICI,19,0,19.0,320360,Mucurici,  3 203 601 ,5466.0,3.4760336626417856
320370 MUNIZ FREIRE,19,3,22.0,320370,Muniz Freire,  3 203 700 ,18153.0,1.2119208946179696
320380 MUQUI,21,0,21.0,320380,Muqui,  3 203 809 ,13745.0,1.5278283012004366
320390 NOVA VENECIA,51,13,64.0,320390,Nova Venécia,  3 203 908 ,49065.0,1.3043921328849486
320400 PANCAS,20,0,20.0,320400,Pancas,  3 204 005 ,18893.0,1.0585931297305882
320405 PEDRO CANARIO,30,6,36.0,320405,Pedro Canário,  3 204 054 ,21522.0,1.6727069974909397
320410 PINHEIROS,32,0,32.0,320410,Pinheiros,  3 204 104 ,23915.0,1.338072339535856
320420 PIUMA,12,56,68.0,320420,Piúma,  3 204 203 ,22300.0,3.0493273542600896
320435 RIO BANANAL,26,0,26.0,320435,Rio Bananal,  3 204 351 ,19274.0,1.3489675210127632
320450 SANTA LEOPOLDINA,25,0,25.0,320450,Santa Leopoldina,  3 204 500 ,13106.0,1.907523271783916
320455 SANTA MARIA DE JETIBA,56,2,58.0,320455,Santa Maria de Jetibá,  3 204 559 ,41636.0,1.3930252665962146
320460 SANTA TERESA,56,8,64.0,320460,Santa Teresa,  3 204 609 ,22808.0,2.806032970887408
320470 SAO GABRIEL DA PALHA,20,122,142.0,320470,São Gabriel da Palha,  3 204 708 ,32252.0,4.402827731613543
320480 SAO JOSE DO CALCADO,76,0,76.0,320480,São José do Calçado,  3 204 807 ,10878.0,6.986578415149843
320490 SAO MATEUS,230,93,323.0,320490,São Mateus,  3 204 906 ,123752.0,2.6100588273320837
320500 SERRA,471,296,767.0,320500,Serra,  3 205 002 ,520653.0,1.4731500634779786
320501 SOORETAMA,6,0,6.0,320501,Sooretama,  3 205 010 ,26502.0,0.22639800769753224
320503 VARGEM ALTA,30,0,30.0,320503,Vargem Alta,  3 205 036 ,19563.0,1.5335071308081583
320506 VENDA NOVA DO IMIGRANTE,66,10,76.0,320506,Venda Nova do Imigrante,  3 205 069 ,23831.0,3.1891234106835635
320520 VILA VELHA,500,542,1042.0,320520,Vila Velha,  3 205 200 ,467722.0,2.2278190891170393
320530 VITORIA,1127,588,1715.0,320530,Vitória,  3 205 309 ,322869.0,5.3117518250435936
330010 ANGRA DOS REIS,202,53,255.0,330010,Angra dos Reis,  3 300 100 ,167434.0,1.5229881624998507
330015 APERIBE,35,0,35.0,330015,Aperibé,  3 300 159 ,11034.0,3.1720137756026827
330020 ARARUAMA,138,35,173.0,330020,Araruama,  3 300 209 ,129671.0,1.334145645518273
330022 AREAL,21,0,21.0,330022,Areal,  3 300 225 ,11828.0,1.7754480892796753
330023 ARMACAO DOS BUZIOS,69,0,69.0,330023,Armação dos Búzios,  3 300 233 ,40006.0,1.724741288806679
330025 ARRAIAL DO CABO,76,0,76.0,330025,Arraial do Cabo,  3 300 258 ,30986.0,2.452720583489318
330030 BARRA DO PIRAI,238,48,286.0,330030,Barra do Piraí,  3 300 308 ,92883.0,3.0791425772208045
330040 BARRA MANSA,205,123,328.0,330040,Barra Mansa,  3 300 407 ,169894.0,1.9306155602905342
330045 BELFORD ROXO,332,203,535.0,330045,Belford Roxo,  3 300 456 ,483087.0,1.1074609749382616
330050 BOM JARDIM,60,5,65.0,330050,Bom Jardim,  3 300 506 ,28102.0,2.3130026332645364
330060 BOM JESUS DO ITABAPOANA,118,52,170.0,330060,Bom Jesus do Itabapoana,  3 300 605 ,35173.0,4.833252779120348
330070 CABO FRIO,202,138,340.0,330070,Cabo Frio,  3 300 704 ,222161.0,1.5304216311593843
330080 CACHOEIRAS DE MACACU,69,0,69.0,330080,Cachoeiras de Macacu,  3 300 803 ,56943.0,1.211738053843317
330090 CAMBUCI,33,12,45.0,330090,Cambuci,  3 300 902 ,14616.0,3.078817733990148
330093 CARAPEBUS,8,0,8.0,330093,Carapebus,  3 300 936 ,13847.0,0.5777424712934209
330095 COMENDADOR LEVY GASPARIAN,1,0,1.0,330095,Comendador Levy Gasparian,  3 300 951 ,8741.0,0.11440338634023568
330100 CAMPOS DOS GOYTACAZES,957,611,1568.0,330100,Campos dos Goytacazes,  3 301 009 ,483540.0,3.242751375274021
330110 CANTAGALO,71,12,83.0,330110,Cantagalo,  3 301 108 ,19390.0,4.2805569881382155
330120 CARMO,35,1,36.0,330120,Carmo,  3 301 207 ,17198.0,2.093266658913827
330130 CASIMIRO DE ABREU,48,0,48.0,330130,Casimiro de Abreu,  3 301 306 ,46110.0,1.040988939492518
330140 CONCEICAO DE MACABU,21,0,21.0,330140,Conceição de Macabu,  3 301 405 ,21104.0,0.9950720242608037
330150 CORDEIRO,40,0,40.0,330150,Cordeiro,  3 301 504 ,20783.0,1.9246499542895636
330160 DUAS BARRAS,30,0,30.0,330160,Duas Barras,  3 301 603 ,10980.0,2.73224043715847
330170 DUQUE DE CAXIAS,925,371,1296.0,330170,Duque de Caxias,  3 301 702 ,808161.0,1.6036408586902857
330180 ENGENHEIRO PAULO DE FRONTIN,23,6,29.0,330180,Engenheiro Paulo de Frontin,  3 301 801 ,12242.0,2.3688939715732724
330185 GUAPIMIRIM,91,64,155.0,330185,Guapimirim,  3 301 850 ,51696.0,2.9982977406375735
330190 ITABORAI,324,7,331.0,330190,Itaboraí,  3 301 900 ,224267.0,1.4759193283006418
330200 ITAGUAI,111,69,180.0,330200,Itaguaí,  3 302 007 ,116841.0,1.5405551133591804
330205 ITALVA,0,56,56.0,330205,Italva,  3 302 056 ,14073.0,3.9792510481063026
330210 ITAOCARA,31,31,62.0,330210,Itaocara,  3 302 106 ,22919.0,2.705179109036171
330220 ITAPERUNA,223,129,352.0,330220,Itaperuna,  3 302 205 ,101041.0,3.4837343256697775
330225 ITATIAIA,36,0,36.0,330225,Itatiaia,  3 302 254 ,30908.0,1.164746991070273
330227 JAPERI,20,0,20.0,330227,Japeri,  3 302 270 ,96289.0,0.2077080455711452
330230 LAJE DO MURIAE,30,0,30.0,330230,Laje do Muriaé,  3 302 304 ,7336.0,4.089422028353327
330240 MACAE,265,206,471.0,330240,Macaé,  3 302 403 ,246391.0,1.9115957969244006
330250 MAGE,158,51,209.0,330250,Magé,  3 302 502 ,228127.0,0.9161563515059594
330260 MANGARATIBA,62,0,62.0,330260,Mangaratiba,  3 302 601 ,41220.0,1.5041242115477924
330270 MARICA,174,11,185.0,330270,Maricá,  3 302 700 ,197277.0,0.9377677073353711
330280 MENDES,35,10,45.0,330280,Mendes,  3 302 809 ,17502.0,2.571134727459719
330285 MESQUITA,103,76,179.0,330285,Mesquita,  3 302 858 ,167127.0,1.0710417825964687
330290 MIGUEL PEREIRA,68,0,68.0,330290,Miguel Pereira,  3 302 908 ,26582.0,2.558122037468964
330300 MIRACEMA,30,19,49.0,330300,Miracema,  3 303 005 ,26881.0,1.822848852349243
330310 NATIVIDADE,39,10,49.0,330310,Natividade,  3 303 104 ,15074.0,3.250630224227146
330320 NILOPOLIS,88,134,222.0,330320,Nilópolis,  3 303 203 ,146774.0,1.5125294670718246
330330 NITEROI,949,1278,2227.0,330330,Niterói,  3 303 302 ,481749.0,4.622739227273954
330340 NOVA FRIBURGO,404,259,663.0,330340,Nova Friburgo,  3 303 401 ,189939.0,3.4905943487119546
330350 NOVA IGUACU,674,491,1165.0,330350,Nova Iguaçu,  3 303 500 ,785867.0,1.4824391404652442
330360 PARACAMBI,69,18,87.0,330360,Paracambi,  3 303 609 ,41375.0,2.102719033232628
330370 PARAIBA DO SUL,120,8,128.0,330370,Paraíba do Sul,  3 303 708 ,42063.0,3.0430544659201675
330380 PARATY,59,0,59.0,330380,Paraty,  3 303 807 ,45243.0,1.3040691377671685
330390 PETROPOLIS,940,636,1576.0,330390,Petrópolis,  3 303 906 ,278881.0,5.651155869349292
330395 PINHEIRAL,33,0,33.0,330395,Pinheiral,  3 303 955 ,24298.0,1.3581364721376246
330400 PIRAI,55,6,61.0,330400,Piraí,  3 304 003 ,27474.0,2.220280992938778
330410 PORCIUNCULA,1,0,1.0,330410,Porciúncula,  3 304 102 ,17288.0,0.05784359093012494
330411 PORTO REAL,45,0,45.0,330411,Porto Real,  3 304 110 ,20373.0,2.2088057723457517
330412 QUATIS,33,0,33.0,330412,Quatis,  3 304 128 ,13682.0,2.4119280806899575
330414 QUEIMADOS,121,0,121.0,330414,Queimados,  3 304 144 ,140523.0,0.8610690064971571
330415 QUISSAMA,65,0,65.0,330415,Quissamã,  3 304 151 ,22393.0,2.902692805787523
330420 RESENDE,165,183,348.0,330420,Resende,  3 304 201 ,129612.0,2.684936579946301
330430 RIO BONITO,93,25,118.0,330430,Rio Bonito,  3 304 300 ,56276.0,2.096808586253465
330440 RIO CLARO,41,0,41.0,330440,Rio Claro,  3 304 409 ,17401.0,2.3561864260674676
330450 RIO DAS FLORES,27,0,27.0,330450,Rio das Flores,  3 304 508 ,8954.0,3.015412106321197
330452 RIO DAS OSTRAS,115,12,127.0,330452,Rio das Ostras,  3 304 524 ,156491.0,0.8115482679515116
330455 RIO DE JANEIRO,8334,7985,16319.0,330455,Rio de Janeiro,  3 304 557 ,6211223.0,2.6273408634660194
330460 SANTA MARIA MADALENA,23,0,23.0,330460,Santa Maria Madalena,  3 304 607 ,10232.0,2.2478498827208755
330470 SANTO ANTONIO DE PADUA,83,93,176.0,330470,Santo Antônio de Pádua,  3 304 706 ,41325.0,4.258923169993951
330475 SAO FRANCISCO DE ITABAPOANA,46,0,46.0,330475,São Francisco de Itabapoana,  3 304 755 ,45059.0,1.0208837302203777
330480 SAO FIDELIS,102,9,111.0,330480,São Fidélis,  3 304 805 ,38961.0,2.849002849002849
330490 SAO GONCALO,665,339,1004.0,330490,São Gonçalo,  3 304 904 ,896744.0,1.1196060414120417
330500 SAO JOAO DA BARRA,59,0,59.0,330500,São João da Barra,  3 305 000 ,36573.0,1.613211932299784
330510 SAO JOAO DE MERITI,152,47,199.0,330510,São João de Meriti,  3 305 109 ,440962.0,0.4512860518593439
330515 SAO JOSE DO VALE DO RIO PRETO,48,0,48.0,330515,São José do Vale do Rio Preto,  3 305 158 ,22080.0,2.1739130434782608
330520 SAO PEDRO DA ALDEIA,56,23,79.0,330520,São Pedro da Aldeia,  3 305 208 ,104029.0,0.7594036278345462
330530 SAO SEBASTIAO DO ALTO,40,8,48.0,330530,São Sebastião do Alto,  3 305 307 ,7750.0,6.193548387096774
330540 SAPUCAIA,4,0,4.0,330540,Sapucaia,  3 305 406 ,17729.0,0.22561904224716567
330550 SAQUAREMA,102,0,102.0,330550,Saquarema,  3 305 505 ,89559.0,1.1389140119920946
330555 SEROPEDICA,26,0,26.0,330555,Seropédica,  3 305 554 ,80596.0,0.3225966549208398
330560 SILVA JARDIM,40,0,40.0,330560,Silva Jardim,  3 305 604 ,21352.0,1.8733608092918694
330570 SUMIDOURO,28,0,28.0,330570,Sumidouro,  3 305 703 ,15206.0,1.8413784032618703
330575 TANGUA,14,200,214.0,330575,Tanguá,  3 305 752 ,31086.0,6.884127903236183
330580 TERESOPOLIS,223,134,357.0,330580,Teresópolis,  3 305 802 ,165123.0,2.162024672516851
330590 TRAJANO DE MORAES,31,7,38.0,330590,Trajano de Moraes,  3 305 901 ,10302.0,3.6886041545331008
330600 TRES RIOS,58,28,86.0,330600,Três Rios,  3 306 008 ,78346.0,1.0976948408342482
330610 VALENCA,288,25,313.0,330610,Valença,  3 306 107 ,68088.0,4.596992127834567
330615 VARRE-SAI,23,0,23.0,330615,Varre-Sai,  3 306 156 ,10207.0,2.2533555403154697
330620 VASSOURAS,284,54,338.0,330620,Vassouras,  3 306 206 ,33976.0,9.948198728514246
330630 VOLTA REDONDA,453,351,804.0,330630,Volta Redonda,  3 306 305 ,261563.0,3.0738292495498216
350010 ADAMANTINA,192,29,221.0,350010,Adamantina,  3 500 105 ,34687.0,6.37126300919653
350030 AGUAI,24,0,24.0,350030,Aguaí,  3 500 303 ,32072.0,0.7483162883512098
350050 AGUAS DE LINDOIA,30,12,42.0,350050,Águas de Lindóia,  3 500 501 ,17930.0,2.342442833240379
350070 AGUDOS,38,16,54.0,350070,Agudos,  3 500 709 ,37680.0,1.4331210191082802
350100 ALTINOPOLIS,29,2,31.0,350100,Altinópolis,  3 501 004 ,16818.0,1.8432631704126532
350110 ALTO ALEGRE,19,3,22.0,350110,Alto Alegre,  3 501 103 ,3841.0,5.727675084613382
350115 ALUMINIO,0,120,120.0,350115,Alumínio,  3 501 152 ,17301.0,6.936015259233571
350130 ALVARES MACHADO,18,2,20.0,350130,Álvares Machado,  3 501 301 ,27255.0,0.733810310034856
350160 AMERICANA,200,286,486.0,350160,Americana,  3 501 608 ,237240.0,2.04855842185129
350170 AMERICO BRASILIENSE,261,0,261.0,350170,Américo Brasiliense,  3 501 707 ,33019.0,7.904539810412188
350190 AMPARO,216,158,374.0,350190,Amparo,  3 501 905 ,68008.0,5.499353017292083
350210 ANDRADINA,83,35,118.0,350210,Andradina,  3 502 101 ,59783.0,1.9738052623655553
350220 ANGATUBA,54,3,57.0,350220,Angatuba,  3 502 200 ,24022.0,2.3728249104987094
350250 APARECIDA,69,23,92.0,350250,Aparecida,  3 502 507 ,32569.0,2.8247720224753596
350260 APARECIDA D'OESTE,13,1,14.0,350260,Aparecida d'Oeste,  3 502 606 ,4086.0,3.4263338228095934
350270 APIAI,51,4,55.0,350270,Apiaí,  3 502 705 ,24585.0,2.237136465324385
350280 ARACATUBA,253,164,417.0,350280,Araçatuba,  3 502 804 ,200124.0,2.083708100977394
350290 ARACOIABA DA SERRA,45,285,330.0,350290,Araçoiaba da Serra,  3 502 903 ,32443.0,10.171685725734365
350310 ARANDU,6,0,6.0,350310,Arandu,  3 503 109 ,6885.0,0.8714596949891067
350320 ARARAQUARA,300,236,536.0,350320,Araraquara,  3 503 208 ,242228.0,2.2127912545205346
350330 ARARAS,205,243,448.0,350330,Araras,  3 503 307 ,130866.0,3.4233490746259534
350340 AREALVA,15,17,32.0,350340,Arealva,  3 503 406 ,8130.0,3.9360393603936035
350380 ARTUR NOGUEIRA,8,0,8.0,350380,Artur Nogueira,  3 503 802 ,51456.0,0.15547263681592038
350390 ARUJA,39,0,39.0,350390,Arujá,  3 503 901 ,86678.0,0.44994116154041397
350400 ASSIS,151,126,277.0,350400,Assis,  3 504 008 ,101409.0,2.731512982082458
350410 ATIBAIA,55,137,192.0,350410,Atibaia,  3 504 107 ,158647.0,1.2102340416144017
350420 AURIFLAMA,35,9,44.0,350420,Auriflama,  3 504 206 ,13692.0,3.2135553607946243
350450 AVARE,126,46,172.0,350450,Avaré,  3 504 503 ,92805.0,1.8533484187274394
350490 BANANAL,15,0,15.0,350490,Bananal,  3 504 909 ,9969.0,1.5046644598254588
350520 BARIRI,45,13,58.0,350520,Bariri,  3 505 203 ,31595.0,1.835733502136414
350530 BARRA BONITA,59,32,91.0,350530,Barra Bonita,  3 505 302 ,34346.0,2.6495079485238455
350550 BARRETOS,413,73,486.0,350550,Barretos,  3 505 500 ,122485.0,3.967832795852553
350570 BARUERI,430,80,510.0,350570,Barueri,  3 505 708 ,316473.0,1.6115118825302632
350580 BASTOS,23,7,30.0,350580,Bastos,  3 505 807 ,21503.0,1.395154164535181
350590 BATATAIS,101,32,133.0,350590,Batatais,  3 505 906 ,58402.0,2.2773192698880176
350600 BAURU,715,662,1377.0,350600,Bauru,  3 506 003 ,379146.0,3.631846307227295
350610 BEBEDOURO,76,65,141.0,350610,Bebedouro,  3 506 102 ,76373.0,1.8462021918740916
350630 BERNARDINO DE CAMPOS,28,0,28.0,350630,Bernardino de Campos,  3 506 300 ,11607.0,2.4123373826139396
350635 BERTIOGA,49,0,49.0,350635,Bertioga,  3 506 359 ,64188.0,0.7633825637190752
350640 BILAC,35,1,36.0,350640,Bilac,  3 506 409 ,7319.0,4.918704741084848
350650 BIRIGUI,66,81,147.0,350650,Birigui,  3 506 508 ,118979.0,1.2355121492028005
350660 BIRITIBA-MIRIM,4,0,4.0,350660,Biritiba Mirim,  3 506 607 ,29683.0,0.1347572684701681
350670 BOA ESPERANCA DO SUL,15,1,16.0,350670,Boa Esperança do Sul,  3 506 706 ,12978.0,1.2328556017876406
350680 BOCAINA,18,0,18.0,350680,Bocaina,  3 506 805 ,11259.0,1.5987210231814548
350700 BOITUVA,39,15,54.0,350700,Boituva,  3 507 001 ,61081.0,0.8840719700070399
350710 BOM JESUS DOS PERDOES,11,0,11.0,350710,Bom Jesus dos Perdões,  3 507 100 ,22006.0,0.499863673543579
350740 BORBOREMA,16,10,26.0,350740,Borborema,  3 507 407 ,14226.0,1.8276395332489808
350750 BOTUCATU,549,309,858.0,350750,Botucatu,  3 507 506 ,145155.0,5.9109228066549555
350760 BRAGANCA PAULISTA,203,161,364.0,350760,Bragança Paulista,  3 507 605 ,176811.0,2.058695443156817
350790 BROTAS,35,6,41.0,350790,Brotas,  3 507 902 ,23898.0,1.7156247384718386
350810 BURITAMA,26,14,40.0,350810,Buritama,  3 508 108 ,17210.0,2.324230098779779
350840 CABREUVA,12,53,65.0,350840,Cabreúva,  3 508 405 ,47011.0,1.382655123269022
350850 CACAPAVA,75,124,199.0,350850,Caçapava,  3 508 504 ,96202.0,2.068564063117191
350860 CACHOEIRA PAULISTA,32,0,32.0,350860,Cachoeira Paulista,  3 508 603 ,31564.0,1.0138132049169941
350870 CACONDE,62,0,62.0,350870,Caconde,  3 508 702 ,17101.0,3.6255189754985087
350880 CAFELANDIA,37,11,48.0,350880,Cafelândia,  3 508 801 ,16654.0,2.8821904647532124
350900 CAIEIRAS,69,64,133.0,350900,Caieiras,  3 509 007 ,95032.0,1.3995285798467882
350920 CAJAMAR,39,100,139.0,350920,Cajamar,  3 509 205 ,92689.0,1.4996385763143414
350930 CAJOBI,21,11,32.0,350930,Cajobi,  3 509 304 ,9133.0,3.503777510128107
350940 CAJURU,55,85,140.0,350940,Cajuru,  3 509 403 ,23830.0,5.874947545111205
350950 CAMPINAS,1370,1276,2646.0,350950,Campinas,  3 509 502 ,1139047.0,2.3229945735338404
350960 CAMPO LIMPO PAULISTA,54,0,54.0,350960,Campo Limpo Paulista,  3 509 601 ,77632.0,0.6955894476504534
350970 CAMPOS DO JORDAO,185,10,195.0,350970,Campos do Jordão,  3 509 700 ,46974.0,4.151232596755652
351000 CANDIDO MOTA,25,5,30.0,351000,Cândido Mota,  3 510 005 ,29449.0,1.018710312744066
351020 CAPAO BONITO,37,8,45.0,351020,Capão Bonito,  3 510 203 ,46337.0,0.9711461682888404
351030 CAPELA DO ALTO,14,45,59.0,351030,Capela do Alto,  3 510 302 ,22866.0,2.5802501530656867
351040 CAPIVARI,61,43,104.0,351040,Capivari,  3 510 401 ,50068.0,2.0771750419429575
351050 CARAGUATATUBA,254,68,322.0,351050,Caraguatatuba,  3 510 500 ,134873.0,2.3874311389232834
351060 CARAPICUIBA,220,50,270.0,351060,Carapicuíba,  3 510 609 ,386984.0,0.6977032642176421
351070 CARDOSO,10,21,31.0,351070,Cardoso,  3 510 708 ,11345.0,2.732481269281622
351080 CASA BRANCA,398,8,406.0,351080,Casa Branca,  3 510 807 ,28083.0,14.4571448919275
351100 CASTILHO,30,1,31.0,351100,Castilho,  3 511 003 ,19977.0,1.5517845522350702
351110 CATANDUVA,374,218,592.0,351110,Catanduva,  3 511 102 ,115791.0,5.112659878574328
351140 CERQUEIRA CESAR,32,7,39.0,351140,Cerqueira César,  3 511 409 ,21469.0,1.8165727327774932
351150 CERQUILHO,26,12,38.0,351150,Cerquilho,  3 511 508 ,44695.0,0.8502069582727375
351160 CESARIO LANGE,23,4,27.0,351160,Cesário Lange,  3 511 607 ,19048.0,1.4174716505669887
351170 CHARQUEADA,26,7,33.0,351170,Charqueada,  3 511 706 ,15535.0,2.124235597038944
351190 CLEMENTINA,21,3,24.0,351190,Clementina,  3 511 904 ,6982.0,3.4374104841019766
351200 COLINA,41,13,54.0,351200,Colina,  3 512 001 ,18486.0,2.9211295034079843
351210 COLOMBIA,20,0,20.0,351210,Colômbia,  3 512 100 ,6629.0,3.017046311660884
351220 CONCHAL,40,12,52.0,351220,Conchal,  3 512 209 ,28101.0,1.8504679548770506
351230 CONCHAS,14,1,15.0,351230,Conchas,  3 512 308 ,15232.0,0.9847689075630252
351260 CORONEL MACEDO,2,0,2.0,351260,Coronel Macedo,  3 512 605 ,4280.0,0.4672897196261682
351270 CORUMBATAI,2,0,2.0,351270,Corumbataí,  3 512 704 ,4195.0,0.4767580452920143
351280 COSMOPOLIS,28,33,61.0,351280,Cosmópolis,  3 512 803 ,59773.0,1.0205276629916518
351300 COTIA,132,394,526.0,351300,Cotia,  3 513 009 ,274413.0,1.9168188096045014
351310 CRAVINHOS,13,2,15.0,351310,Cravinhos,  3 513 108 ,33281.0,0.4507076109491902
351340 CRUZEIRO,83,38,121.0,351340,Cruzeiro,  3 513 405 ,74961.0,1.6141727031389654
351350 CUBATAO,84,0,84.0,351350,Cubatão,  3 513 504 ,112476.0,0.7468259895444362
351360 CUNHA,25,15,40.0,351360,Cunha,  3 513 603 ,22110.0,1.8091361374943464
351370 DESCALVADO,32,8,40.0,351370,Descalvado,  3 513 702 ,31756.0,1.2596044841919638
351380 DIADEMA,593,39,632.0,351380,Diadema,  3 513 801 ,393237.0,1.6071732822699796
351390 DIVINOLANDIA,186,0,186.0,351390,Divinolândia,  3 513 900 ,11158.0,16.66965405986736
351410 DOIS CORREGOS,47,20,67.0,351410,Dois Córregos,  3 514 106 ,24510.0,2.733578131374949
351430 DOURADO,17,0,17.0,351430,Dourado,  3 514 304 ,8096.0,2.099802371541502
351440 DRACENA,115,35,150.0,351440,Dracena,  3 514 403 ,45474.0,3.2985882042485812
351450 DUARTINA,77,10,87.0,351450,Duartina,  3 514 502 ,12328.0,7.057105775470474
351480 ELDORADO,2,0,2.0,351480,Eldorado,  3 514 809 ,13069.0,0.15303389700818731
351490 ELIAS FAUSTO,6,0,6.0,351490,Elias Fausto,  3 514 908 ,17699.0,0.3390022035143228
351500 EMBU DAS ARTES,109,155,264.0,351500,Embu das Artes,  3 515 004 ,250691.0,1.053089261281817
351510 EMBU-GUACU,15,0,15.0,351510,Embu-Guaçu,  3 515 103 ,66970.0,0.2239808869643124
351518 ESPIRITO SANTO DO PINHAL,343,79,422.0,351518,Espírito Santo do Pinhal,  3 515 186 ,39816.0,10.598754269640345
351520 ESTRELA D'OESTE,31,6,37.0,351520,Estrela d'Oeste,  3 515 202 ,9417.0,3.929064457895296
351540 FARTURA,12,8,20.0,351540,Fartura,  3 515 400 ,16641.0,1.2018508503094767
351550 FERNANDOPOLIS,84,51,135.0,351550,Fernandópolis,  3 515 509 ,71186.0,1.8964403112971653
351570 FERRAZ DE VASCONCELOS,189,0,189.0,351570,Ferraz de Vasconcelos,  3 515 707 ,179198.0,1.0546992711972232
351600 FLORIDA PAULISTA,30,17,47.0,351600,Flórida Paulista,  3 516 002 ,12958.0,3.6271029479858004
351620 FRANCA,370,165,535.0,351620,Franca,  3 516 200 ,352536.0,1.5175755100188348
351630 FRANCISCO MORATO,168,0,168.0,351630,Francisco Morato,  3 516 309 ,165139.0,1.0173247991086298
351640 FRANCO DA ROCHA,384,50,434.0,351640,Franco da Rocha,  3 516 408 ,144849.0,2.996223653597885
351660 GALIA,27,18,45.0,351660,Gália,  3 516 606 ,6380.0,7.053291536050157
351670 GARCA,240,29,269.0,351670,Garça,  3 516 705 ,42110.0,6.388031346473522
351690 GENERAL SALGADO,19,9,28.0,351690,General Salgado,  3 516 903 ,10312.0,2.715283165244376
351700 GETULINA,36,2,38.0,351700,Getulina,  3 517 000 ,10232.0,3.7138389366692732
351740 GUAIRA,53,18,71.0,351740,Guaíra,  3 517 406 ,39279.0,1.8075816594108811
351770 GUARA,52,8,60.0,351770,Guará,  3 517 703 ,18606.0,3.2247662044501775
351780 GUARACAI,15,8,23.0,351780,Guaraçaí,  3 517 802 ,7441.0,3.0909823948394033
351820 GUARARAPES,48,26,74.0,351820,Guararapes,  3 518 206 ,31043.0,2.3837902264600714
351830 GUARAREMA,29,2,31.0,351830,Guararema,  3 518 305 ,31236.0,0.9924446151876041
351840 GUARATINGUETA,183,127,310.0,351840,Guaratinguetá,  3 518 404 ,118044.0,2.626139405645352
351860 GUARIBA,59,7,66.0,351860,Guariba,  3 518 602 ,37498.0,1.7600938716731558
351870 GUARUJA,306,141,447.0,351870,Guarujá,  3 518 701 ,287634.0,1.5540582824005507
351880 GUARULHOS,1423,467,1890.0,351880,Guarulhos,  3 518 800 ,1291771.0,1.4631076251131199
351900 HERCULANDIA,58,0,58.0,351900,Herculândia,  3 519 006 ,9125.0,6.3561643835616435
351907 HORTOLANDIA,97,22,119.0,351907,Hortolândia,  3 519 071 ,236641.0,0.5028714381700551
351910 IACANGA,28,2,30.0,351910,Iacanga,  3 519 105 ,10437.0,2.874389192296637
351930 IBATE,27,10,37.0,351930,Ibaté,  3 519 303 ,32178.0,1.1498539374728074
351940 IBIRA,9,18,27.0,351940,Ibirá,  3 519 402 ,11690.0,2.309666381522669
351960 IBITINGA,49,55,104.0,351960,Ibitinga,  3 519 600 ,60033.0,1.7323805240451084
351970 IBIUNA,70,158,228.0,351970,Ibiúna,  3 519 709 ,75605.0,3.0156735665630583
351990 IEPE,18,0,18.0,351990,Iepê,  3 519 907 ,7619.0,2.3625147657172856
352010 IGARAPAVA,37,6,43.0,352010,Igarapava,  3 520 103 ,26212.0,1.6404700137341677
352020 IGARATA,8,0,8.0,352020,Igaratá,  3 520 202 ,10605.0,0.7543611504007544
352030 IGUAPE,9,0,9.0,352030,Iguape,  3 520 301 ,29115.0,0.3091190108191654
352040 ILHABELA,39,0,39.0,352040,Ilhabela,  3 520 400 ,34934.0,1.116390908570447
352044 ILHA SOLTEIRA,74,36,110.0,352044,Ilha Solteira,  3 520 442 ,25549.0,4.305452268190536
352050 INDAIATUBA,228,156,384.0,352050,Indaiatuba,  3 520 509 ,255748.0,1.5014780174234013
352070 INDIAPORA,4,32,36.0,352070,Indiaporã,  3 520 707 ,4035.0,8.921933085501859
352090 IPAUSSU,38,11,49.0,352090,Ipaussu,  3 520 905 ,13712.0,3.5735122520420073
352100 IPERO,15,0,15.0,352100,Iperó,  3 521 002 ,36459.0,0.4114210483008311
352130 IPUA,43,7,50.0,352130,Ipuã,  3 521 309 ,14454.0,3.4592500345925004
352140 IRACEMAPOLIS,3,0,3.0,352140,Iracemápolis,  3 521 408 ,21967.0,0.13656848909728228
352170 ITABERA,19,0,19.0,352170,Itaberá,  3 521 705 ,17983.0,1.0565534115553579
352180 ITAI,33,2,35.0,352180,Itaí,  3 521 804 ,25180.0,1.3899920571882447
352190 ITAJOBI,35,15,50.0,352190,Itajobi,  3 521 903 ,16989.0,2.9430808169992346
352210 ITANHAEM,135,0,135.0,352210,Itanhaém,  3 522 109 ,112476.0,1.2002560546249865
352220 ITAPECERICA DA SERRA,195,455,650.0,352220,Itapecerica da Serra,  3 522 208 ,158522.0,4.100377234705594
352230 ITAPETININGA,110,42,152.0,352230,Itapetininga,  3 522 307 ,157790.0,0.9633056594207492
352240 ITAPEVA,102,45,147.0,352240,Itapeva,  3 522 406 ,89728.0,1.6382845934379457
352250 ITAPEVI,224,136,360.0,352250,Itapevi,  3 522 505 ,232297.0,1.5497402032742567
352260 ITAPIRA,560,379,939.0,352260,Itapira,  3 522 604 ,72022.0,13.037682930215768
352270 ITAPOLIS,43,26,69.0,352270,Itápolis,  3 522 703 ,39493.0,1.7471450636821715
352280 ITAPORANGA,29,12,41.0,352280,Itaporanga,  3 522 802 ,14085.0,2.91089811856585
352290 ITAPUI,30,0,30.0,352290,Itapuí,  3 522 901 ,13659.0,2.196354052273226
352310 ITAQUAQUECETUBA,250,6,256.0,352310,Itaquaquecetuba,  3 523 107 ,369275.0,0.6932502877259494
352320 ITARARE,51,27,78.0,352320,Itararé,  3 523 206 ,44438.0,1.7552545119042262
352340 ITATIBA,61,59,120.0,352340,Itatiba,  3 523 404 ,121590.0,0.9869232667160128
352350 ITATINGA,7,7,14.0,352350,Itatinga,  3 523 503 ,19070.0,0.7341373885684321
352360 ITIRAPINA,10,0,10.0,352360,Itirapina,  3 523 602 ,16148.0,0.619271736437949
352390 ITU,351,85,436.0,352390,Itu,  3 523 909 ,168240.0,2.5915359010936756
352400 ITUPEVA,48,38,86.0,352400,Itupeva,  3 524 006 ,70616.0,1.217854310637816
352410 ITUVERAVA,53,67,120.0,352410,Ituverava,  3 524 105 ,37571.0,3.193952782731362
352420 JABORANDI,17,0,17.0,352420,Jaborandi,  3 524 204 ,6221.0,2.7326796334994374
352430 JABOTICABAL,46,231,277.0,352430,Jaboticabal,  3 524 303 ,71821.0,3.8568106821124744
352440 JACAREI,167,196,363.0,352440,Jacareí,  3 524 402 ,240275.0,1.510768910623244
352450 JACI,149,67,216.0,352450,Jaci,  3 524 501 ,7613.0,28.372520688296333
352470 JAGUARIUNA,84,0,84.0,352470,Jaguariúna,  3 524 709 ,59347.0,1.4154043169831667
352480 JALES,103,48,151.0,352480,Jales,  3 524 808 ,48776.0,3.0957848122027225
352500 JANDIRA,0,15,15.0,352500,Jandira,  3 525 003 ,118045.0,0.12707018509890297
352520 JARINU,17,12,29.0,352520,Jarinu,  3 525 201 ,37535.0,0.7726122285866525
352530 JAU,679,317,996.0,352530,Jaú,  3 525 300 ,133497.0,7.460841816670038
352550 JOANOPOLIS,11,0,11.0,352550,Joanópolis,  3 525 508 ,12815.0,0.8583690987124463
352570 JOSE BONIFACIO,22,45,67.0,352570,José Bonifácio,  3 525 706 ,36633.0,1.8289520377801436
352590 JUNDIAI,426,415,841.0,352590,Jundiaí,  3 525 904 ,443221.0,1.8974732695427339
352600 JUNQUEIROPOLIS,25,21,46.0,352600,Junqueirópolis,  3 526 001 ,20448.0,2.2496087636932707
352620 JUQUITIBA,1,0,1.0,352620,Juquitiba,  3 526 209 ,27404.0,0.03649102320829076
352640 LARANJAL PAULISTA,28,18,46.0,352640,Laranjal Paulista,  3 526 407 ,26261.0,1.7516469289059822
352670 LEME,77,58,135.0,352670,Leme,  3 526 704 ,98161.0,1.3752916127586312
352680 LENCOIS PAULISTA,44,127,171.0,352680,Lençóis Paulista,  3 526 803 ,66505.0,2.5712352454702656
352690 LIMEIRA,172,218,390.0,352690,Limeira,  3 526 902 ,291869.0,1.3362159050807039
352710 LINS,333,84,417.0,352710,Lins,  3 527 108 ,74779.0,5.5764318859572874
352720 LORENA,85,88,173.0,352720,Lorena,  3 527 207 ,84855.0,2.0387720228625303
352730 LOUVEIRA,28,4,32.0,352730,Louveira,  3 527 306 ,51847.0,0.6172006094856018
352740 LUCELIA,30,6,36.0,352740,Lucélia,  3 527 405 ,20061.0,1.794526693584567
352800 MACATUBA,18,13,31.0,352800,Macatuba,  3 528 007 ,16829.0,1.8420583516548814
352810 MACAUBAL,10,5,15.0,352810,Macaubal,  3 528 106 ,7481.0,2.005079534821548
352850 MAIRIPORA,41,6,47.0,352850,Mairiporã,  3 528 502 ,93853.0,0.5007831395906365
352880 MARACAI,22,4,26.0,352880,Maracaí,  3 528 809 ,12673.0,2.051605776059339
352900 MARILIA,687,205,892.0,352900,Marília,  3 529 005 ,237627.0,3.753782188051021
352920 MARTINOPOLIS,40,5,45.0,352920,Martinópolis,  3 529 203 ,24881.0,1.8086089787387967
352930 MATAO,93,59,152.0,352930,Matão,  3 529 302 ,79033.0,1.9232472511482543
352940 MAUA,229,267,496.0,352940,Mauá,  3 529 401 ,418261.0,1.1858624160512217
352970 MIGUELOPOLIS,51,21,72.0,352970,Miguelópolis,  3 529 708 ,19441.0,3.703513193765753
352980 MINEIROS DO TIETE,11,0,11.0,352980,Mineiros do Tietê,  3 529 807 ,11230.0,0.9795191451469277
353010 MIRANDOPOLIS,85,0,85.0,353010,Mirandópolis,  3 530 102 ,27983.0,3.0375585176714437
353020 MIRANTE DO PARANAPANEMA,23,0,23.0,353020,Mirante do Paranapanema,  3 530 201 ,15917.0,1.4449959163158888
353030 MIRASSOL,28,51,79.0,353030,Mirassol,  3 530 300 ,63337.0,1.2472962091668376
353050 MOCOCA,78,59,137.0,353050,Mococa,  3 530 508 ,67681.0,2.024201770068409
353060 MOGI DAS CRUZES,598,254,852.0,353060,Mogi das Cruzes,  3 530 607 ,451505.0,1.8870222921119368
353070 MOGI GUACU,155,192,347.0,353070,Mogi Guaçu,  3 530 706 ,153658.0,2.258261854247745
353080 MOGI MIRIM,109,64,173.0,353080,Mogi Mirim,  3 530 805 ,92558.0,1.869098295123058
353110 MONGAGUA,36,54,90.0,353110,Mongaguá,  3 531 100 ,61951.0,1.4527610530903456
353130 MONTE ALTO,48,46,94.0,353130,Monte Alto,  3 531 308 ,47574.0,1.975869172236936
353140 MONTE APRAZIVEL,30,50,80.0,353140,Monte Aprazível,  3 531 407 ,22280.0,3.5906642728904847
353150 MONTE AZUL PAULISTA,51,19,70.0,353150,Monte Azul Paulista,  3 531 506 ,18151.0,3.8565368299267258
353180 MONTE MOR,26,9,35.0,353180,Monte Mor,  3 531 803 ,64662.0,0.5412761745692989
353190 MORRO AGUDO,35,12,47.0,353190,Morro Agudo,  3 531 902 ,27933.0,1.6825976443632977
353200 MORUNGABA,9,10,19.0,353200,Morungaba,  3 532 009 ,13720.0,1.3848396501457727
353240 NAZARE PAULISTA,20,0,20.0,353240,Nazaré Paulista,  3 532 405 ,18217.0,1.0978756106933085
353250 NEVES PAULISTA,10,11,21.0,353250,Neves Paulista,  3 532 504 ,9699.0,2.1651716671821837
353260 NHANDEARA,35,94,129.0,353260,Nhandeara,  3 532 603 ,9852.0,13.093788063337392
353290 NOVA EUROPA,13,5,18.0,353290,Nova Europa,  3 532 900 ,9311.0,1.933197293523789
353300 NOVA GRANADA,19,43,62.0,353300,Nova Granada,  3 533 007 ,19419.0,3.19274936917452
353340 NOVA ODESSA,35,0,35.0,353340,Nova Odessa,  3 533 403 ,62019.0,0.5643431851529369
353350 NOVO HORIZONTE,47,36,83.0,353350,Novo Horizonte,  3 533 502 ,38324.0,2.165744703058136
353390 OLIMPIA,41,38,79.0,353390,Olímpia,  3 533 908 ,55074.0,1.4344336710607546
353430 ORLANDIA,60,38,98.0,353430,Orlândia,  3 534 302 ,38319.0,2.5574780135180983
353440 OSASCO,682,298,980.0,353440,Osasco,  3 534 401 ,728615.0,1.3450176018885145
353460 OSVALDO CRUZ,58,14,72.0,353460,Osvaldo Cruz,  3 534 609 ,31272.0,2.3023791250959325
353470 OURINHOS,97,72,169.0,353470,Ourinhos,  3 534 708 ,103970.0,1.6254688852553623
353475 OUROESTE,28,5,33.0,353475,Ouroeste,  3 534 757 ,10294.0,3.20575092286769
353490 PACAEMBU,32,5,37.0,353490,Pacaembu,  3 534 906 ,14877.0,2.487060563285609
353520 PALMEIRA D'OESTE,10,10,20.0,353520,Palmeira d'Oeste,  3 535 200 ,8903.0,2.246433786364147
353530 PALMITAL,27,16,43.0,353530,Palmital,  3 535 309 ,19594.0,2.194549351842401
353540 PANORAMA,31,0,31.0,353540,Panorama,  3 535 408 ,14964.0,2.0716385993049986
353550 PARAGUACU PAULISTA,73,23,96.0,353550,Paraguaçu Paulista,  3 535 507 ,41120.0,2.3346303501945527
353580 PARANAPANEMA,15,0,15.0,353580,Paranapanema,  3 535 804 ,19395.0,0.7733952049497294
353600 PARAPUA,26,6,32.0,353600,Parapuã,  3 536 000 ,10580.0,3.0245746691871456
353620 PARIQUERA-ACU,166,0,166.0,353620,Pariquera-Açu,  3 536 208 ,19233.0,8.63099880413872
353630 PATROCINIO PAULISTA,23,12,35.0,353630,Patrocínio Paulista,  3 536 307 ,14512.0,2.4117971334068358
353650 PAULINIA,118,0,118.0,353650,Paulínia,  3 536 505 ,110537.0,1.0675158544197871
353660 PAULO DE FARIA,10,1,11.0,353660,Paulo de Faria,  3 536 604 ,7400.0,1.4864864864864864
353670 PEDERNEIRAS,60,2,62.0,353670,Pederneiras,  3 536 703 ,44827.0,1.3830950097039731
353700 PEDREGULHO,55,9,64.0,353700,Pedregulho,  3 537 008 ,15525.0,4.122383252818035
353710 PEDREIRA,98,0,98.0,353710,Pedreira,  3 537 107 ,43112.0,2.273149007236964
353720 PEDRO DE TOLEDO,3,0,3.0,353720,Pedro de Toledo,  3 537 206 ,11281.0,0.26593387111071715
353730 PENAPOLIS,157,23,180.0,353730,Penápolis,  3 537 305 ,61679.0,2.9183352518685455
353740 PEREIRA BARRETO,47,5,52.0,353740,Pereira Barreto,  3 537 404 ,24095.0,2.1581240921352975
353760 PERUIBE,15,3,18.0,353760,Peruíbe,  3 537 602 ,68352.0,0.2633426966292135
353780 PIEDADE,59,20,79.0,353780,Piedade,  3 537 800 ,52970.0,1.4914102322069096
353790 PILAR DO SUL,27,8,35.0,353790,Pilar do Sul,  3 537 909 ,27619.0,1.2672435642130417
353800 PINDAMONHANGABA,129,126,255.0,353800,Pindamonhangaba,  3 538 006 ,165428.0,1.5414561017481927
353860 PIRACAIA,28,14,42.0,353860,Piracaia,  3 538 600 ,26029.0,1.6135848476699066
353870 PIRACICABA,405,355,760.0,353870,Piracicaba,  3 538 709 ,423323.0,1.7953194133085137
353880 PIRAJU,49,19,68.0,353880,Piraju,  3 538 808 ,29436.0,2.310096480500068
353890 PIRAJUI,85,205,290.0,353890,Pirajuí,  3 538 907 ,22431.0,12.92853640051714
353900 PIRANGI,20,25,45.0,353900,Pirangi,  3 539 004 ,10885.0,4.134129536058796
353930 PIRASSUNUNGA,66,112,178.0,353930,Pirassununga,  3 539 301 ,73545.0,2.4202868991773743
353940 PIRATININGA,21,2,23.0,353940,Piratininga,  3 539 400 ,15108.0,1.5223722531109347
353950 PITANGUEIRAS,32,18,50.0,353950,Pitangueiras,  3 539 509 ,33674.0,1.4848250876046802
353980 POA,10,0,10.0,353980,Poá,  3 539 806 ,103765.0,0.09637160892401099
354000 POMPEIA,19,7,26.0,354000,Pompéia,  3 540 002 ,20196.0,1.287383640324817
354020 PONTAL,21,4,25.0,354020,Pontal,  3 540 200 ,37607.0,0.6647698566756188
354040 POPULINA,6,12,18.0,354040,Populina,  3 540 408 ,4127.0,4.361521686455052
354060 PORTO FELIZ,45,18,63.0,354060,Porto Feliz,  3 540 606 ,56497.0,1.115103456820716
354070 PORTO FERREIRA,33,22,55.0,354070,Porto Ferreira,  3 540 705 ,52649.0,1.044654219453361
354080 POTIRENDABA,28,4,32.0,354080,Potirendaba,  3 540 804 ,18496.0,1.7301038062283738
354100 PRAIA GRANDE,207,132,339.0,354100,Praia Grande,  3 541 000 ,349935.0,0.968751339534485
354120 PRESIDENTE BERNARDES,40,11,51.0,354120,Presidente Bernardes,  3 541 208 ,14490.0,3.5196687370600417
354130 PRESIDENTE EPITACIO,68,10,78.0,354130,Presidente Epitácio,  3 541 307 ,39505.0,1.9744336159979752
354140 PRESIDENTE PRUDENTE,735,360,1095.0,354140,Presidente Prudente,  3 541 406 ,225668.0,4.852260843362816
354150 PRESIDENTE VENCESLAU,62,40,102.0,354150,Presidente Venceslau,  3 541 505 ,35201.0,2.8976449532683732
354160 PROMISSAO,64,0,64.0,354160,Promissão,  3 541 604 ,35131.0,1.8217528678375223
354190 QUELUZ,19,0,19.0,354190,Queluz,  3 541 901 ,9159.0,2.0744622775412163
354220 RANCHARIA,71,32,103.0,354220,Rancharia,  3 542 206 ,28588.0,3.602910312019029
354240 REGENTE FEIJO,31,9,40.0,354240,Regente Feijó,  3 542 404 ,20145.0,1.9856043683296105
354260 REGISTRO,192,45,237.0,354260,Registro,  3 542 602 ,59947.0,3.9534922514888153
354290 RIBEIRAO BONITO,18,6,24.0,354290,Ribeirão Bonito,  3 542 909 ,10989.0,2.184002184002184
354300 RIBEIRAO BRANCO,26,0,26.0,354300,Ribeirão Branco,  3 543 006 ,18627.0,1.3958232673001558
354330 RIBEIRAO PIRES,50,114,164.0,354330,Ribeirão Pires,  3 543 303 ,115559.0,1.4191884664976333
354340 RIBEIRAO PRETO,1422,843,2265.0,354340,Ribeirão Preto,  3 543 402 ,698642.0,3.242003773033972
354380 RINOPOLIS,20,3,23.0,354380,Rinópolis,  3 543 808 ,9259.0,2.4840695539475104
354390 RIO CLARO,218,151,369.0,354390,Rio Claro,  3 543 907 ,201418.0,1.832011041714246
354400 RIO DAS PEDRAS,64,8,72.0,354400,Rio das Pedras,  3 544 004 ,31328.0,2.29826353421859
354420 RIOLANDIA,25,11,36.0,354420,Riolândia,  3 544 202 ,10309.0,3.4920942865457367
354425 ROSANA,80,0,80.0,354425,Rosana,  3 544 251 ,17440.0,4.587155963302752
354430 ROSEIRA,14,40,54.0,354430,Roseira,  3 544 301 ,10832.0,4.985228951255539
354490 SALES OLIVEIRA,20,10,30.0,354490,Sales Oliveira,  3 544 905 ,11411.0,2.6290421523091756
354500 SALESOPOLIS,9,0,9.0,354500,Salesópolis,  3 545 001 ,15202.0,0.5920273648204184
354520 SALTO,116,0,116.0,354520,Salto,  3 545 209 ,134319.0,0.8636157207841035
354530 SALTO DE PIRAPORA,43,9,52.0,354530,Salto de Pirapora,  3 545 308 ,43748.0,1.1886257657492914
354540 SALTO GRANDE,22,12,34.0,354540,Salto Grande,  3 545 407 ,9050.0,3.7569060773480665
354560 SANTA ADELIA,11,8,19.0,354560,Santa Adélia,  3 545 605 ,14018.0,1.3554001997431873
354580 SANTA BARBARA D'OESTE,116,80,196.0,354580,Santa Bárbara d'Oeste,  3 545 803 ,183347.0,1.0690112191636625
354630 SANTA CRUZ DAS PALMEIRAS,25,10,35.0,354630,Santa Cruz das Palmeiras,  3 546 306 ,28864.0,1.2125831485587584
354640 SANTA CRUZ DO RIO PARDO,55,41,96.0,354640,Santa Cruz do Rio Pardo,  3 546 405 ,46442.0,2.067094440377245
354660 SANTA FE DO SUL,63,17,80.0,354660,Santa Fé do Sul,  3 546 603 ,34794.0,2.299246996608611
354680 SANTA ISABEL,74,12,86.0,354680,Santa Isabel,  3 546 801 ,53174.0,1.6173317786888328
354690 SANTA LUCIA,0,8,8.0,354690,Santa Lúcia,  3 546 900 ,7149.0,1.1190376276402294
354700 SANTA MARIA DA SERRA,6,0,6.0,354700,Santa Maria da Serra,  3 547 007 ,5243.0,1.1443829868395956
354730 SANTANA DE PARNAIBA,61,0,61.0,354730,Santana de Parnaíba,  3 547 304 ,154105.0,0.39583400927938744
354750 SANTA RITA DO PASSA QUATRO,288,23,311.0,354750,Santa Rita do Passa Quatro,  3 547 502 ,24833.0,12.523658035678332
354760 SANTA ROSA DE VITERBO,19,13,32.0,354760,Santa Rosa de Viterbo,  3 547 601 ,23411.0,1.3668788176498228
354770 SANTO ANASTACIO,37,19,56.0,354770,Santo Anastácio,  3 547 700 ,17963.0,3.1175193453209378
354780 SANTO ANDRE,742,833,1575.0,354780,Santo André,  3 547 809 ,748919.0,2.1030311689248102
354790 SANTO ANTONIO DA ALEGRIA,16,0,16.0,354790,Santo Antônio da Alegria,  3 547 908 ,6775.0,2.3616236162361623
354850 SANTOS,720,889,1609.0,354850,Santos,  3 548 500 ,418608.0,3.8436914726904408
354860 SAO BENTO DO SAPUCAI,26,14,40.0,354860,São Bento do Sapucaí,  3 548 609 ,11674.0,3.4264176803152306
354870 SAO BERNARDO DO CAMPO,719,1024,1743.0,354870,São Bernardo do Campo,  3 548 708 ,810729.0,2.1499169266178955
354880 SAO CAETANO DO SUL,177,618,795.0,354880,São Caetano do Sul,  3 548 807 ,165655.0,4.7991307234915945
354890 SAO CARLOS,167,242,409.0,354890,São Carlos,  3 548 906 ,254857.0,1.604821527366327
354910 SAO JOAO DA BOA VISTA,94,105,199.0,354910,São João da Boa Vista,  3 549 102 ,92547.0,2.150258787426929
354940 SAO JOAQUIM DA BARRA,63,41,104.0,354940,São Joaquim da Barra,  3 549 409 ,48558.0,2.14176860661477
354970 SAO JOSE DO RIO PARDO,80,61,141.0,354970,São José do Rio Pardo,  3 549 706 ,52205.0,2.7008907192797627
354980 SAO JOSE DO RIO PRETO,1070,1078,2148.0,354980,São José do Rio Preto,  3 549 805 ,480393.0,4.471339091119146
354990 SAO JOSE DOS CAMPOS,730,858,1588.0,354990,São José dos Campos,  3 549 904 ,697054.0,2.278159224392945
354995 SAO LOURENCO DA SERRA,0,60,60.0,354995,São Lourenço da Serra,  3 549 953 ,16067.0,3.734362357627435
355000 SAO LUIS DO PARAITINGA,16,9,25.0,355000,São Luiz do Paraitinga,  3 550 001 ,10337.0,2.4184966624746056
355010 SAO MANUEL,42,16,58.0,355010,São Manuel,  3 550 100 ,37289.0,1.5554184880259594
355020 SAO MIGUEL ARCANJO,65,0,65.0,355020,São Miguel Arcanjo,  3 550 209 ,32039.0,2.0287774275102217
355030 SAO PAULO,15418,14346,29764.0,355030,São Paulo,  3 550 308 ,11451999.0,2.5990222318391747
355040 SAO PEDRO,51,12,63.0,355040,São Pedro,  3 550 407 ,38256.0,1.6468005018820577
355060 SAO ROQUE,62,213,275.0,355060,São Roque,  3 550 605 ,79484.0,3.459815811987318
355070 SAO SEBASTIAO,99,12,111.0,355070,São Sebastião,  3 550 704 ,81595.0,1.3603774741099333
355080 SAO SEBASTIAO DA GRAMA,26,4,30.0,355080,São Sebastião da Grama,  3 550 803 ,10441.0,2.87328799923379
355090 SAO SIMAO,36,4,40.0,355090,São Simão,  3 550 902 ,13442.0,2.9757476565987204
355100 SAO VICENTE,176,100,276.0,355100,São Vicente,  3 551 009 ,329911.0,0.836589261952466
355150 SERRANA,112,13,125.0,355150,Serrana,  3 551 504 ,43909.0,2.846796784258353
355160 SERRA NEGRA,33,16,49.0,355160,Serra Negra,  3 551 603 ,29894.0,1.639124908008296
355170 SERTAOZINHO,61,70,131.0,355170,Sertãozinho,  3 551 702 ,126887.0,1.032414668169316
355200 SILVEIRAS,2,0,2.0,355200,Silveiras,  3 552 007 ,6186.0,0.3233107015842225
355210 SOCORRO,63,7,70.0,355210,Socorro,  3 552 106 ,40122.0,1.7446787298738846
355220 SOROCABA,875,546,1421.0,355220,Sorocaba,  3 552 205 ,723682.0,1.963569634176337
355230 SUD MENNUCCI,20,2,22.0,355230,Sud Mennucci,  3 552 304 ,7355.0,2.991162474507138
355240 SUMARE,192,9,201.0,355240,Sumaré,  3 552 403 ,279545.0,0.7190255593911535
355250 SUZANO,111,161,272.0,355250,Suzano,  3 552 502 ,307429.0,0.8847571309147804
355260 TABAPUA,11,19,30.0,355260,Tabapuã,  3 552 601 ,11323.0,2.6494745208866908
355270 TABATINGA,22,13,35.0,355270,Tabatinga,  3 552 700 ,14769.0,2.3698286952400296
355280 TABOAO DA SERRA,289,161,450.0,355280,Taboão da Serra,  3 552 809 ,273542.0,1.6450855810076699
355300 TAGUAI,24,5,29.0,355300,Taguaí,  3 553 005 ,12669.0,2.2890520167337596
355320 TAIUVA,4,0,4.0,355320,Taiúva,  3 553 203 ,6548.0,0.6108735491753208
355330 TAMBAU,28,8,36.0,355330,Tambaú,  3 553 302 ,21435.0,1.6794961511546536
355340 TANABI,30,42,72.0,355340,Tanabi,  3 553 401 ,25265.0,2.84979220265189
355360 TAPIRATIBA,15,1,16.0,355360,Tapiratiba,  3 553 609 ,11816.0,1.3540961408259986
355370 TAQUARITINGA,74,48,122.0,355370,Taquaritinga,  3 553 708 ,52260.0,2.3344814389590507
355380 TAQUARITUBA,32,15,47.0,355380,Taquarituba,  3 553 807 ,24350.0,1.9301848049281314
355400 TATUI,59,46,105.0,355400,Tatuí,  3 554 003 ,123942.0,0.8471704506946798
355410 TAUBATE,366,150,516.0,355410,Taubaté,  3 554 102 ,310739.0,1.660557574041237
355430 TEODORO SAMPAIO,52,6,58.0,355430,Teodoro Sampaio,  3 554 300 ,22173.0,2.6157939836738375
355440 TERRA ROXA,30,4,34.0,355440,Terra Roxa,  3 554 409 ,7904.0,4.301619433198381
355450 TIETE,33,22,55.0,355450,Tietê,  3 554 508 ,37663.0,1.4603191461115685
355470 TORRINHA,13,7,20.0,355470,Torrinha,  3 554 706 ,9335.0,2.1424745581146225
355480 TREMEMBE,0,10,10.0,355480,Tremembé,  3 554 805 ,51173.0,0.19541555116956208
355500 TUPA,324,16,340.0,355500,Tupã,  3 555 000 ,63928.0,5.318483293705418
355510 TUPI PAULISTA,30,18,48.0,355510,Tupi Paulista,  3 555 109 ,15854.0,3.0276270972625206
355540 UBATUBA,74,18,92.0,355540,Ubatuba,  3 555 406 ,92981.0,0.9894494574160312
355580 URANIA,24,2,26.0,355580,Urânia,  3 555 802 ,8833.0,2.9435073021623457
355600 URUPES,11,23,34.0,355600,Urupês,  3 556 008 ,13744.0,2.4738067520372526
355620 VALINHOS,56,86,142.0,355620,Valinhos,  3 556 206 ,126373.0,1.1236577433470756
355630 VALPARAISO,31,24,55.0,355630,Valparaíso,  3 556 305 ,24241.0,2.2688832968936925
355640 VARGEM GRANDE DO SUL,31,19,50.0,355640,Vargem Grande do Sul,  3 556 404 ,40133.0,1.2458575237335858
355645 VARGEM GRANDE PAULISTA,0,40,40.0,355645,Vargem Grande Paulista,  3 556 453 ,50415.0,0.7934146583358127
355650 VARZEA PAULISTA,31,2,33.0,355650,Várzea Paulista,  3 556 503 ,115771.0,0.2850454777103074
355660 VERA CRUZ,0,72,72.0,355660,Vera Cruz,  3 556 602 ,10176.0,7.0754716981132075
355670 VINHEDO,62,23,85.0,355670,Vinhedo,  3 556 701 ,76540.0,1.110530441599164
355680 VIRADOURO,30,18,48.0,355680,Viradouro,  3 556 800 ,17414.0,2.7564028942230387
355700 VOTORANTIM,64,38,102.0,355700,Votorantim,  3 557 006 ,127923.0,0.7973546586618513
355710 VOTUPORANGA,115,104,219.0,355710,Votuporanga,  3 557 105 ,96634.0,2.266283088767928
355720 CHAVANTES,30,21,51.0,355720,Chavantes,  3 557 204 ,12211.0,4.176562116124806
410020 ADRIANOPOLIS,3,0,3.0,410020,Adrianópolis,  4 100 202 ,6256.0,0.47953964194373405
410030 AGUDOS DO SUL,12,0,12.0,410030,Agudos do Sul,  4 100 301 ,10233.0,1.1726766344180592
410045 ALTAMIRA DO PARANA,19,0,19.0,410045,Altamira do Paraná,  4 100 459 ,3590.0,5.2924791086350975
410050 ALTONIA,39,0,39.0,410050,Altônia,  4 100 509 ,18742.0,2.0808878454807385
410060 ALTO PARANA,19,1,20.0,410060,Alto Paraná,  4 100 608 ,13909.0,1.4379178948882019
410080 ALVORADA DO SUL,20,0,20.0,410080,Alvorada do Sul,  4 100 806 ,10326.0,1.936858415649816
410090 AMAPORA,13,0,13.0,410090,Amaporã,  4 100 905 ,4762.0,2.729945401091978
410100 AMPERE,33,1,34.0,410100,Ampére,  4 101 002 ,19620.0,1.7329255861365953
410110 ANDIRA,57,5,62.0,410110,Andirá,  4 101 101 ,19878.0,3.119026058959654
410120 ANTONINA,31,0,31.0,410120,Antonina,  4 101 200 ,18091.0,1.7135592283455863
410130 ANTONIO OLINTO,2,0,2.0,410130,Antônio Olinto,  4 101 309 ,7018.0,0.28498147620404674
410140 APUCARANA,193,69,262.0,410140,Apucarana,  4 101 408 ,130134.0,2.0133093580463215
410150 ARAPONGAS,322,66,388.0,410150,Arapongas,  4 101 507 ,119138.0,3.2567274924877037
410170 ARARUNA,20,0,20.0,410170,Araruna,  4 101 705 ,14485.0,1.380738695201933
410180 ARAUCARIA,62,0,62.0,410180,Araucária,  4 101 804 ,151666.0,0.4087930056835415
410190 ASSAI,38,11,49.0,410190,Assaí,  4 101 903 ,13797.0,3.5514967021816335
410200 ASSIS CHATEAUBRIAND,69,13,82.0,410200,Assis Chateaubriand,  4 102 000 ,36808.0,2.227776570310802
410210 ASTORGA,56,41,97.0,410210,Astorga,  4 102 109 ,25475.0,3.8076545632973504
410240 BANDEIRANTES,62,50,112.0,410240,Bandeirantes,  4 102 406 ,31273.0,3.581364116010616
410250 BARBOSA FERRAZ,1,0,1.0,410250,Barbosa Ferraz,  4 102 505 ,10795.0,0.09263547938860583
410280 BELA VISTA DO PARAISO,17,0,17.0,410280,Bela Vista do Paraíso,  4 102 802 ,14833.0,1.146093170633048
410290 BITURUNA,43,0,43.0,410290,Bituruna,  4 102 901 ,15533.0,2.7682997489216503
410305 BOA VISTA DA APARECIDA,20,0,20.0,410305,Boa Vista da Aparecida,  4 103 057 ,7924.0,2.523977788995457
410310 BOCAIUVA DO SUL,11,0,11.0,410310,Bocaiúva do Sul,  4 103 107 ,13299.0,0.8271298593879239
410320 BOM SUCESSO,29,0,29.0,410320,Bom Sucesso,  4 103 206 ,6581.0,4.406625132958516
410330 BORRAZOPOLIS,26,0,26.0,410330,Borrazópolis,  4 103 305 ,7735.0,3.361344537815126
410360 CAMBARA,89,10,99.0,410360,Cambará,  4 103 602 ,23212.0,4.26503532655523
410370 CAMBE,72,43,115.0,410370,Cambé,  4 103 701 ,107208.0,1.0726811431982688
410390 CAMPINA DA LAGOA,48,2,50.0,410390,Campina da Lagoa,  4 103 909 ,15723.0,3.1800546969407875
410400 CAMPINA GRANDE DO SUL,323,33,356.0,410400,Campina Grande do Sul,  4 104 006 ,47825.0,7.443805541035023
410420 CAMPO LARGO,751,76,827.0,410420,Campo Largo,  4 104 204 ,136327.0,6.066296478320509
410430 CAMPO MOURAO,165,71,236.0,410430,Campo Mourão,  4 104 303 ,99432.0,2.373481374205487
410440 CANDIDO DE ABREU,31,0,31.0,410440,Cândido de Abreu,  4 104 402 ,15244.0,2.0335869850432955
410442 CANDOI,39,2,41.0,410442,Candói,  4 104 428 ,14973.0,2.7382622053028784
410450 CAPANEMA,28,10,38.0,410450,Capanema,  4 104 501 ,20481.0,1.8553781553635076
410460 CAPITAO LEONIDAS MARQUES,32,2,34.0,410460,Capitão Leônidas Marques,  4 104 600 ,14648.0,2.3211359912616056
410470 CARLOPOLIS,47,0,47.0,410470,Carlópolis,  4 104 709 ,16905.0,2.780242531795327
410480 CASCAVEL,588,378,966.0,410480,Cascavel,  4 104 808 ,348051.0,2.775455321202927
410490 CASTRO,84,35,119.0,410490,Castro,  4 104 907 ,73075.0,1.6284639069449196
410510 CENTENARIO DO SUL,25,0,25.0,410510,Centenário do Sul,  4 105 102 ,10832.0,2.3079763663220088
410520 CERRO AZUL,17,0,17.0,410520,Cerro Azul,  4 105 201 ,16134.0,1.0536754679558695
410530 CEU AZUL,28,8,36.0,410530,Céu Azul,  4 105 300 ,11087.0,3.247046090015333
410540 CHOPINZINHO,70,7,77.0,410540,Chopinzinho,  4 105 409 ,21085.0,3.651885226464311
410550 CIANORTE,125,40,165.0,410550,Cianorte,  4 105 508 ,79527.0,2.0747670602436905
410560 CIDADE GAUCHA,22,0,22.0,410560,Cidade Gaúcha,  4 105 607 ,11467.0,1.918548879393041
410570 CLEVELANDIA,49,7,56.0,410570,Clevelândia,  4 105 706 ,15070.0,3.7159920371599204
410580 COLOMBO,55,36,91.0,410580,Colombo,  4 105 805 ,232212.0,0.39188327907257164
410590 COLORADO,80,21,101.0,410590,Colorado,  4 105 904 ,22896.0,4.411250873515025
410600 CONGONHINHAS,24,0,24.0,410600,Congonhinhas,  4 106 001 ,8320.0,2.8846153846153846
410610 CONSELHEIRO MAIRINCK,20,0,20.0,410610,Conselheiro Mairinck,  4 106 100 ,3461.0,5.778676683039584
410620 CONTENDA,16,0,16.0,410620,Contenda,  4 106 209 ,19128.0,0.836470096194061
410630 CORBELIA,33,0,33.0,410630,Corbélia,  4 106 308 ,17470.0,1.8889524899828276
410640 CORNELIO PROCOPIO,143,90,233.0,410640,Cornélio Procópio,  4 106 407 ,45206.0,5.154183073043402
410650 CORONEL VIVIDA,46,15,61.0,410650,Coronel Vivida,  4 106 506 ,23331.0,2.6145471690026145
410660 CRUZEIRO DO OESTE,32,0,32.0,410660,Cruzeiro do Oeste,  4 106 605 ,23831.0,1.3427888044983425
410670 CRUZEIRO DO SUL,11,0,11.0,410670,Cruzeiro do Sul,  4 106 704 ,4494.0,2.447708055184691
410680 CRUZ MACHADO,35,0,35.0,410680,Cruz Machado,  4 106 803 ,15978.0,2.190511953936663
410690 CURITIBA,2464,2657,5121.0,410690,Curitiba,  4 106 902 ,1773718.0,2.887155680891776
410700 CURIUVA,16,3,19.0,410700,Curiúva,  4 107 009 ,13647.0,1.3922473803766395
410710 DIAMANTE DO NORTE,19,0,19.0,410710,Diamante do Norte,  4 107 108 ,5142.0,3.695060287825749
410720 DOIS VIZINHOS,49,2,51.0,410720,Dois Vizinhos,  4 107 207 ,44869.0,1.136642225144309
410750 ENGENHEIRO BELTRAO,33,0,33.0,410750,Engenheiro Beltrão,  4 107 504 ,12454.0,2.64975108398908
410753 ENTRE RIOS DO OESTE,10,2,12.0,410753,Entre Rios do Oeste,  4 107 538 ,4575.0,2.622950819672131
410760 FAXINAL,22,0,22.0,410760,Faxinal,  4 107 603 ,16389.0,1.3423637805845385
410765 FAZENDA RIO GRANDE,47,0,47.0,410765,Fazenda Rio Grande,  4 107 652 ,148873.0,0.31570533273326934
410775 FIGUEIRA,31,0,31.0,410775,Figueira,  4 107 751 ,8062.0,3.8451997023071196
410790 FLORESTA,23,0,23.0,410790,Floresta,  4 107 900 ,10458.0,2.199273283610633
410800 FLORESTOPOLIS,17,0,17.0,410800,Florestópolis,  4 108 007 ,11446.0,1.4852350165996855
410820 FORMOSA DO OESTE,31,7,38.0,410820,Formosa do Oeste,  4 108 205 ,7635.0,4.9770792403405375
410830 FOZ DO IGUACU,272,122,394.0,410830,Foz do Iguaçu,  4 108 304 ,285415.0,1.38044601720302
410832 FRANCISCO ALVES,10,0,10.0,410832,Francisco Alves,  4 108 320 ,8116.0,1.232134056185313
410840 FRANCISCO BELTRAO,208,95,303.0,410840,Francisco Beltrão,  4 108 403 ,96666.0,3.1345043758922477
410855 GODOY MOREIRA,10,0,10.0,410855,Godoy Moreira,  4 108 551 ,2977.0,3.359086328518643
410860 GOIOERE,55,42,97.0,410860,Goioerê,  4 108 601 ,28437.0,3.4110489854766675
410870 GRANDES RIOS,26,0,26.0,410870,Grandes Rios,  4 108 700 ,5641.0,4.609111859599362
410880 GUAIRA,45,17,62.0,410880,Guaíra,  4 108 809 ,32097.0,1.9316447019970713
410890 GUAIRACA,16,0,16.0,410890,Guairaçá,  4 108 908 ,6587.0,2.4290268711097616
410900 GUAPIRAMA,4,0,4.0,410900,Guapirama,  4 109 005 ,4626.0,0.8646779074794638
410930 GUARANIACU,51,1,52.0,410930,Guaraniaçu,  4 109 302 ,13735.0,3.7859483072442663
410940 GUARAPUAVA,267,138,405.0,410940,Guarapuava,  4 109 401 ,182093.0,2.2241382150878946
410950 GUARAQUECABA,14,0,14.0,410950,Guaraqueçaba,  4 109 500 ,7430.0,1.8842530282637955
410960 GUARATUBA,36,0,36.0,410960,Guaratuba,  4 109 609 ,42062.0,0.8558794161000428
410970 IBAITI,51,0,51.0,410970,Ibaiti,  4 109 708 ,28830.0,1.7689906347554631
410975 IBEMA,43,0,43.0,410975,Ibema,  4 109 757 ,6218.0,6.915406883242199
410980 IBIPORA,63,64,127.0,410980,Ibiporã,  4 109 807 ,51603.0,2.4610972230296686
411030 INAJA,11,0,11.0,411030,Inajá,  4 110 300 ,2536.0,4.337539432176656
411040 INDIANOPOLIS,16,0,16.0,411040,Indianópolis,  4 110 409 ,4448.0,3.5971223021582737
411050 IPIRANGA,18,0,18.0,411050,Ipiranga,  4 110 508 ,14142.0,1.2728044123886295
411060 IPORA,31,0,31.0,411060,Iporã,  4 110 607 ,15746.0,1.968753969262035
411070 IRATI,110,54,164.0,411070,Irati,  4 110 706 ,59250.0,2.7679324894514767
411080 IRETAMA,31,0,31.0,411080,Iretama,  4 110 805 ,10684.0,2.9015350056158744
411095 ITAIPULANDIA,25,0,25.0,411095,Itaipulândia,  4 110 953 ,11485.0,2.1767522855898997
411100 ITAMBARACA,21,0,21.0,411100,Itambaracá,  4 111 001 ,5908.0,3.554502369668246
411125 ITAPERUCU,35,2,37.0,411125,Itaperuçu,  4 111 258 ,31217.0,1.185251625716757
411130 ITAUNA DO SUL,17,0,17.0,411130,Itaúna do Sul,  4 111 308 ,3572.0,4.759238521836506
411140 IVAI,16,0,16.0,411140,Ivaí,  4 111 407 ,13229.0,1.2094640562400787
411150 IVAIPORA,150,21,171.0,411150,Ivaiporã,  4 111 506 ,32720.0,5.2261613691931545
411170 JABOTI,18,0,18.0,411170,Jaboti,  4 111 704 ,5427.0,3.316749585406302
411180 JACAREZINHO,86,31,117.0,411180,Jacarezinho,  4 111 803 ,40375.0,2.897832817337461
411190 JAGUAPITA,28,0,28.0,411190,Jaguapitã,  4 111 902 ,15122.0,1.851606930300225
411200 JAGUARIAIVA,79,0,79.0,411200,Jaguariaíva,  4 112 009 ,35141.0,2.2480862809823283
411210 JANDAIA DO SUL,345,11,356.0,411210,Jandaia do Sul,  4 112 108 ,21408.0,16.629297458893873
411240 JAPURA,18,0,18.0,411240,Japurá,  4 112 405 ,9144.0,1.968503937007874
411250 JARDIM ALEGRE,23,0,23.0,411250,Jardim Alegre,  4 112 504 ,12004.0,1.9160279906697768
411275 JESUITAS,30,4,34.0,411275,Jesuítas,  4 112 751 ,10506.0,3.236245954692557
411280 JOAQUIM TAVORA,26,5,31.0,411280,Joaquim Távora,  4 112 801 ,11945.0,2.5952281289242363
411290 JUNDIAI DO SUL,14,0,14.0,411290,Jundiaí do Sul,  4 112 900 ,3333.0,4.2004200420042
411300 JUSSARA,18,0,18.0,411300,Jussara,  4 113 007 ,6690.0,2.690582959641256
411310 KALORE,23,0,23.0,411310,Kaloré,  4 113 106 ,4582.0,5.019642077695329
411320 LAPA,97,40,137.0,411320,Lapa,  4 113 205 ,45003.0,3.044241495011444
411330 LARANJEIRAS DO SUL,100,17,117.0,411330,Laranjeiras do Sul,  4 113 304 ,32227.0,3.630496167809601
411345 LINDOESTE,20,0,20.0,411345,Lindoeste,  4 113 452 ,5175.0,3.864734299516908
411350 LOANDA,113,25,138.0,411350,Loanda,  4 113 502 ,23225.0,5.941872981700754
411370 LONDRINA,1214,729,1943.0,411370,Londrina,  4 113 700 ,555965.0,3.494824314480228
411375 LUNARDELLI,18,11,29.0,411375,Lunardelli,  4 113 759 ,4872.0,5.952380952380952
411380 LUPIONOPOLIS,16,0,16.0,411380,Lupionópolis,  4 113 809 ,4813.0,3.32432993974652
411390 MALLET,33,6,39.0,411390,Mallet,  4 113 908 ,13428.0,2.90437890974084
411400 MAMBORE,10,4,14.0,411400,Mamborê,  4 114 005 ,13452.0,1.0407374368123699
411420 MANDAGUARI,47,33,80.0,411420,Mandaguari,  4 114 203 ,36716.0,2.178886588953045
411430 MANDIRITUBA,46,0,46.0,411430,Mandirituba,  4 114 302 ,27439.0,1.6764459346186085
411440 MANGUEIRINHA,50,9,59.0,411440,Mangueirinha,  4 114 401 ,16603.0,3.553574655182798
411450 MANOEL RIBAS,24,0,24.0,411450,Manoel Ribas,  4 114 500 ,14240.0,1.6853932584269664
411460 MARECHAL CANDIDO RONDON,22,54,76.0,411460,Marechal Cândido Rondon,  4 114 609 ,55836.0,1.3611290207034887
411500 MARILENA,23,0,23.0,411500,Marilena,  4 115 002 ,7253.0,3.1711016131256033
411520 MARINGA,987,956,1943.0,411520,Maringá,  4 115 200 ,409657.0,4.742992308199298
411535 MARIPA,2,0,2.0,411535,Maripá,  4 115 358 ,6555.0,0.30511060259344014
411540 MARMELEIRO,12,0,12.0,411540,Marmeleiro,  4 115 408 ,15901.0,0.7546695176403999
411550 MARUMBI,21,0,21.0,411550,Marumbi,  4 115 507 ,4699.0,4.469035965098957
411560 MATELANDIA,40,8,48.0,411560,Matelândia,  4 115 606 ,18450.0,2.6016260162601625
411570 MATINHOS,12,0,12.0,411570,Matinhos,  4 115 705 ,39259.0,0.30566239588374644
411580 MEDIANEIRA,54,61,115.0,411580,Medianeira,  4 115 804 ,54369.0,2.115175927458662
411600 MIRASELVA,10,0,10.0,411600,Miraselva,  4 116 000 ,1966.0,5.0864699898270604
411605 MISSAL,32,4,36.0,411605,Missal,  4 116 059 ,11064.0,3.2537960954446854
411620 MORRETES,18,0,18.0,411620,Morretes,  4 116 208 ,18309.0,0.9831230542356219
411670 NOVA AURORA,40,9,49.0,411670,Nova Aurora,  4 116 703 ,13765.0,3.5597529967308392
411680 NOVA CANTU,20,2,22.0,411680,Nova Cantu,  4 116 802 ,6790.0,3.240058910162003
411690 NOVA ESPERANCA,35,0,35.0,411690,Nova Esperança,  4 116 901 ,26585.0,1.3165318788790672
411695 NOVA ESPERANCA DO SUDOESTE,12,0,12.0,411695,Nova Esperança do Sudoeste,  4 116 950 ,5597.0,2.1440057173485796
411700 NOVA FATIMA,14,2,16.0,411700,Nova Fátima,  4 117 008 ,7225.0,2.2145328719723185
411710 NOVA LONDRINA,31,2,33.0,411710,Nova Londrina,  4 117 107 ,12923.0,2.5535866284918365
411720 NOVA OLIMPIA,16,0,16.0,411720,Nova Olímpia,  4 117 206 ,5833.0,2.7430138865078004
411722 NOVA SANTA ROSA,6,5,11.0,411722,Nova Santa Rosa,  4 117 222 ,8322.0,1.3217976447969237
411727 NOVA TEBAS,48,0,48.0,411727,Nova Tebas,  4 117 271 ,6848.0,7.009345794392523
411730 ORTIGUEIRA,0,11,11.0,411730,Ortigueira,  4 117 305 ,24192.0,0.45469576719576715
411750 PAICANDU,38,0,38.0,411750,Paiçandu,  4 117 503 ,45962.0,0.826769940385536
411760 PALMAS,90,1,91.0,411760,Palmas,  4 117 602 ,48247.0,1.8861276348788527
411770 PALMEIRA,30,6,36.0,411770,Palmeira,  4 117 701 ,33855.0,1.0633584404076206
411790 PALOTINA,48,20,68.0,411790,Palotina,  4 117 909 ,35011.0,1.942246722458656
411820 PARANAGUA,97,76,173.0,411820,Paranaguá,  4 118 204 ,145829.0,1.186320964965816
411830 PARANAPOEMA,15,0,15.0,411830,Paranapoema,  4 118 303 ,2398.0,6.255212677231026
411840 PARANAVAI,140,67,207.0,411840,Paranavaí,  4 118 402 ,92001.0,2.24997554374409
411845 PATO BRAGADO,15,2,17.0,411845,Pato Bragado,  4 118 451 ,5733.0,2.965288679574394
411850 PATO BRANCO,166,106,272.0,411850,Pato Branco,  4 118 501 ,91836.0,2.9618014721895554
411890 PEROLA,21,0,21.0,411890,Pérola,  4 118 907 ,11878.0,1.767974406465735
411910 PIEN,50,3,53.0,411910,Piên,  4 119 103 ,13655.0,3.8813621384108385
411915 PINHAIS,277,14,291.0,411915,Pinhais,  4 119 152 ,127019.0,2.290995835268739
411920 PINHALAO,23,10,33.0,411920,Pinhalão,  4 119 202 ,6566.0,5.025890953396283
411930 PINHAO,82,9,91.0,411930,Pinhão,  4 119 301 ,29886.0,3.044903968413304
411940 PIRAI DO SUL,18,0,18.0,411940,Piraí do Sul,  4 119 400 ,23651.0,0.7610671853198596
411950 PIRAQUARA,498,225,723.0,411950,Piraquara,  4 119 509 ,118730.0,6.089446643645246
411960 PITANGA,81,8,89.0,411960,Pitanga,  4 119 608 ,33567.0,2.6514135907289895
411970 PLANALTINA DO PARANA,15,0,15.0,411970,Planaltina do Paraná,  4 119 707 ,4070.0,3.6855036855036856
411980 PLANALTO,35,7,42.0,411980,Planalto,  4 119 806 ,14374.0,2.921942395992765
411990 PONTA GROSSA,445,235,680.0,411990,Ponta Grossa,  4 119 905 ,358371.0,1.8974749630969023
411995 PONTAL DO PARANA,0,2,2.0,411995,Pontal do Paraná,  4 119 954 ,30425.0,0.0657354149548069
412000 PORECATU,31,0,31.0,412000,Porecatu,  4 120 002 ,11624.0,2.6668960770818995
412020 PORTO RICO,10,0,10.0,412020,Porto Rico,  4 120 200 ,3182.0,3.1426775612822127
412033 PRADO FERREIRA,20,0,20.0,412033,Prado Ferreira,  4 120 333 ,3709.0,5.392289026691831
412035 PRANCHITA,39,9,48.0,412035,Pranchita,  4 120 358 ,5737.0,8.36674219975597
412050 PRIMEIRO DE MAIO,10,0,10.0,412050,Primeiro de Maio,  4 120 507 ,10082.0,0.9918666931164452
412060 PRUDENTOPOLIS,115,10,125.0,412060,Prudentópolis,  4 120 606 ,49393.0,2.5307229769400523
412070 QUATIGUA,26,2,28.0,412070,Quatiguá,  4 120 705 ,8099.0,3.4572169403630078
412090 QUEDAS DO IGUACU,32,0,32.0,412090,Quedas do Iguaçu,  4 120 903 ,30738.0,1.0410566725226102
412100 QUERENCIA DO NORTE,26,1,27.0,412100,Querência do Norte,  4 121 000 ,10685.0,2.526906878802059
412120 QUITANDINHA,22,3,25.0,412120,Quitandinha,  4 121 208 ,18398.0,1.3588433525383194
412130 RANCHO ALEGRE,16,0,16.0,412130,Rancho Alegre,  4 121 307 ,3512.0,4.555808656036446
412150 REBOUCAS,52,4,56.0,412150,Rebouças,  4 121 505 ,14514.0,3.8583436681824446
412180 RIBEIRAO CLARO,51,3,54.0,412180,Ribeirão Claro,  4 121 802 ,12364.0,4.367518602394047
412190 RIBEIRAO DO PINHAL,44,5,49.0,412190,Ribeirão do Pinhal,  4 121 901 ,13060.0,3.751914241960184
412200 RIO AZUL,52,3,55.0,412200,Rio Azul,  4 122 008 ,14025.0,3.9215686274509802
412220 RIO BRANCO DO SUL,30,0,30.0,412220,Rio Branco do Sul,  4 122 206 ,37558.0,0.7987645774535386
412230 RIO NEGRO,27,3,30.0,412230,Rio Negro,  4 122 305 ,31324.0,0.9577320904099094
412240 ROLANDIA,206,7,213.0,412240,Rolândia,  4 122 404 ,71670.0,2.9719547928003345
412250 RONCADOR,31,0,31.0,412250,Roncador,  4 122 503 ,11251.0,2.7553106390543065
412260 RONDON,25,4,29.0,412260,Rondon,  4 122 602 ,9097.0,3.1878641310322084
412290 SALTO DO ITARARE,16,0,16.0,412290,Salto do Itararé,  4 122 909 ,5192.0,3.0816640986132513
412310 SANTA AMELIA,15,0,15.0,412310,Santa Amélia,  4 123 105 ,3394.0,4.41956393635828
412350 SANTA HELENA,33,23,56.0,412350,Santa Helena,  4 123 501 ,25492.0,2.1967676133689
412370 SANTA ISABEL DO IVAI,19,8,27.0,412370,Santa Isabel do Ivaí,  4 123 709 ,8912.0,3.029622980251346
412380 SANTA IZABEL DO OESTE,50,0,50.0,412380,Santa Izabel do Oeste,  4 123 808 ,14070.0,3.5536602700781805
412390 SANTA MARIANA,40,0,40.0,412390,Santa Mariana,  4 123 907 ,11066.0,3.614675582866438
412400 SANTANA DO ITARARE,20,0,20.0,412400,Santana do Itararé,  4 124 004 ,5514.0,3.627130939426913
412410 SANTO ANTONIO DA PLATINA,139,24,163.0,412410,Santo Antônio da Platina,  4 124 103 ,44369.0,3.6737361671437263
412420 SANTO ANTONIO DO CAIUA,10,0,10.0,412420,Santo Antônio do Caiuá,  4 124 202 ,2493.0,4.011231448054553
412430 SANTO ANTONIO DO PARAISO,10,0,10.0,412430,Santo Antônio do Paraíso,  4 124 301 ,2125.0,4.705882352941176
412440 SANTO ANTONIO DO SUDOESTE,23,5,28.0,412440,Santo Antônio do Sudoeste,  4 124 400 ,23673.0,1.1827820724031597
412460 SAO CARLOS DO IVAI,16,1,17.0,412460,São Carlos do Ivaí,  4 124 608 ,6587.0,2.5808410505541217
412470 SAO JERONIMO DA SERRA,20,0,20.0,412470,São Jerônimo da Serra,  4 124 707 ,10830.0,1.8467220683287164
412490 SAO JOAO DO CAIUA,17,0,17.0,412490,São João do Caiuá,  4 124 905 ,5586.0,3.0433225921947726
412500 SAO JOAO DO IVAI,18,0,18.0,412500,São João do Ivaí,  4 125 001 ,10667.0,1.6874472672728977
412510 SAO JOAO DO TRIUNFO,25,0,25.0,412510,São João do Triunfo,  4 125 100 ,13726.0,1.8213609208800816
412535 SAO JORGE DO PATROCINIO,22,0,22.0,412535,São Jorge do Patrocínio,  4 125 357 ,6504.0,3.3825338253382538
412540 SAO JOSE DA BOA VISTA,18,0,18.0,412540,São José da Boa Vista,  4 125 407 ,6040.0,2.980132450331126
412545 SAO JOSE DAS PALMEIRAS,19,3,22.0,412545,São José das Palmeiras,  4 125 456 ,3957.0,5.559767500631791
412550 SAO JOSE DOS PINHAIS,116,56,172.0,412550,São José dos Pinhais,  4 125 506 ,329628.0,0.5218003324960259
412560 SAO MATEUS DO SUL,38,12,50.0,412560,São Mateus do Sul,  4 125 605 ,42366.0,1.1801916631260918
412570 SAO MIGUEL DO IGUACU,27,77,104.0,412570,São Miguel do Iguaçu,  4 125 704 ,29122.0,3.571183297850422
412580 SAO PEDRO DO IVAI,23,2,25.0,412580,São Pedro do Ivaí,  4 125 803 ,8690.0,2.8768699654775607
412600 SAO SEBASTIAO DA AMOREIRA,8,0,8.0,412600,São Sebastião da Amoreira,  4 126 009 ,8063.0,0.9921865310678407
412620 SAPOPEMA,31,0,31.0,412620,Sapopema,  4 126 207 ,6695.0,4.630321135175504
412625 SARANDI,77,54,131.0,412625,Sarandi,  4 126 256 ,118455.0,1.1059051960660167
412640 SERTANEJA,23,0,23.0,412640,Sertaneja,  4 126 405 ,5616.0,4.095441595441596
412650 SERTANOPOLIS,16,0,16.0,412650,Sertanópolis,  4 126 504 ,15930.0,1.0043942247332078
412660 SIQUEIRA CAMPOS,35,19,54.0,412660,Siqueira Campos,  4 126 603 ,22811.0,2.3672789443689446
412667 TAMARANA,16,0,16.0,412667,Tamarana,  4 126 678 ,10707.0,1.4943494909872048
412670 TAMBOARA,9,0,9.0,412670,Tamboara,  4 126 702 ,4880.0,1.8442622950819674
412690 TAPIRA,7,0,7.0,412690,Tapira,  4 126 900 ,5745.0,1.2184508268059182
412700 TEIXEIRA SOARES,17,0,17.0,412700,Teixeira Soares,  4 127 007 ,9547.0,1.7806640829579972
412710 TELEMACO BORBA,118,85,203.0,412710,Telêmaco Borba,  4 127 106 ,75042.0,2.705151781668932
412720 TERRA BOA,60,2,62.0,412720,Terra Boa,  4 127 205 ,17568.0,3.529143897996357
412730 TERRA RICA,25,4,29.0,412730,Terra Rica,  4 127 304 ,14842.0,1.953914566769977
412750 TIBAGI,30,0,30.0,412750,Tibagi,  4 127 502 ,19961.0,1.5029307148940434
412760 TIJUCAS DO SUL,16,0,16.0,412760,Tijucas do Sul,  4 127 601 ,17621.0,0.9080074910618013
412770 TOLEDO,108,192,300.0,412770,Toledo,  4 127 700 ,150470.0,1.9937529075563236
412780 TOMAZINA,50,16,66.0,412780,Tomazina,  4 127 809 ,8426.0,7.832898172323759
412785 TRES BARRAS DO PARANA,34,0,34.0,412785,Três Barras do Paraná,  4 127 858 ,11135.0,3.0534351145038165
412788 TUNAS DO PARANA,6,0,6.0,412788,Tunas do Paraná,  4 127 882 ,6219.0,0.964785335262904
412790 TUNEIRAS DO OESTE,22,0,22.0,412790,Tuneiras do Oeste,  4 127 908 ,8067.0,2.7271600347093092
412796 TURVO,49,4,53.0,412796,Turvo,  4 127 965 ,14231.0,3.7242639308551753
412800 UBIRATA,51,55,106.0,412800,Ubiratã,  4 128 005 ,24749.0,4.283001333387207
412810 UMUARAMA,536,155,691.0,412810,Umuarama,  4 128 104 ,117095.0,5.901191340364661
412820 UNIAO DA VITORIA,210,50,260.0,412820,União da Vitória,  4 128 203 ,55033.0,4.724438064434066
412840 URAI,56,2,58.0,412840,Uraí,  4 128 401 ,10406.0,5.573707476455891
412850 WENCESLAU BRAZ,50,0,50.0,412850,Wenceslau Braz,  4 128 500 ,19188.0,2.605795288722118
412855 VERA CRUZ DO OESTE,26,1,27.0,412855,Vera Cruz do Oeste,  4 128 559 ,8215.0,3.286670724284845
412860 VERE,18,2,20.0,412860,Verê,  4 128 609 ,7932.0,2.5214321734745333
412863 DOUTOR ULYSSES,4,0,4.0,412863,Doutor Ulysses,  4 128 633 ,5697.0,0.70212392487274
420010 ABELARDO LUZ,38,4,42.0,420010,Abelardo Luz,  4 200 101 ,17392.0,2.4149034038638457
420020 AGROLANDIA,15,12,27.0,420020,Agrolândia,  4 200 200 ,10990.0,2.4567788898999092
420040 AGUA DOCE,26,5,31.0,420040,Água Doce,  4 200 408 ,6508.0,4.763368162261831
420070 ALFREDO WAGNER,27,0,27.0,420070,Alfredo Wagner,  4 200 705 ,10481.0,2.576090067741628
420090 ANGELINA,34,11,45.0,420090,Angelina,  4 200 903 ,5358.0,8.3986562150056
420100 ANITA GARIBALDI,35,3,38.0,420100,Anita Garibaldi,  4 201 000 ,8285.0,4.586602293301147
420110 ANITAPOLIS,21,22,43.0,420110,Anitápolis,  4 201 109 ,3593.0,11.967715001391596
420127 ARABUTA,19,4,23.0,420127,Arabutã,  4 201 273 ,4378.0,5.253540429419826
420140 ARARANGUA,112,0,112.0,420140,Araranguá,  4 201 406 ,71922.0,1.5572425683379216
420150 ARMAZEM,40,5,45.0,420150,Armazém,  4 201 505 ,8834.0,5.093955173194476
420160 ARROIO TRINTA,20,2,22.0,420160,Arroio Trinta,  4 201 604 ,3556.0,6.186726659167604
420190 AURORA,13,1,14.0,420190,Aurora,  4 201 901 ,6780.0,2.0648967551622417
420200 BALNEARIO CAMBORIU,97,186,283.0,420200,Balneário Camboriú,  4 202 008 ,139155.0,2.0337034242391576
420220 BENEDITO NOVO,1,1,2.0,420220,Benedito Novo,  4 202 206 ,10520.0,0.19011406844106463
420230 BIGUACU,63,0,63.0,420230,Biguaçu,  4 202 305 ,76773.0,0.8206009925364386
420240 BLUMENAU,388,320,708.0,420240,Blumenau,  4 202 404 ,361261.0,1.9598019160662234
420245 BOMBINHAS,7,0,7.0,420245,Bombinhas,  4 202 453 ,25058.0,0.27935190358368583
420250 BOM JARDIM DA SERRA,14,0,14.0,420250,Bom Jardim da Serra,  4 202 503 ,4026.0,3.4773969200198707
420260 BOM RETIRO,38,12,50.0,420260,Bom Retiro,  4 202 602 ,8418.0,5.939653124257543
420280 BRACO DO NORTE,50,19,69.0,420280,Braço do Norte,  4 202 800 ,33773.0,2.043052142243804
420290 BRUSQUE,172,108,280.0,420290,Brusque,  4 202 909 ,141385.0,1.9804081055274603
420300 CACADOR,71,30,101.0,420300,Caçador,  4 203 006 ,73720.0,1.3700488334237655
420310 CAIBI,18,2,20.0,420310,Caibi,  4 203 105 ,6304.0,3.1725888324873095
420320 CAMBORIU,47,119,166.0,420320,Camboriú,  4 203 204 ,103074.0,1.6104934319032929
420330 CAMPO ALEGRE,20,10,30.0,420330,Campo Alegre,  4 203 303 ,12501.0,2.3998080153587713
420340 CAMPO BELO DO SUL,22,2,24.0,420340,Campo Belo do Sul,  4 203 402 ,7257.0,3.3071517155849524
420350 CAMPO ERE,29,16,45.0,420350,Campo Erê,  4 203 501 ,9623.0,4.676296373272368
420360 CAMPOS NOVOS,55,21,76.0,420360,Campos Novos,  4 203 600 ,36932.0,2.057836022961118
420370 CANELINHA,18,0,18.0,420370,Canelinha,  4 203 709 ,12821.0,1.403946650027299
420380 CANOINHAS,50,26,76.0,420380,Canoinhas,  4 203 808 ,55016.0,1.3814163152537444
420390 CAPINZAL,59,4,63.0,420390,Capinzal,  4 203 907 ,23314.0,2.7022389980269366
420400 CATANDUVAS,23,10,33.0,420400,Catanduvas,  4 204 004 ,10566.0,3.1232254400908572
420410 CAXAMBU DO SUL,24,3,27.0,420410,Caxambu do Sul,  4 204 103 ,4614.0,5.851755526657998
420420 CHAPECO,268,138,406.0,420420,Chapecó,  4 204 202 ,254785.0,1.5935004022999784
420430 CONCORDIA,101,86,187.0,420430,Concórdia,  4 204 301 ,81646.0,2.290375523601891
420440 CORONEL FREITAS,25,5,30.0,420440,Coronel Freitas,  4 204 400 ,10388.0,2.887947631882942
420460 CRICIUMA,297,218,515.0,420460,Criciúma,  4 204 608 ,214493.0,2.401010755595754
420470 CUNHA PORA,41,7,48.0,420470,Cunha Porã,  4 204 707 ,10953.0,4.382360996987127
420480 CURITIBANOS,103,33,136.0,420480,Curitibanos,  4 204 806 ,40045.0,3.3961792982894243
420490 DESCANSO,41,7,48.0,420490,Descanso,  4 204 905 ,8530.0,5.6271981242672915
420500 DIONISIO CERQUEIRA,36,6,42.0,420500,Dionísio Cerqueira,  4 205 001 ,15008.0,2.798507462686567
420530 FAXINAL DOS GUEDES,36,1,37.0,420530,Faxinal dos Guedes,  4 205 308 ,11192.0,3.3059328091493927
420540 FLORIANOPOLIS,1106,791,1897.0,420540,Florianópolis,  4 205 407 ,537211.0,3.531200962005618
420550 FRAIBURGO,40,18,58.0,420550,Fraiburgo,  4 205 506 ,33481.0,1.732325796720528
420580 GARUVA,0,20,20.0,420580,Garuva,  4 205 803 ,18545.0,1.0784578053383662
420590 GASPAR,92,7,99.0,420590,Gaspar,  4 205 902 ,72570.0,1.364200082678793
420640 GUARACIABA,30,2,32.0,420640,Guaraciaba,  4 206 405 ,10796.0,2.9640607632456466
420650 GUARAMIRIM,50,0,50.0,420650,Guaramirim,  4 206 504 ,46711.0,1.0704116803322559
420660 GUARUJA DO SUL,19,2,21.0,420660,Guarujá do Sul,  4 206 603 ,4829.0,4.348726444398426
420680 IBICARE,0,30,30.0,420680,Ibicaré,  4 206 801 ,3269.0,9.177118384827164
420690 IBIRAMA,88,0,88.0,420690,Ibirama,  4 206 900 ,19862.0,4.430570939482428
420700 ICARA,87,4,91.0,420700,Içara,  4 207 007 ,59035.0,1.5414584568476328
420720 IMARUI,31,0,31.0,420720,Imaruí,  4 207 205 ,11881.0,2.609207979126336
420730 IMBITUBA,64,8,72.0,420730,Imbituba,  4 207 304 ,52579.0,1.369367998630632
420750 INDAIAL,96,13,109.0,420750,Indaial,  4 207 502 ,71549.0,1.5234314945002725
420760 IPIRA,24,4,28.0,420760,Ipira,  4 207 601 ,4578.0,6.116207951070336
420765 IPORA DO OESTE,27,6,33.0,420765,Iporã do Oeste,  4 207 650 ,9335.0,3.535083020889127
420770 IPUMIRIM,19,1,20.0,420770,Ipumirim,  4 207 700 ,7816.0,2.5588536335721597
420780 IRANI,26,3,29.0,420780,Irani,  4 207 809 ,10195.0,2.8445316331535064
420790 IRINEOPOLIS,19,0,19.0,420790,Irineópolis,  4 207 908 ,10285.0,1.8473505104521148
420800 ITA,26,9,35.0,420800,Itá,  4 208 005 ,7067.0,4.952596575633225
420810 ITAIOPOLIS,20,1,21.0,420810,Itaiópolis,  4 208 104 ,22051.0,0.9523377624597524
420820 ITAJAI,312,65,377.0,420820,Itajaí,  4 208 203 ,264054.0,1.427738265657782
420830 ITAPEMA,35,22,57.0,420830,Itapema,  4 208 302 ,75940.0,0.7505925730840137
420840 ITAPIRANGA,30,13,43.0,420840,Itapiranga,  4 208 401 ,16638.0,2.584445245822815
420850 ITUPORANGA,52,8,60.0,420850,Ituporanga,  4 208 500 ,26525.0,2.2620169651272386
420870 JACINTO MACHADO,34,12,46.0,420870,Jacinto Machado,  4 208 708 ,10624.0,4.329819277108434
420880 JAGUARUNA,44,5,49.0,420880,Jaguaruna,  4 208 807 ,20375.0,2.4049079754601226
420890 JARAGUA DO SUL,226,108,334.0,420890,Jaraguá do Sul,  4 208 906 ,182660.0,1.8285338880981057
420900 JOACABA,120,54,174.0,420900,Joaçaba,  4 209 003 ,30146.0,5.771910037815962
420910 JOINVILLE,793,329,1122.0,420910,Joinville,  4 209 102 ,616317.0,1.820491727471415
420915 JOSE BOITEUX,1,0,1.0,420915,José Boiteux,  4 209 151 ,5985.0,0.16708437761069342
420930 LAGES,368,120,488.0,420930,Lages,  4 209 300 ,164981.0,2.9579163661270087
420940 LAGUNA,70,14,84.0,420940,Laguna,  4 209 409 ,42785.0,1.9633048965759028
420950 LAURENTINO,1,0,1.0,420950,Laurentino,  4 209 508 ,7932.0,0.1260716086737267
420960 LAURO MULLER,39,0,39.0,420960,Lauro Müller,  4 209 607 ,14381.0,2.711911549961755
420970 LEBON REGIS,41,0,41.0,420970,Lebon Régis,  4 209 706 ,11472.0,3.5739191073919105
420985 LINDOIA DO SUL,69,6,75.0,420985,Lindóia do Sul,  4 209 854 ,4549.0,16.487140030775993
421000 LUIZ ALVES,38,1,39.0,421000,Luiz Alves,  4 210 001 ,11684.0,3.3378979801437865
421003 LUZERNA,86,5,91.0,421003,Luzerna,  4 210 035 ,5794.0,15.705902657921989
421010 MAFRA,101,14,115.0,421010,Mafra,  4 210 100 ,55286.0,2.0800926093405203
421030 MAJOR VIEIRA,31,6,37.0,421030,Major Vieira,  4 210 308 ,7425.0,4.983164983164984
421050 MARAVILHA,65,11,76.0,421050,Maravilha,  4 210 506 ,28251.0,2.6901702594598422
421060 MASSARANDUBA,19,2,21.0,421060,Massaranduba,  4 210 605 ,17162.0,1.2236336091364644
421080 MELEIRO,30,20,50.0,421080,Meleiro,  4 210 803 ,7006.0,7.136739937196689
421090 MODELO,27,4,31.0,421090,Modelo,  4 210 902 ,4080.0,7.598039215686274
421100 MONDAI,52,11,63.0,421100,Mondaí,  4 211 009 ,10066.0,6.258692628650904
421105 MONTE CARLO,13,0,13.0,421105,Monte Carlo,  4 211 058 ,9117.0,1.4259076450586816
421120 MORRO DA FUMACA,84,24,108.0,421120,Morro da Fumaça,  4 211 207 ,18537.0,5.82618546690403
421130 NAVEGANTES,56,4,60.0,421130,Navegantes,  4 211 306 ,86401.0,0.6944364069860303
421140 NOVA ERECHIM,27,6,33.0,421140,Nova Erechim,  4 211 405 ,5155.0,6.401551891367604
421150 NOVA TRENTO,50,0,50.0,421150,Nova Trento,  4 211 504 ,13727.0,3.642456472645152
421160 NOVA VENEZA,51,9,60.0,421160,Nova Veneza,  4 211 603 ,13664.0,4.391100702576112
421170 ORLEANS,36,19,55.0,421170,Orleans,  4 211 702 ,23661.0,2.3245002324500232
421175 OTACILIO COSTA,46,3,49.0,421175,Otacílio Costa,  4 211 751 ,17312.0,2.8304066543438076
421190 PALHOCA,0,42,42.0,421190,Palhoça,  4 211 900 ,222598.0,0.18868094052956452
421200 PALMA SOLA,30,6,36.0,421200,Palma Sola,  4 212 007 ,7605.0,4.733727810650888
421210 PALMITOS,53,10,63.0,421210,Palmitos,  4 212 106 ,15626.0,4.031741968514015
421220 PAPANDUVA,24,3,27.0,421220,Papanduva,  4 212 205 ,19150.0,1.4099216710182767
421250 PENHA,30,48,78.0,421250,Penha,  4 212 502 ,33663.0,2.317084038855717
421260 PERITIBA,26,6,32.0,421260,Peritiba,  4 212 601 ,2992.0,10.695187165775401
421270 PETROLANDIA,14,2,16.0,421270,Petrolândia,  4 212 700 ,6716.0,2.3823704586063137
421290 PINHALZINHO,27,15,42.0,421290,Pinhalzinho,  4 212 908 ,21972.0,1.9115237575095578
421320 POMERODE,50,15,65.0,421320,Pomerode,  4 213 203 ,34289.0,1.8956516667152732
421330 PONTE ALTA,38,0,38.0,421330,Ponte Alta,  4 213 302 ,4437.0,8.564345278341222
421340 PONTE SERRADA,56,18,74.0,421340,Ponte Serrada,  4 213 401 ,10649.0,6.9490092966475725
421360 PORTO UNIAO,88,11,99.0,421360,Porto União,  4 213 609 ,32970.0,3.002729754322111
421370 POUSO REDONDO,34,7,41.0,421370,Pouso Redondo,  4 213 708 ,17123.0,2.3944402265958065
421380 PRAIA GRANDE,50,1,51.0,421380,Praia Grande,  4 213 807 ,8270.0,6.166868198307134
421400 PRESIDENTE GETULIO,42,2,44.0,421400,Presidente Getúlio,  4 214 003 ,20010.0,2.1989005497251375
421420 QUILOMBO,49,6,55.0,421420,Quilombo,  4 214 201 ,11022.0,4.990019960079841
421450 RIO DO CAMPO,30,1,31.0,421450,Rio do Campo,  4 214 508 ,6452.0,4.804711717296962
421470 RIO DOS CEDROS,43,6,49.0,421470,Rio dos Cedros,  4 214 706 ,10865.0,4.509894155545329
421480 RIO DO SUL,176,82,258.0,421480,Rio do Sul,  4 214 805 ,72587.0,3.554355463099453
421490 RIO FORTUNA,26,6,32.0,421490,Rio Fortuna,  4 214 904 ,4847.0,6.602021869197442
421500 RIO NEGRINHO,82,14,96.0,421500,Rio Negrinho,  4 215 000 ,39261.0,2.445174600748835
421530 SALETE,31,0,31.0,421530,Salete,  4 215 307 ,7489.0,4.139404459874482
421540 SALTO VELOSO,13,2,15.0,421540,Salto Veloso,  4 215 406 ,4390.0,3.416856492027335
421550 SANTA CECILIA,85,35,120.0,421550,Santa Cecília,  4 215 505 ,15546.0,7.71902740254728
421570 SANTO AMARO DA IMPERATRIZ,73,2,75.0,421570,Santo Amaro da Imperatriz,  4 215 703 ,27272.0,2.750073335288941
421580 SAO BENTO DO SUL,66,56,122.0,421580,São Bento do Sul,  4 215 802 ,83277.0,1.4649903334654226
421590 SAO BONIFACIO,29,0,29.0,421590,São Bonifácio,  4 215 901 ,2946.0,9.843856076035303
421600 SAO CARLOS,35,19,54.0,421600,São Carlos,  4 216 008 ,10282.0,5.251896518187123
421620 SAO FRANCISCO DO SUL,37,0,37.0,421620,São Francisco do Sul,  4 216 206 ,52674.0,0.702433838326309
421625 SAO JOAO DO OESTE,20,3,23.0,421625,São João do Oeste,  4 216 255 ,6295.0,3.653693407466243
421630 SAO JOAO BATISTA,25,5,30.0,421630,São João Batista,  4 216 305 ,32687.0,0.9177960657141984
421650 SAO JOAQUIM,97,32,129.0,421650,São Joaquim,  4 216 503 ,25939.0,4.97320636878831
421660 SAO JOSE,688,180,868.0,421660,São José,  4 216 602 ,270299.0,3.2112586432062273
421670 SAO JOSE DO CEDRO,22,5,27.0,421670,São José do Cedro,  4 216 701 ,14167.0,1.9058375097056541
421690 SAO LOURENCO DO OESTE,38,10,48.0,421690,São Lourenço do Oeste,  4 216 909 ,24791.0,1.9361865193013594
421710 SAO MARTINHO,20,0,20.0,421710,São Martinho,  4 217 105 ,3405.0,5.873715124816446
421720 SAO MIGUEL DO OESTE,82,37,119.0,421720,São Miguel do Oeste,  4 217 204 ,44330.0,2.6844123618317166
421725 SAO PEDRO DE ALCANTARA,105,0,105.0,421725,São Pedro de Alcântara,  4 217 253 ,5776.0,18.178670360110804
421730 SAUDADES,29,2,31.0,421730,Saudades,  4 217 303 ,10265.0,3.019970774476376
421750 SEARA,39,12,51.0,421750,Seara,  4 217 501 ,18620.0,2.7389903329752956
421770 SOMBRIO,73,16,89.0,421770,Sombrio,  4 217 709 ,29991.0,2.9675569337467906
421780 TAIO,36,2,38.0,421780,Taió,  4 217 808 ,18310.0,2.075368651010377
421790 TANGARA,16,7,23.0,421790,Tangará,  4 217 907 ,8143.0,2.8245118506692863
421800 TIJUCAS,47,13,60.0,421800,Tijucas,  4 218 004 ,51592.0,1.162971003256319
421810 TIMBE DO SUL,24,6,30.0,421810,Timbé do Sul,  4 218 103 ,5386.0,5.569996286669142
421820 TIMBO,109,31,140.0,421820,Timbó,  4 218 202 ,46099.0,3.036942233020239
421830 TRES BARRAS,49,11,60.0,421830,Três Barras,  4 218 301 ,19746.0,3.038590094196293
421840 TREZE DE MAIO,39,2,41.0,421840,Treze de Maio,  4 218 400 ,7362.0,5.569138820972562
421860 TROMBUDO CENTRAL,67,1,68.0,421860,Trombudo Central,  4 218 608 ,7274.0,9.348364036293649
421870 TUBARAO,263,178,441.0,421870,Tubarão,  4 218 707 ,110088.0,4.005886200130805
421875 TUNAPOLIS,60,4,64.0,421875,Tunápolis,  4 218 756 ,4916.0,13.018714401952806
421880 TURVO,36,24,60.0,421880,Turvo,  4 218 806 ,13043.0,4.600168672851338
421890 URUBICI,39,9,48.0,421890,Urubici,  4 218 905 ,10834.0,4.430496584825549
421900 URUSSANGA,69,27,96.0,421900,Urussanga,  4 219 002 ,20919.0,4.589129499498064
421910 VARGEAO,20,4,24.0,421910,Vargeão,  4 219 101 ,3634.0,6.604292790313703
421920 VIDAL RAMOS,20,0,20.0,421920,Vidal Ramos,  4 219 200 ,6189.0,3.231539828728389
421930 VIDEIRA,81,50,131.0,421930,Videira,  4 219 309 ,55466.0,2.361807233260015
421935 VITOR MEIRELES,15,2,17.0,421935,Vitor Meireles,  4 219 358 ,5370.0,3.165735567970205
421940 WITMARSUM,21,0,21.0,421940,Witmarsum,  4 219 408 ,4255.0,4.935370152761457
421950 XANXERE,110,30,140.0,421950,Xanxerê,  4 219 507 ,51607.0,2.7128102776755094
421960 XAVANTINA,16,7,23.0,421960,Xavantina,  4 219 606 ,3653.0,6.296194908294552
421970 XAXIM,31,0,31.0,421970,Xaxim,  4 219 705 ,31918.0,0.9712387994235228
430003 ACEGUA,34,8,42.0,430003,Aceguá,  4 300 034 ,4170.0,10.071942446043165
430010 AGUDO,39,12,51.0,430010,Agudo,  4 300 109 ,16041.0,3.1793529081728074
430020 AJURICABA,38,10,48.0,430020,Ajuricaba,  4 300 208 ,6720.0,7.142857142857142
430030 ALECRIM,31,19,50.0,430030,Alecrim,  4 300 307 ,6123.0,8.165931732810714
430040 ALEGRETE,137,35,172.0,430040,Alegrete,  4 300 406 ,72409.0,2.375395323785717
430050 ALPESTRE,22,1,23.0,430050,Alpestre,  4 300 505 ,7117.0,3.231698749473092
430060 ALVORADA,90,21,111.0,430060,Alvorada,  4 300 604 ,187315.0,0.5925846835544404
430064 AMETISTA DO SUL,30,2,32.0,430064,Ametista do Sul,  4 300 646 ,7650.0,4.183006535947713
430070 ANTA GORDA,25,13,38.0,430070,Anta Gorda,  4 300 703 ,5957.0,6.3790498573107275
430080 ANTONIO PRADO,35,16,51.0,430080,Antônio Prado,  4 300 802 ,13045.0,3.9095438865465693
430090 ARATIBA,31,5,36.0,430090,Aratiba,  4 300 901 ,6483.0,5.552984729291994
430100 ARROIO DO MEIO,64,6,70.0,430100,Arroio do Meio,  4 301 008 ,21958.0,3.1879041807086255
430120 ARROIO DO TIGRE,61,15,76.0,430120,Arroio do Tigre,  4 301 206 ,12058.0,6.302869464256095
430130 ARROIO GRANDE,36,12,48.0,430130,Arroio Grande,  4 301 305 ,17558.0,2.733796559972662
430140 ARVOREZINHA,38,22,60.0,430140,Arvorezinha,  4 301 404 ,10322.0,5.812826971517148
430150 AUGUSTO PESTANA,49,6,55.0,430150,Augusto Pestana,  4 301 503 ,7149.0,7.693383690026577
430160 BAGE,149,78,227.0,430160,Bagé,  4 301 602 ,117938.0,1.9247401176889551
430190 BARRA DO RIBEIRO,43,0,43.0,430190,Barra do Ribeiro,  4 301 909 ,12225.0,3.5173824130879345
430210 BENTO GONCALVES,98,138,236.0,430210,Bento Gonçalves,  4 302 105 ,123151.0,1.9163465988907926
430220 BOA VISTA DO BURICA,25,15,40.0,430220,Boa Vista do Buricá,  4 302 204 ,6966.0,5.7421762848119435
430230 BOM JESUS,31,1,32.0,430230,Bom Jesus,  4 302 303 ,11202.0,2.85663274415283
430235 BOM PRINCIPIO,27,16,43.0,430235,Bom Princípio,  4 302 352 ,13142.0,3.2719525186425202
430240 BOM RETIRO DO SUL,36,14,50.0,430240,Bom Retiro do Sul,  4 302 402 ,12294.0,4.067024564828372
430245 BOQUEIRAO DO LEAO,31,8,39.0,430245,Boqueirão do Leão,  4 302 451 ,6247.0,6.242996638386425
430260 BRAGA,25,10,35.0,430260,Braga,  4 302 600 ,3268.0,10.709914320685433
430270 BUTIA,38,0,38.0,430270,Butiá,  4 302 709 ,19084.0,1.9911968140850973
430280 CACAPAVA DO SUL,59,20,79.0,430280,Caçapava do Sul,  4 302 808 ,32515.0,2.4296478548362295
430290 CACEQUI,30,6,36.0,430290,Cacequi,  4 302 907 ,11157.0,3.2266738370529713
430300 CACHOEIRA DO SUL,108,68,176.0,430300,Cachoeira do Sul,  4 303 004 ,80070.0,2.1980766829024603
430310 CACHOEIRINHA,81,0,81.0,430310,Cachoeirinha,  4 303 103 ,136258.0,0.5944605087407712
430330 CAIBATE,30,10,40.0,430330,Caibaté,  4 303 301 ,4704.0,8.503401360544219
430340 CAICARA,33,8,41.0,430340,Caiçara,  4 303 400 ,4836.0,8.47808105872622
430350 CAMAQUA,104,16,120.0,430350,Camaquã,  4 303 509 ,62200.0,1.9292604501607717
430360 CAMBARA DO SUL,32,0,32.0,430360,Cambará do Sul,  4 303 608 ,6361.0,5.030655557302311
430370 CAMPINA DAS MISSOES,46,9,55.0,430370,Campina das Missões,  4 303 707 ,5882.0,9.35056103366202
430380 CAMPINAS DO SUL,49,0,49.0,430380,Campinas do Sul,  4 303 806 ,5284.0,9.27327781983346
430390 CAMPO BOM,81,0,81.0,430390,Campo Bom,  4 303 905 ,62886.0,1.288045033870814
430400 CAMPO NOVO,34,1,35.0,430400,Campo Novo,  4 304 002 ,4975.0,7.035175879396985
430420 CANDELARIA,78,26,104.0,430420,Candelária,  4 304 200 ,28906.0,3.5978689545423097
430430 CANDIDO GODOI,32,7,39.0,430430,Cândido Godói,  4 304 309 ,6294.0,6.196377502383222
430440 CANELA,39,9,48.0,430440,Canela,  4 304 408 ,48946.0,0.9806725779430393
430450 CANGUCU,86,18,104.0,430450,Canguçu,  4 304 507 ,49680.0,2.0933977455716586
430460 CANOAS,664,340,1004.0,430460,Canoas,  4 304 606 ,347657.0,2.8879038822747707
430463 CAPAO DA CANOA,86,5,91.0,430463,Capão da Canoa,  4 304 630 ,63594.0,1.4309526055917225
430470 CARAZINHO,95,65,160.0,430470,Carazinho,  4 304 705 ,61804.0,2.5888292019933985
430480 CARLOS BARBOSA,42,37,79.0,430480,Carlos Barbosa,  4 304 804 ,30420.0,2.5969756738987506
430490 CASCA,25,8,33.0,430490,Casca,  4 304 903 ,9465.0,3.4865293185419968
430510 CAXIAS DO SUL,651,702,1353.0,430510,Caxias do Sul,  4 305 108 ,463501.0,2.9190875532091622
430520 CERRO LARGO,32,23,55.0,430520,Cerro Largo,  4 305 207 ,13705.0,4.0131338927398765
430530 CHAPADA,36,13,49.0,430530,Chapada,  4 305 306 ,9540.0,5.136268343815513
430535 CHARQUEADAS,75,0,75.0,430535,Charqueadas,  4 305 355 ,35012.0,2.1421227007883012
430540 CHIAPETTA,25,5,30.0,430540,Chiapetta,  4 305 405 ,3913.0,7.666751852798364
430570 CONDOR,17,2,19.0,430570,Condor,  4 305 702 ,6406.0,2.9659694036840465
430580 CONSTANTINA,18,5,23.0,430580,Constantina,  4 305 801 ,10385.0,2.2147327876745306
430590 CORONEL BICACO,19,11,30.0,430590,Coronel Bicaco,  4 305 900 ,6144.0,4.8828125
430600 CRISSIUMAL,40,15,55.0,430600,Crissiumal,  4 306 007 ,12886.0,4.268198044389259
430610 CRUZ ALTA,98,163,261.0,430610,Cruz Alta,  4 306 106 ,58913.0,4.430261572148762
430620 CRUZEIRO DO SUL,8,2,10.0,430620,Cruzeiro do Sul,  4 306 205 ,11600.0,0.8620689655172413
430630 DAVID CANABARRO,26,6,32.0,430630,David Canabarro,  4 306 304 ,4321.0,7.405693126591067
430640 DOIS IRMAOS,57,9,66.0,430640,Dois Irmãos,  4 306 403 ,30709.0,2.1492070728450945
430645 DOIS LAJEADOS,35,15,50.0,430645,Dois Lajeados,  4 306 452 ,3097.0,16.14465611882467
430650 DOM FELICIANO,20,5,25.0,430650,Dom Feliciano,  4 306 502 ,13051.0,1.9155620258983987
430660 DOM PEDRITO,98,26,124.0,430660,Dom Pedrito,  4 306 601 ,36981.0,3.3530731997512238
430680 ENCANTADO,35,95,130.0,430680,Encantado,  4 306 809 ,22962.0,5.661527741485933
430690 ENCRUZILHADA DO SUL,41,12,53.0,430690,Encruzilhada do Sul,  4 306 908 ,23819.0,2.225114404467022
430700 ERECHIM,146,123,269.0,430700,Erechim,  4 307 005 ,105705.0,2.5448181259164655
430710 HERVAL,34,0,34.0,430710,Herval,  4 307 104 ,6191.0,5.491842997900178
430750 ESPUMOSO,51,9,60.0,430750,Espumoso,  4 307 500 ,15173.0,3.9543926711922497
430755 ESTACAO,23,19,42.0,430755,Estação,  4 307 559 ,5582.0,7.524184879971337
430760 ESTANCIA VELHA,49,2,51.0,430760,Estância Velha,  4 307 609 ,47924.0,1.0641849595192387
430770 ESTEIO,151,7,158.0,430770,Esteio,  4 307 708 ,76137.0,2.0752065355871654
430780 ESTRELA,93,27,120.0,430780,Estrela,  4 307 807 ,32183.0,3.7286766305192183
430790 FARROUPILHA,77,57,134.0,430790,Farroupilha,  4 307 906 ,70286.0,1.90649631505563
430800 FAXINAL DO SOTURNO,55,13,68.0,430800,Faxinal do Soturno,  4 308 003 ,6702.0,10.14622500746046
430810 FELIZ,51,10,61.0,430810,Feliz,  4 308 102 ,13764.0,4.431851206044755
430820 FLORES DA CUNHA,33,18,51.0,430820,Flores da Cunha,  4 308 201 ,30892.0,1.6509128576977858
430840 FORMIGUEIRO,20,0,20.0,430840,Formigueiro,  4 308 409 ,6413.0,3.118665211289568
430845 FORTALEZA DOS VALOS,21,3,24.0,430845,Fortaleza dos Valos,  4 308 458 ,4477.0,5.360732633459906
430850 FREDERICO WESTPHALEN,77,18,95.0,430850,Frederico Westphalen,  4 308 508 ,32627.0,2.9116988996843105
430860 GARIBALDI,38,32,70.0,430860,Garibaldi,  4 308 607 ,34335.0,2.0387359836901124
430870 GAURAMA,30,0,30.0,430870,Gaurama,  4 308 706 ,5665.0,5.29567519858782
430890 GETULIO VARGAS,60,25,85.0,430890,Getúlio Vargas,  4 308 904 ,16602.0,5.119865076496808
430900 GIRUA,43,7,50.0,430900,Giruá,  4 309 001 ,16013.0,3.122462998813464
430910 GRAMADO,54,33,87.0,430910,Gramado,  4 309 100 ,40134.0,2.1677380774405743
430920 GRAVATAI,124,49,173.0,430920,Gravataí,  4 309 209 ,265074.0,0.6526479398205783
430925 GUABIJU,4,0,4.0,430925,Guabiju,  4 309 258 ,1417.0,2.8228652081863093
430930 GUAIBA,51,26,77.0,430930,Guaíba,  4 309 308 ,92924.0,0.8286341526408678
430940 GUAPORE,50,23,73.0,430940,Guaporé,  4 309 407 ,25268.0,2.8890296026594906
430950 GUARANI DAS MISSOES,36,9,45.0,430950,Guarani das Missões,  4 309 506 ,7415.0,6.068779501011463
430960 HORIZONTINA,47,25,72.0,430960,Horizontina,  4 309 605 ,18851.0,3.819426025144555
430970 HUMAITA,37,3,40.0,430970,Humaitá,  4 309 704 ,4681.0,8.545182653279214
431000 IBIRUBA,25,16,41.0,431000,Ibirubá,  4 310 009 ,21583.0,1.8996432377334012
431010 IGREJINHA,71,20,91.0,431010,Igrejinha,  4 310 108 ,32808.0,2.7737137283589366
431020 IJUI,167,193,360.0,431020,Ijuí,  4 310 207 ,84780.0,4.246284501061571
431030 ILOPOLIS,24,16,40.0,431030,Ilópolis,  4 310 306 ,4157.0,9.622323791195573
431050 IRAI,55,15,70.0,431050,Iraí,  4 310 504 ,7482.0,9.355787222667736
431053 ITAARA,0,20,20.0,431053,Itaara,  4 310 538 ,5572.0,3.5893754486719307
431060 ITAQUI,57,10,67.0,431060,Itaqui,  4 310 603 ,35768.0,1.8731827331693134
431070 ITATIBA DO SUL,10,0,10.0,431070,Itatiba do Sul,  4 310 702 ,3208.0,3.117206982543641
431075 IVORA,19,5,24.0,431075,Ivorá,  4 310 751 ,1929.0,12.441679626749611
431080 IVOTI,47,8,55.0,431080,Ivoti,  4 310 801 ,22983.0,2.3930731410172736
431085 JABOTICABA,44,8,52.0,431085,Jaboticaba,  4 310 850 ,3779.0,13.760254035459116
431100 JAGUARAO,60,15,75.0,431100,Jaguarão,  4 311 007 ,26603.0,2.8192309138067135
431110 JAGUARI,32,19,51.0,431110,Jaguari,  4 311 106 ,10579.0,4.820871537952547
431112 JAQUIRANA,10,0,10.0,431112,Jaquirana,  4 311 122 ,3690.0,2.710027100271003
431120 JULIO DE CASTILHOS,49,18,67.0,431120,Júlio de Castilhos,  4 311 205 ,18226.0,3.676067156808954
431130 LAGOA VERMELHA,47,26,73.0,431130,Lagoa Vermelha,  4 311 304 ,27659.0,2.6392855851621535
431140 LAJEADO,102,48,150.0,431140,Lajeado,  4 311 403 ,93646.0,1.6017769045127395
431150 LAVRAS DO SUL,29,3,32.0,431150,Lavras do Sul,  4 311 502 ,7157.0,4.471147128685203
431180 MARAU,57,72,129.0,431180,Marau,  4 311 809 ,45124.0,2.858789114440209
431190 MARCELINO RAMOS,36,16,52.0,431190,Marcelino Ramos,  4 311 908 ,4320.0,12.037037037037036
431200 MARIANO MORO,10,0,10.0,431200,Mariano Moro,  4 312 005 ,1858.0,5.382131324004306
431205 MARQUES DE SOUZA,30,10,40.0,431205,Marques de Souza,  4 312 054 ,3969.0,10.078105316200554
431210 MATA,15,5,20.0,431210,Mata,  4 312 104 ,4698.0,4.257130693912303
431220 MAXIMILIANO DE ALMEIDA,28,12,40.0,431220,Maximiliano de Almeida,  4 312 203 ,4191.0,9.54426151276545
431240 MONTENEGRO,134,82,216.0,431240,Montenegro,  4 312 401 ,64322.0,3.3581045365504805
431250 MOSTARDAS,29,0,29.0,431250,Mostardas,  4 312 500 ,12090.0,2.3986765922249793
431260 MUCUM,25,6,31.0,431260,Muçum,  4 312 609 ,4601.0,6.737665724842426
431265 NAO-ME-TOQUE,33,17,50.0,431265,Não-Me-Toque,  4 312 658 ,17898.0,2.793608224382613
431270 NONOAI,71,10,81.0,431270,Nonoai,  4 312 708 ,13719.0,5.9042204242291705
431290 NOVA BASSANO,32,22,54.0,431290,Nova Bassano,  4 312 906 ,9649.0,5.596434863716447
431300 NOVA BRESCIA,23,14,37.0,431300,Nova Bréscia,  4 313 003 ,3044.0,12.155059132720105
431310 NOVA PALMA,36,16,52.0,431310,Nova Palma,  4 313 102 ,5586.0,9.308986752595775
431320 NOVA PETROPOLIS,26,8,34.0,431320,Nova Petrópolis,  4 313 201 ,23300.0,1.4592274678111588
431330 NOVA PRATA,43,28,71.0,431330,Nova Prata,  4 313 300 ,25692.0,2.7635061497742486
431340 NOVO HAMBURGO,223,235,458.0,431340,Novo Hamburgo,  4 313 409 ,227646.0,2.011895662563805
431350 OSORIO,69,43,112.0,431350,Osório,  4 313 508 ,47396.0,2.3630686133850958
431360 PAIM FILHO,48,4,52.0,431360,Paim Filho,  4 313 607 ,3629.0,14.329016257922293
431365 PALMARES DO SUL,30,9,39.0,431365,Palmares do Sul,  4 313 656 ,12844.0,3.0364372469635628
431370 PALMEIRA DAS MISSOES,77,15,92.0,431370,Palmeira das Missões,  4 313 706 ,33216.0,2.769749518304432
431380 PALMITINHO,48,3,51.0,431380,Palmitinho,  4 313 805 ,7839.0,6.505931879066208
431390 PANAMBI,50,23,73.0,431390,Panambi,  4 313 904 ,43515.0,1.6775824428358037
431400 PARAI,29,11,40.0,431400,Paraí,  4 314 001 ,7194.0,5.5601890464275785
431402 PARAISO DO SUL,30,2,32.0,431402,Paraíso do Sul,  4 314 027 ,6519.0,4.908728332566344
431405 PAROBE,94,19,113.0,431405,Parobé,  4 314 050 ,52058.0,2.1706558069845174
431410 PASSO FUNDO,607,491,1098.0,431410,Passo Fundo,  4 314 100 ,206215.0,5.324539921926145
431420 PEDRO OSORIO,40,6,46.0,431420,Pedro Osório,  4 314 209 ,7484.0,6.146445750935329
431430 PEJUCARA,11,6,17.0,431430,Pejuçara,  4 314 308 ,3745.0,4.539385847797062
431440 PELOTAS,698,391,1089.0,431440,Pelotas,  4 314 407 ,325685.0,3.343721694275143
431447 PINHAL GRANDE,18,12,30.0,431447,Pinhal Grande,  4 314 472 ,3805.0,7.884362680683311
431450 PINHEIRO MACHADO,51,0,51.0,431450,Pinheiro Machado,  4 314 506 ,11214.0,4.5478865703584805
431460 PIRATINI,82,20,102.0,431460,Piratini,  4 314 605 ,17504.0,5.827239488117002
431470 PLANALTO,45,5,50.0,431470,Planalto,  4 314 704 ,10406.0,4.804920238324043
431480 PORTAO,57,0,57.0,431480,Portão,  4 314 803 ,34071.0,1.67297701857885
431490 PORTO ALEGRE,4012,2803,6815.0,431490,Porto Alegre,  4 314 902 ,1332845.0,5.1131226811819825
431500 PORTO LUCENA,40,18,58.0,431500,Porto Lucena,  4 315 008 ,4360.0,13.302752293577983
431510 PORTO XAVIER,31,19,50.0,431510,Porto Xavier,  4 315 107 ,9938.0,5.031193399074261
431515 PROGRESSO,46,3,49.0,431515,Progresso,  4 315 156 ,5340.0,9.176029962546817
431520 PUTINGA,25,5,30.0,431520,Putinga,  4 315 206 ,3747.0,8.00640512409928
431530 QUARAI,51,11,62.0,431530,Quaraí,  4 315 305 ,23500.0,2.6382978723404253
431535 QUINZE DE NOVEMBRO,14,5,19.0,431535,Quinze de Novembro,  4 315 354 ,3910.0,4.859335038363171
431550 RESTINGA SECA,43,8,51.0,431550,Restinga Sêca,  4 315 503 ,14939.0,3.4138831247071426
431560 RIO GRANDE,485,43,528.0,431560,Rio Grande,  4 315 602 ,191900.0,2.751433038040646
431570 RIO PARDO,97,0,97.0,431570,Rio Pardo,  4 315 701 ,34654.0,2.799099671033647
431575 RIOZINHO,30,3,33.0,431575,Riozinho,  4 315 750 ,4473.0,7.377598926894701
431580 ROCA SALES,26,12,38.0,431580,Roca Sales,  4 315 800 ,10418.0,3.6475331157611826
431590 RODEIO BONITO,39,12,51.0,431590,Rodeio Bonito,  4 315 909 ,6654.0,7.664562669071236
431600 ROLANTE,50,2,52.0,431600,Rolante,  4 316 006 ,21253.0,2.4467134051663293
431610 RONDA ALTA,94,16,110.0,431610,Ronda Alta,  4 316 105 ,9777.0,11.250894957553442
431620 RONDINHA,23,9,32.0,431620,Rondinha,  4 316 204 ,4991.0,6.4115407733921055
431630 ROQUE GONZALES,32,3,35.0,431630,Roque Gonzales,  4 316 303 ,6576.0,5.3223844282238435
431640 ROSARIO DO SUL,55,41,96.0,431640,Rosário do Sul,  4 316 402 ,36630.0,2.6208026208026207
431643 SALDANHA MARINHO,16,3,19.0,431643,Saldanha Marinho,  4 316 436 ,2575.0,7.378640776699029
431645 SALTO DO JACUI,23,9,32.0,431645,Salto do Jacuí,  4 316 451 ,10203.0,3.1363324512398316
431650 SALVADOR DO SUL,25,7,32.0,431650,Salvador do Sul,  4 316 501 ,6879.0,4.651838930077046
431660 SANANDUVA,48,18,66.0,431660,Sananduva,  4 316 600 ,16399.0,4.0246356485151535
431670 SANTA BARBARA DO SUL,38,13,51.0,431670,Santa Bárbara do Sul,  4 316 709 ,8122.0,6.27924156611672
431680 SANTA CRUZ DO SUL,192,125,317.0,431680,Santa Cruz do Sul,  4 316 808 ,133230.0,2.3793439915934846
431690 SANTA MARIA,517,470,987.0,431690,Santa Maria,  4 316 907 ,271735.0,3.632215209671187
431700 SANTANA DA BOA VISTA,30,0,30.0,431700,Santana da Boa Vista,  4 317 004 ,7024.0,4.271070615034168
431710 SANT'ANA DO LIVRAMENTO,95,102,197.0,431710,Sant'Ana do Livramento,  4 317 103 ,84421.0,2.3335426019592282
431720 SANTA ROSA,100,86,186.0,431720,Santa Rosa,  4 317 202 ,76963.0,2.4167457089770408
431730 SANTA VITORIA DO PALMAR,49,9,58.0,431730,Santa Vitória do Palmar,  4 317 301 ,30983.0,1.8719943194655133
431740 SANTIAGO,71,70,141.0,431740,Santiago,  4 317 400 ,48938.0,2.881196616126527
431750 SANTO ANGELO,134,81,215.0,431750,Santo Ângelo,  4 317 509 ,76917.0,2.795220822444973
431760 SANTO ANTONIO DA PATRULHA,75,7,82.0,431760,Santo Antônio da Patrulha,  4 317 608 ,42947.0,1.9093301045474653
431780 SANTO AUGUSTO,63,22,85.0,431780,Santo Augusto,  4 317 806 ,13902.0,6.114228168608833
431790 SANTO CRISTO,41,15,56.0,431790,Santo Cristo,  4 317 905 ,15320.0,3.655352480417754
431800 SAO BORJA,117,37,154.0,431800,São Borja,  4 318 002 ,59676.0,2.580601917018567
431810 SAO FRANCISCO DE ASSIS,49,15,64.0,431810,São Francisco de Assis,  4 318 101 ,17618.0,3.6326484277443525
431820 SAO FRANCISCO DE PAULA,56,6,62.0,431820,São Francisco de Paula,  4 318 200 ,21893.0,2.8319554195404923
431830 SAO GABRIEL,155,33,188.0,431830,São Gabriel,  4 318 309 ,58487.0,3.214389522457982
431840 SAO JERONIMO,228,16,244.0,431840,São Jerônimo,  4 318 408 ,21028.0,11.603576184135438
431843 SAO JOAO DO POLESINE,50,0,50.0,431843,São João do Polêsine,  4 318 432 ,2649.0,18.87504718761797
431850 SAO JOSE DO NORTE,45,8,53.0,431850,São José do Norte,  4 318 507 ,25443.0,2.0830876862005265
431860 SAO JOSE DO OURO,40,14,54.0,431860,São José do Ouro,  4 318 606 ,6834.0,7.901668129938543
431870 SAO LEOPOLDO,177,32,209.0,431870,São Leopoldo,  4 318 705 ,217409.0,0.9613217484096795
431880 SAO LOURENCO DO SUL,143,47,190.0,431880,São Lourenço do Sul,  4 318 804 ,41989.0,4.524994641453714
431890 SAO LUIZ GONZAGA,103,19,122.0,431890,São Luiz Gonzaga,  4 318 903 ,34752.0,3.5105893186003683
431900 SAO MARCOS,45,30,75.0,431900,São Marcos,  4 319 000 ,21084.0,3.5571997723392146
431910 SAO MARTINHO,37,14,51.0,431910,São Martinho,  4 319 109 ,5481.0,9.30487137383689
431915 SAO MIGUEL DAS MISSOES,32,8,40.0,431915,São Miguel das Missões,  4 319 158 ,7056.0,5.668934240362812
431930 SAO PAULO DAS MISSOES,25,11,36.0,431930,São Paulo das Missões,  4 319 307 ,5846.0,6.158056790968184
431940 SAO PEDRO DO SUL,45,10,55.0,431940,São Pedro do Sul,  4 319 406 ,15577.0,3.5308467612505616
431950 SAO SEBASTIAO DO CAI,60,31,91.0,431950,São Sebastião do Caí,  4 319 505 ,24428.0,3.7252333387915506
431960 SAO SEPE,55,10,65.0,431960,São Sepé,  4 319 604 ,21219.0,3.0632923323436545
431980 SAO VICENTE DO SUL,40,1,41.0,431980,São Vicente do Sul,  4 319 802 ,8097.0,5.06360380387798
431990 SAPIRANGA,88,39,127.0,431990,Sapiranga,  4 319 901 ,75648.0,1.6788282571912014
432000 SAPUCAIA DO SUL,185,50,235.0,432000,Sapucaia do Sul,  4 320 008 ,132107.0,1.7788610747348739
432010 SARANDI,62,16,78.0,432010,Sarandi,  4 320 107 ,22851.0,3.413417355914402
432020 SEBERI,50,16,66.0,432020,Seberi,  4 320 206 ,11950.0,5.523012552301255
432026 SEGREDO,32,2,34.0,432026,Segredo,  4 320 263 ,6009.0,5.658179397570311
432030 SELBACH,20,12,32.0,432030,Selbach,  4 320 305 ,5107.0,6.265909535931074
432040 SERAFINA CORREA,36,19,55.0,432040,Serafina Corrêa,  4 320 404 ,16961.0,3.2427333294027476
432045 SERIO,10,0,10.0,432045,Sério,  4 320 453 ,1941.0,5.151983513652756
432050 SERTAO,37,12,49.0,432050,Sertão,  4 320 503 ,5541.0,8.843169103049991
432060 SEVERIANO DE ALMEIDA,27,3,30.0,432060,Severiano de Almeida,  4 320 602 ,3406.0,8.807985907222548
432067 SINIMBU,30,18,48.0,432067,Sinimbu,  4 320 677 ,8578.0,5.59570995570063
432070 SOBRADINHO,37,70,107.0,432070,Sobradinho,  4 320 701 ,14226.0,7.521439617601574
432080 SOLEDADE,67,29,96.0,432080,Soledade,  4 320 800 ,29991.0,3.200960288086426
432090 TAPEJARA,66,25,91.0,432090,Tapejara,  4 320 909 ,24557.0,3.7056643726839598
432100 TAPERA,35,6,41.0,432100,Tapera,  4 321 006 ,10592.0,3.870845921450151
432110 TAPES,2,2,4.0,432110,Tapes,  4 321 105 ,14695.0,0.27220142905750255
432120 TAQUARA,71,0,71.0,432120,Taquara,  4 321 204 ,53242.0,1.3335336764208707
432130 TAQUARI,39,12,51.0,432130,Taquari,  4 321 303 ,25198.0,2.023970156361616
432140 TENENTE PORTELA,65,66,131.0,432140,Tenente Portela,  4 321 402 ,14497.0,9.036352348761811
432143 TERRA DE AREIA,0,3,3.0,432143,Terra de Areia,  4 321 436 ,10334.0,0.2903038513644281
432145 TEUTONIA,53,23,76.0,432145,Teutônia,  4 321 451 ,32797.0,2.3172851175412386
432150 TORRES,59,4,63.0,432150,Torres,  4 321 501 ,41751.0,1.5089458935115325
432160 TRAMANDAI,94,0,94.0,432160,Tramandaí,  4 321 600 ,54387.0,1.7283542022909888
432170 TRES COROAS,54,4,58.0,432170,Três Coroas,  4 321 709 ,24425.0,2.374616171954964
432180 TRES DE MAIO,41,28,69.0,432180,Três de Maio,  4 321 808 ,24916.0,2.7693048643441966
432190 TRES PASSOS,63,31,94.0,432190,Três Passos,  4 321 907 ,25436.0,3.6955496147192957
432195 TRINDADE DO SUL,48,0,48.0,432195,Trindade do Sul,  4 321 956 ,7556.0,6.352567496029645
432200 TRIUNFO,36,14,50.0,432200,Triunfo,  4 322 004 ,27498.0,1.8183140592043059
432210 TUCUNDUVA,22,12,34.0,432210,Tucunduva,  4 322 103 ,5542.0,6.134969325153374
432220 TUPANCIRETA,53,20,73.0,432220,Tupanciretã,  4 322 202 ,20005.0,3.649087728067983
432230 TUPARENDI,26,11,37.0,432230,Tuparendi,  4 322 301 ,8363.0,4.4242496711706325
432240 URUGUAIANA,110,43,153.0,432240,Uruguaiana,  4 322 400 ,117210.0,1.3053493729203993
432250 VACARIA,95,40,135.0,432250,Vacaria,  4 322 509 ,64197.0,2.102902004766578
432253 VALE DO SOL,29,10,39.0,432253,Vale do Sol,  4 322 533 ,9897.0,3.9405880569869653
432260 VENANCIO AIRES,71,30,101.0,432260,Venâncio Aires,  4 322 608 ,68763.0,1.468813169873333
432270 VERA CRUZ,44,5,49.0,432270,Vera Cruz,  4 322 707 ,26710.0,1.8345189067764882
432280 VERANOPOLIS,39,24,63.0,432280,Veranópolis,  4 322 806 ,24021.0,2.6227051330086173
432290 VIADUTOS,33,17,50.0,432290,Viadutos,  4 322 905 ,4769.0,10.484378276368211
432300 VIAMAO,277,10,287.0,432300,Viamão,  4 323 002 ,224112.0,1.2806096951524237
432380 XANGRI-LA,0,51,51.0,432380,Xangri-lá,  4 323 804 ,16463.0,3.097855797849723
500020 AGUA CLARA,21,0,21.0,500020,Água Clara,  5 000 203 ,16741.0,1.2544053521295024
500025 ALCINOPOLIS,10,0,10.0,500025,Alcinópolis,  5 000 252 ,4537.0,2.204099625303064
500060 AMAMBAI,70,26,96.0,500060,Amambai,  5 000 609 ,39325.0,2.4411951684678956
500070 ANASTACIO,24,1,25.0,500070,Anastácio,  5 000 708 ,24114.0,1.0367421414945674
500080 ANAURILANDIA,8,4,12.0,500080,Anaurilândia,  5 000 807 ,7653.0,1.5680125441003527
500085 ANGELICA,14,13,27.0,500085,Angélica,  5 000 856 ,10729.0,2.516543946313729
500090 ANTONIO JOAO,10,0,10.0,500090,Antônio João,  5 000 906 ,9303.0,1.074922068150059
500100 APARECIDA DO TABOADO,37,28,65.0,500100,Aparecida do Taboado,  5 001 003 ,27674.0,2.3487750234877502
500110 AQUIDAUANA,113,42,155.0,500110,Aquidauana,  5 001 102 ,46803.0,3.3117535200734998
500124 ARAL MOREIRA,9,0,9.0,500124,Aral Moreira,  5 001 243 ,10748.0,0.8373650911797543
500150 BANDEIRANTES,12,0,12.0,500150,Bandeirantes,  5 001 508 ,7940.0,1.5113350125944585
500190 BATAGUASSU,21,21,42.0,500190,Bataguassu,  5 001 904 ,23031.0,1.8236290217532891
500210 BELA VISTA,28,4,32.0,500210,Bela Vista,  5 002 100 ,21613.0,1.4805903854161848
500215 BODOQUENA,8,0,8.0,500215,Bodoquena,  5 002 159 ,8567.0,0.9338158048324968
500220 BONITO,32,0,32.0,500220,Bonito,  5 002 209 ,23659.0,1.3525508263240205
500230 BRASILANDIA,11,9,20.0,500230,Brasilândia,  5 002 308 ,11579.0,1.7272648760687452
500240 CAARAPO,20,19,39.0,500240,Caarapó,  5 002 407 ,30612.0,1.2740101920815365
500260 CAMAPUA,18,7,25.0,500260,Camapuã,  5 002 605 ,13583.0,1.840535964072738
500270 CAMPO GRANDE,1520,1055,2575.0,500270,Campo Grande,  5 002 704 ,898100.0,2.867164012916156
500280 CARACOL,13,0,13.0,500280,Caracol,  5 002 803 ,5036.0,2.5814138204924544
500290 CASSILANDIA,32,27,59.0,500290,Cassilândia,  5 002 902 ,20988.0,2.8111301696207356
500295 CHAPADAO DO SUL,50,0,50.0,500295,Chapadão do Sul,  5 002 951 ,30993.0,1.6132675120188429
500315 CORONEL SAPUCAIA,9,0,9.0,500315,Coronel Sapucaia,  5 003 157 ,14289.0,0.6298551333193366
500320 CORUMBA,147,66,213.0,500320,Corumbá,  5 003 207 ,96268.0,2.212573233057714
500325 COSTA RICA,45,14,59.0,500325,Costa Rica,  5 003 256 ,26037.0,2.266006068287437
500330 COXIM,65,28,93.0,500330,Coxim,  5 003 306 ,32151.0,2.8926005411962303
500345 DEODAPOLIS,12,0,12.0,500345,Deodápolis,  5 003 454 ,13663.0,0.8782844177706214
500348 DOIS IRMAOS DO BURITI,13,0,13.0,500348,Dois Irmãos do Buriti,  5 003 488 ,11100.0,1.1711711711711712
500370 DOURADOS,343,189,532.0,500370,Dourados,  5 003 702 ,243367.0,2.18599892343662
500375 ELDORADO,34,53,87.0,500375,Eldorado,  5 003 751 ,11386.0,7.640962585631478
500380 FATIMA DO SUL,56,10,66.0,500380,Fátima do Sul,  5 003 801 ,20609.0,3.202484351496919
500390 FIGUEIRAO,9,0,9.0,500390,Figueirão,  5 003 900 ,3539.0,2.5430912687199774
500400 GLORIA DE DOURADOS,10,2,12.0,500400,Glória de Dourados,  5 004 007 ,10444.0,1.1489850631941785
500410 GUIA LOPES DA LAGUNA,16,10,26.0,500410,Guia Lopes da Laguna,  5 004 106 ,9940.0,2.61569416498994
500430 IGUATEMI,32,6,38.0,500430,Iguatemi,  5 004 304 ,13808.0,2.7520278099652375
500440 INOCENCIA,13,0,13.0,500440,Inocência,  5 004 403 ,8404.0,1.5468824369347929
500450 ITAPORA,22,0,22.0,500450,Itaporã,  5 004 502 ,24137.0,0.9114637278866471
500460 ITAQUIRAI,14,13,27.0,500460,Itaquiraí,  5 004 601 ,19423.0,1.390104515265407
500470 IVINHEMA,32,0,32.0,500470,Ivinhema,  5 004 700 ,27821.0,1.1502102728154993
500500 JARDIM,37,6,43.0,500500,Jardim,  5 005 004 ,23981.0,1.793086193236312
500510 JATEI,19,2,21.0,500510,Jateí,  5 005 103 ,3586.0,5.856107083100948
500515 JUTI,9,0,9.0,500515,Juti,  5 005 152 ,6729.0,1.3374944271065536
500520 LADARIO,0,10,10.0,500520,Ladário,  5 005 202 ,21522.0,0.46464083263637207
500525 LAGUNA CARAPA,6,0,6.0,500525,Laguna Carapã,  5 005 251 ,6799.0,0.8824827180467716
500540 MARACAJU,44,10,54.0,500540,Maracaju,  5 005 400 ,45047.0,1.1987479743379137
500560 MIRANDA,23,0,23.0,500560,Miranda,  5 005 608 ,25536.0,0.9006892230576441
500568 MUNDO NOVO,42,6,48.0,500568,Mundo Novo,  5 005 681 ,19193.0,2.500911790757047
500570 NAVIRAI,86,17,103.0,500570,Naviraí,  5 005 707 ,50457.0,2.041342132905246
500580 NIOAQUE,6,0,6.0,500580,Nioaque,  5 005 806 ,13220.0,0.45385779122541603
500600 NOVA ALVORADA DO SUL,24,0,24.0,500600,Nova Alvorada do Sul,  5 006 002 ,21822.0,1.0998075336816058
500620 NOVA ANDRADINA,73,34,107.0,500620,Nova Andradina,  5 006 200 ,48563.0,2.2033235179045776
500625 NOVO HORIZONTE DO SUL,12,5,17.0,500625,Novo Horizonte do Sul,  5 006 259 ,4721.0,3.600932005930947
500630 PARANAIBA,149,52,201.0,500630,Paranaíba,  5 006 309 ,40957.0,4.907586004834338
500635 PARANHOS,15,0,15.0,500635,Paranhos,  5 006 358 ,12921.0,1.1609008590666356
500640 PEDRO GOMES,34,0,34.0,500640,Pedro Gomes,  5 006 408 ,6941.0,4.8984296210920615
500660 PONTA PORA,117,34,151.0,500660,Ponta Porã,  5 006 606 ,92017.0,1.6410011193583796
500690 PORTO MURTINHO,16,0,16.0,500690,Porto Murtinho,  5 006 903 ,12859.0,1.2442647173186097
500710 RIBAS DO RIO PARDO,16,0,16.0,500710,Ribas do Rio Pardo,  5 007 109 ,23150.0,0.6911447084233262
500720 RIO BRILHANTE,54,5,59.0,500720,Rio Brilhante,  5 007 208 ,37601.0,1.5691072045956225
500730 RIO NEGRO,7,14,21.0,500730,Rio Negro,  5 007 307 ,4841.0,4.337946705226193
500740 RIO VERDE DE MATO GROSSO,25,0,25.0,500740,Rio Verde de Mato Grosso,  5 007 406 ,19818.0,1.2614794631143404
500750 ROCHEDO,7,0,7.0,500750,Rochedo,  5 007 505 ,5199.0,1.3464127716868628
500755 SANTA RITA DO PARDO,8,0,8.0,500755,Santa Rita do Pardo,  5 007 554 ,7027.0,1.1384659171766045
500769 SAO GABRIEL DO OESTE,45,0,45.0,500769,São Gabriel do Oeste,  5 007 695 ,29579.0,1.5213496061394909
500770 SETE QUEDAS,18,0,18.0,500770,Sete Quedas,  5 007 703 ,10994.0,1.637256685464799
500790 SIDROLANDIA,25,12,37.0,500790,Sidrolândia,  5 007 901 ,47118.0,0.7852625323655503
500793 SONORA,10,12,22.0,500793,Sonora,  5 007 935 ,14516.0,1.5155690272802425
500795 TACURU,8,0,8.0,500795,Tacuru,  5 007 950 ,10808.0,0.7401924500370096
500797 TAQUARUSSU,6,0,6.0,500797,Taquarussu,  5 007 976 ,3625.0,1.6551724137931034
500830 TRES LAGOAS,166,85,251.0,500830,Três Lagoas,  5 008 305 ,132152.0,1.8993280464919184
500840 VICENTINA,7,0,7.0,500840,Vicentina,  5 008 404 ,6336.0,1.1047979797979797
510020 AGUA BOA,67,15,82.0,510020,Água Boa,  5 100 201 ,29219.0,2.8063931003798896
510025 ALTA FLORESTA,74,140,214.0,510025,Alta Floresta,  5 100 250 ,58613.0,3.65106716939928
510030 ALTO ARAGUAIA,23,76,99.0,510030,Alto Araguaia,  5 100 300 ,17193.0,5.758157389635317
510060 ALTO TAQUARI,19,5,24.0,510060,Alto Taquari,  5 100 607 ,10904.0,2.201027146001467
510080 APIACAS,31,0,31.0,510080,Apiacás,  5 100 805 ,8590.0,3.608847497089639
510100 ARAGUAIANA,12,0,12.0,510100,Araguaiana,  5 101 001 ,3795.0,3.1620553359683794
510125 ARAPUTANGA,16,3,19.0,510125,Araputanga,  5 101 258 ,14786.0,1.2849993236845665
510130 ARENAPOLIS,40,0,40.0,510130,Arenápolis,  5 101 308 ,10576.0,3.7821482602118004
510140 ARIPUANA,27,4,31.0,510140,Aripuanã,  5 101 407 ,24626.0,1.258832128644522
510160 BARAO DE MELGACO,11,0,11.0,510160,Barão de Melgaço,  5 101 605 ,7253.0,1.5166138149731145
510170 BARRA DO BUGRES,34,0,34.0,510170,Barra do Bugres,  5 101 704 ,29403.0,1.1563445906880252
510180 BARRA DO GARCAS,72,47,119.0,510180,Barra do Garças,  5 101 803 ,69210.0,1.7194047103019794
510190 BRASNORTE,31,0,31.0,510190,Brasnorte,  5 101 902 ,17004.0,1.823100446953658
510250 CACERES,222,32,254.0,510250,Cáceres,  5 102 504 ,89681.0,2.8322610140386484
510260 CAMPINAPOLIS,26,0,26.0,510260,Campinápolis,  5 102 603 ,15347.0,1.6941421776242913
510263 CAMPO NOVO DO PARECIS,28,1,29.0,510263,Campo Novo do Parecis,  5 102 637 ,45899.0,0.6318220440532474
510267 CAMPO VERDE,51,26,77.0,510267,Campo Verde,  5 102 678 ,44585.0,1.7270382415610632
510268 CAMPOS DE JULIO,16,0,16.0,510268,Campos de Júlio,  5 102 686 ,8822.0,1.8136476989344819
510269 CANABRAVA DO NORTE,5,0,5.0,510269,Canabrava do Norte,  5 102 694 ,4485.0,1.1148272017837235
510270 CANARANA,29,19,48.0,510270,Canarana,  5 102 702 ,25858.0,1.8562920566169079
510279 CARLINDA,1,0,1.0,510279,Carlinda,  5 102 793 ,10332.0,0.09678668215253582
510305 CLAUDIA,33,0,33.0,510305,Cláudia,  5 103 056 ,9593.0,3.440008339414156
510310 COCALINHO,16,0,16.0,510310,Cocalinho,  5 103 106 ,6220.0,2.572347266881029
510320 COLIDER,96,29,125.0,510320,Colíder,  5 103 205 ,31370.0,3.984698756773988
510325 COLNIZA,28,0,28.0,510325,Colniza,  5 103 254 ,25766.0,1.0867034075913995
510330 COMODORO,51,11,62.0,510330,Comodoro,  5 103 304 ,18238.0,3.3994955587235443
510335 CONFRESA,46,7,53.0,510335,Confresa,  5 103 353 ,35075.0,1.511047754811119
510337 COTRIGUACU,33,0,33.0,510337,Cotriguaçu,  5 103 379 ,11011.0,2.997002997002997
510340 CUIABA,1209,557,1766.0,510340,Cuiabá,  5 103 403 ,650877.0,2.7132622599968967
510350 DIAMANTINO,37,9,46.0,510350,Diamantino,  5 103 502 ,21941.0,2.0965316074928215
510360 DOM AQUINO,15,5,20.0,510360,Dom Aquino,  5 103 601 ,7872.0,2.540650406504065
510385 GAUCHA DO NORTE,17,0,17.0,510385,Gaúcha do Norte,  5 103 858 ,8642.0,1.967137236750752
510390 GENERAL CARNEIRO,15,0,15.0,510390,General Carneiro,  5 103 908 ,6037.0,2.484677820109326
510410 GUARANTA DO NORTE,36,14,50.0,510410,Guarantã do Norte,  5 104 104 ,31024.0,1.6116554925219184
510420 GUIRATINGA,18,4,22.0,510420,Guiratinga,  5 104 203 ,10966.0,2.0062009848623017
510455 ITAUBA,16,0,16.0,510455,Itaúba,  5 104 559 ,5020.0,3.1872509960159365
510460 ITIQUIRA,35,0,35.0,510460,Itiquira,  5 104 609 ,12236.0,2.860411899313501
510480 JACIARA,50,10,60.0,510480,Jaciara,  5 104 807 ,28569.0,2.10017851517379
510500 JAURU,32,5,37.0,510500,Jauru,  5 105 002 ,8367.0,4.422134576311701
510510 JUARA,42,31,73.0,510510,Juara,  5 105 101 ,34906.0,2.091331003265914
510515 JUINA,66,57,123.0,510515,Juína,  5 105 150 ,45869.0,2.68154963046938
510517 JURUENA,18,0,18.0,510517,Juruena,  5 105 176 ,10213.0,1.7624596103005972
510520 JUSCIMEIRA,21,0,21.0,510520,Juscimeira,  5 105 200 ,11480.0,1.829268292682927
510525 LUCAS DO RIO VERDE,67,36,103.0,510525,Lucas do Rio Verde,  5 105 259 ,83798.0,1.2291462803408195
510550 VILA BELA DA SANTISSIMA TRINDADE,39,7,46.0,510550,Vila Bela da Santíssima Trindade,  5 105 507 ,16774.0,2.742339334684631
510558 MARCELANDIA,24,0,24.0,510558,Marcelândia,  5 105 580 ,11396.0,2.106002106002106
510560 MATUPA,26,18,44.0,510560,Matupá,  5 105 606 ,20091.0,2.19003533920661
510562 MIRASSOL D'OESTE,78,11,89.0,510562,Mirassol d'Oeste,  5 105 622 ,26785.0,3.3227552734739594
510590 NOBRES,34,7,41.0,510590,Nobres,  5 105 903 ,15492.0,2.6465272398657373
510600 NORTELANDIA,30,0,30.0,510600,Nortelândia,  5 106 000 ,5956.0,5.0369375419744795
510610 NOSSA SENHORA DO LIVRAMENTO,16,0,16.0,510610,Nossa Senhora do Livramento,  5 106 109 ,12940.0,1.2364760432766615
510615 NOVA BANDEIRANTES,14,0,14.0,510615,Nova Bandeirantes,  5 106 158 ,13635.0,1.0267693436010268
510620 NOVA BRASILANDIA,13,0,13.0,510620,Nova Brasilândia,  5 106 208 ,3932.0,3.306205493387589
510621 NOVA CANAA DO NORTE,5,0,5.0,510621,Nova Canaã do Norte,  5 106 216 ,11707.0,0.42709490048688814
510622 NOVA MUTUM,69,29,98.0,510622,Nova Mutum,  5 106 224 ,55839.0,1.7550457565500814
510623 NOVA OLIMPIA,34,16,50.0,510623,Nova Olímpia,  5 106 232 ,16352.0,3.057729941291585
510625 NOVA XAVANTINA,18,0,18.0,510625,Nova Xavantina,  5 106 257 ,24345.0,0.7393715341959334
510627 NOVO HORIZONTE DO NORTE,14,0,14.0,510627,Novo Horizonte do Norte,  5 106 273 ,3349.0,4.180352343983278
510628 NOVO SAO JOAQUIM,28,0,28.0,510628,Novo São Joaquim,  5 106 281 ,6919.0,4.046827576239341
510629 PARANAITA,41,0,41.0,510629,Paranaíta,  5 106 299 ,11671.0,3.512980892811241
510630 PARANATINGA,35,0,35.0,510630,Paranatinga,  5 106 307 ,26423.0,1.3246035650758807
510637 PEDRA PRETA,31,0,31.0,510637,Pedra Preta,  5 106 372 ,18066.0,1.7159304771393777
510642 PEIXOTO DE AZEVEDO,52,0,52.0,510642,Peixoto de Azevedo,  5 106 422 ,32714.0,1.5895335330439568
510650 POCONE,58,6,64.0,510650,Poconé,  5 106 505 ,31217.0,2.0501649742127688
510670 PONTE BRANCA,21,0,21.0,510670,Ponte Branca,  5 106 703 ,2008.0,10.45816733067729
510675 PONTES E LACERDA,67,20,87.0,510675,Pontes e Lacerda,  5 106 752 ,52018.0,1.6724979814679533
510677 PORTO ALEGRE DO NORTE,18,0,18.0,510677,Porto Alegre do Norte,  5 106 778 ,12127.0,1.484291250927682
510680 PORTO DOS GAUCHOS,19,0,19.0,510680,Porto dos Gaúchos,  5 106 802 ,5593.0,3.3971035222599677
510682 PORTO ESPERIDIAO,4,0,4.0,510682,Porto Esperidião,  5 106 828 ,10204.0,0.3920031360250882
510700 POXOREO,64,11,75.0,510700,Poxoréu,  5 107 008 ,23283.0,3.2212343770132716
510704 PRIMAVERA DO LESTE,100,95,195.0,510704,Primavera do Leste,  5 107 040 ,85146.0,2.290183919385526
510706 QUERENCIA,36,5,41.0,510706,Querência,  5 107 065 ,26769.0,1.53162239904367
510710 SAO JOSE DOS QUATRO MARCOS,22,9,31.0,510710,São José dos Quatro Marcos,  5 107 107 ,17849.0,1.7367919771415765
510718 RIBEIRAO CASCALHEIRA,33,4,37.0,510718,Ribeirão Cascalheira,  5 107 180 ,10089.0,3.6673604916245415
510719 RIBEIRAOZINHO,15,0,15.0,510719,Ribeirãozinho,  5 107 198 ,2593.0,5.784805244890089
510720 RIO BRANCO,18,0,18.0,510720,Rio Branco,  5 107 206 ,4535.0,3.9691289966923926
510730 SAO JOSE DO RIO CLARO,22,0,22.0,510730,São José do Rio Claro,  5 107 305 ,14911.0,1.47542083025954
510760 RONDONOPOLIS,502,103,605.0,510760,Rondonópolis,  5 107 602 ,244911.0,2.4702851239838144
510770 ROSARIO OESTE,79,0,79.0,510770,Rosário Oeste,  5 107 701 ,15453.0,5.112275933475701
510774 SANTA CRUZ DO XINGU,4,5,9.0,510774,Santa Cruz do Xingu,  5 107 743 ,2661.0,3.3821871476888385
510775 SALTO DO CEU,14,0,14.0,510775,Salto do Céu,  5 107 750 ,3679.0,3.8053818972546885
510777 SANTA TEREZINHA,22,0,22.0,510777,Santa Terezinha,  5 107 776 ,7596.0,2.8962611901000526
510780 SANTO ANTONIO DO LEVERGER,20,0,20.0,510780,Santo Antônio de Leverger,  5 107 800 ,15246.0,1.3118194936376755
510785 SAO FELIX DO ARAGUAIA,28,0,28.0,510785,São Félix do Araguaia,  5 107 859 ,13621.0,2.0556493649511784
510787 SAPEZAL,33,19,52.0,510787,Sapezal,  5 107 875 ,28944.0,1.7965726920950802
510790 SINOP,180,157,337.0,510790,Sinop,  5 107 909 ,196312.0,1.7166551204205551
510792 SORRISO,145,68,213.0,510792,Sorriso,  5 107 925 ,110635.0,1.92524969494283
510794 TABAPORA,14,0,14.0,510794,Tabaporã,  5 107 941 ,9818.0,1.425952332450601
510795 TANGARA DA SERRA,83,108,191.0,510795,Tangará da Serra,  5 107 958 ,106434.0,1.7945393389330477
510800 TAPURAH,20,0,20.0,510800,Tapurah,  5 108 006 ,14370.0,1.3917884481558804
510805 TERRA NOVA DO NORTE,37,0,37.0,510805,Terra Nova do Norte,  5 108 055 ,10616.0,3.4853051996985682
510810 TESOURO,14,0,14.0,510810,Tesouro,  5 108 105 ,3025.0,4.62809917355372
510820 TORIXOREU,23,1,24.0,510820,Torixoréu,  5 108 204 ,4164.0,5.763688760806916
510840 VARZEA GRANDE,447,76,523.0,510840,Várzea Grande,  5 108 402 ,300078.0,1.7428801844853672
510860 VILA RICA,21,0,21.0,510860,Vila Rica,  5 108 600 ,19888.0,1.0559131134352373
510895 NOVA MONTE VERDE,13,0,13.0,510895,Nova Monte Verde,  5 108 956 ,8313.0,1.563815710333213
520010 ABADIANIA,9,0,9.0,520010,Abadiânia,  5 200 100 ,17232.0,0.5222841225626741
520013 ACREUNA,38,34,72.0,520013,Acreúna,  5 200 134 ,21568.0,3.3382789317507418
520017 AGUA FRIA DE GOIAS,5,0,5.0,520017,Água Fria de Goiás,  5 200 175 ,4954.0,1.0092854259184498
520025 AGUAS LINDAS DE GOIAS,51,1,52.0,520025,Águas Lindas de Goiás,  5 200 258 ,225693.0,0.23040147456943724
520030 ALEXANIA,34,0,34.0,520030,Alexânia,  5 200 308 ,27008.0,1.2588862559241707
520050 ALOANDIA,14,0,14.0,520050,Aloândia,  5 200 506 ,1973.0,7.095793208312215
520055 ALTO HORIZONTE,24,0,24.0,520055,Alto Horizonte,  5 200 555 ,6072.0,3.952569169960474
520060 ALTO PARAISO DE GOIAS,12,0,12.0,520060,Alto Paraíso de Goiás,  5 200 605 ,10306.0,1.1643702697457792
520080 ALVORADA DO NORTE,32,0,32.0,520080,Alvorada do Norte,  5 200 803 ,8446.0,3.788775751835188
520085 AMERICANO DO BRASIL,17,0,17.0,520085,Americano do Brasil,  5 200 852 ,5259.0,3.232553717436775
520090 AMORINOPOLIS,13,0,13.0,520090,Amorinópolis,  5 200 902 ,3007.0,4.323245759893582
520110 ANAPOLIS,586,488,1074.0,520110,Anápolis,  5 201 108 ,398869.0,2.692613364287523
520130 ANICUNS,20,0,20.0,520130,Anicuns,  5 201 306 ,18503.0,1.080905799059612
520140 APARECIDA DE GOIANIA,991,259,1250.0,520140,Aparecida de Goiânia,  5 201 405 ,527796.0,2.368339282601611
520150 APORE,18,0,18.0,520150,Aporé,  5 201 504 ,4325.0,4.161849710982659
520160 ARACU,17,0,17.0,520160,Araçu,  5 201 603 ,3799.0,4.474861805738352
520170 ARAGARCAS,33,0,33.0,520170,Aragarças,  5 201 702 ,18390.0,1.7944535073409462
520180 ARAGOIANIA,7,0,7.0,520180,Aragoiânia,  5 201 801 ,11890.0,0.5887300252312868
520215 ARAGUAPAZ,10,0,10.0,520215,Araguapaz,  5 202 155 ,7153.0,1.398014818957081
520235 ARENOPOLIS,14,0,14.0,520235,Arenópolis,  5 202 353 ,2946.0,4.752206381534283
520250 ARUANA,15,0,15.0,520250,Aruanã,  5 202 502 ,8300.0,1.8072289156626506
520280 AVELINOPOLIS,12,0,12.0,520280,Avelinópolis,  5 202 809 ,2868.0,4.184100418410042
520310 BALIZA,6,0,6.0,520310,Baliza,  5 203 104 ,3351.0,1.7905102954341987
520320 BARRO ALTO,22,0,22.0,520320,Barro Alto,  5 203 203 ,10371.0,2.1212997782277507
520330 BELA VISTA DE GOIAS,52,0,52.0,520330,Bela Vista de Goiás,  5 203 302 ,34445.0,1.5096530701117725
520340 BOM JARDIM DE GOIAS,23,0,23.0,520340,Bom Jardim de Goiás,  5 203 401 ,7826.0,2.9389215435727065
520350 BOM JESUS DE GOIAS,22,0,22.0,520350,Bom Jesus de Goiás,  5 203 500 ,23958.0,0.9182736455463728
520355 BONFINOPOLIS,2,0,2.0,520355,Bonfinópolis,  5 203 559 ,10296.0,0.19425019425019424
520380 BRITANIA,24,0,24.0,520380,Britânia,  5 203 807 ,5695.0,4.214223002633889
520390 BURITI ALEGRE,25,7,32.0,520390,Buriti Alegre,  5 203 906 ,10495.0,3.049070986183897
520393 BURITI DE GOIAS,14,0,14.0,520393,Buriti de Goiás,  5 203 939 ,2732.0,5.124450951683748
520400 CABECEIRAS,12,0,12.0,520400,Cabeceiras,  5 204 003 ,7560.0,1.5873015873015872
520410 CACHOEIRA ALTA,44,0,44.0,520410,Cachoeira Alta,  5 204 102 ,11513.0,3.8217666985147227
520425 CACHOEIRA DOURADA,18,0,18.0,520425,Cachoeira Dourada,  5 204 250 ,7782.0,2.3130300693909023
520430 CACU,28,8,36.0,520430,Caçu,  5 204 300 ,13774.0,2.6136198635109626
520440 CAIAPONIA,46,0,46.0,520440,Caiapônia,  5 204 409 ,16513.0,2.785684006540302
520450 CALDAS NOVAS,104,53,157.0,520450,Caldas Novas,  5 204 508 ,98622.0,1.5919368903490094
520465 CAMPINACU,29,0,29.0,520465,Campinaçu,  5 204 656 ,3708.0,7.820927723840345
520470 CAMPINORTE,12,0,12.0,520470,Campinorte,  5 204 706 ,12510.0,0.9592326139088729
520480 CAMPO ALEGRE DE GOIAS,18,0,18.0,520480,Campo Alegre de Goiás,  5 204 805 ,7422.0,2.425222312045271
520490 CAMPOS BELOS,29,14,43.0,520490,Campos Belos,  5 204 904 ,18108.0,2.3746410426330904
520500 CARMO DO RIO VERDE,17,0,17.0,520500,Carmo do Rio Verde,  5 205 000 ,9710.0,1.7507723995880535
520505 CASTELANDIA,15,0,15.0,520505,Castelândia,  5 205 059 ,2985.0,5.025125628140704
520510 CATALAO,143,125,268.0,520510,Catalão,  5 205 109 ,114427.0,2.3421045732213552
520520 CATURAI,18,0,18.0,520520,Caturaí,  5 205 208 ,5184.0,3.472222222222222
520530 CAVALCANTE,16,0,16.0,520530,Cavalcante,  5 205 307 ,9583.0,1.6696232912449127
520540 CERES,132,180,312.0,520540,Ceres,  5 205 406 ,22046.0,14.152227161389822
520545 CEZARINA,15,0,15.0,520545,Cezarina,  5 205 455 ,8090.0,1.854140914709518
520547 CHAPADAO DO CEU,21,3,24.0,520547,Chapadão do Céu,  5 205 471 ,12870.0,1.8648018648018647
520549 CIDADE OCIDENTAL,35,26,61.0,520549,Cidade Ocidental,  5 205 497 ,91767.0,0.6647269715693005
520551 COCALZINHO DE GOIAS,22,0,22.0,520551,Cocalzinho de Goiás,  5 205 513 ,25016.0,0.8794371602174608
520552 COLINAS DO SUL,12,0,12.0,520552,Colinas do Sul,  5 205 521 ,4030.0,2.977667493796526
520570 CORREGO DO OURO,16,0,16.0,520570,Córrego do Ouro,  5 205 703 ,2454.0,6.519967400162999
520580 CORUMBA DE GOIAS,14,67,81.0,520580,Corumbá de Goiás,  5 205 802 ,10562.0,7.669002082938838
520590 CORUMBAIBA,27,0,27.0,520590,Corumbaíba,  5 205 901 ,9164.0,2.9463116542994325
520620 CRISTALINA,42,13,55.0,520620,Cristalina,  5 206 206 ,62337.0,0.8823010411152286
520630 CRISTIANOPOLIS,8,0,8.0,520630,Cristianópolis,  5 206 305 ,3504.0,2.28310502283105
520640 CRIXAS,60,26,86.0,520640,Crixás,  5 206 404 ,17065.0,5.039554644008204
520650 CROMINIA,11,0,11.0,520650,Cromínia,  5 206 503 ,3883.0,2.8328611898017
520660 CUMARI,14,0,14.0,520660,Cumari,  5 206 602 ,2927.0,4.7830543218312265
520670 DAMIANOPOLIS,13,0,13.0,520670,Damianópolis,  5 206 701 ,3770.0,3.4482758620689653
520680 DAMOLANDIA,15,0,15.0,520680,Damolândia,  5 206 800 ,2724.0,5.506607929515419
520710 DIORAMA,14,0,14.0,520710,Diorama,  5 207 105 ,2062.0,6.789524733268672
520725 DOVERLANDIA,24,0,24.0,520725,Doverlândia,  5 207 253 ,6956.0,3.4502587694077054
520735 EDEALINA,10,0,10.0,520735,Edealina,  5 207 352 ,4001.0,2.4993751562109474
520740 EDEIA,25,1,26.0,520740,Edéia,  5 207 402 ,11747.0,2.2133310632501915
520750 ESTRELA DO NORTE,18,0,18.0,520750,Estrela do Norte,  5 207 501 ,3205.0,5.616224648985959
520753 FAINA,19,0,19.0,520753,Faina,  5 207 535 ,7070.0,2.6874115983026874
520760 FAZENDA NOVA,16,0,16.0,520760,Fazenda Nova,  5 207 600 ,5877.0,2.72247745448358
520780 FIRMINOPOLIS,32,11,43.0,520780,Firminópolis,  5 207 808 ,10419.0,4.127075535080142
520790 FLORES DE GOIAS,7,0,7.0,520790,Flores de Goiás,  5 207 907 ,13744.0,0.509313154831199
520800 FORMOSA,76,72,148.0,520800,Formosa,  5 208 004 ,115901.0,1.2769518813470118
520810 FORMOSO,25,0,25.0,520810,Formoso,  5 208 103 ,4660.0,5.364806866952789
520830 DIVINOPOLIS DE GOIAS,24,0,24.0,520830,Divinópolis de Goiás,  5 208 301 ,4457.0,5.384787973973524
520840 GOIANAPOLIS,16,0,16.0,520840,Goianápolis,  5 208 400 ,13967.0,1.1455573852652683
520850 GOIANDIRA,26,7,33.0,520850,Goiandira,  5 208 509 ,4973.0,6.635833500904886
520860 GOIANESIA,135,75,210.0,520860,Goianésia,  5 208 608 ,73707.0,2.849118808254304
520870 GOIANIA,3311,3644,6955.0,520870,Goiânia,  5 208 707 ,1437366.0,4.838711921667829
520880 GOIANIRA,27,25,52.0,520880,Goianira,  5 208 806 ,71916.0,0.7230657989877078
520890 GOIAS,27,6,33.0,520890,Goiás,  5 208 905 ,24071.0,1.3709442898093143
520910 GOIATUBA,66,76,142.0,520910,Goiatuba,  5 209 101 ,35664.0,3.981606101390758
520929 GUARAITA,10,0,10.0,520929,Guaraíta,  5 209 291 ,2188.0,4.570383912248629
520960 HEITORAI,10,0,10.0,520960,Heitoraí,  5 209 606 ,3354.0,2.9815146094215863
520970 HIDROLANDIA,21,0,21.0,520970,Hidrolândia,  5 209 705 ,27742.0,0.7569749837791075
520980 HIDROLINA,28,0,28.0,520980,Hidrolina,  5 209 804 ,3545.0,7.898448519040903
520990 IACIARA,17,0,17.0,520990,Iaciara,  5 209 903 ,10584.0,1.6061980347694635
520993 INACIOLANDIA,16,0,16.0,520993,Inaciolândia,  5 209 937 ,5954.0,2.6872690628149143
520995 INDIARA,20,31,51.0,520995,Indiara,  5 209 952 ,17061.0,2.989273782310533
521000 INHUMAS,60,45,105.0,521000,Inhumas,  5 210 000 ,52204.0,2.0113401271933187
521010 IPAMERI,115,26,141.0,521010,Ipameri,  5 210 109 ,25548.0,5.5190230155002356
521020 IPORA,38,81,119.0,521020,Iporá,  5 210 208 ,35684.0,3.3348279340881066
521030 ISRAELANDIA,8,0,8.0,521030,Israelândia,  5 210 307 ,2560.0,3.125
521040 ITABERAI,31,38,69.0,521040,Itaberaí,  5 210 406 ,44734.0,1.5424509321768678
521060 ITAGUARU,10,0,10.0,521060,Itaguaru,  5 210 604 ,4904.0,2.039151712887439
521080 ITAJA,18,0,18.0,521080,Itajá,  5 210 802 ,4380.0,4.10958904109589
521090 ITAPACI,41,0,41.0,521090,Itapaci,  5 210 901 ,21087.0,1.94432588798786
521100 ITAPIRAPUA,23,0,23.0,521100,Itapirapuã,  5 211 008 ,8007.0,2.8724865742475334
521120 ITAPURANGA,81,10,91.0,521120,Itapuranga,  5 211 206 ,26113.0,3.484854287136675
521130 ITARUMA,17,0,17.0,521130,Itarumã,  5 211 305 ,6101.0,2.7864284543517455
521140 ITAUCU,18,0,18.0,521140,Itauçu,  5 211 404 ,7736.0,2.326783867631851
521150 ITUMBIARA,251,40,291.0,521150,Itumbiara,  5 211 503 ,107970.0,2.695193109196999
521160 IVOLANDIA,16,0,16.0,521160,Ivolândia,  5 211 602 ,2693.0,5.941329372447085
521170 JANDAIA,13,0,13.0,521170,Jandaia,  5 211 701 ,6272.0,2.0727040816326534
521180 JARAGUA,72,8,80.0,521180,Jaraguá,  5 211 800 ,45223.0,1.769011343785242
521190 JATAI,105,74,179.0,521190,Jataí,  5 211 909 ,105729.0,1.6930075948888195
521200 JAUPACI,10,0,10.0,521200,Jaupaci,  5 212 006 ,2924.0,3.4199726402188784
521210 JOVIANIA,18,0,18.0,521210,Joviânia,  5 212 105 ,7159.0,2.514317642128789
521220 JUSSARA,29,38,67.0,521220,Jussara,  5 212 204 ,19620.0,3.4148827726809374
521250 LUZIANIA,122,81,203.0,521250,Luziânia,  5 212 501 ,209129.0,0.9706927303243452
521260 MAIRIPOTABA,13,0,13.0,521260,Mairipotaba,  5 212 600 ,2561.0,5.076142131979695
521270 MAMBAI,15,0,15.0,521270,Mambaí,  5 212 709 ,8124.0,1.846381093057607
521280 MARA ROSA,18,26,44.0,521280,Mara Rosa,  5 212 808 ,10700.0,4.11214953271028
521290 MARZAGAO,24,0,24.0,521290,Marzagão,  5 212 907 ,2758.0,8.701957940536621
521295 MATRINCHA,14,0,14.0,521295,Matrinchã,  5 212 956 ,4042.0,3.463631865413162
521300 MAURILANDIA,12,0,12.0,521300,Maurilândia,  5 213 004 ,10304.0,1.1645962732919255
521308 MINACU,51,53,104.0,521308,Minaçu,  5 213 087 ,27075.0,3.84118190212373
521310 MINEIROS,179,80,259.0,521310,Mineiros,  5 213 103 ,70081.0,3.6957235199269416
521350 MONTE ALEGRE DE GOIAS,16,0,16.0,521350,Monte Alegre de Goiás,  5 213 509 ,6692.0,2.390914524805738
521370 MONTES CLAROS DE GOIAS,24,0,24.0,521370,Montes Claros de Goiás,  5 213 707 ,8756.0,2.740977615349475
521375 MONTIVIDIU,18,0,18.0,521375,Montividiu,  5 213 756 ,12521.0,1.4375848574395016
521380 MORRINHOS,66,32,98.0,521380,Morrinhos,  5 213 806 ,51351.0,1.9084341103386497
521385 MORRO AGUDO DE GOIAS,19,0,19.0,521385,Morro Agudo de Goiás,  5 213 855 ,2456.0,7.736156351791531
521390 MOSSAMEDES,20,0,20.0,521390,Mossâmedes,  5 213 905 ,4654.0,4.297378599054577
521400 MOZARLANDIA,20,0,20.0,521400,Mozarlândia,  5 214 002 ,14750.0,1.3559322033898307
521405 MUNDO NOVO,18,0,18.0,521405,Mundo Novo,  5 214 051 ,6189.0,2.90838584585555
521410 MUTUNOPOLIS,19,0,19.0,521410,Mutunópolis,  5 214 101 ,3564.0,5.331088664421998
521440 NAZARIO,16,0,16.0,521440,Nazário,  5 214 408 ,8189.0,1.9538405177677372
521450 NEROPOLIS,56,65,121.0,521450,Nerópolis,  5 214 507 ,31932.0,3.789302267318051
521460 NIQUELANDIA,58,45,103.0,521460,Niquelândia,  5 214 606 ,34964.0,2.9458871982610684
521470 NOVA AMERICA,4,0,4.0,521470,Nova América,  5 214 705 ,2337.0,1.7115960633290543
521483 NOVA CRIXAS,45,0,45.0,521483,Nova Crixás,  5 214 838 ,12815.0,3.5115099492781896
521500 NOVA VENEZA,5,0,5.0,521500,Nova Veneza,  5 215 009 ,9481.0,0.5273705305347537
521520 NOVO BRASIL,10,0,10.0,521520,Novo Brasil,  5 215 207 ,3527.0,2.835270768358378
521523 NOVO GAMA,21,0,21.0,521523,Novo Gama,  5 215 231 ,103804.0,0.20230434279989212
521530 ORIZONA,19,9,28.0,521530,Orizona,  5 215 306 ,16399.0,1.7074211842185498
521550 OUVIDOR,31,0,31.0,521550,Ouvidor,  5 215 504 ,7200.0,4.305555555555555
521560 PADRE BERNARDO,28,1,29.0,521560,Padre Bernardo,  5 215 603 ,34967.0,0.8293533903394629
521565 PALESTINA DE GOIAS,19,0,19.0,521565,Palestina de Goiás,  5 215 652 ,3132.0,6.066411238825031
521570 PALMEIRAS DE GOIAS,37,27,64.0,521570,Palmeiras de Goiás,  5 215 702 ,31858.0,2.00891455835269
521580 PALMELO,9,0,9.0,521580,Palmelo,  5 215 801 ,2259.0,3.9840637450199203
521590 PALMINOPOLIS,19,0,19.0,521590,Palminópolis,  5 215 900 ,3851.0,4.933783432874578
521600 PANAMA,9,0,9.0,521600,Panamá,  5 216 007 ,2455.0,3.6659877800407332
521630 PARANAIGUARA,27,0,27.0,521630,Paranaiguara,  5 216 304 ,7607.0,3.549362429341396
521640 PARAUNA,20,0,20.0,521640,Paraúna,  5 216 403 ,10659.0,1.8763486255746318
521680 PETROLINA DE GOIAS,29,2,31.0,521680,Petrolina de Goiás,  5 216 809 ,9573.0,3.238274313172464
521710 PIRACANJUBA,60,10,70.0,521710,Piracanjuba,  5 217 104 ,24883.0,2.8131656150785678
521720 PIRANHAS,28,0,28.0,521720,Piranhas,  5 217 203 ,11712.0,2.390710382513661
521730 PIRENOPOLIS,38,0,38.0,521730,Pirenópolis,  5 217 302 ,26690.0,1.423754215061821
521740 PIRES DO RIO,35,0,35.0,521740,Pires do Rio,  5 217 401 ,32373.0,1.0811478701386958
521760 PLANALTINA,43,32,75.0,521760,Planaltina,  5 217 609 ,105031.0,0.7140748921746913
521770 PONTALINA,31,28,59.0,521770,Pontalina,  5 217 708 ,18309.0,3.222458899994538
521800 PORANGATU,47,29,76.0,521800,Porangatu,  5 218 003 ,44317.0,1.7149175260058216
521805 PORTEIRAO,16,0,16.0,521805,Porteirão,  5 218 052 ,4070.0,3.9312039312039313
521810 PORTELANDIA,17,0,17.0,521810,Portelândia,  5 218 102 ,3280.0,5.182926829268293
521830 POSSE,53,16,69.0,521830,Posse,  5 218 300 ,34914.0,1.976284584980237
521850 QUIRINOPOLIS,59,67,126.0,521850,Quirinópolis,  5 218 508 ,48447.0,2.6007802340702213
521860 RIALMA,25,0,25.0,521860,Rialma,  5 218 607 ,12165.0,2.0550760378133988
521878 RIO QUENTE,9,0,9.0,521878,Rio Quente,  5 218 789 ,3864.0,2.329192546583851
521880 RIO VERDE,367,155,522.0,521880,Rio Verde,  5 218 805 ,225696.0,2.312845597618035
521890 RUBIATABA,76,4,80.0,521890,Rubiataba,  5 218 904 ,19788.0,4.042854255104104
521900 SANCLERLANDIA,17,0,17.0,521900,Sanclerlândia,  5 219 001 ,7918.0,2.147006819904016
521910 SANTA BARBARA DE GOIAS,15,0,15.0,521910,Santa Bárbara de Goiás,  5 219 100 ,6149.0,2.439421044072207
521920 SANTA CRUZ DE GOIAS,16,0,16.0,521920,Santa Cruz de Goiás,  5 219 209 ,3002.0,5.329780146568954
521925 SANTA FE DE GOIAS,17,0,17.0,521925,Santa Fé de Goiás,  5 219 258 ,4951.0,3.433649767723692
521930 SANTA HELENA DE GOIAS,146,30,176.0,521930,Santa Helena de Goiás,  5 219 308 ,38492.0,4.572378676088538
521950 SANTA ROSA DE GOIAS,16,0,16.0,521950,Santa Rosa de Goiás,  5 219 506 ,2820.0,5.673758865248227
521960 SANTA TEREZA DE GOIAS,17,0,17.0,521960,Santa Tereza de Goiás,  5 219 605 ,3293.0,5.162465836623141
521970 SANTA TEREZINHA DE GOIAS,38,0,38.0,521970,Santa Terezinha de Goiás,  5 219 704 ,10645.0,3.5697510568341944
521973 SANTO ANTONIO DE GOIAS,19,0,19.0,521973,Santo Antônio de Goiás,  5 219 738 ,7386.0,2.5724343352288113
521975 SANTO ANTONIO DO DESCOBERTO,12,100,112.0,521975,Santo Antônio do Descoberto,  5 219 753 ,72127.0,1.5528165596794543
521980 SAO DOMINGOS,22,0,22.0,521980,São Domingos,  5 219 803 ,9711.0,2.2654721449902175
521990 SAO FRANCISCO DE GOIAS,11,0,11.0,521990,São Francisco de Goiás,  5 219 902 ,6378.0,1.7246785826277828
522000 SAO JOAO D'ALIANCA,26,0,26.0,522000,São João d'Aliança,  5 220 009 ,14041.0,1.8517199629656007
522010 SAO LUIS DE MONTES BELOS,52,49,101.0,522010,São Luís de Montes Belos,  5 220 108 ,33852.0,2.983575564220726
522015 SAO LUIZ DO NORTE,24,0,24.0,522015,São Luiz do Norte,  5 220 157 ,4837.0,4.961753152780649
522020 SAO MIGUEL DO ARAGUAIA,58,41,99.0,522020,São Miguel do Araguaia,  5 220 207 ,21900.0,4.52054794520548
522026 SAO MIGUEL DO PASSA QUATRO,11,0,11.0,522026,São Miguel do Passa Quatro,  5 220 264 ,4464.0,2.46415770609319
522040 SAO SIMAO,50,0,50.0,522040,São Simão,  5 220 405 ,17020.0,2.937720329024677
522045 SENADOR CANEDO,61,2,63.0,522045,Senador Canedo,  5 220 454 ,155635.0,0.40479326629614165
522050 SERRANOPOLIS,21,0,21.0,522050,Serranópolis,  5 220 504 ,8027.0,2.616170424816245
522060 SILVANIA,40,0,40.0,522060,Silvânia,  5 220 603 ,22245.0,1.7981568891885817
522068 SIMOLANDIA,20,0,20.0,522068,Simolândia,  5 220 686 ,5742.0,3.4831069313827934
522100 TAQUARAL DE GOIAS,25,21,46.0,522100,Taquaral de Goiás,  5 221 007 ,4026.0,11.425732737208149
522130 TRES RANCHOS,6,6,12.0,522130,Três Ranchos,  5 221 304 ,2921.0,4.108182129407737
522140 TRINDADE,429,113,542.0,522140,Trindade,  5 221 403 ,142431.0,3.8053513631161753
522145 TROMBAS,15,0,15.0,522145,Trombas,  5 221 452 ,3120.0,4.807692307692308
522150 TURVANIA,17,0,17.0,522150,Turvânia,  5 221 502 ,4480.0,3.794642857142857
522155 TURVELANDIA,19,0,19.0,522155,Turvelândia,  5 221 551 ,4985.0,3.8114343029087263
522160 URUACU,353,86,439.0,522160,Uruaçu,  5 221 601 ,42546.0,10.31824378319936
522170 URUANA,20,27,47.0,522170,Uruana,  5 221 700 ,13729.0,3.4234102993663047
522185 VALPARAISO DE GOIAS,35,38,73.0,522185,Valparaíso de Goiás,  5 221 858 ,198861.0,0.3670905808579862
522200 VIANOPOLIS,32,8,40.0,522200,Vianópolis,  5 222 005 ,14956.0,2.674511901577962
522205 VICENTINOPOLIS,16,0,16.0,522205,Vicentinópolis,  5 222 054 ,8768.0,1.8248175182481752
522220 VILA BOA,13,0,13.0,522220,Vila Boa,  5 222 203 ,4215.0,3.0842230130486357
530010 BRASILIA,4479,3272,7751.0,530010,Brasília,  5 300 108 ,2817381.0,2.751136605237275
