Município,Sim,Não,Total_Servidores,Codigo,Municipio,Codigo ,Total,Total_pop,Servidores_por_1000
110001 ALTA FLORESTA D'OESTE,400.0,32,432.0,110001,Alta Floresta D'Oeste,  1 100 015 ,   21 494,21494.0,20.098632176421326
110002 ARIQUEMES,1273.0,443,1716.0,110002,Ariquemes,  1 100 023 ,   96 833,96833.0,17.721231398386916
110003 CABIXI,98.0,32,130.0,110003,Cabixi,  1 100 031 ,   5 351,5351.0,24.294524387964866
110004 CACOAL,2601.0,711,3312.0,110004,Cacoal,  1 100 049 ,   86 887,86887.0,38.11847572133921
110005 CEREJEIRAS,256.0,20,276.0,110005,Cerejeiras,  1 100 056 ,   15 890,15890.0,17.36941472624292
110006 COLORADO DO OESTE,220.0,71,291.0,110006,Colorado do Oeste,  1 100 064 ,   15 663,15663.0,18.578816318712892
110007 CORUMBIARA,145.0,25,170.0,110007,Corumbiara,  1 100 072 ,   7 519,7519.0,22.609389546482245
110008 COSTA MARQUES,139.0,6,145.0,110008,Costa Marques,  1 100 080 ,   12 627,12627.0,11.483329373564585
110009 ESPIGAO D'OESTE,294.0,103,397.0,110009,Espigão D'Oeste,  1 100 098 ,   29 414,29414.0,13.496974229958523
110010 GUAJARA-MIRIM,812.0,99,911.0,110010,Guajará-Mirim,  1 100 106 ,   39 387,39387.0,23.129458958539622
110011 JARU,722.0,193,915.0,110011,Jaru,  1 100 114 ,   50 591,50591.0,18.086220869324585
110012 JI-PARANA,2035.0,829,2864.0,110012,Ji-Paraná,  1 100 122 ,   124 333,124333.0,23.03491430271931
110013 MACHADINHO D'OESTE,437.0,19,456.0,110013,Machadinho D'Oeste,  1 100 130 ,   30 707,30707.0,14.850034194157685
110014 NOVA BRASILANDIA D'OESTE,169.0,17,186.0,110014,Nova Brasilândia D'Oeste,  1 100 148 ,   15 679,15679.0,11.863001466930289
110015 OURO PRETO DO OESTE,449.0,111,560.0,110015,Ouro Preto do Oeste,  1 100 155 ,   35 044,35044.0,15.979910969067458
110018 PIMENTA BUENO,519.0,280,799.0,110018,Pimenta Bueno,  1 100 189 ,   35 079,35079.0,22.777160124290887
110020 PORTO VELHO,11676.0,2701,14377.0,110020,Porto Velho,  1 100 205 ,   460 434,460434.0,31.22488782322765
110025 PRESIDENTE MEDICI,223.0,35,258.0,110025,Presidente Médici,  1 100 254 ,   19 327,19327.0,13.349200600196617
110026 RIO CRESPO,102.0,1,103.0,110026,Rio Crespo,  1 100 262 ,   3 471,3471.0,29.67444540478248
110028 ROLIM DE MOURA,590.0,199,789.0,110028,Rolim de Moura,  1 100 288 ,   56 406,56406.0,13.987873630464845
110029 SANTA LUZIA D'OESTE,136.0,1,137.0,110029,Santa Luzia D'Oeste,  1 100 296 ,   7 419,7419.0,18.466100552635126
110030 VILHENA,1882.0,682,2564.0,110030,Vilhena,  1 100 304 ,   95 832,95832.0,26.755154854328406
110032 SAO MIGUEL DO GUAPORE,181.0,51,232.0,110032,São Miguel do Guaporé,  1 100 320 ,   21 635,21635.0,10.723364917957014
110033 NOVA MAMORE,356.0,10,366.0,110033,Nova Mamoré,  1 100 338 ,   25 444,25444.0,14.384530734161295
110034 ALVORADA D'OESTE,164.0,22,186.0,110034,Alvorada D'Oeste,  1 100 346 ,   13 117,13117.0,14.180071662727757
110037 ALTO ALEGRE DOS PARECIS,135.0,13,148.0,110037,Alto Alegre dos Parecis,  1 100 379 ,   11 479,11479.0,12.893109155849812
110040 ALTO PARAISO,178.0,13,191.0,110040,Alto Paraíso,  1 100 403 ,   16 320,16320.0,11.70343137254902
110045 BURITIS,405.0,67,472.0,110045,Buritis,  1 100 452 ,   27 992,27992.0,16.861960560160046
110050 NOVO HORIZONTE DO OESTE,111.0,-,111.0,110050,Novo Horizonte do Oeste,  1 100 502 ,   7 667,7667.0,14.477631407330115
110060 CACAULANDIA,75.0,4,79.0,110060,Cacaulândia,  1 100 601 ,   4 150,4150.0,19.03614457831325
110070 CAMPO NOVO DE RONDONIA,155.0,4,159.0,110070,Campo Novo de Rondônia,  1 100 700 ,   8 844,8844.0,17.97829036635007
110080 CANDEIAS DO JAMARI,320.0,4,324.0,110080,Candeias do Jamari,  1 100 809 ,   22 310,22310.0,14.522635589421785
110090 CASTANHEIRAS,110.0,3,113.0,110090,Castanheiras,  1 100 908 ,   3 233,3233.0,34.95205691308382
110092 CHUPINGUAIA,163.0,20,183.0,110092,Chupinguaia,  1 100 924 ,   9 324,9324.0,19.62676962676963
110094 CUJUBIM,166.0,3,169.0,110094,Cujubim,  1 100 940 ,   14 863,14863.0,11.370517392181927
110100 GOVERNADOR JORGE TEIXEIRA,102.0,1,103.0,110100,Governador Jorge Teixeira,  1 101 005 ,   8 001,8001.0,12.87339082614673
110110 ITAPUA DO OESTE,133.0,4,137.0,110110,Itapuã do Oeste,  1 101 104 ,   8 548,8548.0,16.027140851661205
110120 MINISTRO ANDREAZZA,99.0,8,107.0,110120,Ministro Andreazza,  1 101 203 ,   6 466,6466.0,16.54809774203526
110130 MIRANTE DA SERRA,91.0,12,103.0,110130,Mirante da Serra,  1 101 302 ,   9 235,9235.0,11.153221440173253
110140 MONTE NEGRO,221.0,24,245.0,110140,Monte Negro,  1 101 401 ,   11 548,11548.0,21.215794942847246
110143 NOVA UNIAO,90.0,3,93.0,110143,Nova União,  1 101 435 ,   6 200,6200.0,15.0
110145 PARECIS,70.0,8,78.0,110145,Parecis,  1 101 450 ,   4 125,4125.0,18.90909090909091
110146 PIMENTEIRAS DO OESTE,69.0,2,71.0,110146,Pimenteiras do Oeste,  1 101 468 ,   2 156,2156.0,32.931354359925784
110147 PRIMAVERA DE RONDONIA,70.0,-,70.0,110147,Primavera de Rondônia,  1 101 476 ,   3 076,3076.0,22.756827048114435
110148 SAO FELIPE D'OESTE,90.0,3,93.0,110148,São Felipe D'Oeste,  1 101 484 ,   5 258,5258.0,17.687333586915177
110149 SAO FRANCISCO DO GUAPORE,257.0,23,280.0,110149,São Francisco do Guaporé,  1 101 492 ,   16 286,16286.0,17.192680830160874
110150 SERINGUEIRAS,126.0,27,153.0,110150,Seringueiras,  1 101 500 ,   11 171,11171.0,13.696177602721331
110155 TEIXEIROPOLIS,62.0,-,62.0,110155,Teixeirópolis,  1 101 559 ,   4 256,4256.0,14.56766917293233
110160 THEOBROMA,137.0,2,139.0,110160,Theobroma,  1 101 609 ,   8 113,8113.0,17.132996425489953
110170 URUPA,114.0,25,139.0,110170,Urupá,  1 101 708 ,   10 725,10725.0,12.960372960372961
110175 VALE DO ANARI,118.0,2,120.0,110175,Vale do Anari,  1 101 757 ,   7 788,7788.0,15.408320493066256
110180 VALE DO PARAISO,76.0,2,78.0,110180,Vale do Paraíso,  1 101 807 ,   6 479,6479.0,12.038894891186912
120001 ACRELANDIA,222.0,2,224.0,120001,Acrelândia,  1 200 013 ,   14 021,14021.0,15.97603594608088
120005 ASSIS BRASIL,191.0,4,195.0,120005,Assis Brasil,  1 200 054 ,   8 100,8100.0,24.074074074074073
120010 BRASILEIA,719.0,15,734.0,120010,Brasiléia,  1 200 104 ,   26 000,26000.0,28.23076923076923
120013 BUJARI,79.0,-,79.0,120013,Bujari,  1 200 138 ,   12 917,12917.0,6.115971200743206
120017 CAPIXABA,136.0,-,136.0,120017,Capixaba,  1 200 179 ,   10 392,10392.0,13.08698999230177
120020 CRUZEIRO DO SUL,2296.0,148,2444.0,120020,Cruzeiro do Sul,  1 200 203 ,   91 888,91888.0,26.597597074699635
120025 EPITACIOLANDIA,163.0,2,165.0,120025,Epitaciolândia,  1 200 252 ,   18 757,18757.0,8.79671589273338
120030 FEIJO,331.0,4,335.0,120030,Feijó,  1 200 302 ,   35 426,35426.0,9.456331507932028
120032 JORDAO,166.0,3,169.0,120032,Jordão,  1 200 328 ,   9 222,9222.0,18.32574278898287
120033 MANCIO LIMA,296.0,5,301.0,120033,Mâncio Lima,  1 200 336 ,   19 294,19294.0,15.600704882346843
120034 MANOEL URBANO,162.0,-,162.0,120034,Manoel Urbano,  1 200 344 ,   11 996,11996.0,13.504501500500165
120035 MARECHAL THAUMATURGO,293.0,-,293.0,120035,Marechal Thaumaturgo,  1 200 351 ,   17 093,17093.0,17.141519920435268
120038 PLACIDO DE CASTRO,402.0,-,402.0,120038,Plácido de Castro,  1 200 385 ,   16 560,16560.0,24.275362318840582
120039 PORTO WALTER,205.0,5,210.0,120039,Porto Walter,  1 200 393 ,   10 735,10735.0,19.562179785747556
120040 RIO BRANCO,8196.0,1987,10183.0,120040,Rio Branco,  1 200 401 ,   364 756,364756.0,27.917292655912444
120042 RODRIGUES ALVES,235.0,1,236.0,120042,Rodrigues Alves,  1 200 427 ,   14 938,14938.0,15.798634355335386
120043 SANTA ROSA DO PURUS,139.0,-,139.0,120043,Santa Rosa do Purus,  1 200 435 ,   6 723,6723.0,20.675293767663245
120045 SENADOR GUIOMARD,302.0,5,307.0,120045,Senador Guiomard,  1 200 450 ,   21 454,21454.0,14.309685839470495
120050 SENA MADUREIRA,536.0,14,550.0,120050,Sena Madureira,  1 200 500 ,   41 343,41343.0,13.30334034782188
120060 TARAUACA,381.0,21,402.0,120060,Tarauacá,  1 200 609 ,   43 467,43467.0,9.248395334391608
120070 XAPURI,226.0,2,228.0,120070,Xapuri,  1 200 708 ,   18 243,18243.0,12.49794441703667
120080 PORTO ACRE,136.0,-,136.0,120080,Porto Acre,  1 200 807 ,   16 693,16693.0,8.147127538489189
130002 ALVARAES,346.0,-,346.0,130002,Alvarães,  1 300 029 ,   15 866,15866.0,21.807638976427583
130006 AMATURA,305.0,-,305.0,130006,Amaturá,  1 300 060 ,   10 819,10819.0,28.191145207505315
130008 ANAMA,245.0,11,256.0,130008,Anamã,  1 300 086 ,   9 962,9962.0,25.69765107408151
130010 ANORI,357.0,-,357.0,130010,Anori,  1 300 102 ,   17 194,17194.0,20.763056880307083
130014 APUI,283.0,9,292.0,130014,Apuí,  1 300 144 ,   20 647,20647.0,14.142490434445682
130020 ATALAIA DO NORTE,485.0,-,485.0,130020,Atalaia do Norte,  1 300 201 ,   15 314,15314.0,31.670366984458667
130030 AUTAZES,604.0,3,607.0,130030,Autazes,  1 300 300 ,   41 564,41564.0,14.60398421711096
130040 BARCELOS,584.0,1,585.0,130040,Barcelos,  1 300 409 ,   18 834,18834.0,31.06084740363173
130050 BARREIRINHA,629.0,3,632.0,130050,Barreirinha,  1 300 508 ,   31 051,31051.0,20.35361179994203
130060 BENJAMIN CONSTANT,682.0,1,683.0,130060,Benjamin Constant,  1 300 607 ,   37 648,37648.0,18.141733956651084
130063 BERURI,303.0,-,303.0,130063,Beruri,  1 300 631 ,   20 718,20718.0,14.624963799594555
130068 BOA VISTA DO RAMOS,353.0,-,353.0,130068,Boa Vista do Ramos,  1 300 680 ,   23 785,23785.0,14.841286525120875
130070 BOCA DO ACRE,545.0,7,552.0,130070,Boca do Acre,  1 300 706 ,   35 447,35447.0,15.57254492622789
130080 BORBA,807.0,-,807.0,130080,Borba,  1 300 805 ,   33 080,33080.0,24.39540507859734
130083 CAAPIRANGA,300.0,2,302.0,130083,Caapiranga,  1 300 839 ,   13 469,13469.0,22.421857598930877
130090 CANUTAMA,242.0,-,242.0,130090,Canutama,  1 300 904 ,   16 869,16869.0,14.345841484379632
130100 CARAUARI,332.0,8,340.0,130100,Carauari,  1 301 001 ,   28 742,28742.0,11.82937860970009
130110 CAREIRO,827.0,6,833.0,130110,Careiro,  1 301 100 ,   30 792,30792.0,27.052481163938687
130115 CAREIRO DA VARZEA,361.0,-,361.0,130115,Careiro da Várzea,  1 301 159 ,   19 637,19637.0,18.38366349238682
130120 COARI,1455.0,17,1472.0,130120,Coari,  1 301 209 ,   70 616,70616.0,20.845134247196103
130130 CODAJAS,378.0,2,380.0,130130,Codajás,  1 301 308 ,   23 549,23549.0,16.136566308548133
130140 EIRUNEPE,614.0,5,619.0,130140,Eirunepé,  1 301 407 ,   33 170,33170.0,18.66144106119988
130150 ENVIRA,469.0,-,469.0,130150,Envira,  1 301 506 ,   17 186,17186.0,27.28965436983591
130160 FONTE BOA,573.0,-,573.0,130160,Fonte Boa,  1 301 605 ,   25 871,25871.0,22.148351435970778
130165 GUAJARA,373.0,2,375.0,130165,Guajará,  1 301 654 ,   13 815,13815.0,27.14440825190011
130170 HUMAITA,883.0,139,1022.0,130170,Humaitá,  1 301 704 ,   57 473,57473.0,17.782262975658135
130180 IPIXUNA,393.0,-,393.0,130180,Ipixuna,  1 301 803 ,   24 311,24311.0,16.16552178026408
130185 IRANDUBA,937.0,10,947.0,130185,Iranduba,  1 301 852 ,   61 163,61163.0,15.483216977584487
130190 ITACOATIARA,1633.0,63,1696.0,130190,Itacoatiara,  1 301 902 ,   103 598,103598.0,16.37097241259484
130195 ITAMARATI,186.0,20,206.0,130195,Itamarati,  1 301 951 ,   10 937,10937.0,18.835146749565695
130200 ITAPIRANGA,169.0,7,176.0,130200,Itapiranga,  1 302 009 ,   10 162,10162.0,17.319425309978353
130210 JAPURA,244.0,-,244.0,130210,Japurá,  1 302 108 ,   8 858,8858.0,27.545721381801762
130220 JURUA,259.0,-,259.0,130220,Juruá,  1 302 207 ,   10 742,10742.0,24.1109663005027
130230 JUTAI,409.0,-,409.0,130230,Jutaí,  1 302 306 ,   25 172,25172.0,16.248212299380263
130240 LABREA,856.0,4,860.0,130240,Lábrea,  1 302 405 ,   45 448,45448.0,18.922724872381625
130250 MANACAPURU,1764.0,52,1816.0,130250,Manacapuru,  1 302 504 ,   101 883,101883.0,17.824367166259336
130255 MANAQUIRI,322.0,-,322.0,130255,Manaquiri,  1 302 553 ,   17 107,17107.0,18.82270415619337
130260 MANAUS,33114.0,7940,41054.0,130260,Manaus,  1 302 603 ,  2 063 689,2063689.0,19.893501394832263
130270 MANICORE,1020.0,12,1032.0,130270,Manicoré,  1 302 702 ,   53 914,53914.0,19.141595874911896
130280 MARAA,296.0,1,297.0,130280,Maraã,  1 302 801 ,   15 529,15529.0,19.125507115718975
130290 MAUES,783.0,7,790.0,130290,Maués,  1 302 900 ,   61 204,61204.0,12.907653094568982
130300 NHAMUNDA,455.0,2,457.0,130300,Nhamundá,  1 303 007 ,   20 136,20136.0,22.695669447755265
130310 NOVA OLINDA DO NORTE,527.0,3,530.0,130310,Nova Olinda do Norte,  1 303 106 ,   27 062,27062.0,19.58465745325549
130320 NOVO AIRAO,356.0,2,358.0,130320,Novo Airão,  1 303 205 ,   15 761,15761.0,22.71429477825011
130330 NOVO ARIPUANA,305.0,-,305.0,130330,Novo Aripuanã,  1 303 304 ,   23 818,23818.0,12.805441262910405
130340 PARINTINS,2097.0,85,2182.0,130340,Parintins,  1 303 403 ,   96 372,96372.0,22.64143112107251
130350 PAUINI,355.0,-,355.0,130350,Pauini,  1 303 502 ,   19 373,19373.0,18.324472203582307
130353 PRESIDENTE FIGUEIREDO,554.0,32,586.0,130353,Presidente Figueiredo,  1 303 536 ,   30 668,30668.0,19.1078648754402
130356 RIO PRETO DA EVA,528.0,7,535.0,130356,Rio Preto da Eva,  1 303 569 ,   24 936,24936.0,21.454924606993902
130360 SANTA ISABEL DO RIO NEGRO,376.0,12,388.0,130360,Santa Isabel do Rio Negro,  1 303 601 ,   14 164,14164.0,27.39339169726066
130370 SANTO ANTONIO DO ICA,501.0,7,508.0,130370,Santo Antônio do Içá,  1 303 700 ,   28 211,28211.0,18.007160327531814
130380 SAO GABRIEL DA CACHOEIRA,959.0,6,965.0,130380,São Gabriel da Cachoeira,  1 303 809 ,   51 795,51795.0,18.631142002123756
130390 SAO PAULO DE OLIVENCA,774.0,-,774.0,130390,São Paulo de Olivença,  1 303 908 ,   32 967,32967.0,23.47802347802348
130395 SAO SEBASTIAO DO UATUMA,239.0,-,239.0,130395,São Sebastião do Uatumã,  1 303 957 ,   11 670,11670.0,20.47986289631534
130400 SILVES,196.0,1,197.0,130400,Silves,  1 304 005 ,   11 559,11559.0,17.04299679903106
130406 TABATINGA,1478.0,12,1490.0,130406,Tabatinga,  1 304 062 ,   66 764,66764.0,22.317416571805165
130410 TAPAUA,445.0,2,447.0,130410,Tapauá,  1 304 104 ,   19 599,19599.0,22.8072860860248
130420 TEFE,1498.0,35,1533.0,130420,Tefé,  1 304 203 ,   73 669,73669.0,20.80929563316999
130423 TONANTINS,392.0,-,392.0,130423,Tonantins,  1 304 237 ,   19 247,19247.0,20.36681041201226
130426 UARINI,288.0,-,288.0,130426,Uarini,  1 304 260 ,   14 431,14431.0,19.95703693437738
130430 URUCARA,285.0,1,286.0,130430,Urucará,  1 304 302 ,   18 631,18631.0,15.350759486876711
130440 URUCURITUBA,451.0,-,451.0,130440,Urucurituba,  1 304 401 ,   23 945,23945.0,18.834829818333684
140002 AMAJARI,322.0,-,322.0,140002,Amajari,  1 400 027 ,   13 927,13927.0,23.12055719106771
140005 ALTO ALEGRE,567.0,-,567.0,140005,Alto Alegre,  1 400 050 ,   21 096,21096.0,26.87713310580205
140010 BOA VISTA,8599.0,774,9373.0,140010,Boa Vista,  1 400 100 ,   413 486,413486.0,22.668240278993725
140015 BONFIM,327.0,1,328.0,140015,Bonfim,  1 400 159 ,   13 923,13923.0,23.558141205200027
140017 CANTA,262.0,-,262.0,140017,Cantá,  1 400 175 ,   18 682,18682.0,14.02419441173322
140020 CARACARAI,417.0,2,419.0,140020,Caracaraí,  1 400 209 ,   20 957,20957.0,19.993319654530705
140023 CAROEBE,192.0,-,192.0,140023,Caroebe,  1 400 233 ,   10 656,10656.0,18.01801801801802
140028 IRACEMA,225.0,2,227.0,140028,Iracema,  1 400 282 ,   10 023,10023.0,22.64790980744288
140030 MUCAJAI,343.0,8,351.0,140030,Mucajaí,  1 400 308 ,   18 095,18095.0,19.397623652942805
140040 NORMANDIA,349.0,-,349.0,140040,Normandia,  1 400 407 ,   13 986,13986.0,24.953524953524955
140045 PACARAIMA,404.0,9,413.0,140045,Pacaraima,  1 400 456 ,   19 305,19305.0,21.39342139342139
140047 RORAINOPOLIS,547.0,10,557.0,140047,Rorainópolis,  1 400 472 ,   32 647,32647.0,17.06129200232793
140050 SAO JOAO DA BALIZA,158.0,-,158.0,140050,São João da Baliza,  1 400 506 ,   8 858,8858.0,17.83698351772409
140060 SAO LUIZ,62.0,-,62.0,140060,São Luiz,  1 400 605 ,   7 315,7315.0,8.475734791524266
140070 UIRAMUTA,344.0,-,344.0,140070,Uiramutã,  1 400 704 ,   13 751,13751.0,25.016362446367538
150010 ABAETETUBA,2187.0,85,2272.0,150010,Abaetetuba,  1 500 107 ,   158 188,158188.0,14.362657091561939
150013 ABEL FIGUEIREDO,116.0,-,116.0,150013,Abel Figueiredo,  1 500 131 ,   6 136,6136.0,18.904823989569753
150020 ACARA,444.0,1,445.0,150020,Acará,  1 500 206 ,   59 023,59023.0,7.539433780051844
150030 AFUA,322.0,-,322.0,150030,Afuá,  1 500 305 ,   37 765,37765.0,8.526413345690454
150034 AGUA AZUL DO NORTE,380.0,6,386.0,150034,Água Azul do Norte,  1 500 347 ,   18 080,18080.0,21.349557522123895
150040 ALENQUER,397.0,4,401.0,150040,Alenquer,  1 500 404 ,   69 377,69377.0,5.780013549158943
150050 ALMEIRIM,446.0,10,456.0,150050,Almeirim,  1 500 503 ,   34 280,34280.0,13.302217036172696
150060 ALTAMIRA,2869.0,239,3108.0,150060,Altamira,  1 500 602 ,   126 279,126279.0,24.612168294015632
150070 ANAJAS,506.0,1,507.0,150070,Anajás,  1 500 701 ,   28 011,28011.0,18.100032130234553
150080 ANANINDEUA,5503.0,711,6214.0,150080,Ananindeua,  1 500 800 ,   478 778,478778.0,12.97887538692254
150085 ANAPU,303.0,5,308.0,150085,Anapu,  1 500 859 ,   31 850,31850.0,9.67032967032967
150090 AUGUSTO CORREA,604.0,55,659.0,150090,Augusto Corrêa,  1 500 909 ,   44 573,44573.0,14.784735153568304
150095 AURORA DO PARA,353.0,6,359.0,150095,Aurora do Pará,  1 500 958 ,   23 774,23774.0,15.100529990746193
150100 AVEIRO,141.0,1,142.0,150100,Aveiro,  1 501 006 ,   18 290,18290.0,7.763805358119191
150110 BAGRE,360.0,-,360.0,150110,Bagre,  1 501 105 ,   31 892,31892.0,11.288097328483634
150120 BAIAO,437.0,-,437.0,150120,Baião,  1 501 204 ,   51 641,51641.0,8.462268352665518
150125 BANNACH,96.0,1,97.0,150125,Bannach,  1 501 253 ,   4 031,4031.0,24.063507814438104
150130 BARCARENA,1692.0,229,1921.0,150130,Barcarena,  1 501 303 ,   126 650,126650.0,15.167785234899329
150140 BELEM,23264.0,4696,27960.0,150140,Belém,  1 501 402 ,  1 303 403,1303403.0,21.45153877964068
150145 BELTERRA,216.0,3,219.0,150145,Belterra,  1 501 451 ,   18 099,18099.0,12.100116028509863
150150 BENEVIDES,748.0,23,771.0,150150,Benevides,  1 501 501 ,   63 567,63567.0,12.12893482467318
150157 BOM JESUS DO TOCANTINS,287.0,1,288.0,150157,Bom Jesus do Tocantins,  1 501 576 ,   18 005,18005.0,15.995556789780617
150160 BONITO,204.0,-,204.0,150160,Bonito,  1 501 600 ,   12 622,12622.0,16.16225637775313
150170 BRAGANCA,1613.0,48,1661.0,150170,Bragança,  1 501 709 ,   123 082,123082.0,13.495068328431453
150172 BRASIL NOVO,239.0,7,246.0,150172,Brasil Novo,  1 501 725 ,   24 718,24718.0,9.952261509830894
150175 BREJO GRANDE DO ARAGUAIA,118.0,1,119.0,150175,Brejo Grande do Araguaia,  1 501 758 ,   6 783,6783.0,17.543859649122805
150178 BREU BRANCO,570.0,10,580.0,150178,Breu Branco,  1 501 782 ,   45 712,45712.0,12.688134406720337
150180 BREVES,1312.0,264,1576.0,150180,Breves,  1 501 808 ,   106 968,106968.0,14.73337820656645
150190 BUJARU,269.0,-,269.0,150190,Bujaru,  1 501 907 ,   24 383,24383.0,11.032276586146086
150195 CACHOEIRA DO PIRIA,257.0,-,257.0,150195,Cachoeira do Piriá,  1 501 956 ,   19 630,19630.0,13.092205807437596
150200 CACHOEIRA DO ARARI,204.0,3,207.0,150200,Cachoeira do Arari,  1 502 004 ,   23 981,23981.0,8.631833534881782
150210 CAMETA,1817.0,307,2124.0,150210,Cametá,  1 502 103 ,   134 184,134184.0,15.8290109103917
150215 CANAA DOS CARAJAS,1473.0,729,2202.0,150215,Canaã dos Carajás,  1 502 152 ,   77 079,77079.0,28.56809247655003
150220 CAPANEMA,1307.0,83,1390.0,150220,Capanema,  1 502 202 ,   70 394,70394.0,19.74600107963747
150230 CAPITAO POCO,625.0,31,656.0,150230,Capitão Poço,  1 502 301 ,   56 506,56506.0,11.609386613810923
150240 CASTANHAL,3035.0,157,3192.0,150240,Castanhal,  1 502 400 ,   192 256,192256.0,16.602862849533953
150250 CHAVES,229.0,-,229.0,150250,Chaves,  1 502 509 ,   20 757,20757.0,11.03242279712868
150260 COLARES,140.0,-,140.0,150260,Colares,  1 502 608 ,   12 868,12868.0,10.879701585327947
150270 CONCEICAO DO ARAGUAIA,790.0,57,847.0,150270,Conceição do Araguaia,  1 502 707 ,   44 617,44617.0,18.983795414303962
150275 CONCORDIA DO PARA,298.0,12,310.0,150275,Concórdia do Pará,  1 502 756 ,   26 881,26881.0,11.532309065882965
150276 CUMARU DO NORTE,177.0,-,177.0,150276,Cumaru do Norte,  1 502 764 ,   14 036,14036.0,12.61043032202907
150277 CURIONOPOLIS,401.0,23,424.0,150277,Curionópolis,  1 502 772 ,   19 950,19950.0,21.2531328320802
150280 CURRALINHO,377.0,-,377.0,150280,Curralinho,  1 502 806 ,   33 903,33903.0,11.11995988555585
150285 CURUA,167.0,9,176.0,150285,Curuá,  1 502 855 ,   14 117,14117.0,12.467238081745412
150290 CURUCA,300.0,-,300.0,150290,Curuçá,  1 502 905 ,   41 262,41262.0,7.270612185546023
150293 DOM ELISEU,587.0,59,646.0,150293,Dom Eliseu,  1 502 939 ,   58 484,58484.0,11.045756104233636
150295 ELDORADO DOS CARAJAS,336.0,49,385.0,150295,Eldorado do Carajás,  1 502 954 ,   28 192,28192.0,13.656356413166856
150300 FARO,192.0,1,193.0,150300,Faro,  1 503 002 ,   8 728,8728.0,22.11274060494959
150304 FLORESTA DO ARAGUAIA,253.0,7,260.0,150304,Floresta do Araguaia,  1 503 044 ,   17 898,17898.0,14.526762766789584
150307 GARRAFAO DO NORTE,433.0,-,433.0,150307,Garrafão do Norte,  1 503 077 ,   24 703,24703.0,17.52823543699146
150309 GOIANESIA DO PARA,410.0,1,411.0,150309,Goianésia do Pará,  1 503 093 ,   26 362,26362.0,15.590622866246871
150310 GURUPA,351.0,-,351.0,150310,Gurupá,  1 503 101 ,   31 786,31786.0,11.042597369911281
150320 IGARAPE-ACU,486.0,5,491.0,150320,Igarapé-Açu,  1 503 200 ,   35 797,35797.0,13.716233203899769
150330 IGARAPE-MIRI,568.0,5,573.0,150330,Igarapé-Miri,  1 503 309 ,   64 831,64831.0,8.838364362727706
150340 INHANGAPI,161.0,-,161.0,150340,Inhangapi,  1 503 408 ,   10 325,10325.0,15.593220338983052
150345 IPIXUNA DO PARA,636.0,78,714.0,150345,Ipixuna do Pará,  1 503 457 ,   30 329,30329.0,23.541824656269576
150350 IRITUIA,440.0,-,440.0,150350,Irituia,  1 503 507 ,   30 955,30955.0,14.214181876918106
150360 ITAITUBA,1712.0,162,1874.0,150360,Itaituba,  1 503 606 ,   123 314,123314.0,15.196976823393937
150370 ITUPIRANGA,468.0,3,471.0,150370,Itupiranga,  1 503 705 ,   49 754,49754.0,9.466575551714435
150375 JACAREACANGA,469.0,11,480.0,150375,Jacareacanga,  1 503 754 ,   24 042,24042.0,19.96506114299975
150380 JACUNDA,555.0,89,644.0,150380,Jacundá,  1 503 804 ,   37 707,37707.0,17.079056939029886
150390 JURUTI,596.0,109,705.0,150390,Juruti,  1 503 903 ,   50 881,50881.0,13.855859751184136
150400 LIMOEIRO DO AJURU,370.0,-,370.0,150400,Limoeiro do Ajuru,  1 504 000 ,   29 569,29569.0,12.51310494098549
150405 MAE DO RIO,286.0,69,355.0,150405,Mãe do Rio,  1 504 059 ,   34 353,34353.0,10.333886414578057
150410 MAGALHAES BARATA,126.0,-,126.0,150410,Magalhães Barata,  1 504 109 ,   8 115,8115.0,15.526802218114602
150420 MARABA,4053.0,1035,5088.0,150420,Marabá,  1 504 208 ,   266 533,266533.0,19.08956864628395
150430 MARACANA,425.0,-,425.0,150430,Maracanã,  1 504 307 ,   25 971,25971.0,16.364406453351815
150440 MARAPANIM,241.0,2,243.0,150440,Marapanim,  1 504 406 ,   26 573,26573.0,9.144620479434012
150442 MARITUBA,1735.0,49,1784.0,150442,Marituba,  1 504 422 ,   111 785,111785.0,15.959207407076084
150445 MEDICILANDIA,248.0,10,258.0,150445,Medicilândia,  1 504 455 ,   27 094,27094.0,9.522403484166235
150450 MELGACO,250.0,-,250.0,150450,Melgaço,  1 504 505 ,   27 881,27881.0,8.966679817797067
150460 MOCAJUBA,281.0,-,281.0,150460,Mocajuba,  1 504 604 ,   27 198,27198.0,10.33164203250239
150470 MOJU,477.0,15,492.0,150470,Moju,  1 504 703 ,   84 094,84094.0,5.850595761885509
150475 MOJUI DOS CAMPOS,225.0,1,226.0,150475,Mojuí dos Campos,  1 504 752 ,   23 501,23501.0,9.616612059061318
150480 MONTE ALEGRE,543.0,17,560.0,150480,Monte Alegre,  1 504 802 ,   60 012,60012.0,9.331467039925348
150490 MUANA,369.0,-,369.0,150490,Muaná,  1 504 901 ,   45 368,45368.0,8.133486157644155
150495 NOVA ESPERANCA DO PIRIA,284.0,1,285.0,150495,Nova Esperança do Piriá,  1 504 950 ,   20 478,20478.0,13.917374743627308
150497 NOVA IPIXUNA,152.0,3,155.0,150497,Nova Ipixuna,  1 504 976 ,   13 955,13955.0,11.107130060910068
150500 NOVA TIMBOTEUA,287.0,12,299.0,150500,Nova Timboteua,  1 505 007 ,   12 806,12806.0,23.348430423239108
150503 NOVO PROGRESSO,580.0,66,646.0,150503,Novo Progresso,  1 505 031 ,   33 638,33638.0,19.20447113383673
150506 NOVO REPARTIMENTO,667.0,25,692.0,150506,Novo Repartimento,  1 505 064 ,   60 732,60732.0,11.394322597642098
150510 OBIDOS,449.0,40,489.0,150510,Óbidos,  1 505 106 ,   52 229,52229.0,9.362614639376591
150520 OEIRAS DO PARA,364.0,-,364.0,150520,Oeiras do Pará,  1 505 205 ,   33 844,33844.0,10.755229878264979
150530 ORIXIMINA,929.0,185,1114.0,150530,Oriximiná,  1 505 304 ,   68 294,68294.0,16.31182827188333
150540 OUREM,248.0,-,248.0,150540,Ourém,  1 505 403 ,   17 855,17855.0,13.889666760011202
150543 OURILANDIA DO NORTE,897.0,66,963.0,150543,Ourilândia do Norte,  1 505 437 ,   32 467,32467.0,29.66088643853759
150548 PACAJA,499.0,20,519.0,150548,Pacajá,  1 505 486 ,   41 097,41097.0,12.628659026206293
150549 PALESTINA DO PARA,73.0,1,74.0,150549,Palestina do Pará,  1 505 494 ,   6 885,6885.0,10.74800290486565
150550 PARAGOMINAS,1429.0,253,1682.0,150550,Paragominas,  1 505 502 ,   105 550,105550.0,15.935575556608242
150553 PARAUAPEBAS,2864.0,1097,3961.0,150553,Parauapebas,  1 505 536 ,   267 836,267836.0,14.788900670559597
150555 PAU D'ARCO,140.0,-,140.0,150555,Pau D'Arco,  1 505 551 ,   6 931,6931.0,20.19910546818641
150560 PEIXE-BOI,96.0,-,96.0,150560,Peixe-Boi,  1 505 601 ,   8 285,8285.0,11.587205793602896
150563 PICARRA,191.0,1,192.0,150563,Piçarra,  1 505 635 ,   12 832,12832.0,14.962593516209475
150565 PLACAS,245.0,3,248.0,150565,Placas,  1 505 650 ,   18 668,18668.0,13.284765373901864
150570 PONTA DE PEDRAS,254.0,-,254.0,150570,Ponta de Pedras,  1 505 700 ,   24 984,24984.0,10.16650656420109
150580 PORTEL,776.0,-,776.0,150580,Portel,  1 505 809 ,   62 503,62503.0,12.415404060605091
150590 PORTO DE MOZ,381.0,3,384.0,150590,Porto de Moz,  1 505 908 ,   40 597,40597.0,9.458827006921693
150600 PRAINHA,285.0,1,286.0,150600,Prainha,  1 506 005 ,   35 577,35577.0,8.038901537510188
150610 PRIMAVERA,150.0,-,150.0,150610,Primavera,  1 506 104 ,   10 851,10851.0,13.823610727121924
150611 QUATIPURU,151.0,-,151.0,150611,Quatipuru,  1 506 112 ,   11 524,11524.0,13.103089205137104
150613 REDENCAO,1474.0,217,1691.0,150613,Redenção,  1 506 138 ,   85 597,85597.0,19.755365258128208
150616 RIO MARIA,336.0,12,348.0,150616,Rio Maria,  1 506 161 ,   18 384,18384.0,18.929503916449086
150618 RONDON DO PARA,298.0,31,329.0,150618,Rondon do Pará,  1 506 187 ,   53 143,53143.0,6.190843573001148
150619 RUROPOLIS,382.0,7,389.0,150619,Rurópolis,  1 506 195 ,   35 769,35769.0,10.875338980681596
150620 SALINOPOLIS,464.0,21,485.0,150620,Salinópolis,  1 506 203 ,   44 772,44772.0,10.832663271687661
150630 SALVATERRA,230.0,-,230.0,150630,Salvaterra,  1 506 302 ,   24 129,24129.0,9.532098304944258
150635 SANTA BARBARA DO PARA,263.0,-,263.0,150635,Santa Bárbara do Pará,  1 506 351 ,   21 087,21087.0,12.472139232702613
150640 SANTA CRUZ DO ARARI,137.0,-,137.0,150640,Santa Cruz do Arari,  1 506 401 ,   7 445,7445.0,18.40161182001343
150650 SANTA IZABEL DO PARA,608.0,7,615.0,150650,Santa Izabel do Pará,  1 506 500 ,   73 019,73019.0,8.422465385721525
150655 SANTA LUZIA DO PARA,305.0,1,306.0,150655,Santa Luzia do Pará,  1 506 559 ,   20 370,20370.0,15.022091310751104
150658 SANTA MARIA DAS BARREIRAS,229.0,4,233.0,150658,Santa Maria das Barreiras,  1 506 583 ,   16 548,16548.0,14.08025138989606
150660 SANTA MARIA DO PARA,290.0,6,296.0,150660,Santa Maria do Pará,  1 506 609 ,   24 624,24624.0,12.020792722547109
150670 SANTANA DO ARAGUAIA,524.0,18,542.0,150670,Santana do Araguaia,  1 506 708 ,   32 413,32413.0,16.72168574337457
150680 SANTAREM,4927.0,539,5466.0,150680,Santarém,  1 506 807 ,   331 942,331942.0,16.46673213995216
150690 SANTAREM NOVO,138.0,-,138.0,150690,Santarém Novo,  1 506 906 ,   6 116,6116.0,22.563767168083714
150700 SANTO ANTONIO DO TAUA,292.0,1,293.0,150700,Santo Antônio do Tauá,  1 507 003 ,   27 461,27461.0,10.669676996467718
150710 SAO CAETANO DE ODIVELAS,233.0,-,233.0,150710,São Caetano de Odivelas,  1 507 102 ,   16 666,16666.0,13.980559222368894
150715 SAO DOMINGOS DO ARAGUAIA,208.0,2,210.0,150715,São Domingos do Araguaia,  1 507 151 ,   21 092,21092.0,9.9563815664707
150720 SAO DOMINGOS DO CAPIM,484.0,2,486.0,150720,São Domingos do Capim,  1 507 201 ,   30 599,30599.0,15.882871989280696
150730 SAO FELIX DO XINGU,907.0,51,958.0,150730,São Félix do Xingu,  1 507 300 ,   65 418,65418.0,14.644287504968052
150740 SAO FRANCISCO DO PARA,165.0,-,165.0,150740,São Francisco do Pará,  1 507 409 ,   14 894,14894.0,11.078286558345642
150745 SAO GERALDO DO ARAGUAIA,313.0,10,323.0,150745,São Geraldo do Araguaia,  1 507 458 ,   24 255,24255.0,13.31684188827046
150746 SAO JOAO DA PONTA,95.0,-,95.0,150746,São João da Ponta,  1 507 466 ,   4 430,4430.0,21.44469525959368
150747 SAO JOAO DE PIRABAS,254.0,-,254.0,150747,São João de Pirabas,  1 507 474 ,   20 689,20689.0,12.277055440088937
150750 SAO JOAO DO ARAGUAIA,126.0,-,126.0,150750,São João do Araguaia,  1 507 508 ,   13 664,13664.0,9.221311475409836
150760 SAO MIGUEL DO GUAMA,675.0,37,712.0,150760,São Miguel do Guamá,  1 507 607 ,   52 894,52894.0,13.460884032215374
150770 SAO SEBASTIAO DA BOA VISTA,341.0,-,341.0,150770,São Sebastião da Boa Vista,  1 507 706 ,   25 643,25643.0,13.297976055843701
150775 SAPUCAIA,143.0,-,143.0,150775,Sapucaia,  1 507 755 ,   5 847,5847.0,24.45698648879767
150780 SENADOR JOSE PORFIRIO,154.0,-,154.0,150780,Senador José Porfírio,  1 507 805 ,   22 576,22576.0,6.8214032600992205
150790 SOURE,198.0,-,198.0,150790,Soure,  1 507 904 ,   24 204,24204.0,8.180466038671295
150795 TAILANDIA,729.0,120,849.0,150795,Tailândia,  1 507 953 ,   72 493,72493.0,11.711475590746694
150796 TERRA ALTA,153.0,-,153.0,150796,Terra Alta,  1 507 961 ,   10 400,10400.0,14.711538461538462
150797 TERRA SANTA,196.0,6,202.0,150797,Terra Santa,  1 507 979 ,   18 782,18782.0,10.754978170588862
150800 TOME-ACU,745.0,39,784.0,150800,Tomé-Açu,  1 508 001 ,   67 585,67585.0,11.600207146556189
150803 TRACUATEUA,290.0,-,290.0,150803,Tracuateua,  1 508 035 ,   28 595,28595.0,10.141633152649064
150805 TRAIRAO,163.0,-,163.0,150805,Trairão,  1 508 050 ,   15 242,15242.0,10.694134628001576
150808 TUCUMA,457.0,35,492.0,150808,Tucumã,  1 508 084 ,   39 550,39550.0,12.439949431099873
150810 TUCURUI,2137.0,80,2217.0,150810,Tucuruí,  1 508 100 ,   91 306,91306.0,24.28098920114779
150812 ULIANOPOLIS,615.0,10,625.0,150812,Ulianópolis,  1 508 126 ,   37 972,37972.0,16.459496471083956
150815 URUARA,341.0,9,350.0,150815,Uruará,  1 508 159 ,   43 558,43558.0,8.035263327058175
150820 VIGIA,342.0,1,343.0,150820,Vigia,  1 508 209 ,   50 832,50832.0,6.747717972930438
150830 VISEU,651.0,-,651.0,150830,Viseu,  1 508 308 ,   58 692,58692.0,11.09180126763443
150835 VITORIA DO XINGU,501.0,6,507.0,150835,Vitória do Xingu,  1 508 357 ,   15 607,15607.0,32.48542320753508
150840 XINGUARA,554.0,122,676.0,150840,Xinguara,  1 508 407 ,   52 893,52893.0,12.780519161325694
160005 SERRA DO NAVIO,112.0,1,113.0,160005,Serra do Navio,  1 600 055 ,   4 673,4673.0,24.18146800770383
160010 AMAPA,236.0,1,237.0,160010,Amapá,  1 600 105 ,   7 943,7943.0,29.837592849049475
160015 PEDRA BRANCA DO AMAPARI,344.0,7,351.0,160015,Pedra Branca do Amapari,  1 600 154 ,   12 847,12847.0,27.321553670117535
160020 CALCOENE,229.0,1,230.0,160020,Calçoene,  1 600 204 ,   10 612,10612.0,21.673577082548057
160021 CUTIAS,151.0,-,151.0,160021,Cutias,  1 600 212 ,   4 461,4461.0,33.84891279982067
160023 FERREIRA GOMES,260.0,3,263.0,160023,Ferreira Gomes,  1 600 238 ,   6 666,6666.0,39.45394539453945
160025 ITAUBAL,112.0,-,112.0,160025,Itaubal,  1 600 253 ,   5 599,5599.0,20.003572066440437
160027 LARANJAL DO JARI,648.0,12,660.0,160027,Laranjal do Jari,  1 600 279 ,   35 114,35114.0,18.795921854530956
160030 MACAPA,12092.0,838,12930.0,160030,Macapá,  1 600 303 ,   442 933,442933.0,29.191773925176044
160040 MAZAGAO,358.0,32,390.0,160040,Mazagão,  1 600 402 ,   21 924,21924.0,17.78872468527641
160050 OIAPOQUE,450.0,9,459.0,160050,Oiapoque,  1 600 501 ,   27 482,27482.0,16.701841205152462
160053 PORTO GRANDE,536.0,5,541.0,160053,Porto Grande,  1 600 535 ,   17 848,17848.0,30.311519497982967
160055 PRACUUBA,64.0,-,64.0,160055,Pracuúba,  1 600 550 ,   3 803,3803.0,16.828819353142258
160060 SANTANA,1736.0,111,1847.0,160060,Santana,  1 600 600 ,   107 618,107618.0,17.162556449664553
160070 TARTARUGALZINHO,355.0,1,356.0,160070,Tartarugalzinho,  1 600 709 ,   12 945,12945.0,27.500965623792972
160080 VITORIA DO JARI,221.0,6,227.0,160080,Vitória do Jari,  1 600 808 ,   11 291,11291.0,20.10450801523337
170025 ABREULANDIA,52.0,-,52.0,170025,Abreulândia,  1 700 251 ,   2 576,2576.0,20.18633540372671
170030 AGUIARNOPOLIS,90.0,-,90.0,170030,Aguiarnópolis,  1 700 301 ,   4 497,4497.0,20.0133422281521
170035 ALIANCA DO TOCANTINS,83.0,-,83.0,170035,Aliança do Tocantins,  1 700 350 ,   5 147,5147.0,16.125898581698078
170040 ALMAS,134.0,-,134.0,170040,Almas,  1 700 400 ,   6 499,6499.0,20.61855670103093
170070 ALVORADA,233.0,3,236.0,170070,Alvorada,  1 700 707 ,   8 802,8802.0,26.812088161781414
170100 ANANAS,168.0,-,168.0,170100,Ananás,  1 701 002 ,   10 325,10325.0,16.271186440677965
170105 ANGICO,77.0,-,77.0,170105,Angico,  1 701 051 ,   2 876,2876.0,26.773296244784422
170110 APARECIDA DO RIO NEGRO,55.0,-,55.0,170110,Aparecida do Rio Negro,  1 701 101 ,   4 856,4856.0,11.326194398682043
170130 ARAGOMINAS,103.0,-,103.0,170130,Aragominas,  1 701 309 ,   5 290,5290.0,19.47069943289225
170190 ARAGUACEMA,122.0,-,122.0,170190,Araguacema,  1 701 903 ,   5 927,5927.0,20.58376919183398
170200 ARAGUACU,275.0,-,275.0,170200,Araguaçu,  1 702 000 ,   8 133,8133.0,33.81286118283536
170210 ARAGUAINA,6034.0,470,6504.0,170210,Araguaína,  1 702 109 ,   171 301,171301.0,37.96825470954635
170215 ARAGUANA,102.0,-,102.0,170215,Araguanã,  1 702 158 ,   4 310,4310.0,23.66589327146172
170220 ARAGUATINS,407.0,26,433.0,170220,Araguatins,  1 702 208 ,   31 918,31918.0,13.566012908076948
170230 ARAPOEMA,219.0,-,219.0,170230,Arapoema,  1 702 307 ,   5 550,5550.0,39.45945945945946
170240 ARRAIAS,300.0,3,303.0,170240,Arraias,  1 702 406 ,   10 287,10287.0,29.454651501895597
170255 AUGUSTINOPOLIS,1017.0,4,1021.0,170255,Augustinópolis,  1 702 554 ,   17 484,17484.0,58.396247998169756
170270 AURORA DO TOCANTINS,58.0,-,58.0,170270,Aurora do Tocantins,  1 702 703 ,   3 342,3342.0,17.354877318970676
170290 AXIXA DO TOCANTINS,96.0,-,96.0,170290,Axixá do Tocantins,  1 702 901 ,   10 262,10262.0,9.354901578639643
170300 BABACULANDIA,121.0,-,121.0,170300,Babaçulândia,  1 703 008 ,   7 880,7880.0,15.355329949238579
170305 BANDEIRANTES DO TOCANTINS,113.0,1,114.0,170305,Bandeirantes do Tocantins,  1 703 057 ,   3 407,3407.0,33.460522453771645
170307 BARRA DO OURO,55.0,-,55.0,170307,Barra do Ouro,  1 703 073 ,   4 476,4476.0,12.287756925826631
170310 BARROLANDIA,87.0,-,87.0,170310,Barrolândia,  1 703 107 ,   4 846,4846.0,17.952950887329756
170320 BERNARDO SAYAO,53.0,-,53.0,170320,Bernardo Sayão,  1 703 206 ,   4 229,4229.0,12.53251359659494
170330 BOM JESUS DO TOCANTINS,54.0,-,54.0,170330,Bom Jesus do Tocantins,  1 703 305 ,   4 038,4038.0,13.372956909361069
170360 BRASILANDIA DO TOCANTINS,39.0,-,39.0,170360,Brasilândia do Tocantins,  1 703 602 ,   1 974,1974.0,19.756838905775076
170370 BREJINHO DE NAZARE,104.0,-,104.0,170370,Brejinho de Nazaré,  1 703 701 ,   4 725,4725.0,22.010582010582013
170380 BURITI DO TOCANTINS,119.0,-,119.0,170380,Buriti do Tocantins,  1 703 800 ,   10 307,10307.0,11.545551566896284
170382 CACHOEIRINHA,40.0,-,40.0,170382,Cachoeirinha,  1 703 826 ,   1 961,1961.0,20.39775624681285
170384 CAMPOS LINDOS,116.0,2,118.0,170384,Campos Lindos,  1 703 842 ,   8 653,8653.0,13.636888940251936
170386 CARIRI DO TOCANTINS,91.0,1,92.0,170386,Cariri do Tocantins,  1 703 867 ,   4 007,4007.0,22.95982031444971
170388 CARMOLANDIA,40.0,-,40.0,170388,Carmolândia,  1 703 883 ,   2 201,2201.0,18.173557473875512
170389 CARRASCO BONITO,81.0,-,81.0,170389,Carrasco Bonito,  1 703 891 ,   3 318,3318.0,24.412296564195298
170390 CASEARA,58.0,-,58.0,170390,Caseara,  1 703 909 ,   4 847,4847.0,11.966164637920365
170410 CENTENARIO,57.0,-,57.0,170410,Centenário,  1 704 105 ,   2 131,2131.0,26.74800563115908
170460 CHAPADA DE AREIA,42.0,-,42.0,170460,Chapada de Areia,  1 704 600 ,   1 501,1501.0,27.98134576948701
170510 CHAPADA DA NATIVIDADE,81.0,-,81.0,170510,Chapada da Natividade,  1 705 102 ,   3 117,3117.0,25.98652550529355
170550 COLINAS DO TOCANTINS,428.0,30,458.0,170550,Colinas do Tocantins,  1 705 508 ,   34 233,34233.0,13.378903397306692
170555 COMBINADO,54.0,-,54.0,170555,Combinado,  1 705 557 ,   4 756,4756.0,11.354079058031958
170560 CONCEICAO DO TOCANTINS,92.0,1,93.0,170560,Conceição do Tocantins,  1 705 607 ,   3 887,3887.0,23.92590686905068
170600 COUTO MAGALHAES,75.0,2,77.0,170600,Couto Magalhães,  1 706 001 ,   5 331,5331.0,14.443819170887263
170610 CRISTALANDIA,117.0,-,117.0,170610,Cristalândia,  1 706 100 ,   6 371,6371.0,18.364463977397584
170625 CRIXAS DO TOCANTINS,39.0,-,39.0,170625,Crixás do Tocantins,  1 706 258 ,   1 470,1470.0,26.53061224489796
170650 DARCINOPOLIS,91.0,1,92.0,170650,Darcinópolis,  1 706 506 ,   5 827,5827.0,15.78857044791488
170700 DIANOPOLIS,441.0,20,461.0,170700,Dianópolis,  1 707 009 ,   17 739,17739.0,25.98793618580529
170710 DIVINOPOLIS DO TOCANTINS,147.0,-,147.0,170710,Divinópolis do Tocantins,  1 707 108 ,   7 024,7024.0,20.928246013667426
170720 DOIS IRMAOS DO TOCANTINS,103.0,-,103.0,170720,Dois Irmãos do Tocantins,  1 707 207 ,   6 327,6327.0,16.279437332068913
170730 DUERE,119.0,-,119.0,170730,Dueré,  1 707 306 ,   4 248,4248.0,28.013182674199623
170740 ESPERANTINA,92.0,-,92.0,170740,Esperantina,  1 707 405 ,   7 530,7530.0,12.217795484727755
170755 FATIMA,81.0,-,81.0,170755,Fátima,  1 707 553 ,   3 467,3467.0,23.363138159792328
170765 FIGUEIROPOLIS,93.0,-,93.0,170765,Figueirópolis,  1 707 652 ,   5 211,5211.0,17.846862406447897
170770 FILADELFIA,143.0,-,143.0,170770,Filadélfia,  1 707 702 ,   7 712,7712.0,18.54253112033195
170820 FORMOSO DO ARAGUAIA,370.0,8,378.0,170820,Formoso do Araguaia,  1 708 205 ,   18 881,18881.0,20.020126052645516
170825 FORTALEZA DO TABOCAO,72.0,-,72.0,170825,Tabocão,  1 708 254 ,   3 455,3455.0,20.839363241678726
170830 GOIANORTE,91.0,2,93.0,170830,Goianorte,  1 708 304 ,   4 738,4738.0,19.628535246939638
170900 GOIATINS,187.0,-,187.0,170900,Goiatins,  1 709 005 ,   12 433,12433.0,15.040617710930588
170930 GUARAI,642.0,19,661.0,170930,Guaraí,  1 709 302 ,   24 775,24775.0,26.680121089808274
170950 GURUPI,2227.0,222,2449.0,170950,Gurupi,  1 709 500 ,   85 125,85125.0,28.769456681350952
170980 IPUEIRAS,48.0,-,48.0,170980,Ipueiras,  1 709 807 ,   1 590,1590.0,30.18867924528302
171050 ITACAJA,199.0,1,200.0,171050,Itacajá,  1 710 508 ,   6 819,6819.0,29.32981375568265
171070 ITAGUATINS,100.0,-,100.0,171070,Itaguatins,  1 710 706 ,   5 172,5172.0,19.334880123743233
171090 ITAPIRATINS,48.0,-,48.0,171090,Itapiratins,  1 710 904 ,   3 577,3577.0,13.419066256639642
171110 ITAPORA DO TOCANTINS,59.0,-,59.0,171110,Itaporã do Tocantins,  1 711 100 ,   2 404,2404.0,24.542429284525788
171150 JAU DO TOCANTINS,56.0,-,56.0,171150,Jaú do Tocantins,  1 711 506 ,   3 334,3334.0,16.796640671865628
171180 JUARINA,35.0,-,35.0,171180,Juarina,  1 711 803 ,   2 243,2243.0,15.60410164957646
171190 LAGOA DA CONFUSAO,141.0,27,168.0,171190,Lagoa da Confusão,  1 711 902 ,   15 288,15288.0,10.989010989010989
171195 LAGOA DO TOCANTINS,75.0,-,75.0,171195,Lagoa do Tocantins,  1 711 951 ,   3 516,3516.0,21.33105802047782
171200 LAJEADO,99.0,2,101.0,171200,Lajeado,  1 712 009 ,   3 357,3357.0,30.086386654751266
171215 LAVANDEIRA,50.0,-,50.0,171215,Lavandeira,  1 712 157 ,   1 626,1626.0,30.75030750307503
171240 LIZARDA,34.0,-,34.0,171240,Lizarda,  1 712 405 ,   2 999,2999.0,11.337112370790264
171245 LUZINOPOLIS,61.0,2,63.0,171245,Luzinópolis,  1 712 454 ,   2 717,2717.0,23.18733897681266
171250 MARIANOPOLIS DO TOCANTINS,108.0,-,108.0,171250,Marianópolis do Tocantins,  1 712 504 ,   4 615,4615.0,23.401950162513543
171270 MATEIROS,39.0,-,39.0,171270,Mateiros,  1 712 702 ,   2 748,2748.0,14.192139737991267
171280 MAURILANDIA DO TOCANTINS,55.0,-,55.0,171280,Maurilândia do Tocantins,  1 712 801 ,   3 095,3095.0,17.770597738287563
171320 MIRACEMA DO TOCANTINS,624.0,9,633.0,171320,Miracema do Tocantins,  1 713 205 ,   18 566,18566.0,34.09458149305181
171330 MIRANORTE,156.0,14,170.0,171330,Miranorte,  1 713 304 ,   12 701,12701.0,13.384772852531297
171360 MONTE DO CARMO,138.0,-,138.0,171360,Monte do Carmo,  1 713 601 ,   5 694,5694.0,24.236037934668072
171370 MONTE SANTO DO TOCANTINS,31.0,-,31.0,171370,Monte Santo do Tocantins,  1 713 700 ,   2 396,2396.0,12.93823038397329
171380 PALMEIRAS DO TOCANTINS,79.0,-,79.0,171380,Palmeiras do Tocantins,  1 713 809 ,   4 872,4872.0,16.21510673234811
171395 MURICILANDIA,69.0,-,69.0,171395,Muricilândia,  1 713 957 ,   3 367,3367.0,20.49302049302049
171420 NATIVIDADE,125.0,3,128.0,171420,Natividade,  1 714 203 ,   8 754,8754.0,14.62188713730866
171430 NAZARE,63.0,-,63.0,171430,Nazaré,  1 714 302 ,   4 521,4521.0,13.934970139349701
171488 NOVA OLINDA,140.0,1,141.0,171488,Nova Olinda,  1 714 880 ,   10 367,10367.0,13.600848847303945
171500 NOVA ROSALANDIA,88.0,-,88.0,171500,Nova Rosalândia,  1 715 002 ,   3 362,3362.0,26.174895895300416
171510 NOVO ACORDO,67.0,-,67.0,171510,Novo Acordo,  1 715 101 ,   3 969,3969.0,16.880826404635926
171515 NOVO ALEGRE,73.0,-,73.0,171515,Novo Alegre,  1 715 150 ,   1 846,1846.0,39.54496208017335
171525 NOVO JARDIM,52.0,-,52.0,171525,Novo Jardim,  1 715 259 ,   2 230,2230.0,23.318385650224215
171550 OLIVEIRA DE FATIMA,54.0,-,54.0,171550,Oliveira de Fátima,  1 715 507 ,   1 164,1164.0,46.391752577319586
171570 PALMEIRANTE,66.0,52,118.0,171570,Palmeirante,  1 715 705 ,   4 798,4798.0,24.593580658607753
171575 PALMEIROPOLIS,139.0,5,144.0,171575,Palmeirópolis,  1 715 754 ,   6 975,6975.0,20.64516129032258
171610 PARAISO DO TOCANTINS,1013.0,177,1190.0,171610,Paraíso do Tocantins,  1 716 109 ,   52 360,52360.0,22.727272727272727
171620 PARANA,185.0,1,186.0,171620,Paranã,  1 716 208 ,   10 542,10542.0,17.643710870802504
171630 PAU D'ARCO,74.0,-,74.0,171630,Pau D'Arco,  1 716 307 ,   4 043,4043.0,18.303240168191937
171650 PEDRO AFONSO,387.0,7,394.0,171650,Pedro Afonso,  1 716 505 ,   14 055,14055.0,28.032728566346496
171660 PEIXE,207.0,-,207.0,171660,Peixe,  1 716 604 ,   9 317,9317.0,22.217451969518088
171665 PEQUIZEIRO,87.0,3,90.0,171665,Pequizeiro,  1 716 653 ,   4 921,4921.0,18.288965657386708
171670 COLMEIA,111.0,2,113.0,171670,Colméia,  1 716 703 ,   8 941,8941.0,12.638407336986916
171700 PINDORAMA DO TOCANTINS,109.0,-,109.0,171700,Pindorama do Tocantins,  1 717 008 ,   4 478,4478.0,24.341223760607413
171720 PIRAQUE,55.0,-,55.0,171720,Piraquê,  1 717 206 ,   2 282,2282.0,24.101665205959684
171750 PIUM,119.0,-,119.0,171750,Pium,  1 717 503 ,   7 128,7128.0,16.69472502805836
171780 PONTE ALTA DO BOM JESUS,82.0,1,83.0,171780,Ponte Alta do Bom Jesus,  1 717 800 ,   4 220,4220.0,19.66824644549763
171790 PONTE ALTA DO TOCANTINS,149.0,1,150.0,171790,Ponte Alta do Tocantins,  1 717 909 ,   7 586,7586.0,19.773266543633007
171800 PORTO ALEGRE DO TOCANTINS,45.0,-,45.0,171800,Porto Alegre do Tocantins,  1 718 006 ,   2 866,2866.0,15.701325889741799
171820 PORTO NACIONAL,1986.0,111,2097.0,171820,Porto Nacional,  1 718 204 ,   64 418,64418.0,32.55301313297525
171830 PRAIA NORTE,132.0,-,132.0,171830,Praia Norte,  1 718 303 ,   9 044,9044.0,14.5953118089341
171840 PRESIDENTE KENNEDY,57.0,-,57.0,171840,Presidente Kennedy,  1 718 402 ,   3 047,3047.0,18.70692484410896
171845 PUGMIL,46.0,-,46.0,171845,Pugmil,  1 718 451 ,   2 193,2193.0,20.975832193342452
171850 RECURSOLANDIA,64.0,-,64.0,171850,Recursolândia,  1 718 501 ,   3 421,3421.0,18.70798012277112
171855 RIACHINHO,66.0,-,66.0,171855,Riachinho,  1 718 550 ,   3 960,3960.0,16.666666666666668
171865 RIO DA CONCEICAO,47.0,-,47.0,171865,Rio da Conceição,  1 718 659 ,   1 768,1768.0,26.583710407239817
171870 RIO DOS BOIS,46.0,-,46.0,171870,Rio dos Bois,  1 718 709 ,   2 738,2738.0,16.800584368151938
171875 RIO SONO,108.0,-,108.0,171875,Rio Sono,  1 718 758 ,   4 841,4841.0,22.309440198306135
171880 SAMPAIO,58.0,1,59.0,171880,Sampaio,  1 718 808 ,   4 215,4215.0,13.997627520759194
171884 SANDOLANDIA,52.0,-,52.0,171884,Sandolândia,  1 718 840 ,   3 723,3723.0,13.967230727907602
171886 SANTA FE DO ARAGUAIA,100.0,-,100.0,171886,Santa Fé do Araguaia,  1 718 865 ,   7 216,7216.0,13.85809312638581
171888 SANTA MARIA DO TOCANTINS,46.0,-,46.0,171888,Santa Maria do Tocantins,  1 718 881 ,   2 680,2680.0,17.16417910447761
171889 SANTA RITA DO TOCANTINS,59.0,-,59.0,171889,Santa Rita do Tocantins,  1 718 899 ,   2 219,2219.0,26.58855340243353
171890 SANTA ROSA DO TOCANTINS,83.0,1,84.0,171890,Santa Rosa do Tocantins,  1 718 907 ,   4 653,4653.0,18.052869116698904
171900 SANTA TEREZA DO TOCANTINS,62.0,-,62.0,171900,Santa Tereza do Tocantins,  1 719 004 ,   2 781,2781.0,22.294138798993167
172000 SANTA TEREZINHA DO TOCANTINS,63.0,-,63.0,172000,Santa Terezinha do Tocantins,  1 720 002 ,   2 406,2406.0,26.184538653366584
172010 SAO BENTO DO TOCANTINS,90.0,-,90.0,172010,São Bento do Tocantins,  1 720 101 ,   5 654,5654.0,15.91793420587195
172015 SAO FELIX DO TOCANTINS,40.0,1,41.0,172015,São Félix do Tocantins,  1 720 150 ,   1 783,1783.0,22.994952327537856
172020 SAO MIGUEL DO TOCANTINS,157.0,-,157.0,172020,São Miguel do Tocantins,  1 720 200 ,   13 241,13241.0,11.85711049014425
172025 SAO SALVADOR DO TOCANTINS,67.0,-,67.0,172025,São Salvador do Tocantins,  1 720 259 ,   2 385,2385.0,28.092243186582806
172030 SAO SEBASTIAO DO TOCANTINS,63.0,-,63.0,172030,São Sebastião do Tocantins,  1 720 309 ,   4 100,4100.0,15.365853658536585
172049 SAO VALERIO,90.0,-,90.0,172049,São Valério,  1 720 499 ,   4 422,4422.0,20.3527815468114
172065 SILVANOPOLIS,104.0,2,106.0,172065,Silvanópolis,  1 720 655 ,   5 108,5108.0,20.751761942051683
172080 SITIO NOVO DO TOCANTINS,224.0,-,224.0,172080,Sítio Novo do Tocantins,  1 720 804 ,   10 830,10830.0,20.683287165281627
172085 SUCUPIRA,31.0,-,31.0,172085,Sucupira,  1 720 853 ,   1 577,1577.0,19.657577679137603
172090 TAGUATINGA,256.0,3,259.0,172090,Taguatinga,  1 720 903 ,   14 011,14011.0,18.48547569766612
172093 TAIPAS DO TOCANTINS,38.0,-,38.0,172093,Taipas do Tocantins,  1 720 937 ,   2 021,2021.0,18.80257298367145
172097 TALISMA,55.0,-,55.0,172097,Talismã,  1 720 978 ,   2 456,2456.0,22.39413680781759
172100 PALMAS,7942.0,1545,9487.0,172100,Palmas,  1 721 000 ,   302 692,302692.0,31.342090309621664
172110 TOCANTINIA,170.0,-,170.0,172110,Tocantínia,  1 721 109 ,   7 459,7459.0,22.79125888188765
172120 TOCANTINOPOLIS,357.0,14,371.0,172120,Tocantinópolis,  1 721 208 ,   22 615,22615.0,16.405040902056157
172125 TUPIRAMA,63.0,-,63.0,172125,Tupirama,  1 721 257 ,   1 909,1909.0,33.001571503404925
172130 TUPIRATINS,36.0,-,36.0,172130,Tupiratins,  1 721 307 ,   1 874,1874.0,19.2102454642476
172208 WANDERLANDIA,135.0,3,138.0,172208,Wanderlândia,  1 722 081 ,   10 522,10522.0,13.115377304694924
172210 XAMBIOA,212.0,9,221.0,172210,Xambioá,  1 722 107 ,   10 517,10517.0,21.013597033374538
210005 ACAILANDIA,1424.0,400,1824.0,210005,Açailândia,  2 100 055 ,   106 550,106550.0,17.118723603941813
210010 AFONSO CUNHA,97.0,-,97.0,210010,Afonso Cunha,  2 100 105 ,   6 144,6144.0,15.787760416666668
210015 AGUA DOCE DO MARANHAO,128.0,-,128.0,210015,Água Doce do Maranhão,  2 100 154 ,   12 142,12142.0,10.541920606160435
210020 ALCANTARA,267.0,4,271.0,210020,Alcântara,  2 100 204 ,   18 467,18467.0,14.674825364163102
210030 ALDEIAS ALTAS,341.0,-,341.0,210030,Aldeias Altas,  2 100 303 ,   23 286,23286.0,14.643992098256463
210040 ALTAMIRA DO MARANHAO,117.0,-,117.0,210040,Altamira do Maranhão,  2 100 402 ,   6 447,6447.0,18.147975802698927
210043 ALTO ALEGRE DO MARANHAO,498.0,1,499.0,210043,Alto Alegre do Maranhão,  2 100 436 ,   24 048,24048.0,20.75016633399867
210047 ALTO ALEGRE DO PINDARE,462.0,9,471.0,210047,Alto Alegre do Pindaré,  2 100 477 ,   25 710,25710.0,18.319719953325556
210050 ALTO PARNAIBA,161.0,12,173.0,210050,Alto Parnaíba,  2 100 501 ,   11 109,11109.0,15.572958862183816
210055 AMAPA DO MARANHAO,95.0,-,95.0,210055,Amapá do Maranhão,  2 100 550 ,   7 170,7170.0,13.249651324965132
210060 AMARANTE DO MARANHAO,960.0,-,960.0,210060,Amarante do Maranhão,  2 100 600 ,   37 085,37085.0,25.88647701226911
210070 ANAJATUBA,338.0,3,341.0,210070,Anajatuba,  2 100 709 ,   25 322,25322.0,13.466550825369245
210080 ANAPURUS,168.0,6,174.0,210080,Anapurus,  2 100 808 ,   13 793,13793.0,12.6150946132096
210083 APICUM-ACU,204.0,-,204.0,210083,Apicum-Açu,  2 100 832 ,   17 519,17519.0,11.644500256863976
210087 ARAGUANA,167.0,-,167.0,210087,Araguanã,  2 100 873 ,   11 181,11181.0,14.93605223146409
210090 ARAIOSES,321.0,-,321.0,210090,Araioses,  2 100 907 ,   39 052,39052.0,8.219809484789511
210095 ARAME,331.0,7,338.0,210095,Arame,  2 100 956 ,   25 517,25517.0,13.2460712466199
210100 ARARI,427.0,-,427.0,210100,Arari,  2 101 004 ,   29 472,29472.0,14.488327904451683
210110 AXIXA,164.0,-,164.0,210110,Axixá,  2 101 103 ,   11 790,11790.0,13.910093299406276
210120 BACABAL,2071.0,213,2284.0,210120,Bacabal,  2 101 202 ,   103 711,103711.0,22.022736257484745
210125 BACABEIRA,256.0,1,257.0,210125,Bacabeira,  2 101 251 ,   16 966,16966.0,15.147942944712955
210130 BACURI,229.0,1,230.0,210130,Bacuri,  2 101 301 ,   16 290,16290.0,14.119091467157766
210135 BACURITUBA,75.0,-,75.0,210135,Bacurituba,  2 101 350 ,   5 252,5252.0,14.28027418126428
210140 BALSAS,1541.0,232,1773.0,210140,Balsas,  2 101 400 ,   101 767,101767.0,17.422150598917135
210150 BARAO DE GRAJAU,245.0,2,247.0,210150,Barão de Grajaú,  2 101 509 ,   18 984,18984.0,13.010956595027391
210160 BARRA DO CORDA,1613.0,39,1652.0,210160,Barra do Corda,  2 101 608 ,   84 532,84532.0,19.542894998343822
210170 BARREIRINHAS,820.0,15,835.0,210170,Barreirinhas,  2 101 707 ,   65 589,65589.0,12.730793273262284
210173 BELAGUA,133.0,-,133.0,210173,Belágua,  2 101 731 ,   8 460,8460.0,15.721040189125294
210177 BELA VISTA DO MARANHAO,204.0,-,204.0,210177,Bela Vista do Maranhão,  2 101 772 ,   11 750,11750.0,17.361702127659573
210180 BENEDITO LEITE,86.0,4,90.0,210180,Benedito Leite,  2 101 806 ,   5 469,5469.0,16.456390565002742
210190 BEQUIMAO,304.0,34,338.0,210190,Bequimão,  2 101 905 ,   19 584,19584.0,17.258986928104576
210193 BERNARDO DO MEARIM,137.0,-,137.0,210193,Bernardo do Mearim,  2 101 939 ,   5 840,5840.0,23.458904109589042
210197 BOA VISTA DO GURUPI,84.0,-,84.0,210197,Boa Vista do Gurupi,  2 101 970 ,   7 574,7574.0,11.090573012939002
210200 BOM JARDIM,544.0,-,544.0,210200,Bom Jardim,  2 102 002 ,   33 100,33100.0,16.435045317220546
210203 BOM JESUS DAS SELVAS,411.0,-,411.0,210203,Bom Jesus das Selvas,  2 102 036 ,   28 599,28599.0,14.371131857757264
210207 BOM LUGAR,133.0,4,137.0,210207,Bom Lugar,  2 102 077 ,   12 212,12212.0,11.21847363249263
210210 BREJO,358.0,-,358.0,210210,Brejo,  2 102 101 ,   34 120,34120.0,10.492379835873388
210215 BREJO DE AREIA,84.0,3,87.0,210215,Brejo de Areia,  2 102 150 ,   9 218,9218.0,9.438055977435452
210220 BURITI,331.0,2,333.0,210220,Buriti,  2 102 200 ,   29 685,29685.0,11.2177867609904
210230 BURITI BRAVO,369.0,-,369.0,210230,Buriti Bravo,  2 102 309 ,   22 455,22455.0,16.432865731462925
210232 BURITICUPU,954.0,19,973.0,210232,Buriticupu,  2 102 325 ,   55 499,55499.0,17.531847420674247
210235 BURITIRANA,170.0,-,170.0,210235,Buritirana,  2 102 358 ,   12 918,12918.0,13.15993187799969
210237 CACHOEIRA GRANDE,134.0,-,134.0,210237,Cachoeira Grande,  2 102 374 ,   9 732,9732.0,13.769009453349772
210240 CAJAPIO,151.0,-,151.0,210240,Cajapió,  2 102 408 ,   10 121,10121.0,14.919474360241082
210250 CAJARI,197.0,-,197.0,210250,Cajari,  2 102 507 ,   16 412,16412.0,12.003412137460396
210255 CAMPESTRE DO MARANHAO,169.0,3,172.0,210255,Campestre do Maranhão,  2 102 556 ,   12 301,12301.0,13.98260304040322
210260 CANDIDO MENDES,251.0,-,251.0,210260,Cândido Mendes,  2 102 606 ,   19 932,19932.0,12.592815572948023
210270 CANTANHEDE,342.0,-,342.0,210270,Cantanhede,  2 102 705 ,   24 303,24303.0,14.072336748549562
210275 CAPINZAL DO NORTE,253.0,1,254.0,210275,Capinzal do Norte,  2 102 754 ,   11 374,11374.0,22.331633550202216
210280 CAROLINA,265.0,7,272.0,210280,Carolina,  2 102 804 ,   24 062,24062.0,11.304130994929764
210290 CARUTAPERA,503.0,1,504.0,210290,Carutapera,  2 102 903 ,   24 238,24238.0,20.79379486756333
210300 CAXIAS,3574.0,277,3851.0,210300,Caxias,  2 103 000 ,   156 973,156973.0,24.53288145095016
210310 CEDRAL,100.0,-,100.0,210310,Cedral,  2 103 109 ,   10 208,10208.0,9.796238244514107
210312 CENTRAL DO MARANHAO,107.0,-,107.0,210312,Central do Maranhão,  2 103 125 ,   7 094,7094.0,15.083168875105724
210315 CENTRO DO GUILHERME,139.0,-,139.0,210315,Centro do Guilherme,  2 103 158 ,   12 342,12342.0,11.262356182142279
210317 CENTRO NOVO DO MARANHAO,260.0,-,260.0,210317,Centro Novo do Maranhão,  2 103 174 ,   16 267,16267.0,15.983279031167395
210320 CHAPADINHA,1292.0,105,1397.0,210320,Chapadinha,  2 103 208 ,   81 386,81386.0,17.165114393138868
210325 CIDELANDIA,191.0,-,191.0,210325,Cidelândia,  2 103 257 ,   12 878,12878.0,14.83149557384687
210330 CODO,1726.0,45,1771.0,210330,Codó,  2 103 307 ,   114 275,114275.0,15.49770290964778
210340 COELHO NETO,755.0,46,801.0,210340,Coelho Neto,  2 103 406 ,   41 658,41658.0,19.227999423880167
210350 COLINAS,914.0,23,937.0,210350,Colinas,  2 103 505 ,   40 316,40316.0,23.24139299533684
210355 CONCEICAO DO LAGO-ACU,187.0,-,187.0,210355,Conceição do Lago-Açu,  2 103 554 ,   14 915,14915.0,12.537713711029165
210360 COROATA,1331.0,19,1350.0,210360,Coroatá,  2 103 604 ,   59 566,59566.0,22.663935802303328
210370 CURURUPU,585.0,-,585.0,210370,Cururupu,  2 103 703 ,   31 558,31558.0,18.537296406616388
210375 DAVINOPOLIS,137.0,-,137.0,210375,Davinópolis,  2 103 752 ,   14 404,14404.0,9.511246875867815
210380 DOM PEDRO,382.0,2,384.0,210380,Dom Pedro,  2 103 802 ,   23 053,23053.0,16.657268034529128
210390 DUQUE BACELAR,186.0,6,192.0,210390,Duque Bacelar,  2 103 901 ,   10 223,10223.0,18.781179692849456
210400 ESPERANTINOPOLIS,329.0,3,332.0,210400,Esperantinópolis,  2 104 008 ,   18 311,18311.0,18.13117798044891
210405 ESTREITO,496.0,14,510.0,210405,Estreito,  2 104 057 ,   33 294,33294.0,15.318075328888087
210407 FEIRA NOVA DO MARANHAO,128.0,2,130.0,210407,Feira Nova do Maranhão,  2 104 073 ,   8 048,8048.0,16.153081510934395
210408 FERNANDO FALCAO,161.0,-,161.0,210408,Fernando Falcão,  2 104 081 ,   10 873,10873.0,14.807320886599834
210409 FORMOSA DA SERRA NEGRA,235.0,-,235.0,210409,Formosa da Serra Negra,  2 104 099 ,   17 719,17719.0,13.262599469496022
210410 FORTALEZA DOS NOGUEIRAS,162.0,3,165.0,210410,Fortaleza dos Nogueiras,  2 104 107 ,   12 640,12640.0,13.05379746835443
210420 FORTUNA,212.0,-,212.0,210420,Fortuna,  2 104 206 ,   16 976,16976.0,12.488218661639962
210430 GODOFREDO VIANA,121.0,6,127.0,210430,Godofredo Viana,  2 104 305 ,   10 186,10186.0,12.468093461613979
210440 GONCALVES DIAS,234.0,-,234.0,210440,Gonçalves Dias,  2 104 404 ,   17 206,17206.0,13.599907009182843
210450 GOVERNADOR ARCHER,141.0,-,141.0,210450,Governador Archer,  2 104 503 ,   10 231,10231.0,13.781644023067148
210455 GOVERNADOR EDISON LOBAO,250.0,23,273.0,210455,Governador Edison Lobão,  2 104 552 ,   18 411,18411.0,14.828091901580578
210460 GOVERNADOR EUGENIO BARROS,220.0,-,220.0,210460,Governador Eugênio Barros,  2 104 602 ,   13 930,13930.0,15.793251974156496
210462 GOVERNADOR LUIZ ROCHA,113.0,-,113.0,210462,Governador Luiz Rocha,  2 104 628 ,   7 063,7063.0,15.998867336825713
210465 GOVERNADOR NEWTON BELLO,170.0,-,170.0,210465,Governador Newton Bello,  2 104 651 ,   10 713,10713.0,15.868570895174086
210467 GOVERNADOR NUNES FREIRE,262.0,-,262.0,210467,Governador Nunes Freire,  2 104 677 ,   23 128,23128.0,11.328260117606366
210470 GRACA ARANHA,90.0,-,90.0,210470,Graça Aranha,  2 104 701 ,   6 023,6023.0,14.942719574962643
210480 GRAJAU,1024.0,1,1025.0,210480,Grajaú,  2 104 800 ,   73 872,73872.0,13.875351960147283
210490 GUIMARAES,144.0,-,144.0,210490,Guimarães,  2 104 909 ,   10 290,10290.0,13.994169096209912
210500 HUMBERTO DE CAMPOS,386.0,2,388.0,210500,Humberto de Campos,  2 105 005 ,   25 680,25680.0,15.109034267912772
210510 ICATU,298.0,1,299.0,210510,Icatu,  2 105 104 ,   24 794,24794.0,12.059369202226346
210515 IGARAPE DO MEIO,204.0,-,204.0,210515,Igarapé do Meio,  2 105 153 ,   13 974,13974.0,14.598540145985401
210520 IGARAPE GRANDE,233.0,5,238.0,210520,Igarapé Grande,  2 105 203 ,   10 231,10231.0,23.262633173687814
210530 IMPERATRIZ,5116.0,1102,6218.0,210530,Imperatriz,  2 105 302 ,   273 110,273110.0,22.767383105708323
210535 ITAIPAVA DO GRAJAU,245.0,-,245.0,210535,Itaipava do Grajaú,  2 105 351 ,   13 828,13828.0,17.717674284061324
210540 ITAPECURU MIRIM,808.0,49,857.0,210540,Itapecuru Mirim,  2 105 401 ,   60 440,60440.0,14.179351422898742
210542 ITINGA DO MARANHAO,279.0,2,281.0,210542,Itinga do Maranhão,  2 105 427 ,   22 513,22513.0,12.481677253142628
210545 JATOBA,128.0,-,128.0,210545,Jatobá,  2 105 450 ,   7 471,7471.0,17.13291393387766
210547 JENIPAPO DOS VIEIRAS,250.0,1,251.0,210547,Jenipapo dos Vieiras,  2 105 476 ,   17 076,17076.0,14.698992738346217
210550 JOAO LISBOA,402.0,6,408.0,210550,João Lisboa,  2 105 500 ,   24 709,24709.0,16.51220203164839
210560 JOSELANDIA,171.0,1,172.0,210560,Joselândia,  2 105 609 ,   14 924,14924.0,11.525060305548111
210565 JUNCO DO MARANHAO,66.0,-,66.0,210565,Junco do Maranhão,  2 105 658 ,   5 146,5146.0,12.825495530509134
210570 LAGO DA PEDRA,843.0,26,869.0,210570,Lago da Pedra,  2 105 708 ,   44 403,44403.0,19.57074972411774
210580 LAGO DO JUNCO,195.0,-,195.0,210580,Lago do Junco,  2 105 807 ,   9 506,9506.0,20.513359983168524
210590 LAGO VERDE,163.0,-,163.0,210590,Lago Verde,  2 105 906 ,   14 769,14769.0,11.036630780689281
210592 LAGOA DO MATO,136.0,-,136.0,210592,Lagoa do Mato,  2 105 922 ,   10 572,10572.0,12.864169504351116
210594 LAGO DOS RODRIGUES,144.0,-,144.0,210594,Lago dos Rodrigues,  2 105 948 ,   8 758,8758.0,16.44211007079242
210596 LAGOA GRANDE DO MARANHAO,146.0,-,146.0,210596,Lagoa Grande do Maranhão,  2 105 963 ,   11 411,11411.0,12.794671807904653
210598 LAJEADO NOVO,75.0,-,75.0,210598,Lajeado Novo,  2 105 989 ,   7 057,7057.0,10.62774550092107
210600 LIMA CAMPOS,193.0,45,238.0,210600,Lima Campos,  2 106 003 ,   11 297,11297.0,21.067540054881828
210610 LORETO,174.0,1,175.0,210610,Loreto,  2 106 102 ,   11 597,11597.0,15.09010951108045
210620 LUIS DOMINGUES,118.0,-,118.0,210620,Luís Domingues,  2 106 201 ,   7 161,7161.0,16.478145510403575
210630 MAGALHAES DE ALMEIDA,193.0,-,193.0,210630,Magalhães de Almeida,  2 106 300 ,   13 807,13807.0,13.978416745129282
210632 MARACACUME,237.0,3,240.0,210632,Maracaçumé,  2 106 326 ,   21 149,21149.0,11.348054281526313
210635 MARAJA DO SENA,76.0,-,76.0,210635,Marajá do Sena,  2 106 359 ,   7 027,7027.0,10.815426213177743
210637 MARANHAOZINHO,150.0,-,150.0,210637,Maranhãozinho,  2 106 375 ,   13 761,13761.0,10.90037061260083
210640 MATA ROMA,341.0,1,342.0,210640,Mata Roma,  2 106 409 ,   17 090,17090.0,20.011702750146284
210650 MATINHA,360.0,8,368.0,210650,Matinha,  2 106 508 ,   22 034,22034.0,16.70146137787056
210660 MATOES,435.0,2,437.0,210660,Matões,  2 106 607 ,   32 174,32174.0,13.582395723254802
210663 MATOES DO NORTE,206.0,4,210.0,210663,Matões do Norte,  2 106 631 ,   17 432,17432.0,12.046810463515374
210667 MILAGRES DO MARANHAO,127.0,-,127.0,210667,Milagres do Maranhão,  2 106 672 ,   8 818,8818.0,14.402358811521887
210670 MIRADOR,270.0,-,270.0,210670,Mirador,  2 106 706 ,   21 030,21030.0,12.838801711840228
210675 MIRANDA DO NORTE,498.0,2,500.0,210675,Miranda do Norte,  2 106 755 ,   23 864,23864.0,20.952061682869594
210680 MIRINZAL,143.0,2,145.0,210680,Mirinzal,  2 106 805 ,   13 978,13978.0,10.37344398340249
210690 MONCAO,549.0,-,549.0,210690,Monção,  2 106 904 ,   27 751,27751.0,19.783070880328637
210700 MONTES ALTOS,151.0,-,151.0,210700,Montes Altos,  2 107 001 ,   9 106,9106.0,16.582473094662863
210710 MORROS,372.0,2,374.0,210710,Morros,  2 107 100 ,   18 554,18554.0,20.15737846286515
210720 NINA RODRIGUES,210.0,-,210.0,210720,Nina Rodrigues,  2 107 209 ,   14 176,14176.0,14.813769751693002
210725 NOVA COLINAS,78.0,2,80.0,210725,Nova Colinas,  2 107 258 ,   5 021,5021.0,15.933081059549892
210730 NOVA IORQUE,65.0,-,65.0,210730,Nova Iorque,  2 107 308 ,   4 320,4320.0,15.046296296296296
210735 NOVA OLINDA DO MARANHAO,233.0,-,233.0,210735,Nova Olinda do Maranhão,  2 107 357 ,   14 314,14314.0,16.277770015369565
210740 OLHO D'AGUA DAS CUNHAS,223.0,2,225.0,210740,Olho d'Água das Cunhãs,  2 107 407 ,   17 919,17919.0,12.556504269211452
210745 OLINDA NOVA DO MARANHAO,164.0,-,164.0,210745,Olinda Nova do Maranhão,  2 107 456 ,   13 577,13577.0,12.0792516756279
210750 PACO DO LUMIAR,1333.0,97,1430.0,210750,Paço do Lumiar,  2 107 506 ,   145 643,145643.0,9.818528868534704
210760 PALMEIRANDIA,234.0,1,235.0,210760,Palmeirândia,  2 107 605 ,   21 059,21059.0,11.159124364879624
210770 PARAIBANO,255.0,1,256.0,210770,Paraibano,  2 107 704 ,   18 274,18274.0,14.008974499288607
210780 PARNARAMA,533.0,13,546.0,210780,Parnarama,  2 107 803 ,   31 250,31250.0,17.472
210790 PASSAGEM FRANCA,209.0,-,209.0,210790,Passagem Franca,  2 107 902 ,   17 220,17220.0,12.137049941927991
210800 PASTOS BONS,269.0,1,270.0,210800,Pastos Bons,  2 108 009 ,   18 802,18802.0,14.360174449526646
210805 PAULINO NEVES,255.0,-,255.0,210805,Paulino Neves,  2 108 058 ,   17 056,17056.0,14.950750469043152
210810 PAULO RAMOS,287.0,-,287.0,210810,Paulo Ramos,  2 108 108 ,   20 341,20341.0,14.109434147780346
210820 PEDREIRAS,881.0,56,937.0,210820,Pedreiras,  2 108 207 ,   37 050,37050.0,25.290148448043183
210825 PEDRO DO ROSARIO,388.0,16,404.0,210825,Pedro do Rosário,  2 108 256 ,   24 320,24320.0,16.611842105263158
210830 PENALVA,430.0,1,431.0,210830,Penalva,  2 108 306 ,   32 511,32511.0,13.257051459506014
210840 PERI MIRIM,188.0,-,188.0,210840,Peri Mirim,  2 108 405 ,   11 108,11108.0,16.924738926899533
210845 PERITORO,469.0,7,476.0,210845,Peritoró,  2 108 454 ,   20 479,20479.0,23.243322427852924
210850 PINDARE-MIRIM,370.0,-,370.0,210850,Pindaré-Mirim,  2 108 504 ,   31 429,31429.0,11.772566737726304
210860 PINHEIRO,1352.0,74,1426.0,210860,Pinheiro,  2 108 603 ,   84 621,84621.0,16.851608938679522
210870 PIO XII,346.0,-,346.0,210870,Pio XII,  2 108 702 ,   21 886,21886.0,15.809193091474
210880 PIRAPEMAS,226.0,1,227.0,210880,Pirapemas,  2 108 801 ,   17 714,17714.0,12.814722818109969
210890 POCAO DE PEDRAS,217.0,1,218.0,210890,Poção de Pedras,  2 108 900 ,   17 161,17161.0,12.703222422935726
210900 PORTO FRANCO,394.0,7,401.0,210900,Porto Franco,  2 109 007 ,   23 903,23903.0,16.776136886583274
210905 PORTO RICO DO MARANHAO,95.0,2,97.0,210905,Porto Rico do Maranhão,  2 109 056 ,   5 954,5954.0,16.29156869331542
210910 PRESIDENTE DUTRA,1060.0,62,1122.0,210910,Presidente Dutra,  2 109 106 ,   45 155,45155.0,24.84774665042631
210920 PRESIDENTE JUSCELINO,229.0,-,229.0,210920,Presidente Juscelino,  2 109 205 ,   11 356,11356.0,20.1655512504403
210923 PRESIDENTE MEDICI,201.0,-,201.0,210923,Presidente Médici,  2 109 239 ,   4 696,4696.0,42.80238500851789
210927 PRESIDENTE SARNEY,218.0,3,221.0,210927,Presidente Sarney,  2 109 270 ,   17 511,17511.0,12.620638455827766
210930 PRESIDENTE VARGAS,223.0,-,223.0,210930,Presidente Vargas,  2 109 304 ,   10 549,10549.0,21.13944449710873
210940 PRIMEIRA CRUZ,126.0,-,126.0,210940,Primeira Cruz,  2 109 403 ,   13 614,13614.0,9.255178492728074
210945 RAPOSA,454.0,27,481.0,210945,Raposa,  2 109 452 ,   30 839,30839.0,15.597133499789228
210950 RIACHAO,288.0,1,289.0,210950,Riachão,  2 109 502 ,   22 145,22145.0,13.05034996613231
210955 RIBAMAR FIQUENE,126.0,-,126.0,210955,Ribamar Fiquene,  2 109 551 ,   7 420,7420.0,16.9811320754717
210960 ROSARIO,543.0,17,560.0,210960,Rosário,  2 109 601 ,   38 475,38475.0,14.554905782975958
210970 SAMBAIBA,87.0,-,87.0,210970,Sambaíba,  2 109 700 ,   5 568,5568.0,15.625
210975 SANTA FILOMENA DO MARANHAO,123.0,-,123.0,210975,Santa Filomena do Maranhão,  2 109 759 ,   6 697,6697.0,18.366432731073612
210980 SANTA HELENA,397.0,-,397.0,210980,Santa Helena,  2 109 809 ,   41 561,41561.0,9.55222444118284
210990 SANTA INES,1420.0,208,1628.0,210990,Santa Inês,  2 109 908 ,   85 014,85014.0,19.149787093890417
211000 SANTA LUZIA,652.0,21,673.0,211000,Santa Luzia,  2 110 005 ,   57 635,57635.0,11.67693241953674
211003 SANTA LUZIA DO PARUA,453.0,-,453.0,211003,Santa Luzia do Paruá,  2 110 039 ,   24 307,24307.0,18.63660673879952
211010 SANTA QUITERIA DO MARANHAO,427.0,1,428.0,211010,Santa Quitéria do Maranhão,  2 110 104 ,   23 957,23957.0,17.865342071210918
211020 SANTA RITA,681.0,9,690.0,211020,Santa Rita,  2 110 203 ,   37 035,37035.0,18.63102470635885
211023 SANTANA DO MARANHAO,154.0,-,154.0,211023,Santana do Maranhão,  2 110 237 ,   10 567,10567.0,14.573672754802688
211027 SANTO AMARO DO MARANHAO,156.0,-,156.0,211027,Santo Amaro do Maranhão,  2 110 278 ,   13 949,13949.0,11.183597390493942
211030 SANTO ANTONIO DOS LOPES,213.0,2,215.0,211030,Santo Antônio dos Lopes,  2 110 302 ,   14 304,14304.0,15.03076062639821
211040 SAO BENEDITO DO RIO PRETO,406.0,-,406.0,211040,São Benedito do Rio Preto,  2 110 401 ,   18 364,18364.0,22.108473099542582
211050 SAO BENTO,487.0,-,487.0,211050,São Bento,  2 110 500 ,   46 395,46395.0,10.496820778101089
211060 SAO BERNARDO,413.0,3,416.0,211060,São Bernardo,  2 110 609 ,   26 943,26943.0,15.44000296923134
211065 SAO DOMINGOS DO AZEITAO,109.0,-,109.0,211065,São Domingos do Azeitão,  2 110 658 ,   7 992,7992.0,13.63863863863864
211070 SAO DOMINGOS DO MARANHAO,618.0,1,619.0,211070,São Domingos do Maranhão,  2 110 708 ,   34 034,34034.0,18.187694658282894
211080 SAO FELIX DE BALSAS,93.0,-,93.0,211080,São Félix de Balsas,  2 110 807 ,   4 402,4402.0,21.12676056338028
211085 SAO FRANCISCO DO BREJAO,142.0,-,142.0,211085,São Francisco do Brejão,  2 110 856 ,   9 051,9051.0,15.68887415755165
211090 SAO FRANCISCO DO MARANHAO,171.0,1,172.0,211090,São Francisco do Maranhão,  2 110 906 ,   12 064,12064.0,14.257294429708223
211100 SAO JOAO BATISTA,241.0,-,241.0,211100,São João Batista,  2 111 003 ,   18 544,18544.0,12.99611734253667
211102 SAO JOAO DO CARU,205.0,-,205.0,211102,São João do Carú,  2 111 029 ,   12 251,12251.0,16.733327891600684
211105 SAO JOAO DO PARAISO,109.0,9,118.0,211105,São João do Paraíso,  2 111 052 ,   9 904,9904.0,11.914378029079161
211107 SAO JOAO DO SOTER,357.0,7,364.0,211107,São João do Soter,  2 111 078 ,   16 889,16889.0,21.552489786251407
211110 SAO JOAO DOS PATOS,383.0,-,383.0,211110,São João dos Patos,  2 111 102 ,   25 020,25020.0,15.30775379696243
211120 SAO JOSE DE RIBAMAR,1822.0,114,1936.0,211120,São José de Ribamar,  2 111 201 ,   244 579,244579.0,7.915642798441404
211125 SAO JOSE DOS BASILIOS,104.0,-,104.0,211125,São José dos Basílios,  2 111 250 ,   6 957,6957.0,14.948972258157252
211130 SAO LUIS,25443.0,7929,33372.0,211130,São Luís,  2 111 300 ,  1 037 775,1037775.0,32.1572595215726
211140 SAO LUIS GONZAGA DO MARANHAO,207.0,2,209.0,211140,São Luís Gonzaga do Maranhão,  2 111 409 ,   17 818,17818.0,11.72971152766865
211150 SAO MATEUS DO MARANHAO,530.0,36,566.0,211150,São Mateus do Maranhão,  2 111 508 ,   38 829,38829.0,14.576733884467794
211153 SAO PEDRO DA AGUA BRANCA,185.0,1,186.0,211153,São Pedro da Água Branca,  2 111 532 ,   14 338,14338.0,12.972520574696611
211157 SAO PEDRO DOS CRENTES,132.0,8,140.0,211157,São Pedro dos Crentes,  2 111 573 ,   5 783,5783.0,24.208888120352757
211160 SAO RAIMUNDO DAS MANGABEIRAS,278.0,2,280.0,211160,São Raimundo das Mangabeiras,  2 111 607 ,   18 672,18672.0,14.995715509854326
211163 SAO RAIMUNDO DO DOCA BEZERRA,107.0,-,107.0,211163,São Raimundo do Doca Bezerra,  2 111 631 ,   5 650,5650.0,18.938053097345133
211167 SAO ROBERTO,90.0,-,90.0,211167,São Roberto,  2 111 672 ,   4 544,4544.0,19.806338028169016
211170 SAO VICENTE FERRER,251.0,-,251.0,211170,São Vicente Ferrer,  2 111 706 ,   19 498,19498.0,12.873115191301672
211172 SATUBINHA,211.0,-,211.0,211172,Satubinha,  2 111 722 ,   8 784,8784.0,24.02094717668488
211174 SENADOR ALEXANDRE COSTA,150.0,-,150.0,211174,Senador Alexandre Costa,  2 111 748 ,   10 207,10207.0,14.695797002057411
211176 SENADOR LA ROCQUE,216.0,-,216.0,211176,Senador La Rocque,  2 111 763 ,   14 700,14700.0,14.693877551020407
211178 SERRANO DO MARANHAO,154.0,-,154.0,211178,Serrano do Maranhão,  2 111 789 ,   10 202,10202.0,15.095079396196825
211180 SITIO NOVO,325.0,3,328.0,211180,Sítio Novo,  2 111 805 ,   17 074,17074.0,19.210495490219046
211190 SUCUPIRA DO NORTE,179.0,-,179.0,211190,Sucupira do Norte,  2 111 904 ,   10 238,10238.0,17.483883571009965
211195 SUCUPIRA DO RIACHAO,90.0,-,90.0,211195,Sucupira do Riachão,  2 111 953 ,   4 985,4985.0,18.05416248746239
211200 TASSO FRAGOSO,148.0,7,155.0,211200,Tasso Fragoso,  2 112 001 ,   8 862,8862.0,17.49040848566915
211210 TIMBIRAS,465.0,3,468.0,211210,Timbiras,  2 112 100 ,   26 484,26484.0,17.671046669687357
211220 TIMON,2181.0,71,2252.0,211220,Timon,  2 112 209 ,   174 465,174465.0,12.908033129854125
211223 TRIZIDELA DO VALE,285.0,-,285.0,211223,Trizidela do Vale,  2 112 233 ,   22 484,22484.0,12.675680483899662
211227 TUFILANDIA,147.0,-,147.0,211227,Tufilândia,  2 112 274 ,   5 507,5507.0,26.693299437080082
211230 TUNTUM,792.0,1,793.0,211230,Tuntum,  2 112 308 ,   36 251,36251.0,21.875258613555488
211240 TURIACU,378.0,-,378.0,211240,Turiaçu,  2 112 407 ,   37 491,37491.0,10.08241978074738
211245 TURILANDIA,272.0,-,272.0,211245,Turilândia,  2 112 456 ,   31 638,31638.0,8.597256463746128
211250 TUTOIA,596.0,11,607.0,211250,Tutóia,  2 112 506 ,   53 356,53356.0,11.376415023614964
211260 URBANO SANTOS,430.0,-,430.0,211260,Urbano Santos,  2 112 605 ,   32 812,32812.0,13.104961599414848
211270 VARGEM GRANDE,559.0,2,561.0,211270,Vargem Grande,  2 112 704 ,   43 261,43261.0,12.967800097085135
211280 VIANA,662.0,8,670.0,211280,Viana,  2 112 803 ,   51 442,51442.0,13.024376968236071
211285 VILA NOVA DOS MARTIRIOS,185.0,-,185.0,211285,Vila Nova dos Martírios,  2 112 852 ,   10 362,10362.0,17.85369619764524
211290 VITORIA DO MEARIM,478.0,5,483.0,211290,Vitória do Mearim,  2 112 902 ,   30 805,30805.0,15.679272845317318
211300 VITORINO FREIRE,384.0,1,385.0,211300,Vitorino Freire,  2 113 009 ,   30 845,30845.0,12.481763656994652
211400 ZE DOCA,563.0,5,568.0,211400,Zé Doca,  2 114 007 ,   40 801,40801.0,13.921227420896546
220005 ACAUA,81.0,-,81.0,220005,Acauã,  2 200 053 ,   6 420,6420.0,12.616822429906543
220010 AGRICOLANDIA,100.0,-,100.0,220010,Agricolândia,  2 200 103 ,   4 940,4940.0,20.242914979757085
220020 AGUA BRANCA,303.0,7,310.0,220020,Água Branca,  2 200 202 ,   17 573,17573.0,17.640698799294373
220025 ALAGOINHA DO PIAUI,71.0,-,71.0,220025,Alagoinha do Piauí,  2 200 251 ,   6 819,6819.0,10.412083883267343
220027 ALEGRETE DO PIAUI,63.0,-,63.0,220027,Alegrete do Piauí,  2 200 277 ,   4 634,4634.0,13.595166163141993
220030 ALTO LONGA,136.0,-,136.0,220030,Alto Longá,  2 200 301 ,   13 479,13479.0,10.089769270717412
220040 ALTOS,506.0,15,521.0,220040,Altos,  2 200 400 ,   47 453,47453.0,10.979284765978969
220045 ALVORADA DO GURGUEIA,72.0,-,72.0,220045,Alvorada do Gurguéia,  2 200 459 ,   5 322,5322.0,13.528748590755354
220050 AMARANTE,304.0,2,306.0,220050,Amarante,  2 200 509 ,   17 234,17234.0,17.75559939654172
220060 ANGICAL DO PIAUI,127.0,3,130.0,220060,Angical do Piauí,  2 200 608 ,   6 827,6827.0,19.042038962941263
220070 ANISIO DE ABREU,105.0,-,105.0,220070,Anísio de Abreu,  2 200 707 ,   9 407,9407.0,11.16190071223557
220080 ANTONIO ALMEIDA,67.0,-,67.0,220080,Antônio Almeida,  2 200 806 ,   3 152,3152.0,21.256345177664976
220090 AROAZES,84.0,-,84.0,220090,Aroazes,  2 200 905 ,   5 369,5369.0,15.645371577574968
220095 AROEIRAS DO ITAIM,27.0,1,28.0,220095,Aroeiras do Itaim,  2 200 954 ,   2 690,2690.0,10.408921933085502
220100 ARRAIAL,76.0,-,76.0,220100,Arraial,  2 201 002 ,   4 520,4520.0,16.8141592920354
220105 ASSUNCAO DO PIAUI,80.0,-,80.0,220105,Assunção do Piauí,  2 201 051 ,   7 452,7452.0,10.735373054213635
220110 AVELINO LOPES,147.0,-,147.0,220110,Avelino Lopes,  2 201 101 ,   10 866,10866.0,13.5284373274434
220115 BAIXA GRANDE DO RIBEIRO,154.0,1,155.0,220115,Baixa Grande do Ribeiro,  2 201 150 ,   13 272,13272.0,11.678722121760096
220117 BARRA D'ALCANTARA,57.0,-,57.0,220117,Barra D'Alcântara,  2 201 176 ,   3 995,3995.0,14.267834793491865
220120 BARRAS,574.0,6,580.0,220120,Barras,  2 201 200 ,   47 938,47938.0,12.098961158162627
220130 BARREIRAS DO PIAUI,63.0,-,63.0,220130,Barreiras do Piauí,  2 201 309 ,   3 264,3264.0,19.301470588235293
220140 BARRO DURO,102.0,-,102.0,220140,Barro Duro,  2 201 408 ,   6 640,6640.0,15.361445783132531
220150 BATALHA,236.0,4,240.0,220150,Batalha,  2 201 507 ,   26 300,26300.0,9.125475285171103
220155 BELA VISTA DO PIAUI,55.0,-,55.0,220155,Bela Vista do Piauí,  2 201 556 ,   4 091,4091.0,13.444145685651431
220157 BELEM DO PIAUI,39.0,-,39.0,220157,Belém do Piauí,  2 201 572 ,   3 423,3423.0,11.393514460999123
220160 BENEDITINOS,123.0,-,123.0,220160,Beneditinos,  2 201 606 ,   9 929,9929.0,12.387954476785175
220170 BERTOLINIA,92.0,1,93.0,220170,Bertolínia,  2 201 705 ,   5 562,5562.0,16.720604099244877
220173 BETANIA DO PIAUI,95.0,1,96.0,220173,Betânia do Piauí,  2 201 739 ,   6 220,6220.0,15.434083601286174
220177 BOA HORA,62.0,-,62.0,220177,Boa Hora,  2 201 770 ,   6 902,6902.0,8.982903506230079
220180 BOCAINA,95.0,1,96.0,220180,Bocaina,  2 201 804 ,   4 078,4078.0,23.54095144678764
220190 BOM JESUS,618.0,38,656.0,220190,Bom Jesus,  2 201 903 ,   28 796,28796.0,22.780941797471872
220191 BOM PRINCIPIO DO PIAUI,82.0,-,82.0,220191,Bom Princípio do Piauí,  2 201 919 ,   5 636,5636.0,14.549325762952448
220192 BONFIM DO PIAUI,60.0,1,61.0,220192,Bonfim do Piauí,  2 201 929 ,   5 913,5913.0,10.316252325384745
220194 BOQUEIRAO DO PIAUI,69.0,-,69.0,220194,Boqueirão do Piauí,  2 201 945 ,   6 545,6545.0,10.542398777692895
220196 BRASILEIRA,91.0,6,97.0,220196,Brasileira,  2 201 960 ,   8 436,8436.0,11.498340445708866
220198 BREJO DO PIAUI,45.0,-,45.0,220198,Brejo do Piauí,  2 201 988 ,   3 904,3904.0,11.526639344262296
220200 BURITI DOS LOPES,245.0,2,247.0,220200,Buriti dos Lopes,  2 202 000 ,   19 654,19654.0,12.567416302025032
220202 BURITI DOS MONTES,111.0,3,114.0,220202,Buriti dos Montes,  2 202 026 ,   7 434,7434.0,15.334947538337369
220205 CABECEIRAS DO PIAUI,76.0,-,76.0,220205,Cabeceiras do Piauí,  2 202 059 ,   10 212,10212.0,7.442224833529181
220207 CAJAZEIRAS DO PIAUI,63.0,-,63.0,220207,Cajazeiras do Piauí,  2 202 075 ,   3 108,3108.0,20.27027027027027
220208 CAJUEIRO DA PRAIA,86.0,-,86.0,220208,Cajueiro da Praia,  2 202 083 ,   7 957,7957.0,10.808093502576348
220209 CALDEIRAO GRANDE DO PIAUI,71.0,-,71.0,220209,Caldeirão Grande do Piauí,  2 202 091 ,   5 503,5503.0,12.902053425404326
220210 CAMPINAS DO PIAUI,60.0,-,60.0,220210,Campinas do Piauí,  2 202 109 ,   4 938,4938.0,12.150668286755772
220211 CAMPO ALEGRE DO FIDALGO,29.0,1,30.0,220211,Campo Alegre do Fidalgo,  2 202 117 ,   4 616,4616.0,6.499133448873484
220213 CAMPO GRANDE DO PIAUI,65.0,-,65.0,220213,Campo Grande do Piauí,  2 202 133 ,   6 020,6020.0,10.79734219269103
220217 CAMPO LARGO DO PIAUI,66.0,-,66.0,220217,Campo Largo do Piauí,  2 202 174 ,   7 419,7419.0,8.896077638495754
220220 CAMPO MAIOR,1059.0,114,1173.0,220220,Campo Maior,  2 202 208 ,   45 793,45793.0,25.615268709191362
220225 CANAVIEIRA,53.0,-,53.0,220225,Canavieira,  2 202 251 ,   3 414,3414.0,15.524311657879322
220230 CANTO DO BURITI,338.0,3,341.0,220230,Canto do Buriti,  2 202 307 ,   19 365,19365.0,17.60908856183837
220240 CAPITAO DE CAMPOS,139.0,-,139.0,220240,Capitão de Campos,  2 202 406 ,   11 100,11100.0,12.522522522522523
220245 CAPITAO GERVASIO OLIVEIRA,55.0,-,55.0,220245,Capitão Gervásio Oliveira,  2 202 455 ,   3 974,3974.0,13.839959738298944
220250 CARACOL,106.0,2,108.0,220250,Caracol,  2 202 505 ,   10 318,10318.0,10.467144795503005
220253 CARAUBAS DO PIAUI,73.0,-,73.0,220253,Caraúbas do Piauí,  2 202 539 ,   5 630,5630.0,12.966252220248668
220255 CARIDADE DO PIAUI,62.0,2,64.0,220255,Caridade do Piauí,  2 202 554 ,   5 033,5033.0,12.716073912179615
220260 CASTELO DO PIAUI,208.0,3,211.0,220260,Castelo do Piauí,  2 202 604 ,   19 288,19288.0,10.93944421401908
220265 CAXINGO,54.0,-,54.0,220265,Caxingó,  2 202 653 ,   5 496,5496.0,9.825327510917031
220270 COCAL,300.0,2,302.0,220270,Cocal,  2 202 703 ,   28 212,28212.0,10.704664681695732
220271 COCAL DE TELHA,59.0,-,59.0,220271,Cocal de Telha,  2 202 711 ,   4 911,4911.0,12.01384646711464
220272 COCAL DOS ALVES,75.0,-,75.0,220272,Cocal dos Alves,  2 202 729 ,   6 386,6386.0,11.744440964610085
220273 COIVARAS,47.0,-,47.0,220273,Coivaras,  2 202 737 ,   4 117,4117.0,11.416079669662375
220275 COLONIA DO GURGUEIA,80.0,1,81.0,220275,Colônia do Gurguéia,  2 202 752 ,   6 150,6150.0,13.170731707317072
220277 COLONIA DO PIAUI,87.0,-,87.0,220277,Colônia do Piauí,  2 202 778 ,   6 994,6994.0,12.439233628824708
220280 CONCEICAO DO CANINDE,80.0,-,80.0,220280,Conceição do Canindé,  2 202 802 ,   4 932,4932.0,16.220600162206
220285 CORONEL JOSE DIAS,34.0,-,34.0,220285,Coronel José Dias,  2 202 851 ,   4 250,4250.0,8.0
220290 CORRENTE,375.0,14,389.0,220290,Corrente,  2 202 901 ,   27 278,27278.0,14.260576288584208
220300 CRISTALANDIA DO PIAUI,98.0,-,98.0,220300,Cristalândia do Piauí,  2 203 008 ,   7 356,7356.0,13.322457857531267
220310 CRISTINO CASTRO,148.0,-,148.0,220310,Cristino Castro,  2 203 107 ,   10 503,10503.0,14.091212034656763
220320 CURIMATA,244.0,-,244.0,220320,Curimatá,  2 203 206 ,   11 270,11270.0,21.65039929015084
220323 CURRAIS,64.0,-,64.0,220323,Currais,  2 203 230 ,   4 854,4854.0,13.185002060156572
220325 CURRALINHOS,65.0,-,65.0,220325,Curralinhos,  2 203 255 ,   4 413,4413.0,14.729209154769997
220327 CURRAL NOVO DO PIAUI,69.0,-,69.0,220327,Curral Novo do Piauí,  2 203 271 ,   5 073,5073.0,13.601419278533411
220330 DEMERVAL LOBAO,274.0,-,274.0,220330,Demerval Lobão,  2 203 305 ,   16 352,16352.0,16.756360078277886
220335 DIRCEU ARCOVERDE,86.0,-,86.0,220335,Dirceu Arcoverde,  2 203 354 ,   7 054,7054.0,12.191664303941026
220340 DOM EXPEDITO LOPES,69.0,-,69.0,220340,Dom Expedito Lopes,  2 203 404 ,   6 320,6320.0,10.91772151898734
220342 DOMINGOS MOURAO,46.0,-,46.0,220342,Domingos Mourão,  2 203 420 ,   4 075,4075.0,11.288343558282207
220345 DOM INOCENCIO,131.0,-,131.0,220345,Dom Inocêncio,  2 203 453 ,   9 159,9159.0,14.302871492521017
220350 ELESBAO VELOSO,253.0,5,258.0,220350,Elesbão Veloso,  2 203 503 ,   13 607,13607.0,18.960828985081207
220360 ELISEU MARTINS,76.0,-,76.0,220360,Eliseu Martins,  2 203 602 ,   4 377,4377.0,17.363490975554033
220370 ESPERANTINA,501.0,26,527.0,220370,Esperantina,  2 203 701 ,   40 970,40970.0,12.863070539419086
220375 FARTURA DO PIAUI,50.0,-,50.0,220375,Fartura do Piauí,  2 203 750 ,   5 284,5284.0,9.462528387585163
220380 FLORES DO PIAUI,63.0,-,63.0,220380,Flores do Piauí,  2 203 800 ,   4 414,4414.0,14.272768463978252
220385 FLORESTA DO PIAUI,41.0,-,41.0,220385,Floresta do Piauí,  2 203 859 ,   2 333,2333.0,17.57393913416202
220390 FLORIANO,1862.0,133,1995.0,220390,Floriano,  2 203 909 ,   62 036,62036.0,32.15874653427042
220400 FRANCINOPOLIS,116.0,-,116.0,220400,Francinópolis,  2 204 006 ,   4 505,4505.0,25.74916759156493
220410 FRANCISCO AYRES,64.0,-,64.0,220410,Francisco Ayres,  2 204 105 ,   4 412,4412.0,14.505893019038984
220415 FRANCISCO MACEDO,32.0,2,34.0,220415,Francisco Macedo,  2 204 154 ,   2 929,2929.0,11.608057357459884
220420 FRANCISCO SANTOS,86.0,1,87.0,220420,Francisco Santos,  2 204 204 ,   8 237,8237.0,10.562097851159402
220430 FRONTEIRAS,156.0,2,158.0,220430,Fronteiras,  2 204 303 ,   10 259,10259.0,15.401111219417098
220435 GEMINIANO,51.0,1,52.0,220435,Geminiano,  2 204 352 ,   5 445,5445.0,9.550045913682277
220440 GILBUES,148.0,-,148.0,220440,Gilbués,  2 204 402 ,   10 892,10892.0,13.587954461990453
220450 GUADALUPE,165.0,5,170.0,220450,Guadalupe,  2 204 501 ,   10 270,10270.0,16.553067185978577
220455 GUARIBAS,42.0,1,43.0,220455,Guaribas,  2 204 550 ,   4 276,4276.0,10.056127221702527
220460 HUGO NAPOLEAO,62.0,-,62.0,220460,Hugo Napoleão,  2 204 600 ,   3 518,3518.0,17.62364980102331
220465 ILHA GRANDE,113.0,-,113.0,220465,Ilha Grande,  2 204 659 ,   9 274,9274.0,12.184602113435412
220470 INHUMA,224.0,4,228.0,220470,Inhuma,  2 204 709 ,   14 958,14958.0,15.2426795026073
220480 IPIRANGA DO PIAUI,141.0,3,144.0,220480,Ipiranga do Piauí,  2 204 808 ,   9 420,9420.0,15.286624203821656
220490 ISAIAS COELHO,85.0,-,85.0,220490,Isaías Coelho,  2 204 907 ,   7 774,7774.0,10.933882171340366
220500 ITAINOPOLIS,160.0,5,165.0,220500,Itainópolis,  2 205 003 ,   10 790,10790.0,15.291936978683966
220510 ITAUEIRA,168.0,2,170.0,220510,Itaueira,  2 205 102 ,   10 323,10323.0,16.468080984210015
220515 JACOBINA DO PIAUI,101.0,8,109.0,220515,Jacobina do Piauí,  2 205 151 ,   5 613,5613.0,19.419205415998576
220520 JAICOS,225.0,4,229.0,220520,Jaicós,  2 205 201 ,   17 527,17527.0,13.065555999315341
220525 JARDIM DO MULATO,69.0,-,69.0,220525,Jardim do Mulato,  2 205 250 ,   4 180,4180.0,16.507177033492823
220527 JATOBA DO PIAUI,55.0,-,55.0,220527,Jatobá do Piauí,  2 205 276 ,   4 494,4494.0,12.238540275923453
220530 JERUMENHA,60.0,-,60.0,220530,Jerumenha,  2 205 300 ,   4 497,4497.0,13.3422281521014
220535 JOAO COSTA,44.0,-,44.0,220535,João Costa,  2 205 359 ,   2 970,2970.0,14.814814814814815
220540 JOAQUIM PIRES,118.0,-,118.0,220540,Joaquim Pires,  2 205 409 ,   13 886,13886.0,8.497767535647416
220545 JOCA MARQUES,70.0,-,70.0,220545,Joca Marques,  2 205 458 ,   5 394,5394.0,12.977382276603633
220550 JOSE DE FREITAS,383.0,6,389.0,220550,José de Freitas,  2 205 508 ,   42 559,42559.0,9.140252355553466
220551 JUAZEIRO DO PIAUI,53.0,1,54.0,220551,Juazeiro do Piauí,  2 205 516 ,   5 214,5214.0,10.356731875719216
220552 JULIO BORGES,95.0,2,97.0,220552,Júlio Borges,  2 205 524 ,   5 388,5388.0,18.00296956198961
220553 JUREMA,63.0,-,63.0,220553,Jurema,  2 205 532 ,   4 425,4425.0,14.23728813559322
220554 LAGOINHA DO PIAUI,50.0,-,50.0,220554,Lagoinha do Piauí,  2 205 540 ,   2 939,2939.0,17.01258931609391
220555 LAGOA ALEGRE,69.0,-,69.0,220555,Lagoa Alegre,  2 205 557 ,   8 256,8256.0,8.357558139534882
220556 LAGOA DO BARRO DO PIAUI,95.0,-,95.0,220556,Lagoa do Barro do Piauí,  2 205 565 ,   4 995,4995.0,19.01901901901902
220557 LAGOA DE SAO FRANCISCO,74.0,-,74.0,220557,Lagoa de São Francisco,  2 205 573 ,   6 331,6331.0,11.688516821987047
220558 LAGOA DO PIAUI,42.0,-,42.0,220558,Lagoa do Piauí,  2 205 581 ,   4 810,4810.0,8.731808731808732
220559 LAGOA DO SITIO,49.0,1,50.0,220559,Lagoa do Sítio,  2 205 599 ,   4 520,4520.0,11.061946902654867
220560 LANDRI SALES,77.0,-,77.0,220560,Landri Sales,  2 205 607 ,   5 213,5213.0,14.77076539420679
220570 LUIS CORREIA,308.0,3,311.0,220570,Luís Correia,  2 205 706 ,   30 641,30641.0,10.14979928853497
220580 LUZILANDIA,386.0,2,388.0,220580,Luzilândia,  2 205 805 ,   25 375,25375.0,15.290640394088669
220585 MADEIRO,78.0,-,78.0,220585,Madeiro,  2 205 854 ,   8 032,8032.0,9.711155378486056
220590 MANOEL EMIDIO,93.0,-,93.0,220590,Manoel Emídio,  2 205 904 ,   5 209,5209.0,17.853714724515264
220595 MARCOLANDIA,129.0,1,130.0,220595,Marcolândia,  2 205 953 ,   8 533,8533.0,15.234970116020158
220600 MARCOS PARENTE,83.0,-,83.0,220600,Marcos Parente,  2 206 001 ,   4 724,4724.0,17.569856054191366
220605 MASSAPE DO PIAUI,59.0,1,60.0,220605,Massapê do Piauí,  2 206 050 ,   5 218,5218.0,11.498658489842851
220610 MATIAS OLIMPIO,106.0,-,106.0,220610,Matias Olímpio,  2 206 100 ,   10 641,10641.0,9.961469786674185
220620 MIGUEL ALVES,312.0,-,312.0,220620,Miguel Alves,  2 206 209 ,   32 150,32150.0,9.704510108864696
220630 MIGUEL LEAO,46.0,-,46.0,220630,Miguel Leão,  2 206 308 ,   1 318,1318.0,34.90136570561457
220635 MILTON BRANDAO,69.0,-,69.0,220635,Milton Brandão,  2 206 357 ,   6 542,6542.0,10.54723326199939
220640 MONSENHOR GIL,146.0,-,146.0,220640,Monsenhor Gil,  2 206 407 ,   10 255,10255.0,14.236957581667479
220650 MONSENHOR HIPOLITO,94.0,-,94.0,220650,Monsenhor Hipólito,  2 206 506 ,   7 577,7577.0,12.405965421670846
220660 MONTE ALEGRE DO PIAUI,163.0,3,166.0,220660,Monte Alegre do Piauí,  2 206 605 ,   10 660,10660.0,15.572232645403377
220665 MORRO CABECA NO TEMPO,53.0,-,53.0,220665,Morro Cabeça no Tempo,  2 206 654 ,   4 377,4377.0,12.108750285583733
220667 MORRO DO CHAPEU DO PIAUI,61.0,1,62.0,220667,Morro do Chapéu do Piauí,  2 206 670 ,   6 425,6425.0,9.649805447470817
220669 MURICI DOS PORTELAS,77.0,1,78.0,220669,Murici dos Portelas,  2 206 696 ,   9 797,9797.0,7.961620904358478
220670 NAZARE DO PIAUI,69.0,-,69.0,220670,Nazaré do Piauí,  2 206 704 ,   6 665,6665.0,10.352588147036759
220672 NAZARIA,87.0,-,87.0,220672,Nazária,  2 206 720 ,   10 262,10262.0,8.477879555642176
220675 NOSSA SENHORA DE NAZARE,59.0,-,59.0,220675,Nossa Senhora de Nazaré,  2 206 753 ,   5 228,5228.0,11.28538638102525
220680 NOSSA SENHORA DOS REMEDIOS,91.0,-,91.0,220680,Nossa Senhora dos Remédios,  2 206 803 ,   8 525,8525.0,10.674486803519063
220690 NOVO ORIENTE DO PIAUI,88.0,-,88.0,220690,Novo Oriente do Piauí,  2 206 902 ,   6 097,6097.0,14.433327866163687
220695 NOVO SANTO ANTONIO,56.0,-,56.0,220695,Novo Santo Antônio,  2 206 951 ,   2 827,2827.0,19.808984789529536
220700 OEIRAS,791.0,16,807.0,220700,Oeiras,  2 207 009 ,   38 161,38161.0,21.147244569062657
220710 OLHO D'AGUA DO PIAUI,36.0,-,36.0,220710,Olho D'Água do Piauí,  2 207 108 ,   2 637,2637.0,13.651877133105803
220720 PADRE MARCOS,72.0,-,72.0,220720,Padre Marcos,  2 207 207 ,   6 382,6382.0,11.281729865246003
220730 PAES LANDIM,99.0,-,99.0,220730,Paes Landim,  2 207 306 ,   4 088,4088.0,24.21722113502935
220735 PAJEU DO PIAUI,40.0,-,40.0,220735,Pajeú do Piauí,  2 207 355 ,   3 000,3000.0,13.333333333333334
220740 PALMEIRA DO PIAUI,57.0,-,57.0,220740,Palmeira do Piauí,  2 207 405 ,   4 952,4952.0,11.510500807754443
220750 PALMEIRAIS,172.0,-,172.0,220750,Palmeirais,  2 207 504 ,   13 264,13264.0,12.967430639324487
220755 PAQUETA,44.0,-,44.0,220755,Paquetá,  2 207 553 ,   3 813,3813.0,11.539470233412011
220760 PARNAGUA,136.0,-,136.0,220760,Parnaguá,  2 207 603 ,   10 103,10103.0,13.461348114421458
220770 PARNAIBA,2618.0,363,2981.0,220770,Parnaíba,  2 207 702 ,   162 159,162159.0,18.383191805573542
220775 PASSAGEM FRANCA DO PIAUI,51.0,-,51.0,220775,Passagem Franca do Piauí,  2 207 751 ,   4 135,4135.0,12.333736396614269
220777 PATOS DO PIAUI,58.0,-,58.0,220777,Patos do Piauí,  2 207 777 ,   5 425,5425.0,10.691244239631336
220779 PAU D'ARCO DO PIAUI,53.0,-,53.0,220779,Pau D'Arco do Piauí,  2 207 793 ,   3 880,3880.0,13.65979381443299
220780 PAULISTANA,428.0,48,476.0,220780,Paulistana,  2 207 801 ,   21 055,21055.0,22.607456661125624
220785 PAVUSSU,41.0,-,41.0,220785,Pavussu,  2 207 850 ,   3 628,3628.0,11.300992282249172
220790 PEDRO II,502.0,10,512.0,220790,Pedro II,  2 207 900 ,   37 894,37894.0,13.51137383226896
220793 PEDRO LAURENTINO,32.0,-,32.0,220793,Pedro Laurentino,  2 207 934 ,   2 458,2458.0,13.018714401952806
220795 NOVA SANTA RITA,44.0,-,44.0,220795,Nova Santa Rita,  2 207 959 ,   4 076,4076.0,10.794896957801766
220800 PICOS,1600.0,575,2175.0,220800,Picos,  2 208 007 ,   83 090,83090.0,26.176435190757008
220810 PIMENTEIRAS,166.0,-,166.0,220810,Pimenteiras,  2 208 106 ,   11 341,11341.0,14.637157217176616
220820 PIO IX,204.0,3,207.0,220820,Pio IX,  2 208 205 ,   17 613,17613.0,11.752682677567705
220830 PIRACURUCA,256.0,9,265.0,220830,Piracuruca,  2 208 304 ,   28 846,28846.0,9.186715662483532
220840 PIRIPIRI,1238.0,62,1300.0,220840,Piripiri,  2 208 403 ,   65 538,65538.0,19.83582044005005
220850 PORTO,158.0,-,158.0,220850,Porto,  2 208 502 ,   12 052,12052.0,13.10985728509791
220855 PORTO ALEGRE DO PIAUI,41.0,-,41.0,220855,Porto Alegre do Piauí,  2 208 551 ,   2 364,2364.0,17.343485617597292
220860 PRATA DO PIAUI,67.0,-,67.0,220860,Prata do Piauí,  2 208 601 ,   3 042,3042.0,22.0249835634451
220865 QUEIMADA NOVA,110.0,1,111.0,220865,Queimada Nova,  2 208 650 ,   8 738,8738.0,12.70313572899977
220870 REDENCAO DO GURGUEIA,78.0,-,78.0,220870,Redenção do Gurguéia,  2 208 700 ,   8 394,8394.0,9.292351679771265
220880 REGENERACAO,220.0,-,220.0,220880,Regeneração,  2 208 809 ,   17 133,17133.0,12.840716745461974
220885 RIACHO FRIO,55.0,-,55.0,220885,Riacho Frio,  2 208 858 ,   4 165,4165.0,13.205282112845138
220887 RIBEIRA DO PIAUI,55.0,-,55.0,220887,Ribeira do Piauí,  2 208 874 ,   4 055,4055.0,13.563501849568434
220890 RIBEIRO GONCALVES,109.0,-,109.0,220890,Ribeiro Gonçalves,  2 208 908 ,   6 164,6164.0,17.683322517845557
220900 RIO GRANDE DO PIAUI,87.0,-,87.0,220900,Rio Grande do Piauí,  2 209 005 ,   5 801,5801.0,14.997414238924323
220910 SANTA CRUZ DO PIAUI,75.0,3,78.0,220910,Santa Cruz do Piauí,  2 209 104 ,   5 831,5831.0,13.376779283141827
220915 SANTA CRUZ DOS MILAGRES,56.0,-,56.0,220915,Santa Cruz dos Milagres,  2 209 153 ,   3 435,3435.0,16.302765647743815
220920 SANTA FILOMENA,98.0,2,100.0,220920,Santa Filomena,  2 209 203 ,   6 087,6087.0,16.42845408247084
220930 SANTA LUZ,65.0,1,66.0,220930,Santa Luz,  2 209 302 ,   5 336,5336.0,12.368815592203898
220935 SANTANA DO PIAUI,47.0,-,47.0,220935,Santana do Piauí,  2 209 351 ,   4 125,4125.0,11.393939393939394
220937 SANTA ROSA DO PIAUI,67.0,-,67.0,220937,Santa Rosa do Piauí,  2 209 377 ,   4 650,4650.0,14.408602150537634
220940 SANTO ANTONIO DE LISBOA,60.0,-,60.0,220940,Santo Antônio de Lisboa,  2 209 401 ,   5 839,5839.0,10.275732145915397
220945 SANTO ANTONIO DOS MILAGRES,31.0,-,31.0,220945,Santo Antônio dos Milagres,  2 209 450 ,   2 138,2138.0,14.499532273152479
220950 SANTO INACIO DO PIAUI,62.0,-,62.0,220950,Santo Inácio do Piauí,  2 209 500 ,   3 646,3646.0,17.004936917169502
220955 SAO BRAZ DO PIAUI,49.0,-,49.0,220955,São Braz do Piauí,  2 209 559 ,   4 358,4358.0,11.243689765947684
220960 SAO FELIX DO PIAUI,53.0,-,53.0,220960,São Félix do Piauí,  2 209 609 ,   2 842,2842.0,18.64883884588318
220965 SAO FRANCISCO DE ASSIS DO PIAUI,56.0,-,56.0,220965,São Francisco de Assis do Piauí,  2 209 658 ,   5 572,5572.0,10.050251256281408
220970 SAO FRANCISCO DO PIAUI,66.0,-,66.0,220970,São Francisco do Piauí,  2 209 708 ,   5 392,5392.0,12.240356083086052
220975 SAO GONCALO DO GURGUEIA,41.0,-,41.0,220975,São Gonçalo do Gurguéia,  2 209 757 ,   2 947,2947.0,13.912453342382083
220980 SAO GONCALO DO PIAUI,56.0,1,57.0,220980,São Gonçalo do Piauí,  2 209 807 ,   4 837,4837.0,11.784163737854042
220985 SAO JOAO DA CANABRAVA,64.0,-,64.0,220985,São João da Canabrava,  2 209 856 ,   4 242,4242.0,15.087223008015087
220987 SAO JOAO DA FRONTEIRA,50.0,-,50.0,220987,São João da Fronteira,  2 209 872 ,   5 522,5522.0,9.054690329590729
220990 SAO JOAO DA SERRA,71.0,-,71.0,220990,São João da Serra,  2 209 906 ,   6 114,6114.0,11.612692181877659
220995 SAO JOAO DA VARJOTA,44.0,1,45.0,220995,São João da Varjota,  2 209 955 ,   4 383,4383.0,10.266940451745379
220997 SAO JOAO DO ARRAIAL,77.0,1,78.0,220997,São João do Arraial,  2 209 971 ,   8 186,8186.0,9.528463229904716
221000 SAO JOAO DO PIAUI,438.0,31,469.0,221000,São João do Piauí,  2 210 003 ,   21 421,21421.0,21.894402688950095
221005 SAO JOSE DO DIVINO,75.0,1,76.0,221005,São José do Divino,  2 210 052 ,   4 841,4841.0,15.699235695104317
221010 SAO JOSE DO PEIXE,44.0,-,44.0,221010,São José do Peixe,  2 210 102 ,   3 297,3297.0,13.345465574764939
221020 SAO JOSE DO PIAUI,74.0,-,74.0,221020,São José do Piauí,  2 210 201 ,   6 597,6597.0,11.217219948461421
221030 SAO JULIAO,45.0,1,46.0,221030,São Julião,  2 210 300 ,   6 025,6025.0,7.634854771784232
221035 SAO LOURENCO DO PIAUI,52.0,-,52.0,221035,São Lourenço do Piauí,  2 210 359 ,   4 410,4410.0,11.79138321995465
221037 SAO LUIS DO PIAUI,43.0,-,43.0,221037,São Luis do Piauí,  2 210 375 ,   2 309,2309.0,18.62278042442616
221038 SAO MIGUEL DA BAIXA GRANDE,35.0,-,35.0,221038,São Miguel da Baixa Grande,  2 210 383 ,   2 269,2269.0,15.425297487880123
221039 SAO MIGUEL DO FIDALGO,39.0,5,44.0,221039,São Miguel do Fidalgo,  2 210 391 ,   2 829,2829.0,15.553199010250973
221040 SAO MIGUEL DO TAPUIO,216.0,1,217.0,221040,São Miguel do Tapuio,  2 210 409 ,   17 554,17554.0,12.361854847897915
221050 SAO PEDRO DO PIAUI,175.0,-,175.0,221050,São Pedro do Piauí,  2 210 508 ,   13 755,13755.0,12.72264631043257
221060 SAO RAIMUNDO NONATO,683.0,26,709.0,221060,São Raimundo Nonato,  2 210 607 ,   38 934,38934.0,18.210304618071607
221062 SEBASTIAO BARROS,48.0,-,48.0,221062,Sebastião Barros,  2 210 623 ,   3 202,3202.0,14.990630855715178
221063 SEBASTIAO LEAL,49.0,-,49.0,221063,Sebastião Leal,  2 210 631 ,   4 446,4446.0,11.021142600089968
221065 SIGEFREDO PACHECO,60.0,-,60.0,221065,Sigefredo Pacheco,  2 210 656 ,   9 460,9460.0,6.342494714587738
221070 SIMOES,167.0,3,170.0,221070,Simões,  2 210 706 ,   14 350,14350.0,11.846689895470384
221080 SIMPLICIO MENDES,320.0,4,324.0,221080,Simplício Mendes,  2 210 805 ,   13 870,13870.0,23.359769286229273
221090 SOCORRO DO PIAUI,86.0,-,86.0,221090,Socorro do Piauí,  2 210 904 ,   4 141,4141.0,20.767930451581744
221093 SUSSUAPARA,53.0,-,53.0,221093,Sussuapara,  2 210 938 ,   6 220,6220.0,8.520900321543408
221095 TAMBORIL DO PIAUI,30.0,-,30.0,221095,Tamboril do Piauí,  2 210 953 ,   2 949,2949.0,10.172939979654121
221097 TANQUE DO PIAUI,53.0,3,56.0,221097,Tanque do Piauí,  2 210 979 ,   2 316,2316.0,24.179620034542317
221100 TERESINA,18597.0,3606,22203.0,221100,Teresina,  2 211 001 ,   866 300,866300.0,25.629689484012466
221110 UNIAO,390.0,6,396.0,221110,União,  2 211 100 ,   46 119,46119.0,8.586482794509855
221120 URUCUI,468.0,12,480.0,221120,Uruçuí,  2 211 209 ,   25 203,25203.0,19.04535174384002
221130 VALENCA DO PIAUI,372.0,6,378.0,221130,Valença do Piauí,  2 211 308 ,   22 279,22279.0,16.96665020871673
221135 VARZEA BRANCA,49.0,-,49.0,221135,Várzea Branca,  2 211 357 ,   5 055,5055.0,9.693372898120671
221140 VARZEA GRANDE,74.0,-,74.0,221140,Várzea Grande,  2 211 407 ,   4 417,4417.0,16.753452569617387
221150 VERA MENDES,38.0,-,38.0,221150,Vera Mendes,  2 211 506 ,   3 185,3185.0,11.930926216640502
221160 VILA NOVA DO PIAUI,41.0,2,43.0,221160,Vila Nova do Piauí,  2 211 605 ,   2 935,2935.0,14.65076660988075
221170 WALL FERRAZ,51.0,2,53.0,221170,Wall Ferraz,  2 211 704 ,   4 059,4059.0,13.057403301305742
230010 ABAIARA,130.0,2,132.0,230010,Abaiara,  2 300 101 ,   10 038,10038.0,13.150029886431561
230015 ACARAPE,173.0,-,173.0,230015,Acarape,  2 300 150 ,   14 027,14027.0,12.333357097027163
230020 ACARAU,853.0,105,958.0,230020,Acaraú,  2 300 200 ,   65 264,65264.0,14.678842853640598
230030 ACOPIARA,432.0,55,487.0,230030,Acopiara,  2 300 309 ,   44 962,44962.0,10.831368711356257
230040 AIUABA,240.0,-,240.0,230040,Aiuaba,  2 300 408 ,   14 076,14076.0,17.050298380221655
230050 ALCANTARAS,219.0,-,219.0,230050,Alcântaras,  2 300 507 ,   11 369,11369.0,19.262907907467678
230060 ALTANEIRA,145.0,-,145.0,230060,Altaneira,  2 300 606 ,   6 782,6782.0,21.380123857269243
230070 ALTO SANTO,336.0,19,355.0,230070,Alto Santo,  2 300 705 ,   14 155,14155.0,25.07947721653126
230075 AMONTADA,342.0,2,344.0,230075,Amontada,  2 300 754 ,   42 156,42156.0,8.160166998766487
230080 ANTONINA DO NORTE,158.0,-,158.0,230080,Antonina do Norte,  2 300 804 ,   7 245,7245.0,21.808143547273982
230090 APUIARES,179.0,-,179.0,230090,Apuiarés,  2 300 903 ,   12 928,12928.0,13.845915841584159
230100 AQUIRAZ,1456.0,123,1579.0,230100,Aquiraz,  2 301 000 ,   80 645,80645.0,19.57963915927832
230110 ARACATI,1195.0,194,1389.0,230110,Aracati,  2 301 109 ,   75 113,75113.0,18.49213851130963
230120 ARACOIABA,631.0,13,644.0,230120,Aracoiaba,  2 301 208 ,   25 553,25553.0,25.202520252025202
230125 ARARENDA,174.0,-,174.0,230125,Ararendá,  2 301 257 ,   11 096,11096.0,15.681326604181686
230130 ARARIPE,237.0,3,240.0,230130,Araripe,  2 301 307 ,   19 783,19783.0,12.131628165596725
230140 ARATUBA,180.0,-,180.0,230140,Aratuba,  2 301 406 ,   11 224,11224.0,16.037063435495366
230150 ARNEIROZ,139.0,-,139.0,230150,Arneiroz,  2 301 505 ,   7 429,7429.0,18.710459011980078
230160 ASSARE,320.0,5,325.0,230160,Assaré,  2 301 604 ,   21 697,21697.0,14.979029358897543
230170 AURORA,308.0,3,311.0,230170,Aurora,  2 301 703 ,   23 714,23714.0,13.114615838745046
230180 BAIXIO,102.0,-,102.0,230180,Baixio,  2 301 802 ,   5 704,5704.0,17.88218793828892
230185 BANABUIU,372.0,3,375.0,230185,Banabuiú,  2 301 851 ,   17 195,17195.0,21.808665309683047
230190 BARBALHA,2156.0,56,2212.0,230190,Barbalha,  2 301 901 ,   75 033,75033.0,29.480361974064746
230195 BARREIRA,220.0,-,220.0,230195,Barreira,  2 301 950 ,   22 392,22392.0,9.824937477670597
230200 BARRO,294.0,7,301.0,230200,Barro,  2 302 008 ,   19 381,19381.0,15.53067437180744
230205 BARROQUINHA,289.0,-,289.0,230205,Barroquinha,  2 302 057 ,   14 567,14567.0,19.839362943639735
230210 BATURITE,703.0,51,754.0,230210,Baturité,  2 302 107 ,   35 218,35218.0,21.40950650235675
230220 BEBERIBE,527.0,13,540.0,230220,Beberibe,  2 302 206 ,   53 114,53114.0,10.166811010279774
230230 BELA CRUZ,408.0,22,430.0,230230,Bela Cruz,  2 302 305 ,   32 775,32775.0,13.119755911517926
230240 BOA VIAGEM,468.0,14,482.0,230240,Boa Viagem,  2 302 404 ,   50 411,50411.0,9.561405248854417
230250 BREJO SANTO,880.0,56,936.0,230250,Brejo Santo,  2 302 503 ,   51 090,51090.0,18.320610687022903
230260 CAMOCIM,909.0,43,952.0,230260,Camocim,  2 302 602 ,   62 326,62326.0,15.274524275583223
230270 CAMPOS SALES,262.0,26,288.0,230270,Campos Sales,  2 302 701 ,   25 135,25135.0,11.45812611895763
230280 CANINDE,962.0,59,1021.0,230280,Canindé,  2 302 800 ,   74 174,74174.0,13.764931107935395
230290 CAPISTRANO,193.0,5,198.0,230290,Capistrano,  2 302 909 ,   17 254,17254.0,11.47559986090182
230300 CARIDADE,221.0,-,221.0,230300,Caridade,  2 303 006 ,   16 377,16377.0,13.49453501862368
230310 CARIRE,278.0,-,278.0,230310,Cariré,  2 303 105 ,   17 632,17632.0,15.766787658802176
230320 CARIRIACU,380.0,6,386.0,230320,Caririaçu,  2 303 204 ,   26 320,26320.0,14.66565349544073
230330 CARIUS,189.0,2,191.0,230330,Cariús,  2 303 303 ,   17 015,17015.0,11.225389362327357
230340 CARNAUBAL,316.0,12,328.0,230340,Carnaubal,  2 303 402 ,   17 210,17210.0,19.05868680999419
230350 CASCAVEL,1134.0,82,1216.0,230350,Cascavel,  2 303 501 ,   72 720,72720.0,16.721672167216724
230360 CATARINA,239.0,-,239.0,230360,Catarina,  2 303 600 ,   10 243,10243.0,23.3330079078395
230365 CATUNDA,226.0,-,226.0,230365,Catunda,  2 303 659 ,   10 444,10444.0,21.639218690157026
230370 CAUCAIA,3436.0,382,3818.0,230370,Caucaia,  2 303 709 ,   355 679,355679.0,10.7343981511419
230380 CEDRO,270.0,5,275.0,230380,Cedro,  2 303 808 ,   22 344,22344.0,12.307554600787684
230390 CHAVAL,241.0,-,241.0,230390,Chaval,  2 303 907 ,   12 462,12462.0,19.338789921360938
230393 CHORO,214.0,-,214.0,230393,Choró,  2 303 931 ,   12 113,12113.0,17.66696937174936
230395 CHOROZINHO,220.0,-,220.0,230395,Chorozinho,  2 303 956 ,   20 163,20163.0,10.911074740861975
230400 COREAU,312.0,20,332.0,230400,Coreaú,  2 304 004 ,   20 953,20953.0,15.844986398129146
230410 CRATEUS,1634.0,174,1808.0,230410,Crateús,  2 304 103 ,   76 390,76390.0,23.668019374263647
230420 CRATO,1959.0,253,2212.0,230420,Crato,  2 304 202 ,   131 050,131050.0,16.87905379626097
230423 CROATA,332.0,9,341.0,230423,Croatá,  2 304 236 ,   17 481,17481.0,19.506893198329614
230425 CRUZ,473.0,23,496.0,230425,Cruz,  2 304 251 ,   29 761,29761.0,16.66610664964215
230426 DEPUTADO IRAPUAN PINHEIRO,134.0,-,134.0,230426,Deputado Irapuan Pinheiro,  2 304 269 ,   8 932,8932.0,15.002239140170175
230427 ERERE,113.0,2,115.0,230427,Ereré,  2 304 277 ,   6 474,6474.0,17.763361136855114
230428 EUSEBIO,1186.0,181,1367.0,230428,Eusébio,  2 304 285 ,   74 170,74170.0,18.430632331131182
230430 FARIAS BRITO,298.0,14,312.0,230430,Farias Brito,  2 304 301 ,   18 217,18217.0,17.126859526815615
230435 FORQUILHA,357.0,6,363.0,230435,Forquilha,  2 304 350 ,   24 173,24173.0,15.01675422992595
230440 FORTALEZA,45571.0,13787,59358.0,230440,Fortaleza,  2 304 400 ,  2 428 708,2428708.0,24.4401550124593
230445 FORTIM,267.0,7,274.0,230445,Fortim,  2 304 459 ,   17 294,17294.0,15.84364519486527
230450 FRECHEIRINHA,339.0,1,340.0,230450,Frecheirinha,  2 304 509 ,   15 657,15657.0,21.715526601520086
230460 GENERAL SAMPAIO,124.0,-,124.0,230460,General Sampaio,  2 304 608 ,   6 734,6734.0,18.414018414018415
230465 GRACA,201.0,1,202.0,230465,Graça,  2 304 657 ,   13 801,13801.0,14.63662053474386
230470 GRANJA,700.0,16,716.0,230470,Granja,  2 304 707 ,   53 344,53344.0,13.422315536892622
230480 GRANJEIRO,100.0,-,100.0,230480,Granjeiro,  2 304 806 ,   4 841,4841.0,20.65688907250568
230490 GROAIRAS,139.0,1,140.0,230490,Groaíras,  2 304 905 ,   10 910,10910.0,12.832263978001833
230495 GUAIUBA,258.0,6,264.0,230495,Guaiúba,  2 304 954 ,   24 325,24325.0,10.853031860226105
230500 GUARACIABA DO NORTE,423.0,82,505.0,230500,Guaraciaba do Norte,  2 305 001 ,   42 053,42053.0,12.008655743942168
230510 GUARAMIRANGA,105.0,-,105.0,230510,Guaramiranga,  2 305 100 ,   5 654,5654.0,18.57092324018394
230520 HIDROLANDIA,362.0,-,362.0,230520,Hidrolândia,  2 305 209 ,   17 855,17855.0,20.274432931951832
230523 HORIZONTE,910.0,28,938.0,230523,Horizonte,  2 305 233 ,   74 755,74755.0,12.547655675205672
230526 IBARETAMA,207.0,1,208.0,230526,Ibaretama,  2 305 266 ,   11 956,11956.0,17.397122783539643
230530 IBIAPINA,400.0,8,408.0,230530,Ibiapina,  2 305 308 ,   23 965,23965.0,17.024827873982893
230533 IBICUITINGA,164.0,61,225.0,230533,Ibicuitinga,  2 305 332 ,   11 611,11611.0,19.378175867711654
230535 ICAPUI,282.0,-,282.0,230535,Icapuí,  2 305 357 ,   21 433,21433.0,13.15728082862875
230540 ICO,824.0,34,858.0,230540,Icó,  2 305 407 ,   62 642,62642.0,13.696880687078956
230550 IGUATU,1697.0,243,1940.0,230550,Iguatu,  2 305 506 ,   98 064,98064.0,19.782998857888725
230560 INDEPENDENCIA,425.0,13,438.0,230560,Independência,  2 305 605 ,   24 024,24024.0,18.231768231768232
230565 IPAPORANGA,238.0,-,238.0,230565,Ipaporanga,  2 305 654 ,   11 575,11575.0,20.561555075593954
230570 IPAUMIRIM,161.0,27,188.0,230570,Ipaumirim,  2 305 704 ,   12 083,12083.0,15.55904990482496
230580 IPU,522.0,25,547.0,230580,Ipu,  2 305 803 ,   41 081,41081.0,13.315157858864195
230590 IPUEIRAS,435.0,13,448.0,230590,Ipueiras,  2 305 902 ,   36 798,36798.0,12.17457470514702
230600 IRACEMA,219.0,3,222.0,230600,Iracema,  2 306 009 ,   14 001,14001.0,15.856010284979645
230610 IRAUCUBA,360.0,-,360.0,230610,Irauçuba,  2 306 108 ,   23 915,23915.0,15.053313819778381
230620 ITAICABA,147.0,1,148.0,230620,Itaiçaba,  2 306 207 ,   7 536,7536.0,19.639065817409765
230625 ITAITINGA,636.0,10,646.0,230625,Itaitinga,  2 306 256 ,   64 650,64650.0,9.992266047950503
230630 ITAPAGE,585.0,65,650.0,230630,Itapajé,  2 306 306 ,   46 426,46426.0,14.000775427562141
230640 ITAPIPOCA,2160.0,227,2387.0,230640,Itapipoca,  2 306 405 ,   131 123,131123.0,18.20428147617123
230650 ITAPIUNA,306.0,13,319.0,230650,Itapiúna,  2 306 504 ,   17 841,17841.0,17.88016366795583
230655 ITAREMA,548.0,6,554.0,230655,Itarema,  2 306 553 ,   42 957,42957.0,12.89661754778034
230660 ITATIRA,402.0,6,408.0,230660,Itatira,  2 306 603 ,   20 424,20424.0,19.9764982373678
230670 JAGUARETAMA,299.0,-,299.0,230670,Jaguaretama,  2 306 702 ,   17 232,17232.0,17.351439182915506
230680 JAGUARIBARA,184.0,2,186.0,230680,Jaguaribara,  2 306 801 ,   10 356,10356.0,17.960602549246815
230690 JAGUARIBE,486.0,55,541.0,230690,Jaguaribe,  2 306 900 ,   33 726,33726.0,16.041036588981797
230700 JAGUARUANA,429.0,32,461.0,230700,Jaguaruana,  2 307 007 ,   31 701,31701.0,14.542128008580171
230710 JARDIM,292.0,-,292.0,230710,Jardim,  2 307 106 ,   27 411,27411.0,10.652657692167379
230720 JATI,164.0,-,164.0,230720,Jati,  2 307 205 ,   7 861,7861.0,20.86248568884366
230725 JIJOCA DE JERICOACOARA,441.0,9,450.0,230725,Jijoca de Jericoacoara,  2 307 254 ,   25 555,25555.0,17.60907845822735
230730 JUAZEIRO DO NORTE,3998.0,839,4837.0,230730,Juazeiro do Norte,  2 307 304 ,   286 120,286120.0,16.9054941982385
230740 JUCAS,334.0,3,337.0,230740,Jucás,  2 307 403 ,   23 922,23922.0,14.087450882033274
230750 LAVRAS DA MANGABEIRA,340.0,9,349.0,230750,Lavras da Mangabeira,  2 307 502 ,   30 802,30802.0,11.33043308876047
230760 LIMOEIRO DO NORTE,1572.0,125,1697.0,230760,Limoeiro do Norte,  2 307 601 ,   59 560,59560.0,28.492276695768975
230763 MADALENA,252.0,1,253.0,230763,Madalena,  2 307 635 ,   16 896,16896.0,14.973958333333334
230765 MARACANAU,3066.0,678,3744.0,230765,Maracanaú,  2 307 650 ,   234 509,234509.0,15.965272121752257
230770 MARANGUAPE,998.0,258,1256.0,230770,Maranguape,  2 307 700 ,   105 093,105093.0,11.951319307660835
230780 MARCO,294.0,5,299.0,230780,Marco,  2 307 809 ,   25 799,25799.0,11.589596495988216
230790 MARTINOPOLE,249.0,2,251.0,230790,Martinópole,  2 307 908 ,   10 846,10846.0,23.142172229393328
230800 MASSAPE,485.0,5,490.0,230800,Massapê,  2 308 005 ,   37 697,37697.0,12.998381834098204
230810 MAURITI,553.0,29,582.0,230810,Mauriti,  2 308 104 ,   45 561,45561.0,12.774083097385923
230820 MERUOCA,218.0,10,228.0,230820,Meruoca,  2 308 203 ,   15 157,15157.0,15.042554595236524
230830 MILAGRES,359.0,9,368.0,230830,Milagres,  2 308 302 ,   25 900,25900.0,14.208494208494209
230835 MILHA,279.0,9,288.0,230835,Milhã,  2 308 351 ,   14 123,14123.0,20.392267931742545
230837 MIRAIMA,151.0,-,151.0,230837,Miraíma,  2 308 377 ,   14 196,14196.0,10.636799098337558
230840 MISSAO VELHA,363.0,-,363.0,230840,Missão Velha,  2 308 401 ,   36 822,36822.0,9.858236923578295
230850 MOMBACA,503.0,16,519.0,230850,Mombaça,  2 308 500 ,   37 735,37735.0,13.753809460712866
230860 MONSENHOR TABOSA,403.0,1,404.0,230860,Monsenhor Tabosa,  2 308 609 ,   17 149,17149.0,23.55822496938597
230870 MORADA NOVA,544.0,41,585.0,230870,Morada Nova,  2 308 708 ,   61 443,61443.0,9.521019481470631
230880 MORAUJO,143.0,-,143.0,230880,Moraújo,  2 308 807 ,   8 254,8254.0,17.3249333656409
230890 MORRINHOS,273.0,1,274.0,230890,Morrinhos,  2 308 906 ,   22 753,22753.0,12.042368039379422
230900 MUCAMBO,227.0,59,286.0,230900,Mucambo,  2 309 003 ,   13 666,13666.0,20.92785013903117
230910 MULUNGU,145.0,2,147.0,230910,Mulungu,  2 309 102 ,   10 569,10569.0,13.908600624467784
230920 NOVA OLINDA,158.0,2,160.0,230920,Nova Olinda,  2 309 201 ,   15 399,15399.0,10.390285083446978
230930 NOVA RUSSAS,404.0,10,414.0,230930,Nova Russas,  2 309 300 ,   30 699,30699.0,13.485781295807682
230940 NOVO ORIENTE,369.0,1,370.0,230940,Novo Oriente,  2 309 409 ,   27 545,27545.0,13.43256489381013
230945 OCARA,344.0,1,345.0,230945,Ocara,  2 309 458 ,   24 493,24493.0,14.085657126525946
230950 OROS,285.0,6,291.0,230950,Orós,  2 309 508 ,   19 675,19675.0,14.790343074968234
230960 PACAJUS,798.0,42,840.0,230960,Pacajus,  2 309 607 ,   70 983,70983.0,11.83381936520012
230970 PACATUBA,683.0,4,687.0,230970,Pacatuba,  2 309 706 ,   81 524,81524.0,8.426966292134832
230980 PACOTI,146.0,5,151.0,230980,Pacoti,  2 309 805 ,   11 186,11186.0,13.499016627927766
230990 PACUJA,110.0,5,115.0,230990,Pacujá,  2 309 904 ,   6 175,6175.0,18.62348178137652
231000 PALHANO,162.0,1,163.0,231000,Palhano,  2 310 001 ,   9 346,9346.0,17.440616306441257
231010 PALMACIA,168.0,-,168.0,231010,Palmácia,  2 310 100 ,   10 242,10242.0,16.403046280023432
231020 PARACURU,455.0,12,467.0,231020,Paracuru,  2 310 209 ,   38 980,38980.0,11.98050282195998
231025 PARAIPABA,425.0,19,444.0,231025,Paraipaba,  2 310 258 ,   32 216,32216.0,13.781971691085175
231030 PARAMBU,423.0,7,430.0,231030,Parambu,  2 310 308 ,   31 445,31445.0,13.674670058832882
231040 PARAMOTI,158.0,-,158.0,231040,Paramoti,  2 310 407 ,   10 384,10384.0,15.215716486902929
231050 PEDRA BRANCA,709.0,25,734.0,231050,Pedra Branca,  2 310 506 ,   40 187,40187.0,18.264612934531065
231060 PENAFORTE,163.0,28,191.0,231060,Penaforte,  2 310 605 ,   8 972,8972.0,21.288452964779314
231070 PENTECOSTE,485.0,27,512.0,231070,Pentecoste,  2 310 704 ,   37 813,37813.0,13.540316822256896
231080 PEREIRO,198.0,7,205.0,231080,Pereiro,  2 310 803 ,   15 274,15274.0,13.421500589236611
231085 PINDORETAMA,302.0,2,304.0,231085,Pindoretama,  2 310 852 ,   23 391,23391.0,12.996451626694027
231090 PIQUET CARNEIRO,244.0,-,244.0,231090,Piquet Carneiro,  2 310 902 ,   16 616,16616.0,14.684641309581126
231095 PIRES FERREIRA,183.0,5,188.0,231095,Pires Ferreira,  2 310 951 ,   10 606,10606.0,17.725815576089005
231100 PORANGA,156.0,-,156.0,231100,Poranga,  2 311 009 ,   12 065,12065.0,12.929962702030668
231110 PORTEIRAS,165.0,3,168.0,231110,Porteiras,  2 311 108 ,   17 050,17050.0,9.853372434017595
231120 POTENGI,123.0,4,127.0,231120,Potengi,  2 311 207 ,   8 833,8833.0,14.37790105286992
231123 POTIRETAMA,172.0,-,172.0,231123,Potiretama,  2 311 231 ,   5 974,5974.0,28.79142952795447
231126 QUITERIANOPOLIS,364.0,7,371.0,231126,Quiterianópolis,  2 311 264 ,   20 213,20213.0,18.354524316034233
231130 QUIXADA,1480.0,151,1631.0,231130,Quixadá,  2 311 306 ,   84 168,84168.0,19.37791084497671
231135 QUIXELO,203.0,7,210.0,231135,Quixelô,  2 311 355 ,   15 910,15910.0,13.199245757385292
231140 QUIXERAMOBIM,1978.0,30,2008.0,231140,Quixeramobim,  2 311 405 ,   82 177,82177.0,24.435060905119435
231150 QUIXERE,308.0,19,327.0,231150,Quixeré,  2 311 504 ,   20 874,20874.0,15.66542109801667
231160 REDENCAO,497.0,16,513.0,231160,Redenção,  2 311 603 ,   27 214,27214.0,18.850591607260966
231170 RERIUTABA,436.0,1,437.0,231170,Reriutaba,  2 311 702 ,   18 606,18606.0,23.48704718907879
231180 RUSSAS,801.0,82,883.0,231180,Russas,  2 311 801 ,   72 928,72928.0,12.107832382623958
231190 SABOEIRO,192.0,-,192.0,231190,Saboeiro,  2 311 900 ,   13 854,13854.0,13.858813339107838
231195 SALITRE,270.0,1,271.0,231195,Salitre,  2 311 959 ,   16 633,16633.0,16.292911681596824
231200 SANTANA DO ACARAU,446.0,4,450.0,231200,Santana do Acaraú,  2 312 007 ,   30 628,30628.0,14.692438291759174
231210 SANTANA DO CARIRI,188.0,1,189.0,231210,Santana do Cariri,  2 312 106 ,   16 954,16954.0,11.147811725846408
231220 SANTA QUITERIA,444.0,2,446.0,231220,Santa Quitéria,  2 312 205 ,   40 183,40183.0,11.099221063633875
231230 SAO BENEDITO,576.0,220,796.0,231230,São Benedito,  2 312 304 ,   47 640,47640.0,16.708648194794293
231240 SAO GONCALO DO AMARANTE,1366.0,114,1480.0,231240,São Gonçalo do Amarante,  2 312 403 ,   54 143,54143.0,27.335020224221044
231250 SAO JOAO DO JAGUARIBE,140.0,8,148.0,231250,São João do Jaguaribe,  2 312 502 ,   5 855,5855.0,25.27754056362084
231260 SAO LUIS DO CURU,128.0,-,128.0,231260,São Luís do Curu,  2 312 601 ,   10 822,10822.0,11.827758270190353
231270 SENADOR POMPEU,380.0,1,381.0,231270,Senador Pompeu,  2 312 700 ,   24 266,24266.0,15.700980796175719
231280 SENADOR SA,101.0,-,101.0,231280,Senador Sá,  2 312 809 ,   7 262,7262.0,13.908014321123657
231290 SOBRAL,6975.0,1569,8544.0,231290,Sobral,  2 312 908 ,   203 023,203023.0,42.08390182393128
231300 SOLONOPOLE,298.0,2,300.0,231300,Solonópole,  2 313 005 ,   18 179,18179.0,16.502557896473956
231310 TABULEIRO DO NORTE,458.0,55,513.0,231310,Tabuleiro do Norte,  2 313 104 ,   30 652,30652.0,16.73626517029884
231320 TAMBORIL,370.0,3,373.0,231320,Tamboril,  2 313 203 ,   24 815,24815.0,15.031231110215597
231325 TARRAFAS,82.0,-,82.0,231325,Tarrafas,  2 313 252 ,   7 529,7529.0,10.891220613627308
231330 TAUA,1117.0,38,1155.0,231330,Tauá,  2 313 302 ,   61 227,61227.0,18.864226566710766
231335 TEJUCUOCA,275.0,-,275.0,231335,Tejuçuoca,  2 313 351 ,   17 154,17154.0,16.03124635653492
231340 TIANGUA,1187.0,73,1260.0,231340,Tianguá,  2 313 401 ,   81 506,81506.0,15.458984614629598
231350 TRAIRI,567.0,18,585.0,231350,Trairi,  2 313 500 ,   58 415,58415.0,10.0145510570915
231355 TURURU,179.0,-,179.0,231355,Tururu,  2 313 559 ,   15 412,15412.0,11.61432649883208
231360 UBAJARA,474.0,6,480.0,231360,Ubajara,  2 313 609 ,   32 767,32767.0,14.648884548478652
231370 UMARI,128.0,2,130.0,231370,Umari,  2 313 708 ,   6 871,6871.0,18.920098966671517
231375 UMIRIM,160.0,1,161.0,231375,Umirim,  2 313 757 ,   17 470,17470.0,9.215798511734402
231380 URUBURETAMA,202.0,1,203.0,231380,Uruburetama,  2 313 807 ,   20 189,20189.0,10.054980434890286
231390 URUOCA,282.0,3,285.0,231390,Uruoca,  2 313 906 ,   13 746,13746.0,20.73330423395897
231395 VARJOTA,386.0,7,393.0,231395,Varjota,  2 313 955 ,   18 105,18105.0,21.706710853355425
231400 VARZEA ALEGRE,396.0,21,417.0,231400,Várzea Alegre,  2 314 003 ,   38 984,38984.0,10.696696080443258
231410 VICOSA DO CEARA,625.0,11,636.0,231410,Viçosa do Ceará,  2 314 102 ,   59 712,59712.0,10.65112540192926
240010 ACARI,140.0,-,140.0,240010,Acari,  2 400 109 ,   10 597,10597.0,13.211286213079173
240020 ACU,967.0,137,1104.0,240020,Açu,  2 400 208 ,   56 496,56496.0,19.541206457094308
240030 AFONSO BEZERRA,144.0,4,148.0,240030,Afonso Bezerra,  2 400 307 ,   10 839,10839.0,13.654396162007565
240040 AGUA NOVA,44.0,-,44.0,240040,Água Nova,  2 400 406 ,   2 946,2946.0,14.93550577053632
240050 ALEXANDRIA,315.0,29,344.0,240050,Alexandria,  2 400 505 ,   13 640,13640.0,25.219941348973606
240060 ALMINO AFONSO,132.0,-,132.0,240060,Almino Afonso,  2 400 604 ,   4 687,4687.0,28.163004053765732
240070 ALTO DO RODRIGUES,157.0,9,166.0,240070,Alto do Rodrigues,  2 400 703 ,   12 484,12484.0,13.297020185837873
240080 ANGICOS,230.0,14,244.0,240080,Angicos,  2 400 802 ,   11 632,11632.0,20.976616231086656
240090 ANTONIO MARTINS,121.0,-,121.0,240090,Antônio Martins,  2 400 901 ,   6 577,6577.0,18.397445643910597
240100 APODI,489.0,119,608.0,240100,Apodi,  2 401 008 ,   36 093,36093.0,16.845371678718863
240110 AREIA BRANCA,405.0,23,428.0,240110,Areia Branca,  2 401 107 ,   24 093,24093.0,17.764495911675592
240120 ARES,238.0,-,238.0,240120,Arês,  2 401 206 ,   13 251,13251.0,17.960908610670895
240130 AUGUSTO SEVERO,121.0,-,121.0,240130,Campo Grande,  2 401 305 ,   9 730,9730.0,12.435765673175746
240140 BAIA FORMOSA,129.0,-,129.0,240140,Baía Formosa,  2 401 404 ,   8 825,8825.0,14.61756373937677
240145 BARAUNA,468.0,45,513.0,240145,Baraúna,  2 401 453 ,   26 913,26913.0,19.061420131534945
240150 BARCELONA,67.0,-,67.0,240150,Barcelona,  2 401 503 ,   3 986,3986.0,16.808830908178628
240160 BENTO FERNANDES,68.0,-,68.0,240160,Bento Fernandes,  2 401 602 ,   4 807,4807.0,14.146037029332224
240165 BODO,53.0,-,53.0,240165,Bodó,  2 401 651 ,   2 306,2306.0,22.98352124891587
240170 BOM JESUS,162.0,1,163.0,240170,Bom Jesus,  2 401 701 ,   9 952,9952.0,16.378617363344052
240180 BREJINHO,173.0,-,173.0,240180,Brejinho,  2 401 800 ,   12 202,12202.0,14.178003605966236
240185 CAICARA DO NORTE,107.0,2,109.0,240185,Caiçara do Norte,  2 401 859 ,   6 293,6293.0,17.320832671221993
240190 CAICARA DO RIO DO VENTO,105.0,-,105.0,240190,Caiçara do Rio do Vento,  2 401 909 ,   3 268,3268.0,32.129742962056305
240200 CAICO,1745.0,228,1973.0,240200,Caicó,  2 402 006 ,   61 146,61146.0,32.26703300297648
240210 CAMPO REDONDO,196.0,3,199.0,240210,Campo Redondo,  2 402 105 ,   10 215,10215.0,19.481155163974545
240220 CANGUARETAMA,454.0,2,456.0,240220,Canguaretama,  2 402 204 ,   29 668,29668.0,15.370095726034785
240230 CARAUBAS,365.0,10,375.0,240230,Caraúbas,  2 402 303 ,   19 727,19727.0,19.009479393724337
240240 CARNAUBA DOS DANTAS,174.0,-,174.0,240240,Carnaúba dos Dantas,  2 402 402 ,   7 992,7992.0,21.77177177177177
240250 CARNAUBAIS,126.0,1,127.0,240250,Carnaubais,  2 402 501 ,   9 714,9714.0,13.073913938645255
240260 CEARA-MIRIM,779.0,83,862.0,240260,Ceará-Mirim,  2 402 600 ,   79 115,79115.0,10.895531820767237
240270 CERRO CORA,118.0,-,118.0,240270,Cerro Corá,  2 402 709 ,   11 000,11000.0,10.727272727272728
240280 CORONEL EZEQUIEL,85.0,-,85.0,240280,Coronel Ezequiel,  2 402 808 ,   5 117,5117.0,16.611295681063122
240290 CORONEL JOAO PESSOA,86.0,-,86.0,240290,Coronel João Pessoa,  2 402 907 ,   4 237,4237.0,20.297380221855086
240300 CRUZETA,112.0,-,112.0,240300,Cruzeta,  2 403 004 ,   8 005,8005.0,13.991255465334167
240310 CURRAIS NOVOS,1008.0,97,1105.0,240310,Currais Novos,  2 403 103 ,   41 313,41313.0,26.747028780287078
240320 DOUTOR SEVERIANO,89.0,-,89.0,240320,Doutor Severiano,  2 403 202 ,   7 044,7044.0,12.634866553094833
240325 PARNAMIRIM,3468.0,213,3681.0,240325,Parnamirim,  2 403 251 ,   252 716,252716.0,14.565757609332215
240330 ENCANTO,107.0,1,108.0,240330,Encanto,  2 403 301 ,   6 016,6016.0,17.95212765957447
240340 EQUADOR,126.0,-,126.0,240340,Equador,  2 403 400 ,   5 360,5360.0,23.507462686567163
240350 ESPIRITO SANTO,906.0,2,908.0,240350,Espírito Santo,  2 403 509 ,   10 620,10620.0,85.49905838041431
240360 EXTREMOZ,495.0,3,498.0,240360,Extremoz,  2 403 608 ,   61 635,61635.0,8.0798247748844
240370 FELIPE GUERRA,112.0,-,112.0,240370,Felipe Guerra,  2 403 707 ,   5 944,5944.0,18.842530282637956
240375 FERNANDO PEDROZA,80.0,-,80.0,240375,Fernando Pedroza,  2 403 756 ,   2 938,2938.0,27.22940776038121
240380 FLORANIA,138.0,-,138.0,240380,Florânia,  2 403 806 ,   10 196,10196.0,13.534719497842291
240390 FRANCISCO DANTAS,45.0,-,45.0,240390,Francisco Dantas,  2 403 905 ,   2 700,2700.0,16.666666666666668
240400 FRUTUOSO GOMES,107.0,1,108.0,240400,Frutuoso Gomes,  2 404 002 ,   4 122,4122.0,26.200873362445414
240410 GALINHOS,80.0,-,80.0,240410,Galinhos,  2 404 101 ,   2 104,2104.0,38.02281368821293
240420 GOIANINHA,406.0,8,414.0,240420,Goianinha,  2 404 200 ,   26 741,26741.0,15.481844358849706
240430 GOVERNADOR DIX-SEPT ROSADO,146.0,3,149.0,240430,Governador Dix-Sept Rosado,  2 404 309 ,   11 938,11938.0,12.481152621879712
240440 GROSSOS,141.0,-,141.0,240440,Grossos,  2 404 408 ,   9 924,9924.0,14.207980652962515
240450 GUAMARE,687.0,1,688.0,240450,Guamaré,  2 404 507 ,   15 295,15295.0,44.98202026806146
240460 IELMO MARINHO,163.0,-,163.0,240460,Ielmo Marinho,  2 404 606 ,   11 615,11615.0,14.033577270770556
240470 IPANGUACU,153.0,-,153.0,240470,Ipanguaçu,  2 404 705 ,   14 131,14131.0,10.827259217323615
240480 IPUEIRA,73.0,-,73.0,240480,Ipueira,  2 404 804 ,   2 035,2035.0,35.87223587223587
240485 ITAJA,130.0,2,132.0,240485,Itajá,  2 404 853 ,   7 292,7292.0,18.102029621503018
240490 ITAU,77.0,4,81.0,240490,Itaú,  2 404 903 ,   5 320,5320.0,15.225563909774436
240500 JACANA,157.0,-,157.0,240500,Jaçanã,  2 405 009 ,   7 834,7834.0,20.04084758743937
240510 JANDAIRA,148.0,-,148.0,240510,Jandaíra,  2 405 108 ,   6 562,6562.0,22.554099359951234
240520 JANDUIS,134.0,-,134.0,240520,Janduís,  2 405 207 ,   4 746,4746.0,28.234302570585754
240530 JANUARIO CICCO,118.0,-,118.0,240530,Januário Cicco,  2 405 306 ,   9 051,9051.0,13.037233454866865
240540 JAPI,91.0,-,91.0,240540,Japi,  2 405 405 ,   5 117,5117.0,17.783857729138166
240550 JARDIM DE ANGICOS,90.0,-,90.0,240550,Jardim de Angicos,  2 405 504 ,   2 437,2437.0,36.93065244152647
240560 JARDIM DE PIRANHAS,191.0,1,192.0,240560,Jardim de Piranhas,  2 405 603 ,   13 977,13977.0,13.7368534020176
240570 JARDIM DO SERIDO,150.0,5,155.0,240570,Jardim do Seridó,  2 405 702 ,   11 655,11655.0,13.299013299013298
240580 JOAO CAMARA,598.0,22,620.0,240580,João Câmara,  2 405 801 ,   33 290,33290.0,18.62421147491739
240590 JOAO DIAS,54.0,-,54.0,240590,João Dias,  2 405 900 ,   2 076,2076.0,26.01156069364162
240600 JOSE DA PENHA,96.0,-,96.0,240600,José da Penha,  2 406 007 ,   5 803,5803.0,16.54316732724453
240610 JUCURUTU,293.0,1,294.0,240610,Jucurutu,  2 406 106 ,   17 793,17793.0,16.52335187995279
240615 JUNDIA,55.0,-,55.0,240615,Jundiá,  2 406 155 ,   3 739,3739.0,14.70981545867879
240620 LAGOA D'ANTA,109.0,-,109.0,240620,Lagoa d'Anta,  2 406 205 ,   6 654,6654.0,16.38112413585813
240630 LAGOA DE PEDRAS,98.0,-,98.0,240630,Lagoa de Pedras,  2 406 304 ,   7 338,7338.0,13.355137639683837
240640 LAGOA DE VELHOS,63.0,-,63.0,240640,Lagoa de Velhos,  2 406 403 ,   2 567,2567.0,24.542267238021036
240650 LAGOA NOVA,154.0,5,159.0,240650,Lagoa Nova,  2 406 502 ,   15 573,15573.0,10.209978809477942
240660 LAGOA SALGADA,67.0,-,67.0,240660,Lagoa Salgada,  2 406 601 ,   8 319,8319.0,8.05385262651761
240670 LAJES,182.0,2,184.0,240670,Lajes,  2 406 700 ,   9 866,9866.0,18.64990877762011
240680 LAJES PINTADAS,113.0,-,113.0,240680,Lajes Pintadas,  2 406 809 ,   4 787,4787.0,23.60559849592647
240690 LUCRECIA,120.0,8,128.0,240690,Lucrécia,  2 406 908 ,   3 490,3490.0,36.67621776504298
240700 LUIS GOMES,114.0,4,118.0,240700,Luís Gomes,  2 407 005 ,   9 070,9070.0,13.009922822491731
240710 MACAIBA,1199.0,29,1228.0,240710,Macaíba,  2 407 104 ,   82 249,82249.0,14.930272708482777
240720 MACAU,340.0,14,354.0,240720,Macau,  2 407 203 ,   27 369,27369.0,12.934341773539407
240725 MAJOR SALES,70.0,-,70.0,240725,Major Sales,  2 407 252 ,   3 924,3924.0,17.83893985728848
240730 MARCELINO VIEIRA,83.0,1,84.0,240730,Marcelino Vieira,  2 407 302 ,   7 896,7896.0,10.638297872340425
240740 MARTINS,119.0,1,120.0,240740,Martins,  2 407 401 ,   8 179,8179.0,14.671720259200391
240750 MAXARANGUAPE,160.0,30,190.0,240750,Maxaranguape,  2 407 500 ,   10 255,10255.0,18.527547537786447
240760 MESSIAS TARGINO,93.0,-,93.0,240760,Messias Targino,  2 407 609 ,   4 274,4274.0,21.759475900795508
240770 MONTANHAS,145.0,-,145.0,240770,Montanhas,  2 407 708 ,   11 444,11444.0,12.670394966794825
240780 MONTE ALEGRE,290.0,4,294.0,240780,Monte Alegre,  2 407 807 ,   23 031,23031.0,12.765403152273024
240790 MONTE DAS GAMELEIRAS,70.0,95,165.0,240790,Monte das Gameleiras,  2 407 906 ,   2 276,2276.0,72.49560632688929
240800 MOSSORO,4790.0,858,5648.0,240800,Mossoró,  2 408 003 ,   264 577,264577.0,21.347282643616037
240810 NATAL,17838.0,6204,24042.0,240810,Natal,  2 408 102 ,   751 300,751300.0,32.00053241048849
240820 NISIA FLORESTA,295.0,4,299.0,240820,Nísia Floresta,  2 408 201 ,   31 942,31942.0,9.360716298290653
240830 NOVA CRUZ,597.0,2,599.0,240830,Nova Cruz,  2 408 300 ,   34 269,34269.0,17.47935451866118
240840 OLHO-D'AGUA DO BORGES,112.0,-,112.0,240840,Olho d'Água do Borges,  2 408 409 ,   3 905,3905.0,28.681177976952625
240850 OURO BRANCO,94.0,-,94.0,240850,Ouro Branco,  2 408 508 ,   4 913,4913.0,19.132912680643194
240860 PARANA,108.0,-,108.0,240860,Paraná,  2 408 607 ,   3 934,3934.0,27.452974072191154
240870 PARAU,69.0,-,69.0,240870,Paraú,  2 408 706 ,   3 579,3579.0,19.279128248114
240880 PARAZINHO,99.0,-,99.0,240880,Parazinho,  2 408 805 ,   4 801,4801.0,20.620704019995834
240890 PARELHAS,358.0,8,366.0,240890,Parelhas,  2 408 904 ,   21 499,21499.0,17.02404763012233
240895 RIO DO FOGO,242.0,8,250.0,240895,Rio do Fogo,  2 408 953 ,   10 351,10351.0,24.152255820693654
240910 PASSA E FICA,206.0,-,206.0,240910,Passa e Fica,  2 409 100 ,   10 896,10896.0,18.90602055800294
240920 PASSAGEM,48.0,-,48.0,240920,Passagem,  2 409 209 ,   3 115,3115.0,15.409309791332262
240930 PATU,189.0,1,190.0,240930,Patu,  2 409 308 ,   11 007,11007.0,17.26174252748251
240933 SANTA MARIA,121.0,-,121.0,240933,Santa Maria,  2 409 332 ,   4 847,4847.0,24.963895192902825
240940 PAU DOS FERROS,1082.0,45,1127.0,240940,Pau dos Ferros,  2 409 407 ,   30 479,30479.0,36.9762787493028
240950 PEDRA GRANDE,105.0,-,105.0,240950,Pedra Grande,  2 409 506 ,   3 618,3618.0,29.02155887230514
240960 PEDRA PRETA,63.0,-,63.0,240960,Pedra Preta,  2 409 605 ,   2 441,2441.0,25.80909463334699
240970 PEDRO AVELINO,109.0,-,109.0,240970,Pedro Avelino,  2 409 704 ,   6 242,6242.0,17.462351810317205
240980 PEDRO VELHO,240.0,-,240.0,240980,Pedro Velho,  2 409 803 ,   13 824,13824.0,17.36111111111111
240990 PENDENCIAS,239.0,4,243.0,240990,Pendências,  2 409 902 ,   12 278,12278.0,19.79149698647988
241000 PILOES,57.0,-,57.0,241000,Pilões,  2 410 009 ,   2 965,2965.0,19.224283305227658
241010 POCO BRANCO,224.0,-,224.0,241010,Poço Branco,  2 410 108 ,   12 390,12390.0,18.07909604519774
241020 PORTALEGRE,105.0,1,106.0,241020,Portalegre,  2 410 207 ,   7 601,7601.0,13.94553348243652
241025 PORTO DO MANGUE,100.0,-,100.0,241025,Porto do Mangue,  2 410 256 ,   5 228,5228.0,19.127773527161438
241030 SERRA CAIADA,128.0,8,136.0,241030,Serra Caiada,  2 410 306 ,   10 125,10125.0,13.4320987654321
241040 PUREZA,94.0,-,94.0,241040,Pureza,  2 410 405 ,   9 362,9362.0,10.040589617603077
241050 RAFAEL FERNANDES,61.0,10,71.0,241050,Rafael Fernandes,  2 410 504 ,   5 432,5432.0,13.070692194403534
241060 RAFAEL GODEIRO,61.0,-,61.0,241060,Rafael Godeiro,  2 410 603 ,   2 934,2934.0,20.790729379686436
241070 RIACHO DA CRUZ,56.0,-,56.0,241070,Riacho da Cruz,  2 410 702 ,   2 701,2701.0,20.73306182895224
241080 RIACHO DE SANTANA,42.0,-,42.0,241080,Riacho de Santana,  2 410 801 ,   4 127,4127.0,10.176883935061788
241090 RIACHUELO,134.0,-,134.0,241090,Riachuelo,  2 410 900 ,   7 389,7389.0,18.135065638110706
241100 RODOLFO FERNANDES,59.0,1,60.0,241100,Rodolfo Fernandes,  2 411 007 ,   4 242,4242.0,14.144271570014144
241105 TIBAU,157.0,3,160.0,241105,Tibau,  2 411 056 ,   5 382,5382.0,29.72872538089929
241110 RUY BARBOSA,67.0,-,67.0,241110,Ruy Barbosa,  2 411 106 ,   3 206,3206.0,20.898315658140987
241120 SANTA CRUZ,1059.0,30,1089.0,241120,Santa Cruz,  2 411 205 ,   37 313,37313.0,29.185538552247206
241140 SANTANA DO MATOS,125.0,-,125.0,241140,Santana do Matos,  2 411 403 ,   12 456,12456.0,10.035324341682724
241142 SANTANA DO SERIDO,67.0,1,68.0,241142,Santana do Seridó,  2 411 429 ,   2 696,2696.0,25.222551928783382
241150 SANTO ANTONIO,548.0,3,551.0,241150,Santo Antônio,  2 411 502 ,   22 177,22177.0,24.84556071605718
241160 SAO BENTO DO NORTE,74.0,-,74.0,241160,São Bento do Norte,  2 411 601 ,   3 304,3304.0,22.397094430992738
241170 SAO BENTO DO TRAIRI,114.0,-,114.0,241170,São Bento do Trairí,  2 411 700 ,   3 792,3792.0,30.06329113924051
241180 SAO FERNANDO,61.0,-,61.0,241180,São Fernando,  2 411 809 ,   3 492,3492.0,17.468499427262316
241190 SAO FRANCISCO DO OESTE,50.0,-,50.0,241190,São Francisco do Oeste,  2 411 908 ,   4 161,4161.0,12.01634222542658
241200 SAO GONCALO DO AMARANTE,935.0,93,1028.0,241200,São Gonçalo do Amarante,  2 412 005 ,   115 838,115838.0,8.87446261157824
241210 SAO JOAO DO SABUGI,106.0,6,112.0,241210,São João do Sabugi,  2 412 104 ,   5 956,5956.0,18.804566823371392
241220 SAO JOSE DE MIPIBU,869.0,27,896.0,241220,São José de Mipibu,  2 412 203 ,   47 286,47286.0,18.948525990779512
241230 SAO JOSE DO CAMPESTRE,195.0,-,195.0,241230,São José do Campestre,  2 412 302 ,   11 121,11121.0,17.534394388993793
241240 SAO JOSE DO SERIDO,82.0,1,83.0,241240,São José do Seridó,  2 412 401 ,   4 558,4558.0,18.20974111452391
241250 SAO MIGUEL,228.0,5,233.0,241250,São Miguel,  2 412 500 ,   23 537,23537.0,9.899307473339848
241255 SAO MIGUEL DO GOSTOSO,172.0,-,172.0,241255,São Miguel do Gostoso,  2 412 559 ,   10 221,10221.0,16.828099011838372
241260 SAO PAULO DO POTENGI,366.0,3,369.0,241260,São Paulo do Potengi,  2 412 609 ,   16 786,16786.0,21.982604551411892
241270 SAO PEDRO,67.0,-,67.0,241270,São Pedro,  2 412 708 ,   5 776,5776.0,11.59972299168975
241280 SAO RAFAEL,95.0,-,95.0,241280,São Rafael,  2 412 807 ,   7 711,7711.0,12.32006224873557
241290 SAO TOME,137.0,-,137.0,241290,São Tomé,  2 412 906 ,   9 972,9972.0,13.738467709586843
241300 SAO VICENTE,120.0,1,121.0,241300,São Vicente,  2 413 003 ,   6 310,6310.0,19.17591125198098
241310 SENADOR ELOI DE SOUZA,89.0,-,89.0,241310,Senador Elói de Souza,  2 413 102 ,   5 965,5965.0,14.920368818105617
241320 SENADOR GEORGINO AVELINO,81.0,-,81.0,241320,Senador Georgino Avelino,  2 413 201 ,   4 065,4065.0,19.926199261992622
241330 SERRA DE SAO BENTO,112.0,-,112.0,241330,Serra de São Bento,  2 413 300 ,   5 703,5703.0,19.638786603541995
241335 SERRA DO MEL,122.0,1,123.0,241335,Serra do Mel,  2 413 359 ,   13 091,13091.0,9.395768084943855
241340 SERRA NEGRA DO NORTE,99.0,1,100.0,241340,Serra Negra do Norte,  2 413 409 ,   7 597,7597.0,13.16309069369488
241350 SERRINHA,104.0,-,104.0,241350,Serrinha,  2 413 508 ,   6 436,6436.0,16.159105034182723
241355 SERRINHA DOS PINTOS,63.0,-,63.0,241355,Serrinha dos Pintos,  2 413 557 ,   4 659,4659.0,13.522215067611075
241360 SEVERIANO MELO,82.0,2,84.0,241360,Severiano Melo,  2 413 607 ,   5 487,5487.0,15.30891197375615
241370 SITIO NOVO,102.0,-,102.0,241370,Sítio Novo,  2 413 706 ,   4 654,4654.0,21.91663085517834
241380 TABOLEIRO GRANDE,44.0,1,45.0,241380,Taboleiro Grande,  2 413 805 ,   2 338,2338.0,19.24721984602224
241390 TAIPU,148.0,-,148.0,241390,Taipu,  2 413 904 ,   11 422,11422.0,12.957450534057083
241400 TANGARA,201.0,-,201.0,241400,Tangará,  2 414 001 ,   13 281,13281.0,15.134402529929975
241410 TENENTE ANANIAS,134.0,7,141.0,241410,Tenente Ananias,  2 414 100 ,   10 262,10262.0,13.740011693626974
241415 TENENTE LAURENTINO CRUZ,95.0,1,96.0,241415,Tenente Laurentino Cruz,  2 414 159 ,   5 891,5891.0,16.296044814123242
241420 TIBAU DO SUL,217.0,-,217.0,241420,Tibau do Sul,  2 414 209 ,   16 929,16929.0,12.818240888416327
241430 TIMBAUBA DOS BATISTAS,47.0,-,47.0,241430,Timbaúba dos Batistas,  2 414 308 ,   2 348,2348.0,20.01703577512777
241440 TOUROS,373.0,8,381.0,241440,Touros,  2 414 407 ,   33 035,33035.0,11.533222339942485
241445 TRIUNFO POTIGUAR,115.0,-,115.0,241445,Triunfo Potiguar,  2 414 456 ,   3 376,3376.0,34.06398104265403
241450 UMARIZAL,117.0,-,117.0,241450,Umarizal,  2 414 506 ,   10 078,10078.0,11.60944631871403
241460 UPANEMA,190.0,-,190.0,241460,Upanema,  2 414 605 ,   13 577,13577.0,13.994254990056714
241470 VARZEA,60.0,-,60.0,241470,Várzea,  2 414 704 ,   5 233,5233.0,11.46569845213071
241475 VENHA-VER,56.0,-,56.0,241475,Venha-Ver,  2 414 753 ,   3 014,3014.0,18.5799601857996
241480 VERA CRUZ,174.0,-,174.0,241480,Vera Cruz,  2 414 803 ,   10 735,10735.0,16.208663251047973
241490 VICOSA,36.0,-,36.0,241490,Viçosa,  2 414 902 ,   1 822,1822.0,19.758507135016465
241500 VILA FLOR,66.0,1,67.0,241500,Vila Flor,  2 415 008 ,   3 174,3174.0,21.109010712035285
250010 AGUA BRANCA,220.0,1,221.0,250010,Água Branca,  2 500 106 ,   9 335,9335.0,23.674343867166577
250020 AGUIAR,162.0,2,164.0,250020,Aguiar,  2 500 205 ,   5 003,5003.0,32.78033180091945
250030 ALAGOA GRANDE,367.0,3,370.0,250030,Alagoa Grande,  2 500 304 ,   26 062,26062.0,14.196915048729952
250040 ALAGOA NOVA,271.0,5,276.0,250040,Alagoa Nova,  2 500 403 ,   21 013,21013.0,13.134726121924524
250050 ALAGOINHA,172.0,-,172.0,250050,Alagoinha,  2 500 502 ,   13 725,13725.0,12.531876138433516
250053 ALCANTIL,117.0,-,117.0,250053,Alcantil,  2 500 536 ,   5 578,5578.0,20.975259949802794
250057 ALGODAO DE JANDAIRA,39.0,2,41.0,250057,Algodão de Jandaíra,  2 500 577 ,   2 953,2953.0,13.88418557399255
250060 ALHANDRA,397.0,3,400.0,250060,Alhandra,  2 500 601 ,   21 730,21730.0,18.40773124712379
250070 SAO JOAO DO RIO DO PEIXE,325.0,5,330.0,250070,São João do Rio do Peixe,  2 500 700 ,   17 964,17964.0,18.37007348029392
250073 AMPARO,52.0,-,52.0,250073,Amparo,  2 500 734 ,   2 234,2234.0,23.276633840644582
250077 APARECIDA,103.0,2,105.0,250077,Aparecida,  2 500 775 ,   7 960,7960.0,13.190954773869347
250080 ARACAGI,214.0,-,214.0,250080,Araçagi,  2 500 809 ,   16 646,16646.0,12.855941367295447
250090 ARARA,142.0,1,143.0,250090,Arara,  2 500 908 ,   12 212,12212.0,11.709793645594498
250100 ARARUNA,207.0,7,214.0,250100,Araruna,  2 501 005 ,   17 189,17189.0,12.449822560940136
250110 AREIA,298.0,6,304.0,250110,Areia,  2 501 104 ,   22 633,22633.0,13.43171475279459
250115 AREIA DE BARAUNAS,53.0,2,55.0,250115,Areia de Baraúnas,  2 501 153 ,   2 005,2005.0,27.43142144638404
250120 AREIAL,84.0,-,84.0,250120,Areial,  2 501 203 ,   7 128,7128.0,11.784511784511785
250130 AROEIRAS,228.0,2,230.0,250130,Aroeiras,  2 501 302 ,   18 705,18705.0,12.296177492649024
250135 ASSUNCAO,70.0,-,70.0,250135,Assunção,  2 501 351 ,   4 152,4152.0,16.859344894026975
250140 BAIA DA TRAICAO,234.0,-,234.0,250140,Baía da Traição,  2 501 401 ,   9 224,9224.0,25.368603642671292
250150 BANANEIRAS,289.0,3,292.0,250150,Bananeiras,  2 501 500 ,   23 134,23134.0,12.622114636465808
250153 BARAUNA,98.0,-,98.0,250153,Baraúna,  2 501 534 ,   4 762,4762.0,20.579588408231835
250157 BARRA DE SANTANA,151.0,-,151.0,250157,Barra de Santana,  2 501 575 ,   8 059,8059.0,18.73681598213178
250160 BARRA DE SANTA ROSA,163.0,24,187.0,250160,Barra de Santa Rosa,  2 501 609 ,   12 904,12904.0,14.49163050216987
250170 BARRA DE SAO MIGUEL,112.0,-,112.0,250170,Barra de São Miguel,  2 501 708 ,   5 906,5906.0,18.963765662038604
250180 BAYEUX,1016.0,43,1059.0,250180,Bayeux,  2 501 807 ,   82 742,82742.0,12.798820429769647
250190 BELEM,377.0,9,386.0,250190,Belém,  2 501 906 ,   16 401,16401.0,23.535150295713677
250200 BELEM DO BREJO DO CRUZ,103.0,2,105.0,250200,Belém do Brejo do Cruz,  2 502 003 ,   6 268,6268.0,16.751754945756222
250205 BERNARDINO BATISTA,81.0,-,81.0,250205,Bernardino Batista,  2 502 052 ,   3 504,3504.0,23.116438356164384
250210 BOA VENTURA,118.0,2,120.0,250210,Boa Ventura,  2 502 102 ,   5 207,5207.0,23.045899750336087
250215 BOA VISTA,122.0,4,126.0,250215,Boa Vista,  2 502 151 ,   6 377,6377.0,19.758507135016465
250220 BOM JESUS,66.0,-,66.0,250220,Bom Jesus,  2 502 201 ,   2 286,2286.0,28.871391076115486
250230 BOM SUCESSO,95.0,1,96.0,250230,Bom Sucesso,  2 502 300 ,   4 661,4661.0,20.596438532503754
250240 BONITO DE SANTA FE,152.0,8,160.0,250240,Bonito de Santa Fé,  2 502 409 ,   10 252,10252.0,15.606710885680842
250250 BOQUEIRAO,352.0,4,356.0,250250,Boqueirão,  2 502 508 ,   17 598,17598.0,20.229571542220707
250260 IGARACY,91.0,5,96.0,250260,Igaracy,  2 502 607 ,   5 648,5648.0,16.9971671388102
250270 BORBOREMA,51.0,-,51.0,250270,Borborema,  2 502 706 ,   4 214,4214.0,12.10251542477456
250280 BREJO DO CRUZ,191.0,5,196.0,250280,Brejo do Cruz,  2 502 805 ,   13 613,13613.0,14.39800190993903
250290 BREJO DOS SANTOS,125.0,1,126.0,250290,Brejo dos Santos,  2 502 904 ,   5 742,5742.0,21.9435736677116
250300 CAAPORA,303.0,1,304.0,250300,Caaporã,  2 503 001 ,   21 193,21193.0,14.344358986457792
250310 CABACEIRAS,110.0,-,110.0,250310,Cabaceiras,  2 503 100 ,   5 335,5335.0,20.61855670103093
250320 CABEDELO,1120.0,86,1206.0,250320,Cabedelo,  2 503 209 ,   66 519,66519.0,18.13015830063591
250330 CACHOEIRA DOS INDIOS,105.0,-,105.0,250330,Cachoeira dos Índios,  2 503 308 ,   9 151,9151.0,11.474155829963937
250340 CACIMBA DE AREIA,86.0,1,87.0,250340,Cacimba de Areia,  2 503 407 ,   3 291,3291.0,26.43573381950775
250350 CACIMBA DE DENTRO,164.0,7,171.0,250350,Cacimba de Dentro,  2 503 506 ,   16 064,16064.0,10.644920318725099
250355 CACIMBAS,107.0,25,132.0,250355,Cacimbas,  2 503 555 ,   7 223,7223.0,18.274955004845634
250360 CAICARA,102.0,7,109.0,250360,Caiçara,  2 503 605 ,   6 602,6602.0,16.510148439866708
250370 CAJAZEIRAS,1788.0,181,1969.0,250370,Cajazeiras,  2 503 704 ,   63 239,63239.0,31.135849712993565
250375 CAJAZEIRINHAS,99.0,-,99.0,250375,Cajazeirinhas,  2 503 753 ,   2 740,2740.0,36.13138686131387
250380 CALDAS BRANDAO,94.0,-,94.0,250380,Caldas Brandão,  2 503 803 ,   5 753,5753.0,16.33930123413871
250390 CAMALAU,92.0,-,92.0,250390,Camalaú,  2 503 902 ,   6 085,6085.0,15.119145439605587
250400 CAMPINA GRANDE,10636.0,1721,12357.0,250400,Campina Grande,  2 504 009 ,   419 379,419379.0,29.464994670691667
250403 CAPIM,116.0,-,116.0,250403,Capim,  2 504 033 ,   6 970,6970.0,16.642754662840748
250407 CARAUBAS,67.0,-,67.0,250407,Caraúbas,  2 504 074 ,   3 944,3944.0,16.987829614604465
250410 CARRAPATEIRA,58.0,-,58.0,250410,Carrapateira,  2 504 108 ,   2 312,2312.0,25.086505190311417
250415 CASSERENGUE,88.0,-,88.0,250415,Casserengue,  2 504 157 ,   6 889,6889.0,12.773987516330381
250420 CATINGUEIRA,93.0,2,95.0,250420,Catingueira,  2 504 207 ,   4 491,4491.0,21.15341794700512
250430 CATOLE DO ROCHA,599.0,19,618.0,250430,Catolé do Rocha,  2 504 306 ,   30 661,30661.0,20.155898372525357
250435 CATURITE,66.0,-,66.0,250435,Caturité,  2 504 355 ,   5 254,5254.0,12.561857632280166
250440 CONCEICAO,277.0,6,283.0,250440,Conceição,  2 504 405 ,   18 260,18260.0,15.498357064622125
250450 CONDADO,107.0,3,110.0,250450,Condado,  2 504 504 ,   6 451,6451.0,17.05161990389087
250460 CONDE,384.0,46,430.0,250460,Conde,  2 504 603 ,   27 605,27605.0,15.576888244883174
250470 CONGO,100.0,1,101.0,250470,Congo,  2 504 702 ,   4 933,4933.0,20.474356375430773
250480 COREMAS,342.0,12,354.0,250480,Coremas,  2 504 801 ,   14 683,14683.0,24.109514404413265
250485 COXIXOLA,28.0,-,28.0,250485,Coxixola,  2 504 850 ,   1 824,1824.0,15.350877192982455
250490 CRUZ DO ESPIRITO SANTO,172.0,1,173.0,250490,Cruz do Espírito Santo,  2 504 900 ,   17 095,17095.0,10.11991810470898
250500 CUBATI,130.0,2,132.0,250500,Cubati,  2 505 006 ,   7 580,7580.0,17.41424802110818
250510 CUITE,376.0,7,383.0,250510,Cuité,  2 505 105 ,   19 719,19719.0,19.42289162736447
250520 CUITEGI,72.0,-,72.0,250520,Cuitegi,  2 505 204 ,   6 730,6730.0,10.698365527488855
250523 CUITE DE MAMANGUAPE,112.0,-,112.0,250523,Cuité de Mamanguape,  2 505 238 ,   6 251,6251.0,17.91713325867861
250527 CURRAL DE CIMA,82.0,1,83.0,250527,Curral de Cima,  2 505 279 ,   5 254,5254.0,15.797487628473544
250530 CURRAL VELHO,37.0,-,37.0,250530,Curral Velho,  2 505 303 ,   2 292,2292.0,16.14310645724258
250535 DAMIAO,60.0,25,85.0,250535,Damião,  2 505 352 ,   4 982,4982.0,17.061421116017666
250540 DESTERRO,116.0,3,119.0,250540,Desterro,  2 505 402 ,   8 067,8067.0,14.751456551382175
250550 VISTA SERRANA,64.0,2,66.0,250550,Vista Serrana,  2 505 501 ,   3 641,3641.0,18.12688821752266
250560 DIAMANTE,90.0,-,90.0,250560,Diamante,  2 505 600 ,   6 299,6299.0,14.287982219399904
250570 DONA INES,174.0,-,174.0,250570,Dona Inês,  2 505 709 ,   10 380,10380.0,16.76300578034682
250580 DUAS ESTRADAS,66.0,-,66.0,250580,Duas Estradas,  2 505 808 ,   3 327,3327.0,19.837691614066724
250590 EMAS,45.0,-,45.0,250590,Emas,  2 505 907 ,   3 011,3011.0,14.945200929923612
250600 ESPERANCA,519.0,47,566.0,250600,Esperança,  2 506 004 ,   31 231,31231.0,18.123018795427623
250610 FAGUNDES,106.0,-,106.0,250610,Fagundes,  2 506 103 ,   11 049,11049.0,9.593628382659064
250620 FREI MARTINHO,98.0,2,100.0,250620,Frei Martinho,  2 506 202 ,   2 846,2846.0,35.137034434293746
250625 GADO BRAVO,84.0,-,84.0,250625,Gado Bravo,  2 506 251 ,   8 179,8179.0,10.270204181440274
250630 GUARABIRA,1127.0,182,1309.0,250630,Guarabira,  2 506 301 ,   57 484,57484.0,22.771553823672676
250640 GURINHEM,185.0,-,185.0,250640,Gurinhém,  2 506 400 ,   13 766,13766.0,13.438907453145431
250650 GURJAO,52.0,2,54.0,250650,Gurjão,  2 506 509 ,   3 242,3242.0,16.656384947563232
250660 IBIARA,101.0,-,101.0,250660,Ibiara,  2 506 608 ,   5 631,5631.0,17.936423370626887
250670 IMACULADA,150.0,4,154.0,250670,Imaculada,  2 506 707 ,   10 392,10392.0,14.819091608929947
250680 INGA,277.0,1,278.0,250680,Ingá,  2 506 806 ,   17 692,17692.0,15.71331675333484
250690 ITABAIANA,688.0,54,742.0,250690,Itabaiana,  2 506 905 ,   23 182,23182.0,32.00759209731689
250700 ITAPORANGA,524.0,27,551.0,250700,Itaporanga,  2 507 002 ,   23 940,23940.0,23.015873015873016
250710 ITAPOROROCA,236.0,3,239.0,250710,Itapororoca,  2 507 101 ,   18 382,18382.0,13.001849635513002
250720 ITATUBA,133.0,-,133.0,250720,Itatuba,  2 507 200 ,   10 499,10499.0,12.66787313077436
250730 JACARAU,223.0,11,234.0,250730,Jacaraú,  2 507 309 ,   14 477,14477.0,16.163569800373008
250740 JERICO,117.0,4,121.0,250740,Jericó,  2 507 408 ,   7 516,7516.0,16.09898882384247
250750 JOAO PESSOA,19172.0,3997,23169.0,250750,João Pessoa,  2 507 507 ,   833 932,833932.0,27.782840807164135
250760 JUAREZ TAVORA,98.0,2,100.0,250760,Juarez Távora,  2 507 606 ,   7 796,7796.0,12.827090815802977
250770 JUAZEIRINHO,214.0,8,222.0,250770,Juazeirinho,  2 507 705 ,   17 007,17007.0,13.053448579996472
250780 JUNCO DO SERIDO,93.0,1,94.0,250780,Junco do Seridó,  2 507 804 ,   6 793,6793.0,13.837774179302222
250790 JURIPIRANGA,165.0,3,168.0,250790,Juripiranga,  2 507 903 ,   10 012,10012.0,16.779864163004394
250800 JURU,141.0,2,143.0,250800,Juru,  2 508 000 ,   9 234,9234.0,15.486246480398528
250810 LAGOA,57.0,-,57.0,250810,Lagoa,  2 508 109 ,   4 415,4415.0,12.910532276330692
250820 LAGOA DE DENTRO,108.0,1,109.0,250820,Lagoa de Dentro,  2 508 208 ,   7 819,7819.0,13.940401585880547
250830 LAGOA SECA,279.0,6,285.0,250830,Lagoa Seca,  2 508 307 ,   27 730,27730.0,10.277677605481427
250840 LASTRO,58.0,-,58.0,250840,Lastro,  2 508 406 ,   3 162,3162.0,18.342820999367486
250850 LIVRAMENTO,97.0,1,98.0,250850,Livramento,  2 508 505 ,   6 877,6877.0,14.250399883670205
250855 LOGRADOURO,72.0,1,73.0,250855,Logradouro,  2 508 554 ,   4 797,4797.0,15.21784448613717
250860 LUCENA,182.0,2,184.0,250860,Lucena,  2 508 604 ,   12 560,12560.0,14.64968152866242
250870 MAE D'AGUA,72.0,-,72.0,250870,Mãe d'Água,  2 508 703 ,   3 583,3583.0,20.094892548144013
250880 MALTA,60.0,1,61.0,250880,Malta,  2 508 802 ,   6 046,6046.0,10.089315249751904
250890 MAMANGUAPE,993.0,22,1015.0,250890,Mamanguape,  2 508 901 ,   44 599,44599.0,22.758357810713242
250900 MANAIRA,114.0,2,116.0,250900,Manaíra,  2 509 008 ,   10 434,10434.0,11.117500479202606
250905 MARCACAO,174.0,-,174.0,250905,Marcação,  2 509 057 ,   8 999,8999.0,19.335481720191133
250910 MARI,239.0,13,252.0,250910,Mari,  2 509 107 ,   21 512,21512.0,11.71439196727408
250915 MARIZOPOLIS,65.0,2,67.0,250915,Marizópolis,  2 509 156 ,   6 705,6705.0,9.992542878448917
250920 MASSARANDUBA,135.0,-,135.0,250920,Massaranduba,  2 509 206 ,   14 139,14139.0,9.548058561425844
250930 MATARACA,154.0,1,155.0,250930,Mataraca,  2 509 305 ,   8 244,8244.0,18.801552644347403
250933 MATINHAS,43.0,-,43.0,250933,Matinhas,  2 509 339 ,   4 571,4571.0,9.40713191861737
250937 MATO GROSSO,37.0,-,37.0,250937,Mato Grosso,  2 509 370 ,   2 543,2543.0,14.549744396382225
250939 MATUREIA,89.0,15,104.0,250939,Maturéia,  2 509 396 ,   6 433,6433.0,16.166640758588528
250940 MOGEIRO,186.0,2,188.0,250940,Mogeiro,  2 509 404 ,   13 899,13899.0,13.52615296064465
250950 MONTADAS,59.0,2,61.0,250950,Montadas,  2 509 503 ,   5 812,5812.0,10.49552649690296
250960 MONTE HOREBE,66.0,1,67.0,250960,Monte Horebe,  2 509 602 ,   4 338,4338.0,15.444905486399263
250970 MONTEIRO,1038.0,28,1066.0,250970,Monteiro,  2 509 701 ,   32 277,32277.0,33.02661337794714
250980 MULUNGU,92.0,1,93.0,250980,Mulungu,  2 509 800 ,   8 791,8791.0,10.579001251279719
250990 NATUBA,148.0,-,148.0,250990,Natuba,  2 509 909 ,   8 945,8945.0,16.545556176634992
251000 NAZAREZINHO,64.0,-,64.0,251000,Nazarezinho,  2 510 006 ,   7 203,7203.0,8.885186727752325
251010 NOVA FLORESTA,143.0,9,152.0,251010,Nova Floresta,  2 510 105 ,   9 724,9724.0,15.63142739613328
251020 NOVA OLINDA,98.0,-,98.0,251020,Nova Olinda,  2 510 204 ,   5 787,5787.0,16.93450838085364
251030 NOVA PALMEIRA,95.0,-,95.0,251030,Nova Palmeira,  2 510 303 ,   4 259,4259.0,22.305705564686548
251040 OLHO D'AGUA,91.0,-,91.0,251040,Olho d'Água,  2 510 402 ,   6 060,6060.0,15.016501650165017
251050 OLIVEDOS,46.0,-,46.0,251050,Olivedos,  2 510 501 ,   3 580,3580.0,12.849162011173185
251060 OURO VELHO,50.0,-,50.0,251060,Ouro Velho,  2 510 600 ,   2 918,2918.0,17.135023989033584
251065 PARARI,34.0,-,34.0,251065,Parari,  2 510 659 ,   1 720,1720.0,19.767441860465116
251070 PASSAGEM,63.0,-,63.0,251070,Passagem,  2 510 709 ,   2 463,2463.0,25.578562728380025
251080 PATOS,3144.0,563,3707.0,251080,Patos,  2 510 808 ,   103 165,103165.0,35.93272912324917
251090 PAULISTA,167.0,1,168.0,251090,Paulista,  2 510 907 ,   11 834,11834.0,14.196383302349163
251100 PEDRA BRANCA,62.0,-,62.0,251100,Pedra Branca,  2 511 004 ,   3 739,3739.0,16.581973789783362
251110 PEDRA LAVRADA,121.0,-,121.0,251110,Pedra Lavrada,  2 511 103 ,   6 859,6859.0,17.641055547455895
251120 PEDRAS DE FOGO,400.0,10,410.0,251120,Pedras de Fogo,  2 511 202 ,   29 662,29662.0,13.822399029060751
251130 PIANCO,548.0,-,548.0,251130,Piancó,  2 511 301 ,   16 441,16441.0,33.33130588163737
251140 PICUI,524.0,12,536.0,251140,Picuí,  2 511 400 ,   18 333,18333.0,29.236895216276658
251150 PILAR,190.0,1,191.0,251150,Pilar,  2 511 509 ,   12 311,12311.0,15.514580456502316
251160 PILOES,61.0,-,61.0,251160,Pilões,  2 511 608 ,   6 815,6815.0,8.950843727072634
251170 PILOEZINHOS,58.0,4,62.0,251170,Pilõezinhos,  2 511 707 ,   5 329,5329.0,11.63445299305686
251180 PIRPIRITUBA,110.0,2,112.0,251180,Pirpirituba,  2 511 806 ,   9 340,9340.0,11.991434689507495
251190 PITIMBU,264.0,1,265.0,251190,Pitimbu,  2 511 905 ,   16 751,16751.0,15.819951047698646
251200 POCINHOS,254.0,-,254.0,251200,Pocinhos,  2 512 002 ,   17 469,17469.0,14.540042360753334
251203 POCO DANTAS,64.0,-,64.0,251203,Poço Dantas,  2 512 036 ,   3 830,3830.0,16.71018276762402
251207 POCO DE JOSE DE MOURA,77.0,-,77.0,251207,Poço de José de Moura,  2 512 077 ,   4 006,4006.0,19.221168247628558
251210 POMBAL,589.0,28,617.0,251210,Pombal,  2 512 101 ,   32 473,32473.0,19.000400332583993
251220 PRATA,85.0,1,86.0,251220,Prata,  2 512 200 ,   3 915,3915.0,21.966794380587483
251230 PRINCESA ISABEL,683.0,46,729.0,251230,Princesa Isabel,  2 512 309 ,   21 114,21114.0,34.526854219948845
251240 PUXINANA,124.0,-,124.0,251240,Puxinanã,  2 512 408 ,   14 277,14277.0,8.685298031799398
251250 QUEIMADAS,744.0,9,753.0,251250,Queimadas,  2 512 507 ,   47 658,47658.0,15.800075538209745
251260 QUIXABA,51.0,-,51.0,251260,Quixaba,  2 512 606 ,   1 743,1743.0,29.259896729776248
251270 REMIGIO,173.0,10,183.0,251270,Remígio,  2 512 705 ,   17 885,17885.0,10.232038020687726
251272 PEDRO REGIS,67.0,1,68.0,251272,Pedro Régis,  2 512 721 ,   5 766,5766.0,11.793270898369753
251274 RIACHAO,59.0,-,59.0,251274,Riachão,  2 512 747 ,   2 927,2927.0,20.15715749914588
251275 RIACHAO DO BACAMARTE,57.0,-,57.0,251275,Riachão do Bacamarte,  2 512 754 ,   4 690,4690.0,12.153518123667377
251276 RIACHAO DO POCO,74.0,1,75.0,251276,Riachão do Poço,  2 512 762 ,   4 738,4738.0,15.829463908822287
251278 RIACHO DE SANTO ANTONIO,70.0,-,70.0,251278,Riacho de Santo Antônio,  2 512 788 ,   1 955,1955.0,35.80562659846547
251280 RIACHO DOS CAVALOS,69.0,-,69.0,251280,Riacho dos Cavalos,  2 512 804 ,   8 493,8493.0,8.124337689862239
251290 RIO TINTO,330.0,3,333.0,251290,Rio Tinto,  2 512 903 ,   24 581,24581.0,13.54704853342012
251300 SALGADINHO,56.0,-,56.0,251300,Salgadinho,  2 513 000 ,   3 355,3355.0,16.69150521609538
251310 SALGADO DE SAO FELIX,157.0,2,159.0,251310,Salgado de São Félix,  2 513 109 ,   11 505,11505.0,13.820078226857888
251315 SANTA CECILIA,81.0,-,81.0,251315,Santa Cecília,  2 513 158 ,   7 670,7670.0,10.560625814863103
251320 SANTA CRUZ,89.0,1,90.0,251320,Santa Cruz,  2 513 208 ,   5 947,5947.0,15.133680847486128
251330 SANTA HELENA,98.0,-,98.0,251330,Santa Helena,  2 513 307 ,   5 865,5865.0,16.709292412617224
251335 SANTA INES,62.0,-,62.0,251335,Santa Inês,  2 513 356 ,   3 227,3227.0,19.212891230244807
251340 SANTA LUZIA,388.0,4,392.0,251340,Santa Luzia,  2 513 406 ,   14 959,14959.0,26.204960224613945
251350 SANTANA DE MANGUEIRA,72.0,-,72.0,251350,Santana de Mangueira,  2 513 505 ,   5 010,5010.0,14.37125748502994
251360 SANTANA DOS GARROTES,118.0,8,126.0,251360,Santana dos Garrotes,  2 513 604 ,   6 569,6569.0,19.181001674531892
251365 JOCA CLAUDINO,51.0,-,51.0,251365,Joca Claudino,  2 513 653 ,   2 539,2539.0,20.08664828672706
251370 SANTA RITA,1826.0,73,1899.0,251370,Santa Rita,  2 513 703 ,   149 910,149910.0,12.667600560336203
251380 SANTA TERESINHA,50.0,18,68.0,251380,Santa Teresinha,  2 513 802 ,   4 402,4402.0,15.447523852794184
251385 SANTO ANDRE,56.0,-,56.0,251385,Santo André,  2 513 851 ,   2 622,2622.0,21.35774218154081
251390 SAO BENTO,397.0,129,526.0,251390,São Bento,  2 513 901 ,   32 235,32235.0,16.317667131999382
251392 SAO BENTINHO,91.0,2,93.0,251392,São Bentinho,  2 513 927 ,   4 327,4327.0,21.492951236422464
251394 SAO DOMINGOS DO CARIRI,50.0,-,50.0,251394,São Domingos do Cariri,  2 513 943 ,   2 585,2585.0,19.342359767891683
251396 SAO DOMINGOS,41.0,-,41.0,251396,São Domingos,  2 513 968 ,   2 595,2595.0,15.79961464354528
251398 SAO FRANCISCO,65.0,-,65.0,251398,São Francisco,  2 513 984 ,   3 137,3137.0,20.720433535224736
251400 SAO JOAO DO CARIRI,79.0,1,80.0,251400,São João do Cariri,  2 514 008 ,   4 226,4226.0,18.93043066729768
251410 SAO JOAO DO TIGRE,80.0,-,80.0,251410,São João do Tigre,  2 514 107 ,   4 263,4263.0,18.766127140511376
251420 SAO JOSE DA LAGOA TAPADA,82.0,6,88.0,251420,São José da Lagoa Tapada,  2 514 206 ,   7 126,7126.0,12.34914397979231
251430 SAO JOSE DE CAIANA,81.0,-,81.0,251430,São José de Caiana,  2 514 305 ,   5 034,5034.0,16.090584028605484
251440 SAO JOSE DE ESPINHARAS,90.0,-,90.0,251440,São José de Espinharas,  2 514 404 ,   4 083,4083.0,22.042615723732553
251445 SAO JOSE DOS RAMOS,93.0,6,99.0,251445,São José dos Ramos,  2 514 453 ,   5 891,5891.0,16.80529621456459
251450 SAO JOSE DE PIRANHAS,255.0,6,261.0,251450,São José de Piranhas,  2 514 503 ,   19 067,19067.0,13.688571878114018
251455 SAO JOSE DE PRINCESA,47.0,-,47.0,251455,São José de Princesa,  2 514 552 ,   3 416,3416.0,13.758782201405152
251460 SAO JOSE DO BONFIM,41.0,2,43.0,251460,São José do Bonfim,  2 514 602 ,   3 242,3242.0,13.26341764342998
251465 SAO JOSE DO BREJO DO CRUZ,24.0,-,24.0,251465,São José do Brejo do Cruz,  2 514 651 ,   1 699,1699.0,14.125956444967628
251470 SAO JOSE DO SABUGI,109.0,-,109.0,251470,São José do Sabugi,  2 514 701 ,   4 138,4138.0,26.341227646205898
251480 SAO JOSE DOS CORDEIROS,45.0,-,45.0,251480,São José dos Cordeiros,  2 514 800 ,   3 411,3411.0,13.192612137203167
251490 SAO MAMEDE,132.0,4,136.0,251490,São Mamede,  2 514 909 ,   7 470,7470.0,18.20615796519411
251500 SAO MIGUEL DE TAIPU,115.0,-,115.0,251500,São Miguel de Taipu,  2 515 005 ,   7 066,7066.0,16.275120294367394
251510 SAO SEBASTIAO DE LAGOA DE ROCA,115.0,-,115.0,251510,São Sebastião de Lagoa de Roça,  2 515 104 ,   11 040,11040.0,10.416666666666666
251520 SAO SEBASTIAO DO UMBUZEIRO,36.0,-,36.0,251520,São Sebastião do Umbuzeiro,  2 515 203 ,   3 279,3279.0,10.978956999085087
251530 SAPE,604.0,4,608.0,251530,Sapé,  2 515 302 ,   51 306,51306.0,11.850465832456242
251540 SAO VICENTE DO SERIDO,119.0,2,121.0,251540,São Vicente do Seridó,  2 515 401 ,   10 291,10291.0,11.757846662131959
251550 SERRA BRANCA,171.0,4,175.0,251550,Serra Branca,  2 515 500 ,   13 614,13614.0,12.854414573233436
251560 SERRA DA RAIZ,45.0,-,45.0,251560,Serra da Raiz,  2 515 609 ,   3 094,3094.0,14.544279250161603
251570 SERRA GRANDE,61.0,-,61.0,251570,Serra Grande,  2 515 708 ,   2 942,2942.0,20.734194425560844
251580 SERRA REDONDA,83.0,1,84.0,251580,Serra Redonda,  2 515 807 ,   6 828,6828.0,12.302284710017574
251590 SERRARIA,117.0,-,117.0,251590,Serraria,  2 515 906 ,   4 885,4885.0,23.950870010235416
251593 SERTAOZINHO,68.0,-,68.0,251593,Sertãozinho,  2 515 930 ,   5 054,5054.0,13.454689354966362
251597 SOBRADO,100.0,-,100.0,251597,Sobrado,  2 515 971 ,   8 236,8236.0,12.141816415735795
251600 SOLANEA,343.0,15,358.0,251600,Solânea,  2 516 003 ,   26 774,26774.0,13.37118099648913
251610 SOLEDADE,245.0,13,258.0,251610,Soledade,  2 516 102 ,   13 968,13968.0,18.470790378006875
251615 SOSSEGO,58.0,-,58.0,251615,Sossêgo,  2 516 151 ,   3 345,3345.0,17.33931240657698
251620 SOUSA,1092.0,139,1231.0,251620,Sousa,  2 516 201 ,   67 259,67259.0,18.302383324164794
251630 SUME,297.0,7,304.0,251630,Sumé,  2 516 300 ,   17 166,17166.0,17.709425608761503
251640 TACIMA,141.0,-,141.0,251640,Tacima,  2 516 409 ,   8 010,8010.0,17.602996254681646
251650 TAPEROA,369.0,-,369.0,251650,Taperoá,  2 516 508 ,   14 068,14068.0,26.229741256752916
251660 TAVARES,164.0,2,166.0,251660,Tavares,  2 516 607 ,   14 101,14101.0,11.772214736543509
251670 TEIXEIRA,249.0,10,259.0,251670,Teixeira,  2 516 706 ,   14 631,14631.0,17.702139293281387
251675 TENORIO,59.0,-,59.0,251675,Tenório,  2 516 755 ,   2 966,2966.0,19.892110586648684
251680 TRIUNFO,124.0,1,125.0,251680,Triunfo,  2 516 805 ,   9 892,9892.0,12.636473918317831
251690 UIRAUNA,275.0,3,278.0,251690,Uiraúna,  2 516 904 ,   14 930,14930.0,18.620227729403883
251700 UMBUZEIRO,176.0,-,176.0,251700,Umbuzeiro,  2 517 001 ,   9 124,9124.0,19.289785181937745
251710 VARZEA,45.0,-,45.0,251710,Várzea,  2 517 100 ,   2 668,2668.0,16.866566716641678
251720 VIEIROPOLIS,72.0,-,72.0,251720,Vieirópolis,  2 517 209 ,   4 864,4864.0,14.802631578947368
251740 ZABELE,31.0,-,31.0,251740,Zabelê,  2 517 407 ,   2 228,2228.0,13.913824057450627
260005 ABREU E LIMA,912.0,178,1090.0,260005,Abreu e Lima,  2 600 054 ,   98 462,98462.0,11.070260608153399
260010 AFOGADOS DA INGAZEIRA,939.0,36,975.0,260010,Afogados da Ingazeira,  2 600 104 ,   40 241,40241.0,24.229020153574712
260020 AFRANIO,259.0,15,274.0,260020,Afrânio,  2 600 203 ,   18 674,18674.0,14.672807111491915
260030 AGRESTINA,332.0,83,415.0,260030,Agrestina,  2 600 302 ,   23 779,23779.0,17.452373943395433
260040 AGUA PRETA,321.0,-,321.0,260040,Água Preta,  2 600 401 ,   26 461,26461.0,12.131060806469899
260050 AGUAS BELAS,430.0,3,433.0,260050,Águas Belas,  2 600 500 ,   41 548,41548.0,10.421680947338018
260060 ALAGOINHA,228.0,1,229.0,260060,Alagoinha,  2 600 609 ,   13 542,13542.0,16.910352975926745
260070 ALIANCA,352.0,-,352.0,260070,Aliança,  2 600 708 ,   35 741,35741.0,9.848633222349683
260080 ALTINHO,231.0,3,234.0,260080,Altinho,  2 600 807 ,   20 674,20674.0,11.318564380381154
260090 AMARAJI,186.0,2,188.0,260090,Amaraji,  2 600 906 ,   18 205,18205.0,10.326833287558363
260100 ANGELIM,147.0,-,147.0,260100,Angelim,  2 601 003 ,   10 241,10241.0,14.354066985645934
260105 ARACOIABA,280.0,1,281.0,260105,Araçoiaba,  2 601 052 ,   19 243,19243.0,14.602712674738866
260110 ARARIPINA,1082.0,49,1131.0,260110,Araripina,  2 601 102 ,   85 088,85088.0,13.292121098157201
260120 ARCOVERDE,2078.0,165,2243.0,260120,Arcoverde,  2 601 201 ,   77 742,77742.0,28.851843276478608
260130 BARRA DE GUABIRABA,181.0,-,181.0,260130,Barra de Guabiraba,  2 601 300 ,   12 263,12263.0,14.759846693305064
260140 BARREIROS,629.0,4,633.0,260140,Barreiros,  2 601 409 ,   40 121,40121.0,15.77727374691558
260150 BELEM DE MARIA,111.0,-,111.0,260150,Belém de Maria,  2 601 508 ,   10 378,10378.0,10.695702447485065
260160 BELEM DE SAO FRANCISCO,238.0,3,241.0,260160,Belém do São Francisco,  2 601 607 ,   18 301,18301.0,13.168679307141685
260170 BELO JARDIM,661.0,133,794.0,260170,Belo Jardim,  2 601 706 ,   79 507,79507.0,9.986542065478512
260180 BETANIA,125.0,-,125.0,260180,Betânia,  2 601 805 ,   11 232,11232.0,11.128917378917379
260190 BEZERROS,936.0,57,993.0,260190,Bezerros,  2 601 904 ,   61 694,61694.0,16.09556845074075
260200 BODOCO,425.0,15,440.0,260200,Bodocó,  2 602 001 ,   34 478,34478.0,12.761761123034978
260210 BOM CONSELHO,496.0,17,513.0,260210,Bom Conselho,  2 602 100 ,   44 294,44294.0,11.581704068271097
260220 BOM JARDIM,350.0,-,350.0,260220,Bom Jardim,  2 602 209 ,   37 629,37629.0,9.301336734965053
260230 BONITO,390.0,3,393.0,260230,Bonito,  2 602 308 ,   37 474,37474.0,10.487271174681112
260240 BREJAO,168.0,-,168.0,260240,Brejão,  2 602 407 ,   9 079,9079.0,18.504240555127218
260250 BREJINHO,145.0,-,145.0,260250,Brejinho,  2 602 506 ,   7 720,7720.0,18.78238341968912
260260 BREJO DA MADRE DE DEUS,517.0,7,524.0,260260,Brejo da Madre de Deus,  2 602 605 ,   48 648,48648.0,10.771254727840816
260270 BUENOS AIRES,126.0,1,127.0,260270,Buenos Aires,  2 602 704 ,   12 808,12808.0,9.915677701436604
260280 BUIQUE,464.0,14,478.0,260280,Buíque,  2 602 803 ,   52 097,52097.0,9.175192429506497
260290 CABO DE SANTO AGOSTINHO,3387.0,455,3842.0,260290,Cabo de Santo Agostinho,  2 602 902 ,   203 440,203440.0,18.88517499016909
260300 CABROBO,472.0,3,475.0,260300,Cabrobó,  2 603 009 ,   30 294,30294.0,15.679672542417642
260310 CACHOEIRINHA,185.0,6,191.0,260310,Cachoeirinha,  2 603 108 ,   19 899,19899.0,9.598472285039449
260320 CAETES,283.0,1,284.0,260320,Caetés,  2 603 207 ,   28 827,28827.0,9.851874978318936
260330 CALCADO,137.0,-,137.0,260330,Calçado,  2 603 306 ,   11 093,11093.0,12.350130713062292
260340 CALUMBI,100.0,1,101.0,260340,Calumbi,  2 603 405 ,   5 228,5228.0,19.31905126243305
260345 CAMARAGIBE,1388.0,742,2130.0,260345,Camaragibe,  2 603 454 ,   147 771,147771.0,14.414194936760257
260350 CAMOCIM DE SAO FELIX,161.0,2,163.0,260350,Camocim de São Félix,  2 603 504 ,   17 419,17419.0,9.357598025144958
260360 CAMUTANGA,117.0,-,117.0,260360,Camutanga,  2 603 603 ,   7 750,7750.0,15.096774193548388
260370 CANHOTINHO,258.0,5,263.0,260370,Canhotinho,  2 603 702 ,   24 329,24329.0,10.810144272267664
260380 CAPOEIRAS,230.0,1,231.0,260380,Capoeiras,  2 603 801 ,   18 338,18338.0,12.596793543461665
260390 CARNAIBA,320.0,-,320.0,260390,Carnaíba,  2 603 900 ,   18 644,18644.0,17.163698777086463
260392 CARNAUBEIRA DA PENHA,207.0,-,207.0,260392,Carnaubeira da Penha,  2 603 926 ,   12 239,12239.0,16.91314649889697
260400 CARPINA,1077.0,207,1284.0,260400,Carpina,  2 604 007 ,   79 293,79293.0,16.193106579395405
260410 CARUARU,7003.0,2168,9171.0,260410,Caruaru,  2 604 106 ,   378 048,378048.0,24.25882427628238
260415 CASINHAS,190.0,-,190.0,260415,Casinhas,  2 604 155 ,   12 967,12967.0,14.652579625202437
260420 CATENDE,310.0,3,313.0,260420,Catende,  2 604 205 ,   32 156,32156.0,9.73379773603682
260430 CEDRO,238.0,-,238.0,260430,Cedro,  2 604 304 ,   10 518,10518.0,22.62787602205743
260440 CHA DE ALEGRIA,137.0,-,137.0,260440,Chã de Alegria,  2 604 403 ,   12 984,12984.0,10.551447935921134
260450 CHA GRANDE,246.0,4,250.0,260450,Chã Grande,  2 604 502 ,   20 546,20546.0,12.167818553489731
260460 CONDADO,180.0,1,181.0,260460,Condado,  2 604 601 ,   24 587,24587.0,7.3616138609834465
260470 CORRENTES,174.0,-,174.0,260470,Correntes,  2 604 700 ,   17 131,17131.0,10.157025275815773
260480 CORTES,220.0,3,223.0,260480,Cortês,  2 604 809 ,   10 198,10198.0,21.867032751519908
260490 CUMARU,211.0,1,212.0,260490,Cumaru,  2 604 908 ,   15 920,15920.0,13.316582914572864
260500 CUPIRA,238.0,4,242.0,260500,Cupira,  2 605 004 ,   23 518,23518.0,10.28999064546305
260510 CUSTODIA,334.0,20,354.0,260510,Custódia,  2 605 103 ,   37 699,37699.0,9.390169500517255
260515 DORMENTES,264.0,12,276.0,260515,Dormentes,  2 605 152 ,   17 188,17188.0,16.05771468466372
260520 ESCADA,712.0,37,749.0,260520,Escada,  2 605 202 ,   59 891,59891.0,12.506052662336579
260530 EXU,310.0,4,314.0,260530,Exu,  2 605 301 ,   31 843,31843.0,9.860879942216501
260540 FEIRA NOVA,269.0,-,269.0,260540,Feira Nova,  2 605 400 ,   21 427,21427.0,12.554253978625098
260545 FERNANDO DE NORONHA,141.0,1,142.0,260545,Fernando de Noronha,  2 605 459 ,   3 167,3167.0,44.83738553836438
260550 FERREIROS,120.0,-,120.0,260550,Ferreiros,  2 605 509 ,   15 026,15026.0,7.986157327299348
260560 FLORES,196.0,1,197.0,260560,Flores,  2 605 608 ,   20 347,20347.0,9.682017004963877
260570 FLORESTA,317.0,8,325.0,260570,Floresta,  2 605 707 ,   30 137,30137.0,10.784086007233634
260580 FREI MIGUELINHO,161.0,-,161.0,260580,Frei Miguelinho,  2 605 806 ,   13 636,13636.0,11.806981519507186
260590 GAMELEIRA,227.0,1,228.0,260590,Gameleira,  2 605 905 ,   18 214,18214.0,12.517843417151642
260600 GARANHUNS,2390.0,256,2646.0,260600,Garanhuns,  2 606 002 ,   142 506,142506.0,18.56763925729443
260610 GLORIA DO GOITA,240.0,9,249.0,260610,Glória do Goitá,  2 606 101 ,   29 347,29347.0,8.48468327256619
260620 GOIANA,1785.0,131,1916.0,260620,Goiana,  2 606 200 ,   81 055,81055.0,23.638270310283144
260630 GRANITO,137.0,2,139.0,260630,Granito,  2 606 309 ,   6 967,6967.0,19.95119850724846
260640 GRAVATA,824.0,225,1049.0,260640,Gravatá,  2 606 408 ,   86 516,86516.0,12.12492486938832
260650 IATI,218.0,1,219.0,260650,Iati,  2 606 507 ,   17 165,17165.0,12.758520244683949
260660 IBIMIRIM,361.0,3,364.0,260660,Ibimirim,  2 606 606 ,   26 593,26593.0,13.687812582258488
260670 IBIRAJUBA,111.0,-,111.0,260670,Ibirajuba,  2 606 705 ,   7 140,7140.0,15.546218487394958
260680 IGARASSU,1555.0,100,1655.0,260680,Igarassu,  2 606 804 ,   115 196,115196.0,14.366818292301817
260690 IGUARACY,171.0,-,171.0,260690,Iguaracy,  2 606 903 ,   11 081,11081.0,15.431820232830972
260700 INAJA,215.0,-,215.0,260700,Inajá,  2 607 000 ,   25 603,25603.0,8.397453423426942
260710 INGAZEIRA,116.0,-,116.0,260710,Ingazeira,  2 607 109 ,   4 765,4765.0,24.34417628541448
260720 IPOJUCA,1522.0,125,1647.0,260720,Ipojuca,  2 607 208 ,   98 932,98932.0,16.647798487850242
260730 IPUBI,432.0,7,439.0,260730,Ipubi,  2 607 307 ,   29 009,29009.0,15.133234513426867
260740 ITACURUBA,86.0,-,86.0,260740,Itacuruba,  2 607 406 ,   4 284,4284.0,20.074696545284784
260750 ITAIBA,233.0,5,238.0,260750,Itaíba,  2 607 505 ,   32 650,32650.0,7.289433384379786
260760 ILHA DE ITAMARACA,348.0,1,349.0,260760,Ilha de Itamaracá,  2 607 604 ,   24 540,24540.0,14.221678891605542
260765 ITAMBE,355.0,2,357.0,260765,Itambé,  2 607 653 ,   34 935,34935.0,10.218978102189782
260770 ITAPETIM,212.0,-,212.0,260770,Itapetim,  2 607 703 ,   13 791,13791.0,15.37234428250308
260775 ITAPISSUMA,366.0,3,369.0,260775,Itapissuma,  2 607 752 ,   27 749,27749.0,13.297776496450323
260780 ITAQUITINGA,161.0,1,162.0,260780,Itaquitinga,  2 607 802 ,   16 554,16554.0,9.786154403769482
260790 JABOATAO DOS GUARARAPES,6034.0,1589,7623.0,260790,Jaboatão dos Guararapes,  2 607 901 ,   644 037,644037.0,11.836276487220454
260795 JAQUEIRA,165.0,2,167.0,260795,Jaqueira,  2 607 950 ,   10 247,10247.0,16.29745291304772
260800 JATAUBA,298.0,1,299.0,260800,Jataúba,  2 608 008 ,   15 843,15843.0,18.872688253487343
260805 JATOBA,290.0,6,296.0,260805,Jatobá,  2 608 057 ,   14 020,14020.0,21.11269614835949
260810 JOAO ALFREDO,318.0,6,324.0,260810,João Alfredo,  2 608 107 ,   27 725,27725.0,11.686203787195673
260820 JOAQUIM NABUCO,109.0,-,109.0,260820,Joaquim Nabuco,  2 608 206 ,   13 269,13269.0,8.214635616851307
260825 JUCATI,127.0,-,127.0,260825,Jucati,  2 608 255 ,   11 517,11517.0,11.027177216288964
260830 JUPI,181.0,3,184.0,260830,Jupi,  2 608 305 ,   15 329,15329.0,12.003392263030857
260840 JUREMA,176.0,-,176.0,260840,Jurema,  2 608 404 ,   13 648,13648.0,12.895662368112545
260845 LAGOA DO CARRO,189.0,-,189.0,260845,Lagoa do Carro,  2 608 453 ,   17 981,17981.0,10.51109504476948
260850 LAGOA DE ITAENGA,218.0,2,220.0,260850,Lagoa de Itaenga,  2 608 503 ,   19 003,19003.0,11.577119402199653
260860 LAGOA DO OURO,179.0,2,181.0,260860,Lagoa do Ouro,  2 608 602 ,   11 933,11933.0,15.168021453113216
260870 LAGOA DOS GATOS,137.0,-,137.0,260870,Lagoa dos Gatos,  2 608 701 ,   14 076,14076.0,9.732878658709861
260875 LAGOA GRANDE,315.0,11,326.0,260875,Lagoa Grande,  2 608 750 ,   24 088,24088.0,13.533709730986384
260880 LAJEDO,321.0,33,354.0,260880,Lajedo,  2 608 800 ,   39 582,39582.0,8.94345914809762
260890 LIMOEIRO,1206.0,92,1298.0,260890,Limoeiro,  2 608 909 ,   56 510,56510.0,22.96938594938949
260900 MACAPARANA,336.0,-,336.0,260900,Macaparana,  2 609 006 ,   23 879,23879.0,14.070940994178986
260910 MACHADOS,166.0,-,166.0,260910,Machados,  2 609 105 ,   11 333,11333.0,14.647489632048002
260915 MANARI,266.0,-,266.0,260915,Manari,  2 609 154 ,   23 763,23763.0,11.193872827504945
260920 MARAIAL,113.0,-,113.0,260920,Maraial,  2 609 204 ,   9 359,9359.0,12.073939523453362
260930 MIRANDIBA,203.0,-,203.0,260930,Mirandiba,  2 609 303 ,   14 166,14166.0,14.330086121699845
260940 MORENO,657.0,13,670.0,260940,Moreno,  2 609 402 ,   55 292,55292.0,12.117485350502786
260950 NAZARE DA MATA,433.0,2,435.0,260950,Nazaré da Mata,  2 609 501 ,   30 648,30648.0,14.193422083007048
260960 OLINDA,3581.0,874,4455.0,260960,Olinda,  2 609 600 ,   349 976,349976.0,12.729444304752326
260970 OROBO,194.0,-,194.0,260970,Orobó,  2 609 709 ,   21 808,21808.0,8.895818048422598
260980 OROCO,229.0,1,230.0,260980,Orocó,  2 609 808 ,   13 613,13613.0,16.89561448615294
260990 OURICURI,931.0,19,950.0,260990,Ouricuri,  2 609 907 ,   65 245,65245.0,14.560502720514982
261000 PALMARES,1588.0,14,1602.0,261000,Palmares,  2 610 004 ,   54 584,54584.0,29.349259856368167
261010 PALMEIRINA,93.0,-,93.0,261010,Palmeirina,  2 610 103 ,   7 031,7031.0,13.227136964869862
261020 PANELAS,291.0,1,292.0,261020,Panelas,  2 610 202 ,   22 991,22991.0,12.700621982514896
261030 PARANATAMA,189.0,1,190.0,261030,Paranatama,  2 610 301 ,   12 199,12199.0,15.575047135011067
261040 PARNAMIRIM,259.0,5,264.0,261040,Parnamirim,  2 610 400 ,   18 612,18612.0,14.184397163120567
261050 PASSIRA,249.0,-,249.0,261050,Passira,  2 610 509 ,   28 340,28340.0,8.786167960479888
261060 PAUDALHO,544.0,38,582.0,261060,Paudalho,  2 610 608 ,   56 665,56665.0,10.270890320303538
261070 PAULISTA,3033.0,337,3370.0,261070,Paulista,  2 610 707 ,   342 167,342167.0,9.848991866544699
261080 PEDRA,229.0,1,230.0,261080,Pedra,  2 610 806 ,   22 795,22795.0,10.089932002632157
261090 PESQUEIRA,671.0,40,711.0,261090,Pesqueira,  2 610 905 ,   62 722,62722.0,11.335735467619017
261100 PETROLANDIA,402.0,29,431.0,261100,Petrolândia,  2 611 002 ,   34 161,34161.0,12.616726676619537
261110 PETROLINA,6443.0,1625,8068.0,261110,Petrolina,  2 611 101 ,   386 791,386791.0,20.858810055042646
261120 POCAO,143.0,-,143.0,261120,Poção,  2 611 200 ,   10 500,10500.0,13.619047619047619
261130 POMBOS,233.0,2,235.0,261130,Pombos,  2 611 309 ,   27 552,27552.0,8.529326364692217
261140 PRIMAVERA,127.0,-,127.0,261140,Primavera,  2 611 408 ,   13 838,13838.0,9.177626824685648
261150 QUIPAPA,224.0,2,226.0,261150,Quipapá,  2 611 507 ,   17 928,17928.0,12.605979473449352
261153 QUIXABA,140.0,-,140.0,261153,Quixaba,  2 611 533 ,   6 554,6554.0,21.361000915471468
261160 RECIFE,46538.0,13173,59711.0,261160,Recife,  2 611 606 ,  1 488 920,1488920.0,40.103565000134324
261170 RIACHO DAS ALMAS,299.0,3,302.0,261170,Riacho das Almas,  2 611 705 ,   20 639,20639.0,14.63249188429672
261180 RIBEIRAO,344.0,5,349.0,261180,Ribeirão,  2 611 804 ,   33 507,33507.0,10.415734025725968
261190 RIO FORMOSO,214.0,1,215.0,261190,Rio Formoso,  2 611 903 ,   20 009,20009.0,10.745164675895849
261200 SAIRE,133.0,6,139.0,261200,Sairé,  2 612 000 ,   10 887,10887.0,12.767520896482042
261210 SALGADINHO,118.0,-,118.0,261210,Salgadinho,  2 612 109 ,   5 727,5727.0,20.604155753448577
261220 SALGUEIRO,1478.0,121,1599.0,261220,Salgueiro,  2 612 208 ,   62 372,62372.0,25.636503559289427
261230 SALOA,166.0,2,168.0,261230,Saloá,  2 612 307 ,   13 836,13836.0,12.142237640936688
261240 SANHARO,239.0,-,239.0,261240,Sanharó,  2 612 406 ,   18 624,18624.0,12.832903780068728
261245 SANTA CRUZ,193.0,-,193.0,261245,Santa Cruz,  2 612 455 ,   13 841,13841.0,13.944079185029985
261247 SANTA CRUZ DA BAIXA VERDE,124.0,1,125.0,261247,Santa Cruz da Baixa Verde,  2 612 471 ,   11 567,11567.0,10.80660499697415
261250 SANTA CRUZ DO CAPIBARIBE,903.0,127,1030.0,261250,Santa Cruz do Capibaribe,  2 612 505 ,   98 254,98254.0,10.483033769617522
261255 SANTA FILOMENA,131.0,-,131.0,261255,Santa Filomena,  2 612 554 ,   12 106,12106.0,10.821080455972245
261260 SANTA MARIA DA BOA VISTA,374.0,6,380.0,261260,Santa Maria da Boa Vista,  2 612 604 ,   40 578,40578.0,9.36468036867268
261270 SANTA MARIA DO CAMBUCA,129.0,-,129.0,261270,Santa Maria do Cambucá,  2 612 703 ,   14 013,14013.0,9.20573752943695
261280 SANTA TEREZINHA,202.0,-,202.0,261280,Santa Terezinha,  2 612 802 ,   10 244,10244.0,19.71885982038266
261290 SAO BENEDITO DO SUL,108.0,-,108.0,261290,São Benedito do Sul,  2 612 901 ,   13 113,13113.0,8.236101578586137
261300 SAO BENTO DO UNA,437.0,73,510.0,261300,São Bento do Una,  2 613 008 ,   49 449,49449.0,10.313656494570164
261310 SAO CAITANO,276.0,7,283.0,261310,São Caitano,  2 613 107 ,   37 126,37126.0,7.622690297904433
261320 SAO JOAO,252.0,2,254.0,261320,São João,  2 613 206 ,   23 837,23837.0,10.6557033183706
261330 SAO JOAQUIM DO MONTE,247.0,8,255.0,261330,São Joaquim do Monte,  2 613 305 ,   20 037,20037.0,12.726456056295852
261340 SAO JOSE DA COROA GRANDE,229.0,1,230.0,261340,São José da Coroa Grande,  2 613 404 ,   18 825,18825.0,12.217795484727755
261350 SAO JOSE DO BELMONTE,356.0,9,365.0,261350,São José do Belmonte,  2 613 503 ,   34 843,34843.0,10.475561805814655
261360 SAO JOSE DO EGITO,414.0,2,416.0,261360,São José do Egito,  2 613 602 ,   31 004,31004.0,13.417623532447427
261370 SAO LOURENCO DA MATA,909.0,34,943.0,261370,São Lourenço da Mata,  2 613 701 ,   111 249,111249.0,8.476480687466854
261380 SAO VICENTE FERRER,192.0,-,192.0,261380,São Vicente Férrer,  2 613 800 ,   16 677,16677.0,11.512862025544162
261390 SERRA TALHADA,1964.0,133,2097.0,261390,Serra Talhada,  2 613 909 ,   92 228,92228.0,22.73712972199332
261400 SERRITA,223.0,1,224.0,261400,Serrita,  2 614 006 ,   18 207,18207.0,12.302960399846214
261410 SERTANIA,424.0,13,437.0,261410,Sertânia,  2 614 105 ,   32 811,32811.0,13.318704093139495
261420 SIRINHAEM,300.0,-,300.0,261420,Sirinhaém,  2 614 204 ,   37 596,37596.0,7.979572294924991
261430 MOREILANDIA,149.0,-,149.0,261430,Moreilândia,  2 614 303 ,   10 540,10540.0,14.13662239089184
261440 SOLIDAO,95.0,2,97.0,261440,Solidão,  2 614 402 ,   5 210,5210.0,18.618042226487525
261450 SURUBIM,633.0,18,651.0,261450,Surubim,  2 614 501 ,   64 120,64120.0,10.152838427947598
261460 TABIRA,337.0,8,345.0,261460,Tabira,  2 614 600 ,   27 681,27681.0,12.46342256421372
261470 TACAIMBO,101.0,-,101.0,261470,Tacaimbó,  2 614 709 ,   13 738,13738.0,7.351870723540544
261480 TACARATU,262.0,9,271.0,261480,Tacaratu,  2 614 808 ,   23 902,23902.0,11.33796335034725
261485 TAMANDARE,251.0,3,254.0,261485,Tamandaré,  2 614 857 ,   23 561,23561.0,10.780527142311447
261500 TAQUARITINGA DO NORTE,237.0,2,239.0,261500,Taquaritinga do Norte,  2 615 003 ,   24 736,24736.0,9.66203104786546
261510 TEREZINHA,97.0,-,97.0,261510,Terezinha,  2 615 102 ,   6 513,6513.0,14.893290342392138
261520 TERRA NOVA,116.0,-,116.0,261520,Terra Nova,  2 615 201 ,   8 920,8920.0,13.004484304932735
261530 TIMBAUBA,553.0,55,608.0,261530,Timbaúba,  2 615 300 ,   46 147,46147.0,13.175287667670704
261540 TORITAMA,317.0,10,327.0,261540,Toritama,  2 615 409 ,   41 137,41137.0,7.949048302015217
261550 TRACUNHAEM,136.0,-,136.0,261550,Tracunhaém,  2 615 508 ,   13 867,13867.0,9.807456551525203
261560 TRINDADE,286.0,16,302.0,261560,Trindade,  2 615 607 ,   30 321,30321.0,9.960093664456977
261570 TRIUNFO,151.0,3,154.0,261570,Triunfo,  2 615 706 ,   14 705,14705.0,10.472628357701462
261580 TUPANATINGA,254.0,1,255.0,261580,Tupanatinga,  2 615 805 ,   26 937,26937.0,9.466533021494598
261590 TUPARETAMA,117.0,-,117.0,261590,Tuparetama,  2 615 904 ,   8 005,8005.0,14.615865084322298
261600 VENTUROSA,220.0,11,231.0,261600,Venturosa,  2 616 001 ,   17 251,17251.0,13.390528085328388
261610 VERDEJANTE,108.0,-,108.0,261610,Verdejante,  2 616 100 ,   9 169,9169.0,11.778819936743375
261618 VERTENTE DO LERIO,110.0,-,110.0,261618,Vertente do Lério,  2 616 183 ,   7 558,7558.0,14.554114845197141
261620 VERTENTES,252.0,11,263.0,261620,Vertentes,  2 616 209 ,   21 959,21959.0,11.976865977503529
261630 VICENCIA,272.0,-,272.0,261630,Vicência,  2 616 308 ,   26 359,26359.0,10.319056109867597
261640 VITORIA DE SANTO ANTAO,1920.0,349,2269.0,261640,Vitória de Santo Antão,  2 616 407 ,   134 084,134084.0,16.922227857164163
261650 XEXEU,180.0,-,180.0,261650,Xexéu,  2 616 506 ,   11 611,11611.0,15.502540694169321
270010 AGUA BRANCA,315.0,-,315.0,270010,Água Branca,  2 700 102 ,   19 008,19008.0,16.571969696969695
270020 ANADIA,230.0,-,230.0,270020,Anadia,  2 700 201 ,   13 966,13966.0,16.46856651868824
270030 ARAPIRACA,4424.0,527,4951.0,270030,Arapiraca,  2 700 300 ,   234 696,234696.0,21.095374441831133
270040 ATALAIA,531.0,17,548.0,270040,Atalaia,  2 700 409 ,   37 512,37512.0,14.608658562593304
270050 BARRA DE SANTO ANTONIO,255.0,1,256.0,270050,Barra de Santo Antônio,  2 700 508 ,   16 365,16365.0,15.643140849373665
270060 BARRA DE SAO MIGUEL,162.0,7,169.0,270060,Barra de São Miguel,  2 700 607 ,   7 944,7944.0,21.273917421953676
270070 BATALHA,242.0,2,244.0,270070,Batalha,  2 700 706 ,   16 448,16448.0,14.834630350194551
270080 BELEM,84.0,-,84.0,270080,Belém,  2 700 805 ,   4 722,4722.0,17.78907242693774
270090 BELO MONTE,84.0,1,85.0,270090,Belo Monte,  2 700 904 ,   5 936,5936.0,14.319407008086253
270100 BOCA DA MATA,315.0,43,358.0,270100,Boca da Mata,  2 701 001 ,   21 187,21187.0,16.89715391513664
270110 BRANQUINHA,170.0,-,170.0,270110,Branquinha,  2 701 100 ,   9 603,9603.0,17.702801207955847
270120 CACIMBINHAS,147.0,1,148.0,270120,Cacimbinhas,  2 701 209 ,   10 482,10482.0,14.119442854417095
270130 CAJUEIRO,245.0,1,246.0,270130,Cajueiro,  2 701 308 ,   16 024,16024.0,15.351972041937094
270135 CAMPESTRE,102.0,-,102.0,270135,Campestre,  2 701 357 ,   6 665,6665.0,15.303825956489122
270140 CAMPO ALEGRE,526.0,-,526.0,270140,Campo Alegre,  2 701 407 ,   32 106,32106.0,16.383230548807077
270150 CAMPO GRANDE,123.0,-,123.0,270150,Campo Grande,  2 701 506 ,   8 143,8143.0,15.104998157927053
270160 CANAPI,322.0,-,322.0,270160,Canapi,  2 701 605 ,   15 559,15559.0,20.695417443280416
270170 CAPELA,318.0,-,318.0,270170,Capela,  2 701 704 ,   15 032,15032.0,21.154869611495474
270180 CARNEIROS,123.0,-,123.0,270180,Carneiros,  2 701 803 ,   8 999,8999.0,13.668185353928214
270190 CHA PRETA,108.0,1,109.0,270190,Chã Preta,  2 701 902 ,   5 910,5910.0,18.44331641285956
270200 COITE DO NOIA,149.0,-,149.0,270200,Coité do Nóia,  2 702 009 ,   10 810,10810.0,13.783533765032377
270210 COLONIA LEOPOLDINA,257.0,4,261.0,270210,Colônia Leopoldina,  2 702 108 ,   15 816,15816.0,16.502276176024278
270220 COQUEIRO SECO,121.0,-,121.0,270220,Coqueiro Seco,  2 702 207 ,   5 581,5581.0,21.680702383085467
270230 CORURIPE,1212.0,11,1223.0,270230,Coruripe,  2 702 306 ,   50 414,50414.0,24.259134367437618
270235 CRAIBAS,313.0,-,313.0,270235,Craíbas,  2 702 355 ,   25 397,25397.0,12.32429027050439
270240 DELMIRO GOUVEIA,1410.0,35,1445.0,270240,Delmiro Gouveia,  2 702 405 ,   51 318,51318.0,28.157761409252114
270250 DOIS RIACHOS,148.0,1,149.0,270250,Dois Riachos,  2 702 504 ,   9 805,9805.0,15.196328403875574
270255 ESTRELA DE ALAGOAS,184.0,11,195.0,270255,Estrela de Alagoas,  2 702 553 ,   15 429,15429.0,12.638537818393933
270260 FEIRA GRANDE,231.0,4,235.0,270260,Feira Grande,  2 702 603 ,   22 712,22712.0,10.346953152518491
270270 FELIZ DESERTO,70.0,-,70.0,270270,Feliz Deserto,  2 702 702 ,   3 963,3963.0,17.663386323492304
270280 FLEXEIRAS,169.0,1,170.0,270280,Flexeiras,  2 702 801 ,   9 618,9618.0,17.67519234768143
270290 GIRAU DO PONCIANO,460.0,13,473.0,270290,Girau do Ponciano,  2 702 900 ,   36 102,36102.0,13.101767215112737
270300 IBATEGUARA,182.0,-,182.0,270300,Ibateguara,  2 703 007 ,   13 731,13731.0,13.254679193066783
270310 IGACI,248.0,1,249.0,270310,Igaci,  2 703 106 ,   23 995,23995.0,10.377161908730985
270320 IGREJA NOVA,222.0,2,224.0,270320,Igreja Nova,  2 703 205 ,   21 372,21372.0,10.481003181733108
270330 INHAPI,274.0,2,276.0,270330,Inhapi,  2 703 304 ,   15 167,15167.0,18.197402254895497
270340 JACARE DOS HOMENS,78.0,-,78.0,270340,Jacaré dos Homens,  2 703 403 ,   5 083,5083.0,15.34526854219949
270350 JACUIPE,71.0,-,71.0,270350,Jacuípe,  2 703 502 ,   5 352,5352.0,13.266068759342302
270360 JAPARATINGA,111.0,-,111.0,270360,Japaratinga,  2 703 601 ,   9 219,9219.0,12.040351448096324
270370 JARAMATAIA,83.0,-,83.0,270370,Jaramataia,  2 703 700 ,   4 985,4985.0,16.649949849548648
270375 JEQUIA DA PRAIA,190.0,-,190.0,270375,Jequiá da Praia,  2 703 759 ,   9 470,9470.0,20.06335797254488
270380 JOAQUIM GOMES,282.0,1,283.0,270380,Joaquim Gomes,  2 703 809 ,   17 150,17150.0,16.50145772594752
270390 JUNDIA,84.0,-,84.0,270390,Jundiá,  2 703 908 ,   4 092,4092.0,20.527859237536656
270400 JUNQUEIRO,479.0,6,485.0,270400,Junqueiro,  2 704 005 ,   23 907,23907.0,20.28694524616221
270410 LAGOA DA CANOA,233.0,-,233.0,270410,Lagoa da Canoa,  2 704 104 ,   18 457,18457.0,12.623936717776454
270420 LIMOEIRO DE ANADIA,435.0,-,435.0,270420,Limoeiro de Anadia,  2 704 203 ,   24 740,24740.0,17.582861762328214
270430 MACEIO,21701.0,4411,26112.0,270430,Maceió,  2 704 302 ,   957 916,957916.0,27.2591751260027
270440 MAJOR ISIDORO,260.0,-,260.0,270440,Major Isidoro,  2 704 401 ,   17 700,17700.0,14.689265536723164
270450 MARAGOGI,407.0,11,418.0,270450,Maragogi,  2 704 500 ,   32 174,32174.0,12.991856778765463
270460 MARAVILHA,122.0,-,122.0,270460,Maravilha,  2 704 609 ,   9 534,9534.0,12.796307950492972
270470 MARECHAL DEODORO,685.0,19,704.0,270470,Marechal Deodoro,  2 704 708 ,   60 370,60370.0,11.661421235713101
270480 MARIBONDO,198.0,3,201.0,270480,Maribondo,  2 704 807 ,   13 679,13679.0,14.69405658308356
270490 MAR VERMELHO,47.0,-,47.0,270490,Mar Vermelho,  2 704 906 ,   3 155,3155.0,14.896988906497624
270500 MATA GRANDE,366.0,3,369.0,270500,Mata Grande,  2 705 002 ,   21 844,21844.0,16.892510529207104
270510 MATRIZ DE CAMARAGIBE,355.0,3,358.0,270510,Matriz de Camaragibe,  2 705 101 ,   23 857,23857.0,15.006077880705872
270520 MESSIAS,189.0,3,192.0,270520,Messias,  2 705 200 ,   15 405,15405.0,12.4634858812074
270530 MINADOR DO NEGRAO,76.0,-,76.0,270530,Minador do Negrão,  2 705 309 ,   4 845,4845.0,15.686274509803921
270540 MONTEIROPOLIS,83.0,-,83.0,270540,Monteirópolis,  2 705 408 ,   7 184,7184.0,11.553452115812917
270550 MURICI,281.0,2,283.0,270550,Murici,  2 705 507 ,   25 187,25187.0,11.235955056179774
270560 NOVO LINO,183.0,-,183.0,270560,Novo Lino,  2 705 606 ,   10 020,10020.0,18.263473053892216
270570 OLHO D'AGUA DAS FLORES,216.0,2,218.0,270570,Olho d'Água das Flores,  2 705 705 ,   20 695,20695.0,10.533945397438995
270580 OLHO D'AGUA DO CASADO,94.0,1,95.0,270580,Olho d'Água do Casado,  2 705 804 ,   8 349,8349.0,11.37860821655288
270590 OLHO D'AGUA GRANDE,62.0,-,62.0,270590,Olho d'Água Grande,  2 705 903 ,   4 330,4330.0,14.318706697459584
270600 OLIVENCA,108.0,1,109.0,270600,Olivença,  2 706 000 ,   10 812,10812.0,10.081391046984832
270610 OURO BRANCO,253.0,1,254.0,270610,Ouro Branco,  2 706 109 ,   11 446,11446.0,22.191158483312947
270620 PALESTINA,82.0,-,82.0,270620,Palestina,  2 706 208 ,   4 325,4325.0,18.959537572254337
270630 PALMEIRA DOS INDIOS,1077.0,76,1153.0,270630,Palmeira dos Índios,  2 706 307 ,   71 574,71574.0,16.109201665409227
270640 PAO DE ACUCAR,322.0,4,326.0,270640,Pão de Açúcar,  2 706 406 ,   23 823,23823.0,13.684254711833102
270642 PARICONHA,197.0,-,197.0,270642,Pariconha,  2 706 422 ,   10 573,10573.0,18.6323654591885
270644 PARIPUEIRA,216.0,25,241.0,270644,Paripueira,  2 706 448 ,   13 835,13835.0,17.419588001445607
270650 PASSO DE CAMARAGIBE,197.0,1,198.0,270650,Passo de Camaragibe,  2 706 505 ,   13 804,13804.0,14.343668501883512
270660 PAULO JACINTO,98.0,-,98.0,270660,Paulo Jacinto,  2 706 604 ,   6 576,6576.0,14.902676399026763
270670 PENEDO,1003.0,49,1052.0,270670,Penedo,  2 706 703 ,   58 650,58650.0,17.936913895993182
270680 PIACABUCU,284.0,-,284.0,270680,Piaçabuçu,  2 706 802 ,   15 908,15908.0,17.852652753331657
270690 PILAR,510.0,10,520.0,270690,Pilar,  2 706 901 ,   35 370,35370.0,14.701724625388747
270700 PINDOBA,56.0,-,56.0,270700,Pindoba,  2 707 008 ,   2 731,2731.0,20.505309410472353
270710 PIRANHAS,338.0,9,347.0,270710,Piranhas,  2 707 107 ,   22 609,22609.0,15.347870317130345
270720 POCO DAS TRINCHEIRAS,116.0,1,117.0,270720,Poço das Trincheiras,  2 707 206 ,   12 518,12518.0,9.34654098098738
270730 PORTO CALVO,957.0,1,958.0,270730,Porto Calvo,  2 707 305 ,   24 071,24071.0,39.79892817082797
270740 PORTO DE PEDRAS,142.0,3,145.0,270740,Porto de Pedras,  2 707 404 ,   9 295,9295.0,15.59978483055406
270750 PORTO REAL DO COLEGIO,276.0,3,279.0,270750,Porto Real do Colégio,  2 707 503 ,   20 082,20082.0,13.89303854197789
270760 QUEBRANGULO,158.0,2,160.0,270760,Quebrangulo,  2 707 602 ,   11 080,11080.0,14.44043321299639
270770 RIO LARGO,847.0,79,926.0,270770,Rio Largo,  2 707 701 ,   93 927,93927.0,9.858720069841473
270780 ROTEIRO,86.0,-,86.0,270780,Roteiro,  2 707 800 ,   6 474,6474.0,13.283904850169911
270790 SANTA LUZIA DO NORTE,113.0,-,113.0,270790,Santa Luzia do Norte,  2 707 909 ,   6 919,6919.0,16.331839861251627
270800 SANTANA DO IPANEMA,1001.0,28,1029.0,270800,Santana do Ipanema,  2 708 006 ,   46 220,46220.0,22.26308957161402
270810 SANTANA DO MUNDAU,163.0,3,166.0,270810,Santana do Mundaú,  2 708 105 ,   11 323,11323.0,14.660425682239689
270820 SAO BRAS,105.0,-,105.0,270820,São Brás,  2 708 204 ,   6 555,6555.0,16.018306636155607
270830 SAO JOSE DA LAJE,423.0,-,423.0,270830,São José da Laje,  2 708 303 ,   20 813,20813.0,20.323836063998463
270840 SAO JOSE DA TAPERA,462.0,-,462.0,270840,São José da Tapera,  2 708 402 ,   30 604,30604.0,15.096065873741994
270850 SAO LUIS DO QUITUNDE,372.0,4,376.0,270850,São Luís do Quitunde,  2 708 501 ,   30 873,30873.0,12.178926570142195
270860 SAO MIGUEL DOS CAMPOS,1257.0,49,1306.0,270860,São Miguel dos Campos,  2 708 600 ,   51 990,51990.0,25.12021542604347
270870 SAO MIGUEL DOS MILAGRES,116.0,-,116.0,270870,São Miguel dos Milagres,  2 708 709 ,   8 482,8482.0,13.676019806649375
270880 SAO SEBASTIAO,423.0,13,436.0,270880,São Sebastião,  2 708 808 ,   31 786,31786.0,13.716730636129112
270890 SATUBA,246.0,13,259.0,270890,Satuba,  2 708 907 ,   24 278,24278.0,10.66809457121674
270895 SENADOR RUI PALMEIRA,148.0,-,148.0,270895,Senador Rui Palmeira,  2 708 956 ,   12 303,12303.0,12.029586279769163
270900 TANQUE D'ARCA,78.0,-,78.0,270900,Tanque d'Arca,  2 709 004 ,   5 796,5796.0,13.457556935817806
270910 TAQUARANA,270.0,-,270.0,270910,Taquarana,  2 709 103 ,   19 032,19032.0,14.186633039092055
270915 TEOTONIO VILELA,493.0,9,502.0,270915,Teotônio Vilela,  2 709 152 ,   38 053,38053.0,13.192126770556854
270920 TRAIPU,284.0,-,284.0,270920,Traipu,  2 709 202 ,   23 565,23565.0,12.051771695310842
270930 UNIAO DOS PALMARES,1287.0,18,1305.0,270930,União dos Palmares,  2 709 301 ,   59 280,59280.0,22.01417004048583
270940 VICOSA,341.0,8,349.0,270940,Viçosa,  2 709 400 ,   24 092,24092.0,14.486136476838784
280010 AMPARO DE SAO FRANCISCO,47.0,1,48.0,280010,Amparo do São Francisco,  2 800 100 ,   2 170,2170.0,22.119815668202765
280020 AQUIDABA,258.0,19,277.0,280020,Aquidabã,  2 800 209 ,   20 131,20131.0,13.759872832944215
280030 ARACAJU,18114.0,5433,23547.0,280030,Aracaju,  2 800 308 ,   602 757,602757.0,39.06549405481811
280040 ARAUA,150.0,-,150.0,280040,Arauá,  2 800 407 ,   10 318,10318.0,14.537701104865283
280050 AREIA BRANCA,303.0,3,306.0,280050,Areia Branca,  2 800 506 ,   18 081,18081.0,16.92384270781483
280060 BARRA DOS COQUEIROS,545.0,28,573.0,280060,Barra dos Coqueiros,  2 800 605 ,   41 511,41511.0,13.803570138035703
280067 BOQUIM,347.0,4,351.0,280067,Boquim,  2 800 670 ,   24 636,24636.0,14.247442766682903
280070 BREJO GRANDE,123.0,1,124.0,280070,Brejo Grande,  2 800 704 ,   7 841,7841.0,15.814309399311313
280100 CAMPO DO BRITO,258.0,7,265.0,280100,Campo do Brito,  2 801 009 ,   18 149,18149.0,14.60135544658108
280110 CANHOBA,77.0,-,77.0,280110,Canhoba,  2 801 108 ,   3 791,3791.0,20.311263518860457
280120 CANINDE DE SAO FRANCISCO,486.0,6,492.0,280120,Canindé de São Francisco,  2 801 207 ,   26 834,26834.0,18.33494820004472
280130 CAPELA,521.0,2,523.0,280130,Capela,  2 801 306 ,   31 645,31645.0,16.52709748775478
280140 CARIRA,233.0,4,237.0,280140,Carira,  2 801 405 ,   19 939,19939.0,11.8862530718692
280150 CARMOPOLIS,310.0,7,317.0,280150,Carmópolis,  2 801 504 ,   13 853,13853.0,22.88313000794052
280160 CEDRO DE SAO JOAO,119.0,-,119.0,280160,Cedro de São João,  2 801 603 ,   5 391,5391.0,22.07382674828418
280170 CRISTINAPOLIS,282.0,-,282.0,280170,Cristinápolis,  2 801 702 ,   17 100,17100.0,16.49122807017544
280190 CUMBE,53.0,-,53.0,280190,Cumbe,  2 801 900 ,   3 824,3824.0,13.859832635983263
280200 DIVINA PASTORA,123.0,-,123.0,280200,Divina Pastora,  2 802 007 ,   4 340,4340.0,28.341013824884794
280210 ESTANCIA,1295.0,77,1372.0,280210,Estância,  2 802 106 ,   65 078,65078.0,21.082393435569625
280220 FEIRA NOVA,62.0,-,62.0,280220,Feira Nova,  2 802 205 ,   5 975,5975.0,10.376569037656903
280230 FREI PAULO,195.0,-,195.0,280230,Frei Paulo,  2 802 304 ,   14 530,14530.0,13.420509291121817
280240 GARARU,119.0,2,121.0,280240,Gararu,  2 802 403 ,   11 096,11096.0,10.90483056957462
280250 GENERAL MAYNARD,69.0,-,69.0,280250,General Maynard,  2 802 502 ,   3 037,3037.0,22.719789265722753
280260 GRACHO CARDOSO,82.0,-,82.0,280260,Gracho Cardoso,  2 802 601 ,   5 834,5834.0,14.055536510113129
280270 ILHA DAS FLORES,97.0,2,99.0,280270,Ilha das Flores,  2 802 700 ,   8 321,8321.0,11.897608460521573
280280 INDIAROBA,206.0,2,208.0,280280,Indiaroba,  2 802 809 ,   16 549,16549.0,12.568735271013356
280290 ITABAIANA,1601.0,220,1821.0,280290,Itabaiana,  2 802 908 ,   103 440,103440.0,17.604408352668212
280300 ITABAIANINHA,358.0,5,363.0,280300,Itabaianinha,  2 803 005 ,   40 678,40678.0,8.923742563547863
280310 ITABI,63.0,3,66.0,280310,Itabi,  2 803 104 ,   4 745,4745.0,13.909378292939936
280320 ITAPORANGA D'AJUDA,410.0,9,419.0,280320,Itaporanga d'Ajuda,  2 803 203 ,   34 411,34411.0,12.17633896137863
280330 JAPARATUBA,248.0,3,251.0,280330,Japaratuba,  2 803 302 ,   16 209,16209.0,15.4852242581282
280340 JAPOATA,156.0,-,156.0,280340,Japoatã,  2 803 401 ,   13 407,13407.0,11.635712687402103
280350 LAGARTO,2352.0,58,2410.0,280350,Lagarto,  2 803 500 ,   101 579,101579.0,23.72537630809518
280360 LARANJEIRAS,276.0,-,276.0,280360,Laranjeiras,  2 803 609 ,   23 975,23975.0,11.51199165797706
280370 MACAMBIRA,91.0,-,91.0,280370,Macambira,  2 803 708 ,   6 838,6838.0,13.307984790874524
280380 MALHADA DOS BOIS,69.0,-,69.0,280380,Malhada dos Bois,  2 803 807 ,   3 579,3579.0,19.279128248114
280390 MALHADOR,103.0,-,103.0,280390,Malhador,  2 803 906 ,   11 533,11533.0,8.93089395647273
280400 MARUIM,139.0,1,140.0,280400,Maruim,  2 804 003 ,   15 719,15719.0,8.90641898339589
280410 MOITA BONITA,126.0,-,126.0,280410,Moita Bonita,  2 804 102 ,   11 050,11050.0,11.402714932126697
280420 MONTE ALEGRE DE SERGIPE,175.0,1,176.0,280420,Monte Alegre de Sergipe,  2 804 201 ,   14 336,14336.0,12.276785714285714
280430 MURIBECA,93.0,-,93.0,280430,Muribeca,  2 804 300 ,   7 822,7822.0,11.889542316543082
280440 NEOPOLIS,316.0,12,328.0,280440,Neópolis,  2 804 409 ,   16 426,16426.0,19.96834287105808
280445 NOSSA SENHORA APARECIDA,125.0,-,125.0,280445,Nossa Senhora Aparecida,  2 804 458 ,   9 232,9232.0,13.539861351819757
280450 NOSSA SENHORA DA GLORIA,684.0,38,722.0,280450,Nossa Senhora da Glória,  2 804 508 ,   41 212,41212.0,17.51916917402698
280460 NOSSA SENHORA DAS DORES,251.0,10,261.0,280460,Nossa Senhora das Dores,  2 804 607 ,   24 996,24996.0,10.441670667306768
280470 NOSSA SENHORA DE LOURDES,60.0,-,60.0,280470,Nossa Senhora de Lourdes,  2 804 706 ,   6 268,6268.0,9.572431397574984
280480 NOSSA SENHORA DO SOCORRO,1955.0,91,2046.0,280480,Nossa Senhora do Socorro,  2 804 805 ,   192 330,192330.0,10.63796599594447
280490 PACATUBA,178.0,-,178.0,280490,Pacatuba,  2 804 904 ,   12 502,12502.0,14.237721964485683
280500 PEDRA MOLE,57.0,-,57.0,280500,Pedra Mole,  2 805 000 ,   2 778,2778.0,20.518358531317492
280510 PEDRINHAS,93.0,-,93.0,280510,Pedrinhas,  2 805 109 ,   7 396,7396.0,12.574364521362899
280520 PINHAO,85.0,-,85.0,280520,Pinhão,  2 805 208 ,   5 677,5677.0,14.972696846926192
280530 PIRAMBU,88.0,1,89.0,280530,Pirambu,  2 805 307 ,   7 913,7913.0,11.247314545684317
280540 POCO REDONDO,249.0,-,249.0,280540,Poço Redondo,  2 805 406 ,   33 439,33439.0,7.446394928077992
280550 POCO VERDE,218.0,9,227.0,280550,Poço Verde,  2 805 505 ,   21 794,21794.0,10.415710746076902
280560 PORTO DA FOLHA,346.0,1,347.0,280560,Porto da Folha,  2 805 604 ,   26 576,26576.0,13.056893437688139
280570 PROPRIA,621.0,46,667.0,280570,Propriá,  2 805 703 ,   26 618,26618.0,25.05823127207153
280580 RIACHAO DO DANTAS,215.0,-,215.0,280580,Riachão do Dantas,  2 805 802 ,   18 313,18313.0,11.740293780374596
280590 RIACHUELO,137.0,-,137.0,280590,Riachuelo,  2 805 901 ,   8 748,8748.0,15.660722450845908
280600 RIBEIROPOLIS,199.0,11,210.0,280600,Ribeirópolis,  2 806 008 ,   17 033,17033.0,12.329008395467621
280610 ROSARIO DO CATETE,157.0,2,159.0,280610,Rosário do Catete,  2 806 107 ,   9 295,9295.0,17.105970952124796
280620 SALGADO,199.0,-,199.0,280620,Salgado,  2 806 206 ,   20 279,20279.0,9.813107155185167
280630 SANTA LUZIA DO ITANHY,145.0,2,147.0,280630,Santa Luzia do Itanhy,  2 806 305 ,   13 616,13616.0,10.796122209165688
280640 SANTANA DO SAO FRANCISCO,112.0,-,112.0,280640,Santana do São Francisco,  2 806 404 ,   7 346,7346.0,15.246392594609311
280650 SANTA ROSA DE LIMA,41.0,-,41.0,280650,Santa Rosa de Lima,  2 806 503 ,   3 937,3937.0,10.414020828041656
280660 SANTO AMARO DAS BROTAS,174.0,-,174.0,280660,Santo Amaro das Brotas,  2 806 602 ,   11 092,11092.0,15.686981608366391
280670 SAO CRISTOVAO,735.0,71,806.0,280670,São Cristóvão,  2 806 701 ,   95 612,95612.0,8.42990419612601
280680 SAO DOMINGOS,130.0,2,132.0,280680,São Domingos,  2 806 800 ,   10 327,10327.0,12.782027694393337
280690 SAO FRANCISCO,88.0,-,88.0,280690,São Francisco,  2 806 909 ,   3 243,3243.0,27.13536848596978
280700 SAO MIGUEL DO ALEIXO,35.0,-,35.0,280700,São Miguel do Aleixo,  2 807 006 ,   3 434,3434.0,10.19219569015725
280710 SIMAO DIAS,546.0,17,563.0,280710,Simão Dias,  2 807 105 ,   42 578,42578.0,13.222791112781248
280720 SIRIRI,94.0,1,95.0,280720,Siriri,  2 807 204 ,   7 834,7834.0,12.126627521062037
280730 TELHA,48.0,-,48.0,280730,Telha,  2 807 303 ,   3 274,3274.0,14.660965180207697
280740 TOBIAS BARRETO,584.0,16,600.0,280740,Tobias Barreto,  2 807 402 ,   50 905,50905.0,11.786661428150477
280750 TOMAR DO GERU,139.0,-,139.0,280750,Tomar do Geru,  2 807 501 ,   12 012,12012.0,11.571761571761572
280760 UMBAUBA,240.0,5,245.0,280760,Umbaúba,  2 807 600 ,   23 917,23917.0,10.24375966885479
290010 ABAIRA,135.0,1,136.0,290010,Abaíra,  2 900 108 ,   7 301,7301.0,18.627585262292836
290020 ABARE,253.0,3,256.0,290020,Abaré,  2 900 207 ,   17 639,17639.0,14.513294404444697
290030 ACAJUTIBA,223.0,3,226.0,290030,Acajutiba,  2 900 306 ,   13 795,13795.0,16.382747372236317
290035 ADUSTINA,184.0,10,194.0,290035,Adustina,  2 900 355 ,   14 201,14201.0,13.661009788043096
290040 AGUA FRIA,174.0,-,174.0,290040,Água Fria,  2 900 405 ,   14 497,14497.0,12.002483272401186
290050 ERICO CARDOSO,172.0,13,185.0,290050,Érico Cardoso,  2 900 504 ,   10 604,10604.0,17.44624669935873
290060 AIQUARA,93.0,-,93.0,290060,Aiquara,  2 900 603 ,   4 447,4447.0,20.91297503935237
290070 ALAGOINHAS,2706.0,1249,3955.0,290070,Alagoinhas,  2 900 702 ,   151 055,151055.0,26.1825163020092
290080 ALCOBACA,362.0,5,367.0,290080,Alcobaça,  2 900 801 ,   24 530,24530.0,14.961271911944557
290090 ALMADINA,78.0,-,78.0,290090,Almadina,  2 900 900 ,   5 218,5218.0,14.948256036795707
290100 AMARGOSA,576.0,144,720.0,290100,Amargosa,  2 901 007 ,   36 521,36521.0,19.7146847019523
290110 AMELIA RODRIGUES,336.0,3,339.0,290110,Amélia Rodrigues,  2 901 106 ,   24 138,24138.0,14.04424558786975
290115 AMERICA DOURADA,229.0,-,229.0,290115,América Dourada,  2 901 155 ,   15 137,15137.0,15.128493096386338
290120 ANAGE,252.0,2,254.0,290120,Anagé,  2 901 205 ,   25 438,25438.0,9.985061718688575
290130 ANDARAI,164.0,4,168.0,290130,Andaraí,  2 901 304 ,   13 080,13080.0,12.844036697247708
290135 ANDORINHA,174.0,6,180.0,290135,Andorinha,  2 901 353 ,   15 012,15012.0,11.990407673860911
290140 ANGICAL,210.0,13,223.0,290140,Angical,  2 901 403 ,   13 732,13732.0,16.239440722400236
290150 ANGUERA,144.0,-,144.0,290150,Anguera,  2 901 502 ,   11 031,11031.0,13.054120206690238
290160 ANTAS,272.0,11,283.0,290160,Antas,  2 901 601 ,   14 206,14206.0,19.9211600732085
290170 ANTONIO CARDOSO,168.0,-,168.0,290170,Antônio Cardoso,  2 901 700 ,   11 146,11146.0,15.072671810514983
290180 ANTONIO GONCALVES,171.0,-,171.0,290180,Antônio Gonçalves,  2 901 809 ,   10 862,10862.0,15.742957098140307
290190 APORA,209.0,-,209.0,290190,Aporá,  2 901 908 ,   15 922,15922.0,13.126491646778042
290195 APUAREMA,98.0,-,98.0,290195,Apuarema,  2 901 957 ,   6 913,6913.0,14.176189787357155
290200 ARACATU,273.0,42,315.0,290200,Aracatu,  2 902 005 ,   13 936,13936.0,22.603329506314584
290205 ARACAS,152.0,6,158.0,290205,Araçás,  2 902 054 ,   11 557,11557.0,13.671368002076663
290210 ARACI,547.0,9,556.0,290210,Araci,  2 902 104 ,   48 294,48294.0,11.512817327204209
290220 ARAMARI,105.0,2,107.0,290220,Aramari,  2 902 203 ,   9 833,9833.0,10.881724804230652
290225 ARATACA,102.0,-,102.0,290225,Arataca,  2 902 252 ,   10 191,10191.0,10.008831321754489
290230 ARATUIPE,111.0,1,112.0,290230,Aratuípe,  2 902 302 ,   8 677,8677.0,12.907686988590527
290240 AURELINO LEAL,184.0,-,184.0,290240,Aurelino Leal,  2 902 401 ,   11 179,11179.0,16.459432865193666
290250 BAIANOPOLIS,165.0,3,168.0,290250,Baianópolis,  2 902 500 ,   13 614,13614.0,12.3402379903041
290260 BAIXA GRANDE,178.0,8,186.0,290260,Baixa Grande,  2 902 609 ,   18 220,18220.0,10.208562019758507
290265 BANZAE,211.0,2,213.0,290265,Banzaê,  2 902 658 ,   11 958,11958.0,17.812343201204214
290270 BARRA,475.0,2,477.0,290270,Barra,  2 902 708 ,   51 092,51092.0,9.336099585062241
290280 BARRA DA ESTIVA,274.0,15,289.0,290280,Barra da Estiva,  2 902 807 ,   26 026,26026.0,11.104280335049566
290290 BARRA DO CHOCA,543.0,18,561.0,290290,Barra do Choça,  2 902 906 ,   36 539,36539.0,15.35345794904075
290300 BARRA DO MENDES,207.0,14,221.0,290300,Barra do Mendes,  2 903 003 ,   13 836,13836.0,15.972824515756
290310 BARRA DO ROCHA,120.0,-,120.0,290310,Barra do Rocha,  2 903 102 ,   5 775,5775.0,20.77922077922078
290320 BARREIRAS,3535.0,365,3900.0,290320,Barreiras,  2 903 201 ,   159 734,159734.0,24.415590919904343
290323 BARRO ALTO,159.0,2,161.0,290323,Barro Alto,  2 903 235 ,   13 453,13453.0,11.967590871924477
290327 BARROCAS,223.0,7,230.0,290327,Barrocas,  2 903 276 ,   15 203,15203.0,15.128593040847202
290330 BARRO PRETO,121.0,2,123.0,290330,Barro Preto,  2 903 300 ,   5 833,5833.0,21.086919252528716
290340 BELMONTE,223.0,7,230.0,290340,Belmonte,  2 903 409 ,   20 121,20121.0,11.430843397445454
290350 BELO CAMPO,326.0,14,340.0,290350,Belo Campo,  2 903 508 ,   18 412,18412.0,18.46621768411905
290360 BIRITINGA,211.0,1,212.0,290360,Biritinga,  2 903 607 ,   15 146,15146.0,13.997094942559091
290370 BOA NOVA,149.0,-,149.0,290370,Boa Nova,  2 903 706 ,   13 690,13690.0,10.883856829802776
290380 BOA VISTA DO TUPIM,262.0,2,264.0,290380,Boa Vista do Tupim,  2 903 805 ,   16 873,16873.0,15.646298820600961
290390 BOM JESUS DA LAPA,1270.0,76,1346.0,290390,Bom Jesus da Lapa,  2 903 904 ,   65 550,65550.0,20.53394355453852
290395 BOM JESUS DA SERRA,109.0,2,111.0,290395,Bom Jesus da Serra,  2 903 953 ,   9 730,9730.0,11.408016443987668
290400 BONINAL,155.0,-,155.0,290400,Boninal,  2 904 001 ,   13 622,13622.0,11.37865218029658
290405 BONITO,281.0,4,285.0,290405,Bonito,  2 904 050 ,   15 844,15844.0,17.987881848018176
290410 BOQUIRA,347.0,25,372.0,290410,Boquira,  2 904 100 ,   19 322,19322.0,19.252665355553255
290420 BOTUPORA,211.0,21,232.0,290420,Botuporã,  2 904 209 ,   11 024,11024.0,21.04499274310595
290430 BREJOES,204.0,6,210.0,290430,Brejões,  2 904 308 ,   12 943,12943.0,16.224986479177932
290440 BREJOLANDIA,153.0,-,153.0,290440,Brejolândia,  2 904 407 ,   9 108,9108.0,16.798418972332016
290450 BROTAS DE MACAUBAS,161.0,13,174.0,290450,Brotas de Macaúbas,  2 904 506 ,   11 765,11765.0,14.789630259243518
290460 BRUMADO,1029.0,161,1190.0,290460,Brumado,  2 904 605 ,   70 510,70510.0,16.877038717912352
290470 BUERAREMA,202.0,-,202.0,290470,Buerarema,  2 904 704 ,   14 804,14804.0,13.644960821399621
290475 BURITIRAMA,269.0,1,270.0,290475,Buritirama,  2 904 753 ,   19 589,19589.0,13.78324569911685
290480 CAATIBA,147.0,1,148.0,290480,Caatiba,  2 904 803 ,   6 205,6205.0,23.851732473811442
290485 CABACEIRAS DO PARAGUACU,250.0,1,251.0,290485,Cabaceiras do Paraguaçu,  2 904 852 ,   16 559,16559.0,15.157920164261128
290490 CACHOEIRA,407.0,52,459.0,290490,Cachoeira,  2 904 902 ,   29 250,29250.0,15.692307692307693
290500 CACULE,274.0,90,364.0,290500,Caculé,  2 905 008 ,   22 462,22462.0,16.20514646959309
290510 CAEM,124.0,-,124.0,290510,Caém,  2 905 107 ,   10 384,10384.0,11.941448382126348
290515 CAETANOS,135.0,4,139.0,290515,Caetanos,  2 905 156 ,   11 266,11266.0,12.338008166163677
290520 CAETITE,1082.0,153,1235.0,290520,Caetité,  2 905 206 ,   52 012,52012.0,23.744520495270322
290530 CAFARNAUM,233.0,5,238.0,290530,Cafarnaum,  2 905 305 ,   17 466,17466.0,13.626474292911942
290540 CAIRU,252.0,-,252.0,290540,Cairu,  2 905 404 ,   17 761,17761.0,14.188390293339339
290550 CALDEIRAO GRANDE,140.0,-,140.0,290550,Caldeirão Grande,  2 905 503 ,   13 080,13080.0,10.703363914373089
290560 CAMACAN,440.0,18,458.0,290560,Camacan,  2 905 602 ,   22 579,22579.0,20.28433500155011
290570 CAMACARI,4333.0,1978,6311.0,290570,Camaçari,  2 905 701 ,   300 372,300372.0,21.010613505919327
290580 CAMAMU,308.0,10,318.0,290580,Camamu,  2 905 800 ,   30 469,30469.0,10.436837441333815
290590 CAMPO ALEGRE DE LOURDES,336.0,10,346.0,290590,Campo Alegre de Lourdes,  2 905 909 ,   30 671,30671.0,11.28101463923576
290600 CAMPO FORMOSO,865.0,55,920.0,290600,Campo Formoso,  2 906 006 ,   71 377,71377.0,12.88930607898903
290610 CANAPOLIS,170.0,-,170.0,290610,Canápolis,  2 906 105 ,   10 225,10225.0,16.625916870415647
290620 CANARANA,280.0,15,295.0,290620,Canarana,  2 906 204 ,   24 206,24206.0,12.18706105924151
290630 CANAVIEIRAS,384.0,46,430.0,290630,Canavieiras,  2 906 303 ,   32 683,32683.0,13.156686962641128
290640 CANDEAL,114.0,2,116.0,290640,Candeal,  2 906 402 ,   7 772,7772.0,14.925373134328359
290650 CANDEIAS,867.0,156,1023.0,290650,Candeias,  2 906 501 ,   72 382,72382.0,14.133348069962146
290660 CANDIBA,135.0,9,144.0,290660,Candiba,  2 906 600 ,   13 016,13016.0,11.063306699446834
290670 CANDIDO SALES,345.0,1,346.0,290670,Cândido Sales,  2 906 709 ,   25 247,25247.0,13.704598566166277
290680 CANSANCAO,381.0,36,417.0,290680,Cansanção,  2 906 808 ,   37 439,37439.0,11.138118005288604
290682 CANUDOS,202.0,-,202.0,290682,Canudos,  2 906 824 ,   16 105,16105.0,12.542688606022974
290685 CAPELA DO ALTO ALEGRE,120.0,21,141.0,290685,Capela do Alto Alegre,  2 906 857 ,   10 744,10744.0,13.123603871928518
290687 CAPIM GROSSO,430.0,47,477.0,290687,Capim Grosso,  2 906 873 ,   33 235,33235.0,14.352339401233639
290689 CARAIBAS,97.0,-,97.0,290689,Caraíbas,  2 906 899 ,   9 940,9940.0,9.758551307847082
290690 CARAVELAS,223.0,4,227.0,290690,Caravelas,  2 906 907 ,   20 580,20580.0,11.030126336248784
290700 CARDEAL DA SILVA,143.0,3,146.0,290700,Cardeal da Silva,  2 907 004 ,   8 365,8365.0,17.453676031081887
290710 CARINHANHA,276.0,12,288.0,290710,Carinhanha,  2 907 103 ,   28 869,28869.0,9.97609892964772
290720 CASA NOVA,504.0,11,515.0,290720,Casa Nova,  2 907 202 ,   72 086,72086.0,7.144244374774575
290730 CASTRO ALVES,431.0,42,473.0,290730,Castro Alves,  2 907 301 ,   24 712,24712.0,19.14049854321787
290740 CATOLANDIA,66.0,-,66.0,290740,Catolândia,  2 907 400 ,   3 434,3434.0,19.2195690157251
290750 CATU,610.0,338,948.0,290750,Catu,  2 907 509 ,   48 148,48148.0,19.689291351665698
290755 CATURAMA,164.0,5,169.0,290755,Caturama,  2 907 558 ,   8 841,8841.0,19.115484673679447
290760 CENTRAL,216.0,-,216.0,290760,Central,  2 907 608 ,   16 348,16348.0,13.212625397602153
290770 CHORROCHO,192.0,3,195.0,290770,Chorrochó,  2 907 707 ,   10 579,10579.0,18.432744115700917
290780 CICERO DANTAS,401.0,22,423.0,290780,Cícero Dantas,  2 907 806 ,   30 907,30907.0,13.686219950173099
290790 CIPO,191.0,6,197.0,290790,Cipó,  2 907 905 ,   17 230,17230.0,11.4335461404527
290800 COARACI,277.0,5,282.0,290800,Coaraci,  2 908 002 ,   17 333,17333.0,16.269543645070097
290810 COCOS,227.0,-,227.0,290810,Cocos,  2 908 101 ,   19 151,19151.0,11.853166936452405
290820 CONCEICAO DA FEIRA,247.0,24,271.0,290820,Conceição da Feira,  2 908 200 ,   20 800,20800.0,13.028846153846153
290830 CONCEICAO DO ALMEIDA,345.0,25,370.0,290830,Conceição do Almeida,  2 908 309 ,   15 794,15794.0,23.426617702925164
290840 CONCEICAO DO COITE,724.0,153,877.0,290840,Conceição do Coité,  2 908 408 ,   67 825,67825.0,12.93033542204202
290850 CONCEICAO DO JACUIPE,596.0,63,659.0,290850,Conceição do Jacuípe,  2 908 507 ,   35 308,35308.0,18.664325365356294
290860 CONDE,219.0,10,229.0,290860,Conde,  2 908 606 ,   23 654,23654.0,9.681237845607509
290870 CONDEUBA,289.0,15,304.0,290870,Condeúba,  2 908 705 ,   17 053,17053.0,17.826775347446198
290880 CONTENDAS DO SINCORA,93.0,-,93.0,290880,Contendas do Sincorá,  2 908 804 ,   4 333,4333.0,21.46318947611355
290890 CORACAO DE MARIA,273.0,3,276.0,290890,Coração de Maria,  2 908 903 ,   26 692,26692.0,10.340176832009591
290900 CORDEIROS,144.0,7,151.0,290900,Cordeiros,  2 909 000 ,   7 546,7546.0,20.010601643254706
290910 CORIBE,250.0,4,254.0,290910,Coribe,  2 909 109 ,   13 990,13990.0,18.155825589706932
290920 CORONEL JOAO SA,207.0,-,207.0,290920,Coronel João Sá,  2 909 208 ,   17 056,17056.0,12.136491557223264
290930 CORRENTINA,434.0,16,450.0,290930,Correntina,  2 909 307 ,   32 457,32457.0,13.864497643035401
290940 COTEGIPE,135.0,-,135.0,290940,Cotegipe,  2 909 406 ,   13 063,13063.0,10.334532649467963
290950 CRAVOLANDIA,90.0,-,90.0,290950,Cravolândia,  2 909 505 ,   4 415,4415.0,20.385050962627407
290960 CRISOPOLIS,261.0,-,261.0,290960,Crisópolis,  2 909 604 ,   19 729,19729.0,13.229256424552688
290970 CRISTOPOLIS,206.0,1,207.0,290970,Cristópolis,  2 909 703 ,   13 993,13993.0,14.793110841134853
290980 CRUZ DAS ALMAS,876.0,270,1146.0,290980,Cruz das Almas,  2 909 802 ,   60 348,60348.0,18.989858818850667
290990 CURACA,407.0,12,419.0,290990,Curaçá,  2 909 901 ,   34 180,34180.0,12.258630778232884
291000 DARIO MEIRA,163.0,-,163.0,291000,Dário Meira,  2 910 008 ,   10 820,10820.0,15.064695009242145
291005 DIAS D'AVILA,741.0,222,963.0,291005,Dias d'Ávila,  2 910 057 ,   71 485,71485.0,13.471357627474294
291010 DOM BASILIO,234.0,8,242.0,291010,Dom Basílio,  2 910 107 ,   11 884,11884.0,20.36351396836082
291020 DOM MACEDO COSTA,68.0,-,68.0,291020,Dom Macedo Costa,  2 910 206 ,   4 407,4407.0,15.429997730882686
291030 ELISIO MEDRADO,135.0,3,138.0,291030,Elísio Medrado,  2 910 305 ,   7 808,7808.0,17.67418032786885
291040 ENCRUZILHADA,283.0,3,286.0,291040,Encruzilhada,  2 910 404 ,   19 107,19107.0,14.968336211859528
291050 ENTRE RIOS,517.0,33,550.0,291050,Entre Rios,  2 910 503 ,   38 098,38098.0,14.436453357131608
291060 ESPLANADA,489.0,27,516.0,291060,Esplanada,  2 910 602 ,   32 554,32554.0,15.850586717454075
291070 EUCLIDES DA CUNHA,716.0,94,810.0,291070,Euclides da Cunha,  2 910 701 ,   61 456,61456.0,13.180161416297839
291072 EUNAPOLIS,1377.0,593,1970.0,291072,Eunápolis,  2 910 727 ,   113 710,113710.0,17.324773546741714
291075 FATIMA,255.0,-,255.0,291075,Fátima,  2 910 750 ,   17 895,17895.0,14.249790444258172
291077 FEIRA DA MATA,82.0,-,82.0,291077,Feira da Mata,  2 910 776 ,   5 631,5631.0,14.56224471674658
291080 FEIRA DE SANTANA,10688.0,1737,12425.0,291080,Feira de Santana,  2 910 800 ,   616 272,616272.0,20.161552041955503
291085 FILADELFIA,291.0,2,293.0,291085,Filadélfia,  2 910 859 ,   17 897,17897.0,16.37145890372688
291090 FIRMINO ALVES,84.0,-,84.0,291090,Firmino Alves,  2 910 909 ,   4 873,4873.0,17.237841165606405
291100 FLORESTA AZUL,118.0,4,122.0,291100,Floresta Azul,  2 911 006 ,   11 059,11059.0,11.031738855231033
291110 FORMOSA DO RIO PRETO,398.0,2,400.0,291110,Formosa do Rio Preto,  2 911 105 ,   25 899,25899.0,15.444611761071855
291120 GANDU,494.0,239,733.0,291120,Gandu,  2 911 204 ,   32 178,32178.0,22.779538815339674
291125 GAVIAO,68.0,-,68.0,291125,Gavião,  2 911 253 ,   4 360,4360.0,15.59633027522936
291130 GENTIO DO OURO,171.0,4,175.0,291130,Gentio do Ouro,  2 911 303 ,   10 884,10884.0,16.07864755604557
291140 GLORIA,179.0,-,179.0,291140,Glória,  2 911 402 ,   15 524,15524.0,11.53053336768874
291150 GONGOGI,169.0,1,170.0,291150,Gongogi,  2 911 501 ,   5 555,5555.0,30.603060306030603
291160 GOVERNADOR MANGABEIRA,270.0,89,359.0,291160,Governador Mangabeira,  2 911 600 ,   20 605,20605.0,17.422955593302596
291165 GUAJERU,196.0,26,222.0,291165,Guajeru,  2 911 659 ,   8 050,8050.0,27.5776397515528
291170 GUANAMBI,1996.0,393,2389.0,291170,Guanambi,  2 911 709 ,   87 817,87817.0,27.20429985082615
291180 GUARATINGA,185.0,1,186.0,291180,Guaratinga,  2 911 808 ,   19 049,19049.0,9.764292088823561
291185 HELIOPOLIS,151.0,-,151.0,291185,Heliópolis,  2 911 857 ,   12 309,12309.0,12.26744658380047
291190 IACU,306.0,6,312.0,291190,Iaçu,  2 911 907 ,   24 607,24607.0,12.679318892997928
291200 IBIASSUCE,153.0,8,161.0,291200,Ibiassucê,  2 912 004 ,   10 429,10429.0,15.437721737462844
291210 IBICARAI,360.0,20,380.0,291210,Ibicaraí,  2 912 103 ,   21 665,21665.0,17.53981075467344
291220 IBICOARA,275.0,14,289.0,291220,Ibicoara,  2 912 202 ,   20 785,20785.0,13.904257878277605
291230 IBICUI,215.0,8,223.0,291230,Ibicuí,  2 912 301 ,   13 934,13934.0,16.004018946461894
291240 IBIPEBA,253.0,5,258.0,291240,Ibipeba,  2 912 400 ,   16 603,16603.0,15.539360356562067
291250 IBIPITANGA,233.0,40,273.0,291250,Ibipitanga,  2 912 509 ,   13 863,13863.0,19.692707206232416
291260 IBIQUERA,60.0,-,60.0,291260,Ibiquera,  2 912 608 ,   3 725,3725.0,16.107382550335572
291270 IBIRAPITANGA,295.0,2,297.0,291270,Ibirapitanga,  2 912 707 ,   25 344,25344.0,11.71875
291280 IBIRAPUA,196.0,5,201.0,291280,Ibirapuã,  2 912 806 ,   8 896,8896.0,22.594424460431654
291290 IBIRATAIA,267.0,6,273.0,291290,Ibirataia,  2 912 905 ,   18 792,18792.0,14.527458492975734
291300 IBITIARA,173.0,12,185.0,291300,Ibitiara,  2 913 002 ,   14 637,14637.0,12.639202022272324
291310 IBITITA,155.0,3,158.0,291310,Ibititá,  2 913 101 ,   16 969,16969.0,9.311096705757558
291320 IBOTIRAMA,615.0,42,657.0,291320,Ibotirama,  2 913 200 ,   26 309,26309.0,24.97244289026569
291330 ICHU,95.0,2,97.0,291330,Ichu,  2 913 309 ,   6 190,6190.0,15.67043618739903
291340 IGAPORA,222.0,8,230.0,291340,Igaporã,  2 913 408 ,   15 527,15527.0,14.812906549880854
291345 IGRAPIUNA,213.0,3,216.0,291345,Igrapiúna,  2 913 457 ,   13 151,13151.0,16.424606493802752
291350 IGUAI,232.0,-,232.0,291350,Iguaí,  2 913 507 ,   21 491,21491.0,10.795216602298636
291360 ILHEUS,3368.0,537,3905.0,291360,Ilhéus,  2 913 606 ,   178 649,178649.0,21.858504665573275
291370 INHAMBUPE,335.0,13,348.0,291370,Inhambupe,  2 913 705 ,   33 790,33790.0,10.298905001479728
291380 IPECAETA,146.0,-,146.0,291380,Ipecaetá,  2 913 804 ,   13 709,13709.0,10.64993799693632
291390 IPIAU,619.0,127,746.0,291390,Ipiaú,  2 913 903 ,   40 706,40706.0,18.326536628506854
291400 IPIRA,468.0,52,520.0,291400,Ipirá,  2 914 000 ,   56 876,56876.0,9.142696392151347
291410 IPUPIARA,114.0,3,117.0,291410,Ipupiara,  2 914 109 ,   9 935,9935.0,11.776547559134375
291420 IRAJUBA,101.0,-,101.0,291420,Irajuba,  2 914 208 ,   6 101,6101.0,16.554663169972134
291430 IRAMAIA,122.0,2,124.0,291430,Iramaia,  2 914 307 ,   10 752,10752.0,11.532738095238097
291440 IRAQUARA,295.0,7,302.0,291440,Iraquara,  2 914 406 ,   23 879,23879.0,12.647095774529921
291450 IRARA,402.0,53,455.0,291450,Irará,  2 914 505 ,   28 043,28043.0,16.225082908390686
291460 IRECE,2267.0,129,2396.0,291460,Irecê,  2 914 604 ,   74 507,74507.0,32.158052263545706
291465 ITABELA,315.0,18,333.0,291465,Itabela,  2 914 653 ,   28 165,28165.0,11.823184803834547
291470 ITABERABA,1264.0,156,1420.0,291470,Itaberaba,  2 914 703 ,   65 073,65073.0,21.821646458592657
291480 ITABUNA,4178.0,888,5066.0,291480,Itabuna,  2 914 802 ,   186 708,186708.0,27.13327763138162
291490 ITACARE,322.0,27,349.0,291490,Itacaré,  2 914 901 ,   27 704,27704.0,12.59745885070748
291500 ITAETE,172.0,3,175.0,291500,Itaeté,  2 915 007 ,   13 472,13472.0,12.989904988123515
291510 ITAGI,189.0,3,192.0,291510,Itagi,  2 915 106 ,   13 803,13803.0,13.910019560965008
291520 ITAGIBA,121.0,4,125.0,291520,Itagibá,  2 915 205 ,   15 310,15310.0,8.164598301763554
291530 ITAGIMIRIM,110.0,-,110.0,291530,Itagimirim,  2 915 304 ,   6 347,6347.0,17.33102253032929
291535 ITAGUACU DA BAHIA,278.0,-,278.0,291535,Itaguaçu da Bahia,  2 915 353 ,   12 311,12311.0,22.581431240354156
291540 ITAJU DO COLONIA,74.0,-,74.0,291540,Itaju do Colônia,  2 915 403 ,   6 037,6037.0,12.257743912539341
291550 ITAJUIPE,203.0,48,251.0,291550,Itajuípe,  2 915 502 ,   18 781,18781.0,13.364570576646612
291560 ITAMARAJU,602.0,67,669.0,291560,Itamaraju,  2 915 601 ,   59 605,59605.0,11.22389061320359
291570 ITAMARI,98.0,-,98.0,291570,Itamari,  2 915 700 ,   7 051,7051.0,13.898737767692525
291580 ITAMBE,290.0,31,321.0,291580,Itambé,  2 915 809 ,   24 394,24394.0,13.158973518078216
291590 ITANAGRA,141.0,-,141.0,291590,Itanagra,  2 915 908 ,   5 914,5914.0,23.841731484612783
291600 ITANHEM,256.0,15,271.0,291600,Itanhém,  2 916 005 ,   17 813,17813.0,15.213608039072588
291610 ITAPARICA,364.0,29,393.0,291610,Itaparica,  2 916 104 ,   19 789,19789.0,19.859517913992622
291620 ITAPE,113.0,9,122.0,291620,Itapé,  2 916 203 ,   10 341,10341.0,11.797698481771588
291630 ITAPEBI,111.0,1,112.0,291630,Itapebi,  2 916 302 ,   9 174,9174.0,12.208415086112927
291640 ITAPETINGA,1005.0,153,1158.0,291640,Itapetinga,  2 916 401 ,   65 897,65897.0,17.5728788867475
291650 ITAPICURU,466.0,-,466.0,291650,Itapicuru,  2 916 500 ,   31 679,31679.0,14.710060292307206
291660 ITAPITANGA,108.0,-,108.0,291660,Itapitanga,  2 916 609 ,   10 279,10279.0,10.50685864383695
291670 ITAQUARA,104.0,3,107.0,291670,Itaquara,  2 916 708 ,   8 153,8153.0,13.124003434318656
291680 ITARANTIM,279.0,7,286.0,291680,Itarantim,  2 916 807 ,   17 052,17052.0,16.772226131832042
291685 ITATIM,198.0,3,201.0,291685,Itatim,  2 916 856 ,   15 737,15737.0,12.772447099192984
291690 ITIRUCU,145.0,1,146.0,291690,Itiruçu,  2 916 906 ,   10 999,10999.0,13.273933993999453
291700 ITIUBA,340.0,15,355.0,291700,Itiúba,  2 917 003 ,   33 872,33872.0,10.48063297118564
291710 ITORORO,217.0,5,222.0,291710,Itororó,  2 917 102 ,   16 617,16617.0,13.35981224047662
291720 ITUACU,243.0,8,251.0,291720,Ituaçu,  2 917 201 ,   17 914,17914.0,14.011387741431284
291730 ITUBERA,253.0,107,360.0,291730,Ituberá,  2 917 300 ,   21 902,21902.0,16.436855081727696
291733 IUIU,159.0,3,162.0,291733,Iuiu,  2 917 334 ,   11 118,11118.0,14.57096600107933
291735 JABORANDI,167.0,2,169.0,291735,Jaborandi,  2 917 359 ,   9 275,9275.0,18.22102425876011
291740 JACARACI,230.0,6,236.0,291740,Jacaraci,  2 917 409 ,   14 436,14436.0,16.34801884178443
291750 JACOBINA,1390.0,329,1719.0,291750,Jacobina,  2 917 508 ,   82 590,82590.0,20.81365782782419
291760 JAGUAQUARA,606.0,79,685.0,291760,Jaguaquara,  2 917 607 ,   45 964,45964.0,14.902967539813767
291770 JAGUARARI,581.0,22,603.0,291770,Jaguarari,  2 917 706 ,   32 703,32703.0,18.43867535088524
291780 JAGUARIPE,152.0,-,152.0,291780,Jaguaripe,  2 917 805 ,   17 659,17659.0,8.607508918964834
291790 JANDAIRA,115.0,-,115.0,291790,Jandaíra,  2 917 904 ,   9 285,9285.0,12.385568120624663
291800 JEQUIE,3681.0,437,4118.0,291800,Jequié,  2 918 001 ,   158 813,158813.0,25.929867202307115
291810 JEREMOABO,482.0,33,515.0,291810,Jeremoabo,  2 918 100 ,   37 626,37626.0,13.687343857970552
291820 JIQUIRICA,174.0,11,185.0,291820,Jiquiriçá,  2 918 209 ,   13 629,13629.0,13.573996624844082
291830 JITAUNA,178.0,6,184.0,291830,Jitaúna,  2 918 308 ,   14 355,14355.0,12.81783350748868
291835 JOAO DOURADO,259.0,6,265.0,291835,João Dourado,  2 918 357 ,   24 854,24854.0,10.662267643035326
291840 JUAZEIRO,4148.0,432,4580.0,291840,Juazeiro,  2 918 407 ,   237 821,237821.0,19.258181573536397
291845 JUCURUCU,96.0,-,96.0,291845,Jucuruçu,  2 918 456 ,   9 655,9655.0,9.943034697048162
291850 JUSSARA,168.0,2,170.0,291850,Jussara,  2 918 506 ,   16 354,16354.0,10.395010395010395
291855 JUSSARI,92.0,-,92.0,291855,Jussari,  2 918 555 ,   5 888,5888.0,15.625
291860 JUSSIAPE,129.0,8,137.0,291860,Jussiape,  2 918 605 ,   7 379,7379.0,18.566201382301127
291870 LAFAIETE COUTINHO,62.0,-,62.0,291870,Lafaiete Coutinho,  2 918 704 ,   4 075,4075.0,15.214723926380367
291875 LAGOA REAL,152.0,2,154.0,291875,Lagoa Real,  2 918 753 ,   14 105,14105.0,10.918114143920596
291880 LAJE,425.0,27,452.0,291880,Laje,  2 918 803 ,   21 052,21052.0,21.47064411932358
291890 LAJEDAO,86.0,1,87.0,291890,Lajedão,  2 918 902 ,   3 845,3845.0,22.626788036410925
291900 LAJEDINHO,41.0,-,41.0,291900,Lajedinho,  2 919 009 ,   3 527,3527.0,11.624610150269351
291905 LAJEDO DO TABOCAL,78.0,-,78.0,291905,Lajedo do Tabocal,  2 919 058 ,   7 494,7494.0,10.408326661329063
291910 LAMARAO,121.0,-,121.0,291910,Lamarão,  2 919 108 ,   9 015,9015.0,13.422074320576815
291915 LAPAO,285.0,6,291.0,291915,Lapão,  2 919 157 ,   25 736,25736.0,11.307118433322971
291920 LAURO DE FREITAS,3697.0,988,4685.0,291920,Lauro de Freitas,  2 919 207 ,   203 331,203331.0,23.041248014321475
291930 LENCOIS,154.0,-,154.0,291930,Lençóis,  2 919 306 ,   10 774,10774.0,14.293669946166697
291940 LICINIO DE ALMEIDA,136.0,5,141.0,291940,Licínio de Almeida,  2 919 405 ,   11 834,11834.0,11.914821700185906
291950 LIVRAMENTO DE NOSSA SENHORA,517.0,101,618.0,291950,Livramento de Nossa Senhora,  2 919 504 ,   43 903,43903.0,14.076486800446439
291955 LUIS EDUARDO MAGALHAES,1292.0,322,1614.0,291955,Luís Eduardo Magalhães,  2 919 553 ,   107 909,107909.0,14.957047141572993
291960 MACAJUBA,177.0,2,179.0,291960,Macajuba,  2 919 603 ,   10 454,10454.0,17.12263248517314
291970 MACARANI,201.0,13,214.0,291970,Macarani,  2 919 702 ,   21 599,21599.0,9.907866104912264
291980 MACAUBAS,685.0,73,758.0,291980,Macaúbas,  2 919 801 ,   41 859,41859.0,18.108411572182803
291990 MACURURE,148.0,-,148.0,291990,Macururé,  2 919 900 ,   7 256,7256.0,20.39691289966924
291992 MADRE DE DEUS,532.0,31,563.0,291992,Madre de Deus,  2 919 926 ,   18 504,18504.0,30.425853869433634
291995 MAETINGA,154.0,-,154.0,291995,Maetinga,  2 919 959 ,   6 973,6973.0,22.085185716334433
292000 MAIQUINIQUE,138.0,3,141.0,292000,Maiquinique,  2 920 007 ,   8 731,8731.0,16.1493528805406
292010 MAIRI,349.0,-,349.0,292010,Mairi,  2 920 106 ,   17 674,17674.0,19.746520312323188
292020 MALHADA,182.0,4,186.0,292020,Malhada,  2 920 205 ,   15 398,15398.0,12.079490842966619
292030 MALHADA DE PEDRAS,96.0,-,96.0,292030,Malhada de Pedras,  2 920 304 ,   8 670,8670.0,11.07266435986159
292040 MANOEL VITORINO,128.0,-,128.0,292040,Manoel Vitorino,  2 920 403 ,   13 860,13860.0,9.235209235209235
292045 MANSIDAO,129.0,-,129.0,292045,Mansidão,  2 920 452 ,   13 919,13919.0,9.267907177239744
292050 MARACAS,328.0,109,437.0,292050,Maracás,  2 920 502 ,   27 620,27620.0,15.821868211440986
292060 MARAGOGIPE,408.0,32,440.0,292060,Maragogipe,  2 920 601 ,   35 859,35859.0,12.270280822108814
292070 MARAU,161.0,2,163.0,292070,Maraú,  2 920 700 ,   24 527,24527.0,6.645737350674767
292080 MARCIONILIO SOUZA,154.0,3,157.0,292080,Marcionílio Souza,  2 920 809 ,   9 267,9267.0,16.94183662458185
292090 MASCOTE,191.0,-,191.0,292090,Mascote,  2 920 908 ,   13 544,13544.0,14.102185469580625
292100 MATA DE SAO JOAO,484.0,86,570.0,292100,Mata de São João,  2 921 005 ,   42 566,42566.0,13.39096931823521
292105 MATINA,143.0,26,169.0,292105,Matina,  2 921 054 ,   10 330,10330.0,16.360116166505325
292110 MEDEIROS NETO,286.0,17,303.0,292110,Medeiros Neto,  2 921 104 ,   22 194,22194.0,13.652338469856717
292120 MIGUEL CALMON,358.0,28,386.0,292120,Miguel Calmon,  2 921 203 ,   24 661,24661.0,15.652244434532257
292130 MILAGRES,149.0,1,150.0,292130,Milagres,  2 921 302 ,   11 071,11071.0,13.548911570770482
292140 MIRANGABA,173.0,2,175.0,292140,Mirangaba,  2 921 401 ,   15 734,15734.0,11.122410067370026
292145 MIRANTE,139.0,2,141.0,292145,Mirante,  2 921 450 ,   10 187,10187.0,13.841170118778836
292150 MONTE SANTO,455.0,6,461.0,292150,Monte Santo,  2 921 500 ,   47 780,47780.0,9.648388447048974
292160 MORPARA,128.0,1,129.0,292160,Morpará,  2 921 609 ,   7 996,7996.0,16.133066533266632
292170 MORRO DO CHAPEU,504.0,9,513.0,292170,Morro do Chapéu,  2 921 708 ,   33 594,33594.0,15.270584032863011
292180 MORTUGABA,144.0,18,162.0,292180,Mortugaba,  2 921 807 ,   11 143,11143.0,14.538275150318585
292190 MUCUGE,272.0,8,280.0,292190,Mucugê,  2 921 906 ,   12 137,12137.0,23.069951388316717
292200 MUCURI,536.0,86,622.0,292200,Mucuri,  2 922 003 ,   37 977,37977.0,16.378334254943784
292205 MULUNGU DO MORRO,199.0,2,201.0,292205,Mulungu do Morro,  2 922 052 ,   13 152,13152.0,15.282846715328468
292210 MUNDO NOVO,239.0,2,241.0,292210,Mundo Novo,  2 922 102 ,   17 305,17305.0,13.926610806125398
292220 MUNIZ FERREIRA,122.0,-,122.0,292220,Muniz Ferreira,  2 922 201 ,   7 190,7190.0,16.968011126564672
292225 MUQUEM DE SAO FRANCISCO,87.0,-,87.0,292225,Muquém do São Francisco,  2 922 250 ,   10 443,10443.0,8.330939385234128
292230 MURITIBA,298.0,26,324.0,292230,Muritiba,  2 922 300 ,   28 707,28707.0,11.286445814609678
292240 MUTUIPE,286.0,16,302.0,292240,Mutuípe,  2 922 409 ,   20 037,20037.0,15.07211658431901
292250 NAZARE,360.0,72,432.0,292250,Nazaré,  2 922 508 ,   27 060,27060.0,15.964523281596453
292260 NILO PECANHA,118.0,-,118.0,292260,Nilo Peçanha,  2 922 607 ,   12 063,12063.0,9.781977949100556
292265 NORDESTINA,259.0,-,259.0,292265,Nordestina,  2 922 656 ,   18 523,18523.0,13.982616206877935
292270 NOVA CANAA,213.0,3,216.0,292270,Nova Canaã,  2 922 706 ,   13 715,13715.0,15.749179730222384
292273 NOVA FATIMA,81.0,11,92.0,292273,Nova Fátima,  2 922 730 ,   7 967,7967.0,11.547633990209613
292275 NOVA IBIA,77.0,2,79.0,292275,Nova Ibiá,  2 922 755 ,   6 501,6501.0,12.151976618981696
292280 NOVA ITARANA,134.0,-,134.0,292280,Nova Itarana,  2 922 805 ,   7 780,7780.0,17.223650385604113
292285 NOVA REDENCAO,120.0,-,120.0,292285,Nova Redenção,  2 922 854 ,   7 538,7538.0,15.919342000530644
292290 NOVA SOURE,274.0,5,279.0,292290,Nova Soure,  2 922 904 ,   24 236,24236.0,11.511800627166199
292300 NOVA VICOSA,335.0,30,365.0,292300,Nova Viçosa,  2 923 001 ,   39 509,39509.0,9.238401376901464
292303 NOVO HORIZONTE,144.0,4,148.0,292303,Novo Horizonte,  2 923 035 ,   11 162,11162.0,13.259272531804335
292305 NOVO TRIUNFO,177.0,7,184.0,292305,Novo Triunfo,  2 923 050 ,   10 660,10660.0,17.26078799249531
292310 OLINDINA,243.0,12,255.0,292310,Olindina,  2 923 100 ,   22 633,22633.0,11.266734414350726
292320 OLIVEIRA DOS BREJINHOS,361.0,11,372.0,292320,Oliveira dos Brejinhos,  2 923 209 ,   20 715,20715.0,17.95800144822592
292330 OURICANGAS,112.0,-,112.0,292330,Ouriçangas,  2 923 308 ,   7 716,7716.0,14.515292897874547
292335 OUROLANDIA,237.0,17,254.0,292335,Ourolândia,  2 923 357 ,   19 243,19243.0,13.199605051187445
292340 PALMAS DE MONTE ALTO,197.0,8,205.0,292340,Palmas de Monte Alto,  2 923 407 ,   20 078,20078.0,10.210180296842315
292350 PALMEIRAS,110.0,8,118.0,292350,Palmeiras,  2 923 506 ,   10 339,10339.0,11.413096044104845
292360 PARAMIRIM,469.0,96,565.0,292360,Paramirim,  2 923 605 ,   20 351,20351.0,27.762763500565082
292370 PARATINGA,343.0,4,347.0,292370,Paratinga,  2 923 704 ,   29 252,29252.0,11.862436756461097
292380 PARIPIRANGA,251.0,75,326.0,292380,Paripiranga,  2 923 803 ,   26 604,26604.0,12.253796421590739
292390 PAU BRASIL,188.0,-,188.0,292390,Pau Brasil,  2 923 902 ,   9 370,9370.0,20.064034151547492
292400 PAULO AFONSO,1652.0,536,2188.0,292400,Paulo Afonso,  2 924 009 ,   112 870,112870.0,19.385133339239832
292405 PE DE SERRA,200.0,4,204.0,292405,Pé de Serra,  2 924 058 ,   13 243,13243.0,15.404364569961489
292410 PEDRAO,101.0,5,106.0,292410,Pedrão,  2 924 108 ,   6 235,6235.0,17.000801924619086
292420 PEDRO ALEXANDRE,167.0,3,170.0,292420,Pedro Alexandre,  2 924 207 ,   13 954,13954.0,12.182886627490326
292430 PIATA,320.0,14,334.0,292430,Piatã,  2 924 306 ,   20 086,20086.0,16.62849746091805
292440 PILAO ARCADO,284.0,8,292.0,292440,Pilão Arcado,  2 924 405 ,   35 357,35357.0,8.25861922674435
292450 PINDAI,165.0,5,170.0,292450,Pindaí,  2 924 504 ,   14 731,14731.0,11.540289186070193
292460 PINDOBACU,339.0,4,343.0,292460,Pindobaçu,  2 924 603 ,   19 083,19083.0,17.974113084944715
292465 PINTADAS,149.0,4,153.0,292465,Pintadas,  2 924 652 ,   10 325,10325.0,14.818401937046005
292467 PIRAI DO NORTE,96.0,1,97.0,292467,Piraí do Norte,  2 924 678 ,   10 974,10974.0,8.839074175323493
292470 PIRIPA,168.0,7,175.0,292470,Piripá,  2 924 702 ,   9 152,9152.0,19.121503496503497
292480 PIRITIBA,216.0,10,226.0,292480,Piritiba,  2 924 801 ,   17 566,17566.0,12.865763406580895
292490 PLANALTINO,154.0,2,156.0,292490,Planaltino,  2 924 900 ,   8 022,8022.0,19.44652206432311
292500 PLANALTO,332.0,40,372.0,292500,Planalto,  2 925 006 ,   23 334,23334.0,15.942401645667267
292510 POCOES,503.0,184,687.0,292510,Poções,  2 925 105 ,   48 293,48293.0,14.225664174932184
292520 POJUCA,438.0,71,509.0,292520,Pojuca,  2 925 204 ,   32 136,32136.0,15.838934528254917
292525 PONTO NOVO,282.0,2,284.0,292525,Ponto Novo,  2 925 253 ,   17 938,17938.0,15.832311294458691
292530 PORTO SEGURO,2349.0,954,3303.0,292530,Porto Seguro,  2 925 303 ,   168 326,168326.0,19.622637025771418
292540 POTIRAGUA,100.0,-,100.0,292540,Potiraguá,  2 925 402 ,   10 274,10274.0,9.733307377846991
292550 PRADO,424.0,16,440.0,292550,Prado,  2 925 501 ,   35 003,35003.0,12.570351112761763
292560 PRESIDENTE DUTRA,177.0,1,178.0,292560,Presidente Dutra,  2 925 600 ,   15 130,15130.0,11.76470588235294
292570 PRESIDENTE JANIO QUADROS,184.0,5,189.0,292570,Presidente Jânio Quadros,  2 925 709 ,   12 621,12621.0,14.975041597337771
292575 PRESIDENTE TANCREDO NEVES,223.0,41,264.0,292575,Presidente Tancredo Neves,  2 925 758 ,   27 734,27734.0,9.519001947068581
292580 QUEIMADAS,235.0,6,241.0,292580,Queimadas,  2 925 808 ,   25 988,25988.0,9.273510851162076
292590 QUIJINGUE,215.0,-,215.0,292590,Quijingue,  2 925 907 ,   25 272,25272.0,8.507439062994619
292593 QUIXABEIRA,101.0,8,109.0,292593,Quixabeira,  2 925 931 ,   9 461,9461.0,11.520980868829934
292595 RAFAEL JAMBEIRO,265.0,-,265.0,292595,Rafael Jambeiro,  2 925 956 ,   19 662,19662.0,13.477774387142711
292600 REMANSO,616.0,31,647.0,292600,Remanso,  2 926 004 ,   40 586,40586.0,15.94145764549352
292610 RETIROLANDIA,179.0,5,184.0,292610,Retirolândia,  2 926 103 ,   13 651,13651.0,13.478866017141602
292620 RIACHAO DAS NEVES,219.0,-,219.0,292620,Riachão das Neves,  2 926 202 ,   21 642,21642.0,10.119212642084836
292630 RIACHAO DO JACUIPE,336.0,35,371.0,292630,Riachão do Jacuípe,  2 926 301 ,   33 386,33386.0,11.11244234110106
292640 RIACHO DE SANTANA,400.0,12,412.0,292640,Riacho de Santana,  2 926 400 ,   30 711,30711.0,13.415388622968969
292650 RIBEIRA DO AMPARO,124.0,-,124.0,292650,Ribeira do Amparo,  2 926 509 ,   13 841,13841.0,8.958890253594392
292660 RIBEIRA DO POMBAL,1098.0,115,1213.0,292660,Ribeira do Pombal,  2 926 608 ,   54 010,54010.0,22.45880392519904
292665 RIBEIRAO DO LARGO,103.0,-,103.0,292665,Ribeirão do Largo,  2 926 657 ,   9 740,9740.0,10.574948665297741
292670 RIO DE CONTAS,216.0,3,219.0,292670,Rio de Contas,  2 926 707 ,   13 184,13184.0,16.61104368932039
292680 RIO DO ANTONIO,166.0,1,167.0,292680,Rio do Antônio,  2 926 806 ,   13 146,13146.0,12.703483949490339
292690 RIO DO PIRES,188.0,3,191.0,292690,Rio do Pires,  2 926 905 ,   10 497,10497.0,18.195674954748977
292700 RIO REAL,429.0,16,445.0,292700,Rio Real,  2 927 002 ,   35 362,35362.0,12.584129856908545
292710 RODELAS,235.0,10,245.0,292710,Rodelas,  2 927 101 ,   10 308,10308.0,23.767947225455956
292720 RUY BARBOSA,431.0,24,455.0,292720,Ruy Barbosa,  2 927 200 ,   28 282,28282.0,16.08797114772647
292730 SALINAS DA MARGARIDA,153.0,7,160.0,292730,Salinas da Margarida,  2 927 309 ,   14 987,14987.0,10.67591912991259
292740 SALVADOR,56663.0,11796,68459.0,292740,Salvador,  2 927 408 ,  2 417 678,2417678.0,28.316012306022557
292750 SANTA BARBARA,193.0,20,213.0,292750,Santa Bárbara,  2 927 507 ,   20 952,20952.0,10.166093928980528
292760 SANTA BRIGIDA,208.0,3,211.0,292760,Santa Brígida,  2 927 606 ,   14 965,14965.0,14.099565653190778
292770 SANTA CRUZ CABRALIA,353.0,14,367.0,292770,Santa Cruz Cabrália,  2 927 705 ,   29 185,29185.0,12.574952886756895
292780 SANTA CRUZ DA VITORIA,76.0,-,76.0,292780,Santa Cruz da Vitória,  2 927 804 ,   4 681,4681.0,16.235847041230507
292790 SANTA INES,163.0,5,168.0,292790,Santa Inês,  2 927 903 ,   10 300,10300.0,16.310679611650485
292800 SANTALUZ,485.0,45,530.0,292800,Santaluz,  2 928 000 ,   37 834,37834.0,14.008563725749324
292805 SANTA LUZIA,136.0,-,136.0,292805,Santa Luzia,  2 928 059 ,   13 896,13896.0,9.78698906160046
292810 SANTA MARIA DA VITORIA,606.0,54,660.0,292810,Santa Maria da Vitória,  2 928 109 ,   38 604,38604.0,17.09667391980106
292820 SANTANA,237.0,3,240.0,292820,Santana,  2 928 208 ,   24 755,24755.0,9.695011108866897
292830 SANTANOPOLIS,125.0,-,125.0,292830,Santanópolis,  2 928 307 ,   8 716,8716.0,14.341441027994492
292840 SANTA RITA DE CASSIA,314.0,2,316.0,292840,Santa Rita de Cássia,  2 928 406 ,   27 390,27390.0,11.53705732018985
292850 SANTA TERESINHA,188.0,4,192.0,292850,Santa Terezinha,  2 928 505 ,   10 441,10441.0,18.389043195096257
292860 SANTO AMARO,479.0,56,535.0,292860,Santo Amaro,  2 928 604 ,   56 012,56012.0,9.551524673284296
292870 SANTO ANTONIO DE JESUS,2553.0,1161,3714.0,292870,Santo Antônio de Jesus,  2 928 703 ,   103 055,103055.0,36.039008296540686
292880 SANTO ESTEVAO,456.0,94,550.0,292880,Santo Estêvão,  2 928 802 ,   52 276,52276.0,10.521080419312877
292890 SAO DESIDERIO,415.0,19,434.0,292890,São Desidério,  2 928 901 ,   32 828,32828.0,13.22042159132448
292895 SAO DOMINGOS,140.0,3,143.0,292895,São Domingos,  2 928 950 ,   8 426,8426.0,16.971279373368148
292900 SAO FELIX,233.0,-,233.0,292900,São Félix,  2 929 008 ,   11 026,11026.0,21.131870125158716
292905 SAO FELIX DO CORIBE,192.0,2,194.0,292905,São Félix do Coribe,  2 929 057 ,   15 194,15194.0,12.768197972884034
292910 SAO FELIPE,266.0,28,294.0,292910,São Felipe,  2 929 107 ,   20 283,20283.0,14.494897204555539
292920 SAO FRANCISCO DO CONDE,956.0,23,979.0,292920,São Francisco do Conde,  2 929 206 ,   38 733,38733.0,25.275604781452508
292925 SAO GABRIEL,160.0,2,162.0,292925,São Gabriel,  2 929 255 ,   18 600,18600.0,8.709677419354838
292930 SAO GONCALO DOS CAMPOS,281.0,15,296.0,292930,São Gonçalo dos Campos,  2 929 305 ,   39 513,39513.0,7.491205426062309
292935 SAO JOSE DA VITORIA,88.0,-,88.0,292935,São José da Vitória,  2 929 354 ,   5 315,5315.0,16.556914393226716
292937 SAO JOSE DO JACUIPE,100.0,-,100.0,292937,São José do Jacuípe,  2 929 370 ,   10 187,10187.0,9.816432708353783
292940 SAO MIGUEL DAS MATAS,164.0,-,164.0,292940,São Miguel das Matas,  2 929 404 ,   10 334,10334.0,15.869943874588735
292950 SAO SEBASTIAO DO PASSE,441.0,44,485.0,292950,São Sebastião do Passé,  2 929 503 ,   40 958,40958.0,11.841398505786415
292960 SAPEACU,398.0,4,402.0,292960,Sapeaçu,  2 929 602 ,   17 963,17963.0,22.379335300339587
292970 SATIRO DIAS,232.0,1,233.0,292970,Sátiro Dias,  2 929 701 ,   16 008,16008.0,14.555222388805596
292975 SAUBARA,160.0,-,160.0,292975,Saubara,  2 929 750 ,   11 438,11438.0,13.988459520895262
292980 SAUDE,126.0,1,127.0,292980,Saúde,  2 929 800 ,   10 478,10478.0,12.12063370872304
292990 SEABRA,859.0,168,1027.0,292990,Seabra,  2 929 909 ,   46 160,46160.0,22.248700173310226
293000 SEBASTIAO LARANJEIRAS,199.0,2,201.0,293000,Sebastião Laranjeiras,  2 930 006 ,   9 360,9360.0,21.474358974358974
293010 SENHOR DO BONFIM,1070.0,249,1319.0,293010,Senhor do Bonfim,  2 930 105 ,   74 523,74523.0,17.699233793593926
293015 SERRA DO RAMALHO,299.0,11,310.0,293015,Serra do Ramalho,  2 930 154 ,   34 222,34222.0,9.058500379872596
293020 SENTO SE,327.0,2,329.0,293020,Sento Sé,  2 930 204 ,   38 154,38154.0,8.62294910101169
293030 SERRA DOURADA,299.0,10,309.0,293030,Serra Dourada,  2 930 303 ,   17 066,17066.0,18.10617602250088
293040 SERRA PRETA,145.0,1,146.0,293040,Serra Preta,  2 930 402 ,   17 996,17996.0,8.11291398088464
293050 SERRINHA,1053.0,293,1346.0,293050,Serrinha,  2 930 501 ,   80 435,80435.0,16.73400882700317
293060 SERROLANDIA,182.0,6,188.0,293060,Serrolândia,  2 930 600 ,   13 335,13335.0,14.098237720284965
293070 SIMOES FILHO,1195.0,135,1330.0,293070,Simões Filho,  2 930 709 ,   114 559,114559.0,11.609738213496975
293075 SITIO DO MATO,114.0,-,114.0,293075,Sítio do Mato,  2 930 758 ,   13 408,13408.0,8.502386634844868
293076 SITIO DO QUINTO,118.0,2,120.0,293076,Sítio do Quinto,  2 930 766 ,   14 773,14773.0,8.122926961348407
293077 SOBRADINHO,303.0,6,309.0,293077,Sobradinho,  2 930 774 ,   25 475,25475.0,12.12953876349362
293080 SOUTO SOARES,171.0,-,171.0,293080,Souto Soares,  2 930 808 ,   17 054,17054.0,10.026973144130409
293090 TABOCAS DO BREJO VELHO,178.0,-,178.0,293090,Tabocas do Brejo Velho,  2 930 907 ,   11 979,11979.0,14.85933717338676
293100 TANHACU,266.0,7,273.0,293100,Tanhaçu,  2 931 004 ,   21 006,21006.0,12.996286775207084
293105 TANQUE NOVO,325.0,14,339.0,293105,Tanque Novo,  2 931 053 ,   17 158,17158.0,19.75754749970859
293110 TANQUINHO,82.0,3,85.0,293110,Tanquinho,  2 931 103 ,   7 717,7717.0,11.014642995982895
293120 TAPEROA,179.0,-,179.0,293120,Taperoá,  2 931 202 ,   18 044,18044.0,9.92019507869652
293130 TAPIRAMUTA,225.0,3,228.0,293130,Tapiramutá,  2 931 301 ,   15 818,15818.0,14.413958781135417
293135 TEIXEIRA DE FREITAS,2681.0,433,3114.0,293135,Teixeira de Freitas,  2 931 350 ,   145 216,145216.0,21.44391802556192
293140 TEODORO SAMPAIO,138.0,11,149.0,293140,Teodoro Sampaio,  2 931 400 ,   7 110,7110.0,20.956399437412095
293150 TEOFILANDIA,234.0,27,261.0,293150,Teofilândia,  2 931 509 ,   21 176,21176.0,12.325273894975444
293160 TEOLANDIA,179.0,6,185.0,293160,Teolândia,  2 931 608 ,   15 332,15332.0,12.066266631881033
293170 TERRA NOVA,184.0,3,187.0,293170,Terra Nova,  2 931 707 ,   10 798,10798.0,17.31802185589924
293180 TREMEDAL,247.0,9,256.0,293180,Tremedal,  2 931 806 ,   16 296,16296.0,15.709376534118801
293190 TUCANO,601.0,11,612.0,293190,Tucano,  2 931 905 ,   48 736,48736.0,12.557452396585687
293200 UAUA,344.0,25,369.0,293200,Uauá,  2 932 002 ,   24 665,24665.0,14.960470302047435
293210 UBAIRA,200.0,10,210.0,293210,Ubaíra,  2 932 101 ,   18 626,18626.0,11.27456243960056
293220 UBAITABA,161.0,7,168.0,293220,Ubaitaba,  2 932 200 ,   17 596,17596.0,9.547624460104569
293230 UBATA,185.0,17,202.0,293230,Ubatã,  2 932 309 ,   16 094,16094.0,12.551261339629676
293240 UIBAI,135.0,1,136.0,293240,Uibaí,  2 932 408 ,   13 432,13432.0,10.12507444907683
293245 UMBURANAS,181.0,-,181.0,293245,Umburanas,  2 932 457 ,   13 642,13642.0,13.267849288960564
293250 UNA,297.0,13,310.0,293250,Una,  2 932 507 ,   18 131,18131.0,17.097788318349785
293260 URANDI,199.0,10,209.0,293260,Urandi,  2 932 606 ,   15 355,15355.0,13.611201563008793
293270 URUCUCA,204.0,4,208.0,293270,Uruçuca,  2 932 705 ,   21 420,21420.0,9.710550887021476
293280 UTINGA,214.0,6,220.0,293280,Utinga,  2 932 804 ,   16 277,16277.0,13.516004177674018
293290 VALENCA,1014.0,233,1247.0,293290,Valença,  2 932 903 ,   85 655,85655.0,14.558402895335941
293300 VALENTE,278.0,10,288.0,293300,Valente,  2 933 000 ,   24 362,24362.0,11.82168951646006
293305 VARZEA DA ROCA,156.0,-,156.0,293305,Várzea da Roça,  2 933 059 ,   13 800,13800.0,11.304347826086957
293310 VARZEA DO POCO,64.0,-,64.0,293310,Várzea do Poço,  2 933 109 ,   8 101,8101.0,7.900259227255894
293315 VARZEA NOVA,123.0,7,130.0,293315,Várzea Nova,  2 933 158 ,   13 377,13377.0,9.718172983479105
293317 VARZEDO,91.0,-,91.0,293317,Varzedo,  2 933 174 ,   9 913,9913.0,9.179864823968526
293320 VERA CRUZ,328.0,22,350.0,293320,Vera Cruz,  2 933 208 ,   42 529,42529.0,8.229678572268334
293325 VEREDA,115.0,1,116.0,293325,Vereda,  2 933 257 ,   6 003,6003.0,19.32367149758454
293330 VITORIA DA CONQUISTA,6310.0,1880,8190.0,293330,Vitória da Conquista,  2 933 307 ,   370 879,370879.0,22.082673863982595
293340 WAGNER,110.0,3,113.0,293340,Wagner,  2 933 406 ,   9 503,9503.0,11.890981795222562
293345 WANDERLEY,160.0,6,166.0,293345,Wanderley,  2 933 455 ,   12 968,12968.0,12.800740283775447
293350 WENCESLAU GUIMARAES,252.0,14,266.0,293350,Wenceslau Guimarães,  2 933 505 ,   24 474,24474.0,10.868676963308
293360 XIQUE-XIQUE,506.0,41,547.0,293360,Xique-Xique,  2 933 604 ,   44 757,44757.0,12.221551936010009
310010 ABADIA DOS DOURADOS,100.0,7,107.0,310010,Abadia dos Dourados,  3 100 104 ,   6 272,6272.0,17.059948979591837
310020 ABAETE,382.0,59,441.0,310020,Abaeté,  3 100 203 ,   22 675,22675.0,19.448732083792724
310030 ABRE CAMPO,214.0,67,281.0,310030,Abre Campo,  3 100 302 ,   13 927,13927.0,20.176635312701947
310040 ACAIACA,74.0,4,78.0,310040,Acaiaca,  3 100 401 ,   3 909,3909.0,19.953952417498083
310050 ACUCENA,141.0,1,142.0,310050,Açucena,  3 100 500 ,   8 943,8943.0,15.878340601587833
310060 AGUA BOA,170.0,22,192.0,310060,Água Boa,  3 100 609 ,   12 589,12589.0,15.251409961077131
310070 AGUA COMPRIDA,58.0,-,58.0,310070,Água Comprida,  3 100 708 ,   2 108,2108.0,27.514231499051235
310080 AGUANIL,61.0,4,65.0,310080,Aguanil,  3 100 807 ,   4 357,4357.0,14.918521918751434
310090 AGUAS FORMOSAS,381.0,24,405.0,310090,Águas Formosas,  3 100 906 ,   18 448,18448.0,21.953599306157848
310100 AGUAS VERMELHAS,221.0,6,227.0,310100,Águas Vermelhas,  3 101 003 ,   14 037,14037.0,16.171546626772102
310110 AIMORES,410.0,33,443.0,310110,Aimorés,  3 101 102 ,   25 269,25269.0,17.531362539079506
310120 AIURUOCA,222.0,6,228.0,310120,Aiuruoca,  3 101 201 ,   6 233,6233.0,36.579496229744905
310130 ALAGOA,73.0,1,74.0,310130,Alagoa,  3 101 300 ,   2 749,2749.0,26.91887959257912
310140 ALBERTINA,78.0,-,78.0,310140,Albertina,  3 101 409 ,   2 952,2952.0,26.42276422764228
310150 ALEM PARAIBA,633.0,113,746.0,310150,Além Paraíba,  3 101 508 ,   30 717,30717.0,24.28622586841163
310160 ALFENAS,2394.0,383,2777.0,310160,Alfenas,  3 101 607 ,   78 970,78970.0,35.165252627580095
310163 ALFREDO VASCONCELOS,87.0,2,89.0,310163,Alfredo Vasconcelos,  3 101 631 ,   6 931,6931.0,12.840859904775646
310170 ALMENARA,622.0,38,660.0,310170,Almenara,  3 101 706 ,   40 364,40364.0,16.351204043206817
310180 ALPERCATA,73.0,2,75.0,310180,Alpercata,  3 101 805 ,   6 903,6903.0,10.864841373315949
310190 ALPINOPOLIS,326.0,64,390.0,310190,Alpinópolis,  3 101 904 ,   18 300,18300.0,21.311475409836063
310200 ALTEROSA,198.0,81,279.0,310200,Alterosa,  3 102 001 ,   13 915,13915.0,20.050305425799497
310205 ALTO CAPARAO,88.0,6,94.0,310205,Alto Caparaó,  3 102 050 ,   5 795,5795.0,16.22088006902502
310210 ALTO RIO DOCE,162.0,58,220.0,310210,Alto Rio Doce,  3 102 100 ,   10 891,10891.0,20.200165274079517
310220 ALVARENGA,100.0,3,103.0,310220,Alvarenga,  3 102 209 ,   3 975,3975.0,25.91194968553459
310230 ALVINOPOLIS,205.0,20,225.0,310230,Alvinópolis,  3 102 308 ,   15 059,15059.0,14.941231157447374
310240 ALVORADA DE MINAS,113.0,4,117.0,310240,Alvorada de Minas,  3 102 407 ,   4 159,4159.0,28.131762442894928
310250 AMPARO DO SERRA,60.0,2,62.0,310250,Amparo do Serra,  3 102 506 ,   4 541,4541.0,13.653380312706453
310260 ANDRADAS,502.0,203,705.0,310260,Andradas,  3 102 605 ,   40 553,40553.0,17.384657115379873
310270 CACHOEIRA DE PAJEU,156.0,2,158.0,310270,Cachoeira de Pajeú,  3 102 704 ,   9 110,9110.0,17.34357848518112
310280 ANDRELANDIA,183.0,89,272.0,310280,Andrelândia,  3 102 803 ,   11 927,11927.0,22.80539951370839
310285 ANGELANDIA,119.0,5,124.0,310285,Angelândia,  3 102 852 ,   7 718,7718.0,16.066338429644986
310290 ANTONIO CARLOS,254.0,21,275.0,310290,Antônio Carlos,  3 102 902 ,   11 095,11095.0,24.785939612438035
310300 ANTONIO DIAS,144.0,5,149.0,310300,Antônio Dias,  3 103 009 ,   9 219,9219.0,16.162273565462634
310310 ANTONIO PRADO DE MINAS,63.0,-,63.0,310310,Antônio Prado de Minas,  3 103 108 ,   1 538,1538.0,40.96228868660598
310320 ARACAI,76.0,-,76.0,310320,Araçaí,  3 103 207 ,   2 181,2181.0,34.84640073360844
310330 ARACITABA,49.0,-,49.0,310330,Aracitaba,  3 103 306 ,   2 049,2049.0,23.914104441190826
310340 ARACUAI,609.0,42,651.0,310340,Araçuaí,  3 103 405 ,   34 297,34297.0,18.981252004548505
310350 ARAGUARI,3206.0,788,3994.0,310350,Araguari,  3 103 504 ,   117 808,117808.0,33.902621214179
310360 ARANTINA,78.0,15,93.0,310360,Arantina,  3 103 603 ,   2 915,2915.0,31.903945111492284
310370 ARAPONGA,129.0,2,131.0,310370,Araponga,  3 103 702 ,   8 048,8048.0,16.277335984095426
310375 ARAPORA,213.0,9,222.0,310375,Araporã,  3 103 751 ,   8 479,8479.0,26.18233282226678
310380 ARAPUA,71.0,-,71.0,310380,Arapuá,  3 103 801 ,   2 631,2631.0,26.985936906119345
310390 ARAUJOS,112.0,7,119.0,310390,Araújos,  3 103 900 ,   9 199,9199.0,12.9361887161648
310400 ARAXA,1835.0,639,2474.0,310400,Araxá,  3 104 007 ,   111 691,111691.0,22.150397077651736
310410 ARCEBURGO,148.0,10,158.0,310410,Arceburgo,  3 104 106 ,   9 177,9177.0,17.216955432058406
310420 ARCOS,529.0,127,656.0,310420,Arcos,  3 104 205 ,   41 416,41416.0,15.839289163608269
310430 AREADO,201.0,61,262.0,310430,Areado,  3 104 304 ,   13 881,13881.0,18.874720841437938
310440 ARGIRITA,50.0,-,50.0,310440,Argirita,  3 104 403 ,   2 688,2688.0,18.601190476190474
310445 ARICANDUVA,79.0,6,85.0,310445,Aricanduva,  3 104 452 ,   4 719,4719.0,18.012290739563465
310450 ARINOS,351.0,82,433.0,310450,Arinos,  3 104 502 ,   17 272,17272.0,25.069476609541457
310460 ASTOLFO DUTRA,157.0,35,192.0,310460,Astolfo Dutra,  3 104 601 ,   14 138,14138.0,13.580421558919225
310470 ATALEIA,182.0,4,186.0,310470,Ataléia,  3 104 700 ,   13 736,13736.0,13.541059988351776
310480 AUGUSTO DE LIMA,92.0,16,108.0,310480,Augusto de Lima,  3 104 809 ,   4 538,4538.0,23.79903040987219
310490 BAEPENDI,448.0,40,488.0,310490,Baependi,  3 104 908 ,   18 366,18366.0,26.570837416966132
310500 BALDIM,117.0,14,131.0,310500,Baldim,  3 105 004 ,   7 492,7492.0,17.485317672183662
310510 BAMBUI,467.0,236,703.0,310510,Bambuí,  3 105 103 ,   23 546,23546.0,29.856451201902658
310520 BANDEIRA,66.0,13,79.0,310520,Bandeira,  3 105 202 ,   4 741,4741.0,16.663151233916892
310530 BANDEIRA DO SUL,87.0,7,94.0,310530,Bandeira do Sul,  3 105 301 ,   5 943,5943.0,15.816927477704864
310540 BARAO DE COCAIS,515.0,368,883.0,310540,Barão de Cocais,  3 105 400 ,   30 778,30778.0,28.689323542790305
310550 BARAO DE MONTE ALTO,93.0,1,94.0,310550,Barão de Monte Alto,  3 105 509 ,   4 964,4964.0,18.93634165995165
310560 BARBACENA,4071.0,1102,5173.0,310560,Barbacena,  3 105 608 ,   125 317,125317.0,41.27931565549766
310570 BARRA LONGA,76.0,-,76.0,310570,Barra Longa,  3 105 707 ,   5 666,5666.0,13.413342746205435
310590 BARROSO,503.0,42,545.0,310590,Barroso,  3 105 905 ,   20 080,20080.0,27.141434262948206
310600 BELA VISTA DE MINAS,118.0,43,161.0,310600,Bela Vista de Minas,  3 106 002 ,   10 167,10167.0,15.83554637552867
310610 BELMIRO BRAGA,104.0,2,106.0,310610,Belmiro Braga,  3 106 101 ,   3 244,3244.0,32.675709001233045
310620 BELO HORIZONTE,67605.0,34165,101770.0,310620,Belo Horizonte,  3 106 200 ,  2 315 560,2315560.0,43.95049145778991
310630 BELO ORIENTE,522.0,101,623.0,310630,Belo Oriente,  3 106 309 ,   23 928,23928.0,26.036442661317285
310640 BELO VALE,220.0,-,220.0,310640,Belo Vale,  3 106 408 ,   8 627,8627.0,25.501333024226266
310650 BERILO,147.0,8,155.0,310650,Berilo,  3 106 507 ,   9 826,9826.0,15.774475880317523
310660 BERTOPOLIS,95.0,-,95.0,310660,Bertópolis,  3 106 606 ,   4 451,4451.0,21.343518310492023
310665 BERIZAL,69.0,2,71.0,310665,Berizal,  3 106 655 ,   4 201,4201.0,16.900737919542966
310670 BETIM,7339.0,3642,10981.0,310670,Betim,  3 106 705 ,   411 846,411846.0,26.662878843062696
310680 BIAS FORTES,71.0,-,71.0,310680,Bias Fortes,  3 106 804 ,   3 361,3361.0,21.124665278191017
310690 BICAS,263.0,42,305.0,310690,Bicas,  3 106 903 ,   13 978,13978.0,21.82000286163972
310700 BIQUINHAS,59.0,-,59.0,310700,Biquinhas,  3 107 000 ,   2 383,2383.0,24.758707511540077
310710 BOA ESPERANCA,618.0,98,716.0,310710,Boa Esperança,  3 107 109 ,   39 848,39848.0,17.96827946195543
310720 BOCAINA DE MINAS,102.0,13,115.0,310720,Bocaina de Minas,  3 107 208 ,   5 348,5348.0,21.503365744203442
310730 BOCAIUVA,703.0,64,767.0,310730,Bocaiúva,  3 107 307 ,   48 032,48032.0,15.968520986009326
310740 BOM DESPACHO,861.0,169,1030.0,310740,Bom Despacho,  3 107 406 ,   51 737,51737.0,19.90838278214817
310750 BOM JARDIM DE MINAS,159.0,62,221.0,310750,Bom Jardim de Minas,  3 107 505 ,   6 783,6783.0,32.581453634085214
310760 BOM JESUS DA PENHA,80.0,3,83.0,310760,Bom Jesus da Penha,  3 107 604 ,   4 474,4474.0,18.551631649530623
310770 BOM JESUS DO AMPARO,48.0,2,50.0,310770,Bom Jesus do Amparo,  3 107 703 ,   5 631,5631.0,8.879417510211331
310780 BOM JESUS DO GALHO,234.0,4,238.0,310780,Bom Jesus do Galho,  3 107 802 ,   14 536,14536.0,16.373142542652726
310790 BOM REPOUSO,122.0,14,136.0,310790,Bom Repouso,  3 107 901 ,   12 649,12649.0,10.751838089967586
310800 BOM SUCESSO,214.0,20,234.0,310800,Bom Sucesso,  3 108 008 ,   17 151,17151.0,13.64351932831905
310810 BONFIM,89.0,13,102.0,310810,Bonfim,  3 108 107 ,   7 434,7434.0,13.720742534301856
310820 BONFINOPOLIS DE MINAS,124.0,4,128.0,310820,Bonfinópolis de Minas,  3 108 206 ,   5 528,5528.0,23.154848046309695
310825 BONITO DE MINAS,212.0,2,214.0,310825,Bonito de Minas,  3 108 255 ,   10 204,10204.0,20.972167777342218
310830 BORDA DA MATA,180.0,33,213.0,310830,Borda da Mata,  3 108 305 ,   17 404,17404.0,12.23856584693174
310840 BOTELHOS,205.0,25,230.0,310840,Botelhos,  3 108 404 ,   14 828,14828.0,15.511195036417588
310850 BOTUMIRIM,68.0,4,72.0,310850,Botumirim,  3 108 503 ,   5 790,5790.0,12.435233160621761
310855 BRASILANDIA DE MINAS,260.0,26,286.0,310855,Brasilândia de Minas,  3 108 552 ,   15 020,15020.0,19.041278295605856
310860 BRASILIA DE MINAS,791.0,157,948.0,310860,Brasília de Minas,  3 108 602 ,   32 025,32025.0,29.601873536299767
310870 BRAS PIRES,79.0,2,81.0,310870,Brás Pires,  3 108 701 ,   4 260,4260.0,19.014084507042252
310880 BRAUNAS,63.0,5,68.0,310880,Braúnas,  3 108 800 ,   4 441,4441.0,15.311866696689936
310890 BRAZOPOLIS,163.0,36,199.0,310890,Brazópolis,  3 108 909 ,   14 246,14246.0,13.968833356731714
310900 BRUMADINHO,1362.0,143,1505.0,310900,Brumadinho,  3 109 006 ,   38 915,38915.0,38.67403314917127
310910 BUENO BRANDAO,142.0,34,176.0,310910,Bueno Brandão,  3 109 105 ,   10 911,10911.0,16.130510493996884
310920 BUENOPOLIS,134.0,-,134.0,310920,Buenópolis,  3 109 204 ,   9 150,9150.0,14.6448087431694
310925 BUGRE,82.0,1,83.0,310925,Bugre,  3 109 253 ,   4 041,4041.0,20.53947042811185
310930 BURITIS,353.0,31,384.0,310930,Buritis,  3 109 303 ,   24 030,24030.0,15.980024968789014
310940 BURITIZEIRO,432.0,42,474.0,310940,Buritizeiro,  3 109 402 ,   23 910,23910.0,19.82434127979925
310945 CABECEIRA GRANDE,128.0,12,140.0,310945,Cabeceira Grande,  3 109 451 ,   6 627,6627.0,21.125697902519995
310950 CABO VERDE,174.0,9,183.0,310950,Cabo Verde,  3 109 501 ,   11 410,11410.0,16.038562664329536
310960 CACHOEIRA DA PRATA,70.0,5,75.0,310960,Cachoeira da Prata,  3 109 600 ,   3 693,3693.0,20.308692120227455
310970 CACHOEIRA DE MINAS,192.0,19,211.0,310970,Cachoeira de Minas,  3 109 709 ,   11 883,11883.0,17.756458806698646
310980 CACHOEIRA DOURADA,74.0,-,74.0,310980,Cachoeira Dourada,  3 109 808 ,   2 315,2315.0,31.965442764578835
310990 CAETANOPOLIS,230.0,73,303.0,310990,Caetanópolis,  3 109 907 ,   11 435,11435.0,26.497595102754698
311000 CAETE,410.0,53,463.0,311000,Caeté,  3 110 004 ,   38 776,38776.0,11.94037548999381
311010 CAIANA,71.0,1,72.0,311010,Caiana,  3 110 103 ,   5 304,5304.0,13.574660633484163
311020 CAJURI,75.0,3,78.0,311020,Cajuri,  3 110 202 ,   4 088,4088.0,19.08023483365949
311030 CALDAS,226.0,17,243.0,311030,Caldas,  3 110 301 ,   14 217,14217.0,17.092213547161847
311040 CAMACHO,64.0,2,66.0,311040,Camacho,  3 110 400 ,   2 838,2838.0,23.25581395348837
311050 CAMANDUCAIA,267.0,42,309.0,311050,Camanducaia,  3 110 509 ,   26 097,26097.0,11.840441430049431
311060 CAMBUI,382.0,123,505.0,311060,Cambuí,  3 110 608 ,   29 536,29536.0,17.0977789815818
311070 CAMBUQUIRA,203.0,18,221.0,311070,Cambuquira,  3 110 707 ,   12 313,12313.0,17.948509705189636
311080 CAMPANARIO,85.0,-,85.0,311080,Campanário,  3 110 806 ,   2 923,2923.0,29.079712624016423
311090 CAMPANHA,242.0,68,310.0,311090,Campanha,  3 110 905 ,   15 935,15935.0,19.454032005020398
311100 CAMPESTRE,277.0,50,327.0,311100,Campestre,  3 111 002 ,   20 696,20696.0,15.800154619250096
311110 CAMPINA VERDE,365.0,81,446.0,311110,Campina Verde,  3 111 101 ,   18 011,18011.0,24.76264505024707
311115 CAMPO AZUL,86.0,3,89.0,311115,Campo Azul,  3 111 150 ,   3 714,3714.0,23.963381798599894
311120 CAMPO BELO,1293.0,200,1493.0,311120,Campo Belo,  3 111 200 ,   52 277,52277.0,28.55940470952809
311130 CAMPO DO MEIO,180.0,5,185.0,311130,Campo do Meio,  3 111 309 ,   11 377,11377.0,16.26087720840292
311140 CAMPO FLORIDO,130.0,6,136.0,311140,Campo Florido,  3 111 408 ,   8 466,8466.0,16.064257028112447
311150 CAMPOS ALTOS,198.0,8,206.0,311150,Campos Altos,  3 111 507 ,   12 979,12979.0,15.871792896216965
311160 CAMPOS GERAIS,347.0,12,359.0,311160,Campos Gerais,  3 111 606 ,   26 105,26105.0,13.752154759624593
311170 CANAA,128.0,9,137.0,311170,Canaã,  3 111 705 ,   4 715,4715.0,29.056203605514316
311180 CANAPOLIS,162.0,55,217.0,311180,Canápolis,  3 111 804 ,   10 608,10608.0,20.456259426847662
311190 CANA VERDE,70.0,2,72.0,311190,Cana Verde,  3 111 903 ,   5 272,5272.0,13.657056145675266
311200 CANDEIAS,185.0,68,253.0,311200,Candeias,  3 112 000 ,   14 001,14001.0,18.07013784729662
311205 CANTAGALO,69.0,-,69.0,311205,Cantagalo,  3 112 059 ,   3 974,3974.0,17.362858580775036
311210 CAPARAO,65.0,2,67.0,311210,Caparaó,  3 112 109 ,   5 048,5048.0,13.272583201267828
311220 CAPELA NOVA,80.0,5,85.0,311220,Capela Nova,  3 112 208 ,   4 362,4362.0,19.486474094452085
311230 CAPELINHA,588.0,118,706.0,311230,Capelinha,  3 112 307 ,   39 626,39626.0,17.81658507040832
311240 CAPETINGA,82.0,3,85.0,311240,Capetinga,  3 112 406 ,   6 562,6562.0,12.953367875647668
311250 CAPIM BRANCO,104.0,12,116.0,311250,Capim Branco,  3 112 505 ,   10 663,10663.0,10.878739566726063
311260 CAPINOPOLIS,190.0,21,211.0,311260,Capinópolis,  3 112 604 ,   14 655,14655.0,14.397816444899352
311265 CAPITAO ANDRADE,99.0,-,99.0,311265,Capitão Andrade,  3 112 653 ,   4 585,4585.0,21.59214830970556
311270 CAPITAO ENEAS,233.0,11,244.0,311270,Capitão Enéas,  3 112 703 ,   14 108,14108.0,17.29515168698611
311280 CAPITOLIO,184.0,46,230.0,311280,Capitólio,  3 112 802 ,   10 380,10380.0,22.157996146435455
311290 CAPUTIRA,98.0,4,102.0,311290,Caputira,  3 112 901 ,   8 936,8936.0,11.414503133393017
311300 CARAI,191.0,13,204.0,311300,Caraí,  3 113 008 ,   19 548,19548.0,10.435850214855739
311310 CARANAIBA,47.0,3,50.0,311310,Caranaíba,  3 113 107 ,   2 933,2933.0,17.047391749062395
311320 CARANDAI,453.0,148,601.0,311320,Carandaí,  3 113 206 ,   23 812,23812.0,25.23937510498908
311330 CARANGOLA,1033.0,92,1125.0,311330,Carangola,  3 113 305 ,   31 240,31240.0,36.01152368758002
311340 CARATINGA,1424.0,344,1768.0,311340,Caratinga,  3 113 404 ,   87 360,87360.0,20.23809523809524
311350 CARBONITA,121.0,20,141.0,311350,Carbonita,  3 113 503 ,   8 512,8512.0,16.56484962406015
311360 CAREACU,93.0,36,129.0,311360,Careaçu,  3 113 602 ,   6 816,6816.0,18.926056338028168
311370 CARLOS CHAGAS,229.0,14,243.0,311370,Carlos Chagas,  3 113 701 ,   18 615,18615.0,13.05398871877518
311380 CARMESIA,63.0,-,63.0,311380,Carmésia,  3 113 800 ,   2 605,2605.0,24.18426103646833
311390 CARMO DA CACHOEIRA,142.0,5,147.0,311390,Carmo da Cachoeira,  3 113 909 ,   11 547,11547.0,12.730579371265264
311400 CARMO DA MATA,156.0,10,166.0,311400,Carmo da Mata,  3 114 006 ,   11 019,11019.0,15.064887920863962
311410 CARMO DE MINAS,187.0,24,211.0,311410,Carmo de Minas,  3 114 105 ,   13 797,13797.0,15.29317967674132
311420 CARMO DO CAJURU,218.0,18,236.0,311420,Carmo do Cajuru,  3 114 204 ,   23 479,23479.0,10.051535414625835
311430 CARMO DO PARANAIBA,543.0,192,735.0,311430,Carmo do Paranaíba,  3 114 303 ,   29 011,29011.0,25.33521767605391
311440 CARMO DO RIO CLARO,269.0,50,319.0,311440,Carmo do Rio Claro,  3 114 402 ,   20 954,20954.0,15.223823613629856
311450 CARMOPOLIS DE MINAS,197.0,80,277.0,311450,Carmópolis de Minas,  3 114 501 ,   18 003,18003.0,15.386324501471977
311455 CARNEIRINHO,166.0,9,175.0,311455,Carneirinho,  3 114 550 ,   9 422,9422.0,18.573551263001487
311460 CARRANCAS,85.0,1,86.0,311460,Carrancas,  3 114 600 ,   4 049,4049.0,21.23981229933317
311470 CARVALHOPOLIS,56.0,5,61.0,311470,Carvalhópolis,  3 114 709 ,   3 341,3341.0,18.258006584854837
311480 CARVALHOS,77.0,7,84.0,311480,Carvalhos,  3 114 808 ,   4 422,4422.0,18.99592944369064
311490 CASA GRANDE,38.0,-,38.0,311490,Casa Grande,  3 114 907 ,   2 214,2214.0,17.163504968383016
311500 CASCALHO RICO,79.0,-,79.0,311500,Cascalho Rico,  3 115 003 ,   2 712,2712.0,29.129793510324486
311510 CASSIA,320.0,22,342.0,311510,Cássia,  3 115 102 ,   17 155,17155.0,19.935878752550277
311520 CONCEICAO DA BARRA DE MINAS,79.0,1,80.0,311520,Conceição da Barra de Minas,  3 115 201 ,   3 560,3560.0,22.47191011235955
311530 CATAGUASES,1159.0,346,1505.0,311530,Cataguases,  3 115 300 ,   66 261,66261.0,22.713209882132777
311535 CATAS ALTAS,72.0,8,80.0,311535,Catas Altas,  3 115 359 ,   5 473,5473.0,14.617211766855473
311540 CATAS ALTAS DA NORUEGA,47.0,-,47.0,311540,Catas Altas da Noruega,  3 115 409 ,   3 110,3110.0,15.112540192926046
311545 CATUJI,91.0,1,92.0,311545,Catuji,  3 115 458 ,   7 030,7030.0,13.086770981507824
311547 CATUTI,92.0,-,92.0,311547,Catuti,  3 115 474 ,   4 739,4739.0,19.41337834986284
311550 CAXAMBU,328.0,183,511.0,311550,Caxambu,  3 115 508 ,   21 056,21056.0,24.268617021276594
311560 CEDRO DO ABAETE,35.0,2,37.0,311560,Cedro do Abaeté,  3 115 607 ,   1 081,1081.0,34.22756706753007
311570 CENTRAL DE MINAS,93.0,10,103.0,311570,Central de Minas,  3 115 706 ,   6 171,6171.0,16.690973910225246
311580 CENTRALINA,166.0,2,168.0,311580,Centralina,  3 115 805 ,   10 207,10207.0,16.459292642304302
311590 CHACARA,68.0,1,69.0,311590,Chácara,  3 115 904 ,   3 075,3075.0,22.4390243902439
311600 CHALE,86.0,5,91.0,311600,Chalé,  3 116 001 ,   6 075,6075.0,14.979423868312757
311610 CHAPADA DO NORTE,232.0,5,237.0,311610,Chapada do Norte,  3 116 100 ,   10 337,10337.0,22.927348360259263
311615 CHAPADA GAUCHA,230.0,49,279.0,311615,Chapada Gaúcha,  3 116 159 ,   12 355,12355.0,22.58195062727641
311620 CHIADOR,93.0,-,93.0,311620,Chiador,  3 116 209 ,   2 800,2800.0,33.214285714285715
311630 CIPOTANEA,83.0,8,91.0,311630,Cipotânea,  3 116 308 ,   5 581,5581.0,16.305321626948572
311640 CLARAVAL,65.0,-,65.0,311640,Claraval,  3 116 407 ,   4 658,4658.0,13.954486904250752
311650 CLARO DOS POCOES,112.0,1,113.0,311650,Claro dos Poções,  3 116 506 ,   7 166,7166.0,15.768908735696343
311660 CLAUDIO,405.0,129,534.0,311660,Cláudio,  3 116 605 ,   30 159,30159.0,17.70615736596041
311670 COIMBRA,82.0,8,90.0,311670,Coimbra,  3 116 704 ,   7 117,7117.0,12.645777715329492
311680 COLUNA,145.0,59,204.0,311680,Coluna,  3 116 803 ,   8 163,8163.0,24.990812201396547
311690 COMENDADOR GOMES,55.0,3,58.0,311690,Comendador Gomes,  3 116 902 ,   2 773,2773.0,20.915975477821856
311700 COMERCINHO,92.0,9,101.0,311700,Comercinho,  3 117 009 ,   6 660,6660.0,15.165165165165165
311710 CONCEICAO DA APARECIDA,145.0,77,222.0,311710,Conceição da Aparecida,  3 117 108 ,   10 371,10371.0,21.405843216661847
311720 CONCEICAO DAS PEDRAS,52.0,-,52.0,311720,Conceição das Pedras,  3 117 207 ,   2 772,2772.0,18.75901875901876
311730 CONCEICAO DAS ALAGOAS,465.0,46,511.0,311730,Conceição das Alagoas,  3 117 306 ,   28 381,28381.0,18.005003347309817
311740 CONCEICAO DE IPANEMA,69.0,3,72.0,311740,Conceição de Ipanema,  3 117 405 ,   4 409,4409.0,16.330233613064184
311750 CONCEICAO DO MATO DENTRO,389.0,79,468.0,311750,Conceição do Mato Dentro,  3 117 504 ,   23 163,23163.0,20.204636705090017
311760 CONCEICAO DO PARA,88.0,4,92.0,311760,Conceição do Pará,  3 117 603 ,   5 415,5415.0,16.98984302862419
311770 CONCEICAO DO RIO VERDE,208.0,28,236.0,311770,Conceição do Rio Verde,  3 117 702 ,   12 541,12541.0,18.818276054541105
311780 CONCEICAO DOS OUROS,117.0,25,142.0,311780,Conceição dos Ouros,  3 117 801 ,   10 880,10880.0,13.051470588235295
311783 CONEGO MARINHO,98.0,5,103.0,311783,Cônego Marinho,  3 117 836 ,   7 237,7237.0,14.23241674727097
311787 CONFINS,159.0,30,189.0,311787,Confins,  3 117 876 ,   7 350,7350.0,25.714285714285715
311790 CONGONHAL,138.0,17,155.0,311790,Congonhal,  3 117 900 ,   11 083,11083.0,13.985383019038167
311800 CONGONHAS,1389.0,274,1663.0,311800,Congonhas,  3 118 007 ,   52 890,52890.0,31.44261675174891
311810 CONGONHAS DO NORTE,70.0,3,73.0,311810,Congonhas do Norte,  3 118 106 ,   4 831,4831.0,15.110743117367004
311820 CONQUISTA,118.0,9,127.0,311820,Conquista,  3 118 205 ,   6 694,6694.0,18.972213922916044
311830 CONSELHEIRO LAFAIETE,2307.0,688,2995.0,311830,Conselheiro Lafaiete,  3 118 304 ,   131 621,131621.0,22.754727589062536
311840 CONSELHEIRO PENA,298.0,56,354.0,311840,Conselheiro Pena,  3 118 403 ,   20 824,20824.0,16.999615827890892
311850 CONSOLACAO,20.0,1,21.0,311850,Consolação,  3 118 502 ,   1 563,1563.0,13.435700575815739
311860 CONTAGEM,8108.0,3203,11311.0,311860,Contagem,  3 118 601 ,   621 863,621863.0,18.188893695235123
311870 COQUEIRAL,114.0,7,121.0,311870,Coqueiral,  3 118 700 ,   9 023,9023.0,13.410173999778344
311880 CORACAO DE JESUS,552.0,25,577.0,311880,Coração de Jesus,  3 118 809 ,   25 377,25377.0,22.737124167553294
311890 CORDISBURGO,79.0,2,81.0,311890,Cordisburgo,  3 118 908 ,   7 547,7547.0,10.732741486683452
311900 CORDISLANDIA,42.0,1,43.0,311900,Cordislândia,  3 119 005 ,   3 200,3200.0,13.4375
311910 CORINTO,283.0,53,336.0,311910,Corinto,  3 119 104 ,   23 532,23532.0,14.278429372768995
311920 COROACI,112.0,7,119.0,311920,Coroaci,  3 119 203 ,   10 884,10884.0,10.933480338110988
311930 COROMANDEL,430.0,182,612.0,311930,Coromandel,  3 119 302 ,   28 894,28894.0,21.180868000276874
311940 CORONEL FABRICIANO,1471.0,1050,2521.0,311940,Coronel Fabriciano,  3 119 401 ,   104 736,104736.0,24.07004277421326
311950 CORONEL MURTA,97.0,1,98.0,311950,Coronel Murta,  3 119 500 ,   8 200,8200.0,11.951219512195122
311960 CORONEL PACHECO,63.0,1,64.0,311960,Coronel Pacheco,  3 119 609 ,   2 762,2762.0,23.171614771904416
311970 CORONEL XAVIER CHAVES,47.0,1,48.0,311970,Coronel Xavier Chaves,  3 119 708 ,   3 486,3486.0,13.769363166953529
311980 CORREGO DANTA,63.0,3,66.0,311980,Córrego Danta,  3 119 807 ,   2 960,2960.0,22.2972972972973
311990 CORREGO DO BOM JESUS,36.0,-,36.0,311990,Córrego do Bom Jesus,  3 119 906 ,   4 272,4272.0,8.426966292134832
311995 CORREGO FUNDO,90.0,6,96.0,311995,Córrego Fundo,  3 119 955 ,   6 133,6133.0,15.65302462090331
312000 CORREGO NOVO,72.0,-,72.0,312000,Córrego Novo,  3 120 003 ,   2 875,2875.0,25.043478260869566
312010 COUTO DE MAGALHAES DE MINAS,72.0,3,75.0,312010,Couto de Magalhães de Minas,  3 120 102 ,   4 245,4245.0,17.6678445229682
312015 CRISOLITA,85.0,1,86.0,312015,Crisólita,  3 120 151 ,   5 265,5265.0,16.334283000949668
312020 CRISTAIS,147.0,21,168.0,312020,Cristais,  3 120 201 ,   12 197,12197.0,13.77387882266131
312030 CRISTALIA,84.0,-,84.0,312030,Cristália,  3 120 300 ,   5 121,5121.0,16.403046280023432
312040 CRISTIANO OTONI,46.0,2,48.0,312040,Cristiano Otoni,  3 120 409 ,   4 667,4667.0,10.284979644311122
312050 CRISTINA,150.0,14,164.0,312050,Cristina,  3 120 508 ,   10 374,10374.0,15.808752650857915
312060 CRUCILANDIA,79.0,161,240.0,312060,Crucilândia,  3 120 607 ,   5 434,5434.0,44.166359955833634
312070 CRUZEIRO DA FORTALEZA,73.0,-,73.0,312070,Cruzeiro da Fortaleza,  3 120 706 ,   3 521,3521.0,20.732746378869642
312080 CRUZILIA,296.0,14,310.0,312080,Cruzília,  3 120 805 ,   15 362,15362.0,20.179664106236167
312083 CUPARAQUE,83.0,2,85.0,312083,Cuparaque,  3 120 839 ,   3 983,3983.0,21.340697966357016
312087 CURRAL DE DENTRO,142.0,1,143.0,312087,Curral de Dentro,  3 120 870 ,   7 406,7406.0,19.30866864704294
312090 CURVELO,1510.0,497,2007.0,312090,Curvelo,  3 120 904 ,   80 665,80665.0,24.88067935287919
312100 DATAS,111.0,3,114.0,312100,Datas,  3 121 001 ,   5 465,5465.0,20.860018298261668
312110 DELFIM MOREIRA,121.0,19,140.0,312110,Delfim Moreira,  3 121 100 ,   7 952,7952.0,17.605633802816904
312120 DELFINOPOLIS,110.0,4,114.0,312120,Delfinópolis,  3 121 209 ,   8 393,8393.0,13.582747527701656
312125 DELTA,154.0,7,161.0,312125,Delta,  3 121 258 ,   10 494,10494.0,15.342100247760625
312130 DESCOBERTO,90.0,1,91.0,312130,Descoberto,  3 121 308 ,   4 928,4928.0,18.465909090909093
312140 DESTERRO DE ENTRE RIOS,119.0,14,133.0,312140,Desterro de Entre Rios,  3 121 407 ,   7 653,7653.0,17.378805697112245
312150 DESTERRO DO MELO,44.0,3,47.0,312150,Desterro do Melo,  3 121 506 ,   2 994,2994.0,15.69806279225117
312160 DIAMANTINA,1723.0,147,1870.0,312160,Diamantina,  3 121 605 ,   47 702,47702.0,39.20171062009978
312170 DIOGO DE VASCONCELOS,49.0,1,50.0,312170,Diogo de Vasconcelos,  3 121 704 ,   3 549,3549.0,14.088475626937164
312180 DIONISIO,126.0,3,129.0,312180,Dionísio,  3 121 803 ,   6 847,6847.0,18.840368044399007
312190 DIVINESIA,84.0,9,93.0,312190,Divinésia,  3 121 902 ,   4 226,4226.0,22.006625650733557
312200 DIVINO,229.0,140,369.0,312200,Divino,  3 122 009 ,   20 706,20706.0,17.82092147203709
312210 DIVINO DAS LARANJEIRAS,89.0,2,91.0,312210,Divino das Laranjeiras,  3 122 108 ,   4 178,4178.0,21.78075634274773
312220 DIVINOLANDIA DE MINAS,82.0,6,88.0,312220,Divinolândia de Minas,  3 122 207 ,   6 516,6516.0,13.505217925107429
312230 DIVINOPOLIS,4912.0,2742,7654.0,312230,Divinópolis,  3 122 306 ,   231 091,231091.0,33.121151407886934
312235 DIVISA ALEGRE,83.0,6,89.0,312235,Divisa Alegre,  3 122 355 ,   6 321,6321.0,14.080050624901125
312240 DIVISA NOVA,88.0,4,92.0,312240,Divisa Nova,  3 122 405 ,   5 851,5851.0,15.72380789608614
312245 DIVISOPOLIS,113.0,5,118.0,312245,Divisópolis,  3 122 454 ,   10 213,10213.0,11.55390188974836
312247 DOM BOSCO,89.0,3,92.0,312247,Dom Bosco,  3 122 470 ,   3 697,3697.0,24.885041925885854
312250 DOM CAVATI,74.0,6,80.0,312250,Dom Cavati,  3 122 504 ,   4 904,4904.0,16.31321370309951
312260 DOM JOAQUIM,108.0,-,108.0,312260,Dom Joaquim,  3 122 603 ,   4 899,4899.0,22.04531537048377
312270 DOM SILVERIO,118.0,8,126.0,312270,Dom Silvério,  3 122 702 ,   5 228,5228.0,24.100994644223412
312280 DOM VICOSO,57.0,4,61.0,312280,Dom Viçoso,  3 122 801 ,   3 095,3095.0,19.7092084006462
312290 DONA EUSEBIA,63.0,-,63.0,312290,Dona Euzébia,  3 122 900 ,   6 093,6093.0,10.3397341211226
312300 DORES DE CAMPOS,91.0,13,104.0,312300,Dores de Campos,  3 123 007 ,   10 007,10007.0,10.392725092435295
312310 DORES DE GUANHAES,65.0,2,67.0,312310,Dores de Guanhães,  3 123 106 ,   5 029,5029.0,13.322728176575861
312320 DORES DO INDAIA,186.0,28,214.0,312320,Dores do Indaiá,  3 123 205 ,   12 630,12630.0,16.943784639746635
312330 DORES DO TURVO,65.0,4,69.0,312330,Dores do Turvo,  3 123 304 ,   4 987,4987.0,13.835973531181072
312340 DORESOPOLIS,48.0,3,51.0,312340,Doresópolis,  3 123 403 ,   1 461,1461.0,34.907597535934286
312350 DOURADOQUARA,54.0,1,55.0,312350,Douradoquara,  3 123 502 ,   1 829,1829.0,30.071077091306723
312352 DURANDE,91.0,2,93.0,312352,Durandé,  3 123 528 ,   7 817,7817.0,11.897147243187923
312360 ELOI MENDES,312.0,147,459.0,312360,Elói Mendes,  3 123 601 ,   26 336,26336.0,17.42861482381531
312370 ENGENHEIRO CALDAS,152.0,23,175.0,312370,Engenheiro Caldas,  3 123 700 ,   13 622,13622.0,12.846865364850977
312380 ENGENHEIRO NAVARRO,85.0,3,88.0,312380,Engenheiro Navarro,  3 123 809 ,   6 354,6354.0,13.849543594586088
312385 ENTRE FOLHAS,74.0,1,75.0,312385,Entre Folhas,  3 123 858 ,   5 179,5179.0,14.481560146746475
312390 ENTRE RIOS DE MINAS,224.0,76,300.0,312390,Entre Rios de Minas,  3 123 908 ,   14 746,14746.0,20.344500203445
312400 ERVALIA,276.0,18,294.0,312400,Ervália,  3 124 005 ,   20 255,20255.0,14.51493458405332
312410 ESMERALDAS,631.0,79,710.0,312410,Esmeraldas,  3 124 104 ,   85 598,85598.0,8.29458632211033
312420 ESPERA FELIZ,308.0,13,321.0,312420,Espera Feliz,  3 124 203 ,   24 102,24102.0,13.318396813542446
312430 ESPINOSA,394.0,65,459.0,312430,Espinosa,  3 124 302 ,   30 443,30443.0,15.077357684853661
312440 ESPIRITO SANTO DO DOURADO,70.0,1,71.0,312440,Espírito Santo do Dourado,  3 124 401 ,   6 611,6611.0,10.739676297080623
312450 ESTIVA,110.0,3,113.0,312450,Estiva,  3 124 500 ,   11 502,11502.0,9.824378368979307
312460 ESTRELA DALVA,51.0,-,51.0,312460,Estrela Dalva,  3 124 609 ,   2 186,2186.0,23.33028362305581
312470 ESTRELA DO INDAIA,53.0,7,60.0,312470,Estrela do Indaiá,  3 124 708 ,   2 772,2772.0,21.645021645021643
312480 ESTRELA DO SUL,140.0,1,141.0,312480,Estrela do Sul,  3 124 807 ,   6 840,6840.0,20.6140350877193
312490 EUGENOPOLIS,159.0,33,192.0,312490,Eugenópolis,  3 124 906 ,   10 801,10801.0,17.776131839644474
312500 EWBANK DA CAMARA,89.0,-,89.0,312500,Ewbank da Câmara,  3 125 002 ,   3 875,3875.0,22.967741935483872
312510 EXTREMA,748.0,166,914.0,312510,Extrema,  3 125 101 ,   53 482,53482.0,17.089862009648105
312520 FAMA,39.0,1,40.0,312520,Fama,  3 125 200 ,   2 578,2578.0,15.515903801396432
312530 FARIA LEMOS,58.0,1,59.0,312530,Faria Lemos,  3 125 309 ,   3 188,3188.0,18.5069008782936
312540 FELICIO DOS SANTOS,120.0,-,120.0,312540,Felício dos Santos,  3 125 408 ,   5 133,5133.0,23.378141437755698
312550 SAO GONCALO DO RIO PRETO,73.0,1,74.0,312550,São Gonçalo do Rio Preto,  3 125 507 ,   3 032,3032.0,24.406332453825858
312560 FELISBURGO,123.0,1,124.0,312560,Felisburgo,  3 125 606 ,   6 489,6489.0,19.10926182770843
312570 FELIXLANDIA,248.0,54,302.0,312570,Felixlândia,  3 125 705 ,   13 978,13978.0,21.60537988267277
312580 FERNANDES TOURINHO,45.0,1,46.0,312580,Fernandes Tourinho,  3 125 804 ,   2 789,2789.0,16.493366798135533
312590 FERROS,114.0,26,140.0,312590,Ferros,  3 125 903 ,   9 590,9590.0,14.598540145985401
312595 FERVEDOURO,211.0,2,213.0,312595,Fervedouro,  3 125 952 ,   10 445,10445.0,20.392532312111058
312600 FLORESTAL,102.0,40,142.0,312600,Florestal,  3 126 000 ,   8 045,8045.0,17.650714729645742
312610 FORMIGA,1052.0,212,1264.0,312610,Formiga,  3 126 109 ,   68 248,68248.0,18.520689250967063
312620 FORMOSO,173.0,-,173.0,312620,Formoso,  3 126 208 ,   7 949,7949.0,21.763743867153103
312630 FORTALEZA DE MINAS,68.0,-,68.0,312630,Fortaleza de Minas,  3 126 307 ,   3 477,3477.0,19.557089444923786
312640 FORTUNA DE MINAS,81.0,-,81.0,312640,Fortuna de Minas,  3 126 406 ,   3 093,3093.0,26.188166828322018
312650 FRANCISCO BADARO,152.0,9,161.0,312650,Francisco Badaró,  3 126 505 ,   7 366,7366.0,21.857181645397773
312660 FRANCISCO DUMONT,85.0,7,92.0,312660,Francisco Dumont,  3 126 604 ,   4 503,4503.0,20.43082389518099
312670 FRANCISCO SA,465.0,17,482.0,312670,Francisco Sá,  3 126 703 ,   23 476,23476.0,20.531606747316406
312675 FRANCISCOPOLIS,112.0,-,112.0,312675,Franciscópolis,  3 126 752 ,   5 034,5034.0,22.248708780294002
312680 FREI GASPAR,76.0,-,76.0,312680,Frei Gaspar,  3 126 802 ,   5 640,5640.0,13.47517730496454
312690 FREI INOCENCIO,176.0,1,177.0,312690,Frei Inocêncio,  3 126 901 ,   8 226,8226.0,21.517140773158278
312695 FREI LAGONEGRO,34.0,-,34.0,312695,Frei Lagonegro,  3 126 950 ,   3 391,3391.0,10.026540843409023
312700 FRONTEIRA,339.0,29,368.0,312700,Fronteira,  3 127 008 ,   14 540,14540.0,25.30949105914718
312705 FRONTEIRA DOS VALES,69.0,-,69.0,312705,Fronteira dos Vales,  3 127 057 ,   4 345,4345.0,15.880322209436134
312707 FRUTA DE LEITE,76.0,-,76.0,312707,Fruta de Leite,  3 127 073 ,   4 647,4647.0,16.354637400473422
312710 FRUTAL,891.0,382,1273.0,312710,Frutal,  3 127 107 ,   58 588,58588.0,21.727998907626137
312720 FUNILANDIA,92.0,1,93.0,312720,Funilândia,  3 127 206 ,   4 686,4686.0,19.846350832266324
312730 GALILEIA,108.0,2,110.0,312730,Galiléia,  3 127 305 ,   6 222,6222.0,17.67920282867245
312733 GAMELEIRAS,113.0,-,113.0,312733,Gameleiras,  3 127 339 ,   4 793,4793.0,23.57604840392239
312735 GLAUCILANDIA,42.0,-,42.0,312735,Glaucilândia,  3 127 354 ,   2 928,2928.0,14.344262295081968
312737 GOIABEIRA,94.0,5,99.0,312737,Goiabeira,  3 127 370 ,   2 830,2830.0,34.98233215547703
312738 GOIANA,80.0,5,85.0,312738,Goianá,  3 127 388 ,   4 053,4053.0,20.972119417715273
312740 GONCALVES,54.0,-,54.0,312740,Gonçalves,  3 127 404 ,   4 727,4727.0,11.423735984768353
312750 GONZAGA,94.0,12,106.0,312750,Gonzaga,  3 127 503 ,   5 230,5230.0,20.26768642447419
312760 GOUVEIA,161.0,1,162.0,312760,Gouveia,  3 127 602 ,   11 331,11331.0,14.297061159650516
312770 GOVERNADOR VALADARES,4391.0,2037,6428.0,312770,Governador Valadares,  3 127 701 ,   257 171,257171.0,24.995042209269318
312780 GRAO MOGOL,254.0,-,254.0,312780,Grão Mogol,  3 127 800 ,   13 901,13901.0,18.272066757787208
312790 GRUPIARA,85.0,-,85.0,312790,Grupiara,  3 127 909 ,   1 392,1392.0,61.0632183908046
312800 GUANHAES,549.0,86,635.0,312800,Guanhães,  3 128 006 ,   32 244,32244.0,19.693586403672
312810 GUAPE,133.0,10,143.0,312810,Guapé,  3 128 105 ,   13 772,13772.0,10.383386581469647
312820 GUARACIABA,116.0,5,121.0,312820,Guaraciaba,  3 128 204 ,   9 753,9753.0,12.406439044396596
312825 GUARACIAMA,68.0,-,68.0,312825,Guaraciama,  3 128 253 ,   5 051,5051.0,13.462680657295586
312830 GUARANESIA,332.0,13,345.0,312830,Guaranésia,  3 128 303 ,   19 150,19150.0,18.015665796344646
312840 GUARANI,114.0,4,118.0,312840,Guarani,  3 128 402 ,   7 714,7714.0,15.296862846772104
312850 GUARARA,52.0,3,55.0,312850,Guarará,  3 128 501 ,   3 149,3149.0,17.465862178469354
312860 GUARDA-MOR,149.0,12,161.0,312860,Guarda-Mor,  3 128 600 ,   6 539,6539.0,24.621501758678697
312870 GUAXUPE,883.0,198,1081.0,312870,Guaxupé,  3 128 709 ,   50 911,50911.0,21.233132328966235
312880 GUIDOVAL,90.0,15,105.0,312880,Guidoval,  3 128 808 ,   7 131,7131.0,14.724442574673958
312890 GUIMARANIA,117.0,17,134.0,312890,Guimarânia,  3 128 907 ,   8 478,8478.0,15.80561453172918
312900 GUIRICEMA,127.0,6,133.0,312900,Guiricema,  3 129 004 ,   7 778,7778.0,17.099511442530215
312910 GURINHATA,100.0,-,100.0,312910,Gurinhatã,  3 129 103 ,   5 192,5192.0,19.26040061633282
312920 HELIODORA,78.0,9,87.0,312920,Heliodora,  3 129 202 ,   6 134,6134.0,14.183240952070427
312930 IAPU,119.0,7,126.0,312930,Iapu,  3 129 301 ,   12 030,12030.0,10.473815461346634
312940 IBERTIOGA,174.0,6,180.0,312940,Ibertioga,  3 129 400 ,   5 198,5198.0,34.62870334744132
312950 IBIA,314.0,66,380.0,312950,Ibiá,  3 129 509 ,   22 229,22229.0,17.094786090242476
312960 IBIAI,107.0,2,109.0,312960,Ibiaí,  3 129 608 ,   6 286,6286.0,17.340120903595288
312965 IBIRACATU,88.0,-,88.0,312965,Ibiracatu,  3 129 657 ,   5 081,5081.0,17.319425309978353
312970 IBIRACI,178.0,31,209.0,312970,Ibiraci,  3 129 707 ,   10 948,10948.0,19.090244793569603
312980 IBIRITE,1778.0,270,2048.0,312980,Ibirité,  3 129 806 ,   170 537,170537.0,12.0091241196925
312990 IBITIURA DE MINAS,47.0,1,48.0,312990,Ibitiúra de Minas,  3 129 905 ,   3 365,3365.0,14.26448736998514
313000 IBITURUNA,42.0,-,42.0,313000,Ibituruna,  3 130 002 ,   2 698,2698.0,15.567086730911786
313005 ICARAI DE MINAS,121.0,-,121.0,313005,Icaraí de Minas,  3 130 051 ,   10 677,10677.0,11.332771377727827
313010 IGARAPE,644.0,65,709.0,313010,Igarapé,  3 130 101 ,   45 847,45847.0,15.464479682421969
313020 IGARATINGA,155.0,2,157.0,313020,Igaratinga,  3 130 200 ,   10 830,10830.0,14.496768236380424
313030 IGUATAMA,131.0,23,154.0,313030,Iguatama,  3 130 309 ,   6 826,6826.0,22.560796952827424
313040 IJACI,59.0,18,77.0,313040,Ijaci,  3 130 408 ,   7 003,7003.0,10.99528773382836
313050 ILICINEA,195.0,16,211.0,313050,Ilicínea,  3 130 507 ,   12 741,12741.0,16.560709520445805
313055 IMBE DE MINAS,84.0,-,84.0,313055,Imbé de Minas,  3 130 556 ,   6 986,6986.0,12.024048096192384
313060 INCONFIDENTES,67.0,2,69.0,313060,Inconfidentes,  3 130 606 ,   7 301,7301.0,9.450760169839747
313065 INDAIABIRA,98.0,2,100.0,313065,Indaiabira,  3 130 655 ,   6 346,6346.0,15.75795776867318
313070 INDIANOPOLIS,118.0,5,123.0,313070,Indianópolis,  3 130 705 ,   6 171,6171.0,19.931939718035974
313080 INGAI,51.0,-,51.0,313080,Ingaí,  3 130 804 ,   2 580,2580.0,19.767441860465116
313090 INHAPIM,371.0,34,405.0,313090,Inhapim,  3 130 903 ,   22 692,22692.0,17.847699629825488
313100 INHAUMA,119.0,1,120.0,313100,Inhaúma,  3 131 000 ,   6 239,6239.0,19.23385157877865
313110 INIMUTABA,111.0,21,132.0,313110,Inimutaba,  3 131 109 ,   7 371,7371.0,17.90801790801791
313115 IPABA,262.0,7,269.0,313115,Ipaba,  3 131 158 ,   17 136,17136.0,15.697945845004668
313120 IPANEMA,265.0,55,320.0,313120,Ipanema,  3 131 208 ,   19 522,19522.0,16.39176313902264
313130 IPATINGA,5140.0,1479,6619.0,313130,Ipatinga,  3 131 307 ,   227 731,227731.0,29.064993347414276
313140 IPIACU,74.0,3,77.0,313140,Ipiaçu,  3 131 406 ,   3 775,3775.0,20.397350993377483
313150 IPUIUNA,138.0,17,155.0,313150,Ipuiúna,  3 131 505 ,   9 135,9135.0,16.967706622879035
313160 IRAI DE MINAS,112.0,3,115.0,313160,Iraí de Minas,  3 131 604 ,   7 180,7180.0,16.016713091922007
313170 ITABIRA,2708.0,450,3158.0,313170,Itabira,  3 131 703 ,   113 343,113343.0,27.86232938955207
313180 ITABIRINHA,194.0,7,201.0,313180,Itabirinha,  3 131 802 ,   10 362,10362.0,19.397799652576722
313190 ITABIRITO,1079.0,181,1260.0,313190,Itabirito,  3 131 901 ,   53 365,53365.0,23.6109809800431
313200 ITACAMBIRA,99.0,-,99.0,313200,Itacambira,  3 132 008 ,   4 252,4252.0,23.28316086547507
313210 ITACARAMBI,294.0,7,301.0,313210,Itacarambi,  3 132 107 ,   17 208,17208.0,17.491864249186424
313220 ITAGUARA,233.0,29,262.0,313220,Itaguara,  3 132 206 ,   13 846,13846.0,18.922432471471907
313230 ITAIPE,134.0,6,140.0,313230,Itaipé,  3 132 305 ,   10 463,10463.0,13.380483608907578
313240 ITAJUBA,1853.0,652,2505.0,313240,Itajubá,  3 132 404 ,   93 073,93073.0,26.914357547301577
313250 ITAMARANDIBA,541.0,151,692.0,313250,Itamarandiba,  3 132 503 ,   32 948,32948.0,21.002792278742263
313260 ITAMARATI DE MINAS,50.0,3,53.0,313260,Itamarati de Minas,  3 132 602 ,   3 690,3690.0,14.363143631436316
313270 ITAMBACURI,468.0,20,488.0,313270,Itambacuri,  3 132 701 ,   21 042,21042.0,23.191711814466306
313280 ITAMBE DO MATO DENTRO,48.0,-,48.0,313280,Itambé do Mato Dentro,  3 132 800 ,   2 142,2142.0,22.408963585434172
313290 ITAMOGI,145.0,13,158.0,313290,Itamogi,  3 132 909 ,   10 770,10770.0,14.670380687093779
313300 ITAMONTE,199.0,29,228.0,313300,Itamonte,  3 133 006 ,   14 786,14786.0,15.419991884214797
313310 ITANHANDU,388.0,84,472.0,313310,Itanhandu,  3 133 105 ,   15 236,15236.0,30.979259648201626
313320 ITANHOMI,163.0,7,170.0,313320,Itanhomi,  3 133 204 ,   11 128,11128.0,15.276779295470885
313330 ITAOBIM,450.0,28,478.0,313330,Itaobim,  3 133 303 ,   19 151,19151.0,24.959532139313872
313340 ITAPAGIPE,204.0,26,230.0,313340,Itapagipe,  3 133 402 ,   13 690,13690.0,16.800584368151938
313350 ITAPECERICA,192.0,33,225.0,313350,Itapecerica,  3 133 501 ,   21 046,21046.0,10.690867623301338
313360 ITAPEVA,106.0,15,121.0,313360,Itapeva,  3 133 600 ,   12 692,12692.0,9.533564450047272
313370 ITATIAIUCU,241.0,17,258.0,313370,Itatiaiuçu,  3 133 709 ,   12 966,12966.0,19.89819527996298
313375 ITAU DE MINAS,199.0,40,239.0,313375,Itaú de Minas,  3 133 758 ,   14 406,14406.0,16.590309593225047
313380 ITAUNA,1088.0,272,1360.0,313380,Itaúna,  3 133 808 ,   97 669,97669.0,13.924582006573223
313390 ITAVERAVA,86.0,11,97.0,313390,Itaverava,  3 133 907 ,   5 642,5642.0,17.192484934420417
313400 ITINGA,160.0,31,191.0,313400,Itinga,  3 134 004 ,   13 745,13745.0,13.895962168061113
313410 ITUETA,103.0,4,107.0,313410,Itueta,  3 134 103 ,   6 055,6055.0,17.671345995045417
313420 ITUIUTABA,1110.0,571,1681.0,313420,Ituiutaba,  3 134 202 ,   102 217,102217.0,16.445405363100072
313430 ITUMIRIM,107.0,4,111.0,313430,Itumirim,  3 134 301 ,   6 638,6638.0,16.721904188008438
313440 ITURAMA,546.0,212,758.0,313440,Iturama,  3 134 400 ,   38 295,38295.0,19.793706750228488
313450 ITUTINGA,87.0,2,89.0,313450,Itutinga,  3 134 509 ,   4 217,4217.0,21.105050984111926
313460 JABOTICATUBAS,255.0,44,299.0,313460,Jaboticatubas,  3 134 608 ,   20 406,20406.0,14.652553170636088
313470 JACINTO,270.0,5,275.0,313470,Jacinto,  3 134 707 ,   11 042,11042.0,24.904908531063214
313480 JACUI,66.0,4,70.0,313480,Jacuí,  3 134 806 ,   7 495,7495.0,9.33955970647098
313490 JACUTINGA,258.0,42,300.0,313490,Jacutinga,  3 134 905 ,   25 525,25525.0,11.753183153770813
313500 JAGUARACU,53.0,1,54.0,313500,Jaguaraçu,  3 135 001 ,   3 092,3092.0,17.464424320827945
313505 JAIBA,511.0,26,537.0,313505,Jaíba,  3 135 050 ,   37 660,37660.0,14.259160913436006
313507 JAMPRUCA,51.0,1,52.0,313507,Jampruca,  3 135 076 ,   4 296,4296.0,12.104283054003723
313510 JANAUBA,1558.0,150,1708.0,313510,Janaúba,  3 135 100 ,   70 699,70699.0,24.158757549611735
313520 JANUARIA,927.0,93,1020.0,313520,Januária,  3 135 209 ,   65 150,65150.0,15.65617805065234
313530 JAPARAIBA,58.0,21,79.0,313530,Japaraíba,  3 135 308 ,   4 506,4506.0,17.532179316466934
313535 JAPONVAR,120.0,5,125.0,313535,Japonvar,  3 135 357 ,   8 127,8127.0,15.380829334317706
313540 JECEABA,148.0,28,176.0,313540,Jeceaba,  3 135 407 ,   6 197,6197.0,28.400839115701146
313545 JENIPAPO DE MINAS,90.0,3,93.0,313545,Jenipapo de Minas,  3 135 456 ,   6 100,6100.0,15.245901639344263
313550 JEQUERI,163.0,10,173.0,313550,Jequeri,  3 135 506 ,   12 419,12419.0,13.930268137531202
313560 JEQUITAI,139.0,3,142.0,313560,Jequitaí,  3 135 605 ,   6 484,6484.0,21.90006169031462
313570 JEQUITIBA,125.0,4,129.0,313570,Jequitibá,  3 135 704 ,   5 883,5883.0,21.927587965323816
313580 JEQUITINHONHA,379.0,10,389.0,313580,Jequitinhonha,  3 135 803 ,   24 007,24007.0,16.20360728120965
313590 JESUANIA,72.0,1,73.0,313590,Jesuânia,  3 135 902 ,   5 138,5138.0,14.207862981704944
313600 JOAIMA,174.0,22,196.0,313600,Joaíma,  3 136 009 ,   13 888,13888.0,14.112903225806452
313610 JOANESIA,73.0,1,74.0,313610,Joanésia,  3 136 108 ,   4 329,4329.0,17.094017094017097
313620 JOAO MONLEVADE,914.0,607,1521.0,313620,João Monlevade,  3 136 207 ,   80 187,80187.0,18.968161921508475
313630 JOAO PINHEIRO,862.0,93,955.0,313630,João Pinheiro,  3 136 306 ,   46 801,46801.0,20.405546890023718
313640 JOAQUIM FELICIO,101.0,5,106.0,313640,Joaquim Felício,  3 136 405 ,   3 854,3854.0,27.503892060197195
313650 JORDANIA,183.0,39,222.0,313650,Jordânia,  3 136 504 ,   10 304,10304.0,21.54503105590062
313652 JOSE GONCALVES DE MINAS,76.0,1,77.0,313652,José Gonçalves de Minas,  3 136 520 ,   3 969,3969.0,19.400352733686066
313655 JOSE RAYDAN,64.0,-,64.0,313655,José Raydan,  3 136 553 ,   4 268,4268.0,14.99531396438613
313657 JOSENOPOLIS,55.0,-,55.0,313657,Josenópolis,  3 136 579 ,   3 630,3630.0,15.151515151515152
313660 NOVA UNIAO,107.0,-,107.0,313660,Nova União,  3 136 603 ,   5 909,5909.0,18.107970891859875
313665 JUATUBA,340.0,174,514.0,313665,Juatuba,  3 136 652 ,   30 716,30716.0,16.733949733038155
313670 JUIZ DE FORA,13722.0,8552,22274.0,313670,Juiz de Fora,  3 136 702 ,   540 756,540756.0,41.190481474084436
313680 JURAMENTO,83.0,1,84.0,313680,Juramento,  3 136 801 ,   3 768,3768.0,22.292993630573246
313690 JURUAIA,176.0,12,188.0,313690,Juruaia,  3 136 900 ,   11 084,11084.0,16.961385781306387
313695 JUVENILIA,79.0,1,80.0,313695,Juvenília,  3 136 959 ,   5 789,5789.0,13.819312489203663
313700 LADAINHA,251.0,18,269.0,313700,Ladainha,  3 137 007 ,   14 383,14383.0,18.702635055273586
313710 LAGAMAR,112.0,24,136.0,313710,Lagamar,  3 137 106 ,   6 631,6631.0,20.50972703966219
313720 LAGOA DA PRATA,591.0,432,1023.0,313720,Lagoa da Prata,  3 137 205 ,   51 412,51412.0,19.89807826966467
313730 LAGOA DOS PATOS,85.0,-,85.0,313730,Lagoa dos Patos,  3 137 304 ,   3 313,3313.0,25.65650467853909
313740 LAGOA DOURADA,116.0,19,135.0,313740,Lagoa Dourada,  3 137 403 ,   12 769,12769.0,10.572480225546245
313750 LAGOA FORMOSA,226.0,51,277.0,313750,Lagoa Formosa,  3 137 502 ,   18 904,18904.0,14.652983495556496
313753 LAGOA GRANDE,155.0,18,173.0,313753,Lagoa Grande,  3 137 536 ,   8 969,8969.0,19.288660943248967
313760 LAGOA SANTA,1059.0,391,1450.0,313760,Lagoa Santa,  3 137 601 ,   75 145,75145.0,19.296027679819016
313770 LAJINHA,241.0,13,254.0,313770,Lajinha,  3 137 700 ,   20 835,20835.0,12.191024718022557
313780 LAMBARI,309.0,33,342.0,313780,Lambari,  3 137 809 ,   20 414,20414.0,16.753208582345447
313790 LAMIM,77.0,-,77.0,313790,Lamim,  3 137 908 ,   3 184,3184.0,24.183417085427138
313800 LARANJAL,90.0,14,104.0,313800,Laranjal,  3 138 005 ,   5 963,5963.0,17.440885460338755
313810 LASSANCE,174.0,-,174.0,313810,Lassance,  3 138 104 ,   7 124,7124.0,24.42448062886019
313820 LAVRAS,1973.0,799,2772.0,313820,Lavras,  3 138 203 ,   104 761,104761.0,26.4602285201554
313830 LEANDRO FERREIRA,43.0,3,46.0,313830,Leandro Ferreira,  3 138 302 ,   3 199,3199.0,14.379493591747421
313835 LEME DO PRADO,65.0,3,68.0,313835,Leme do Prado,  3 138 351 ,   4 341,4341.0,15.6645934116563
313840 LEOPOLDINA,770.0,84,854.0,313840,Leopoldina,  3 138 401 ,   51 145,51145.0,16.697624401212238
313850 LIBERDADE,95.0,32,127.0,313850,Liberdade,  3 138 500 ,   4 737,4737.0,26.81021743719654
313860 LIMA DUARTE,299.0,57,356.0,313860,Lima Duarte,  3 138 609 ,   17 221,17221.0,20.672434817954823
313862 LIMEIRA DO OESTE,189.0,9,198.0,313862,Limeira do Oeste,  3 138 625 ,   8 687,8687.0,22.792678715321745
313865 LONTRA,137.0,6,143.0,313865,Lontra,  3 138 658 ,   8 790,8790.0,16.26848691695108
313867 LUISBURGO,84.0,8,92.0,313867,Luisburgo,  3 138 674 ,   6 956,6956.0,13.225991949396205
313868 LUISLANDIA,75.0,1,76.0,313868,Luislândia,  3 138 682 ,   6 210,6210.0,12.238325281803542
313870 LUMINARIAS,89.0,4,93.0,313870,Luminárias,  3 138 708 ,   5 586,5586.0,16.64876476906552
313880 LUZ,264.0,23,287.0,313880,Luz,  3 138 807 ,   17 875,17875.0,16.055944055944057
313890 MACHACALIS,161.0,3,164.0,313890,Machacalis,  3 138 906 ,   6 487,6487.0,25.28133189455835
313900 MACHADO,618.0,359,977.0,313900,Machado,  3 139 003 ,   37 684,37684.0,25.926122492304426
313910 MADRE DE DEUS DE MINAS,65.0,7,72.0,313910,Madre de Deus de Minas,  3 139 102 ,   5 191,5191.0,13.870159892120979
313920 MALACACHETA,220.0,26,246.0,313920,Malacacheta,  3 139 201 ,   17 516,17516.0,14.04430235213519
313925 MAMONAS,95.0,-,95.0,313925,Mamonas,  3 139 250 ,   5 997,5997.0,15.841253960313491
313930 MANGA,364.0,13,377.0,313930,Manga,  3 139 300 ,   18 886,18886.0,19.961876522291643
313940 MANHUACU,1820.0,519,2339.0,313940,Manhuaçu,  3 139 409 ,   91 886,91886.0,25.45545567333435
313950 MANHUMIRIM,396.0,25,421.0,313950,Manhumirim,  3 139 508 ,   20 613,20613.0,20.424004269150537
313960 MANTENA,494.0,67,561.0,313960,Mantena,  3 139 607 ,   26 535,26535.0,21.141888072357265
313970 MARAVILHAS,107.0,1,108.0,313970,Maravilhas,  3 139 706 ,   7 333,7333.0,14.727942179189965
313980 MAR DE ESPANHA,181.0,36,217.0,313980,Mar de Espanha,  3 139 805 ,   12 721,12721.0,17.058407357912113
313990 MARIA DA FE,140.0,17,157.0,313990,Maria da Fé,  3 139 904 ,   14 247,14247.0,11.019863830981961
314000 MARIANA,1041.0,191,1232.0,314000,Mariana,  3 140 001 ,   61 387,61387.0,20.069395800413766
314010 MARILAC,70.0,-,70.0,314010,Marilac,  3 140 100 ,   4 224,4224.0,16.571969696969695
314015 MARIO CAMPOS,151.0,-,151.0,314015,Mário Campos,  3 140 159 ,   15 900,15900.0,9.49685534591195
314020 MARIPA DE MINAS,66.0,-,66.0,314020,Maripá de Minas,  3 140 209 ,   3 387,3387.0,19.486271036315323
314030 MARLIERIA,80.0,-,80.0,314030,Marliéria,  3 140 308 ,   4 592,4592.0,17.421602787456447
314040 MARMELOPOLIS,38.0,1,39.0,314040,Marmelópolis,  3 140 407 ,   3 200,3200.0,12.1875
314050 MARTINHO CAMPOS,160.0,60,220.0,314050,Martinho Campos,  3 140 506 ,   14 003,14003.0,15.710919088766692
314053 MARTINS SOARES,57.0,3,60.0,314053,Martins Soares,  3 140 530 ,   8 396,8396.0,7.146260123868509
314055 MATA VERDE,80.0,7,87.0,314055,Mata Verde,  3 140 555 ,   9 112,9112.0,9.547848990342407
314060 MATERLANDIA,58.0,1,59.0,314060,Materlândia,  3 140 605 ,   3 963,3963.0,14.887711329800657
314070 MATEUS LEME,546.0,113,659.0,314070,Mateus Leme,  3 140 704 ,   37 841,37841.0,17.414973177241617
314080 MATIAS BARBOSA,194.0,12,206.0,314080,Matias Barbosa,  3 140 803 ,   14 121,14121.0,14.588201968699101
314085 MATIAS CARDOSO,125.0,1,126.0,314085,Matias Cardoso,  3 140 852 ,   8 895,8895.0,14.165261382799326
314090 MATIPO,260.0,20,280.0,314090,Matipó,  3 140 902 ,   18 552,18552.0,15.09271237602415
314100 MATO VERDE,259.0,14,273.0,314100,Mato Verde,  3 141 009 ,   12 038,12038.0,22.67818574514039
314110 MATOZINHOS,371.0,62,433.0,314110,Matozinhos,  3 141 108 ,   37 618,37618.0,11.51044712637567
314120 MATUTINA,75.0,4,79.0,314120,Matutina,  3 141 207 ,   3 814,3814.0,20.713162034609333
314130 MEDEIROS,66.0,2,68.0,314130,Medeiros,  3 141 306 ,   3 900,3900.0,17.435897435897434
314140 MEDINA,311.0,11,322.0,314140,Medina,  3 141 405 ,   20 156,20156.0,15.975391942845803
314150 MENDES PIMENTEL,95.0,1,96.0,314150,Mendes Pimentel,  3 141 504 ,   5 606,5606.0,17.12450945415626
314160 MERCES,133.0,12,145.0,314160,Mercês,  3 141 603 ,   10 373,10373.0,13.978598284006557
314170 MESQUITA,93.0,-,93.0,314170,Mesquita,  3 141 702 ,   5 040,5040.0,18.452380952380953
314180 MINAS NOVAS,389.0,27,416.0,314180,Minas Novas,  3 141 801 ,   24 405,24405.0,17.045687359147717
314190 MINDURI,78.0,4,82.0,314190,Minduri,  3 141 900 ,   3 741,3741.0,21.919272921678694
314200 MIRABELA,302.0,3,305.0,314200,Mirabela,  3 142 007 ,   13 651,13651.0,22.342685517544503
314210 MIRADOURO,182.0,5,187.0,314210,Miradouro,  3 142 106 ,   8 968,8968.0,20.851917930419265
314220 MIRAI,207.0,12,219.0,314220,Miraí,  3 142 205 ,   13 633,13633.0,16.063962444069535
314225 MIRAVANIA,87.0,1,88.0,314225,Miravânia,  3 142 254 ,   3 985,3985.0,22.082810539523212
314230 MOEDA,77.0,1,78.0,314230,Moeda,  3 142 304 ,   5 125,5125.0,15.21951219512195
314240 MOEMA,103.0,2,105.0,314240,Moema,  3 142 403 ,   7 548,7548.0,13.910969793322735
314250 MONJOLOS,72.0,-,72.0,314250,Monjolos,  3 142 502 ,   2 169,2169.0,33.19502074688797
314260 MONSENHOR PAULO,116.0,7,123.0,314260,Monsenhor Paulo,  3 142 601 ,   8 340,8340.0,14.748201438848922
314270 MONTALVANIA,196.0,6,202.0,314270,Montalvânia,  3 142 700 ,   14 060,14060.0,14.366998577524893
314280 MONTE ALEGRE DE MINAS,238.0,2,240.0,314280,Monte Alegre de Minas,  3 142 809 ,   20 170,20170.0,11.898859692612792
314290 MONTE AZUL,370.0,6,376.0,314290,Monte Azul,  3 142 908 ,   20 328,20328.0,18.496654860291226
314300 MONTE BELO,148.0,89,237.0,314300,Monte Belo,  3 143 005 ,   13 046,13046.0,18.166487812356277
314310 MONTE CARMELO,682.0,143,825.0,314310,Monte Carmelo,  3 143 104 ,   47 692,47692.0,17.29849869999161
314315 MONTE FORMOSO,68.0,1,69.0,314315,Monte Formoso,  3 143 153 ,   4 381,4381.0,15.749828806208628
314320 MONTE SANTO DE MINAS,295.0,38,333.0,314320,Monte Santo de Minas,  3 143 203 ,   20 890,20890.0,15.940641455241742
314330 MONTES CLAROS,10443.0,1477,11920.0,314330,Montes Claros,  3 143 302 ,   414 240,414240.0,28.77558903051371
314340 MONTE SIAO,170.0,58,228.0,314340,Monte Sião,  3 143 401 ,   24 089,24089.0,9.464900992154096
314345 MONTEZUMA,124.0,4,128.0,314345,Montezuma,  3 143 450 ,   6 888,6888.0,18.583042973286876
314350 MORADA NOVA DE MINAS,138.0,12,150.0,314350,Morada Nova de Minas,  3 143 500 ,   9 067,9067.0,16.543509429800373
314360 MORRO DA GARCA,47.0,-,47.0,314360,Morro da Garça,  3 143 609 ,   2 411,2411.0,19.493985897967647
314370 MORRO DO PILAR,46.0,1,47.0,314370,Morro do Pilar,  3 143 708 ,   3 133,3133.0,15.001595914458985
314380 MUNHOZ,110.0,1,111.0,314380,Munhoz,  3 143 807 ,   7 451,7451.0,14.89732921755469
314390 MURIAE,3202.0,187,3389.0,314390,Muriaé,  3 143 906 ,   104 108,104108.0,32.55273369961963
314400 MUTUM,328.0,17,345.0,314400,Mutum,  3 144 003 ,   27 635,27635.0,12.48416862674145
314410 MUZAMBINHO,223.0,33,256.0,314410,Muzambinho,  3 144 102 ,   21 891,21891.0,11.694303595084738
314420 NACIP RAYDAN,68.0,-,68.0,314420,Nacip Raydan,  3 144 201 ,   2 459,2459.0,27.653517690117933
314430 NANUQUE,376.0,186,562.0,314430,Nanuque,  3 144 300 ,   35 038,35038.0,16.039728294994006
314435 NAQUE,86.0,14,100.0,314435,Naque,  3 144 359 ,   6 303,6303.0,15.865460891638904
314437 NATALANDIA,91.0,-,91.0,314437,Natalândia,  3 144 375 ,   3 520,3520.0,25.852272727272727
314440 NATERCIA,73.0,5,78.0,314440,Natércia,  3 144 409 ,   4 691,4691.0,16.627584736729908
314450 NAZARENO,149.0,13,162.0,314450,Nazareno,  3 144 508 ,   8 179,8179.0,19.806822349920527
314460 NEPOMUCENO,246.0,16,262.0,314460,Nepomuceno,  3 144 607 ,   25 018,25018.0,10.472459828923174
314465 NINHEIRA,161.0,3,164.0,314465,Ninheira,  3 144 656 ,   10 588,10588.0,15.489233094068759
314467 NOVA BELEM,76.0,4,80.0,314467,Nova Belém,  3 144 672 ,   3 151,3151.0,25.38876547127896
314470 NOVA ERA,166.0,52,218.0,314470,Nova Era,  3 144 706 ,   17 438,17438.0,12.50143365064801
314480 NOVA LIMA,1736.0,826,2562.0,314480,Nova Lima,  3 144 805 ,   111 697,111697.0,22.93705291995309
314490 NOVA MODICA,63.0,3,66.0,314490,Nova Módica,  3 144 904 ,   3 663,3663.0,18.01801801801802
314500 NOVA PONTE,232.0,64,296.0,314500,Nova Ponte,  3 145 000 ,   14 598,14598.0,20.276750239758872
314505 NOVA PORTEIRINHA,68.0,-,68.0,314505,Nova Porteirinha,  3 145 059 ,   6 706,6706.0,10.140172979421413
314510 NOVA RESENDE,161.0,22,183.0,314510,Nova Resende,  3 145 109 ,   16 387,16387.0,11.16738878379203
314520 NOVA SERRANA,1143.0,282,1425.0,314520,Nova Serrana,  3 145 208 ,   105 552,105552.0,13.500454752160072
314530 NOVO CRUZEIRO,286.0,27,313.0,314530,Novo Cruzeiro,  3 145 307 ,   26 975,26975.0,11.603336422613532
314535 NOVO ORIENTE DE MINAS,106.0,1,107.0,314535,Novo Oriente de Minas,  3 145 356 ,   10 275,10275.0,10.413625304136254
314537 NOVORIZONTE,86.0,3,89.0,314537,Novorizonte,  3 145 372 ,   4 571,4571.0,19.470575366440602
314540 OLARIA,70.0,-,70.0,314540,Olaria,  3 145 406 ,   1 945,1945.0,35.98971722365039
314545 OLHOS-D'AGUA,69.0,2,71.0,314545,Olhos-d'Água,  3 145 455 ,   5 385,5385.0,13.18477251624884
314550 OLIMPIO NORONHA,51.0,8,59.0,314550,Olímpio Noronha,  3 145 505 ,   2 555,2555.0,23.091976516634052
314560 OLIVEIRA,873.0,77,950.0,314560,Oliveira,  3 145 604 ,   39 262,39262.0,24.196424023228566
314570 OLIVEIRA FORTES,35.0,-,35.0,314570,Oliveira Fortes,  3 145 703 ,   2 027,2027.0,17.26689689195856
314580 ONCA DE PITANGUI,58.0,-,58.0,314580,Onça de Pitangui,  3 145 802 ,   2 969,2969.0,19.535197036039072
314585 ORATORIOS,57.0,4,61.0,314585,Oratórios,  3 145 851 ,   4 917,4917.0,12.405938580435224
314587 ORIZANIA,90.0,2,92.0,314587,Orizânia,  3 145 877 ,   8 437,8437.0,10.904349887400736
314590 OURO BRANCO,529.0,688,1217.0,314590,Ouro Branco,  3 145 901 ,   38 724,38724.0,31.427538477430016
314600 OURO FINO,365.0,94,459.0,314600,Ouro Fino,  3 146 008 ,   32 094,32094.0,14.30173864273696
314610 OURO PRETO,1379.0,240,1619.0,314610,Ouro Preto,  3 146 107 ,   74 821,74821.0,21.638310100105585
314620 OURO VERDE DE MINAS,131.0,4,135.0,314620,Ouro Verde de Minas,  3 146 206 ,   5 757,5757.0,23.44971339239187
314625 PADRE CARVALHO,93.0,1,94.0,314625,Padre Carvalho,  3 146 255 ,   5 058,5058.0,18.584420719652037
314630 PADRE PARAISO,251.0,12,263.0,314630,Padre Paraíso,  3 146 305 ,   17 334,17334.0,15.172493365639783
314640 PAINEIRAS,65.0,7,72.0,314640,Paineiras,  3 146 404 ,   4 224,4224.0,17.045454545454543
314650 PAINS,117.0,8,125.0,314650,Pains,  3 146 503 ,   8 142,8142.0,15.352493244902973
314655 PAI PEDRO,74.0,3,77.0,314655,Pai Pedro,  3 146 552 ,   5 551,5551.0,13.871374527112232
314660 PAIVA,37.0,-,37.0,314660,Paiva,  3 146 602 ,   1 474,1474.0,25.101763907734057
314670 PALMA,105.0,10,115.0,314670,Palma,  3 146 701 ,   5 707,5707.0,20.150692132468897
314675 PALMOPOLIS,110.0,2,112.0,314675,Palmópolis,  3 146 750 ,   6 301,6301.0,17.774956356133945
314690 PAPAGAIOS,165.0,18,183.0,314690,Papagaios,  3 146 909 ,   13 920,13920.0,13.14655172413793
314700 PARACATU,1261.0,339,1600.0,314700,Paracatu,  3 147 006 ,   94 023,94023.0,17.017112834093783
314710 PARA DE MINAS,1664.0,220,1884.0,314710,Pará de Minas,  3 147 105 ,   97 139,97139.0,19.394887738189606
314720 PARAGUACU,247.0,34,281.0,314720,Paraguaçu,  3 147 204 ,   21 723,21723.0,12.935598213874695
314730 PARAISOPOLIS,241.0,129,370.0,314730,Paraisópolis,  3 147 303 ,   20 445,20445.0,18.09733431156762
314740 PARAOPEBA,294.0,130,424.0,314740,Paraopeba,  3 147 402 ,   24 107,24107.0,17.58825237482889
314750 PASSABEM,37.0,2,39.0,314750,Passabém,  3 147 501 ,   1 600,1600.0,24.375
314760 PASSA QUATRO,218.0,30,248.0,314760,Passa Quatro,  3 147 600 ,   15 515,15515.0,15.984531098936511
314770 PASSA TEMPO,118.0,9,127.0,314770,Passa Tempo,  3 147 709 ,   8 473,8473.0,14.988787914552105
314780 PASSA-VINTE,6.0,1,7.0,314780,Passa Vinte,  3 147 808 ,   2 233,2233.0,3.134796238244514
314790 PASSOS,2871.0,446,3317.0,314790,Passos,  3 147 907 ,   111 939,111939.0,29.63221040030731
314795 PATIS,79.0,-,79.0,314795,Patis,  3 147 956 ,   4 837,4837.0,16.332437461236303
314800 PATOS DE MINAS,3124.0,1824,4948.0,314800,Patos de Minas,  3 148 004 ,   159 235,159235.0,31.073570508996138
314810 PATROCINIO,1466.0,364,1830.0,314810,Patrocínio,  3 148 103 ,   89 826,89826.0,20.372720593146752
314820 PATROCINIO DO MURIAE,96.0,4,100.0,314820,Patrocínio do Muriaé,  3 148 202 ,   5 576,5576.0,17.93400286944046
314830 PAULA CANDIDO,86.0,27,113.0,314830,Paula Cândido,  3 148 301 ,   8 659,8659.0,13.050005774338837
314840 PAULISTAS,77.0,2,79.0,314840,Paulistas,  3 148 400 ,   4 389,4389.0,17.99954431533379
314850 PAVAO,107.0,6,113.0,314850,Pavão,  3 148 509 ,   8 047,8047.0,14.042500310674786
314860 PECANHA,321.0,83,404.0,314860,Peçanha,  3 148 608 ,   17 446,17446.0,23.157170698154307
314870 PEDRA AZUL,395.0,11,406.0,314870,Pedra Azul,  3 148 707 ,   24 410,24410.0,16.632527652601393
314875 PEDRA BONITA,75.0,2,77.0,314875,Pedra Bonita,  3 148 756 ,   7 320,7320.0,10.519125683060109
314880 PEDRA DO ANTA,107.0,2,109.0,314880,Pedra do Anta,  3 148 806 ,   3 311,3311.0,32.92056780428874
314890 PEDRA DO INDAIA,67.0,2,69.0,314890,Pedra do Indaiá,  3 148 905 ,   4 112,4112.0,16.780155642023345
314900 PEDRA DOURADA,45.0,1,46.0,314900,Pedra Dourada,  3 149 002 ,   2 757,2757.0,16.6848023213638
314910 PEDRALVA,125.0,12,137.0,314910,Pedralva,  3 149 101 ,   10 760,10760.0,12.732342007434944
314915 PEDRAS DE MARIA DA CRUZ,119.0,-,119.0,314915,Pedras de Maria da Cruz,  3 149 150 ,   10 433,10433.0,11.406115211348604
314920 PEDRINOPOLIS,71.0,1,72.0,314920,Pedrinópolis,  3 149 200 ,   3 344,3344.0,21.5311004784689
314930 PEDRO LEOPOLDO,592.0,184,776.0,314930,Pedro Leopoldo,  3 149 309 ,   62 580,62580.0,12.400127836369446
314940 PEDRO TEIXEIRA,69.0,1,70.0,314940,Pedro Teixeira,  3 149 408 ,   1 810,1810.0,38.67403314917127
314950 PEQUERI,68.0,-,68.0,314950,Pequeri,  3 149 507 ,   3 351,3351.0,20.29245001492092
314960 PEQUI,93.0,8,101.0,314960,Pequi,  3 149 606 ,   4 155,4155.0,24.308062575210588
314970 PERDIGAO,120.0,5,125.0,314970,Perdigão,  3 149 705 ,   12 268,12268.0,10.189109879360938
314980 PERDIZES,296.0,23,319.0,314980,Perdizes,  3 149 804 ,   17 151,17151.0,18.599498571511866
314990 PERDOES,241.0,21,262.0,314990,Perdões,  3 149 903 ,   21 384,21384.0,12.252151141040029
314995 PERIQUITO,88.0,-,88.0,314995,Periquito,  3 149 952 ,   6 553,6553.0,13.428963833358768
315000 PESCADOR,78.0,14,92.0,315000,Pescador,  3 150 000 ,   3 570,3570.0,25.770308123249297
315010 PIAU,66.0,-,66.0,315010,Piau,  3 150 109 ,   2 796,2796.0,23.605150214592275
315015 PIEDADE DE CARATINGA,87.0,-,87.0,315015,Piedade de Caratinga,  3 150 158 ,   8 529,8529.0,10.20049243756595
315020 PIEDADE DE PONTE NOVA,67.0,1,68.0,315020,Piedade de Ponte Nova,  3 150 208 ,   3 976,3976.0,17.102615694164992
315030 PIEDADE DO RIO GRANDE,100.0,17,117.0,315030,Piedade do Rio Grande,  3 150 307 ,   4 604,4604.0,25.41268462206777
315040 PIEDADE DOS GERAIS,68.0,-,68.0,315040,Piedade dos Gerais,  3 150 406 ,   5 019,5019.0,13.54851564056585
315050 PIMENTA,131.0,16,147.0,315050,Pimenta,  3 150 505 ,   8 563,8563.0,17.166880766086653
315053 PINGO-D'AGUA,85.0,2,87.0,315053,Pingo-d'Água,  3 150 539 ,   4 706,4706.0,18.4870378240544
315057 PINTOPOLIS,118.0,-,118.0,315057,Pintópolis,  3 150 570 ,   7 084,7084.0,16.657255787690573
315060 PIRACEMA,96.0,2,98.0,315060,Piracema,  3 150 604 ,   6 700,6700.0,14.626865671641792
315070 PIRAJUBA,133.0,2,135.0,315070,Pirajuba,  3 150 703 ,   5 537,5537.0,24.381433989525014
315080 PIRANGA,245.0,13,258.0,315080,Piranga,  3 150 802 ,   17 018,17018.0,15.160418380538253
315090 PIRANGUCU,56.0,9,65.0,315090,Piranguçu,  3 150 901 ,   6 041,6041.0,10.759807978811455
315100 PIRANGUINHO,70.0,19,89.0,315100,Piranguinho,  3 151 008 ,   9 120,9120.0,9.758771929824562
315110 PIRAPETINGA,190.0,17,207.0,315110,Pirapetinga,  3 151 107 ,   11 077,11077.0,18.68737022659565
315120 PIRAPORA,1131.0,98,1229.0,315120,Pirapora,  3 151 206 ,   55 606,55606.0,22.10193144624681
315130 PIRAUBA,112.0,43,155.0,315130,Piraúba,  3 151 305 ,   11 610,11610.0,13.350559862187769
315140 PITANGUI,256.0,306,562.0,315140,Pitangui,  3 151 404 ,   26 685,26685.0,21.060520891886828
315150 PIUMHI,813.0,99,912.0,315150,Piumhi,  3 151 503 ,   36 062,36062.0,25.28977871443625
315160 PLANURA,178.0,6,184.0,315160,Planura,  3 151 602 ,   11 145,11145.0,16.509645580978017
315170 POCO FUNDO,418.0,24,442.0,315170,Poço Fundo,  3 151 701 ,   16 390,16390.0,26.967663209273947
315180 POCOS DE CALDAS,3384.0,1946,5330.0,315180,Poços de Caldas,  3 151 800 ,   163 742,163742.0,32.55120860866485
315190 POCRANE,117.0,3,120.0,315190,Pocrane,  3 151 909 ,   8 350,8350.0,14.37125748502994
315200 POMPEU,400.0,135,535.0,315200,Pompéu,  3 152 006 ,   31 047,31047.0,17.231938673623862
315210 PONTE NOVA,1651.0,171,1822.0,315210,Ponte Nova,  3 152 105 ,   57 776,57776.0,31.53558571032955
315213 PONTO CHIQUE,95.0,2,97.0,315213,Ponto Chique,  3 152 131 ,   3 747,3747.0,25.887376567921002
315217 PONTO DOS VOLANTES,147.0,3,150.0,315217,Ponto dos Volantes,  3 152 170 ,   10 883,10883.0,13.782964256179362
315220 PORTEIRINHA,497.0,39,536.0,315220,Porteirinha,  3 152 204 ,   37 438,37438.0,14.317004113467599
315230 PORTO FIRME,131.0,4,135.0,315230,Porto Firme,  3 152 303 ,   10 569,10569.0,12.773204655123475
315240 POTE,202.0,8,210.0,315240,Poté,  3 152 402 ,   13 666,13666.0,15.366603248938974
315250 POUSO ALEGRE,2463.0,886,3349.0,315250,Pouso Alegre,  3 152 501 ,   152 217,152217.0,22.00148472246858
315260 POUSO ALTO,106.0,6,112.0,315260,Pouso Alto,  3 152 600 ,   6 566,6566.0,17.057569296375267
315270 PRADOS,111.0,6,117.0,315270,Prados,  3 152 709 ,   9 048,9048.0,12.931034482758621
315280 PRATA,406.0,47,453.0,315280,Prata,  3 152 808 ,   28 342,28342.0,15.983346270552538
315290 PRATAPOLIS,94.0,9,103.0,315290,Pratápolis,  3 152 907 ,   8 406,8406.0,12.253152510111825
315300 PRATINHA,62.0,3,65.0,315300,Pratinha,  3 153 004 ,   3 559,3559.0,18.26355717898286
315310 PRESIDENTE BERNARDES,128.0,1,129.0,315310,Presidente Bernardes,  3 153 103 ,   4 850,4850.0,26.5979381443299
315320 PRESIDENTE JUSCELINO,83.0,-,83.0,315320,Presidente Juscelino,  3 153 202 ,   3 465,3465.0,23.953823953823953
315330 PRESIDENTE KUBITSCHEK,58.0,-,58.0,315330,Presidente Kubitschek,  3 153 301 ,   3 071,3071.0,18.886356235753826
315340 PRESIDENTE OLEGARIO,244.0,11,255.0,315340,Presidente Olegário,  3 153 400 ,   18 765,18765.0,13.589128697042366
315350 ALTO JEQUITIBA,84.0,6,90.0,315350,Alto Jequitibá,  3 153 509 ,   8 397,8397.0,10.718113612004288
315360 PRUDENTE DE MORAIS,140.0,-,140.0,315360,Prudente de Morais,  3 153 608 ,   11 466,11466.0,12.21001221001221
315370 QUARTEL GERAL,61.0,-,61.0,315370,Quartel Geral,  3 153 707 ,   3 179,3179.0,19.188424032714693
315380 QUELUZITO,38.0,-,38.0,315380,Queluzito,  3 153 806 ,   1 770,1770.0,21.468926553672315
315390 RAPOSOS,154.0,5,159.0,315390,Raposos,  3 153 905 ,   16 279,16279.0,9.767184716505927
315400 RAUL SOARES,336.0,38,374.0,315400,Raul Soares,  3 154 002 ,   23 423,23423.0,15.967211714981
315410 RECREIO,140.0,3,143.0,315410,Recreio,  3 154 101 ,   11 007,11007.0,12.9917325338421
315415 REDUTO,82.0,1,83.0,315415,Reduto,  3 154 150 ,   7 848,7848.0,10.575942915392456
315420 RESENDE COSTA,176.0,52,228.0,315420,Resende Costa,  3 154 200 ,   11 230,11230.0,20.302760463045413
315430 RESPLENDOR,360.0,24,384.0,315430,Resplendor,  3 154 309 ,   17 226,17226.0,22.291884360849878
315440 RESSAQUINHA,118.0,5,123.0,315440,Ressaquinha,  3 154 408 ,   4 548,4548.0,27.04485488126649
315445 RIACHINHO,101.0,4,105.0,315445,Riachinho,  3 154 457 ,   6 863,6863.0,15.299431735392684
315450 RIACHO DOS MACHADOS,120.0,9,129.0,315450,Riacho dos Machados,  3 154 507 ,   8 756,8756.0,14.732754682503426
315460 RIBEIRAO DAS NEVES,2370.0,221,2591.0,315460,Ribeirão das Neves,  3 154 606 ,   329 794,329794.0,7.85641946184588
315470 RIBEIRAO VERMELHO,67.0,5,72.0,315470,Ribeirão Vermelho,  3 154 705 ,   4 080,4080.0,17.647058823529413
315480 RIO ACIMA,139.0,-,139.0,315480,Rio Acima,  3 154 804 ,   10 261,10261.0,13.546437969008869
315490 RIO CASCA,202.0,82,284.0,315490,Rio Casca,  3 154 903 ,   12 789,12789.0,22.206583782938463
315500 RIO DOCE,49.0,-,49.0,315500,Rio Doce,  3 155 009 ,   2 484,2484.0,19.726247987117553
315510 RIO DO PRADO,96.0,1,97.0,315510,Rio do Prado,  3 155 108 ,   4 639,4639.0,20.909678810088383
315520 RIO ESPERA,94.0,1,95.0,315520,Rio Espera,  3 155 207 ,   5 429,5429.0,17.49861853011604
315530 RIO MANSO,68.0,-,68.0,315530,Rio Manso,  3 155 306 ,   5 568,5568.0,12.212643678160921
315540 RIO NOVO,145.0,27,172.0,315540,Rio Novo,  3 155 405 ,   8 518,8518.0,20.192533458558348
315550 RIO PARANAIBA,145.0,23,168.0,315550,Rio Paranaíba,  3 155 504 ,   14 532,14532.0,11.560693641618496
315560 RIO PARDO DE MINAS,361.0,15,376.0,315560,Rio Pardo de Minas,  3 155 603 ,   28 271,28271.0,13.299847900675603
315570 RIO PIRACICABA,160.0,18,178.0,315570,Rio Piracicaba,  3 155 702 ,   14 631,14631.0,12.165949012370994
315580 RIO POMBA,283.0,40,323.0,315580,Rio Pomba,  3 155 801 ,   17 443,17443.0,18.51745685948518
315590 RIO PRETO,133.0,14,147.0,315590,Rio Preto,  3 155 900 ,   5 141,5141.0,28.593658821241004
315600 RIO VERMELHO,174.0,18,192.0,315600,Rio Vermelho,  3 156 007 ,   12 641,12641.0,15.188671782295705
315610 RITAPOLIS,71.0,4,75.0,315610,Ritápolis,  3 156 106 ,   4 994,4994.0,15.01802162595114
315620 ROCHEDO DE MINAS,55.0,-,55.0,315620,Rochedo de Minas,  3 156 205 ,   2 291,2291.0,24.00698384984723
315630 RODEIRO,74.0,10,84.0,315630,Rodeiro,  3 156 304 ,   8 664,8664.0,9.69529085872576
315640 ROMARIA,58.0,1,59.0,315640,Romaria,  3 156 403 ,   3 386,3386.0,17.424689899586532
315645 ROSARIO DA LIMEIRA,45.0,8,53.0,315645,Rosário da Limeira,  3 156 452 ,   4 734,4734.0,11.195606252640474
315650 RUBELITA,96.0,-,96.0,315650,Rubelita,  3 156 502 ,   5 679,5679.0,16.904384574749077
315660 RUBIM,167.0,7,174.0,315660,Rubim,  3 156 601 ,   10 298,10298.0,16.896484754321225
315670 SABARA,1040.0,104,1144.0,315670,Sabará,  3 156 700 ,   129 380,129380.0,8.842170350904313
315680 SABINOPOLIS,174.0,9,183.0,315680,Sabinópolis,  3 156 809 ,   14 240,14240.0,12.851123595505618
315690 SACRAMENTO,592.0,105,697.0,315690,Sacramento,  3 156 908 ,   26 670,26670.0,26.134233220847396
315700 SALINAS,751.0,127,878.0,315700,Salinas,  3 157 005 ,   40 178,40178.0,21.852755239185623
315710 SALTO DA DIVISA,119.0,6,125.0,315710,Salto da Divisa,  3 157 104 ,   6 110,6110.0,20.458265139116204
315720 SANTA BARBARA,298.0,113,411.0,315720,Santa Bárbara,  3 157 203 ,   30 466,30466.0,13.490448368673274
315725 SANTA BARBARA DO LESTE,67.0,-,67.0,315725,Santa Bárbara do Leste,  3 157 252 ,   8 458,8458.0,7.921494443130764
315727 SANTA BARBARA DO MONTE VERDE,79.0,-,79.0,315727,Santa Bárbara do Monte Verde,  3 157 278 ,   3 095,3095.0,25.525040387722132
315730 SANTA BARBARA DO TUGURIO,50.0,-,50.0,315730,Santa Bárbara do Tugúrio,  3 157 302 ,   4 208,4208.0,11.88212927756654
315733 SANTA CRUZ DE MINAS,81.0,7,88.0,315733,Santa Cruz de Minas,  3 157 336 ,   8 109,8109.0,10.852139597977557
315737 SANTA CRUZ DE SALINAS,76.0,-,76.0,315737,Santa Cruz de Salinas,  3 157 377 ,   3 910,3910.0,19.437340153452684
315740 SANTA CRUZ DO ESCALVADO,67.0,-,67.0,315740,Santa Cruz do Escalvado,  3 157 401 ,   4 673,4673.0,14.33768457093944
315750 SANTA EFIGENIA DE MINAS,63.0,-,63.0,315750,Santa Efigênia de Minas,  3 157 500 ,   4 039,4039.0,15.59792027729636
315760 SANTA FE DE MINAS,73.0,-,73.0,315760,Santa Fé de Minas,  3 157 609 ,   3 522,3522.0,20.72685973878478
315765 SANTA HELENA DE MINAS,124.0,3,127.0,315765,Santa Helena de Minas,  3 157 658 ,   5 938,5938.0,21.387672617042774
315770 SANTA JULIANA,183.0,26,209.0,315770,Santa Juliana,  3 157 708 ,   15 734,15734.0,13.283335451887632
315780 SANTA LUZIA,1605.0,362,1967.0,315780,Santa Luzia,  3 157 807 ,   219 132,219132.0,8.976324772283371
315790 SANTA MARGARIDA,176.0,12,188.0,315790,Santa Margarida,  3 157 906 ,   16 395,16395.0,11.466910643488868
315800 SANTA MARIA DE ITABIRA,113.0,20,133.0,315800,Santa Maria de Itabira,  3 158 003 ,   10 485,10485.0,12.68478779208393
315810 SANTA MARIA DO SALTO,109.0,5,114.0,315810,Santa Maria do Salto,  3 158 102 ,   4 755,4755.0,23.974763406940063
315820 SANTA MARIA DO SUACUI,277.0,20,297.0,315820,Santa Maria do Suaçuí,  3 158 201 ,   12 788,12788.0,23.224898342195807
315830 SANTANA DA VARGEM,81.0,2,83.0,315830,Santana da Vargem,  3 158 300 ,   6 691,6691.0,12.404722761918995
315840 SANTANA DE CATAGUASES,43.0,1,44.0,315840,Santana de Cataguases,  3 158 409 ,   3 489,3489.0,12.611063341931786
315850 SANTANA DE PIRAPAMA,102.0,1,103.0,315850,Santana de Pirapama,  3 158 508 ,   7 030,7030.0,14.65149359886202
315860 SANTANA DO DESERTO,89.0,1,90.0,315860,Santana do Deserto,  3 158 607 ,   3 747,3747.0,24.01921537229784
315870 SANTANA DO GARAMBEU,55.0,-,55.0,315870,Santana do Garambéu,  3 158 706 ,   2 137,2137.0,25.73701450631727
315880 SANTANA DO JACARE,86.0,2,88.0,315880,Santana do Jacaré,  3 158 805 ,   4 214,4214.0,20.8827717133365
315890 SANTANA DO MANHUACU,104.0,6,110.0,315890,Santana do Manhuaçu,  3 158 904 ,   8 987,8987.0,12.239902080783354
315895 SANTANA DO PARAISO,320.0,42,362.0,315895,Santana do Paraíso,  3 158 953 ,   44 800,44800.0,8.080357142857142
315900 SANTANA DO RIACHO,77.0,-,77.0,315900,Santana do Riacho,  3 159 001 ,   5 313,5313.0,14.492753623188406
315910 SANTANA DOS MONTES,44.0,-,44.0,315910,Santana dos Montes,  3 159 100 ,   3 469,3469.0,12.683770539060248
315920 SANTA RITA DE CALDAS,87.0,20,107.0,315920,Santa Rita de Caldas,  3 159 209 ,   8 460,8460.0,12.647754137115838
315930 SANTA RITA DE JACUTINGA,87.0,2,89.0,315930,Santa Rita de Jacutinga,  3 159 308 ,   4 755,4755.0,18.71713985278654
315935 SANTA RITA DE MINAS,81.0,2,83.0,315935,Santa Rita de Minas,  3 159 357 ,   6 773,6773.0,12.254540085634135
315940 SANTA RITA DE IBITIPOCA,50.0,-,50.0,315940,Santa Rita de Ibitipoca,  3 159 407 ,   3 301,3301.0,15.146925174189638
315950 SANTA RITA DO ITUETO,94.0,3,97.0,315950,Santa Rita do Itueto,  3 159 506 ,   5 826,5826.0,16.649502231376587
315960 SANTA RITA DO SAPUCAI,435.0,318,753.0,315960,Santa Rita do Sapucaí,  3 159 605 ,   40 635,40635.0,18.530823181985973
315970 SANTA ROSA DA SERRA,81.0,5,86.0,315970,Santa Rosa da Serra,  3 159 704 ,   3 382,3382.0,25.4287403903016
315980 SANTA VITORIA,324.0,30,354.0,315980,Santa Vitória,  3 159 803 ,   20 973,20973.0,16.87884422829352
315990 SANTO ANTONIO DO AMPARO,374.0,107,481.0,315990,Santo Antônio do Amparo,  3 159 902 ,   17 285,17285.0,27.827596181660397
316000 SANTO ANTONIO DO AVENTUREIRO,52.0,1,53.0,316000,Santo Antônio do Aventureiro,  3 160 009 ,   3 769,3769.0,14.06208543380207
316010 SANTO ANTONIO DO GRAMA,67.0,2,69.0,316010,Santo Antônio do Grama,  3 160 108 ,   4 229,4229.0,16.315913927642466
316020 SANTO ANTONIO DO ITAMBE,77.0,3,80.0,316020,Santo Antônio do Itambé,  3 160 207 ,   3 915,3915.0,20.434227330779056
316030 SANTO ANTONIO DO JACINTO,147.0,1,148.0,316030,Santo Antônio do Jacinto,  3 160 306 ,   10 327,10327.0,14.331364384622832
316040 SANTO ANTONIO DO MONTE,565.0,31,596.0,316040,Santo Antônio do Monte,  3 160 405 ,   27 295,27295.0,21.835501007510533
316045 SANTO ANTONIO DO RETIRO,127.0,2,129.0,316045,Santo Antônio do Retiro,  3 160 454 ,   6 629,6629.0,19.459948710212704
316050 SANTO ANTONIO DO RIO ABAIXO,30.0,-,30.0,316050,Santo Antônio do Rio Abaixo,  3 160 504 ,   1 808,1808.0,16.5929203539823
316060 SANTO HIPOLITO,58.0,-,58.0,316060,Santo Hipólito,  3 160 603 ,   2 717,2717.0,21.347073978652926
316070 SANTOS DUMONT,675.0,95,770.0,316070,Santos Dumont,  3 160 702 ,   42 406,42406.0,18.157807857378675
316080 SAO BENTO ABADE,84.0,-,84.0,316080,São Bento Abade,  3 160 801 ,   4 713,4713.0,17.82304264799491
316090 SAO BRAS DO SUACUI,76.0,7,83.0,316090,São Brás do Suaçuí,  3 160 900 ,   3 989,3989.0,20.80721985460015
316095 SAO DOMINGOS DAS DORES,71.0,2,73.0,316095,São Domingos das Dores,  3 160 959 ,   5 626,5626.0,12.975471027372912
316100 SAO DOMINGOS DO PRATA,227.0,35,262.0,316100,São Domingos do Prata,  3 161 007 ,   17 392,17392.0,15.064397424103037
316105 SAO FELIX DE MINAS,116.0,-,116.0,316105,São Félix de Minas,  3 161 056 ,   3 200,3200.0,36.25
316110 SAO FRANCISCO,635.0,27,662.0,316110,São Francisco,  3 161 106 ,   52 762,52762.0,12.546908760092492
316120 SAO FRANCISCO DE PAULA,68.0,-,68.0,316120,São Francisco de Paula,  3 161 205 ,   6 187,6187.0,10.990787134313885
316130 SAO FRANCISCO DE SALES,106.0,7,113.0,316130,São Francisco de Sales,  3 161 304 ,   5 732,5732.0,19.713886950453595
316140 SAO FRANCISCO DO GLORIA,84.0,4,88.0,316140,São Francisco do Glória,  3 161 403 ,   4 800,4800.0,18.333333333333332
316150 SAO GERALDO,82.0,2,84.0,316150,São Geraldo,  3 161 502 ,   10 282,10282.0,8.16961680606886
316160 SAO GERALDO DA PIEDADE,54.0,-,54.0,316160,São Geraldo da Piedade,  3 161 601 ,   3 305,3305.0,16.338880484114977
316165 SAO GERALDO DO BAIXIO,52.0,-,52.0,316165,São Geraldo do Baixio,  3 161 650 ,   3 143,3143.0,16.54470251352211
316170 SAO GONCALO DO ABAETE,101.0,8,109.0,316170,São Gonçalo do Abaeté,  3 161 700 ,   7 375,7375.0,14.779661016949154
316180 SAO GONCALO DO PARA,148.0,19,167.0,316180,São Gonçalo do Pará,  3 161 809 ,   11 770,11770.0,14.188615123194563
316190 SAO GONCALO DO RIO ABAIXO,280.0,30,310.0,316190,São Gonçalo do Rio Abaixo,  3 161 908 ,   11 850,11850.0,26.160337552742615
316200 SAO GONCALO DO SAPUCAI,351.0,42,393.0,316200,São Gonçalo do Sapucaí,  3 162 005 ,   23 959,23959.0,16.4030218289578
316210 SAO GOTARDO,524.0,159,683.0,316210,São Gotardo,  3 162 104 ,   40 910,40910.0,16.69518455145441
316220 SAO JOAO BATISTA DO GLORIA,140.0,3,143.0,316220,São João Batista do Glória,  3 162 203 ,   7 652,7652.0,18.687924725561945
316225 SAO JOAO DA LAGOA,97.0,-,97.0,316225,São João da Lagoa,  3 162 252 ,   4 822,4822.0,20.116134384073
316230 SAO JOAO DA MATA,50.0,1,51.0,316230,São João da Mata,  3 162 302 ,   2 914,2914.0,17.501715854495536
316240 SAO JOAO DA PONTE,355.0,7,362.0,316240,São João da Ponte,  3 162 401 ,   23 930,23930.0,15.127455077308817
316245 SAO JOAO DAS MISSOES,241.0,2,243.0,316245,São João das Missões,  3 162 450 ,   13 024,13024.0,18.657862407862407
316250 SAO JOAO DEL REI,2287.0,444,2731.0,316250,São João del Rei,  3 162 500 ,   90 225,90225.0,30.26877251316154
316255 SAO JOAO DO MANHUACU,96.0,2,98.0,316255,São João do Manhuaçu,  3 162 559 ,   11 246,11246.0,8.714209496709941
316257 SAO JOAO DO MANTENINHA,92.0,1,93.0,316257,São João do Manteninha,  3 162 575 ,   5 331,5331.0,17.445132245357343
316260 SAO JOAO DO ORIENTE,90.0,-,90.0,316260,São João do Oriente,  3 162 609 ,   7 070,7070.0,12.72984441301273
316265 SAO JOAO DO PACUI,76.0,2,78.0,316265,São João do Pacuí,  3 162 658 ,   3 972,3972.0,19.637462235649547
316270 SAO JOAO DO PARAISO,358.0,15,373.0,316270,São João do Paraíso,  3 162 708 ,   23 910,23910.0,15.60016729401924
316280 SAO JOAO EVANGELISTA,253.0,15,268.0,316280,São João Evangelista,  3 162 807 ,   15 315,15315.0,17.49918380672543
316290 SAO JOAO NEPOMUCENO,348.0,85,433.0,316290,São João Nepomuceno,  3 162 906 ,   25 565,25565.0,16.93721885390182
316292 SAO JOAQUIM DE BICAS,484.0,28,512.0,316292,São Joaquim de Bicas,  3 162 922 ,   34 348,34348.0,14.90625363922208
316294 SAO JOSE DA BARRA,129.0,3,132.0,316294,São José da Barra,  3 162 948 ,   7 793,7793.0,16.938277941742587
316295 SAO JOSE DA LAPA,286.0,30,316.0,316295,São José da Lapa,  3 162 955 ,   26 090,26090.0,12.111920275967805
316300 SAO JOSE DA SAFIRA,63.0,-,63.0,316300,São José da Safira,  3 163 003 ,   3 806,3806.0,16.55281135049921
316310 SAO JOSE DA VARGINHA,89.0,4,93.0,316310,São José da Varginha,  3 163 102 ,   4 536,4536.0,20.502645502645503
316320 SAO JOSE DO ALEGRE,46.0,3,49.0,316320,São José do Alegre,  3 163 201 ,   4 133,4133.0,11.855794822163078
316330 SAO JOSE DO DIVINO,71.0,2,73.0,316330,São José do Divino,  3 163 300 ,   3 464,3464.0,21.07390300230947
316340 SAO JOSE DO GOIABAL,94.0,-,94.0,316340,São José do Goiabal,  3 163 409 ,   5 396,5396.0,17.420311341734617
316350 SAO JOSE DO JACURI,88.0,1,89.0,316350,São José do Jacuri,  3 163 508 ,   6 197,6197.0,14.361787961917058
316360 SAO JOSE DO MANTIMENTO,59.0,1,60.0,316360,São José do Mantimento,  3 163 607 ,   2 753,2753.0,21.794406102433708
316370 SAO LOURENCO,1191.0,326,1517.0,316370,São Lourenço,  3 163 706 ,   44 798,44798.0,33.86311888923613
316380 SAO MIGUEL DO ANTA,90.0,8,98.0,316380,São Miguel do Anta,  3 163 805 ,   6 334,6334.0,15.472055573097569
316390 SAO PEDRO DA UNIAO,65.0,3,68.0,316390,São Pedro da União,  3 163 904 ,   4 885,4885.0,13.920163766632548
316400 SAO PEDRO DOS FERROS,71.0,11,82.0,316400,São Pedro dos Ferros,  3 164 001 ,   7 166,7166.0,11.442924923248674
316410 SAO PEDRO DO SUACUI,49.0,-,49.0,316410,São Pedro do Suaçuí,  3 164 100 ,   5 103,5103.0,9.602194787379974
316420 SAO ROMAO,112.0,-,112.0,316420,São Romão,  3 164 209 ,   10 315,10315.0,10.857973824527388
316430 SAO ROQUE DE MINAS,97.0,2,99.0,316430,São Roque de Minas,  3 164 308 ,   7 129,7129.0,13.886940664889886
316440 SAO SEBASTIAO DA BELA VISTA,58.0,1,59.0,316440,São Sebastião da Bela Vista,  3 164 407 ,   6 387,6387.0,9.237513699702522
316443 SAO SEBASTIAO DA VARGEM ALEGRE,62.0,-,62.0,316443,São Sebastião da Vargem Alegre,  3 164 431 ,   3 113,3113.0,19.916479280436874
316447 SAO SEBASTIAO DO ANTA,75.0,5,80.0,316447,São Sebastião do Anta,  3 164 472 ,   6 194,6194.0,12.915724895059734
316450 SAO SEBASTIAO DO MARANHAO,132.0,6,138.0,316450,São Sebastião do Maranhão,  3 164 506 ,   10 079,10079.0,13.691834507391606
316460 SAO SEBASTIAO DO OESTE,94.0,4,98.0,316460,São Sebastião do Oeste,  3 164 605 ,   8 815,8815.0,11.117413499716394
316470 SAO SEBASTIAO DO PARAISO,1711.0,276,1987.0,316470,São Sebastião do Paraíso,  3 164 704 ,   71 796,71796.0,27.675636525711738
316480 SAO SEBASTIAO DO RIO PRETO,40.0,-,40.0,316480,São Sebastião do Rio Preto,  3 164 803 ,   1 259,1259.0,31.77124702144559
316490 SAO SEBASTIAO DO RIO VERDE,47.0,1,48.0,316490,São Sebastião do Rio Verde,  3 164 902 ,   2 300,2300.0,20.869565217391305
316500 SAO TIAGO,158.0,25,183.0,316500,São Tiago,  3 165 008 ,   11 192,11192.0,16.35096497498213
316510 SAO TOMAS DE AQUINO,101.0,2,103.0,316510,São Tomás de Aquino,  3 165 107 ,   6 740,6740.0,15.281899109792285
316520 SAO THOME DAS LETRAS,108.0,40,148.0,316520,São Tomé das Letras,  3 165 206 ,   6 904,6904.0,21.436848203939746
316530 SAO VICENTE DE MINAS,124.0,18,142.0,316530,São Vicente de Minas,  3 165 305 ,   6 804,6804.0,20.870076425631982
316540 SAPUCAI-MIRIM,73.0,4,77.0,316540,Sapucaí-Mirim,  3 165 404 ,   6 311,6311.0,12.200919030264616
316550 SARDOA,87.0,-,87.0,316550,Sardoá,  3 165 503 ,   5 104,5104.0,17.045454545454543
316553 SARZEDO,582.0,73,655.0,316553,Sarzedo,  3 165 537 ,   36 844,36844.0,17.777657149060904
316555 SETUBINHA,96.0,1,97.0,316555,Setubinha,  3 165 552 ,   9 917,9917.0,9.781183825753756
316556 SEM-PEIXE,58.0,-,58.0,316556,Sem-Peixe,  3 165 560 ,   2 433,2433.0,23.83888203863543
316557 SENADOR AMARAL,83.0,2,85.0,316557,Senador Amaral,  3 165 578 ,   6 206,6206.0,13.696422816629068
316560 SENADOR CORTES,33.0,-,33.0,316560,Senador Cortes,  3 165 602 ,   2 240,2240.0,14.732142857142858
316570 SENADOR FIRMINO,147.0,16,163.0,316570,Senador Firmino,  3 165 701 ,   7 716,7716.0,21.124935199585277
316580 SENADOR JOSE BENTO,37.0,-,37.0,316580,Senador José Bento,  3 165 800 ,   2 068,2068.0,17.891682785299807
316590 SENADOR MODESTINO GONCALVES,91.0,-,91.0,316590,Senador Modestino Gonçalves,  3 165 909 ,   4 008,4008.0,22.704590818363272
316600 SENHORA DE OLIVEIRA,78.0,1,79.0,316600,Senhora de Oliveira,  3 166 006 ,   5 483,5483.0,14.40817070946562
316610 SENHORA DO PORTO,56.0,1,57.0,316610,Senhora do Porto,  3 166 105 ,   3 067,3067.0,18.584936419954353
316620 SENHORA DOS REMEDIOS,75.0,37,112.0,316620,Senhora dos Remédios,  3 166 204 ,   10 384,10384.0,10.785824345146379
316630 SERICITA,99.0,5,104.0,316630,Sericita,  3 166 303 ,   7 345,7345.0,14.15929203539823
316640 SERITINGA,48.0,6,54.0,316640,Seritinga,  3 166 402 ,   1 819,1819.0,29.686641011544808
316650 SERRA AZUL DE MINAS,65.0,2,67.0,316650,Serra Azul de Minas,  3 166 501 ,   3 792,3792.0,17.668776371308017
316660 SERRA DA SAUDADE,29.0,-,29.0,316660,Serra da Saudade,  3 166 600 ,833,833.0,34.813925570228086
316670 SERRA DOS AIMORES,80.0,-,80.0,316670,Serra dos Aimorés,  3 166 709 ,   6 944,6944.0,11.520737327188941
316680 SERRA DO SALITRE,241.0,28,269.0,316680,Serra do Salitre,  3 166 808 ,   11 801,11801.0,22.794678417083297
316690 SERRANIA,84.0,2,86.0,316690,Serrania,  3 166 907 ,   7 621,7621.0,11.284608319118226
316695 SERRANOPOLIS DE MINAS,57.0,-,57.0,316695,Serranópolis de Minas,  3 166 956 ,   4 399,4399.0,12.957490338713344
316700 SERRANOS,51.0,-,51.0,316700,Serranos,  3 167 004 ,   1 990,1990.0,25.628140703517587
316710 SERRO,301.0,8,309.0,316710,Serro,  3 167 103 ,   21 952,21952.0,14.076166180758017
316720 SETE LAGOAS,3925.0,1162,5087.0,316720,Sete Lagoas,  3 167 202 ,   227 397,227397.0,22.370567773541428
316730 SILVEIRANIA,48.0,-,48.0,316730,Silveirânia,  3 167 301 ,   2 323,2323.0,20.662935858803273
316740 SILVIANOPOLIS,62.0,5,67.0,316740,Silvianópolis,  3 167 400 ,   6 179,6179.0,10.843178507849165
316750 SIMAO PEREIRA,69.0,-,69.0,316750,Simão Pereira,  3 167 509 ,   2 947,2947.0,23.41364099083814
316760 SIMONESIA,190.0,10,200.0,316760,Simonésia,  3 167 608 ,   19 750,19750.0,10.126582278481013
316770 SOBRALIA,97.0,18,115.0,316770,Sobrália,  3 167 707 ,   5 137,5137.0,22.38660696904808
316780 SOLEDADE DE MINAS,40.0,3,43.0,316780,Soledade de Minas,  3 167 806 ,   5 613,5613.0,7.660787457687511
316790 TABULEIRO,77.0,2,79.0,316790,Tabuleiro,  3 167 905 ,   4 014,4014.0,19.68111609367215
316800 TAIOBEIRAS,936.0,21,957.0,316800,Taiobeiras,  3 168 002 ,   33 050,33050.0,28.956127080181545
316805 TAPARUBA,87.0,-,87.0,316805,Taparuba,  3 168 051 ,   3 387,3387.0,25.686448184233832
316810 TAPIRA,76.0,6,82.0,316810,Tapira,  3 168 101 ,   4 118,4118.0,19.912578921806702
316820 TAPIRAI,45.0,-,45.0,316820,Tapiraí,  3 168 200 ,   1 690,1690.0,26.627218934911244
316830 TAQUARACU DE MINAS,75.0,1,76.0,316830,Taquaraçu de Minas,  3 168 309 ,   4 224,4224.0,17.992424242424242
316840 TARUMIRIM,217.0,6,223.0,316840,Tarumirim,  3 168 408 ,   14 709,14709.0,15.160785913386363
316850 TEIXEIRAS,193.0,13,206.0,316850,Teixeiras,  3 168 507 ,   12 255,12255.0,16.809465524275804
316860 TEOFILO OTONI,4015.0,454,4469.0,316860,Teófilo Otoni,  3 168 606 ,   137 418,137418.0,32.52121265045336
316870 TIMOTEO,1069.0,418,1487.0,316870,Timóteo,  3 168 705 ,   81 579,81579.0,18.22773017565795
316880 TIRADENTES,92.0,16,108.0,316880,Tiradentes,  3 168 804 ,   7 744,7744.0,13.946280991735538
316890 TIROS,103.0,9,112.0,316890,Tiros,  3 168 903 ,   7 883,7883.0,14.207788912850438
316900 TOCANTINS,139.0,12,151.0,316900,Tocantins,  3 169 000 ,   16 185,16185.0,9.329626197096076
316905 TOCOS DO MOJI,44.0,6,50.0,316905,Tocos do Moji,  3 169 059 ,   3 826,3826.0,13.068478829064295
316910 TOLEDO,74.0,1,75.0,316910,Toledo,  3 169 109 ,   7 214,7214.0,10.396451344607708
316920 TOMBOS,156.0,51,207.0,316920,Tombos,  3 169 208 ,   8 609,8609.0,24.044604483679873
316930 TRES CORACOES,1204.0,384,1588.0,316930,Três Corações,  3 169 307 ,   75 485,75485.0,21.03729217725376
316935 TRES MARIAS,426.0,91,517.0,316935,Três Marias,  3 169 356 ,   28 895,28895.0,17.892368921958816
316940 TRES PONTAS,935.0,388,1323.0,316940,Três Pontas,  3 169 406 ,   55 255,55255.0,23.943534521762736
316950 TUMIRITINGA,90.0,19,109.0,316950,Tumiritinga,  3 169 505 ,   5 886,5886.0,18.51851851851852
316960 TUPACIGUARA,446.0,51,497.0,316960,Tupaciguara,  3 169 604 ,   25 470,25470.0,19.513152728700433
316970 TURMALINA,307.0,42,349.0,316970,Turmalina,  3 169 703 ,   20 000,20000.0,17.45
316980 TURVOLANDIA,67.0,2,69.0,316980,Turvolândia,  3 169 802 ,   4 935,4935.0,13.98176291793313
316990 UBA,1873.0,371,2244.0,316990,Ubá,  3 169 901 ,   103 365,103365.0,21.709476128283267
317000 UBAI,157.0,6,163.0,317000,Ubaí,  3 170 008 ,   11 708,11708.0,13.922104543901606
317005 UBAPORANGA,137.0,4,141.0,317005,Ubaporanga,  3 170 057 ,   13 017,13017.0,10.831988937543212
317010 UBERABA,7827.0,2576,10403.0,317010,Uberaba,  3 170 107 ,   337 836,337836.0,30.79304751417848
317020 UBERLANDIA,13079.0,13080,26159.0,317020,Uberlândia,  3 170 206 ,   713 224,713224.0,36.67711686651038
317030 UMBURATIBA,54.0,-,54.0,317030,Umburatiba,  3 170 305 ,   2 684,2684.0,20.119225037257824
317040 UNAI,1147.0,609,1756.0,317040,Unaí,  3 170 404 ,   86 619,86619.0,20.27268844018056
317043 UNIAO DE MINAS,82.0,1,83.0,317043,União de Minas,  3 170 438 ,   3 828,3828.0,21.68234064785789
317047 URUANA DE MINAS,91.0,-,91.0,317047,Uruana de Minas,  3 170 479 ,   3 282,3282.0,27.726995734308346
317050 URUCANIA,115.0,3,118.0,317050,Urucânia,  3 170 503 ,   10 600,10600.0,11.132075471698112
317052 URUCUIA,239.0,13,252.0,317052,Urucuia,  3 170 529 ,   17 479,17479.0,14.417300760913095
317057 VARGEM ALEGRE,65.0,5,70.0,317057,Vargem Alegre,  3 170 578 ,   5 780,5780.0,12.110726643598616
317060 VARGEM BONITA,44.0,-,44.0,317060,Vargem Bonita,  3 170 602 ,   2 158,2158.0,20.389249304911957
317065 VARGEM GRANDE DO RIO PARDO,133.0,5,138.0,317065,Vargem Grande do Rio Pardo,  3 170 651 ,   4 633,4633.0,29.78631556227067
317070 VARGINHA,2524.0,931,3455.0,317070,Varginha,  3 170 701 ,   136 467,136467.0,25.317476019843625
317075 VARJAO DE MINAS,120.0,4,124.0,317075,Varjão de Minas,  3 170 750 ,   6 969,6969.0,17.793083656191705
317080 VARZEA DA PALMA,444.0,38,482.0,317080,Várzea da Palma,  3 170 800 ,   33 744,33744.0,14.284020862968232
317090 VARZELANDIA,245.0,4,249.0,317090,Varzelândia,  3 170 909 ,   18 840,18840.0,13.21656050955414
317100 VAZANTE,325.0,88,413.0,317100,Vazante,  3 171 006 ,   19 975,19975.0,20.67584480600751
317103 VERDELANDIA,159.0,16,175.0,317103,Verdelândia,  3 171 030 ,   7 672,7672.0,22.81021897810219
317107 VEREDINHA,81.0,1,82.0,317107,Veredinha,  3 171 071 ,   5 181,5181.0,15.827060413047674
317110 VERISSIMO,77.0,-,77.0,317110,Veríssimo,  3 171 105 ,   3 411,3411.0,22.57402521254764
317115 VERMELHO NOVO,59.0,16,75.0,317115,Vermelho Novo,  3 171 154 ,   4 899,4899.0,15.309246785058175
317120 VESPASIANO,1465.0,314,1779.0,317120,Vespasiano,  3 171 204 ,   129 246,129246.0,13.764449189916903
317130 VICOSA,1350.0,734,2084.0,317130,Viçosa,  3 171 303 ,   76 430,76430.0,27.26678006018579
317140 VIEIRAS,75.0,-,75.0,317140,Vieiras,  3 171 402 ,   3 700,3700.0,20.27027027027027
317150 MATHIAS LOBATO,77.0,1,78.0,317150,Mathias Lobato,  3 171 501 ,   3 038,3038.0,25.674786043449636
317160 VIRGEM DA LAPA,145.0,12,157.0,317160,Virgem da Lapa,  3 171 600 ,   11 804,11804.0,13.300576075906472
317170 VIRGINIA,103.0,16,119.0,317170,Virgínia,  3 171 709 ,   8 908,8908.0,13.358778625954198
317180 VIRGINOPOLIS,140.0,14,154.0,317180,Virginópolis,  3 171 808 ,   10 314,10314.0,14.931161528020167
317190 VIRGOLANDIA,141.0,1,142.0,317190,Virgolândia,  3 171 907 ,   4 552,4552.0,31.195079086115992
317200 VISCONDE DO RIO BRANCO,574.0,85,659.0,317200,Visconde do Rio Branco,  3 172 004 ,   39 160,39160.0,16.828396322778346
317210 VOLTA GRANDE,70.0,2,72.0,317210,Volta Grande,  3 172 103 ,   4 443,4443.0,16.205266711681297
317220 WENCESLAU BRAZ,30.0,-,30.0,317220,Wenceslau Braz,  3 172 202 ,   2 356,2356.0,12.733446519524618
320010 AFONSO CLAUDIO,445.0,156,601.0,320010,Afonso Cláudio,  3 200 102 ,   30 684,30684.0,19.586755312214834
320013 AGUIA BRANCA,182.0,17,199.0,320013,Águia Branca,  3 200 136 ,   9 711,9711.0,20.49222531150242
320016 AGUA DOCE DO NORTE,119.0,8,127.0,320016,Água Doce do Norte,  3 200 169 ,   12 042,12042.0,10.546420860322204
320020 ALEGRE,429.0,158,587.0,320020,Alegre,  3 200 201 ,   29 177,29177.0,20.1185865579052
320030 ALFREDO CHAVES,227.0,65,292.0,320030,Alfredo Chaves,  3 200 300 ,   13 836,13836.0,21.104365423532812
320035 ALTO RIO NOVO,91.0,2,93.0,320035,Alto Rio Novo,  3 200 359 ,   7 434,7434.0,12.510088781275222
320040 ANCHIETA,776.0,148,924.0,320040,Anchieta,  3 200 409 ,   29 984,29984.0,30.816435432230524
320050 APIACA,173.0,23,196.0,320050,Apiacá,  3 200 508 ,   7 223,7223.0,27.135539249619274
320060 ARACRUZ,1735.0,555,2290.0,320060,Aracruz,  3 200 607 ,   94 765,94765.0,24.165039835382263
320070 ATILIO VIVACQUA,236.0,18,254.0,320070,Atílio Vivácqua,  3 200 706 ,   10 540,10540.0,24.098671726755217
320080 BAIXO GUANDU,518.0,83,601.0,320080,Baixo Guandu,  3 200 805 ,   30 674,30674.0,19.59314077068527
320090 BARRA DE SAO FRANCISCO,828.0,234,1062.0,320090,Barra de São Francisco,  3 200 904 ,   42 498,42498.0,24.98941126641254
320100 BOA ESPERANCA,191.0,90,281.0,320100,Boa Esperança,  3 201 001 ,   13 608,13608.0,20.649617871840096
320110 BOM JESUS DO NORTE,203.0,10,213.0,320110,Bom Jesus do Norte,  3 201 100 ,   10 254,10254.0,20.77238150965477
320115 BREJETUBA,187.0,15,202.0,320115,Brejetuba,  3 201 159 ,   12 985,12985.0,15.55641124374278
320120 CACHOEIRO DE ITAPEMIRIM,5590.0,1459,7049.0,320120,Cachoeiro de Itapemirim,  3 201 209 ,   185 786,185786.0,37.941502589000244
320130 CARIACICA,2880.0,1344,4224.0,320130,Cariacica,  3 201 308 ,   353 491,353491.0,11.949384849967892
320140 CASTELO,478.0,240,718.0,320140,Castelo,  3 201 407 ,   36 930,36930.0,19.442187923097755
320150 COLATINA,3326.0,787,4113.0,320150,Colatina,  3 201 506 ,   120 033,120033.0,34.26557696633425
320160 CONCEICAO DA BARRA,384.0,52,436.0,320160,Conceição da Barra,  3 201 605 ,   27 458,27458.0,15.878796707699031
320170 CONCEICAO DO CASTELO,176.0,31,207.0,320170,Conceição do Castelo,  3 201 704 ,   11 937,11937.0,17.341040462427745
320180 DIVINO DE SAO LOURENCO,102.0,21,123.0,320180,Divino de São Lourenço,  3 201 803 ,   5 083,5083.0,24.198308085776116
320190 DOMINGOS MARTINS,499.0,69,568.0,320190,Domingos Martins,  3 201 902 ,   35 416,35416.0,16.037948949627285
320200 DORES DO RIO PRETO,109.0,12,121.0,320200,Dores do Rio Preto,  3 202 009 ,   6 596,6596.0,18.344451182534872
320210 ECOPORANGA,249.0,54,303.0,320210,Ecoporanga,  3 202 108 ,   21 992,21992.0,13.77773735903965
320220 FUNDAO,246.0,82,328.0,320220,Fundão,  3 202 207 ,   18 014,18014.0,18.208060397468635
320225 GOVERNADOR LINDENBERG,190.0,91,281.0,320225,Governador Lindenberg,  3 202 256 ,   11 009,11009.0,25.524570805704425
320230 GUACUI,647.0,41,688.0,320230,Guaçuí,  3 202 306 ,   29 358,29358.0,23.434838885482662
320240 GUARAPARI,1432.0,917,2349.0,320240,Guarapari,  3 202 405 ,   124 656,124656.0,18.843858298036196
320245 IBATIBA,241.0,257,498.0,320245,Ibatiba,  3 202 454 ,   25 380,25380.0,19.62174940898345
320250 IBIRACU,150.0,26,176.0,320250,Ibiraçu,  3 202 504 ,   11 723,11723.0,15.01322187153459
320255 IBITIRAMA,110.0,43,153.0,320255,Ibitirama,  3 202 553 ,   9 520,9520.0,16.07142857142857
320260 ICONHA,212.0,80,292.0,320260,Iconha,  3 202 603 ,   12 326,12326.0,23.689761479798797
320265 IRUPI,160.0,55,215.0,320265,Irupi,  3 202 652 ,   13 710,13710.0,15.681983953318747
320270 ITAGUACU,174.0,66,240.0,320270,Itaguaçu,  3 202 702 ,   13 589,13589.0,17.66134373390242
320280 ITAPEMIRIM,1045.0,127,1172.0,320280,Itapemirim,  3 202 801 ,   39 832,39832.0,29.423579031934125
320290 ITARANA,171.0,16,187.0,320290,Itarana,  3 202 900 ,   10 597,10597.0,17.64650372747004
320300 IUNA,286.0,98,384.0,320300,Iúna,  3 203 007 ,   28 590,28590.0,13.431269674711437
320305 JAGUARE,290.0,220,510.0,320305,Jaguaré,  3 203 056 ,   28 931,28931.0,17.628149735577754
320310 JERONIMO MONTEIRO,285.0,53,338.0,320310,Jerônimo Monteiro,  3 203 106 ,   11 575,11575.0,29.20086393088553
320313 JOAO NEIVA,217.0,22,239.0,320313,João Neiva,  3 203 130 ,   14 079,14079.0,16.975637474252434
320316 LARANJA DA TERRA,189.0,41,230.0,320316,Laranja da Terra,  3 203 163 ,   11 094,11094.0,20.731927167838474
320320 LINHARES,3241.0,1722,4963.0,320320,Linhares,  3 203 205 ,   166 786,166786.0,29.756694206947824
320330 MANTENOPOLIS,154.0,24,178.0,320330,Mantenópolis,  3 203 304 ,   12 770,12770.0,13.938919342208301
320332 MARATAIZES,550.0,194,744.0,320332,Marataízes,  3 203 320 ,   41 929,41929.0,17.744282000524695
320334 MARECHAL FLORIANO,246.0,74,320.0,320334,Marechal Floriano,  3 203 346 ,   17 641,17641.0,18.13956124936228
320335 MARILANDIA,148.0,34,182.0,320335,Marilândia,  3 203 353 ,   12 387,12387.0,14.692823121013967
320340 MIMOSO DO SUL,480.0,164,644.0,320340,Mimoso do Sul,  3 203 403 ,   24 475,24475.0,26.312563840653727
320350 MONTANHA,286.0,127,413.0,320350,Montanha,  3 203 502 ,   18 900,18900.0,21.85185185185185
320360 MUCURICI,125.0,8,133.0,320360,Mucurici,  3 203 601 ,   5 466,5466.0,24.3322356384925
320370 MUNIZ FREIRE,291.0,33,324.0,320370,Muniz Freire,  3 203 700 ,   18 153,18153.0,17.848289538919186
320380 MUQUI,187.0,22,209.0,320380,Muqui,  3 203 809 ,   13 745,13745.0,15.205529283375773
320390 NOVA VENECIA,769.0,296,1065.0,320390,Nova Venécia,  3 203 908 ,   49 065,49065.0,21.705900336288597
320400 PANCAS,258.0,34,292.0,320400,Pancas,  3 204 005 ,   18 893,18893.0,15.455459694066585
320405 PEDRO CANARIO,291.0,30,321.0,320405,Pedro Canário,  3 204 054 ,   21 522,21522.0,14.914970727627544
320410 PINHEIROS,276.0,209,485.0,320410,Pinheiros,  3 204 104 ,   23 915,23915.0,20.28015889609032
320420 PIUMA,344.0,41,385.0,320420,Piúma,  3 204 203 ,   22 300,22300.0,17.26457399103139
320425 PONTO BELO,119.0,17,136.0,320425,Ponto Belo,  3 204 252 ,   6 497,6497.0,20.93273818685547
320430 PRESIDENTE KENNEDY,346.0,19,365.0,320430,Presidente Kennedy,  3 204 302 ,   13 696,13696.0,26.650116822429908
320435 RIO BANANAL,192.0,39,231.0,320435,Rio Bananal,  3 204 351 ,   19 274,19274.0,11.985057590536474
320440 RIO NOVO DO SUL,146.0,16,162.0,320440,Rio Novo do Sul,  3 204 401 ,   11 069,11069.0,14.635468425332007
320450 SANTA LEOPOLDINA,222.0,17,239.0,320450,Santa Leopoldina,  3 204 500 ,   13 106,13106.0,18.23592247825423
320455 SANTA MARIA DE JETIBA,480.0,394,874.0,320455,Santa Maria de Jetibá,  3 204 559 ,   41 636,41636.0,20.99144970698434
320460 SANTA TERESA,588.0,113,701.0,320460,Santa Teresa,  3 204 609 ,   22 808,22808.0,30.734829884251138
320465 SAO DOMINGOS DO NORTE,132.0,9,141.0,320465,São Domingos do Norte,  3 204 658 ,   8 589,8589.0,16.41634648969612
320470 SAO GABRIEL DA PALHA,344.0,163,507.0,320470,São Gabriel da Palha,  3 204 708 ,   32 252,32252.0,15.719955351606103
320480 SAO JOSE DO CALCADO,534.0,34,568.0,320480,São José do Calçado,  3 204 807 ,   10 878,10878.0,52.21548078690936
320490 SAO MATEUS,1682.0,433,2115.0,320490,São Mateus,  3 204 906 ,   123 752,123752.0,17.09063287866055
320495 SAO ROQUE DO CANAA,146.0,50,196.0,320495,São Roque do Canaã,  3 204 955 ,   10 886,10886.0,18.0047767775124
320500 SERRA,8151.0,2342,10493.0,320500,Serra,  3 205 002 ,   520 653,520653.0,20.153537960983613
320501 SOORETAMA,302.0,40,342.0,320501,Sooretama,  3 205 010 ,   26 502,26502.0,12.904686438759338
320503 VARGEM ALTA,313.0,34,347.0,320503,Vargem Alta,  3 205 036 ,   19 563,19563.0,17.737565813014363
320506 VENDA NOVA DO IMIGRANTE,545.0,202,747.0,320506,Venda Nova do Imigrante,  3 205 069 ,   23 831,23831.0,31.345726155008183
320510 VIANA,882.0,67,949.0,320510,Viana,  3 205 101 ,   73 423,73423.0,12.925105212263187
320515 VILA PAVAO,113.0,63,176.0,320515,Vila Pavão,  3 205 150 ,   8 911,8911.0,19.750869711592415
320517 VILA VALERIO,130.0,64,194.0,320517,Vila Valério,  3 205 176 ,   13 728,13728.0,14.131701631701631
320520 VILA VELHA,8002.0,3868,11870.0,320520,Vila Velha,  3 205 200 ,   467 722,467722.0,25.37832302093979
320530 VITORIA,12709.0,5224,17933.0,320530,Vitória,  3 205 309 ,   322 869,322869.0,55.54265042478528
330010 ANGRA DOS REIS,3672.0,977,4649.0,330010,Angra dos Reis,  3 300 100 ,   167 434,167434.0,27.766164578281593
330015 APERIBE,233.0,23,256.0,330015,Aperibé,  3 300 159 ,   11 034,11034.0,23.201015044408194
330020 ARARUAMA,2118.0,423,2541.0,330020,Araruama,  3 300 209 ,   129 671,129671.0,19.595746157583424
330022 AREAL,255.0,31,286.0,330022,Areal,  3 300 225 ,   11 828,11828.0,24.179912073047007
330023 ARMACAO DOS BUZIOS,865.0,110,975.0,330023,Armação dos Búzios,  3 300 233 ,   40 006,40006.0,24.371344298355247
330025 ARRAIAL DO CABO,1181.0,17,1198.0,330025,Arraial do Cabo,  3 300 258 ,   30 986,30986.0,38.662621829213194
330030 BARRA DO PIRAI,1232.0,209,1441.0,330030,Barra do Piraí,  3 300 308 ,   92 883,92883.0,15.514141446766363
330040 BARRA MANSA,2934.0,854,3788.0,330040,Barra Mansa,  3 300 407 ,   169 894,169894.0,22.296255312135802
330045 BELFORD ROXO,4656.0,343,4999.0,330045,Belford Roxo,  3 300 456 ,   483 087,483087.0,10.34803254900256
330050 BOM JARDIM,335.0,54,389.0,330050,Bom Jardim,  3 300 506 ,   28 102,28102.0,13.842431143690842
330060 BOM JESUS DO ITABAPOANA,1617.0,176,1793.0,330060,Bom Jesus do Itabapoana,  3 300 605 ,   35 173,35173.0,50.976601370369316
330070 CABO FRIO,4026.0,694,4720.0,330070,Cabo Frio,  3 300 704 ,   222 161,222161.0,21.245853232565572
330080 CACHOEIRAS DE MACACU,1181.0,77,1258.0,330080,Cachoeiras de Macacu,  3 300 803 ,   56 943,56943.0,22.092267706302792
330090 CAMBUCI,273.0,4,277.0,330090,Cambuci,  3 300 902 ,   14 616,14616.0,18.95183360700602
330093 CARAPEBUS,519.0,37,556.0,330093,Carapebus,  3 300 936 ,   13 847,13847.0,40.15310175489276
330095 COMENDADOR LEVY GASPARIAN,261.0,25,286.0,330095,Comendador Levy Gasparian,  3 300 951 ,   8 741,8741.0,32.7193684933074
330100 CAMPOS DOS GOYTACAZES,10387.0,2742,13129.0,330100,Campos dos Goytacazes,  3 301 009 ,   483 540,483540.0,27.15183852421723
330110 CANTAGALO,343.0,149,492.0,330110,Cantagalo,  3 301 108 ,   19 390,19390.0,25.373904074265088
330115 CARDOSO MOREIRA,187.0,22,209.0,330115,Cardoso Moreira,  3 301 157 ,   12 958,12958.0,16.129032258064516
330120 CARMO,492.0,31,523.0,330120,Carmo,  3 301 207 ,   17 198,17198.0,30.410512850331436
330130 CASIMIRO DE ABREU,1005.0,52,1057.0,330130,Casimiro de Abreu,  3 301 306 ,   46 110,46110.0,22.923443938408155
330140 CONCEICAO DE MACABU,302.0,26,328.0,330140,Conceição de Macabu,  3 301 405 ,   21 104,21104.0,15.5420773313116
330150 CORDEIRO,297.0,75,372.0,330150,Cordeiro,  3 301 504 ,   20 783,20783.0,17.89924457489294
330160 DUAS BARRAS,181.0,17,198.0,330160,Duas Barras,  3 301 603 ,   10 980,10980.0,18.0327868852459
330170 DUQUE DE CAXIAS,12466.0,3528,15994.0,330170,Duque de Caxias,  3 301 702 ,   808 161,808161.0,19.790611029237986
330180 ENGENHEIRO PAULO DE FRONTIN,306.0,1,307.0,330180,Engenheiro Paulo de Frontin,  3 301 801 ,   12 242,12242.0,25.07760169906878
330185 GUAPIMIRIM,822.0,147,969.0,330185,Guapimirim,  3 301 850 ,   51 696,51696.0,18.744196843082637
330187 IGUABA GRANDE,597.0,33,630.0,330187,Iguaba Grande,  3 301 876 ,   27 920,27920.0,22.564469914040114
330190 ITABORAI,3784.0,636,4420.0,330190,Itaboraí,  3 301 900 ,   224 267,224267.0,19.708650849210983
330200 ITAGUAI,1779.0,418,2197.0,330200,Itaguaí,  3 302 007 ,   116 841,116841.0,18.803331022500664
330205 ITALVA,186.0,16,202.0,330205,Italva,  3 302 056 ,   14 073,14073.0,14.353726994954878
330210 ITAOCARA,497.0,34,531.0,330210,Itaocara,  3 302 106 ,   22 919,22919.0,23.1685501112614
330220 ITAPERUNA,3894.0,439,4333.0,330220,Itaperuna,  3 302 205 ,   101 041,101041.0,42.88358191229303
330225 ITATIAIA,538.0,59,597.0,330225,Itatiaia,  3 302 254 ,   30 908,30908.0,19.31538760191536
330227 JAPERI,982.0,30,1012.0,330227,Japeri,  3 302 270 ,   96 289,96289.0,10.510027105899947
330230 LAJE DO MURIAE,205.0,2,207.0,330230,Laje do Muriaé,  3 302 304 ,   7 336,7336.0,28.21701199563795
330240 MACAE,4146.0,2539,6685.0,330240,Macaé,  3 302 403 ,   246 391,246391.0,27.13167282895885
330245 MACUCO,108.0,6,114.0,330245,Macuco,  3 302 452 ,   5 415,5415.0,21.052631578947366
330250 MAGE,3655.0,383,4038.0,330250,Magé,  3 302 502 ,   228 127,228127.0,17.700666733880688
330260 MANGARATIBA,1242.0,21,1263.0,330260,Mangaratiba,  3 302 601 ,   41 220,41220.0,30.64046579330422
330270 MARICA,4289.0,277,4566.0,330270,Maricá,  3 302 700 ,   197 277,197277.0,23.145120819963807
330280 MENDES,435.0,18,453.0,330280,Mendes,  3 302 809 ,   17 502,17502.0,25.882756256427836
330285 MESQUITA,2731.0,176,2907.0,330285,Mesquita,  3 302 858 ,   167 127,167127.0,17.39395788831248
330290 MIGUEL PEREIRA,469.0,58,527.0,330290,Miguel Pereira,  3 302 908 ,   26 582,26582.0,19.82544579038447
330300 MIRACEMA,385.0,45,430.0,330300,Miracema,  3 303 005 ,   26 881,26881.0,15.996428704289276
330310 NATIVIDADE,311.0,34,345.0,330310,Natividade,  3 303 104 ,   15 074,15074.0,22.887090354252354
330320 NILOPOLIS,2540.0,718,3258.0,330320,Nilópolis,  3 303 203 ,   146 774,146774.0,22.19739190864867
330330 NITEROI,10446.0,7579,18025.0,330330,Niterói,  3 303 302 ,   481 749,481749.0,37.41574969538079
330340 NOVA FRIBURGO,2418.0,1648,4066.0,330340,Nova Friburgo,  3 303 401 ,   189 939,189939.0,21.40687273282475
330350 NOVA IGUACU,9194.0,2836,12030.0,330350,Nova Iguaçu,  3 303 500 ,   785 867,785867.0,15.307933785233379
330360 PARACAMBI,908.0,69,977.0,330360,Paracambi,  3 303 609 ,   41 375,41375.0,23.613293051359516
330370 PARAIBA DO SUL,1035.0,51,1086.0,330370,Paraíba do Sul,  3 303 708 ,   42 063,42063.0,25.81841523429142
330380 PARATY,778.0,39,817.0,330380,Paraty,  3 303 807 ,   45 243,45243.0,18.05804212806401
330385 PATY DO ALFERES,281.0,39,320.0,330385,Paty do Alferes,  3 303 856 ,   29 619,29619.0,10.803875890475709
330390 PETROPOLIS,6531.0,1541,8072.0,330390,Petrópolis,  3 303 906 ,   278 881,278881.0,28.94424503641338
330395 PINHEIRAL,527.0,37,564.0,330395,Pinheiral,  3 303 955 ,   24 298,24298.0,23.211786978352126
330400 PIRAI,862.0,26,888.0,330400,Piraí,  3 304 003 ,   27 474,27474.0,32.32146756933828
330410 PORCIUNCULA,325.0,94,419.0,330410,Porciúncula,  3 304 102 ,   17 288,17288.0,24.23646459972235
330411 PORTO REAL,570.0,40,610.0,330411,Porto Real,  3 304 110 ,   20 373,20373.0,29.941589358464633
330412 QUATIS,254.0,19,273.0,330412,Quatis,  3 304 128 ,   13 682,13682.0,19.95322321298056
330414 QUEIMADOS,1257.0,114,1371.0,330414,Queimados,  3 304 144 ,   140 523,140523.0,9.756409982707458
330415 QUISSAMA,540.0,4,544.0,330415,Quissamã,  3 304 151 ,   22 393,22393.0,24.29330594382173
330420 RESENDE,2236.0,976,3212.0,330420,Resende,  3 304 201 ,   129 612,129612.0,24.781656019504364
330430 RIO BONITO,1147.0,237,1384.0,330430,Rio Bonito,  3 304 300 ,   56 276,56276.0,24.593076977752506
330440 RIO CLARO,322.0,4,326.0,330440,Rio Claro,  3 304 409 ,   17 401,17401.0,18.734555485316935
330450 RIO DAS FLORES,303.0,-,303.0,330450,Rio das Flores,  3 304 508 ,   8 954,8954.0,33.83962474871566
330452 RIO DAS OSTRAS,1330.0,651,1981.0,330452,Rio das Ostras,  3 304 524 ,   156 491,156491.0,12.658874951275154
330455 RIO DE JANEIRO,110606.0,63920,174526.0,330455,Rio de Janeiro,  3 304 557 ,  6 211 223,6211223.0,28.098492036109477
330460 SANTA MARIA MADALENA,151.0,18,169.0,330460,Santa Maria Madalena,  3 304 607 ,   10 232,10232.0,16.516810007818606
330470 SANTO ANTONIO DE PADUA,560.0,127,687.0,330470,Santo Antônio de Pádua,  3 304 706 ,   41 325,41325.0,16.62431941923775
330475 SAO FRANCISCO DE ITABAPOANA,728.0,68,796.0,330475,São Francisco de Itabapoana,  3 304 755 ,   45 059,45059.0,17.665727157726536
330480 SAO FIDELIS,581.0,50,631.0,330480,São Fidélis,  3 304 805 ,   38 961,38961.0,16.19568286234953
330490 SAO GONCALO,8867.0,2197,11064.0,330490,São Gonçalo,  3 304 904 ,   896 744,896744.0,12.337969364723934
330500 SAO JOAO DA BARRA,1228.0,67,1295.0,330500,São João da Barra,  3 305 000 ,   36 573,36573.0,35.40863478522407
330510 SAO JOAO DE MERITI,3678.0,660,4338.0,330510,São João de Meriti,  3 305 109 ,   440 962,440962.0,9.837582376712733
330513 SAO JOSE DE UBA,169.0,20,189.0,330513,São José de Ubá,  3 305 133 ,   7 070,7070.0,26.73267326732673
330515 SAO JOSE DO VALE DO RIO PRETO,361.0,68,429.0,330515,São José do Vale do Rio Preto,  3 305 158 ,   22 080,22080.0,19.429347826086957
330520 SAO PEDRO DA ALDEIA,1019.0,245,1264.0,330520,São Pedro da Aldeia,  3 305 208 ,   104 029,104029.0,12.150458045352739
330530 SAO SEBASTIAO DO ALTO,179.0,-,179.0,330530,São Sebastião do Alto,  3 305 307 ,   7 750,7750.0,23.096774193548384
330540 SAPUCAIA,355.0,11,366.0,330540,Sapucaia,  3 305 406 ,   17 729,17729.0,20.644142365615657
330550 SAQUAREMA,2240.0,91,2331.0,330550,Saquarema,  3 305 505 ,   89 559,89559.0,26.027534921113453
330555 SEROPEDICA,1185.0,82,1267.0,330555,Seropédica,  3 305 554 ,   80 596,80596.0,15.720383145565537
330560 SILVA JARDIM,488.0,13,501.0,330560,Silva Jardim,  3 305 604 ,   21 352,21352.0,23.46384413638067
330570 SUMIDOURO,235.0,-,235.0,330570,Sumidouro,  3 305 703 ,   15 206,15206.0,15.454425884519269
330575 TANGUA,415.0,50,465.0,330575,Tanguá,  3 305 752 ,   31 086,31086.0,14.958502219648716
330580 TERESOPOLIS,3434.0,642,4076.0,330580,Teresópolis,  3 305 802 ,   165 123,165123.0,24.684629034113964
330590 TRAJANO DE MORAES,123.0,6,129.0,330590,Trajano de Moraes,  3 305 901 ,   10 302,10302.0,12.521840419336051
330600 TRES RIOS,1384.0,332,1716.0,330600,Três Rios,  3 306 008 ,   78 346,78346.0,21.90284124269267
330610 VALENCA,1633.0,327,1960.0,330610,Valença,  3 306 107 ,   68 088,68088.0,28.78627658324521
330615 VARRE-SAI,136.0,12,148.0,330615,Varre-Sai,  3 306 156 ,   10 207,10207.0,14.49985304202998
330620 VASSOURAS,1138.0,170,1308.0,330620,Vassouras,  3 306 206 ,   33 976,33976.0,38.497763126913114
330630 VOLTA REDONDA,5495.0,2828,8323.0,330630,Volta Redonda,  3 306 305 ,   261 563,261563.0,31.820249805974086
350010 ADAMANTINA,893.0,154,1047.0,350010,Adamantina,  3 500 105 ,   34 687,34687.0,30.184218871623376
350020 ADOLFO,114.0,3,117.0,350020,Adolfo,  3 500 204 ,   4 351,4351.0,26.89037002987819
350030 AGUAI,390.0,93,483.0,350030,Aguaí,  3 500 303 ,   32 072,32072.0,15.059865303068097
350040 AGUAS DA PRATA,80.0,12,92.0,350040,Águas da Prata,  3 500 402 ,   7 369,7369.0,12.484733342380242
350050 AGUAS DE LINDOIA,234.0,41,275.0,350050,Águas de Lindóia,  3 500 501 ,   17 930,17930.0,15.337423312883436
350055 AGUAS DE SANTA BARBARA,110.0,3,113.0,350055,Águas de Santa Bárbara,  3 500 550 ,   7 177,7177.0,15.744740142120662
350060 AGUAS DE SAO PEDRO,100.0,2,102.0,350060,Águas de São Pedro,  3 500 600 ,   2 780,2780.0,36.690647482014384
350070 AGUDOS,507.0,26,533.0,350070,Agudos,  3 500 709 ,   37 680,37680.0,14.145435244161359
350075 ALAMBARI,84.0,8,92.0,350075,Alambari,  3 500 758 ,   6 141,6141.0,14.9812734082397
350080 ALFREDO MARCONDES,91.0,2,93.0,350080,Alfredo Marcondes,  3 500 808 ,   4 445,4445.0,20.92238470191226
350090 ALTAIR,82.0,-,82.0,350090,Altair,  3 500 907 ,   3 451,3451.0,23.76122862938279
350100 ALTINOPOLIS,257.0,29,286.0,350100,Altinópolis,  3 501 004 ,   16 818,16818.0,17.005589249613507
350110 ALTO ALEGRE,85.0,3,88.0,350110,Alto Alegre,  3 501 103 ,   3 841,3841.0,22.910700338453527
350115 ALUMINIO,132.0,42,174.0,350115,Alumínio,  3 501 152 ,   17 301,17301.0,10.057222125888677
350120 ALVARES FLORENCE,95.0,1,96.0,350120,Álvares Florence,  3 501 202 ,   3 915,3915.0,24.521072796934867
350130 ALVARES MACHADO,383.0,20,403.0,350130,Álvares Machado,  3 501 301 ,   27 255,27255.0,14.78627774720235
350140 ALVARO DE CARVALHO,71.0,-,71.0,350140,Álvaro de Carvalho,  3 501 400 ,   4 808,4808.0,14.767054908485857
350150 ALVINLANDIA,45.0,-,45.0,350150,Alvinlândia,  3 501 509 ,   2 885,2885.0,15.59792027729636
350160 AMERICANA,2784.0,2577,5361.0,350160,Americana,  3 501 608 ,   237 240,237240.0,22.59736975214972
350170 AMERICO BRASILIENSE,1104.0,41,1145.0,350170,Américo Brasiliense,  3 501 707 ,   33 019,33019.0,34.677004149126255
350180 AMERICO DE CAMPOS,112.0,7,119.0,350180,Américo de Campos,  3 501 806 ,   5 870,5870.0,20.272572402044293
350190 AMPARO,1329.0,458,1787.0,350190,Amparo,  3 501 905 ,   68 008,68008.0,26.276320432890248
350200 ANALANDIA,81.0,1,82.0,350200,Analândia,  3 502 002 ,   4 589,4589.0,17.868816735672258
350210 ANDRADINA,1072.0,276,1348.0,350210,Andradina,  3 502 101 ,   59 783,59783.0,22.548216048040413
350220 ANGATUBA,367.0,40,407.0,350220,Angatuba,  3 502 200 ,   24 022,24022.0,16.942802431104823
350230 ANHEMBI,89.0,2,91.0,350230,Anhembi,  3 502 309 ,   5 674,5674.0,16.038068382093762
350240 ANHUMAS,76.0,2,78.0,350240,Anhumas,  3 502 408 ,   4 023,4023.0,19.388516032811335
350250 APARECIDA,602.0,38,640.0,350250,Aparecida,  3 502 507 ,   32 569,32569.0,19.650587982437287
350260 APARECIDA D'OESTE,85.0,-,85.0,350260,Aparecida d'Oeste,  3 502 606 ,   4 086,4086.0,20.802741067058246
350270 APIAI,494.0,23,517.0,350270,Apiaí,  3 502 705 ,   24 585,24585.0,21.02908277404922
350275 ARACARIGUAMA,312.0,26,338.0,350275,Araçariguama,  3 502 754 ,   21 522,21522.0,15.704860143109377
350280 ARACATUBA,3982.0,901,4883.0,350280,Araçatuba,  3 502 804 ,   200 124,200124.0,24.39987207931083
350290 ARACOIABA DA SERRA,259.0,95,354.0,350290,Araçoiaba da Serra,  3 502 903 ,   32 443,32443.0,10.911444687605956
350300 ARAMINA,101.0,4,105.0,350300,Aramina,  3 503 000 ,   5 420,5420.0,19.37269372693727
350310 ARANDU,98.0,1,99.0,350310,Arandu,  3 503 109 ,   6 885,6885.0,14.37908496732026
350315 ARAPEI,88.0,-,88.0,350315,Arapeí,  3 503 158 ,   2 330,2330.0,37.768240343347635
350320 ARARAQUARA,4615.0,2826,7441.0,350320,Araraquara,  3 503 208 ,   242 228,242228.0,30.718992024043462
350330 ARARAS,2041.0,784,2825.0,350330,Araras,  3 503 307 ,   130 866,130866.0,21.58696682102303
350335 ARCO-IRIS,26.0,1,27.0,350335,Arco-Íris,  3 503 356 ,   2 044,2044.0,13.209393346379647
350340 AREALVA,113.0,19,132.0,350340,Arealva,  3 503 406 ,   8 130,8130.0,16.236162361623617
350350 AREIAS,74.0,-,74.0,350350,Areias,  3 503 505 ,   3 577,3577.0,20.68772714565278
350360 AREIOPOLIS,111.0,6,117.0,350360,Areiópolis,  3 503 604 ,   10 130,10130.0,11.54985192497532
350370 ARIRANHA,128.0,28,156.0,350370,Ariranha,  3 503 703 ,   7 602,7602.0,20.520915548539858
350380 ARTUR NOGUEIRA,453.0,147,600.0,350380,Artur Nogueira,  3 503 802 ,   51 456,51456.0,11.66044776119403
350390 ARUJA,1003.0,383,1386.0,350390,Arujá,  3 503 901 ,   86 678,86678.0,15.99021666397471
350395 ASPASIA,61.0,-,61.0,350395,Aspásia,  3 503 950 ,   1 842,1842.0,33.11617806731813
350400 ASSIS,2122.0,731,2853.0,350400,Assis,  3 504 008 ,   101 409,101409.0,28.133597609679615
350410 ATIBAIA,1965.0,1968,3933.0,350410,Atibaia,  3 504 107 ,   158 647,158647.0,24.790887946195014
350420 AURIFLAMA,199.0,20,219.0,350420,Auriflama,  3 504 206 ,   13 692,13692.0,15.994741454864153
350430 AVAI,66.0,-,66.0,350430,Avaí,  3 504 305 ,   4 483,4483.0,14.722284184697747
350440 AVANHANDAVA,151.0,10,161.0,350440,Avanhandava,  3 504 404 ,   11 263,11263.0,14.294592914853947
350450 AVARE,1304.0,200,1504.0,350450,Avaré,  3 504 503 ,   92 805,92805.0,16.206023382360865
350460 BADY BASSITT,376.0,13,389.0,350460,Bady Bassitt,  3 504 602 ,   27 260,27260.0,14.269992663242846
350470 BALBINOS,82.0,-,82.0,350470,Balbinos,  3 504 701 ,   3 887,3887.0,21.095960895292002
350480 BALSAMO,130.0,6,136.0,350480,Bálsamo,  3 504 800 ,   9 596,9596.0,14.1725719049604
350490 BANANAL,159.0,9,168.0,350490,Bananal,  3 504 909 ,   9 969,9969.0,16.85224195004514
350500 BARAO DE ANTONINA,49.0,-,49.0,350500,Barão de Antonina,  3 505 005 ,   3 531,3531.0,13.877088643443784
350510 BARBOSA,77.0,-,77.0,350510,Barbosa,  3 505 104 ,   5 640,5640.0,13.652482269503547
350520 BARIRI,414.0,41,455.0,350520,Bariri,  3 505 203 ,   31 595,31595.0,14.401012818483938
350530 BARRA BONITA,487.0,118,605.0,350530,Barra Bonita,  3 505 302 ,   34 346,34346.0,17.614860536889303
350535 BARRA DO CHAPEU,83.0,-,83.0,350535,Barra do Chapéu,  3 505 351 ,   5 179,5179.0,16.026259895732768
350540 BARRA DO TURVO,104.0,-,104.0,350540,Barra do Turvo,  3 505 401 ,   6 876,6876.0,15.125072716695753
350550 BARRETOS,5929.0,462,6391.0,350550,Barretos,  3 505 500 ,   122 485,122485.0,52.17781769196228
350560 BARRINHA,327.0,167,494.0,350560,Barrinha,  3 505 609 ,   32 092,32092.0,15.393244422285928
350570 BARUERI,6649.0,2473,9122.0,350570,Barueri,  3 505 708 ,   316 473,316473.0,28.82394390674718
350580 BASTOS,386.0,29,415.0,350580,Bastos,  3 505 807 ,   21 503,21503.0,19.299632609403336
350590 BATATAIS,958.0,240,1198.0,350590,Batatais,  3 505 906 ,   58 402,58402.0,20.512996130269514
350600 BAURU,8298.0,2816,11114.0,350600,Bauru,  3 506 003 ,   379 146,379146.0,29.313246084621756
350610 BEBEDOURO,1492.0,506,1998.0,350610,Bebedouro,  3 506 102 ,   76 373,76373.0,26.161077867832873
350620 BENTO DE ABREU,35.0,-,35.0,350620,Bento de Abreu,  3 506 201 ,   2 606,2606.0,13.43054489639294
350630 BERNARDINO DE CAMPOS,213.0,9,222.0,350630,Bernardino de Campos,  3 506 300 ,   11 607,11607.0,19.126389247867664
350635 BERTIOGA,600.0,210,810.0,350635,Bertioga,  3 506 359 ,   64 188,64188.0,12.619181155356141
350640 BILAC,97.0,8,105.0,350640,Bilac,  3 506 409 ,   7 319,7319.0,14.346222161497472
350650 BIRIGUI,1225.0,378,1603.0,350650,Birigui,  3 506 508 ,   118 979,118979.0,13.472965817497204
350660 BIRITIBA-MIRIM,364.0,20,384.0,350660,Biritiba Mirim,  3 506 607 ,   29 683,29683.0,12.936697773136139
350670 BOA ESPERANCA DO SUL,174.0,2,176.0,350670,Boa Esperança do Sul,  3 506 706 ,   12 978,12978.0,13.561411619664046
350680 BOCAINA,111.0,31,142.0,350680,Bocaina,  3 506 805 ,   11 259,11259.0,12.612132516209254
350690 BOFETE,143.0,22,165.0,350690,Bofete,  3 506 904 ,   10 460,10460.0,15.77437858508604
350700 BOITUVA,897.0,227,1124.0,350700,Boituva,  3 507 001 ,   61 081,61081.0,18.40179433866505
350710 BOM JESUS DOS PERDOES,199.0,21,220.0,350710,Bom Jesus dos Perdões,  3 507 100 ,   22 006,22006.0,9.99727347087158
350715 BOM SUCESSO DE ITARARE,57.0,-,57.0,350715,Bom Sucesso de Itararé,  3 507 159 ,   3 555,3555.0,16.033755274261605
350720 BORA,37.0,-,37.0,350720,Borá,  3 507 209 ,907,907.0,40.79382579933848
350730 BORACEIA,63.0,1,64.0,350730,Boracéia,  3 507 308 ,   4 715,4715.0,13.573700954400847
350740 BORBOREMA,281.0,19,300.0,350740,Borborema,  3 507 407 ,   14 226,14226.0,21.088148460565165
350745 BOREBI,55.0,-,55.0,350745,Borebi,  3 507 456 ,   2 713,2713.0,20.27276078142278
350750 BOTUCATU,5737.0,1563,7300.0,350750,Botucatu,  3 507 506 ,   145 155,145155.0,50.291068168509526
350760 BRAGANCA PAULISTA,4046.0,654,4700.0,350760,Bragança Paulista,  3 507 605 ,   176 811,176811.0,26.582056546255608
350770 BRAUNA,60.0,-,60.0,350770,Braúna,  3 507 704 ,   5 356,5356.0,11.202389843166541
350775 BREJO ALEGRE,56.0,-,56.0,350775,Brejo Alegre,  3 507 753 ,   2 565,2565.0,21.83235867446394
350780 BRODOWSKI,373.0,51,424.0,350780,Brodowski,  3 507 803 ,   25 201,25201.0,16.824729177413595
350790 BROTAS,224.0,98,322.0,350790,Brotas,  3 507 902 ,   23 898,23898.0,13.473930872876391
350800 BURI,227.0,56,283.0,350800,Buri,  3 508 009 ,   20 250,20250.0,13.975308641975309
350810 BURITAMA,214.0,26,240.0,350810,Buritama,  3 508 108 ,   17 210,17210.0,13.945380592678676
350820 BURITIZAL,72.0,4,76.0,350820,Buritizal,  3 508 207 ,   4 356,4356.0,17.447199265381084
350830 CABRALIA PAULISTA,57.0,-,57.0,350830,Cabrália Paulista,  3 508 306 ,   4 299,4299.0,13.258897418004187
350840 CABREUVA,543.0,101,644.0,350840,Cabreúva,  3 508 405 ,   47 011,47011.0,13.69892152900385
350850 CACAPAVA,1179.0,518,1697.0,350850,Caçapava,  3 508 504 ,   96 202,96202.0,17.63996590507474
350860 CACHOEIRA PAULISTA,451.0,198,649.0,350860,Cachoeira Paulista,  3 508 603 ,   31 564,31564.0,20.561399062222787
350870 CACONDE,216.0,38,254.0,350870,Caconde,  3 508 702 ,   17 101,17101.0,14.852932577042278
350880 CAFELANDIA,193.0,35,228.0,350880,Cafelândia,  3 508 801 ,   16 654,16654.0,13.690404707577759
350890 CAIABU,80.0,-,80.0,350890,Caiabu,  3 508 900 ,   3 712,3712.0,21.551724137931036
350900 CAIEIRAS,1731.0,513,2244.0,350900,Caieiras,  3 509 007 ,   95 032,95032.0,23.613098745685665
350910 CAIUA,83.0,-,83.0,350910,Caiuá,  3 509 106 ,   5 466,5466.0,15.184778631540432
350920 CAJAMAR,1201.0,257,1458.0,350920,Cajamar,  3 509 205 ,   92 689,92689.0,15.730021901196475
350925 CAJATI,372.0,29,401.0,350925,Cajati,  3 509 254 ,   28 515,28515.0,14.062773978607751
350930 CAJOBI,151.0,1,152.0,350930,Cajobi,  3 509 304 ,   9 133,9133.0,16.642943173108506
350940 CAJURU,331.0,77,408.0,350940,Cajuru,  3 509 403 ,   23 830,23830.0,17.12127570289551
350945 CAMPINA DO MONTE ALEGRE,61.0,5,66.0,350945,Campina do Monte Alegre,  3 509 452 ,   5 954,5954.0,11.08498488411152
350950 CAMPINAS,23506.0,14970,38476.0,350950,Campinas,  3 509 502 ,  1 139 047,1139047.0,33.77911534818142
350960 CAMPO LIMPO PAULISTA,749.0,101,850.0,350960,Campo Limpo Paulista,  3 509 601 ,   77 632,77632.0,10.949093157460842
350970 CAMPOS DO JORDAO,747.0,144,891.0,350970,Campos do Jordão,  3 509 700 ,   46 974,46974.0,18.96793971132967
350980 CAMPOS NOVOS PAULISTA,78.0,-,78.0,350980,Campos Novos Paulista,  3 509 809 ,   4 888,4888.0,15.957446808510637
350990 CANANEIA,148.0,4,152.0,350990,Cananéia,  3 509 908 ,   12 289,12289.0,12.36878509235902
350995 CANAS,66.0,-,66.0,350995,Canas,  3 509 957 ,   4 931,4931.0,13.384708983978909
351000 CANDIDO MOTA,354.0,66,420.0,351000,Cândido Mota,  3 510 005 ,   29 449,29449.0,14.261944378416924
351010 CANDIDO RODRIGUES,62.0,-,62.0,351010,Cândido Rodrigues,  3 510 104 ,   2 889,2889.0,21.460713049498096
351015 CANITAR,80.0,-,80.0,351015,Canitar,  3 510 153 ,   6 283,6283.0,12.73277096928219
351020 CAPAO BONITO,657.0,66,723.0,351020,Capão Bonito,  3 510 203 ,   46 337,46337.0,15.60308177050737
351030 CAPELA DO ALTO,258.0,37,295.0,351030,Capela do Alto,  3 510 302 ,   22 866,22866.0,12.901250765328436
351040 CAPIVARI,714.0,436,1150.0,351040,Capivari,  3 510 401 ,   50 068,50068.0,22.968762483023088
351050 CARAGUATATUBA,3514.0,645,4159.0,351050,Caraguatatuba,  3 510 500 ,   134 873,134873.0,30.83641648068924
351060 CARAPICUIBA,3116.0,685,3801.0,351060,Carapicuíba,  3 510 609 ,   386 984,386984.0,9.822111508486138
351070 CARDOSO,181.0,10,191.0,351070,Cardoso,  3 510 708 ,   11 345,11345.0,16.835610401057732
351080 CASA BRANCA,837.0,63,900.0,351080,Casa Branca,  3 510 807 ,   28 083,28083.0,32.04785813481466
351090 CASSIA DOS COQUEIROS,68.0,-,68.0,351090,Cássia dos Coqueiros,  3 510 906 ,   2 799,2799.0,24.294390853876386
351100 CASTILHO,275.0,18,293.0,351100,Castilho,  3 511 003 ,   19 977,19977.0,14.66686689693147
351110 CATANDUVA,3746.0,783,4529.0,351110,Catanduva,  3 511 102 ,   115 791,115791.0,39.113575321052586
351120 CATIGUA,95.0,7,102.0,351120,Catiguá,  3 511 201 ,   7 003,7003.0,14.565186348707698
351130 CEDRAL,183.0,25,208.0,351130,Cedral,  3 511 300 ,   12 618,12618.0,16.484387383103503
351140 CERQUEIRA CESAR,248.0,12,260.0,351140,Cerqueira César,  3 511 409 ,   21 469,21469.0,12.110484885183288
351150 CERQUILHO,367.0,250,617.0,351150,Cerquilho,  3 511 508 ,   44 695,44695.0,13.8046761382705
351160 CESARIO LANGE,204.0,17,221.0,351160,Cesário Lange,  3 511 607 ,   19 048,19048.0,11.602267954640908
351170 CHARQUEADA,152.0,43,195.0,351170,Charqueada,  3 511 706 ,   15 535,15535.0,12.552301255230125
351190 CLEMENTINA,76.0,5,81.0,351190,Clementina,  3 511 904 ,   6 982,6982.0,11.60126038384417
351200 COLINA,384.0,46,430.0,351200,Colina,  3 512 001 ,   18 486,18486.0,23.260846045656173
351210 COLOMBIA,180.0,11,191.0,351210,Colômbia,  3 512 100 ,   6 629,6629.0,28.812792276361442
351220 CONCHAL,301.0,23,324.0,351220,Conchal,  3 512 209 ,   28 101,28101.0,11.529838795772394
351230 CONCHAS,145.0,48,193.0,351230,Conchas,  3 512 308 ,   15 232,15232.0,12.670693277310924
351240 CORDEIROPOLIS,333.0,83,416.0,351240,Cordeirópolis,  3 512 407 ,   24 514,24514.0,16.96989475401811
351250 COROADOS,44.0,-,44.0,351250,Coroados,  3 512 506 ,   5 400,5400.0,8.148148148148147
351260 CORONEL MACEDO,58.0,-,58.0,351260,Coronel Macedo,  3 512 605 ,   4 280,4280.0,13.551401869158878
351270 CORUMBATAI,96.0,1,97.0,351270,Corumbataí,  3 512 704 ,   4 195,4195.0,23.122765196662694
351280 COSMOPOLIS,723.0,93,816.0,351280,Cosmópolis,  3 512 803 ,   59 773,59773.0,13.651648737724392
351290 COSMORAMA,83.0,2,85.0,351290,Cosmorama,  3 512 902 ,   8 719,8719.0,9.74882440646863
351300 COTIA,2501.0,1185,3686.0,351300,Cotia,  3 513 009 ,   274 413,274413.0,13.43230823612584
351310 CRAVINHOS,384.0,132,516.0,351310,Cravinhos,  3 513 108 ,   33 281,33281.0,15.504341816652143
351320 CRISTAIS PAULISTA,138.0,5,143.0,351320,Cristais Paulista,  3 513 207 ,   9 272,9272.0,15.422778257118205
351330 CRUZALIA,63.0,-,63.0,351330,Cruzália,  3 513 306 ,   2 108,2108.0,29.88614800759013
351340 CRUZEIRO,1211.0,361,1572.0,351340,Cruzeiro,  3 513 405 ,   74 961,74961.0,20.970904870532674
351350 CUBATAO,2239.0,237,2476.0,351350,Cubatão,  3 513 504 ,   112 476,112476.0,22.01358512038124
351360 CUNHA,227.0,44,271.0,351360,Cunha,  3 513 603 ,   22 110,22110.0,12.256897331524199
351370 DESCALVADO,370.0,117,487.0,351370,Descalvado,  3 513 702 ,   31 756,31756.0,15.33568459503716
351380 DIADEMA,5148.0,1384,6532.0,351380,Diadema,  3 513 801 ,   393 237,393237.0,16.610847911056183
351385 DIRCE REIS,37.0,-,37.0,351385,Dirce Reis,  3 513 850 ,   1 620,1620.0,22.839506172839506
351390 DIVINOLANDIA,645.0,12,657.0,351390,Divinolândia,  3 513 900 ,   11 158,11158.0,58.88151998566051
351400 DOBRADA,77.0,15,92.0,351400,Dobrada,  3 514 007 ,   8 759,8759.0,10.503482132663546
351410 DOIS CORREGOS,304.0,48,352.0,351410,Dois Córregos,  3 514 106 ,   24 510,24510.0,14.361485108119135
351420 DOLCINOPOLIS,57.0,-,57.0,351420,Dolcinópolis,  3 514 205 ,   2 207,2207.0,25.826914363389218
351430 DOURADO,129.0,11,140.0,351430,Dourado,  3 514 304 ,   8 096,8096.0,17.292490118577074
351440 DRACENA,937.0,223,1160.0,351440,Dracena,  3 514 403 ,   45 474,45474.0,25.5090821128557
351450 DUARTINA,182.0,36,218.0,351450,Duartina,  3 514 502 ,   12 328,12328.0,17.683322517845557
351460 DUMONT,123.0,1,124.0,351460,Dumont,  3 514 601 ,   9 471,9471.0,13.092598458452118
351470 ECHAPORA,92.0,4,96.0,351470,Echaporã,  3 514 700 ,   6 205,6205.0,15.471394037066881
351480 ELDORADO,191.0,3,194.0,351480,Eldorado,  3 514 809 ,   13 069,13069.0,14.84428800979417
351490 ELIAS FAUSTO,194.0,30,224.0,351490,Elias Fausto,  3 514 908 ,   17 699,17699.0,12.656082264534719
351492 ELISIARIO,52.0,1,53.0,351492,Elisiário,  3 514 924 ,   3 138,3138.0,16.889738687061822
351495 EMBAUBA,59.0,5,64.0,351495,Embaúba,  3 514 957 ,   2 323,2323.0,27.55058114507103
351500 EMBU DAS ARTES,2555.0,282,2837.0,351500,Embu das Artes,  3 515 004 ,   250 691,250691.0,11.316720584304981
351510 EMBU-GUACU,549.0,71,620.0,351510,Embu-Guaçu,  3 515 103 ,   66 970,66970.0,9.25787666119158
351512 EMILIANOPOLIS,55.0,4,59.0,351512,Emilianópolis,  3 515 129 ,   3 014,3014.0,19.575315195753152
351515 ENGENHEIRO COELHO,182.0,144,326.0,351515,Engenheiro Coelho,  3 515 152 ,   19 566,19566.0,16.66155575999182
351518 ESPIRITO SANTO DO PINHAL,1048.0,165,1213.0,351518,Espírito Santo do Pinhal,  3 515 186 ,   39 816,39816.0,30.46513964235483
351519 ESPIRITO SANTO DO TURVO,60.0,-,60.0,351519,Espírito Santo do Turvo,  3 515 194 ,   4 157,4157.0,14.433485686793361
351520 ESTRELA D'OESTE,156.0,15,171.0,351520,Estrela d'Oeste,  3 515 202 ,   9 417,9417.0,18.158649251353932
351530 ESTRELA DO NORTE,95.0,-,95.0,351530,Estrela do Norte,  3 515 301 ,   2 703,2703.0,35.14613392526822
351535 EUCLIDES DA CUNHA PAULISTA,121.0,7,128.0,351535,Euclides da Cunha Paulista,  3 515 350 ,   7 924,7924.0,16.153457849570923
351540 FARTURA,248.0,36,284.0,351540,Fartura,  3 515 400 ,   16 641,16641.0,17.066282074394568
351550 FERNANDOPOLIS,1362.0,558,1920.0,351550,Fernandópolis,  3 515 509 ,   71 186,71186.0,26.97159553844857
351560 FERNANDO PRESTES,103.0,2,105.0,351560,Fernando Prestes,  3 515 608 ,   5 942,5942.0,17.670817906428812
351565 FERNAO,50.0,1,51.0,351565,Fernão,  3 515 657 ,   1 656,1656.0,30.797101449275363
351570 FERRAZ DE VASCONCELOS,2358.0,79,2437.0,351570,Ferraz de Vasconcelos,  3 515 707 ,   179 198,179198.0,13.599482137077421
351580 FLORA RICA,43.0,-,43.0,351580,Flora Rica,  3 515 806 ,   1 487,1487.0,28.917283120376595
351590 FLOREAL,43.0,-,43.0,351590,Floreal,  3 515 905 ,   2 733,2733.0,15.733626051957557
351600 FLORIDA PAULISTA,121.0,9,130.0,351600,Flórida Paulista,  3 516 002 ,   12 958,12958.0,10.032412409322426
351610 FLORINIA,68.0,-,68.0,351610,Florínea,  3 516 101 ,   3 851,3851.0,17.657751233445858
351620 FRANCA,5088.0,2010,7098.0,351620,Franca,  3 516 200 ,   352 536,352536.0,20.13411396282933
351630 FRANCISCO MORATO,1940.0,111,2051.0,351630,Francisco Morato,  3 516 309 ,   165 139,165139.0,12.419840255784521
351640 FRANCO DA ROCHA,2851.0,264,3115.0,351640,Franco da Rocha,  3 516 408 ,   144 849,144849.0,21.505153642759012
351650 GABRIEL MONTEIRO,48.0,1,49.0,351650,Gabriel Monteiro,  3 516 507 ,   2 763,2763.0,17.73434672457474
351660 GALIA,122.0,3,125.0,351660,Gália,  3 516 606 ,   6 380,6380.0,19.592476489028215
351670 GARCA,897.0,85,982.0,351670,Garça,  3 516 705 ,   42 110,42110.0,23.319876513892186
351680 GASTAO VIDIGAL,46.0,-,46.0,351680,Gastão Vidigal,  3 516 804 ,   3 252,3252.0,14.145141451414514
351685 GAVIAO PEIXOTO,66.0,-,66.0,351685,Gavião Peixoto,  3 516 853 ,   4 702,4702.0,14.036580178647384
351690 GENERAL SALGADO,113.0,15,128.0,351690,General Salgado,  3 516 903 ,   10 312,10312.0,12.412723041117145
351700 GETULINA,137.0,11,148.0,351700,Getulina,  3 517 000 ,   10 232,10232.0,14.464425332290853
351710 GLICERIO,61.0,-,61.0,351710,Glicério,  3 517 109 ,   4 138,4138.0,14.741420976317062
351720 GUAICARA,142.0,10,152.0,351720,Guaiçara,  3 517 208 ,   11 239,11239.0,13.52433490524068
351730 GUAIMBE,69.0,-,69.0,351730,Guaimbê,  3 517 307 ,   5 512,5512.0,12.518142235123367
351740 GUAIRA,472.0,85,557.0,351740,Guaíra,  3 517 406 ,   39 279,39279.0,14.18060541256142
351750 GUAPIACU,288.0,7,295.0,351750,Guapiaçu,  3 517 505 ,   21 711,21711.0,13.587582331537009
351760 GUAPIARA,210.0,2,212.0,351760,Guapiara,  3 517 604 ,   17 071,17071.0,12.418721808915704
351770 GUARA,319.0,37,356.0,351770,Guará,  3 517 703 ,   18 606,18606.0,19.133612813071053
351780 GUARACAI,140.0,5,145.0,351780,Guaraçaí,  3 517 802 ,   7 441,7441.0,19.486628141378848
351790 GUARACI,152.0,16,168.0,351790,Guaraci,  3 517 901 ,   10 350,10350.0,16.231884057971016
351800 GUARANI D'OESTE,59.0,1,60.0,351800,Guarani d'Oeste,  3 518 008 ,   1 968,1968.0,30.48780487804878
351810 GUARANTA,98.0,-,98.0,351810,Guarantã,  3 518 107 ,   6 427,6427.0,15.248171775322856
351820 GUARARAPES,348.0,61,409.0,351820,Guararapes,  3 518 206 ,   31 043,31043.0,13.175273008407693
351830 GUARAREMA,363.0,47,410.0,351830,Guararema,  3 518 305 ,   31 236,31236.0,13.125880394416699
351840 GUARATINGUETA,2229.0,1489,3718.0,351840,Guaratinguetá,  3 518 404 ,   118 044,118044.0,31.496730032869095
351850 GUAREI,175.0,4,179.0,351850,Guareí,  3 518 503 ,   15 013,15013.0,11.923000066608939
351860 GUARIBA,385.0,98,483.0,351860,Guariba,  3 518 602 ,   37 498,37498.0,12.880686969971732
351870 GUARUJA,4460.0,780,5240.0,351870,Guarujá,  3 518 701 ,   287 634,287634.0,18.217595972659698
351880 GUARULHOS,15163.0,4591,19754.0,351880,Guarulhos,  3 518 800 ,  1 291 771,1291771.0,15.292184140997128
351885 GUATAPARA,132.0,1,133.0,351885,Guatapará,  3 518 859 ,   7 320,7320.0,18.169398907103826
351890 GUZOLANDIA,44.0,-,44.0,351890,Guzolândia,  3 518 909 ,   4 246,4246.0,10.362694300518134
351900 HERCULANDIA,134.0,3,137.0,351900,Herculândia,  3 519 006 ,   9 125,9125.0,15.013698630136986
351905 HOLAMBRA,100.0,38,138.0,351905,Holambra,  3 519 055 ,   15 094,15094.0,9.142705710878495
351907 HORTOLANDIA,1930.0,413,2343.0,351907,Hortolândia,  3 519 071 ,   236 641,236641.0,9.901073778423857
351910 IACANGA,134.0,7,141.0,351910,Iacanga,  3 519 105 ,   10 437,10437.0,13.509629203794194
351920 IACRI,83.0,1,84.0,351920,Iacri,  3 519 204 ,   6 131,6131.0,13.700864459305171
351925 IARAS,101.0,1,102.0,351925,Iaras,  3 519 253 ,   8 010,8010.0,12.734082397003744
351930 IBATE,234.0,52,286.0,351930,Ibaté,  3 519 303 ,   32 178,32178.0,8.88806016533035
351940 IBIRA,130.0,14,144.0,351940,Ibirá,  3 519 402 ,   11 690,11690.0,12.318220701454235
351950 IBIRAREMA,84.0,6,90.0,351950,Ibirarema,  3 519 501 ,   6 385,6385.0,14.095536413469068
351960 IBITINGA,708.0,171,879.0,351960,Ibitinga,  3 519 600 ,   60 033,60033.0,14.641946929188945
351970 IBIUNA,542.0,130,672.0,351970,Ibiúna,  3 519 709 ,   75 605,75605.0,8.888301038291118
351980 ICEM,162.0,34,196.0,351980,Icém,  3 519 808 ,   7 819,7819.0,25.067144136078785
351990 IEPE,157.0,16,173.0,351990,Iepê,  3 519 907 ,   7 619,7619.0,22.70639191494947
352000 IGARACU DO TIETE,201.0,6,207.0,352000,Igaraçu do Tietê,  3 520 004 ,   23 106,23106.0,8.958712022851207
352010 IGARAPAVA,408.0,55,463.0,352010,Igarapava,  3 520 103 ,   26 212,26212.0,17.66366549671906
352020 IGARATA,124.0,4,128.0,352020,Igaratá,  3 520 202 ,   10 605,10605.0,12.06977840641207
352030 IGUAPE,375.0,14,389.0,352030,Iguape,  3 520 301 ,   29 115,29115.0,13.36081057873948
352040 ILHABELA,1140.0,62,1202.0,352040,Ilhabela,  3 520 400 ,   34 934,34934.0,34.407740310299424
352042 ILHA COMPRIDA,178.0,8,186.0,352042,Ilha Comprida,  3 520 426 ,   13 419,13419.0,13.860943438408228
352044 ILHA SOLTEIRA,514.0,108,622.0,352044,Ilha Solteira,  3 520 442 ,   25 549,25549.0,24.345375552859213
352050 INDAIATUBA,2839.0,1194,4033.0,352050,Indaiatuba,  3 520 509 ,   255 748,255748.0,15.76942928194942
352060 INDIANA,77.0,3,80.0,352060,Indiana,  3 520 608 ,   5 090,5090.0,15.717092337917483
352070 INDIAPORA,100.0,12,112.0,352070,Indiaporã,  3 520 707 ,   4 035,4035.0,27.75712515489467
352080 INUBIA PAULISTA,51.0,-,51.0,352080,Inúbia Paulista,  3 520 806 ,   3 615,3615.0,14.107883817427386
352090 IPAUSSU,147.0,11,158.0,352090,Ipaussu,  3 520 905 ,   13 712,13712.0,11.522753792298717
352100 IPERO,334.0,15,349.0,352100,Iperó,  3 521 002 ,   36 459,36459.0,9.572396390466004
352110 IPEUNA,159.0,6,165.0,352110,Ipeúna,  3 521 101 ,   6 831,6831.0,24.154589371980677
352115 IPIGUA,120.0,-,120.0,352115,Ipiguá,  3 521 150 ,   6 761,6761.0,17.748853719863924
352120 IPORANGA,91.0,-,91.0,352120,Iporanga,  3 521 200 ,   4 046,4046.0,22.49134948096886
352130 IPUA,293.0,62,355.0,352130,Ipuã,  3 521 309 ,   14 454,14454.0,24.560675245606753
352140 IRACEMAPOLIS,240.0,20,260.0,352140,Iracemápolis,  3 521 408 ,   21 967,21967.0,11.835935721764464
352150 IRAPUA,81.0,7,88.0,352150,Irapuã,  3 521 507 ,   6 867,6867.0,12.814911897480703
352160 IRAPURU,132.0,-,132.0,352160,Irapuru,  3 521 606 ,   7 085,7085.0,18.63091037402964
352170 ITABERA,269.0,2,271.0,352170,Itaberá,  3 521 705 ,   17 983,17983.0,15.069788133236946
352180 ITAI,246.0,11,257.0,352180,Itaí,  3 521 804 ,   25 180,25180.0,10.206513105639397
352190 ITAJOBI,209.0,14,223.0,352190,Itajobi,  3 521 903 ,   16 989,16989.0,13.126140443816587
352200 ITAJU,35.0,-,35.0,352200,Itaju,  3 522 000 ,   3 618,3618.0,9.673852957435047
352210 ITANHAEM,1856.0,172,2028.0,352210,Itanhaém,  3 522 109 ,   112 476,112476.0,18.030513176144243
352215 ITAOCA,44.0,-,44.0,352215,Itaoca,  3 522 158 ,   3 422,3422.0,12.857977790765634
352220 ITAPECERICA DA SERRA,1987.0,649,2636.0,352220,Itapecerica da Serra,  3 522 208 ,   158 522,158522.0,16.628606754898374
352230 ITAPETININGA,2269.0,561,2830.0,352230,Itapetininga,  3 522 307 ,   157 790,157790.0,17.93523036947842
352240 ITAPEVA,1706.0,359,2065.0,352240,Itapeva,  3 522 406 ,   89 728,89728.0,23.013997860199716
352250 ITAPEVI,2715.0,909,3624.0,352250,Itapevi,  3 522 505 ,   232 297,232297.0,15.600718046294183
352260 ITAPIRA,1646.0,734,2380.0,352260,Itapira,  3 522 604 ,   72 022,72022.0,33.04545833217628
352265 ITAPIRAPUA PAULISTA,79.0,-,79.0,352265,Itapirapuã Paulista,  3 522 653 ,   4 306,4306.0,18.346493265211333
352270 ITAPOLIS,502.0,67,569.0,352270,Itápolis,  3 522 703 ,   39 493,39493.0,14.407616539639937
352280 ITAPORANGA,210.0,36,246.0,352280,Itaporanga,  3 522 802 ,   14 085,14085.0,17.4653887113951
352290 ITAPUI,142.0,5,147.0,352290,Itapuí,  3 522 901 ,   13 659,13659.0,10.76213485613881
352300 ITAPURA,58.0,3,61.0,352300,Itapura,  3 523 008 ,   3 979,3979.0,15.330485046494095
352310 ITAQUAQUECETUBA,2289.0,277,2566.0,352310,Itaquaquecetuba,  3 523 107 ,   369 275,369275.0,6.948750930878072
352320 ITARARE,561.0,59,620.0,352320,Itararé,  3 523 206 ,   44 438,44438.0,13.952023043341285
352330 ITARIRI,214.0,12,226.0,352330,Itariri,  3 523 305 ,   15 528,15528.0,14.554353426069037
352340 ITATIBA,1392.0,245,1637.0,352340,Itatiba,  3 523 404 ,   121 590,121590.0,13.463278230117607
352350 ITATINGA,128.0,12,140.0,352350,Itatinga,  3 523 503 ,   19 070,19070.0,7.341373885684321
352360 ITIRAPINA,267.0,21,288.0,352360,Itirapina,  3 523 602 ,   16 148,16148.0,17.83502600941293
352370 ITIRAPUA,90.0,-,90.0,352370,Itirapuã,  3 523 701 ,   5 779,5779.0,15.573628655476726
352380 ITOBI,67.0,3,70.0,352380,Itobi,  3 523 800 ,   8 046,8046.0,8.699975142928162
352390 ITU,2633.0,685,3318.0,352390,Itu,  3 523 909 ,   168 240,168240.0,19.721825962910128
352400 ITUPEVA,739.0,144,883.0,352400,Itupeva,  3 524 006 ,   70 616,70616.0,12.504248328990597
352410 ITUVERAVA,798.0,222,1020.0,352410,Ituverava,  3 524 105 ,   37 571,37571.0,27.148598653216578
352420 JABORANDI,117.0,7,124.0,352420,Jaborandi,  3 524 204 ,   6 221,6221.0,19.932486738466483
352430 JABOTICABAL,1070.0,523,1593.0,352430,Jaboticabal,  3 524 303 ,   71 821,71821.0,22.180142298213614
352440 JACAREI,3749.0,1920,5669.0,352440,Jacareí,  3 524 402 ,   240 275,240275.0,23.59379877224014
352450 JACI,206.0,2,208.0,352450,Jaci,  3 524 501 ,   7 613,7613.0,27.321686588729804
352460 JACUPIRANGA,248.0,7,255.0,352460,Jacupiranga,  3 524 600 ,   16 097,16097.0,15.841461141827669
352470 JAGUARIUNA,1203.0,149,1352.0,352470,Jaguariúna,  3 524 709 ,   59 347,59347.0,22.781269482871924
352480 JALES,1356.0,239,1595.0,352480,Jales,  3 524 808 ,   48 776,48776.0,32.70050844677711
352490 JAMBEIRO,83.0,2,85.0,352490,Jambeiro,  3 524 907 ,   6 397,6397.0,13.287478505549476
352500 JANDIRA,665.0,140,805.0,352500,Jandira,  3 525 003 ,   118 045,118045.0,6.819433266974459
352510 JARDINOPOLIS,368.0,55,423.0,352510,Jardinópolis,  3 525 102 ,   45 282,45282.0,9.341460182854116
352520 JARINU,283.0,34,317.0,352520,Jarinu,  3 525 201 ,   37 535,37535.0,8.445450912481684
352530 JAU,4414.0,617,5031.0,352530,Jaú,  3 525 300 ,   133 497,133497.0,37.686240140227866
352540 JERIQUARA,62.0,-,62.0,352540,Jeriquara,  3 525 409 ,   3 863,3863.0,16.04970230390888
352550 JOANOPOLIS,140.0,17,157.0,352550,Joanópolis,  3 525 508 ,   12 815,12815.0,12.251268045259462
352560 JOAO RAMALHO,73.0,1,74.0,352560,João Ramalho,  3 525 607 ,   4 371,4371.0,16.929764355982613
352570 JOSE BONIFACIO,376.0,79,455.0,352570,José Bonifácio,  3 525 706 ,   36 633,36633.0,12.420495181939781
352580 JULIO MESQUITA,56.0,4,60.0,352580,Júlio Mesquita,  3 525 805 ,   4 254,4254.0,14.104372355430185
352585 JUMIRIM,53.0,1,54.0,352585,Jumirim,  3 525 854 ,   3 056,3056.0,17.670157068062828
352590 JUNDIAI,6249.0,5150,11399.0,352590,Jundiaí,  3 525 904 ,   443 221,443221.0,25.718546729509658
352600 JUNQUEIROPOLIS,305.0,19,324.0,352600,Junqueirópolis,  3 526 001 ,   20 448,20448.0,15.84507042253521
352610 JUQUIA,252.0,3,255.0,352610,Juquiá,  3 526 100 ,   17 154,17154.0,14.865337530605107
352620 JUQUITIBA,317.0,10,327.0,352620,Juquitiba,  3 526 209 ,   27 404,27404.0,11.93256458911108
352630 LAGOINHA,77.0,13,90.0,352630,Lagoinha,  3 526 308 ,   5 083,5083.0,17.706079087153256
352640 LARANJAL PAULISTA,323.0,53,376.0,352640,Laranjal Paulista,  3 526 407 ,   26 261,26261.0,14.317809679753246
352650 LAVINIA,96.0,-,96.0,352650,Lavínia,  3 526 506 ,   9 689,9689.0,9.908143255237897
352660 LAVRINHAS,65.0,3,68.0,352660,Lavrinhas,  3 526 605 ,   7 171,7171.0,9.482638404685538
352670 LEME,1332.0,305,1637.0,352670,Leme,  3 526 704 ,   98 161,98161.0,16.676684222858363
352680 LENCOIS PAULISTA,885.0,288,1173.0,352680,Lençóis Paulista,  3 526 803 ,   66 505,66505.0,17.637771596120594
352690 LIMEIRA,3648.0,2955,6603.0,352690,Limeira,  3 526 902 ,   291 869,291869.0,22.623163131404844
352700 LINDOIA,102.0,16,118.0,352700,Lindóia,  3 527 009 ,   7 014,7014.0,16.823495865412035
352710 LINS,1199.0,699,1898.0,352710,Lins,  3 527 108 ,   74 779,74779.0,25.38145736102382
352720 LORENA,1255.0,1229,2484.0,352720,Lorena,  3 527 207 ,   84 855,84855.0,29.273466501679334
352725 LOURDES,32.0,-,32.0,352725,Lourdes,  3 527 256 ,   1 950,1950.0,16.41025641025641
352730 LOUVEIRA,742.0,51,793.0,352730,Louveira,  3 527 306 ,   51 847,51847.0,15.295002603815071
352740 LUCELIA,230.0,22,252.0,352740,Lucélia,  3 527 405 ,   20 061,20061.0,12.56168685509197
352750 LUCIANOPOLIS,39.0,-,39.0,352750,Lucianópolis,  3 527 504 ,   2 372,2372.0,16.441821247892072
352760 LUIS ANTONIO,259.0,14,273.0,352760,Luís Antônio,  3 527 603 ,   12 265,12265.0,22.25845902975948
352770 LUIZIANIA,73.0,11,84.0,352770,Luiziânia,  3 527 702 ,   4 701,4701.0,17.868538608806638
352780 LUPERCIO,45.0,-,45.0,352780,Lupércio,  3 527 801 ,   3 981,3981.0,11.303692539562924
352790 LUTECIA,65.0,-,65.0,352790,Lutécia,  3 527 900 ,   2 661,2661.0,24.426907177752724
352800 MACATUBA,143.0,29,172.0,352800,Macatuba,  3 528 007 ,   16 829,16829.0,10.220452789827084
352810 MACAUBAL,115.0,8,123.0,352810,Macaubal,  3 528 106 ,   7 481,7481.0,16.44165218553669
352820 MACEDONIA,81.0,1,82.0,352820,Macedônia,  3 528 205 ,   3 963,3963.0,20.691395407519558
352830 MAGDA,61.0,-,61.0,352830,Magda,  3 528 304 ,   3 165,3165.0,19.273301737756714
352840 MAIRINQUE,392.0,53,445.0,352840,Mairinque,  3 528 403 ,   50 027,50027.0,8.895196593839326
352850 MAIRIPORA,957.0,53,1010.0,352850,Mairiporã,  3 528 502 ,   93 853,93853.0,10.761510020990272
352860 MANDURI,135.0,31,166.0,352860,Manduri,  3 528 601 ,   9 871,9871.0,16.816938506736907
352870 MARABA PAULISTA,59.0,-,59.0,352870,Marabá Paulista,  3 528 700 ,   4 573,4573.0,12.901815001093373
352880 MARACAI,151.0,18,169.0,352880,Maracaí,  3 528 809 ,   12 673,12673.0,13.335437544385702
352885 MARAPOAMA,65.0,1,66.0,352885,Marapoama,  3 528 858 ,   3 292,3292.0,20.048602673147023
352890 MARIAPOLIS,42.0,1,43.0,352890,Mariápolis,  3 528 908 ,   3 513,3513.0,12.240250498149729
352900 MARILIA,6870.0,966,7836.0,352900,Marília,  3 529 005 ,   237 627,237627.0,32.9760507013092
352910 MARINOPOLIS,47.0,-,47.0,352910,Marinópolis,  3 529 104 ,   1 860,1860.0,25.268817204301076
352920 MARTINOPOLIS,356.0,56,412.0,352920,Martinópolis,  3 529 203 ,   24 881,24881.0,16.55881998311965
352930 MATAO,1173.0,275,1448.0,352930,Matão,  3 529 302 ,   79 033,79033.0,18.321460655675477
352940 MAUA,3707.0,2184,5891.0,352940,Mauá,  3 529 401 ,   418 261,418261.0,14.084507042253522
352950 MENDONCA,101.0,1,102.0,352950,Mendonça,  3 529 500 ,   6 159,6159.0,16.561130053580126
352960 MERIDIANO,53.0,14,67.0,352960,Meridiano,  3 529 609 ,   4 572,4572.0,14.654418197725285
352965 MESOPOLIS,44.0,1,45.0,352965,Mesópolis,  3 529 658 ,   1 952,1952.0,23.053278688524593
352970 MIGUELOPOLIS,364.0,28,392.0,352970,Miguelópolis,  3 529 708 ,   19 441,19441.0,20.163571832724656
352980 MINEIROS DO TIETE,127.0,-,127.0,352980,Mineiros do Tietê,  3 529 807 ,   11 230,11230.0,11.308993766696348
352990 MIRACATU,307.0,2,309.0,352990,Miracatu,  3 529 906 ,   18 553,18553.0,16.65498841157764
353000 MIRA ESTRELA,77.0,1,78.0,353000,Mira Estrela,  3 530 003 ,   3 126,3126.0,24.95201535508637
353010 MIRANDOPOLIS,455.0,87,542.0,353010,Mirandópolis,  3 530 102 ,   27 983,27983.0,19.36890254797556
353020 MIRANTE DO PARANAPANEMA,342.0,18,360.0,353020,Mirante do Paranapanema,  3 530 201 ,   15 917,15917.0,22.61732738581391
353030 MIRASSOL,531.0,202,733.0,353030,Mirassol,  3 530 300 ,   63 337,63337.0,11.573014193915089
353040 MIRASSOLANDIA,75.0,-,75.0,353040,Mirassolândia,  3 530 409 ,   4 669,4669.0,16.063396872992076
353050 MOCOCA,1080.0,312,1392.0,353050,Mococa,  3 530 508 ,   67 681,67681.0,20.567071999527194
353060 MOGI DAS CRUZES,6296.0,4354,10650.0,353060,Mogi das Cruzes,  3 530 607 ,   451 505,451505.0,23.58777865139921
353070 MOGI GUACU,2176.0,678,2854.0,353070,Mogi Guaçu,  3 530 706 ,   153 658,153658.0,18.57371565424514
353080 MOGI MIRIM,1432.0,739,2171.0,353080,Mogi Mirim,  3 530 805 ,   92 558,92558.0,23.455562998336177
353090 MOMBUCA,46.0,-,46.0,353090,Mombuca,  3 530 904 ,   3 722,3722.0,12.358946802794197
353100 MONCOES,77.0,1,78.0,353100,Monções,  3 531 001 ,   1 937,1937.0,40.26845637583892
353110 MONGAGUA,538.0,39,577.0,353110,Mongaguá,  3 531 100 ,   61 951,61951.0,9.313812529256994
353120 MONTE ALEGRE DO SUL,111.0,8,119.0,353120,Monte Alegre do Sul,  3 531 209 ,   8 627,8627.0,13.793902863104208
353130 MONTE ALTO,679.0,290,969.0,353130,Monte Alto,  3 531 308 ,   47 574,47574.0,20.36826838188927
353140 MONTE APRAZIVEL,228.0,44,272.0,353140,Monte Aprazível,  3 531 407 ,   22 280,22280.0,12.208258527827647
353150 MONTE AZUL PAULISTA,239.0,36,275.0,353150,Monte Azul Paulista,  3 531 506 ,   18 151,18151.0,15.150680403283566
353160 MONTE CASTELO,68.0,-,68.0,353160,Monte Castelo,  3 531 605 ,   4 222,4222.0,16.106110847939366
353170 MONTEIRO LOBATO,73.0,9,82.0,353170,Monteiro Lobato,  3 531 704 ,   4 138,4138.0,19.816336394393428
353180 MONTE MOR,455.0,94,549.0,353180,Monte Mor,  3 531 803 ,   64 662,64662.0,8.49030342395843
353190 MORRO AGUDO,532.0,66,598.0,353190,Morro Agudo,  3 531 902 ,   27 933,27933.0,21.40837002828196
353200 MORUNGABA,140.0,10,150.0,353200,Morungaba,  3 532 009 ,   13 720,13720.0,10.932944606413994
353205 MOTUCA,64.0,1,65.0,353205,Motuca,  3 532 058 ,   4 034,4034.0,16.113039167079823
353210 MURUTINGA DO SUL,54.0,2,56.0,353210,Murutinga do Sul,  3 532 108 ,   3 737,3737.0,14.985282312014986
353215 NANTES,66.0,1,67.0,353215,Nantes,  3 532 157 ,   2 660,2660.0,25.18796992481203
353220 NARANDIBA,98.0,-,98.0,353220,Narandiba,  3 532 207 ,   5 713,5713.0,17.153859618414142
353230 NATIVIDADE DA SERRA,67.0,-,67.0,353230,Natividade da Serra,  3 532 306 ,   6 999,6999.0,9.572796113730533
353240 NAZARE PAULISTA,151.0,8,159.0,353240,Nazaré Paulista,  3 532 405 ,   18 217,18217.0,8.728111105011802
353250 NEVES PAULISTA,85.0,4,89.0,353250,Neves Paulista,  3 532 504 ,   9 699,9699.0,9.176203732343541
353260 NHANDEARA,195.0,45,240.0,353260,Nhandeara,  3 532 603 ,   9 852,9852.0,24.360535931790498
353270 NIPOA,80.0,2,82.0,353270,Nipoã,  3 532 702 ,   4 750,4750.0,17.263157894736842
353280 NOVA ALIANCA,130.0,1,131.0,353280,Nova Aliança,  3 532 801 ,   6 693,6693.0,19.57268788286269
353282 NOVA CAMPINA,160.0,-,160.0,353282,Nova Campina,  3 532 827 ,   8 497,8497.0,18.830175356008002
353284 NOVA CANAA PAULISTA,41.0,-,41.0,353284,Nova Canaã Paulista,  3 532 843 ,   2 032,2032.0,20.177165354330707
353286 NOVA CASTILHO,46.0,-,46.0,353286,Nova Castilho,  3 532 868 ,   1 062,1062.0,43.314500941619585
353290 NOVA EUROPA,141.0,20,161.0,353290,Nova Europa,  3 532 900 ,   9 311,9311.0,17.29137579207389
353300 NOVA GRANADA,234.0,50,284.0,353300,Nova Granada,  3 533 007 ,   19 419,19419.0,14.624851949121995
353310 NOVA GUATAPORANGA,49.0,-,49.0,353310,Nova Guataporanga,  3 533 106 ,   2 156,2156.0,22.727272727272727
353320 NOVA INDEPENDENCIA,76.0,5,81.0,353320,Nova Independência,  3 533 205 ,   4 609,4609.0,17.57431113039705
353325 NOVAIS,76.0,-,76.0,353325,Novais,  3 533 254 ,   4 412,4412.0,17.225747960108794
353330 NOVA LUZITANIA,43.0,1,44.0,353330,Nova Luzitânia,  3 533 304 ,   2 837,2837.0,15.509340853013747
353340 NOVA ODESSA,466.0,71,537.0,353340,Nova Odessa,  3 533 403 ,   62 019,62019.0,8.658636869346491
353350 NOVO HORIZONTE,668.0,108,776.0,353350,Novo Horizonte,  3 533 502 ,   38 324,38324.0,20.248408308109802
353360 NUPORANGA,97.0,16,113.0,353360,Nuporanga,  3 533 601 ,   7 391,7391.0,15.288864835610879
353370 OCAUCU,49.0,-,49.0,353370,Ocauçu,  3 533 700 ,   4 331,4331.0,11.313784345416764
353380 OLEO,36.0,-,36.0,353380,Óleo,  3 533 809 ,   2 512,2512.0,14.331210191082803
353390 OLIMPIA,808.0,206,1014.0,353390,Olímpia,  3 533 908 ,   55 074,55074.0,18.41159167665323
353400 ONDA VERDE,85.0,3,88.0,353400,Onda Verde,  3 534 005 ,   4 771,4771.0,18.44477048836722
353410 ORIENTE,77.0,5,82.0,353410,Oriente,  3 534 104 ,   6 085,6085.0,13.475760065735415
353420 ORINDIUVA,134.0,16,150.0,353420,Orindiúva,  3 534 203 ,   6 024,6024.0,24.9003984063745
353430 ORLANDIA,422.0,237,659.0,353430,Orlândia,  3 534 302 ,   38 319,38319.0,17.197734805188027
353440 OSASCO,7290.0,7350,14640.0,353440,Osasco,  3 534 401 ,   728 615,728615.0,20.092916011885563
353450 OSCAR BRESSANE,67.0,-,67.0,353450,Oscar Bressane,  3 534 500 ,   2 470,2470.0,27.125506072874494
353460 OSVALDO CRUZ,381.0,81,462.0,353460,Osvaldo Cruz,  3 534 609 ,   31 272,31272.0,14.773599386032235
353470 OURINHOS,2060.0,730,2790.0,353470,Ourinhos,  3 534 708 ,   103 970,103970.0,26.83466384534
353475 OUROESTE,220.0,20,240.0,353475,Ouroeste,  3 534 757 ,   10 294,10294.0,23.31455216631047
353480 OURO VERDE,87.0,4,91.0,353480,Ouro Verde,  3 534 807 ,   7 779,7779.0,11.698161717444401
353490 PACAEMBU,176.0,10,186.0,353490,Pacaembu,  3 534 906 ,   14 877,14877.0,12.502520669489817
353500 PALESTINA,174.0,25,199.0,353500,Palestina,  3 535 002 ,   11 476,11476.0,17.34053677239456
353510 PALMARES PAULISTA,111.0,31,142.0,353510,Palmares Paulista,  3 535 101 ,   9 650,9650.0,14.715025906735752
353520 PALMEIRA D'OESTE,108.0,12,120.0,353520,Palmeira d'Oeste,  3 535 200 ,   8 903,8903.0,13.478602718184883
353530 PALMITAL,373.0,44,417.0,353530,Palmital,  3 535 309 ,   19 594,19594.0,21.282025109727467
353540 PANORAMA,174.0,10,184.0,353540,Panorama,  3 535 408 ,   14 964,14964.0,12.296177492649024
353550 PARAGUACU PAULISTA,748.0,60,808.0,353550,Paraguaçu Paulista,  3 535 507 ,   41 120,41120.0,19.64980544747082
353560 PARAIBUNA,186.0,17,203.0,353560,Paraibuna,  3 535 606 ,   17 667,17667.0,11.49034923869361
353570 PARAISO,130.0,7,137.0,353570,Paraíso,  3 535 705 ,   6 099,6099.0,22.46269880308247
353580 PARANAPANEMA,209.0,31,240.0,353580,Paranapanema,  3 535 804 ,   19 395,19395.0,12.37432327919567
353590 PARANAPUA,57.0,-,57.0,353590,Paranapuã,  3 535 903 ,   4 031,4031.0,14.140411808484247
353600 PARAPUA,111.0,3,114.0,353600,Parapuã,  3 536 000 ,   10 580,10580.0,10.775047258979205
353610 PARDINHO,70.0,1,71.0,353610,Pardinho,  3 536 109 ,   7 153,7153.0,9.925905214595275
353620 PARIQUERA-ACU,1336.0,12,1348.0,353620,Pariquera-Açu,  3 536 208 ,   19 233,19233.0,70.08786980710238
353625 PARISI,62.0,-,62.0,353625,Parisi,  3 536 257 ,   2 892,2892.0,21.43845089903181
353630 PATROCINIO PAULISTA,279.0,3,282.0,353630,Patrocínio Paulista,  3 536 307 ,   14 512,14512.0,19.432194046306503
353640 PAULICEIA,128.0,5,133.0,353640,Paulicéia,  3 536 406 ,   7 955,7955.0,16.71904462602137
353650 PAULINIA,1683.0,396,2079.0,353650,Paulínia,  3 536 505 ,   110 537,110537.0,18.80818187575201
353657 PAULISTANIA,50.0,-,50.0,353657,Paulistânia,  3 536 570 ,   2 090,2090.0,23.923444976076556
353660 PAULO DE FARIA,105.0,1,106.0,353660,Paulo de Faria,  3 536 604 ,   7 400,7400.0,14.324324324324325
353670 PEDERNEIRAS,580.0,147,727.0,353670,Pederneiras,  3 536 703 ,   44 827,44827.0,16.217904387980457
353680 PEDRA BELA,67.0,-,67.0,353680,Pedra Bela,  3 536 802 ,   6 557,6557.0,10.218087540033551
353690 PEDRANOPOLIS,45.0,1,46.0,353690,Pedranópolis,  3 536 901 ,   2 787,2787.0,16.50520272694654
353700 PEDREGULHO,230.0,16,246.0,353700,Pedregulho,  3 537 008 ,   15 525,15525.0,15.845410628019325
353710 PEDREIRA,364.0,85,449.0,353710,Pedreira,  3 537 107 ,   43 112,43112.0,10.414733716830582
353715 PEDRINHAS PAULISTA,67.0,-,67.0,353715,Pedrinhas Paulista,  3 537 156 ,   2 804,2804.0,23.894436519258203
353720 PEDRO DE TOLEDO,160.0,7,167.0,353720,Pedro de Toledo,  3 537 206 ,   11 281,11281.0,14.803652158496588
353730 PENAPOLIS,835.0,204,1039.0,353730,Penápolis,  3 537 305 ,   61 679,61679.0,16.8452795927301
353740 PEREIRA BARRETO,257.0,78,335.0,353740,Pereira Barreto,  3 537 404 ,   24 095,24095.0,13.903299439717784
353750 PEREIRAS,93.0,3,96.0,353750,Pereiras,  3 537 503 ,   8 737,8737.0,10.987753233375301
353760 PERUIBE,614.0,130,744.0,353760,Peruíbe,  3 537 602 ,   68 352,68352.0,10.884831460674159
353770 PIACATU,63.0,5,68.0,353770,Piacatu,  3 537 701 ,   5 519,5519.0,12.321072658090234
353780 PIEDADE,293.0,76,369.0,353780,Piedade,  3 537 800 ,   52 970,52970.0,6.966207287143666
353790 PILAR DO SUL,235.0,31,266.0,353790,Pilar do Sul,  3 537 909 ,   27 619,27619.0,9.631051088019118
353800 PINDAMONHANGABA,2153.0,1124,3277.0,353800,Pindamonhangaba,  3 538 006 ,   165 428,165428.0,19.809222138936576
353810 PINDORAMA,184.0,8,192.0,353810,Pindorama,  3 538 105 ,   14 542,14542.0,13.203135744739376
353820 PINHALZINHO,99.0,12,111.0,353820,Pinhalzinho,  3 538 204 ,   15 224,15224.0,7.291119285338938
353830 PIQUEROBI,55.0,-,55.0,353830,Piquerobi,  3 538 303 ,   3 264,3264.0,16.85049019607843
353850 PIQUETE,126.0,10,136.0,353850,Piquete,  3 538 501 ,   12 490,12490.0,10.888710968775019
353860 PIRACAIA,226.0,34,260.0,353860,Piracaia,  3 538 600 ,   26 029,26029.0,9.988858580813707
353870 PIRACICABA,6111.0,3771,9882.0,353870,Piracicaba,  3 538 709 ,   423 323,423323.0,23.343876897782547
353880 PIRAJU,487.0,68,555.0,353880,Piraju,  3 538 808 ,   29 436,29436.0,18.854463921728495
353890 PIRAJUI,565.0,32,597.0,353890,Pirajuí,  3 538 907 ,   22 431,22431.0,26.6149525210646
353900 PIRANGI,140.0,23,163.0,353900,Pirangi,  3 539 004 ,   10 885,10885.0,14.974735875057418
353910 PIRAPORA DO BOM JESUS,163.0,12,175.0,353910,Pirapora do Bom Jesus,  3 539 103 ,   18 370,18370.0,9.526401741970606
353920 PIRAPOZINHO,285.0,35,320.0,353920,Pirapozinho,  3 539 202 ,   25 348,25348.0,12.62427015938141
353930 PIRASSUNUNGA,1306.0,435,1741.0,353930,Pirassununga,  3 539 301 ,   73 545,73545.0,23.6725814127405
353940 PIRATININGA,176.0,7,183.0,353940,Piratininga,  3 539 400 ,   15 108,15108.0,12.112787926926131
353950 PITANGUEIRAS,436.0,102,538.0,353950,Pitangueiras,  3 539 509 ,   33 674,33674.0,15.97671794262636
353960 PLANALTO,92.0,-,92.0,353960,Planalto,  3 539 608 ,   4 389,4389.0,20.96149464570517
353970 PLATINA,75.0,-,75.0,353970,Platina,  3 539 707 ,   3 025,3025.0,24.793388429752067
353980 POA,520.0,162,682.0,353980,Poá,  3 539 806 ,   103 765,103765.0,6.572543728617549
353990 POLONI,92.0,23,115.0,353990,Poloni,  3 539 905 ,   5 592,5592.0,20.565092989985693
354000 POMPEIA,505.0,104,609.0,354000,Pompéia,  3 540 002 ,   20 196,20196.0,30.15448603683898
354010 PONGAI,53.0,-,53.0,354010,Pongaí,  3 540 101 ,   3 395,3395.0,15.61119293078056
354020 PONTAL,532.0,116,648.0,354020,Pontal,  3 540 200 ,   37 607,37607.0,17.230834685032043
354025 PONTALINDA,40.0,-,40.0,354025,Pontalinda,  3 540 259 ,   4 127,4127.0,9.69227041434456
354030 PONTES GESTAL,101.0,7,108.0,354030,Pontes Gestal,  3 540 309 ,   2 387,2387.0,45.24507750314202
354040 POPULINA,80.0,18,98.0,354040,Populina,  3 540 408 ,   4 127,4127.0,23.74606251514417
354050 PORANGABA,118.0,14,132.0,354050,Porangaba,  3 540 507 ,   10 451,10451.0,12.630370299492872
354060 PORTO FELIZ,708.0,93,801.0,354060,Porto Feliz,  3 540 606 ,   56 497,56497.0,14.177743951006248
354070 PORTO FERREIRA,555.0,173,728.0,354070,Porto Ferreira,  3 540 705 ,   52 649,52649.0,13.827423122946305
354075 POTIM,173.0,8,181.0,354075,Potim,  3 540 754 ,   20 392,20392.0,8.876029815613967
354080 POTIRENDABA,152.0,43,195.0,354080,Potirendaba,  3 540 804 ,   18 496,18496.0,10.542820069204152
354085 PRACINHA,58.0,-,58.0,354085,Pracinha,  3 540 853 ,   2 578,2578.0,22.498060512024825
354090 PRADOPOLIS,169.0,21,190.0,354090,Pradópolis,  3 540 903 ,   17 078,17078.0,11.125424522777843
354100 PRAIA GRANDE,4329.0,730,5059.0,354100,Praia Grande,  3 541 000 ,   349 935,349935.0,14.456970580250617
354105 PRATANIA,57.0,1,58.0,354105,Pratânia,  3 541 059 ,   5 126,5126.0,11.31486539211861
354110 PRESIDENTE ALVES,48.0,-,48.0,354110,Presidente Alves,  3 541 109 ,   3 804,3804.0,12.618296529968454
354120 PRESIDENTE BERNARDES,251.0,30,281.0,354120,Presidente Bernardes,  3 541 208 ,   14 490,14490.0,19.392684610075914
354130 PRESIDENTE EPITACIO,602.0,77,679.0,354130,Presidente Epitácio,  3 541 307 ,   39 505,39505.0,17.187697759777244
354140 PRESIDENTE PRUDENTE,6040.0,2507,8547.0,354140,Presidente Prudente,  3 541 406 ,   225 668,225668.0,37.87422230887853
354150 PRESIDENTE VENCESLAU,530.0,72,602.0,354150,Presidente Venceslau,  3 541 505 ,   35 201,35201.0,17.101786881054515
354160 PROMISSAO,714.0,51,765.0,354160,Promissão,  3 541 604 ,   35 131,35131.0,21.775639748370384
354165 QUADRA,69.0,2,71.0,354165,Quadra,  3 541 653 ,   3 405,3405.0,20.851688693098385
354170 QUATA,218.0,23,241.0,354170,Quatá,  3 541 703 ,   13 163,13163.0,18.308896148294462
354180 QUEIROZ,70.0,-,70.0,354180,Queiroz,  3 541 802 ,   3 265,3265.0,21.43950995405819
354190 QUELUZ,128.0,2,130.0,354190,Queluz,  3 541 901 ,   9 159,9159.0,14.193689267387269
354200 QUINTANA,107.0,5,112.0,354200,Quintana,  3 542 008 ,   7 038,7038.0,15.913611821540211
354210 RAFARD,83.0,-,83.0,354210,Rafard,  3 542 107 ,   8 965,8965.0,9.258226436140546
354220 RANCHARIA,407.0,129,536.0,354220,Rancharia,  3 542 206 ,   28 588,28588.0,18.74912550720582
354230 REDENCAO DA SERRA,72.0,1,73.0,354230,Redenção da Serra,  3 542 305 ,   4 494,4494.0,16.24388072986204
354240 REGENTE FEIJO,270.0,27,297.0,354240,Regente Feijó,  3 542 404 ,   20 145,20145.0,14.743112434847356
354250 REGINOPOLIS,95.0,4,99.0,354250,Reginópolis,  3 542 503 ,   7 662,7662.0,12.920908379013312
354260 REGISTRO,1675.0,240,1915.0,354260,Registro,  3 542 602 ,   59 947,59947.0,31.944884648105827
354270 RESTINGA,96.0,-,96.0,354270,Restinga,  3 542 701 ,   6 404,6404.0,14.990630855715178
354280 RIBEIRA,70.0,-,70.0,354280,Ribeira,  3 542 800 ,   3 132,3132.0,22.349936143039592
354290 RIBEIRAO BONITO,90.0,20,110.0,354290,Ribeirão Bonito,  3 542 909 ,   10 989,10989.0,10.01001001001001
354300 RIBEIRAO BRANCO,253.0,3,256.0,354300,Ribeirão Branco,  3 543 006 ,   18 627,18627.0,13.743490631878457
354310 RIBEIRAO CORRENTE,36.0,-,36.0,354310,Ribeirão Corrente,  3 543 105 ,   4 608,4608.0,7.8125
354320 RIBEIRAO DO SUL,67.0,-,67.0,354320,Ribeirão do Sul,  3 543 204 ,   4 677,4677.0,14.325422279238829
354323 RIBEIRAO DOS INDIOS,53.0,-,53.0,354323,Ribeirão dos Índios,  3 543 238 ,   2 025,2025.0,26.17283950617284
354325 RIBEIRAO GRANDE,57.0,-,57.0,354325,Ribeirão Grande,  3 543 253 ,   7 450,7450.0,7.651006711409396
354330 RIBEIRAO PIRES,1044.0,644,1688.0,354330,Ribeirão Pires,  3 543 303 ,   115 559,115559.0,14.6072568990732
354340 RIBEIRAO PRETO,14033.0,6220,20253.0,354340,Ribeirão Preto,  3 543 402 ,   698 642,698642.0,28.98909598907595
354350 RIVERSUL,82.0,-,82.0,354350,Riversul,  3 543 501 ,   5 599,5599.0,14.645472405786748
354360 RIFAINA,89.0,-,89.0,354360,Rifaina,  3 543 600 ,   4 049,4049.0,21.980735984193625
354370 RINCAO,108.0,2,110.0,354370,Rincão,  3 543 709 ,   9 098,9098.0,12.090569355902396
354380 RINOPOLIS,127.0,2,129.0,354380,Rinópolis,  3 543 808 ,   9 259,9259.0,13.932390106922995
354390 RIO CLARO,2837.0,1777,4614.0,354390,Rio Claro,  3 543 907 ,   201 418,201418.0,22.90758522078464
354400 RIO DAS PEDRAS,223.0,56,279.0,354400,Rio das Pedras,  3 544 004 ,   31 328,31328.0,8.905771195097037
354410 RIO GRANDE DA SERRA,303.0,4,307.0,354410,Rio Grande da Serra,  3 544 103 ,   44 170,44170.0,6.950418836314241
354420 RIOLANDIA,144.0,2,146.0,354420,Riolândia,  3 544 202 ,   10 309,10309.0,14.162382384324378
354425 ROSANA,470.0,22,492.0,354425,Rosana,  3 544 251 ,   17 440,17440.0,28.21100917431193
354430 ROSEIRA,186.0,10,196.0,354430,Roseira,  3 544 301 ,   10 832,10832.0,18.09453471196455
354440 RUBIACEA,41.0,1,42.0,354440,Rubiácea,  3 544 400 ,   2 700,2700.0,15.555555555555555
354450 RUBINEIA,70.0,-,70.0,354450,Rubinéia,  3 544 509 ,   3 833,3833.0,18.262457605009132
354460 SABINO,65.0,2,67.0,354460,Sabino,  3 544 608 ,   5 112,5112.0,13.10641627543036
354470 SAGRES,39.0,-,39.0,354470,Sagres,  3 544 707 ,   2 474,2474.0,15.76394502829426
354480 SALES,123.0,1,124.0,354480,Sales,  3 544 806 ,   6 437,6437.0,19.263632126767128
354490 SALES OLIVEIRA,173.0,34,207.0,354490,Sales Oliveira,  3 544 905 ,   11 411,11411.0,18.140390850933308
354500 SALESOPOLIS,171.0,2,173.0,354500,Salesópolis,  3 545 001 ,   15 202,15202.0,11.380081568214708
354510 SALMOURAO,51.0,-,51.0,354510,Salmourão,  3 545 100 ,   4 808,4808.0,10.607321131447586
354515 SALTINHO,117.0,5,122.0,354515,Saltinho,  3 545 159 ,   8 161,8161.0,14.949148388677857
354520 SALTO,1001.0,278,1279.0,354520,Salto,  3 545 209 ,   134 319,134319.0,9.522107817955762
354530 SALTO DE PIRAPORA,519.0,54,573.0,354530,Salto de Pirapora,  3 545 308 ,   43 748,43748.0,13.097741611045077
354540 SALTO GRANDE,147.0,-,147.0,354540,Salto Grande,  3 545 407 ,   9 050,9050.0,16.243093922651934
354550 SANDOVALINA,86.0,5,91.0,354550,Sandovalina,  3 545 506 ,   3 645,3645.0,24.96570644718793
354560 SANTA ADELIA,187.0,34,221.0,354560,Santa Adélia,  3 545 605 ,   14 018,14018.0,15.765444428591811
354570 SANTA ALBERTINA,72.0,9,81.0,354570,Santa Albertina,  3 545 704 ,   6 393,6393.0,12.670107930549038
354580 SANTA BARBARA D'OESTE,1544.0,444,1988.0,354580,Santa Bárbara d'Oeste,  3 545 803 ,   183 347,183347.0,10.842828080088575
354600 SANTA BRANCA,162.0,13,175.0,354600,Santa Branca,  3 546 009 ,   13 975,13975.0,12.522361359570663
354610 SANTA CLARA D'OESTE,61.0,3,64.0,354610,Santa Clara d'Oeste,  3 546 108 ,   2 598,2598.0,24.634334103156274
354620 SANTA CRUZ DA CONCEICAO,45.0,-,45.0,354620,Santa Cruz da Conceição,  3 546 207 ,   4 277,4277.0,10.521393500116904
354625 SANTA CRUZ DA ESPERANCA,61.0,-,61.0,354625,Santa Cruz da Esperança,  3 546 256 ,   2 116,2116.0,28.82797731568998
354630 SANTA CRUZ DAS PALMEIRAS,303.0,78,381.0,354630,Santa Cruz das Palmeiras,  3 546 306 ,   28 864,28864.0,13.199833702882485
354640 SANTA CRUZ DO RIO PARDO,828.0,116,944.0,354640,Santa Cruz do Rio Pardo,  3 546 405 ,   46 442,46442.0,20.326428663709574
354650 SANTA ERNESTINA,52.0,4,56.0,354650,Santa Ernestina,  3 546 504 ,   6 118,6118.0,9.153318077803204
354660 SANTA FE DO SUL,657.0,108,765.0,354660,Santa Fé do Sul,  3 546 603 ,   34 794,34794.0,21.98654940506984
354670 SANTA GERTRUDES,227.0,41,268.0,354670,Santa Gertrudes,  3 546 702 ,   23 611,23611.0,11.350641650078353
354680 SANTA ISABEL,711.0,118,829.0,354680,Santa Isabel,  3 546 801 ,   53 174,53174.0,15.590326099221425
354690 SANTA LUCIA,59.0,-,59.0,354690,Santa Lúcia,  3 546 900 ,   7 149,7149.0,8.252902503846691
354700 SANTA MARIA DA SERRA,63.0,2,65.0,354700,Santa Maria da Serra,  3 547 007 ,   5 243,5243.0,12.397482357428952
354710 SANTA MERCEDES,62.0,2,64.0,354710,Santa Mercedes,  3 547 106 ,   2 956,2956.0,21.65087956698241
354720 SANTANA DA PONTE PENSA,39.0,2,41.0,354720,Santana da Ponte Pensa,  3 547 205 ,   1 670,1670.0,24.550898203592816
354730 SANTANA DE PARNAIBA,2092.0,242,2334.0,354730,Santana de Parnaíba,  3 547 304 ,   154 105,154105.0,15.14551766652607
354740 SANTA RITA D'OESTE,48.0,-,48.0,354740,Santa Rita d'Oeste,  3 547 403 ,   2 733,2733.0,17.56311745334797
354750 SANTA RITA DO PASSA QUATRO,526.0,47,573.0,354750,Santa Rita do Passa Quatro,  3 547 502 ,   24 833,24833.0,23.074135223291588
354760 SANTA ROSA DE VITERBO,215.0,94,309.0,354760,Santa Rosa de Viterbo,  3 547 601 ,   23 411,23411.0,13.198923582931101
354765 SANTA SALETE,37.0,-,37.0,354765,Santa Salete,  3 547 650 ,   1 645,1645.0,22.492401215805472
354770 SANTO ANASTACIO,199.0,39,238.0,354770,Santo Anastácio,  3 547 700 ,   17 963,17963.0,13.249457217613985
354780 SANTO ANDRE,9093.0,7506,16599.0,354780,Santo André,  3 547 809 ,   748 919,748919.0,22.163945633639955
354790 SANTO ANTONIO DA ALEGRIA,115.0,2,117.0,354790,Santo Antônio da Alegria,  3 547 908 ,   6 775,6775.0,17.26937269372694
354800 SANTO ANTONIO DE POSSE,243.0,121,364.0,354800,Santo Antônio de Posse,  3 548 005 ,   23 244,23244.0,15.659955257270694
354805 SANTO ANTONIO DO ARACANGUA,138.0,2,140.0,354805,Santo Antônio do Aracanguá,  3 548 054 ,   8 379,8379.0,16.70843776106934
354810 SANTO ANTONIO DO JARDIM,68.0,2,70.0,354810,Santo Antônio do Jardim,  3 548 104 ,   6 126,6126.0,11.426705843943846
354820 SANTO ANTONIO DO PINHAL,94.0,4,98.0,354820,Santo Antônio do Pinhal,  3 548 203 ,   7 133,7133.0,13.738959764474975
354830 SANTO EXPEDITO,61.0,-,61.0,354830,Santo Expedito,  3 548 302 ,   3 000,3000.0,20.333333333333332
354840 SANTOPOLIS DO AGUAPEI,63.0,-,63.0,354840,Santópolis do Aguapeí,  3 548 401 ,   3 899,3899.0,16.15798922800718
354850 SANTOS,10782.0,5708,16490.0,354850,Santos,  3 548 500 ,   418 608,418608.0,39.39246263807667
354860 SAO BENTO DO SAPUCAI,158.0,11,169.0,354860,São Bento do Sapucaí,  3 548 609 ,   11 674,11674.0,14.476614699331849
354870 SAO BERNARDO DO CAMPO,10412.0,6816,17228.0,354870,São Bernardo do Campo,  3 548 708 ,   810 729,810729.0,21.250010792755656
354880 SAO CAETANO DO SUL,3837.0,1834,5671.0,354880,São Caetano do Sul,  3 548 807 ,   165 655,165655.0,34.233799160906706
354890 SAO CARLOS,3490.0,1396,4886.0,354890,São Carlos,  3 548 906 ,   254 857,254857.0,19.17153541005348
354900 SAO FRANCISCO,62.0,1,63.0,354900,São Francisco,  3 549 003 ,   2 602,2602.0,24.21214450422752
354910 SAO JOAO DA BOA VISTA,1771.0,1242,3013.0,354910,São João da Boa Vista,  3 549 102 ,   92 547,92547.0,32.556430786519286
354920 SAO JOAO DAS DUAS PONTES,30.0,-,30.0,354920,São João das Duas Pontes,  3 549 201 ,   2 580,2580.0,11.627906976744185
354925 SAO JOAO DE IRACEMA,48.0,-,48.0,354925,São João de Iracema,  3 549 250 ,   1 846,1846.0,26.00216684723727
354930 SAO JOAO DO PAU D'ALHO,46.0,3,49.0,354930,São João do Pau d'Alho,  3 549 300 ,   2 242,2242.0,21.855486173059766
354940 SAO JOAQUIM DA BARRA,708.0,167,875.0,354940,São Joaquim da Barra,  3 549 409 ,   48 558,48558.0,18.01968779603773
354950 SAO JOSE DA BELA VISTA,90.0,-,90.0,354950,São José da Bela Vista,  3 549 508 ,   7 626,7626.0,11.801730920535013
354960 SAO JOSE DO BARREIRO,50.0,1,51.0,354960,São José do Barreiro,  3 549 607 ,   3 853,3853.0,13.236439138333765
354970 SAO JOSE DO RIO PARDO,876.0,300,1176.0,354970,São José do Rio Pardo,  3 549 706 ,   52 205,52205.0,22.526577913992913
354980 SAO JOSE DO RIO PRETO,11577.0,3710,15287.0,354980,São José do Rio Preto,  3 549 805 ,   480 393,480393.0,31.821862516731095
354990 SAO JOSE DOS CAMPOS,11514.0,6681,18195.0,354990,São José dos Campos,  3 549 904 ,   697 054,697054.0,26.102712271933022
354995 SAO LOURENCO DA SERRA,170.0,20,190.0,354995,São Lourenço da Serra,  3 549 953 ,   16 067,16067.0,11.825480799153544
355000 SAO LUIS DO PARAITINGA,119.0,1,120.0,355000,São Luiz do Paraitinga,  3 550 001 ,   10 337,10337.0,11.608783979878108
355010 SAO MANUEL,451.0,76,527.0,355010,São Manuel,  3 550 100 ,   37 289,37289.0,14.132854192925528
355020 SAO MIGUEL ARCANJO,439.0,45,484.0,355020,São Miguel Arcanjo,  3 550 209 ,   32 039,32039.0,15.106588844845346
355030 SAO PAULO,185173.0,110045,295218.0,355030,São Paulo,  3 550 308 ,  11 451 999,11451999.0,25.77873085738132
355040 SAO PEDRO,540.0,103,643.0,355040,São Pedro,  3 550 407 ,   38 256,38256.0,16.807820995399414
355050 SAO PEDRO DO TURVO,83.0,-,83.0,355050,São Pedro do Turvo,  3 550 506 ,   7 217,7217.0,11.500623527781627
355060 SAO ROQUE,895.0,1028,1923.0,355060,São Roque,  3 550 605 ,   79 484,79484.0,24.193548387096772
355070 SAO SEBASTIAO,1565.0,360,1925.0,355070,São Sebastião,  3 550 704 ,   81 595,81595.0,23.59213187082542
355080 SAO SEBASTIAO DA GRAMA,145.0,23,168.0,355080,São Sebastião da Grama,  3 550 803 ,   10 441,10441.0,16.090412795709224
355090 SAO SIMAO,184.0,24,208.0,355090,São Simão,  3 550 902 ,   13 442,13442.0,15.473887814313347
355100 SAO VICENTE,2212.0,349,2561.0,355100,São Vicente,  3 551 009 ,   329 911,329911.0,7.762699637174874
355110 SARAPUI,128.0,1,129.0,355110,Sarapuí,  3 551 108 ,   10 369,10369.0,12.44092969428103
355120 SARUTAIA,32.0,-,32.0,355120,Sarutaiá,  3 551 207 ,   3 704,3704.0,8.639308855291578
355130 SEBASTIANOPOLIS DO SUL,63.0,1,64.0,355130,Sebastianópolis do Sul,  3 551 306 ,   3 130,3130.0,20.447284345047922
355140 SERRA AZUL,122.0,1,123.0,355140,Serra Azul,  3 551 405 ,   12 746,12746.0,9.650086301584812
355150 SERRANA,616.0,72,688.0,355150,Serrana,  3 551 504 ,   43 909,43909.0,15.668769500557973
355160 SERRA NEGRA,315.0,45,360.0,355160,Serra Negra,  3 551 603 ,   29 894,29894.0,12.042550344550746
355170 SERTAOZINHO,1471.0,1229,2700.0,355170,Sertãozinho,  3 551 702 ,   126 887,126887.0,21.27877560348972
355180 SETE BARRAS,120.0,5,125.0,355180,Sete Barras,  3 551 801 ,   12 730,12730.0,9.819324430479183
355190 SEVERINIA,126.0,8,134.0,355190,Severínia,  3 551 900 ,   14 576,14576.0,9.193194291986828
355200 SILVEIRAS,102.0,-,102.0,355200,Silveiras,  3 552 007 ,   6 186,6186.0,16.488845780795344
355210 SOCORRO,382.0,47,429.0,355210,Socorro,  3 552 106 ,   40 122,40122.0,10.692388215941378
355220 SOROCABA,10660.0,7319,17979.0,355220,Sorocaba,  3 552 205 ,   723 682,723682.0,24.843784977379567
355230 SUD MENNUCCI,162.0,9,171.0,355230,Sud Mennucci,  3 552 304 ,   7 355,7355.0,23.249490142760028
355240 SUMARE,2702.0,612,3314.0,355240,Sumaré,  3 552 403 ,   279 545,279545.0,11.854978625981506
355250 SUZANO,2508.0,727,3235.0,355250,Suzano,  3 552 502 ,   307 429,307429.0,10.522754847460716
355255 SUZANAPOLIS,54.0,12,66.0,355255,Suzanápolis,  3 552 551 ,   3 408,3408.0,19.36619718309859
355260 TABAPUA,192.0,12,204.0,355260,Tabapuã,  3 552 601 ,   11 323,11323.0,18.0164267420295
355270 TABATINGA,141.0,31,172.0,355270,Tabatinga,  3 552 700 ,   14 769,14769.0,11.646015302322432
355280 TABOAO DA SERRA,3282.0,303,3585.0,355280,Taboão da Serra,  3 552 809 ,   273 542,273542.0,13.105848462027769
355290 TACIBA,102.0,-,102.0,355290,Taciba,  3 552 908 ,   6 260,6260.0,16.293929712460066
355300 TAGUAI,158.0,7,165.0,355300,Taguaí,  3 553 005 ,   12 669,12669.0,13.02391664693346
355310 TAIACU,69.0,5,74.0,355310,Taiaçu,  3 553 104 ,   5 677,5677.0,13.035053725559274
355320 TAIUVA,77.0,11,88.0,355320,Taiúva,  3 553 203 ,   6 548,6548.0,13.439218081857055
355330 TAMBAU,235.0,95,330.0,355330,Tambaú,  3 553 302 ,   21 435,21435.0,15.395381385584324
355340 TANABI,276.0,31,307.0,355340,Tanabi,  3 553 401 ,   25 265,25265.0,12.151197308529586
355350 TAPIRAI,72.0,-,72.0,355350,Tapiraí,  3 553 500 ,   7 996,7996.0,9.004502251125562
355360 TAPIRATIBA,141.0,15,156.0,355360,Tapiratiba,  3 553 609 ,   11 816,11816.0,13.202437373053487
355365 TAQUARAL,53.0,-,53.0,355365,Taquaral,  3 553 658 ,   2 619,2619.0,20.236731576937764
355370 TAQUARITINGA,567.0,182,749.0,355370,Taquaritinga,  3 553 708 ,   52 260,52260.0,14.332185227707615
355380 TAQUARITUBA,274.0,11,285.0,355380,Taquarituba,  3 553 807 ,   24 350,24350.0,11.704312114989733
355385 TAQUARIVAI,80.0,-,80.0,355385,Taquarivaí,  3 553 856 ,   6 876,6876.0,11.634671320535194
355390 TARABAI,93.0,1,94.0,355390,Tarabai,  3 553 906 ,   6 536,6536.0,14.38188494492044
355395 TARUMA,151.0,7,158.0,355395,Tarumã,  3 553 955 ,   14 882,14882.0,10.61685257357882
355400 TATUI,1404.0,852,2256.0,355400,Tatuí,  3 554 003 ,   123 942,123942.0,18.20206225492569
355410 TAUBATE,5843.0,1888,7731.0,355410,Taubaté,  3 554 102 ,   310 739,310739.0,24.879400397117838
355420 TEJUPA,29.0,-,29.0,355420,Tejupá,  3 554 201 ,   4 127,4127.0,7.026896050399806
355430 TEODORO SAMPAIO,333.0,38,371.0,355430,Teodoro Sampaio,  3 554 300 ,   22 173,22173.0,16.73206151625851
355440 TERRA ROXA,94.0,5,99.0,355440,Terra Roxa,  3 554 409 ,   7 904,7904.0,12.525303643724696
355450 TIETE,388.0,117,505.0,355450,Tietê,  3 554 508 ,   37 663,37663.0,13.4083848870244
355460 TIMBURI,52.0,-,52.0,355460,Timburi,  3 554 607 ,   2 464,2464.0,21.103896103896105
355465 TORRE DE PEDRA,40.0,1,41.0,355465,Torre de Pedra,  3 554 656 ,   2 046,2046.0,20.039100684261975
355470 TORRINHA,94.0,3,97.0,355470,Torrinha,  3 554 706 ,   9 335,9335.0,10.391001606855918
355475 TRABIJU,50.0,-,50.0,355475,Trabiju,  3 554 755 ,   1 682,1682.0,29.72651605231867
355480 TREMEMBE,296.0,34,330.0,355480,Tremembé,  3 554 805 ,   51 173,51173.0,6.448713188595548
355490 TRES FRONTEIRAS,44.0,2,46.0,355490,Três Fronteiras,  3 554 904 ,   6 804,6804.0,6.760728982951205
355495 TUIUTI,50.0,-,50.0,355495,Tuiuti,  3 554 953 ,   6 778,6778.0,7.376807317792859
355500 TUPA,1194.0,254,1448.0,355500,Tupã,  3 555 000 ,   63 928,63928.0,22.65048179201602
355510 TUPI PAULISTA,258.0,34,292.0,355510,Tupi Paulista,  3 555 109 ,   15 854,15854.0,18.418064841680334
355520 TURIUBA,39.0,-,39.0,355520,Turiúba,  3 555 208 ,   1 818,1818.0,21.45214521452145
355530 TURMALINA,53.0,-,53.0,355530,Turmalina,  3 555 307 ,   1 669,1669.0,31.75554224086279
355535 UBARANA,78.0,-,78.0,355535,Ubarana,  3 555 356 ,   5 365,5365.0,14.538676607642124
355540 UBATUBA,1737.0,189,1926.0,355540,Ubatuba,  3 555 406 ,   92 981,92981.0,20.71390929329648
355550 UBIRAJARA,64.0,-,64.0,355550,Ubirajara,  3 555 505 ,   5 132,5132.0,12.470771628994544
355560 UCHOA,123.0,15,138.0,355560,Uchoa,  3 555 604 ,   10 394,10394.0,13.276890513757937
355570 UNIAO PAULISTA,46.0,-,46.0,355570,União Paulista,  3 555 703 ,   1 603,1603.0,28.696194635059264
355580 URANIA,125.0,1,126.0,355580,Urânia,  3 555 802 ,   8 833,8833.0,14.264689233555982
355590 URU,30.0,-,30.0,355590,Uru,  3 555 901 ,   1 387,1387.0,21.629416005767844
355600 URUPES,157.0,24,181.0,355600,Urupês,  3 556 008 ,   13 744,13744.0,13.169383003492433
355610 VALENTIM GENTIL,194.0,16,210.0,355610,Valentim Gentil,  3 556 107 ,   14 098,14098.0,14.895729890764647
355620 VALINHOS,1290.0,722,2012.0,355620,Valinhos,  3 556 206 ,   126 373,126373.0,15.921122391650114
355630 VALPARAISO,313.0,36,349.0,355630,Valparaíso,  3 556 305 ,   24 241,24241.0,14.397095829379976
355635 VARGEM,85.0,4,89.0,355635,Vargem,  3 556 354 ,   10 512,10512.0,8.466514459665143
355640 VARGEM GRANDE DO SUL,379.0,115,494.0,355640,Vargem Grande do Sul,  3 556 404 ,   40 133,40133.0,12.309072334487828
355645 VARGEM GRANDE PAULISTA,348.0,105,453.0,355645,Vargem Grande Paulista,  3 556 453 ,   50 415,50415.0,8.985421005653079
355650 VARZEA PAULISTA,510.0,71,581.0,355650,Várzea Paulista,  3 556 503 ,   115 771,115771.0,5.0185279560511695
355660 VERA CRUZ,103.0,15,118.0,355660,Vera Cruz,  3 556 602 ,   10 176,10176.0,11.595911949685533
355670 VINHEDO,913.0,328,1241.0,355670,Vinhedo,  3 556 701 ,   76 540,76540.0,16.213744447347793
355680 VIRADOURO,257.0,28,285.0,355680,Viradouro,  3 556 800 ,   17 414,17414.0,16.36614218444929
355690 VISTA ALEGRE DO ALTO,57.0,5,62.0,355690,Vista Alegre do Alto,  3 556 909 ,   8 109,8109.0,7.645825625847824
355695 VITORIA BRASIL,28.0,-,28.0,355695,Vitória Brasil,  3 556 958 ,   1 794,1794.0,15.60758082497213
355700 VOTORANTIM,931.0,364,1295.0,355700,Votorantim,  3 557 006 ,   127 923,127923.0,10.123277283991152
355710 VOTUPORANGA,2177.0,759,2936.0,355710,Votuporanga,  3 557 105 ,   96 634,96634.0,30.382681043938987
355715 ZACARIAS,41.0,-,41.0,355715,Zacarias,  3 557 154 ,   2 692,2692.0,15.230312035661218
355720 CHAVANTES,96.0,6,102.0,355720,Chavantes,  3 557 204 ,   12 211,12211.0,8.353124232249613
355730 ESTIVA GERBI,135.0,-,135.0,355730,Estiva Gerbi,  3 557 303 ,   11 295,11295.0,11.952191235059761
410010 ABATIA,72.0,3,75.0,410010,Abatiá,  4 100 103 ,   7 241,7241.0,10.357685402568706
410020 ADRIANOPOLIS,131.0,10,141.0,410020,Adrianópolis,  4 100 202 ,   6 256,6256.0,22.5383631713555
410030 AGUDOS DO SUL,119.0,18,137.0,410030,Agudos do Sul,  4 100 301 ,   10 233,10233.0,13.38805824293951
410040 ALMIRANTE TAMANDARE,657.0,109,766.0,410040,Almirante Tamandaré,  4 100 400 ,   119 825,119825.0,6.392655956603379
410045 ALTAMIRA DO PARANA,113.0,1,114.0,410045,Altamira do Paraná,  4 100 459 ,   3 590,3590.0,31.75487465181059
410050 ALTONIA,174.0,106,280.0,410050,Altônia,  4 100 509 ,   18 742,18742.0,14.93970760857966
410060 ALTO PARANA,118.0,10,128.0,410060,Alto Paraná,  4 100 608 ,   13 909,13909.0,9.202674527284492
410070 ALTO PIQUIRI,103.0,21,124.0,410070,Alto Piquiri,  4 100 707 ,   9 727,9727.0,12.748020972550632
410080 ALVORADA DO SUL,164.0,5,169.0,410080,Alvorada do Sul,  4 100 806 ,   10 326,10326.0,16.366453612240946
410090 AMAPORA,73.0,-,73.0,410090,Amaporã,  4 100 905 ,   4 762,4762.0,15.329693406131877
410100 AMPERE,230.0,89,319.0,410100,Ampére,  4 101 002 ,   19 620,19620.0,16.258919469928646
410105 ANAHY,82.0,1,83.0,410105,Anahy,  4 101 051 ,   2 918,2918.0,28.44413982179575
410110 ANDIRA,205.0,43,248.0,410110,Andirá,  4 101 101 ,   19 878,19878.0,12.476104235838616
410115 ANGULO,57.0,4,61.0,410115,Ângulo,  4 101 150 ,   3 235,3235.0,18.856259659969087
410120 ANTONINA,249.0,12,261.0,410120,Antonina,  4 101 200 ,   18 091,18091.0,14.427063180587032
410130 ANTONIO OLINTO,91.0,5,96.0,410130,Antônio Olinto,  4 101 309 ,   7 018,7018.0,13.679110857794242
410140 APUCARANA,2123.0,489,2612.0,410140,Apucarana,  4 101 408 ,   130 134,130134.0,20.07161848556104
410150 ARAPONGAS,1826.0,357,2183.0,410150,Arapongas,  4 101 507 ,   119 138,119138.0,18.32328895902231
410160 ARAPOTI,280.0,69,349.0,410160,Arapoti,  4 101 606 ,   25 777,25777.0,13.539201613841797
410165 ARAPUA,42.0,-,42.0,410165,Arapuã,  4 101 655 ,   3 527,3527.0,11.908137227105188
410170 ARARUNA,166.0,74,240.0,410170,Araruna,  4 101 705 ,   14 485,14485.0,16.568864342423197
410180 ARAUCARIA,2886.0,670,3556.0,410180,Araucária,  4 101 804 ,   151 666,151666.0,23.446256906623763
410185 ARIRANHA DO IVAI,40.0,1,41.0,410185,Ariranha do Ivaí,  4 101 853 ,   2 329,2329.0,17.604121940747103
410190 ASSAI,149.0,40,189.0,410190,Assaí,  4 101 903 ,   13 797,13797.0,13.698630136986301
410200 ASSIS CHATEAUBRIAND,525.0,105,630.0,410200,Assis Chateaubriand,  4 102 000 ,   36 808,36808.0,17.115844381656164
410210 ASTORGA,353.0,67,420.0,410210,Astorga,  4 102 109 ,   25 475,25475.0,16.48675171736997
410220 ATALAIA,87.0,4,91.0,410220,Atalaia,  4 102 208 ,   3 980,3980.0,22.8643216080402
410230 BALSA NOVA,135.0,10,145.0,410230,Balsa Nova,  4 102 307 ,   13 395,13395.0,10.824934677118328
410240 BANDEIRANTES,383.0,100,483.0,410240,Bandeirantes,  4 102 406 ,   31 273,31273.0,15.444632750295781
410250 BARBOSA FERRAZ,199.0,60,259.0,410250,Barbosa Ferraz,  4 102 505 ,   10 795,10795.0,23.99258916164891
410260 BARRACAO,122.0,29,151.0,410260,Barracão,  4 102 604 ,   9 759,9759.0,15.472896813198073
410270 BARRA DO JACARE,42.0,-,42.0,410270,Barra do Jacaré,  4 102 703 ,   2 814,2814.0,14.925373134328359
410275 BELA VISTA DA CAROBA,55.0,1,56.0,410275,Bela Vista da Caroba,  4 102 752 ,   4 031,4031.0,13.892334408335401
410280 BELA VISTA DO PARAISO,178.0,28,206.0,410280,Bela Vista do Paraíso,  4 102 802 ,   14 833,14833.0,13.887952538259286
410290 BITURUNA,219.0,8,227.0,410290,Bituruna,  4 102 901 ,   15 533,15533.0,14.61404751174918
410300 BOA ESPERANCA,68.0,21,89.0,410300,Boa Esperança,  4 103 008 ,   4 558,4558.0,19.52610794207986
410302 BOA ESPERANCA DO IGUACU,39.0,-,39.0,410302,Boa Esperança do Iguaçu,  4 103 024 ,   2 455,2455.0,15.885947046843176
410304 BOA VENTURA DE SAO ROQUE,58.0,2,60.0,410304,Boa Ventura de São Roque,  4 103 040 ,   6 378,6378.0,9.40733772342427
410305 BOA VISTA DA APARECIDA,134.0,5,139.0,410305,Boa Vista da Aparecida,  4 103 057 ,   7 924,7924.0,17.541645633518428
410310 BOCAIUVA DO SUL,134.0,10,144.0,410310,Bocaiúva do Sul,  4 103 107 ,   13 299,13299.0,10.827881795623732
410315 BOM JESUS DO SUL,56.0,-,56.0,410315,Bom Jesus do Sul,  4 103 156 ,   3 980,3980.0,14.07035175879397
410320 BOM SUCESSO,107.0,14,121.0,410320,Bom Sucesso,  4 103 206 ,   6 581,6581.0,18.386263485792433
410322 BOM SUCESSO DO SUL,61.0,1,62.0,410322,Bom Sucesso do Sul,  4 103 222 ,   3 202,3202.0,19.362898188632105
410330 BORRAZOPOLIS,103.0,13,116.0,410330,Borrazópolis,  4 103 305 ,   7 735,7735.0,14.996767937944409
410335 BRAGANEY,77.0,4,81.0,410335,Braganey,  4 103 354 ,   4 854,4854.0,16.687268232385662
410337 BRASILANDIA DO SUL,106.0,8,114.0,410337,Brasilândia do Sul,  4 103 370 ,   3 708,3708.0,30.744336569579286
410340 CAFEARA,45.0,-,45.0,410340,Cafeara,  4 103 404 ,   2 627,2627.0,17.12980586220023
410345 CAFELANDIA,224.0,58,282.0,410345,Cafelândia,  4 103 453 ,   18 997,18997.0,14.844449123545823
410347 CAFEZAL DO SUL,74.0,1,75.0,410347,Cafezal do Sul,  4 103 479 ,   4 473,4473.0,16.76727028839705
410350 CALIFORNIA,75.0,3,78.0,410350,Califórnia,  4 103 503 ,   8 710,8710.0,8.955223880597016
410360 CAMBARA,222.0,37,259.0,410360,Cambará,  4 103 602 ,   23 212,23212.0,11.158021712907118
410370 CAMBE,1492.0,235,1727.0,410370,Cambé,  4 103 701 ,   107 208,107208.0,16.10887247220357
410380 CAMBIRA,104.0,10,114.0,410380,Cambira,  4 103 800 ,   9 460,9460.0,12.050739957716702
410390 CAMPINA DA LAGOA,145.0,43,188.0,410390,Campina da Lagoa,  4 103 909 ,   15 723,15723.0,11.957005660497362
410395 CAMPINA DO SIMAO,48.0,8,56.0,410395,Campina do Simão,  4 103 958 ,   3 936,3936.0,14.227642276422763
410400 CAMPINA GRANDE DO SUL,2275.0,1037,3312.0,410400,Campina Grande do Sul,  4 104 006 ,   47 825,47825.0,69.25248301097753
410405 CAMPO BONITO,65.0,2,67.0,410405,Campo Bonito,  4 104 055 ,   4 027,4027.0,16.637695555003724
410410 CAMPO DO TENENTE,109.0,2,111.0,410410,Campo do Tenente,  4 104 105 ,   7 508,7508.0,14.784230154501865
410420 CAMPO LARGO,4684.0,501,5185.0,410420,Campo Largo,  4 104 204 ,   136 327,136327.0,38.03355168088493
410425 CAMPO MAGRO,257.0,9,266.0,410425,Campo Magro,  4 104 253 ,   30 160,30160.0,8.819628647214854
410430 CAMPO MOURAO,2457.0,1621,4078.0,410430,Campo Mourão,  4 104 303 ,   99 432,99432.0,41.01295357631346
410440 CANDIDO DE ABREU,190.0,6,196.0,410440,Cândido de Abreu,  4 104 402 ,   15 244,15244.0,12.857517711886643
410442 CANDOI,144.0,10,154.0,410442,Candói,  4 104 428 ,   14 973,14973.0,10.285179990649837
410445 CANTAGALO,111.0,10,121.0,410445,Cantagalo,  4 104 451 ,   10 933,10933.0,11.067410591786334
410450 CAPANEMA,182.0,33,215.0,410450,Capanema,  4 104 501 ,   20 481,20481.0,10.497534300083004
410460 CAPITAO LEONIDAS MARQUES,176.0,16,192.0,410460,Capitão Leônidas Marques,  4 104 600 ,   14 648,14648.0,13.107591480065537
410465 CARAMBEI,224.0,80,304.0,410465,Carambeí,  4 104 659 ,   23 283,23283.0,13.056736674827128
410470 CARLOPOLIS,159.0,7,166.0,410470,Carlópolis,  4 104 709 ,   16 905,16905.0,9.81958000591541
410480 CASCAVEL,9791.0,2315,12106.0,410480,Cascavel,  4 104 808 ,   348 051,348051.0,34.78225892182468
410490 CASTRO,845.0,227,1072.0,410490,Castro,  4 104 907 ,   73 075,73075.0,14.669859733150872
410500 CATANDUVAS,136.0,5,141.0,410500,Catanduvas,  4 105 003 ,   10 446,10446.0,13.497989661114302
410510 CENTENARIO DO SUL,150.0,16,166.0,410510,Centenário do Sul,  4 105 102 ,   10 832,10832.0,15.32496307237814
410520 CERRO AZUL,156.0,3,159.0,410520,Cerro Azul,  4 105 201 ,   16 134,16134.0,9.854964670881369
410530 CEU AZUL,136.0,14,150.0,410530,Céu Azul,  4 105 300 ,   11 087,11087.0,13.529358708397222
410540 CHOPINZINHO,447.0,139,586.0,410540,Chopinzinho,  4 105 409 ,   21 085,21085.0,27.792269385819303
410550 CIANORTE,1537.0,265,1802.0,410550,Cianorte,  4 105 508 ,   79 527,79527.0,22.658971167025037
410560 CIDADE GAUCHA,111.0,29,140.0,410560,Cidade Gaúcha,  4 105 607 ,   11 467,11467.0,12.20894741431935
410570 CLEVELANDIA,174.0,16,190.0,410570,Clevelândia,  4 105 706 ,   15 070,15070.0,12.607830126078301
410580 COLOMBO,1719.0,291,2010.0,410580,Colombo,  4 105 805 ,   232 212,232212.0,8.655883416877682
410590 COLORADO,601.0,93,694.0,410590,Colorado,  4 105 904 ,   22 896,22896.0,30.3109713487072
410600 CONGONHINHAS,78.0,1,79.0,410600,Congonhinhas,  4 106 001 ,   8 320,8320.0,9.495192307692307
410610 CONSELHEIRO MAIRINCK,63.0,1,64.0,410610,Conselheiro Mairinck,  4 106 100 ,   3 461,3461.0,18.49176538572667
410620 CONTENDA,190.0,25,215.0,410620,Contenda,  4 106 209 ,   19 128,19128.0,11.240066917607697
410630 CORBELIA,363.0,103,466.0,410630,Corbélia,  4 106 308 ,   17 470,17470.0,26.674298797939326
410640 CORNELIO PROCOPIO,1058.0,239,1297.0,410640,Cornélio Procópio,  4 106 407 ,   45 206,45206.0,28.690881741361764
410645 CORONEL DOMINGOS SOARES,95.0,1,96.0,410645,Coronel Domingos Soares,  4 106 456 ,   5 649,5649.0,16.99415825809878
410650 CORONEL VIVIDA,322.0,45,367.0,410650,Coronel Vivida,  4 106 506 ,   23 331,23331.0,15.73014444301573
410655 CORUMBATAI DO SUL,55.0,9,64.0,410655,Corumbataí do Sul,  4 106 555 ,   3 760,3760.0,17.02127659574468
410657 CRUZEIRO DO IGUACU,72.0,5,77.0,410657,Cruzeiro do Iguaçu,  4 106 571 ,   4 133,4133.0,18.63053472054198
410660 CRUZEIRO DO OESTE,226.0,24,250.0,410660,Cruzeiro do Oeste,  4 106 605 ,   23 831,23831.0,10.4905375351433
410670 CRUZEIRO DO SUL,61.0,1,62.0,410670,Cruzeiro do Sul,  4 106 704 ,   4 494,4494.0,13.796172674677347
410680 CRUZ MACHADO,186.0,6,192.0,410680,Cruz Machado,  4 106 803 ,   15 978,15978.0,12.016522718738265
410685 CRUZMALTINA,43.0,3,46.0,410685,Cruzmaltina,  4 106 852 ,   2 892,2892.0,15.90594744121715
410690 CURITIBA,33703.0,16977,50680.0,410690,Curitiba,  4 106 902 ,  1 773 718,1773718.0,28.572749444951228
410700 CURIUVA,172.0,18,190.0,410700,Curiúva,  4 107 009 ,   13 647,13647.0,13.922473803766396
410710 DIAMANTE DO NORTE,72.0,1,73.0,410710,Diamante do Norte,  4 107 108 ,   5 142,5142.0,14.196810579541033
410712 DIAMANTE DO SUL,40.0,-,40.0,410712,Diamante do Sul,  4 107 124 ,   3 171,3171.0,12.61431725007884
410715 DIAMANTE D'OESTE,65.0,6,71.0,410715,Diamante D'Oeste,  4 107 157 ,   4 557,4557.0,15.580425718674567
410720 DOIS VIZINHOS,612.0,159,771.0,410720,Dois Vizinhos,  4 107 207 ,   44 869,44869.0,17.183355991887492
410725 DOURADINA,128.0,19,147.0,410725,Douradina,  4 107 256 ,   9 161,9161.0,16.046283156860607
410730 DOUTOR CAMARGO,101.0,19,120.0,410730,Doutor Camargo,  4 107 306 ,   6 327,6327.0,18.966334755808443
410740 ENEAS MARQUES,74.0,9,83.0,410740,Enéas Marques,  4 107 405 ,   5 999,5999.0,13.835639273212202
410750 ENGENHEIRO BELTRAO,191.0,77,268.0,410750,Engenheiro Beltrão,  4 107 504 ,   12 454,12454.0,21.519190621487073
410752 ESPERANCA NOVA,51.0,3,54.0,410752,Esperança Nova,  4 107 520 ,   1 849,1849.0,29.204975662520283
410753 ENTRE RIOS DO OESTE,51.0,6,57.0,410753,Entre Rios do Oeste,  4 107 538 ,   4 575,4575.0,12.459016393442624
410754 ESPIGAO ALTO DO IGUACU,57.0,2,59.0,410754,Espigão Alto do Iguaçu,  4 107 546 ,   4 797,4797.0,12.299353762768398
410755 FAROL,45.0,4,49.0,410755,Farol,  4 107 553 ,   3 039,3039.0,16.123724909509708
410760 FAXINAL,167.0,57,224.0,410760,Faxinal,  4 107 603 ,   16 389,16389.0,13.667703947769844
410765 FAZENDA RIO GRANDE,838.0,286,1124.0,410765,Fazenda Rio Grande,  4 107 652 ,   148 873,148873.0,7.55005944664244
410770 FENIX,62.0,16,78.0,410770,Fênix,  4 107 702 ,   4 492,4492.0,17.36420302760463
410773 FERNANDES PINHEIRO,115.0,1,116.0,410773,Fernandes Pinheiro,  4 107 736 ,   6 255,6255.0,18.545163868904876
410775 FIGUEIRA,93.0,15,108.0,410775,Figueira,  4 107 751 ,   8 062,8062.0,13.396179608037707
410780 FLORAI,73.0,18,91.0,410780,Floraí,  4 107 801 ,   4 792,4792.0,18.98998330550918
410785 FLOR DA SERRA DO SUL,73.0,7,80.0,410785,Flor da Serra do Sul,  4 107 850 ,   4 364,4364.0,18.331805682859763
410790 FLORESTA,134.0,24,158.0,410790,Floresta,  4 107 900 ,   10 458,10458.0,15.108051252629565
410800 FLORESTOPOLIS,138.0,6,144.0,410800,Florestópolis,  4 108 007 ,   11 446,11446.0,12.580814258256158
410810 FLORIDA,46.0,-,46.0,410810,Flórida,  4 108 106 ,   2 652,2652.0,17.345399698340877
410820 FORMOSA DO OESTE,79.0,4,83.0,410820,Formosa do Oeste,  4 108 205 ,   7 635,7635.0,10.870988867059594
410830 FOZ DO IGUACU,4623.0,966,5589.0,410830,Foz do Iguaçu,  4 108 304 ,   285 415,285415.0,19.582012157735228
410832 FRANCISCO ALVES,79.0,2,81.0,410832,Francisco Alves,  4 108 320 ,   8 116,8116.0,9.980285855101036
410840 FRANCISCO BELTRAO,2248.0,803,3051.0,410840,Francisco Beltrão,  4 108 403 ,   96 666,96666.0,31.56228663645956
410845 FOZ DO JORDAO,60.0,7,67.0,410845,Foz do Jordão,  4 108 452 ,   4 926,4926.0,13.601299228583029
410850 GENERAL CARNEIRO,103.0,22,125.0,410850,General Carneiro,  4 108 502 ,   11 062,11062.0,11.29994576026035
410855 GODOY MOREIRA,51.0,2,53.0,410855,Godoy Moreira,  4 108 551 ,   2 977,2977.0,17.803157541148806
410860 GOIOERE,452.0,257,709.0,410860,Goioerê,  4 108 601 ,   28 437,28437.0,24.932306502092345
410865 GOIOXIM,93.0,3,96.0,410865,Goioxim,  4 108 650 ,   6 566,6566.0,14.620773682607371
410870 GRANDES RIOS,72.0,9,81.0,410870,Grandes Rios,  4 108 700 ,   5 641,5641.0,14.359156177982626
410880 GUAIRA,420.0,198,618.0,410880,Guaíra,  4 108 809 ,   32 097,32097.0,19.254135900551454
410890 GUAIRACA,99.0,3,102.0,410890,Guairaçá,  4 108 908 ,   6 587,6587.0,15.485046303324731
410895 GUAMIRANGA,131.0,4,135.0,410895,Guamiranga,  4 108 957 ,   7 856,7856.0,17.184317718940935
410900 GUAPIRAMA,52.0,1,53.0,410900,Guapirama,  4 109 005 ,   4 626,4626.0,11.456982274102895
410910 GUAPOREMA,39.0,1,40.0,410910,Guaporema,  4 109 104 ,   2 191,2191.0,18.256503879507076
410920 GUARACI,90.0,2,92.0,410920,Guaraci,  4 109 203 ,   4 748,4748.0,19.376579612468408
410930 GUARANIACU,214.0,30,244.0,410930,Guaraniaçu,  4 109 302 ,   13 735,13735.0,17.76483436476156
410940 GUARAPUAVA,3770.0,706,4476.0,410940,Guarapuava,  4 109 401 ,   182 093,182093.0,24.58084605119362
410950 GUARAQUECABA,137.0,1,138.0,410950,Guaraqueçaba,  4 109 500 ,   7 430,7430.0,18.57335127860027
410960 GUARATUBA,386.0,83,469.0,410960,Guaratuba,  4 109 609 ,   42 062,42062.0,11.150206837525557
410965 HONORIO SERPA,106.0,1,107.0,410965,Honório Serpa,  4 109 658 ,   4 941,4941.0,21.655535316737502
410970 IBAITI,289.0,55,344.0,410970,Ibaiti,  4 109 708 ,   28 830,28830.0,11.932015261879986
410975 IBEMA,73.0,1,74.0,410975,Ibema,  4 109 757 ,   6 218,6218.0,11.900932775812159
410980 IBIPORA,875.0,114,989.0,410980,Ibiporã,  4 109 807 ,   51 603,51603.0,19.1655523903649
410990 ICARAIMA,126.0,4,130.0,410990,Icaraíma,  4 109 906 ,   8 991,8991.0,14.458903347792237
411000 IGUARACU,76.0,13,89.0,411000,Iguaraçu,  4 110 003 ,   5 338,5338.0,16.672911202697637
411005 IGUATU,46.0,-,46.0,411005,Iguatu,  4 110 052 ,   2 144,2144.0,21.455223880597014
411007 IMBAU,85.0,6,91.0,411007,Imbaú,  4 110 078 ,   14 249,14249.0,6.386413081619763
411010 IMBITUVA,265.0,45,310.0,411010,Imbituva,  4 110 102 ,   29 924,29924.0,10.359577596577997
411020 INACIO MARTINS,169.0,11,180.0,411020,Inácio Martins,  4 110 201 ,   9 670,9670.0,18.61427094105481
411030 INAJA,53.0,1,54.0,411030,Inajá,  4 110 300 ,   2 536,2536.0,21.293375394321767
411040 INDIANOPOLIS,72.0,6,78.0,411040,Indianópolis,  4 110 409 ,   4 448,4448.0,17.53597122302158
411050 IPIRANGA,185.0,14,199.0,411050,Ipiranga,  4 110 508 ,   14 142,14142.0,14.071559892518739
411060 IPORA,232.0,22,254.0,411060,Iporã,  4 110 607 ,   15 746,15746.0,16.131080909437316
411065 IRACEMA DO OESTE,46.0,-,46.0,411065,Iracema do Oeste,  4 110 656 ,   2 343,2343.0,19.632949210413997
411070 IRATI,818.0,272,1090.0,411070,Irati,  4 110 706 ,   59 250,59250.0,18.396624472573837
411080 IRETAMA,128.0,59,187.0,411080,Iretama,  4 110 805 ,   10 684,10684.0,17.50280793710221
411090 ITAGUAJE,55.0,1,56.0,411090,Itaguajé,  4 110 904 ,   4 481,4481.0,12.4972104440973
411095 ITAIPULANDIA,152.0,19,171.0,411095,Itaipulândia,  4 110 953 ,   11 485,11485.0,14.888985633434915
411100 ITAMBARACA,82.0,-,82.0,411100,Itambaracá,  4 111 001 ,   5 908,5908.0,13.879485443466486
411110 ITAMBE,91.0,12,103.0,411110,Itambé,  4 111 100 ,   6 111,6111.0,16.8548519063983
411120 ITAPEJARA D'OESTE,136.0,11,147.0,411120,Itapejara d'Oeste,  4 111 209 ,   12 344,12344.0,11.908619572261827
411125 ITAPERUCU,219.0,9,228.0,411125,Itaperuçu,  4 111 258 ,   31 217,31217.0,7.303712720632989
411130 ITAUNA DO SUL,55.0,1,56.0,411130,Itaúna do Sul,  4 111 308 ,   3 572,3572.0,15.677491601343785
411140 IVAI,140.0,4,144.0,411140,Ivaí,  4 111 407 ,   13 229,13229.0,10.885176506160708
411150 IVAIPORA,1079.0,134,1213.0,411150,Ivaiporã,  4 111 506 ,   32 720,32720.0,37.0721271393643
411155 IVATE,81.0,7,88.0,411155,Ivaté,  4 111 555 ,   6 831,6831.0,12.882447665056361
411160 IVATUBA,57.0,1,58.0,411160,Ivatuba,  4 111 605 ,   2 708,2708.0,21.418020679468242
411170 JABOTI,87.0,6,93.0,411170,Jaboti,  4 111 704 ,   5 427,5427.0,17.136539524599225
411180 JACAREZINHO,793.0,92,885.0,411180,Jacarezinho,  4 111 803 ,   40 375,40375.0,21.91950464396285
411190 JAGUAPITA,234.0,14,248.0,411190,Jaguapitã,  4 111 902 ,   15 122,15122.0,16.39994709694485
411200 JAGUARIAIVA,332.0,64,396.0,411200,Jaguariaíva,  4 112 009 ,   35 141,35141.0,11.268888193278507
411210 JANDAIA DO SUL,408.0,71,479.0,411210,Jandaia do Sul,  4 112 108 ,   21 408,21408.0,22.374813153961135
411220 JANIOPOLIS,116.0,29,145.0,411220,Janiópolis,  4 112 207 ,   5 870,5870.0,24.701873935264054
411230 JAPIRA,77.0,2,79.0,411230,Japira,  4 112 306 ,   4 972,4972.0,15.88897827835881
411240 JAPURA,85.0,4,89.0,411240,Japurá,  4 112 405 ,   9 144,9144.0,9.7331583552056
411250 JARDIM ALEGRE,120.0,9,129.0,411250,Jardim Alegre,  4 112 504 ,   12 004,12004.0,10.746417860713096
411260 JARDIM OLINDA,31.0,-,31.0,411260,Jardim Olinda,  4 112 603 ,   1 343,1343.0,23.08265078183172
411270 JATAIZINHO,106.0,1,107.0,411270,Jataizinho,  4 112 702 ,   11 813,11813.0,9.057817658511809
411275 JESUITAS,93.0,5,98.0,411275,Jesuítas,  4 112 751 ,   10 506,10506.0,9.328003045878546
411280 JOAQUIM TAVORA,131.0,19,150.0,411280,Joaquim Távora,  4 112 801 ,   11 945,11945.0,12.557555462536627
411290 JUNDIAI DO SUL,58.0,1,59.0,411290,Jundiaí do Sul,  4 112 900 ,   3 333,3333.0,17.7017701770177
411295 JURANDA,160.0,38,198.0,411295,Juranda,  4 112 959 ,   7 771,7771.0,25.47934628747909
411300 JUSSARA,90.0,12,102.0,411300,Jussara,  4 113 007 ,   6 690,6690.0,15.246636771300448
411310 KALORE,112.0,-,112.0,411310,Kaloré,  4 113 106 ,   4 582,4582.0,24.443474465298998
411320 LAPA,853.0,100,953.0,411320,Lapa,  4 113 205 ,   45 003,45003.0,21.17636602004311
411325 LARANJAL,59.0,-,59.0,411325,Laranjal,  4 113 254 ,   5 600,5600.0,10.535714285714285
411330 LARANJEIRAS DO SUL,467.0,86,553.0,411330,Laranjeiras do Sul,  4 113 304 ,   32 227,32227.0,17.159524622211187
411340 LEOPOLIS,68.0,1,69.0,411340,Leópolis,  4 113 403 ,   3 752,3752.0,18.39019189765458
411342 LIDIANOPOLIS,41.0,1,42.0,411342,Lidianópolis,  4 113 429 ,   3 938,3938.0,10.665312341289994
411345 LINDOESTE,105.0,1,106.0,411345,Lindoeste,  4 113 452 ,   5 175,5175.0,20.483091787439612
411350 LOANDA,364.0,80,444.0,411350,Loanda,  4 113 502 ,   23 225,23225.0,19.117330462863293
411360 LOBATO,65.0,5,70.0,411360,Lobato,  4 113 601 ,   4 601,4601.0,15.214083894805478
411370 LONDRINA,12191.0,2425,14616.0,411370,Londrina,  4 113 700 ,   555 965,555965.0,26.289424694000523
411373 LUIZIANA,98.0,3,101.0,411373,Luiziana,  4 113 734 ,   6 690,6690.0,15.097159940209266
411375 LUNARDELLI,60.0,3,63.0,411375,Lunardelli,  4 113 759 ,   4 872,4872.0,12.931034482758621
411380 LUPIONOPOLIS,96.0,1,97.0,411380,Lupionópolis,  4 113 809 ,   4 813,4813.0,20.153750259713277
411390 MALLET,163.0,41,204.0,411390,Mallet,  4 113 908 ,   13 428,13428.0,15.19213583556747
411400 MAMBORE,157.0,74,231.0,411400,Mamborê,  4 114 005 ,   13 452,13452.0,17.172167707404103
411410 MANDAGUACU,221.0,34,255.0,411410,Mandaguaçu,  4 114 104 ,   31 457,31457.0,8.106303843341705
411420 MANDAGUARI,393.0,192,585.0,411420,Mandaguari,  4 114 203 ,   36 716,36716.0,15.933108181719142
411430 MANDIRITUBA,183.0,8,191.0,411430,Mandirituba,  4 114 302 ,   27 439,27439.0,6.9608950763511785
411435 MANFRINOPOLIS,44.0,1,45.0,411435,Manfrinópolis,  4 114 351 ,   2 770,2770.0,16.24548736462094
411440 MANGUEIRINHA,235.0,16,251.0,411440,Mangueirinha,  4 114 401 ,   16 603,16603.0,15.117749804252245
411450 MANOEL RIBAS,180.0,17,197.0,411450,Manoel Ribas,  4 114 500 ,   14 240,14240.0,13.834269662921347
411460 MARECHAL CANDIDO RONDON,491.0,400,891.0,411460,Marechal Cândido Rondon,  4 114 609 ,   55 836,55836.0,15.957446808510637
411470 MARIA HELENA,74.0,4,78.0,411470,Maria Helena,  4 114 708 ,   5 865,5865.0,13.29923273657289
411480 MARIALVA,396.0,62,458.0,411480,Marialva,  4 114 807 ,   41 851,41851.0,10.943585577405559
411490 MARILANDIA DO SUL,108.0,1,109.0,411490,Marilândia do Sul,  4 114 906 ,   8 677,8677.0,12.561945372824708
411500 MARILENA,91.0,4,95.0,411500,Marilena,  4 115 002 ,   7 253,7253.0,13.098028402040535
411510 MARILUZ,79.0,22,101.0,411510,Mariluz,  4 115 101 ,   9 847,9847.0,10.25693104498832
411520 MARINGA,7742.0,3993,11735.0,411520,Maringá,  4 115 200 ,   409 657,409657.0,28.645915973607188
411530 MARIOPOLIS,79.0,2,81.0,411530,Mariópolis,  4 115 309 ,   6 371,6371.0,12.713859676659865
411535 MARIPA,76.0,8,84.0,411535,Maripá,  4 115 358 ,   6 555,6555.0,12.814645308924485
411540 MARMELEIRO,177.0,51,228.0,411540,Marmeleiro,  4 115 408 ,   15 901,15901.0,14.3387208351676
411545 MARQUINHO,52.0,1,53.0,411545,Marquinho,  4 115 457 ,   4 504,4504.0,11.767317939609237
411550 MARUMBI,48.0,4,52.0,411550,Marumbi,  4 115 507 ,   4 699,4699.0,11.066184294530752
411560 MATELANDIA,237.0,67,304.0,411560,Matelândia,  4 115 606 ,   18 450,18450.0,16.476964769647697
411570 MATINHOS,382.0,87,469.0,411570,Matinhos,  4 115 705 ,   39 259,39259.0,11.946305305789755
411573 MATO RICO,58.0,4,62.0,411573,Mato Rico,  4 115 739 ,   3 267,3267.0,18.977655341291705
411575 MAUA DA SERRA,104.0,20,124.0,411575,Mauá da Serra,  4 115 754 ,   9 383,9383.0,13.215389534264094
411580 MEDIANEIRA,590.0,253,843.0,411580,Medianeira,  4 115 804 ,   54 369,54369.0,15.505159189979583
411585 MERCEDES,78.0,22,100.0,411585,Mercedes,  4 115 853 ,   5 931,5931.0,16.86056314280897
411590 MIRADOR,51.0,-,51.0,411590,Mirador,  4 115 903 ,   2 238,2238.0,22.78820375335121
411600 MIRASELVA,43.0,-,43.0,411600,Miraselva,  4 116 000 ,   1 966,1966.0,21.871820956256357
411605 MISSAL,189.0,26,215.0,411605,Missal,  4 116 059 ,   11 064,11064.0,19.43239334779465
411610 MOREIRA SALES,142.0,56,198.0,411610,Moreira Sales,  4 116 109 ,   11 175,11175.0,17.718120805369125
411620 MORRETES,190.0,46,236.0,411620,Morretes,  4 116 208 ,   18 309,18309.0,12.889835599978152
411630 MUNHOZ DE MELO,71.0,5,76.0,411630,Munhoz de Melo,  4 116 307 ,   3 951,3951.0,19.23563654770944
411640 NOSSA SENHORA DAS GRACAS,71.0,13,84.0,411640,Nossa Senhora das Graças,  4 116 406 ,   3 669,3669.0,22.894521668029434
411650 NOVA ALIANCA DO IVAI,35.0,-,35.0,411650,Nova Aliança do Ivaí,  4 116 505 ,   1 323,1323.0,26.455026455026452
411660 NOVA AMERICA DA COLINA,38.0,-,38.0,411660,Nova América da Colina,  4 116 604 ,   3 280,3280.0,11.585365853658537
411670 NOVA AURORA,184.0,13,197.0,411670,Nova Aurora,  4 116 703 ,   13 765,13765.0,14.311660007264802
411680 NOVA CANTU,75.0,24,99.0,411680,Nova Cantu,  4 116 802 ,   6 790,6790.0,14.580265095729013
411690 NOVA ESPERANCA,256.0,77,333.0,411690,Nova Esperança,  4 116 901 ,   26 585,26585.0,12.52586044762084
411695 NOVA ESPERANCA DO SUDOESTE,69.0,3,72.0,411695,Nova Esperança do Sudoeste,  4 116 950 ,   5 597,5597.0,12.864034304091478
411700 NOVA FATIMA,66.0,5,71.0,411700,Nova Fátima,  4 117 008 ,   7 225,7225.0,9.826989619377162
411705 NOVA LARANJEIRAS,150.0,8,158.0,411705,Nova Laranjeiras,  4 117 057 ,   12 074,12074.0,13.085969852575781
411710 NOVA LONDRINA,134.0,20,154.0,411710,Nova Londrina,  4 117 107 ,   12 923,12923.0,11.916737599628568
411720 NOVA OLIMPIA,94.0,7,101.0,411720,Nova Olímpia,  4 117 206 ,   5 833,5833.0,17.31527515858049
411721 NOVA SANTA BARBARA,48.0,1,49.0,411721,Nova Santa Bárbara,  4 117 214 ,   4 184,4184.0,11.711281070745699
411722 NOVA SANTA ROSA,103.0,12,115.0,411722,Nova Santa Rosa,  4 117 222 ,   8 322,8322.0,13.818793559240566
411725 NOVA PRATA DO IGUACU,92.0,25,117.0,411725,Nova Prata do Iguaçu,  4 117 255 ,   12 699,12699.0,9.213323883770375
411727 NOVA TEBAS,142.0,1,143.0,411727,Nova Tebas,  4 117 271 ,   6 848,6848.0,20.882009345794394
411729 NOVO ITACOLOMI,54.0,-,54.0,411729,Novo Itacolomi,  4 117 297 ,   3 125,3125.0,17.28
411730 ORTIGUEIRA,208.0,25,233.0,411730,Ortigueira,  4 117 305 ,   24 192,24192.0,9.631283068783068
411740 OURIZONA,40.0,-,40.0,411740,Ourizona,  4 117 404 ,   3 187,3187.0,12.550988390335739
411745 OURO VERDE DO OESTE,96.0,3,99.0,411745,Ouro Verde do Oeste,  4 117 453 ,   6 785,6785.0,14.591009579955784
411750 PAICANDU,370.0,26,396.0,411750,Paiçandu,  4 117 503 ,   45 962,45962.0,8.615813062965058
411760 PALMAS,415.0,75,490.0,411760,Palmas,  4 117 602 ,   48 247,48247.0,10.1560718801169
411770 PALMEIRA,410.0,68,478.0,411770,Palmeira,  4 117 701 ,   33 855,33855.0,14.119037069856741
411780 PALMITAL,111.0,9,120.0,411780,Palmital,  4 117 800 ,   13 033,13033.0,9.207396608608917
411790 PALOTINA,414.0,163,577.0,411790,Palotina,  4 117 909 ,   35 011,35011.0,16.480534689097713
411800 PARAISO DO NORTE,83.0,30,113.0,411800,Paraíso do Norte,  4 118 006 ,   13 245,13245.0,8.531521328803322
411810 PARANACITY,105.0,13,118.0,411810,Paranacity,  4 118 105 ,   9 557,9557.0,12.346970806738517
411820 PARANAGUA,2086.0,392,2478.0,411820,Paranaguá,  4 118 204 ,   145 829,145829.0,16.992504920146196
411830 PARANAPOEMA,44.0,-,44.0,411830,Paranapoema,  4 118 303 ,   2 398,2398.0,18.34862385321101
411840 PARANAVAI,1403.0,430,1833.0,411840,Paranavaí,  4 118 402 ,   92 001,92001.0,19.923696481559983
411845 PATO BRAGADO,76.0,5,81.0,411845,Pato Bragado,  4 118 451 ,   5 733,5733.0,14.128728414442701
411850 PATO BRANCO,2487.0,1016,3503.0,411850,Pato Branco,  4 118 501 ,   91 836,91836.0,38.14408293044122
411860 PAULA FREITAS,86.0,6,92.0,411860,Paula Freitas,  4 118 600 ,   5 666,5666.0,16.237204376985527
411870 PAULO FRONTIN,77.0,7,84.0,411870,Paulo Frontin,  4 118 709 ,   6 343,6343.0,13.242944978716697
411880 PEABIRU,139.0,69,208.0,411880,Peabiru,  4 118 808 ,   13 346,13346.0,15.585194065637644
411885 PEROBAL,70.0,-,70.0,411885,Perobal,  4 118 857 ,   7 189,7189.0,9.737098344693282
411890 PEROLA,138.0,51,189.0,411890,Pérola,  4 118 907 ,   11 878,11878.0,15.911769658191615
411900 PEROLA D'OESTE,80.0,8,88.0,411900,Pérola d'Oeste,  4 119 004 ,   6 221,6221.0,14.14563574987944
411910 PIEN,153.0,33,186.0,411910,Piên,  4 119 103 ,   13 655,13655.0,13.621384108385207
411915 PINHAIS,1749.0,1590,3339.0,411915,Pinhais,  4 119 152 ,   127 019,127019.0,26.28740582117636
411920 PINHALAO,66.0,19,85.0,411920,Pinhalão,  4 119 202 ,   6 566,6566.0,12.945476698141944
411925 PINHAL DE SAO BENTO,34.0,1,35.0,411925,Pinhal de São Bento,  4 119 251 ,   2 761,2761.0,12.676566461427019
411930 PINHAO,237.0,60,297.0,411930,Pinhão,  4 119 301 ,   29 886,29886.0,9.937763501304959
411940 PIRAI DO SUL,250.0,37,287.0,411940,Piraí do Sul,  4 119 400 ,   23 651,23651.0,12.134793454822205
411950 PIRAQUARA,1394.0,141,1535.0,411950,Piraquara,  4 119 509 ,   118 730,118730.0,12.928493219910722
411960 PITANGA,374.0,90,464.0,411960,Pitanga,  4 119 608 ,   33 567,33567.0,13.823100068519677
411965 PITANGUEIRAS,22.0,-,22.0,411965,Pitangueiras,  4 119 657 ,   3 046,3046.0,7.222586999343401
411970 PLANALTINA DO PARANA,65.0,-,65.0,411970,Planaltina do Paraná,  4 119 707 ,   4 070,4070.0,15.97051597051597
411980 PLANALTO,151.0,34,185.0,411980,Planalto,  4 119 806 ,   14 374,14374.0,12.870460553777654
411990 PONTA GROSSA,4705.0,2021,6726.0,411990,Ponta Grossa,  4 119 905 ,   358 371,358371.0,18.76825970851436
411995 PONTAL DO PARANA,242.0,58,300.0,411995,Pontal do Paraná,  4 119 954 ,   30 425,30425.0,9.860312243221035
412000 PORECATU,136.0,9,145.0,412000,Porecatu,  4 120 002 ,   11 624,11624.0,12.474191328286304
412010 PORTO AMAZONAS,60.0,14,74.0,412010,Porto Amazonas,  4 120 101 ,   4 098,4098.0,18.05758906783797
412015 PORTO BARREIRO,38.0,1,39.0,412015,Porto Barreiro,  4 120 150 ,   3 110,3110.0,12.540192926045016
412020 PORTO RICO,48.0,-,48.0,412020,Porto Rico,  4 120 200 ,   3 182,3182.0,15.08485229415462
412030 PORTO VITORIA,64.0,2,66.0,412030,Porto Vitória,  4 120 309 ,   3 562,3562.0,18.528916339135318
412033 PRADO FERREIRA,56.0,1,57.0,412033,Prado Ferreira,  4 120 333 ,   3 709,3709.0,15.368023726071717
412035 PRANCHITA,121.0,29,150.0,412035,Pranchita,  4 120 358 ,   5 737,5737.0,26.146069374237406
412040 PRESIDENTE CASTELO BRANCO,70.0,-,70.0,412040,Presidente Castelo Branco,  4 120 408 ,   4 336,4336.0,16.14391143911439
412050 PRIMEIRO DE MAIO,106.0,13,119.0,412050,Primeiro de Maio,  4 120 507 ,   10 082,10082.0,11.803213648085698
412060 PRUDENTOPOLIS,515.0,97,612.0,412060,Prudentópolis,  4 120 606 ,   49 393,49393.0,12.390419695098496
412065 QUARTO CENTENARIO,58.0,1,59.0,412065,Quarto Centenário,  4 120 655 ,   4 201,4201.0,14.044275172577958
412070 QUATIGUA,82.0,7,89.0,412070,Quatiguá,  4 120 705 ,   8 099,8099.0,10.989010989010989
412080 QUATRO BARRAS,196.0,51,247.0,412080,Quatro Barras,  4 120 804 ,   24 191,24191.0,10.210408829730065
412085 QUATRO PONTES,42.0,14,56.0,412085,Quatro Pontes,  4 120 853 ,   4 480,4480.0,12.5
412090 QUEDAS DO IGUACU,306.0,51,357.0,412090,Quedas do Iguaçu,  4 120 903 ,   30 738,30738.0,11.614288502830373
412100 QUERENCIA DO NORTE,118.0,6,124.0,412100,Querência do Norte,  4 121 000 ,   10 685,10685.0,11.605053813757603
412110 QUINTA DO SOL,89.0,8,97.0,412110,Quinta do Sol,  4 121 109 ,   5 001,5001.0,19.39612077584483
412120 QUITANDINHA,175.0,40,215.0,412120,Quitandinha,  4 121 208 ,   18 398,18398.0,11.686052831829548
412125 RAMILANDIA,41.0,3,44.0,412125,Ramilândia,  4 121 257 ,   4 221,4221.0,10.424070125562663
412130 RANCHO ALEGRE,44.0,6,50.0,412130,Rancho Alegre,  4 121 307 ,   3 512,3512.0,14.236902050113894
412135 RANCHO ALEGRE D'OESTE,28.0,12,40.0,412135,Rancho Alegre D'Oeste,  4 121 356 ,   2 618,2618.0,15.278838808250574
412140 REALEZA,158.0,50,208.0,412140,Realeza,  4 121 406 ,   19 247,19247.0,10.806878994128954
412150 REBOUCAS,246.0,50,296.0,412150,Rebouças,  4 121 505 ,   14 514,14514.0,20.39410224610721
412160 RENASCENCA,78.0,14,92.0,412160,Renascença,  4 121 604 ,   6 845,6845.0,13.440467494521547
412170 RESERVA,206.0,29,235.0,412170,Reserva,  4 121 703 ,   24 573,24573.0,9.563341879298417
412175 RESERVA DO IGUACU,115.0,-,115.0,412175,Reserva do Iguaçu,  4 121 752 ,   6 553,6553.0,17.549214100412026
412180 RIBEIRAO CLARO,92.0,19,111.0,412180,Ribeirão Claro,  4 121 802 ,   12 364,12364.0,8.97767712714332
412190 RIBEIRAO DO PINHAL,130.0,21,151.0,412190,Ribeirão do Pinhal,  4 121 901 ,   13 060,13060.0,11.562021439509955
412200 RIO AZUL,220.0,62,282.0,412200,Rio Azul,  4 122 008 ,   14 025,14025.0,20.106951871657753
412210 RIO BOM,51.0,4,55.0,412210,Rio Bom,  4 122 107 ,   3 197,3197.0,17.203628401626524
412215 RIO BONITO DO IGUACU,174.0,4,178.0,412215,Rio Bonito do Iguaçu,  4 122 156 ,   13 929,13929.0,12.779093976595593
412217 RIO BRANCO DO IVAI,60.0,1,61.0,412217,Rio Branco do Ivaí,  4 122 172 ,   3 808,3808.0,16.01890756302521
412220 RIO BRANCO DO SUL,283.0,30,313.0,412220,Rio Branco do Sul,  4 122 206 ,   37 558,37558.0,8.333777091431918
412230 RIO NEGRO,516.0,108,624.0,412230,Rio Negro,  4 122 305 ,   31 324,31324.0,19.920827480526114
412240 ROLANDIA,753.0,183,936.0,412240,Rolândia,  4 122 404 ,   71 670,71670.0,13.05985768103809
412250 RONCADOR,150.0,48,198.0,412250,Roncador,  4 122 503 ,   11 251,11251.0,17.598435694604923
412260 RONDON,104.0,18,122.0,412260,Rondon,  4 122 602 ,   9 097,9097.0,13.411014620204464
412265 ROSARIO DO IVAI,66.0,2,68.0,412265,Rosário do Ivaí,  4 122 651 ,   5 435,5435.0,12.511499540018399
412270 SABAUDIA,85.0,10,95.0,412270,Sabáudia,  4 122 701 ,   8 822,8822.0,10.768533212423486
412280 SALGADO FILHO,47.0,3,50.0,412280,Salgado Filho,  4 122 800 ,   4 075,4075.0,12.269938650306749
412290 SALTO DO ITARARE,64.0,1,65.0,412290,Salto do Itararé,  4 122 909 ,   5 192,5192.0,12.519260400616332
412300 SALTO DO LONTRA,172.0,35,207.0,412300,Salto do Lontra,  4 123 006 ,   15 223,15223.0,13.597845365565263
412310 SANTA AMELIA,28.0,-,28.0,412310,Santa Amélia,  4 123 105 ,   3 394,3394.0,8.249852681202121
412320 SANTA CECILIA DO PAVAO,48.0,1,49.0,412320,Santa Cecília do Pavão,  4 123 204 ,   3 365,3365.0,14.561664190193165
412330 SANTA CRUZ DE MONTE CASTELO,86.0,10,96.0,412330,Santa Cruz de Monte Castelo,  4 123 303 ,   8 613,8613.0,11.145942180424939
412340 SANTA FE,120.0,43,163.0,412340,Santa Fé,  4 123 402 ,   11 378,11378.0,14.32589207242046
412350 SANTA HELENA,303.0,66,369.0,412350,Santa Helena,  4 123 501 ,   25 492,25492.0,14.475129452377217
412360 SANTA INES,22.0,-,22.0,412360,Santa Inês,  4 123 600 ,   1 748,1748.0,12.585812356979405
412370 SANTA ISABEL DO IVAI,74.0,7,81.0,412370,Santa Isabel do Ivaí,  4 123 709 ,   8 912,8912.0,9.08886894075404
412380 SANTA IZABEL DO OESTE,169.0,87,256.0,412380,Santa Izabel do Oeste,  4 123 808 ,   14 070,14070.0,18.194740582800286
412382 SANTA LUCIA,50.0,1,51.0,412382,Santa Lúcia,  4 123 824 ,   3 644,3644.0,13.995609220636663
412385 SANTA MARIA DO OESTE,102.0,3,105.0,412385,Santa Maria do Oeste,  4 123 857 ,   9 934,9934.0,10.56976041876384
412390 SANTA MARIANA,147.0,11,158.0,412390,Santa Mariana,  4 123 907 ,   11 066,11066.0,14.27796855232243
412395 SANTA MONICA,37.0,1,38.0,412395,Santa Mônica,  4 123 956 ,   3 356,3356.0,11.32300357568534
412400 SANTANA DO ITARARE,103.0,2,105.0,412400,Santana do Itararé,  4 124 004 ,   5 514,5514.0,19.042437431991296
412402 SANTA TEREZA DO OESTE,134.0,2,136.0,412402,Santa Tereza do Oeste,  4 124 020 ,   13 174,13174.0,10.323364202216487
412405 SANTA TEREZINHA DE ITAIPU,207.0,36,243.0,412405,Santa Terezinha de Itaipu,  4 124 053 ,   24 262,24262.0,10.015662352650235
412410 SANTO ANTONIO DA PLATINA,805.0,114,919.0,412410,Santo Antônio da Platina,  4 124 103 ,   44 369,44369.0,20.712659739908492
412420 SANTO ANTONIO DO CAIUA,59.0,1,60.0,412420,Santo Antônio do Caiuá,  4 124 202 ,   2 493,2493.0,24.067388688327316
412430 SANTO ANTONIO DO PARAISO,47.0,-,47.0,412430,Santo Antônio do Paraíso,  4 124 301 ,   2 125,2125.0,22.11764705882353
412440 SANTO ANTONIO DO SUDOESTE,219.0,115,334.0,412440,Santo Antônio do Sudoeste,  4 124 400 ,   23 673,23673.0,14.108900435094833
412450 SANTO INACIO,84.0,10,94.0,412450,Santo Inácio,  4 124 509 ,   6 181,6181.0,15.20789516259505
412460 SAO CARLOS DO IVAI,71.0,9,80.0,412460,São Carlos do Ivaí,  4 124 608 ,   6 587,6587.0,12.145134355548807
412470 SAO JERONIMO DA SERRA,135.0,4,139.0,412470,São Jerônimo da Serra,  4 124 707 ,   10 830,10830.0,12.83471837488458
412480 SAO JOAO,112.0,21,133.0,412480,São João,  4 124 806 ,   11 886,11886.0,11.189634864546525
412490 SAO JOAO DO CAIUA,84.0,-,84.0,412490,São João do Caiuá,  4 124 905 ,   5 586,5586.0,15.037593984962406
412500 SAO JOAO DO IVAI,135.0,8,143.0,412500,São João do Ivaí,  4 125 001 ,   10 667,10667.0,13.40583106777913
412510 SAO JOAO DO TRIUNFO,141.0,6,147.0,412510,São João do Triunfo,  4 125 100 ,   13 726,13726.0,10.70960221477488
412520 SAO JORGE D'OESTE,107.0,32,139.0,412520,São Jorge d'Oeste,  4 125 209 ,   9 378,9378.0,14.821923651098315
412530 SAO JORGE DO IVAI,75.0,3,78.0,412530,São Jorge do Ivaí,  4 125 308 ,   5 168,5168.0,15.092879256965945
412535 SAO JORGE DO PATROCINIO,91.0,7,98.0,412535,São Jorge do Patrocínio,  4 125 357 ,   6 504,6504.0,15.067650676506766
412540 SAO JOSE DA BOA VISTA,95.0,1,96.0,412540,São José da Boa Vista,  4 125 407 ,   6 040,6040.0,15.894039735099337
412545 SAO JOSE DAS PALMEIRAS,60.0,2,62.0,412545,São José das Palmeiras,  4 125 456 ,   3 957,3957.0,15.668435683598686
412550 SAO JOSE DOS PINHAIS,2327.0,899,3226.0,412550,São José dos Pinhais,  4 125 506 ,   329 628,329628.0,9.786789957163833
412555 SAO MANOEL DO PARANA,38.0,-,38.0,412555,São Manoel do Paraná,  4 125 555 ,   2 138,2138.0,17.773620205799812
412560 SAO MATEUS DO SUL,330.0,109,439.0,412560,São Mateus do Sul,  4 125 605 ,   42 366,42366.0,10.362082802247084
412570 SAO MIGUEL DO IGUACU,323.0,41,364.0,412570,São Miguel do Iguaçu,  4 125 704 ,   29 122,29122.0,12.49914154247648
412575 SAO PEDRO DO IGUACU,92.0,-,92.0,412575,São Pedro do Iguaçu,  4 125 753 ,   5 784,5784.0,15.90594744121715
412580 SAO PEDRO DO IVAI,89.0,1,90.0,412580,São Pedro do Ivaí,  4 125 803 ,   8 690,8690.0,10.356731875719216
412590 SAO PEDRO DO PARANA,40.0,1,41.0,412590,São Pedro do Paraná,  4 125 902 ,   2 661,2661.0,15.407741450582487
412600 SAO SEBASTIAO DA AMOREIRA,117.0,5,122.0,412600,São Sebastião da Amoreira,  4 126 009 ,   8 063,8063.0,15.130844598784572
412610 SAO TOME,67.0,2,69.0,412610,São Tomé,  4 126 108 ,   5 232,5232.0,13.188073394495413
412620 SAPOPEMA,101.0,10,111.0,412620,Sapopema,  4 126 207 ,   6 695,6695.0,16.579536967886483
412625 SARANDI,1014.0,123,1137.0,412625,Sarandi,  4 126 256 ,   118 455,118455.0,9.59858173990123
412627 SAUDADE DO IGUACU,70.0,-,70.0,412627,Saudade do Iguaçu,  4 126 272 ,   6 108,6108.0,11.460379829731501
412630 SENGES,171.0,4,175.0,412630,Sengés,  4 126 306 ,   17 270,17270.0,10.13317892298784
412635 SERRANOPOLIS DO IGUACU,42.0,2,44.0,412635,Serranópolis do Iguaçu,  4 126 355 ,   5 007,5007.0,8.787697223886559
412640 SERTANEJA,124.0,5,129.0,412640,Sertaneja,  4 126 405 ,   5 616,5616.0,22.970085470085472
412650 SERTANOPOLIS,188.0,45,233.0,412650,Sertanópolis,  4 126 504 ,   15 930,15930.0,14.626490897677337
412660 SIQUEIRA CAMPOS,213.0,50,263.0,412660,Siqueira Campos,  4 126 603 ,   22 811,22811.0,11.529525229056157
412665 SULINA,53.0,-,53.0,412665,Sulina,  4 126 652 ,   3 440,3440.0,15.406976744186046
412667 TAMARANA,179.0,16,195.0,412667,Tamarana,  4 126 678 ,   10 707,10707.0,18.212384421406558
412670 TAMBOARA,68.0,3,71.0,412670,Tamboara,  4 126 702 ,   4 880,4880.0,14.549180327868852
412680 TAPEJARA,110.0,11,121.0,412680,Tapejara,  4 126 801 ,   15 869,15869.0,7.624929107064087
412690 TAPIRA,77.0,1,78.0,412690,Tapira,  4 126 900 ,   5 745,5745.0,13.577023498694517
412700 TEIXEIRA SOARES,134.0,2,136.0,412700,Teixeira Soares,  4 127 007 ,   9 547,9547.0,14.245312663663977
412710 TELEMACO BORBA,880.0,268,1148.0,412710,Telêmaco Borba,  4 127 106 ,   75 042,75042.0,15.298099730817409
412720 TERRA BOA,286.0,70,356.0,412720,Terra Boa,  4 127 205 ,   17 568,17568.0,20.264116575591984
412730 TERRA RICA,182.0,23,205.0,412730,Terra Rica,  4 127 304 ,   14 842,14842.0,13.812154696132596
412740 TERRA ROXA,140.0,31,171.0,412740,Terra Roxa,  4 127 403 ,   18 119,18119.0,9.437606931949887
412750 TIBAGI,177.0,5,182.0,412750,Tibagi,  4 127 502 ,   19 961,19961.0,9.117779670357196
412760 TIJUCAS DO SUL,278.0,16,294.0,412760,Tijucas do Sul,  4 127 601 ,   17 621,17621.0,16.684637648260598
412770 TOLEDO,2204.0,749,2953.0,412770,Toledo,  4 127 700 ,   150 470,150470.0,19.62517445337941
412780 TOMAZINA,99.0,1,100.0,412780,Tomazina,  4 127 809 ,   8 426,8426.0,11.868027533823879
412785 TRES BARRAS DO PARANA,149.0,7,156.0,412785,Três Barras do Paraná,  4 127 858 ,   11 135,11135.0,14.009878760664572
412788 TUNAS DO PARANA,55.0,2,57.0,412788,Tunas do Paraná,  4 127 882 ,   6 219,6219.0,9.165460684997589
412790 TUNEIRAS DO OESTE,85.0,3,88.0,412790,Tuneiras do Oeste,  4 127 908 ,   8 067,8067.0,10.908640138837237
412795 TUPASSI,93.0,9,102.0,412795,Tupãssi,  4 127 957 ,   8 077,8077.0,12.628451157608023
412796 TURVO,211.0,23,234.0,412796,Turvo,  4 127 965 ,   14 231,14231.0,16.442976600379453
412800 UBIRATA,328.0,237,565.0,412800,Ubiratã,  4 128 005 ,   24 749,24749.0,22.82920522041295
412810 UMUARAMA,3050.0,566,3616.0,412810,Umuarama,  4 128 104 ,   117 095,117095.0,30.880908663905377
412820 UNIAO DA VITORIA,846.0,365,1211.0,412820,União da Vitória,  4 128 203 ,   55 033,55033.0,22.00497883088329
412830 UNIFLOR,41.0,-,41.0,412830,Uniflor,  4 128 302 ,   2 136,2136.0,19.194756554307116
412840 URAI,111.0,4,115.0,412840,Uraí,  4 128 401 ,   10 406,10406.0,11.0513165481453
412850 WENCESLAU BRAZ,159.0,24,183.0,412850,Wenceslau Braz,  4 128 500 ,   19 188,19188.0,9.537210756722953
412853 VENTANIA,116.0,2,118.0,412853,Ventania,  4 128 534 ,   9 681,9681.0,12.188823468649932
412855 VERA CRUZ DO OESTE,144.0,12,156.0,412855,Vera Cruz do Oeste,  4 128 559 ,   8 215,8215.0,18.98965307364577
412860 VERE,85.0,26,111.0,412860,Verê,  4 128 609 ,   7 932,7932.0,13.993948562783661
412862 ALTO PARAISO,56.0,-,56.0,412862,Alto Paraíso,  4 128 625 ,   3 055,3055.0,18.330605564648117
412863 DOUTOR ULYSSES,87.0,1,88.0,412863,Doutor Ulysses,  4 128 633 ,   5 697,5697.0,15.446726347200281
412865 VIRMOND,66.0,8,74.0,412865,Virmond,  4 128 658 ,   3 811,3811.0,19.41747572815534
412870 VITORINO,80.0,-,80.0,412870,Vitorino,  4 128 708 ,   9 706,9706.0,8.242324335462602
412880 XAMBRE,71.0,1,72.0,412880,Xambrê,  4 128 807 ,   5 798,5798.0,12.418075198344257
420005 ABDON BATISTA,60.0,-,60.0,420005,Abdon Batista,  4 200 051 ,   2 598,2598.0,23.094688221709006
420010 ABELARDO LUZ,272.0,78,350.0,420010,Abelardo Luz,  4 200 101 ,   17 392,17392.0,20.124195032198713
420020 AGROLANDIA,151.0,14,165.0,420020,Agrolândia,  4 200 200 ,   10 990,10990.0,15.013648771610555
420030 AGRONOMICA,47.0,4,51.0,420030,Agronômica,  4 200 309 ,   6 055,6055.0,8.422791081750619
420040 AGUA DOCE,141.0,13,154.0,420040,Água Doce,  4 200 408 ,   6 508,6508.0,23.66318377381684
420050 AGUAS DE CHAPECO,76.0,1,77.0,420050,Águas de Chapecó,  4 200 507 ,   6 036,6036.0,12.756792577866136
420055 AGUAS FRIAS,32.0,4,36.0,420055,Águas Frias,  4 200 556 ,   2 839,2839.0,12.680521310320534
420060 AGUAS MORNAS,95.0,7,102.0,420060,Águas Mornas,  4 200 606 ,   6 743,6743.0,15.12679816105591
420070 ALFREDO WAGNER,126.0,22,148.0,420070,Alfredo Wagner,  4 200 705 ,   10 481,10481.0,14.120790000954107
420075 ALTO BELA VISTA,38.0,-,38.0,420075,Alto Bela Vista,  4 200 754 ,   1 856,1856.0,20.47413793103448
420080 ANCHIETA,82.0,5,87.0,420080,Anchieta,  4 200 804 ,   5 943,5943.0,14.639071176173651
420090 ANGELINA,90.0,1,91.0,420090,Angelina,  4 200 903 ,   5 358,5358.0,16.9839492347891
420100 ANITA GARIBALDI,153.0,5,158.0,420100,Anita Garibaldi,  4 201 000 ,   8 285,8285.0,19.07060953530477
420110 ANITAPOLIS,63.0,24,87.0,420110,Anitápolis,  4 201 109 ,   3 593,3593.0,24.213748956303924
420120 ANTONIO CARLOS,163.0,85,248.0,420120,Antônio Carlos,  4 201 208 ,   11 224,11224.0,22.095509622238062
420125 APIUNA,123.0,8,131.0,420125,Apiúna,  4 201 257 ,   9 811,9811.0,13.35235959637142
420127 ARABUTA,88.0,5,93.0,420127,Arabutã,  4 201 273 ,   4 378,4378.0,21.242576518958426
420130 ARAQUARI,514.0,52,566.0,420130,Araquari,  4 201 307 ,   45 283,45283.0,12.499171874654948
420140 ARARANGUA,1284.0,549,1833.0,420140,Araranguá,  4 201 406 ,   71 922,71922.0,25.48594310503045
420150 ARMAZEM,232.0,9,241.0,420150,Armazém,  4 201 505 ,   8 834,8834.0,27.280959927552637
420160 ARROIO TRINTA,74.0,20,94.0,420160,Arroio Trinta,  4 201 604 ,   3 556,3556.0,26.434195725534305
420165 ARVOREDO,35.0,1,36.0,420165,Arvoredo,  4 201 653 ,   2 510,2510.0,14.342629482071713
420170 ASCURRA,79.0,14,93.0,420170,Ascurra,  4 201 703 ,   8 319,8319.0,11.179228272628922
420180 ATALANTA,35.0,-,35.0,420180,Atalanta,  4 201 802 ,   3 227,3227.0,10.845986984815617
420190 AURORA,60.0,6,66.0,420190,Aurora,  4 201 901 ,   6 780,6780.0,9.734513274336283
420195 BALNEARIO ARROIO DO SILVA,154.0,16,170.0,420195,Balneário Arroio do Silva,  4 201 950 ,   15 820,15820.0,10.745891276864727
420200 BALNEARIO CAMBORIU,2674.0,2367,5041.0,420200,Balneário Camboriú,  4 202 008 ,   139 155,139155.0,36.22579138370882
420205 BALNEARIO BARRA DO SUL,191.0,5,196.0,420205,Balneário Barra do Sul,  4 202 057 ,   14 912,14912.0,13.143776824034335
420207 BALNEARIO GAIVOTA,137.0,30,167.0,420207,Balneário Gaivota,  4 202 073 ,   15 669,15669.0,10.657987108303018
420208 BANDEIRANTE,36.0,-,36.0,420208,Bandeirante,  4 202 081 ,   3 144,3144.0,11.450381679389313
420209 BARRA BONITA,33.0,-,33.0,420209,Barra Bonita,  4 202 099 ,   1 668,1668.0,19.784172661870503
420210 BARRA VELHA,554.0,40,594.0,420210,Barra Velha,  4 202 107 ,   45 369,45369.0,13.092640349137076
420213 BELA VISTA DO TOLDO,82.0,15,97.0,420213,Bela Vista do Toldo,  4 202 131 ,   5 872,5872.0,16.51907356948229
420215 BELMONTE,36.0,3,39.0,420215,Belmonte,  4 202 156 ,   2 658,2658.0,14.672686230248308
420220 BENEDITO NOVO,130.0,9,139.0,420220,Benedito Novo,  4 202 206 ,   10 520,10520.0,13.212927756653992
420230 BIGUACU,1247.0,347,1594.0,420230,Biguaçu,  4 202 305 ,   76 773,76773.0,20.762507652429893
420240 BLUMENAU,6438.0,2552,8990.0,420240,Blumenau,  4 202 404 ,   361 261,361261.0,24.885055403157274
420243 BOCAINA DO SUL,61.0,8,69.0,420243,Bocaina do Sul,  4 202 438 ,   3 515,3515.0,19.630156472261735
420245 BOMBINHAS,403.0,48,451.0,420245,Bombinhas,  4 202 453 ,   25 058,25058.0,17.998244073748904
420250 BOM JARDIM DA SERRA,75.0,15,90.0,420250,Bom Jardim da Serra,  4 202 503 ,   4 026,4026.0,22.35469448584203
420253 BOM JESUS,41.0,-,41.0,420253,Bom Jesus,  4 202 537 ,   2 777,2777.0,14.764133957508102
420257 BOM JESUS DO OESTE,45.0,1,46.0,420257,Bom Jesus do Oeste,  4 202 578 ,   2 187,2187.0,21.033379058070416
420260 BOM RETIRO,151.0,10,161.0,420260,Bom Retiro,  4 202 602 ,   8 418,8418.0,19.12568306010929
420270 BOTUVERA,71.0,1,72.0,420270,Botuverá,  4 202 701 ,   5 363,5363.0,13.425321648331158
420280 BRACO DO NORTE,685.0,103,788.0,420280,Braço do Norte,  4 202 800 ,   33 773,33773.0,23.33224765345098
420285 BRACO DO TROMBUDO,65.0,2,67.0,420285,Braço do Trombudo,  4 202 859 ,   4 026,4026.0,16.641828117237953
420287 BRUNOPOLIS,33.0,1,34.0,420287,Brunópolis,  4 202 875 ,   2 489,2489.0,13.660104459622337
420290 BRUSQUE,2469.0,472,2941.0,420290,Brusque,  4 202 909 ,   141 385,141385.0,20.801357994129503
420300 CACADOR,1317.0,180,1497.0,420300,Caçador,  4 203 006 ,   73 720,73720.0,20.306565382528486
420310 CAIBI,126.0,8,134.0,420310,Caibi,  4 203 105 ,   6 304,6304.0,21.256345177664976
420315 CALMON,54.0,1,55.0,420315,Calmon,  4 203 154 ,   3 443,3443.0,15.974440894568689
420320 CAMBORIU,592.0,332,924.0,420320,Camboriú,  4 203 204 ,   103 074,103074.0,8.964433319750858
420325 CAPAO ALTO,34.0,-,34.0,420325,Capão Alto,  4 203 253 ,   2 625,2625.0,12.952380952380953
420330 CAMPO ALEGRE,187.0,10,197.0,420330,Campo Alegre,  4 203 303 ,   12 501,12501.0,15.75873930085593
420340 CAMPO BELO DO SUL,156.0,30,186.0,420340,Campo Belo do Sul,  4 203 402 ,   7 257,7257.0,25.63042579578338
420350 CAMPO ERE,171.0,16,187.0,420350,Campo Erê,  4 203 501 ,   9 623,9623.0,19.432609373376284
420360 CAMPOS NOVOS,579.0,111,690.0,420360,Campos Novos,  4 203 600 ,   36 932,36932.0,18.682984945304884
420370 CANELINHA,158.0,6,164.0,420370,Canelinha,  4 203 709 ,   12 821,12821.0,12.791513922470946
420380 CANOINHAS,1007.0,337,1344.0,420380,Canoinhas,  4 203 808 ,   55 016,55016.0,24.429256943434638
420390 CAPINZAL,263.0,135,398.0,420390,Capinzal,  4 203 907 ,   23 314,23314.0,17.0712876383289
420395 CAPIVARI DE BAIXO,236.0,11,247.0,420395,Capivari de Baixo,  4 203 956 ,   23 975,23975.0,10.30239833159541
420400 CATANDUVAS,107.0,24,131.0,420400,Catanduvas,  4 204 004 ,   10 566,10566.0,12.398258565209161
420410 CAXAMBU DO SUL,78.0,11,89.0,420410,Caxambu do Sul,  4 204 103 ,   4 614,4614.0,19.28912006935414
420415 CELSO RAMOS,33.0,1,34.0,420415,Celso Ramos,  4 204 152 ,   2 805,2805.0,12.121212121212121
420417 CERRO NEGRO,40.0,3,43.0,420417,Cerro Negro,  4 204 178 ,   3 317,3317.0,12.963521254145313
420419 CHAPADAO DO LAGEADO,42.0,4,46.0,420419,Chapadão do Lageado,  4 204 194 ,   2 950,2950.0,15.593220338983052
420420 CHAPECO,4228.0,2168,6396.0,420420,Chapecó,  4 204 202 ,   254 785,254785.0,25.103518652981926
420425 COCAL DO SUL,345.0,74,419.0,420425,Cocal do Sul,  4 204 251 ,   17 240,17240.0,24.303944315545245
420430 CONCORDIA,1544.0,408,1952.0,420430,Concórdia,  4 204 301 ,   81 646,81646.0,23.908091027117067
420435 CORDILHEIRA ALTA,46.0,-,46.0,420435,Cordilheira Alta,  4 204 350 ,   4 781,4781.0,9.621418113365404
420440 CORONEL FREITAS,130.0,8,138.0,420440,Coronel Freitas,  4 204 400 ,   10 388,10388.0,13.284559106661533
420445 CORONEL MARTINS,36.0,3,39.0,420445,Coronel Martins,  4 204 459 ,   2 065,2065.0,18.886198547215496
420450 CORUPA,187.0,58,245.0,420450,Corupá,  4 204 509 ,   15 267,15267.0,16.047684548372306
420455 CORREIA PINTO,187.0,27,214.0,420455,Correia Pinto,  4 204 558 ,   15 727,15727.0,13.60717237871177
420460 CRICIUMA,4467.0,2071,6538.0,420460,Criciúma,  4 204 608 ,   214 493,214493.0,30.481181204048617
420470 CUNHA PORA,172.0,47,219.0,420470,Cunha Porã,  4 204 707 ,   10 953,10953.0,19.994522048753765
420475 CUNHATAI,33.0,1,34.0,420475,Cunhataí,  4 204 756 ,   1 968,1968.0,17.276422764227643
420480 CURITIBANOS,834.0,204,1038.0,420480,Curitibanos,  4 204 806 ,   40 045,40045.0,25.92083905606193
420490 DESCANSO,123.0,30,153.0,420490,Descanso,  4 204 905 ,   8 530,8530.0,17.936694021101992
420500 DIONISIO CERQUEIRA,296.0,33,329.0,420500,Dionísio Cerqueira,  4 205 001 ,   15 008,15008.0,21.921641791044777
420510 DONA EMMA,36.0,-,36.0,420510,Dona Emma,  4 205 100 ,   4 221,4221.0,8.528784648187633
420515 DOUTOR PEDRINHO,36.0,-,36.0,420515,Doutor Pedrinho,  4 205 159 ,   3 637,3637.0,9.898267803134452
420517 ENTRE RIOS,53.0,-,53.0,420517,Entre Rios,  4 205 175 ,   3 402,3402.0,15.57907113462669
420519 ERMO,47.0,-,47.0,420519,Ermo,  4 205 191 ,   2 269,2269.0,20.71397091229617
420520 ERVAL VELHO,44.0,8,52.0,420520,Erval Velho,  4 205 209 ,   4 885,4885.0,10.644831115660185
420530 FAXINAL DOS GUEDES,132.0,36,168.0,420530,Faxinal dos Guedes,  4 205 308 ,   11 192,11192.0,15.010721944245889
420535 FLOR DO SERTAO,35.0,-,35.0,420535,Flor do Sertão,  4 205 357 ,   1 783,1783.0,19.629837352776217
420540 FLORIANOPOLIS,12953.0,7460,20413.0,420540,Florianópolis,  4 205 407 ,   537 211,537211.0,37.998105027633464
420543 FORMOSA DO SUL,35.0,3,38.0,420543,Formosa do Sul,  4 205 431 ,   2 682,2682.0,14.168530947054437
420545 FORQUILHINHA,335.0,24,359.0,420545,Forquilhinha,  4 205 456 ,   31 431,31431.0,11.4218446756387
420550 FRAIBURGO,593.0,120,713.0,420550,Fraiburgo,  4 205 506 ,   33 481,33481.0,21.295660225202354
420555 FREI ROGERIO,37.0,-,37.0,420555,Frei Rogério,  4 205 555 ,   2 411,2411.0,15.346329323931979
420560 GALVAO,57.0,3,60.0,420560,Galvão,  4 205 605 ,   3 210,3210.0,18.69158878504673
420570 GAROPABA,460.0,62,522.0,420570,Garopaba,  4 205 704 ,   29 959,29959.0,17.423812543809873
420580 GARUVA,304.0,39,343.0,420580,Garuva,  4 205 803 ,   18 545,18545.0,18.49555136155298
420590 GASPAR,792.0,60,852.0,420590,Gaspar,  4 205 902 ,   72 570,72570.0,11.740388590326582
420600 GOVERNADOR CELSO RAMOS,331.0,9,340.0,420600,Governador Celso Ramos,  4 206 009 ,   16 915,16915.0,20.100502512562816
420610 GRAO PARA,77.0,4,81.0,420610,Grão-Pará,  4 206 108 ,   6 277,6277.0,12.90425362434284
420620 GRAVATAL,128.0,10,138.0,420620,Gravatal,  4 206 207 ,   12 435,12435.0,11.097708082026537
420630 GUABIRUBA,189.0,20,209.0,420630,Guabiruba,  4 206 306 ,   24 543,24543.0,8.51566638145296
420640 GUARACIABA,179.0,10,189.0,420640,Guaraciaba,  4 206 405 ,   10 796,10796.0,17.5064838829196
420650 GUARAMIRIM,508.0,76,584.0,420650,Guaramirim,  4 206 504 ,   46 711,46711.0,12.502408426280748
420660 GUARUJA DO SUL,106.0,9,115.0,420660,Guarujá do Sul,  4 206 603 ,   4 829,4829.0,23.814454338372332
420665 GUATAMBU,72.0,3,75.0,420665,Guatambú,  4 206 652 ,   8 425,8425.0,8.902077151335313
420670 HERVAL D'OESTE,229.0,51,280.0,420670,Herval d'Oeste,  4 206 702 ,   21 724,21724.0,12.888970723623641
420675 IBIAM,35.0,1,36.0,420675,Ibiam,  4 206 751 ,   2 008,2008.0,17.928286852589643
420680 IBICARE,33.0,27,60.0,420680,Ibicaré,  4 206 801 ,   3 269,3269.0,18.354236769654328
420690 IBIRAMA,576.0,27,603.0,420690,Ibirama,  4 206 900 ,   19 862,19862.0,30.359480414862553
420700 ICARA,687.0,181,868.0,420700,Içara,  4 207 007 ,   59 035,59035.0,14.703142203777421
420710 ILHOTA,156.0,13,169.0,420710,Ilhota,  4 207 106 ,   17 046,17046.0,9.914349407485627
420720 IMARUI,180.0,9,189.0,420720,Imaruí,  4 207 205 ,   11 881,11881.0,15.907751872737984
420730 IMBITUBA,635.0,177,812.0,420730,Imbituba,  4 207 304 ,   52 579,52579.0,15.443427984556573
420740 IMBUIA,83.0,-,83.0,420740,Imbuia,  4 207 403 ,   5 982,5982.0,13.874958207957205
420750 INDAIAL,826.0,205,1031.0,420750,Indaial,  4 207 502 ,   71 549,71549.0,14.409705236970467
420757 IOMERE,59.0,2,61.0,420757,Iomerê,  4 207 577 ,   2 877,2877.0,21.202641640597843
420760 IPIRA,80.0,1,81.0,420760,Ipira,  4 207 601 ,   4 578,4578.0,17.693315858453474
420765 IPORA DO OESTE,177.0,21,198.0,420765,Iporã do Oeste,  4 207 650 ,   9 335,9335.0,21.210498125334762
420768 IPUACU,85.0,2,87.0,420768,Ipuaçu,  4 207 684 ,   7 730,7730.0,11.254851228978008
420770 IPUMIRIM,85.0,4,89.0,420770,Ipumirim,  4 207 700 ,   7 816,7816.0,11.38689866939611
420775 IRACEMINHA,56.0,10,66.0,420775,Iraceminha,  4 207 759 ,   3 986,3986.0,16.55795283492223
420780 IRANI,167.0,15,182.0,420780,Irani,  4 207 809 ,   10 195,10195.0,17.85188818048063
420785 IRATI,44.0,-,44.0,420785,Irati,  4 207 858 ,   2 069,2069.0,21.266312228129532
420790 IRINEOPOLIS,116.0,11,127.0,420790,Irineópolis,  4 207 908 ,   10 285,10285.0,12.348079727758872
420800 ITA,121.0,14,135.0,420800,Itá,  4 208 005 ,   7 067,7067.0,19.102872506013867
420810 ITAIOPOLIS,227.0,156,383.0,420810,Itaiópolis,  4 208 104 ,   22 051,22051.0,17.368826810575484
420820 ITAJAI,5128.0,2343,7471.0,420820,Itajaí,  4 208 203 ,   264 054,264054.0,28.293455126602893
420830 ITAPEMA,870.0,506,1376.0,420830,Itapema,  4 208 302 ,   75 940,75940.0,18.11956808006321
420840 ITAPIRANGA,212.0,18,230.0,420840,Itapiranga,  4 208 401 ,   16 638,16638.0,13.82377689626157
420845 ITAPOA,364.0,63,427.0,420845,Itapoá,  4 208 450 ,   30 750,30750.0,13.886178861788618
420850 ITUPORANGA,495.0,75,570.0,420850,Ituporanga,  4 208 500 ,   26 525,26525.0,21.489161168708765
420860 JABORA,78.0,2,80.0,420860,Jaborá,  4 208 609 ,   4 310,4310.0,18.561484918793504
420870 JACINTO MACHADO,166.0,6,172.0,420870,Jacinto Machado,  4 208 708 ,   10 624,10624.0,16.18975903614458
420880 JAGUARUNA,343.0,142,485.0,420880,Jaguaruna,  4 208 807 ,   20 375,20375.0,23.80368098159509
420890 JARAGUA DO SUL,3578.0,930,4508.0,420890,Jaraguá do Sul,  4 208 906 ,   182 660,182660.0,24.679732836964856
420895 JARDINOPOLIS,36.0,1,37.0,420895,Jardinópolis,  4 208 955 ,   1 776,1776.0,20.833333333333332
420900 JOACABA,1619.0,375,1994.0,420900,Joaçaba,  4 209 003 ,   30 146,30146.0,66.14476215750017
420910 JOINVILLE,8780.0,5982,14762.0,420910,Joinville,  4 209 102 ,   616 317,616317.0,23.95195978692783
420915 JOSE BOITEUX,115.0,-,115.0,420915,José Boiteux,  4 209 151 ,   5 985,5985.0,19.21470342522974
420917 JUPIA,40.0,-,40.0,420917,Jupiá,  4 209 177 ,   2 555,2555.0,15.655577299412915
420920 LACERDOPOLIS,24.0,-,24.0,420920,Lacerdópolis,  4 209 201 ,   2 248,2248.0,10.676156583629894
420930 LAGES,3934.0,549,4483.0,420930,Lages,  4 209 300 ,   164 981,164981.0,27.172825961777416
420940 LAGUNA,719.0,65,784.0,420940,Laguna,  4 209 409 ,   42 785,42785.0,18.324179034708425
420945 LAJEADO GRANDE,29.0,-,29.0,420945,Lajeado Grande,  4 209 458 ,   1 702,1702.0,17.038777908343125
420950 LAURENTINO,59.0,6,65.0,420950,Laurentino,  4 209 508 ,   7 932,7932.0,8.194654563792234
420960 LAURO MULLER,242.0,17,259.0,420960,Lauro Müller,  4 209 607 ,   14 381,14381.0,18.009874139489607
420970 LEBON REGIS,120.0,8,128.0,420970,Lebon Régis,  4 209 706 ,   11 472,11472.0,11.15760111576011
420980 LEOBERTO LEAL,41.0,3,44.0,420980,Leoberto Leal,  4 209 805 ,   3 330,3330.0,13.213213213213212
420985 LINDOIA DO SUL,80.0,7,87.0,420985,Lindóia do Sul,  4 209 854 ,   4 549,4549.0,19.125082435700154
420990 LONTRAS,143.0,6,149.0,420990,Lontras,  4 209 904 ,   12 873,12873.0,11.574613532199177
421000 LUIZ ALVES,192.0,35,227.0,421000,Luiz Alves,  4 210 001 ,   11 684,11684.0,19.428277986990757
421003 LUZERNA,111.0,8,119.0,421003,Luzerna,  4 210 035 ,   5 794,5794.0,20.538488091128755
421005 MACIEIRA,42.0,-,42.0,421005,Macieira,  4 210 050 ,   1 778,1778.0,23.62204724409449
421010 MAFRA,1402.0,121,1523.0,421010,Mafra,  4 210 100 ,   55 286,55286.0,27.54766125239663
421020 MAJOR GERCINO,42.0,-,42.0,421020,Major Gercino,  4 210 209 ,   3 214,3214.0,13.067828251400124
421030 MAJOR VIEIRA,98.0,5,103.0,421030,Major Vieira,  4 210 308 ,   7 425,7425.0,13.872053872053872
421040 MARACAJA,68.0,4,72.0,421040,Maracajá,  4 210 407 ,   7 815,7815.0,9.213051823416507
421050 MARAVILHA,531.0,103,634.0,421050,Maravilha,  4 210 506 ,   28 251,28251.0,22.44168348023079
421055 MAREMA,36.0,-,36.0,421055,Marema,  4 210 555 ,   2 184,2184.0,16.483516483516485
421060 MASSARANDUBA,221.0,57,278.0,421060,Massaranduba,  4 210 605 ,   17 162,17162.0,16.19857825428272
421070 MATOS COSTA,67.0,-,67.0,421070,Matos Costa,  4 210 704 ,   2 761,2761.0,24.26657008330315
421080 MELEIRO,158.0,60,218.0,421080,Meleiro,  4 210 803 ,   7 006,7006.0,31.116186126177563
421085 MIRIM DOCE,25.0,1,26.0,421085,Mirim Doce,  4 210 852 ,   2 511,2511.0,10.354440461967345
421090 MODELO,82.0,9,91.0,421090,Modelo,  4 210 902 ,   4 080,4080.0,22.30392156862745
421100 MONDAI,195.0,17,212.0,421100,Mondaí,  4 211 009 ,   10 066,10066.0,21.06099741704749
421105 MONTE CARLO,110.0,8,118.0,421105,Monte Carlo,  4 211 058 ,   9 117,9117.0,12.942854008994187
421110 MONTE CASTELO,99.0,2,101.0,421110,Monte Castelo,  4 211 108 ,   7 736,7736.0,13.055842812823164
421120 MORRO DA FUMACA,246.0,29,275.0,421120,Morro da Fumaça,  4 211 207 ,   18 537,18537.0,14.83519447591304
421125 MORRO GRANDE,32.0,1,33.0,421125,Morro Grande,  4 211 256 ,   3 010,3010.0,10.963455149501662
421130 NAVEGANTES,721.0,186,907.0,421130,Navegantes,  4 211 306 ,   86 401,86401.0,10.49756368560549
421140 NOVA ERECHIM,87.0,8,95.0,421140,Nova Erechim,  4 211 405 ,   5 155,5155.0,18.42870999030068
421145 NOVA ITABERABA,49.0,3,52.0,421145,Nova Itaberaba,  4 211 454 ,   4 536,4536.0,11.46384479717813
421150 NOVA TRENTO,256.0,15,271.0,421150,Nova Trento,  4 211 504 ,   13 727,13727.0,19.742114081736723
421160 NOVA VENEZA,270.0,28,298.0,421160,Nova Veneza,  4 211 603 ,   13 664,13664.0,21.80913348946136
421165 NOVO HORIZONTE,35.0,-,35.0,421165,Novo Horizonte,  4 211 652 ,   2 643,2643.0,13.242527430949679
421170 ORLEANS,331.0,65,396.0,421170,Orleans,  4 211 702 ,   23 661,23661.0,16.736401673640167
421175 OTACILIO COSTA,231.0,69,300.0,421175,Otacílio Costa,  4 211 751 ,   17 312,17312.0,17.329020332717192
421180 OURO,48.0,12,60.0,421180,Ouro,  4 211 801 ,   7 032,7032.0,8.532423208191126
421185 OURO VERDE,44.0,-,44.0,421185,Ouro Verde,  4 211 850 ,   2 181,2181.0,20.174232003668042
421187 PAIAL,35.0,-,35.0,421187,Paial,  4 211 876 ,   1 927,1927.0,18.16294758692268
421189 PAINEL,36.0,3,39.0,421189,Painel,  4 211 892 ,   2 215,2215.0,17.607223476297968
421190 PALHOCA,1778.0,1344,3122.0,421190,Palhoça,  4 211 900 ,   222 598,222598.0,14.025283246030963
421200 PALMA SOLA,165.0,8,173.0,421200,Palma Sola,  4 212 007 ,   7 605,7605.0,22.74819197896121
421205 PALMEIRA,31.0,15,46.0,421205,Palmeira,  4 212 056 ,   2 561,2561.0,17.961733697774307
421210 PALMITOS,197.0,26,223.0,421210,Palmitos,  4 212 106 ,   15 626,15626.0,14.271086650454372
421220 PAPANDUVA,206.0,7,213.0,421220,Papanduva,  4 212 205 ,   19 150,19150.0,11.12271540469974
421223 PARAISO,62.0,5,67.0,421223,Paraíso,  4 212 239 ,   4 267,4267.0,15.701898289196155
421225 PASSO DE TORRES,109.0,2,111.0,421225,Passo de Torres,  4 212 254 ,   12 897,12897.0,8.606652709932543
421227 PASSOS MAIA,57.0,3,60.0,421227,Passos Maia,  4 212 270 ,   4 034,4034.0,14.873574615765989
421230 PAULO LOPES,97.0,-,97.0,421230,Paulo Lopes,  4 212 304 ,   9 063,9063.0,10.702857773364228
421240 PEDRAS GRANDES,48.0,5,53.0,421240,Pedras Grandes,  4 212 403 ,   4 245,4245.0,12.48527679623086
421250 PENHA,415.0,44,459.0,421250,Penha,  4 212 502 ,   33 663,33663.0,13.635148382497103
421260 PERITIBA,59.0,2,61.0,421260,Peritiba,  4 212 601 ,   2 992,2992.0,20.38770053475936
421265 PESCARIA BRAVA,94.0,1,95.0,421265,Pescaria Brava,  4 212 650 ,   10 190,10190.0,9.322865554465162
421270 PETROLANDIA,83.0,3,86.0,421270,Petrolândia,  4 212 700 ,   6 716,6716.0,12.805241215008934
421280 BALNEARIO PICARRAS,373.0,64,437.0,421280,Balneário Piçarras,  4 212 809 ,   27 127,27127.0,16.109411287646992
421290 PINHALZINHO,308.0,72,380.0,421290,Pinhalzinho,  4 212 908 ,   21 972,21972.0,17.294738758419808
421300 PINHEIRO PRETO,32.0,1,33.0,421300,Pinheiro Preto,  4 213 005 ,   3 473,3473.0,9.501871580765908
421310 PIRATUBA,57.0,6,63.0,421310,Piratuba,  4 213 104 ,   5 769,5769.0,10.9204368174727
421315 PLANALTO ALEGRE,42.0,6,48.0,421315,Planalto Alegre,  4 213 153 ,   2 946,2946.0,16.293279022403258
421320 POMERODE,454.0,101,555.0,421320,Pomerode,  4 213 203 ,   34 289,34289.0,16.18594884656887
421330 PONTE ALTA,49.0,1,50.0,421330,Ponte Alta,  4 213 302 ,   4 437,4437.0,11.268875366238449
421335 PONTE ALTA DO NORTE,34.0,-,34.0,421335,Ponte Alta do Norte,  4 213 351 ,   3 210,3210.0,10.59190031152648
421340 PONTE SERRADA,187.0,22,209.0,421340,Ponte Serrada,  4 213 401 ,   10 649,10649.0,19.626255986477602
421350 PORTO BELO,399.0,38,437.0,421350,Porto Belo,  4 213 500 ,   27 688,27688.0,15.783010690551862
421360 PORTO UNIAO,570.0,138,708.0,421360,Porto União,  4 213 609 ,   32 970,32970.0,21.474067333939946
421370 POUSO REDONDO,194.0,39,233.0,421370,Pouso Redondo,  4 213 708 ,   17 123,17123.0,13.60742860480056
421380 PRAIA GRANDE,196.0,17,213.0,421380,Praia Grande,  4 213 807 ,   8 270,8270.0,25.755743651753328
421390 PRESIDENTE CASTELLO BRANCO,20.0,3,23.0,421390,Presidente Castello Branco,  4 213 906 ,   1 689,1689.0,13.617525162818236
421400 PRESIDENTE GETULIO,205.0,48,253.0,421400,Presidente Getúlio,  4 214 003 ,   20 010,20010.0,12.64367816091954
421410 PRESIDENTE NEREU,32.0,-,32.0,421410,Presidente Nereu,  4 214 102 ,   2 301,2301.0,13.906996957844417
421415 PRINCESA,40.0,-,40.0,421415,Princesa,  4 214 151 ,   2 964,2964.0,13.495276653171391
421420 QUILOMBO,164.0,31,195.0,421420,Quilombo,  4 214 201 ,   11 022,11022.0,17.69188894937398
421430 RANCHO QUEIMADO,63.0,4,67.0,421430,Rancho Queimado,  4 214 300 ,   3 279,3279.0,20.43305885940836
421440 RIO DAS ANTAS,58.0,3,61.0,421440,Rio das Antas,  4 214 409 ,   6 253,6253.0,9.75531744762514
421450 RIO DO CAMPO,78.0,5,83.0,421450,Rio do Campo,  4 214 508 ,   6 452,6452.0,12.864228146311222
421460 RIO DO OESTE,44.0,6,50.0,421460,Rio do Oeste,  4 214 607 ,   7 747,7747.0,6.454111268878275
421470 RIO DOS CEDROS,158.0,13,171.0,421470,Rio dos Cedros,  4 214 706 ,   10 865,10865.0,15.738610216290843
421480 RIO DO SUL,1351.0,359,1710.0,421480,Rio do Sul,  4 214 805 ,   72 587,72587.0,23.557937371705677
421490 RIO FORTUNA,80.0,2,82.0,421490,Rio Fortuna,  4 214 904 ,   4 847,4847.0,16.917681039818444
421500 RIO NEGRINHO,506.0,116,622.0,421500,Rio Negrinho,  4 215 000 ,   39 261,39261.0,15.842693767351825
421505 RIO RUFINO,55.0,6,61.0,421505,Rio Rufino,  4 215 059 ,   2 397,2397.0,25.448477263245724
421507 RIQUEZA,34.0,4,38.0,421507,Riqueza,  4 215 075 ,   4 768,4768.0,7.969798657718122
421510 RODEIO,102.0,20,122.0,421510,Rodeio,  4 215 109 ,   12 757,12757.0,9.563376969506937
421520 ROMELANDIA,58.0,-,58.0,421520,Romelândia,  4 215 208 ,   4 823,4823.0,12.025710138917686
421530 SALETE,92.0,9,101.0,421530,Salete,  4 215 307 ,   7 489,7489.0,13.486446788623313
421535 SALTINHO,34.0,-,34.0,421535,Saltinho,  4 215 356 ,   3 632,3632.0,9.361233480176212
421540 SALTO VELOSO,54.0,8,62.0,421540,Salto Veloso,  4 215 406 ,   4 390,4390.0,14.123006833712985
421545 SANGAO,128.0,2,130.0,421545,Sangão,  4 215 455 ,   12 882,12882.0,10.091600683123739
421550 SANTA CECILIA,173.0,20,193.0,421550,Santa Cecília,  4 215 505 ,   15 546,15546.0,12.414769072430207
421555 SANTA HELENA,31.0,-,31.0,421555,Santa Helena,  4 215 554 ,   2 425,2425.0,12.783505154639176
421560 SANTA ROSA DE LIMA,38.0,-,38.0,421560,Santa Rosa de Lima,  4 215 604 ,   2 088,2088.0,18.199233716475096
421565 SANTA ROSA DO SUL,104.0,4,108.0,421565,Santa Rosa do Sul,  4 215 653 ,   9 792,9792.0,11.029411764705882
421567 SANTA TEREZINHA,59.0,2,61.0,421567,Santa Terezinha,  4 215 679 ,   8 066,8066.0,7.562608480039673
421568 SANTA TEREZINHA DO PROGRESSO,26.0,-,26.0,421568,Santa Terezinha do Progresso,  4 215 687 ,   2 576,2576.0,10.093167701863354
421569 SANTIAGO DO SUL,32.0,-,32.0,421569,Santiago do Sul,  4 215 695 ,   1 651,1651.0,19.382192610539068
421570 SANTO AMARO DA IMPERATRIZ,513.0,87,600.0,421570,Santo Amaro da Imperatriz,  4 215 703 ,   27 272,27272.0,22.00058668231153
421575 SAO BERNARDINO,36.0,-,36.0,421575,São Bernardino,  4 215 752 ,   2 684,2684.0,13.412816691505217
421580 SAO BENTO DO SUL,1006.0,357,1363.0,421580,São Bento do Sul,  4 215 802 ,   83 277,83277.0,16.367064135355502
421590 SAO BONIFACIO,65.0,10,75.0,421590,São Bonifácio,  4 215 901 ,   2 946,2946.0,25.458248472505094
421600 SAO CARLOS,179.0,16,195.0,421600,São Carlos,  4 216 008 ,   10 282,10282.0,18.96518187123128
421605 SAO CRISTOVAO DO SUL,53.0,-,53.0,421605,São Cristóvão do Sul,  4 216 057 ,   6 084,6084.0,8.71137409598948
421610 SAO DOMINGOS,93.0,26,119.0,421610,São Domingos,  4 216 107 ,   9 226,9226.0,12.898330804248861
421620 SAO FRANCISCO DO SUL,650.0,110,760.0,421620,São Francisco do Sul,  4 216 206 ,   52 674,52674.0,14.428370733189048
421625 SAO JOAO DO OESTE,99.0,5,104.0,421625,São João do Oeste,  4 216 255 ,   6 295,6295.0,16.521048451151707
421630 SAO JOAO BATISTA,276.0,44,320.0,421630,São João Batista,  4 216 305 ,   32 687,32687.0,9.78982470095145
421635 SAO JOAO DO ITAPERIU,68.0,28,96.0,421635,São João do Itaperiú,  4 216 354 ,   4 463,4463.0,21.51019493614161
421640 SAO JOAO DO SUL,78.0,3,81.0,421640,São João do Sul,  4 216 404 ,   8 668,8668.0,9.344716197508076
421650 SAO JOAQUIM,349.0,85,434.0,421650,São Joaquim,  4 216 503 ,   25 939,25939.0,16.731562512047496
421660 SAO JOSE,4631.0,1436,6067.0,421660,São José,  4 216 602 ,   270 299,270299.0,22.44551404185735
421670 SAO JOSE DO CEDRO,192.0,37,229.0,421670,São José do Cedro,  4 216 701 ,   14 167,14167.0,16.16432554528129
421680 SAO JOSE DO CERRITO,64.0,2,66.0,421680,São José do Cerrito,  4 216 800 ,   8 708,8708.0,7.57923748277446
421690 SAO LOURENCO DO OESTE,327.0,100,427.0,421690,São Lourenço do Oeste,  4 216 909 ,   24 791,24791.0,17.223992577951677
421700 SAO LUDGERO,151.0,12,163.0,421700,São Ludgero,  4 217 006 ,   13 509,13509.0,12.066030054038048
421710 SAO MARTINHO,56.0,-,56.0,421710,São Martinho,  4 217 105 ,   3 405,3405.0,16.44640234948605
421715 SAO MIGUEL DA BOA VISTA,35.0,-,35.0,421715,São Miguel da Boa Vista,  4 217 154 ,   1 781,1781.0,19.651880965749577
421720 SAO MIGUEL DO OESTE,903.0,247,1150.0,421720,São Miguel do Oeste,  4 217 204 ,   44 330,44330.0,25.941800135348522
421725 SAO PEDRO DE ALCANTARA,222.0,1,223.0,421725,São Pedro de Alcântara,  4 217 253 ,   5 776,5776.0,38.60803324099723
421730 SAUDADES,93.0,20,113.0,421730,Saudades,  4 217 303 ,   10 265,10265.0,11.008280565026789
421740 SCHROEDER,131.0,12,143.0,421740,Schroeder,  4 217 402 ,   20 061,20061.0,7.128258810627586
421750 SEARA,287.0,45,332.0,421750,Seara,  4 217 501 ,   18 620,18620.0,17.830290010741138
421755 SERRA ALTA,33.0,1,34.0,421755,Serra Alta,  4 217 550 ,   3 303,3303.0,10.293672419013019
421760 SIDEROPOLIS,162.0,14,176.0,421760,Siderópolis,  4 217 600 ,   13 714,13714.0,12.833600700014584
421770 SOMBRIO,700.0,73,773.0,421770,Sombrio,  4 217 709 ,   29 991,29991.0,25.774398986362577
421775 SUL BRASIL,37.0,2,39.0,421775,Sul Brasil,  4 217 758 ,   2 832,2832.0,13.771186440677965
421780 TAIO,231.0,39,270.0,421780,Taió,  4 217 808 ,   18 310,18310.0,14.74604041507373
421790 TANGARA,162.0,4,166.0,421790,Tangará,  4 217 907 ,   8 143,8143.0,20.385607270047895
421795 TIGRINHOS,37.0,-,37.0,421795,Tigrinhos,  4 217 956 ,   2 329,2329.0,15.8866466294547
421800 TIJUCAS,678.0,131,809.0,421800,Tijucas,  4 218 004 ,   51 592,51592.0,15.680725693906032
421810 TIMBE DO SUL,134.0,3,137.0,421810,Timbé do Sul,  4 218 103 ,   5 386,5386.0,25.436316375789083
421820 TIMBO,702.0,260,962.0,421820,Timbó,  4 218 202 ,   46 099,46099.0,20.868131629753353
421825 TIMBO GRANDE,70.0,-,70.0,421825,Timbó Grande,  4 218 251 ,   7 342,7342.0,9.534186870062653
421830 TRES BARRAS,330.0,6,336.0,421830,Três Barras,  4 218 301 ,   19 746,19746.0,17.01610452749924
421835 TREVISO,80.0,6,86.0,421835,Treviso,  4 218 350 ,   3 782,3782.0,22.739291380222106
421840 TREZE DE MAIO,111.0,5,116.0,421840,Treze de Maio,  4 218 400 ,   7 362,7362.0,15.756587883727246
421850 TREZE TILIAS,88.0,30,118.0,421850,Treze Tílias,  4 218 509 ,   8 787,8787.0,13.428929099806531
421860 TROMBUDO CENTRAL,121.0,12,133.0,421860,Trombudo Central,  4 218 608 ,   7 274,7274.0,18.284300247456695
421870 TUBARAO,2069.0,823,2892.0,421870,Tubarão,  4 218 707 ,   110 088,110088.0,26.269893176367997
421875 TUNAPOLIS,103.0,13,116.0,421875,Tunápolis,  4 218 756 ,   4 916,4916.0,23.596419853539462
421880 TURVO,165.0,22,187.0,421880,Turvo,  4 218 806 ,   13 043,13043.0,14.337192363720002
421885 UNIAO DO OESTE,31.0,-,31.0,421885,União do Oeste,  4 218 855 ,   2 774,2774.0,11.17519826964672
421890 URUBICI,188.0,9,197.0,421890,Urubici,  4 218 905 ,   10 834,10834.0,18.183496400221525
421895 URUPEMA,38.0,1,39.0,421895,Urupema,  4 218 954 ,   2 656,2656.0,14.683734939759036
421900 URUSSANGA,272.0,43,315.0,421900,Urussanga,  4 219 002 ,   20 919,20919.0,15.058081170228022
421910 VARGEAO,63.0,2,65.0,421910,Vargeão,  4 219 101 ,   3 634,3634.0,17.886626307099615
421915 VARGEM,39.0,3,42.0,421915,Vargem,  4 219 150 ,   2 627,2627.0,15.987818804720211
421917 VARGEM BONITA,52.0,1,53.0,421917,Vargem Bonita,  4 219 176 ,   4 576,4576.0,11.582167832167832
421920 VIDAL RAMOS,97.0,5,102.0,421920,Vidal Ramos,  4 219 200 ,   6 189,6189.0,16.480853126514784
421930 VIDEIRA,892.0,277,1169.0,421930,Videira,  4 219 309 ,   55 466,55466.0,21.075974470847004
421935 VITOR MEIRELES,57.0,5,62.0,421935,Vitor Meireles,  4 219 358 ,   5 370,5370.0,11.54562383612663
421940 WITMARSUM,83.0,1,84.0,421940,Witmarsum,  4 219 408 ,   4 255,4255.0,19.741480611045827
421950 XANXERE,998.0,259,1257.0,421950,Xanxerê,  4 219 507 ,   51 607,51607.0,24.35716085027225
421960 XAVANTINA,52.0,2,54.0,421960,Xavantina,  4 219 606 ,   3 653,3653.0,14.782370654256775
421970 XAXIM,370.0,93,463.0,421970,Xaxim,  4 219 705 ,   31 918,31918.0,14.505921423648099
421985 ZORTEA,25.0,2,27.0,421985,Zortéa,  4 219 853 ,   3 930,3930.0,6.870229007633587
422000 BALNEARIO RINCAO,153.0,8,161.0,422000,Balneário Rincão,  4 220 000 ,   15 981,15981.0,10.074463425317564
430003 ACEGUA,96.0,-,96.0,430003,Aceguá,  4 300 034 ,   4 170,4170.0,23.02158273381295
430005 AGUA SANTA,56.0,16,72.0,430005,Água Santa,  4 300 059 ,   3 912,3912.0,18.404907975460123
430010 AGUDO,172.0,37,209.0,430010,Agudo,  4 300 109 ,   16 041,16041.0,13.029112898198367
430020 AJURICABA,151.0,15,166.0,430020,Ajuricaba,  4 300 208 ,   6 720,6720.0,24.702380952380953
430030 ALECRIM,104.0,3,107.0,430030,Alecrim,  4 300 307 ,   6 123,6123.0,17.475093908214927
430040 ALEGRETE,1373.0,150,1523.0,430040,Alegrete,  4 300 406 ,   72 409,72409.0,21.033296965846787
430045 ALEGRIA,62.0,2,64.0,430045,Alegria,  4 300 455 ,   3 651,3651.0,17.529443987948508
430047 ALMIRANTE TAMANDARE DO SUL,40.0,1,41.0,430047,Almirante Tamandaré do Sul,  4 300 471 ,   1 969,1969.0,20.822752666328086
430050 ALPESTRE,88.0,18,106.0,430050,Alpestre,  4 300 505 ,   7 117,7117.0,14.893915975832515
430055 ALTO ALEGRE,29.0,3,32.0,430055,Alto Alegre,  4 300 554 ,   1 800,1800.0,17.77777777777778
430057 ALTO FELIZ,73.0,1,74.0,430057,Alto Feliz,  4 300 570 ,   3 072,3072.0,24.088541666666668
430060 ALVORADA,1239.0,217,1456.0,430060,Alvorada,  4 300 604 ,   187 315,187315.0,7.77300269599338
430063 AMARAL FERRADOR,84.0,1,85.0,430063,Amaral Ferrador,  4 300 638 ,   5 310,5310.0,16.0075329566855
430064 AMETISTA DO SUL,129.0,4,133.0,430064,Ametista do Sul,  4 300 646 ,   7 650,7650.0,17.38562091503268
430066 ANDRE DA ROCHA,39.0,-,39.0,430066,André da Rocha,  4 300 661 ,   1 135,1135.0,34.36123348017621
430070 ANTA GORDA,92.0,15,107.0,430070,Anta Gorda,  4 300 703 ,   5 957,5957.0,17.962061440322312
430080 ANTONIO PRADO,210.0,80,290.0,430080,Antônio Prado,  4 300 802 ,   13 045,13045.0,22.230739747029514
430085 ARAMBARE,86.0,8,94.0,430085,Arambaré,  4 300 851 ,   4 112,4112.0,22.859922178988324
430087 ARARICA,129.0,2,131.0,430087,Araricá,  4 300 877 ,   8 525,8525.0,15.366568914956012
430090 ARATIBA,116.0,22,138.0,430090,Aratiba,  4 300 901 ,   6 483,6483.0,21.28644146228598
430100 ARROIO DO MEIO,424.0,33,457.0,430100,Arroio do Meio,  4 301 008 ,   21 958,21958.0,20.81246015119774
430105 ARROIO DO SAL,172.0,10,182.0,430105,Arroio do Sal,  4 301 057 ,   11 057,11057.0,16.460160983992044
430107 ARROIO DO PADRE,69.0,1,70.0,430107,Arroio do Padre,  4 301 073 ,   2 599,2599.0,26.933435936898807
430110 ARROIO DOS RATOS,130.0,35,165.0,430110,Arroio dos Ratos,  4 301 107 ,   14 601,14601.0,11.300595849599341
430120 ARROIO DO TIGRE,191.0,37,228.0,430120,Arroio do Tigre,  4 301 206 ,   12 058,12058.0,18.908608392768286
430130 ARROIO GRANDE,325.0,18,343.0,430130,Arroio Grande,  4 301 305 ,   17 558,17558.0,19.535254584804647
430140 ARVOREZINHA,138.0,9,147.0,430140,Arvorezinha,  4 301 404 ,   10 322,10322.0,14.241426080217012
430150 AUGUSTO PESTANA,128.0,17,145.0,430150,Augusto Pestana,  4 301 503 ,   7 149,7149.0,20.282557000979157
430155 AUREA,52.0,3,55.0,430155,Áurea,  4 301 552 ,   3 396,3396.0,16.195524146054183
430160 BAGE,1603.0,232,1835.0,430160,Bagé,  4 301 602 ,   117 938,117938.0,15.559022537265342
430163 BALNEARIO PINHAL,205.0,28,233.0,430163,Balneário Pinhal,  4 301 636 ,   14 955,14955.0,15.58007355399532
430165 BARAO,91.0,1,92.0,430165,Barão,  4 301 651 ,   6 461,6461.0,14.239281844915647
430170 BARAO DE COTEGIPE,67.0,6,73.0,430170,Barão de Cotegipe,  4 301 701 ,   7 144,7144.0,10.218365061590147
430175 BARAO DO TRIUNFO,52.0,1,53.0,430175,Barão do Triunfo,  4 301 750 ,   5 889,5889.0,8.999830191883174
430180 BARRACAO,65.0,11,76.0,430180,Barracão,  4 301 800 ,   4 831,4831.0,15.731732560546472
430185 BARRA DO GUARITA,39.0,-,39.0,430185,Barra do Guarita,  4 301 859 ,   3 161,3161.0,12.337867763366024
430187 BARRA DO QUARAI,56.0,1,57.0,430187,Barra do Quaraí,  4 301 875 ,   4 241,4241.0,13.440226361707145
430190 BARRA DO RIBEIRO,177.0,15,192.0,430190,Barra do Ribeiro,  4 301 909 ,   12 225,12225.0,15.70552147239264
430192 BARRA DO RIO AZUL,35.0,-,35.0,430192,Barra do Rio Azul,  4 301 925 ,   1 696,1696.0,20.63679245283019
430195 BARRA FUNDA,42.0,1,43.0,430195,Barra Funda,  4 301 958 ,   2 498,2498.0,17.21377101681345
430200 BARROS CASSAL,112.0,23,135.0,430200,Barros Cassal,  4 302 006 ,   9 296,9296.0,14.5223752151463
430205 BENJAMIN CONSTANT DO SUL,56.0,-,56.0,430205,Benjamin Constant do Sul,  4 302 055 ,   2 082,2082.0,26.89721421709894
430210 BENTO GONCALVES,2498.0,451,2949.0,430210,Bento Gonçalves,  4 302 105 ,   123 151,123151.0,23.94621237342774
430215 BOA VISTA DAS MISSOES,45.0,19,64.0,430215,Boa Vista das Missões,  4 302 154 ,   1 933,1933.0,33.109156751163994
430220 BOA VISTA DO BURICA,128.0,29,157.0,430220,Boa Vista do Buricá,  4 302 204 ,   6 966,6966.0,22.53804191788688
430222 BOA VISTA DO CADEADO,58.0,1,59.0,430222,Boa Vista do Cadeado,  4 302 220 ,   2 229,2229.0,26.469268730372363
430223 BOA VISTA DO INCRA,41.0,-,41.0,430223,Boa Vista do Incra,  4 302 238 ,   2 271,2271.0,18.053720827829153
430225 BOA VISTA DO SUL,19.0,1,20.0,430225,Boa Vista do Sul,  4 302 253 ,   2 779,2779.0,7.196833393306945
430230 BOM JESUS,138.0,21,159.0,430230,Bom Jesus,  4 302 303 ,   11 202,11202.0,14.193893947509373
430235 BOM PRINCIPIO,152.0,32,184.0,430235,Bom Princípio,  4 302 352 ,   13 142,13142.0,14.000913103028457
430237 BOM PROGRESSO,39.0,-,39.0,430237,Bom Progresso,  4 302 378 ,   2 096,2096.0,18.606870229007633
430240 BOM RETIRO DO SUL,208.0,21,229.0,430240,Bom Retiro do Sul,  4 302 402 ,   12 294,12294.0,18.626972506913944
430245 BOQUEIRAO DO LEAO,92.0,8,100.0,430245,Boqueirão do Leão,  4 302 451 ,   6 247,6247.0,16.00768368817032
430250 BOSSOROCA,73.0,8,81.0,430250,Bossoroca,  4 302 501 ,   5 890,5890.0,13.752122241086587
430258 BOZANO,34.0,7,41.0,430258,Bozano,  4 302 584 ,   2 151,2151.0,19.06090190609019
430260 BRAGA,45.0,-,45.0,430260,Braga,  4 302 600 ,   3 268,3268.0,13.769889840881273
430265 BROCHIER,50.0,4,54.0,430265,Brochier,  4 302 659 ,   4 966,4966.0,10.873942811115585
430270 BUTIA,199.0,20,219.0,430270,Butiá,  4 302 709 ,   19 084,19084.0,11.475581639069377
430280 CACAPAVA DO SUL,334.0,44,378.0,430280,Caçapava do Sul,  4 302 808 ,   32 515,32515.0,11.6254036598493
430290 CACEQUI,208.0,19,227.0,430290,Cacequi,  4 302 907 ,   11 157,11157.0,20.345971139195125
430300 CACHOEIRA DO SUL,1640.0,203,1843.0,430300,Cachoeira do Sul,  4 303 004 ,   80 070,80070.0,23.017359810166106
430310 CACHOEIRINHA,1339.0,516,1855.0,430310,Cachoeirinha,  4 303 103 ,   136 258,136258.0,13.613879552026305
430320 CACIQUE DOBLE,93.0,3,96.0,430320,Cacique Doble,  4 303 202 ,   4 603,4603.0,20.855963502063872
430330 CAIBATE,88.0,6,94.0,430330,Caibaté,  4 303 301 ,   4 704,4704.0,19.982993197278912
430340 CAICARA,74.0,8,82.0,430340,Caiçara,  4 303 400 ,   4 836,4836.0,16.95616211745244
430350 CAMAQUA,766.0,407,1173.0,430350,Camaquã,  4 303 509 ,   62 200,62200.0,18.858520900321544
430355 CAMARGO,51.0,-,51.0,430355,Camargo,  4 303 558 ,   2 981,2981.0,17.108352901710834
430360 CAMBARA DO SUL,122.0,1,123.0,430360,Cambará do Sul,  4 303 608 ,   6 361,6361.0,19.33658229838076
430367 CAMPESTRE DA SERRA,35.0,3,38.0,430367,Campestre da Serra,  4 303 673 ,   3 242,3242.0,11.721159777914869
430370 CAMPINA DAS MISSOES,105.0,26,131.0,430370,Campina das Missões,  4 303 707 ,   5 882,5882.0,22.27133628017681
430380 CAMPINAS DO SUL,101.0,1,102.0,430380,Campinas do Sul,  4 303 806 ,   5 284,5284.0,19.30355791067373
430390 CAMPO BOM,882.0,215,1097.0,430390,Campo Bom,  4 303 905 ,   62 886,62886.0,17.444264224151638
430400 CAMPO NOVO,86.0,1,87.0,430400,Campo Novo,  4 304 002 ,   4 975,4975.0,17.487437185929647
430410 CAMPOS BORGES,61.0,4,65.0,430410,Campos Borges,  4 304 101 ,   3 613,3613.0,17.990589537780238
430420 CANDELARIA,378.0,79,457.0,430420,Candelária,  4 304 200 ,   28 906,28906.0,15.809866463709959
430430 CANDIDO GODOI,112.0,17,129.0,430430,Cândido Godói,  4 304 309 ,   6 294,6294.0,20.495710200190658
430435 CANDIOTA,127.0,12,139.0,430435,Candiota,  4 304 358 ,   10 710,10710.0,12.978524743230626
430440 CANELA,498.0,165,663.0,430440,Canela,  4 304 408 ,   48 946,48946.0,13.54553998283823
430450 CANGUCU,460.0,37,497.0,430450,Canguçu,  4 304 507 ,   49 680,49680.0,10.004025764895331
430460 CANOAS,6982.0,1729,8711.0,430460,Canoas,  4 304 606 ,   347 657,347657.0,25.05630549650949
430461 CANUDOS DO VALE,37.0,1,38.0,430461,Canudos do Vale,  4 304 614 ,   1 656,1656.0,22.946859903381643
430462 CAPAO BONITO DO SUL,34.0,-,34.0,430462,Capão Bonito do Sul,  4 304 622 ,   1 733,1733.0,19.619157530294284
430463 CAPAO DA CANOA,1146.0,165,1311.0,430463,Capão da Canoa,  4 304 630 ,   63 594,63594.0,20.615152372865364
430465 CAPAO DO CIPO,51.0,1,52.0,430465,Capão do Cipó,  4 304 655 ,   3 119,3119.0,16.67201025969862
430466 CAPAO DO LEAO,233.0,8,241.0,430466,Capão do Leão,  4 304 663 ,   26 487,26487.0,9.098803186468833
430467 CAPIVARI DO SUL,72.0,9,81.0,430467,Capivari do Sul,  4 304 671 ,   3 991,3991.0,20.295665246805314
430468 CAPELA DE SANTANA,124.0,15,139.0,430468,Capela de Santana,  4 304 689 ,   11 159,11159.0,12.456313289721301
430469 CAPITAO,39.0,2,41.0,430469,Capitão,  4 304 697 ,   2 921,2921.0,14.036288942143102
430470 CARAZINHO,1342.0,251,1593.0,430470,Carazinho,  4 304 705 ,   61 804,61804.0,25.775030742346775
430471 CARAA,68.0,-,68.0,430471,Caraá,  4 304 713 ,   7 394,7394.0,9.196645929131728
430480 CARLOS BARBOSA,427.0,81,508.0,430480,Carlos Barbosa,  4 304 804 ,   30 420,30420.0,16.699539776462853
430485 CARLOS GOMES,35.0,-,35.0,430485,Carlos Gomes,  4 304 853 ,   1 368,1368.0,25.584795321637426
430490 CASCA,138.0,38,176.0,430490,Casca,  4 304 903 ,   9 465,9465.0,18.594823032223985
430495 CASEIROS,35.0,-,35.0,430495,Caseiros,  4 304 952 ,   3 000,3000.0,11.666666666666668
430500 CATUIPE,110.0,10,120.0,430500,Catuípe,  4 305 009 ,   8 674,8674.0,13.83444777495965
430510 CAXIAS DO SUL,7275.0,3611,10886.0,430510,Caxias do Sul,  4 305 108 ,   463 501,463501.0,23.486464969870617
430511 CENTENARIO,28.0,1,29.0,430511,Centenário,  4 305 116 ,   2 721,2721.0,10.657846380007351
430512 CERRITO,59.0,-,59.0,430512,Cerrito,  4 305 124 ,   5 808,5808.0,10.158402203856749
430513 CERRO BRANCO,60.0,5,65.0,430513,Cerro Branco,  4 305 132 ,   3 802,3802.0,17.096265123619148
430515 CERRO GRANDE,43.0,1,44.0,430515,Cerro Grande,  4 305 157 ,   2 379,2379.0,18.495166036149644
430517 CERRO GRANDE DO SUL,114.0,2,116.0,430517,Cerro Grande do Sul,  4 305 173 ,   9 178,9178.0,12.63891915449989
430520 CERRO LARGO,162.0,45,207.0,430520,Cerro Largo,  4 305 207 ,   13 705,13705.0,15.10397665085735
430530 CHAPADA,134.0,9,143.0,430530,Chapada,  4 305 306 ,   9 540,9540.0,14.9895178197065
430535 CHARQUEADAS,466.0,127,593.0,430535,Charqueadas,  4 305 355 ,   35 012,35012.0,16.937050154232832
430537 CHARRUA,45.0,3,48.0,430537,Charrua,  4 305 371 ,   2 768,2768.0,17.341040462427745
430540 CHIAPETTA,103.0,-,103.0,430540,Chiapetta,  4 305 405 ,   3 913,3913.0,26.322514694607715
430543 CHUI,61.0,3,64.0,430543,Chuí,  4 305 439 ,   6 262,6262.0,10.220376876397317
430544 CHUVISCA,50.0,3,53.0,430544,Chuvisca,  4 305 447 ,   4 597,4597.0,11.52925821187731
430545 CIDREIRA,156.0,6,162.0,430545,Cidreira,  4 305 454 ,   17 071,17071.0,9.489777986058227
430550 CIRIACO,75.0,6,81.0,430550,Ciríaco,  4 305 504 ,   4 149,4149.0,19.522776572668114
430558 COLINAS,43.0,1,44.0,430558,Colinas,  4 305 587 ,   2 423,2423.0,18.159306644655384
430560 COLORADO,60.0,1,61.0,430560,Colorado,  4 305 603 ,   3 258,3258.0,18.723143032535297
430570 CONDOR,96.0,2,98.0,430570,Condor,  4 305 702 ,   6 406,6406.0,15.29815797689666
430580 CONSTANTINA,151.0,9,160.0,430580,Constantina,  4 305 801 ,   10 385,10385.0,15.40683678382282
430583 COQUEIRO BAIXO,31.0,-,31.0,430583,Coqueiro Baixo,  4 305 835 ,   1 290,1290.0,24.031007751937985
430585 COQUEIROS DO SUL,43.0,-,43.0,430585,Coqueiros do Sul,  4 305 850 ,   2 211,2211.0,19.448213478064226
430587 CORONEL BARROS,44.0,1,45.0,430587,Coronel Barros,  4 305 871 ,   2 822,2822.0,15.946137491141034
430590 CORONEL BICACO,110.0,-,110.0,430590,Coronel Bicaco,  4 305 900 ,   6 144,6144.0,17.903645833333332
430593 CORONEL PILAR,17.0,-,17.0,430593,Coronel Pilar,  4 305 934 ,   1 607,1607.0,10.578718108276291
430595 COTIPORA,52.0,3,55.0,430595,Cotiporã,  4 305 959 ,   3 846,3846.0,14.300572022880916
430597 COXILHA,76.0,-,76.0,430597,Coxilha,  4 305 975 ,   2 667,2667.0,28.496437945256844
430600 CRISSIUMAL,263.0,11,274.0,430600,Crissiumal,  4 306 007 ,   12 886,12886.0,21.263386621139222
430605 CRISTAL,96.0,15,111.0,430605,Cristal,  4 306 056 ,   7 299,7299.0,15.207562679819153
430607 CRISTAL DO SUL,39.0,2,41.0,430607,Cristal do Sul,  4 306 072 ,   2 692,2692.0,15.230312035661218
430610 CRUZ ALTA,853.0,488,1341.0,430610,Cruz Alta,  4 306 106 ,   58 913,58913.0,22.7623784224195
430613 CRUZALTENSE,34.0,-,34.0,430613,Cruzaltense,  4 306 130 ,   1 635,1635.0,20.795107033639145
430620 CRUZEIRO DO SUL,116.0,5,121.0,430620,Cruzeiro do Sul,  4 306 205 ,   11 600,11600.0,10.43103448275862
430630 DAVID CANABARRO,117.0,3,120.0,430630,David Canabarro,  4 306 304 ,   4 321,4321.0,27.7713492247165
430632 DERRUBADAS,42.0,-,42.0,430632,Derrubadas,  4 306 320 ,   2 751,2751.0,15.267175572519083
430635 DEZESSEIS DE NOVEMBRO,32.0,1,33.0,430635,Dezesseis de Novembro,  4 306 353 ,   2 507,2507.0,13.16314319904268
430637 DILERMANDO DE AGUIAR,45.0,12,57.0,430637,Dilermando de Aguiar,  4 306 379 ,   2 806,2806.0,20.3136136849608
430640 DOIS IRMAOS,391.0,149,540.0,430640,Dois Irmãos,  4 306 403 ,   30 709,30709.0,17.584421505096223
430642 DOIS IRMAOS DAS MISSOES,29.0,-,29.0,430642,Dois Irmãos das Missões,  4 306 429 ,   2 090,2090.0,13.875598086124402
430645 DOIS LAJEADOS,62.0,8,70.0,430645,Dois Lajeados,  4 306 452 ,   3 097,3097.0,22.602518566354536
430650 DOM FELICIANO,179.0,36,215.0,430650,Dom Feliciano,  4 306 502 ,   13 051,13051.0,16.47383342272623
430655 DOM PEDRO DE ALCANTARA,53.0,-,53.0,430655,Dom Pedro de Alcântara,  4 306 551 ,   2 562,2562.0,20.686963309914127
430660 DOM PEDRITO,421.0,92,513.0,430660,Dom Pedrito,  4 306 601 ,   36 981,36981.0,13.871988318325627
430670 DONA FRANCISCA,42.0,-,42.0,430670,Dona Francisca,  4 306 700 ,   3 079,3079.0,13.640792465086067
430673 DOUTOR MAURICIO CARDOSO,54.0,16,70.0,430673,Doutor Maurício Cardoso,  4 306 734 ,   4 470,4470.0,15.659955257270694
430675 DOUTOR RICARDO,32.0,2,34.0,430675,Doutor Ricardo,  4 306 759 ,   1 888,1888.0,18.008474576271187
430676 ELDORADO DO SUL,392.0,22,414.0,430676,Eldorado do Sul,  4 306 767 ,   39 559,39559.0,10.46538082357997
430680 ENCANTADO,497.0,132,629.0,430680,Encantado,  4 306 809 ,   22 962,22962.0,27.393084226112705
430690 ENCRUZILHADA DO SUL,277.0,33,310.0,430690,Encruzilhada do Sul,  4 306 908 ,   23 819,23819.0,13.014820101599563
430692 ENGENHO VELHO,35.0,1,36.0,430692,Engenho Velho,  4 306 924 ,   1 296,1296.0,27.777777777777775
430693 ENTRE-IJUIS,88.0,6,94.0,430693,Entre-Ijuís,  4 306 932 ,   9 158,9158.0,10.264249836208778
430695 ENTRE RIOS DO SUL,57.0,5,62.0,430695,Entre Rios do Sul,  4 306 957 ,   2 685,2685.0,23.09124767225326
430697 EREBANGO,56.0,-,56.0,430697,Erebango,  4 306 973 ,   3 054,3054.0,18.3366077275704
430700 ERECHIM,1355.0,1070,2425.0,430700,Erechim,  4 307 005 ,   105 705,105705.0,22.941204294971854
430705 ERNESTINA,42.0,-,42.0,430705,Ernestina,  4 307 054 ,   3 034,3034.0,13.843111404087013
430710 HERVAL,99.0,12,111.0,430710,Herval,  4 307 104 ,   6 191,6191.0,17.929252140203523
430720 ERVAL GRANDE,66.0,1,67.0,430720,Erval Grande,  4 307 203 ,   4 930,4930.0,13.59026369168357
430730 ERVAL SECO,90.0,1,91.0,430730,Erval Seco,  4 307 302 ,   6 787,6787.0,13.407985855311624
430740 ESMERALDA,41.0,2,43.0,430740,Esmeralda,  4 307 401 ,   3 195,3195.0,13.458528951486697
430745 ESPERANCA DO SUL,44.0,-,44.0,430745,Esperança do Sul,  4 307 450 ,   3 226,3226.0,13.639181649101054
430750 ESPUMOSO,255.0,63,318.0,430750,Espumoso,  4 307 500 ,   15 173,15173.0,20.958281157318922
430755 ESTACAO,76.0,10,86.0,430755,Estação,  4 307 559 ,   5 582,5582.0,15.406664278036546
430760 ESTANCIA VELHA,438.0,127,565.0,430760,Estância Velha,  4 307 609 ,   47 924,47924.0,11.789500041732744
430770 ESTEIO,1661.0,245,1906.0,430770,Esteio,  4 307 708 ,   76 137,76137.0,25.03382061284264
430780 ESTRELA,800.0,112,912.0,430780,Estrela,  4 307 807 ,   32 183,32183.0,28.337942391946058
430781 ESTRELA VELHA,43.0,12,55.0,430781,Estrela Velha,  4 307 815 ,   3 070,3070.0,17.915309446254074
430783 EUGENIO DE CASTRO,39.0,3,42.0,430783,Eugênio de Castro,  4 307 831 ,   2 633,2633.0,15.95138625142423
430786 FAGUNDES VARELA,33.0,6,39.0,430786,Fagundes Varela,  4 307 864 ,   2 566,2566.0,15.198752922837102
430790 FARROUPILHA,868.0,222,1090.0,430790,Farroupilha,  4 307 906 ,   70 286,70286.0,15.508067040377885
430800 FAXINAL DO SOTURNO,1083.0,14,1097.0,430800,Faxinal do Soturno,  4 308 003 ,   6 702,6702.0,163.682482840943
430805 FAXINALZINHO,41.0,-,41.0,430805,Faxinalzinho,  4 308 052 ,   2 520,2520.0,16.269841269841272
430807 FAZENDA VILANOVA,45.0,11,56.0,430807,Fazenda Vilanova,  4 308 078 ,   4 291,4291.0,13.05057096247961
430810 FELIZ,214.0,99,313.0,430810,Feliz,  4 308 102 ,   13 764,13764.0,22.74048241790177
430820 FLORES DA CUNHA,302.0,128,430.0,430820,Flores da Cunha,  4 308 201 ,   30 892,30892.0,13.919461349216625
430825 FLORIANO PEIXOTO,32.0,-,32.0,430825,Floriano Peixoto,  4 308 250 ,   1 668,1668.0,19.184652278177456
430830 FONTOURA XAVIER,126.0,1,127.0,430830,Fontoura Xavier,  4 308 300 ,   9 550,9550.0,13.298429319371728
430840 FORMIGUEIRO,71.0,4,75.0,430840,Formigueiro,  4 308 409 ,   6 413,6413.0,11.694994542335879
430843 FORQUETINHA,39.0,-,39.0,430843,Forquetinha,  4 308 433 ,   2 393,2393.0,16.2975344755537
430845 FORTALEZA DOS VALOS,68.0,1,69.0,430845,Fortaleza dos Valos,  4 308 458 ,   4 477,4477.0,15.41210632119723
430850 FREDERICO WESTPHALEN,711.0,97,808.0,430850,Frederico Westphalen,  4 308 508 ,   32 627,32627.0,24.76476537836761
430860 GARIBALDI,386.0,70,456.0,430860,Garibaldi,  4 308 607 ,   34 335,34335.0,13.28090869375273
430865 GARRUCHOS,47.0,10,57.0,430865,Garruchos,  4 308 656 ,   2 688,2688.0,21.205357142857142
430870 GAURAMA,76.0,20,96.0,430870,Gaurama,  4 308 706 ,   5 665,5665.0,16.946160635481025
430880 GENERAL CAMARA,65.0,3,68.0,430880,General Câmara,  4 308 805 ,   7 612,7612.0,8.933263268523385
430885 GENTIL,46.0,-,46.0,430885,Gentil,  4 308 854 ,   1 744,1744.0,26.376146788990827
430890 GETULIO VARGAS,291.0,44,335.0,430890,Getúlio Vargas,  4 308 904 ,   16 602,16602.0,20.178291772075653
430900 GIRUA,418.0,24,442.0,430900,Giruá,  4 309 001 ,   16 013,16013.0,27.60257290951102
430905 GLORINHA,91.0,3,94.0,430905,Glorinha,  4 309 050 ,   7 658,7658.0,12.27474536432489
430910 GRAMADO,733.0,259,992.0,430910,Gramado,  4 309 100 ,   40 134,40134.0,24.717197388747692
430912 GRAMADO DOS LOUREIROS,44.0,-,44.0,430912,Gramado dos Loureiros,  4 309 126 ,   2 014,2014.0,21.847070506454816
430915 GRAMADO XAVIER,59.0,4,63.0,430915,Gramado Xavier,  4 309 159 ,   3 304,3304.0,19.06779661016949
430920 GRAVATAI,3050.0,717,3767.0,430920,Gravataí,  4 309 209 ,   265 074,265074.0,14.211125949734791
430925 GUABIJU,29.0,2,31.0,430925,Guabiju,  4 309 258 ,   1 417,1417.0,21.877205363443895
430930 GUAIBA,840.0,288,1128.0,430930,Guaíba,  4 309 308 ,   92 924,92924.0,12.138952262063622
430940 GUAPORE,380.0,101,481.0,430940,Guaporé,  4 309 407 ,   25 268,25268.0,19.035934779167324
430950 GUARANI DAS MISSOES,97.0,38,135.0,430950,Guarani das Missões,  4 309 506 ,   7 415,7415.0,18.20633850303439
430955 HARMONIA,60.0,2,62.0,430955,Harmonia,  4 309 555 ,   5 378,5378.0,11.52844923763481
430957 HERVEIRAS,36.0,-,36.0,430957,Herveiras,  4 309 571 ,   2 565,2565.0,14.035087719298247
430960 HORIZONTINA,256.0,71,327.0,430960,Horizontina,  4 309 605 ,   18 851,18851.0,17.346559864198188
430965 HULHA NEGRA,56.0,1,57.0,430965,Hulha Negra,  4 309 654 ,   5 976,5976.0,9.538152610441768
430970 HUMAITA,50.0,8,58.0,430970,Humaitá,  4 309 704 ,   4 681,4681.0,12.39051484725486
430975 IBARAMA,46.0,3,49.0,430975,Ibarama,  4 309 753 ,   3 732,3732.0,13.129689174705252
430980 IBIACA,64.0,1,65.0,430980,Ibiaçá,  4 309 803 ,   4 527,4527.0,14.358294676386128
430990 IBIRAIARAS,67.0,21,88.0,430990,Ibiraiaras,  4 309 902 ,   6 776,6776.0,12.987012987012989
430995 IBIRAPUITA,57.0,1,58.0,430995,Ibirapuitã,  4 309 951 ,   3 723,3723.0,15.578834273435401
431000 IBIRUBA,299.0,96,395.0,431000,Ibirubá,  4 310 009 ,   21 583,21583.0,18.301440948894964
431010 IGREJINHA,931.0,191,1122.0,431010,Igrejinha,  4 310 108 ,   32 808,32808.0,34.19897585954645
431020 IJUI,1722.0,883,2605.0,431020,Ijuí,  4 310 207 ,   84 780,84780.0,30.726586459070536
431030 ILOPOLIS,65.0,15,80.0,431030,Ilópolis,  4 310 306 ,   4 157,4157.0,19.244647582391146
431033 IMBE,347.0,22,369.0,431033,Imbé,  4 310 330 ,   26 824,26824.0,13.756337608112139
431036 IMIGRANTE,41.0,2,43.0,431036,Imigrante,  4 310 363 ,   3 080,3080.0,13.96103896103896
431040 INDEPENDENCIA,75.0,7,82.0,431040,Independência,  4 310 405 ,   6 427,6427.0,12.758674342617084
431041 INHACORA,46.0,-,46.0,431041,Inhacorá,  4 310 413 ,   2 014,2014.0,22.840119165839127
431043 IPE,47.0,5,52.0,431043,Ipê,  4 310 439 ,   5 399,5399.0,9.631413224671235
431046 IPIRANGA DO SUL,32.0,-,32.0,431046,Ipiranga do Sul,  4 310 462 ,   1 720,1720.0,18.6046511627907
431050 IRAI,143.0,4,147.0,431050,Iraí,  4 310 504 ,   7 482,7482.0,19.647153167602244
431053 ITAARA,35.0,33,68.0,431053,Itaara,  4 310 538 ,   5 572,5572.0,12.203876525484565
431055 ITACURUBI,49.0,2,51.0,431055,Itacurubi,  4 310 553 ,   2 995,2995.0,17.02838063439065
431057 ITAPUCA,28.0,-,28.0,431057,Itapuca,  4 310 579 ,   1 937,1937.0,14.455343314403716
431060 ITAQUI,439.0,59,498.0,431060,Itaqui,  4 310 603 ,   35 768,35768.0,13.92305971818385
431065 ITATI,76.0,3,79.0,431065,Itati,  4 310 652 ,   2 638,2638.0,29.946929492039423
431070 ITATIBA DO SUL,49.0,-,49.0,431070,Itatiba do Sul,  4 310 702 ,   3 208,3208.0,15.274314214463839
431075 IVORA,30.0,3,33.0,431075,Ivorá,  4 310 751 ,   1 929,1929.0,17.107309486780714
431080 IVOTI,305.0,177,482.0,431080,Ivoti,  4 310 801 ,   22 983,22983.0,20.97202279946047
431085 JABOTICABA,99.0,3,102.0,431085,Jaboticaba,  4 310 850 ,   3 779,3779.0,26.99126753109288
431087 JACUIZINHO,31.0,-,31.0,431087,Jacuizinho,  4 310 876 ,   2 040,2040.0,15.196078431372548
431090 JACUTINGA,45.0,2,47.0,431090,Jacutinga,  4 310 900 ,   3 338,3338.0,14.08028759736369
431100 JAGUARAO,281.0,24,305.0,431100,Jaguarão,  4 311 007 ,   26 603,26603.0,11.464872382813969
431110 JAGUARI,122.0,8,130.0,431110,Jaguari,  4 311 106 ,   10 579,10579.0,12.288496077133944
431112 JAQUIRANA,65.0,-,65.0,431112,Jaquirana,  4 311 122 ,   3 690,3690.0,17.615176151761517
431113 JARI,47.0,1,48.0,431113,Jari,  4 311 130 ,   3 349,3349.0,14.33263660794267
431115 JOIA,69.0,14,83.0,431115,Jóia,  4 311 155 ,   7 184,7184.0,11.553452115812917
431120 JULIO DE CASTILHOS,265.0,32,297.0,431120,Júlio de Castilhos,  4 311 205 ,   18 226,18226.0,16.29540217272029
431123 LAGOA BONITA DO SUL,26.0,14,40.0,431123,Lagoa Bonita do Sul,  4 311 239 ,   2 251,2251.0,17.769880053309638
431125 LAGOAO,66.0,-,66.0,431125,Lagoão,  4 311 254 ,   5 341,5341.0,12.35723647257068
431127 LAGOA DOS TRES CANTOS,31.0,-,31.0,431127,Lagoa dos Três Cantos,  4 311 270 ,   1 738,1738.0,17.836593785960876
431130 LAGOA VERMELHA,461.0,109,570.0,431130,Lagoa Vermelha,  4 311 304 ,   27 659,27659.0,20.60812032249901
431140 LAJEADO,2363.0,608,2971.0,431140,Lajeado,  4 311 403 ,   93 646,93646.0,31.72586122204899
431142 LAJEADO DO BUGRE,44.0,-,44.0,431142,Lajeado do Bugre,  4 311 429 ,   2 601,2601.0,16.916570549788542
431150 LAVRAS DO SUL,90.0,6,96.0,431150,Lavras do Sul,  4 311 502 ,   7 157,7157.0,13.41344138605561
431160 LIBERATO SALZANO,53.0,9,62.0,431160,Liberato Salzano,  4 311 601 ,   4 781,4781.0,12.967998326709893
431162 LINDOLFO COLLOR,52.0,3,55.0,431162,Lindolfo Collor,  4 311 627 ,   6 248,6248.0,8.802816901408452
431164 LINHA NOVA,26.0,-,26.0,431164,Linha Nova,  4 311 643 ,   1 683,1683.0,15.448603683897801
431170 MACHADINHO,88.0,8,96.0,431170,Machadinho,  4 311 700 ,   5 735,5735.0,16.739319965126416
431171 MACAMBARA,56.0,9,65.0,431171,Maçambará,  4 311 718 ,   4 425,4425.0,14.689265536723164
431173 MAMPITUBA,48.0,1,49.0,431173,Mampituba,  4 311 734 ,   3 131,3131.0,15.64995209198339
431175 MANOEL VIANA,72.0,2,74.0,431175,Manoel Viana,  4 311 759 ,   6 801,6801.0,10.880752830466108
431177 MAQUINE,68.0,4,72.0,431177,Maquiné,  4 311 775 ,   7 418,7418.0,9.706120248045295
431179 MARATA,55.0,2,57.0,431179,Maratá,  4 311 791 ,   2 470,2470.0,23.076923076923077
431180 MARAU,586.0,219,805.0,431180,Marau,  4 311 809 ,   45 124,45124.0,17.839730520343938
431190 MARCELINO RAMOS,90.0,6,96.0,431190,Marcelino Ramos,  4 311 908 ,   4 320,4320.0,22.22222222222222
431198 MARIANA PIMENTEL,31.0,-,31.0,431198,Mariana Pimentel,  4 311 981 ,   3 916,3916.0,7.916241062308479
431200 MARIANO MORO,37.0,-,37.0,431200,Mariano Moro,  4 312 005 ,   1 858,1858.0,19.91388589881593
431205 MARQUES DE SOUZA,79.0,2,81.0,431205,Marques de Souza,  4 312 054 ,   3 969,3969.0,20.408163265306122
431210 MATA,69.0,5,74.0,431210,Mata,  4 312 104 ,   4 698,4698.0,15.751383567475521
431213 MATO CASTELHANO,63.0,-,63.0,431213,Mato Castelhano,  4 312 138 ,   2 553,2553.0,24.676850763807284
431215 MATO LEITAO,52.0,1,53.0,431215,Mato Leitão,  4 312 153 ,   4 859,4859.0,10.907594155175962
431217 MATO QUEIMADO,30.0,-,30.0,431217,Mato Queimado,  4 312 179 ,   1 795,1795.0,16.71309192200557
431220 MAXIMILIANO DE ALMEIDA,54.0,8,62.0,431220,Maximiliano de Almeida,  4 312 203 ,   4 191,4191.0,14.793605344786448
431225 MINAS DO LEAO,75.0,-,75.0,431225,Minas do Leão,  4 312 252 ,   7 505,7505.0,9.993337774816789
431230 MIRAGUAI,60.0,9,69.0,431230,Miraguaí,  4 312 302 ,   4 427,4427.0,15.586175739778632
431235 MONTAURI,26.0,5,31.0,431235,Montauri,  4 312 351 ,   1 499,1499.0,20.68045363575717
431237 MONTE ALEGRE DOS CAMPOS,49.0,-,49.0,431237,Monte Alegre dos Campos,  4 312 377 ,   3 180,3180.0,15.40880503144654
431238 MONTE BELO DO SUL,42.0,3,45.0,431238,Monte Belo do Sul,  4 312 385 ,   2 557,2557.0,17.59874853343762
431240 MONTENEGRO,1163.0,1006,2169.0,431240,Montenegro,  4 312 401 ,   64 322,64322.0,33.720966387861075
431242 MORMACO,43.0,-,43.0,431242,Mormaço,  4 312 427 ,   2 756,2756.0,15.602322206095792
431244 MORRINHOS DO SUL,45.0,1,46.0,431244,Morrinhos do Sul,  4 312 443 ,   3 071,3071.0,14.978834255942688
431245 MORRO REDONDO,68.0,14,82.0,431245,Morro Redondo,  4 312 450 ,   6 046,6046.0,13.562686073436984
431247 MORRO REUTER,62.0,11,73.0,431247,Morro Reuter,  4 312 476 ,   6 029,6029.0,12.108143970807763
431250 MOSTARDAS,116.0,8,124.0,431250,Mostardas,  4 312 500 ,   12 090,12090.0,10.256410256410257
431260 MUCUM,95.0,8,103.0,431260,Muçum,  4 312 609 ,   4 601,4601.0,22.38643773092806
431261 MUITOS CAPOES,39.0,-,39.0,431261,Muitos Capões,  4 312 617 ,   2 879,2879.0,13.546370267453977
431262 MULITERNO,47.0,2,49.0,431262,Muliterno,  4 312 625 ,   1 721,1721.0,28.471818710052293
431265 NAO-ME-TOQUE,231.0,109,340.0,431265,Não-Me-Toque,  4 312 658 ,   17 898,17898.0,18.996535925801766
431267 NICOLAU VERGUEIRO,33.0,-,33.0,431267,Nicolau Vergueiro,  4 312 674 ,   1 932,1932.0,17.080745341614907
431270 NONOAI,339.0,7,346.0,431270,Nonoai,  4 312 708 ,   13 719,13719.0,25.220497120781395
431275 NOVA ALVORADA,61.0,1,62.0,431275,Nova Alvorada,  4 312 757 ,   3 163,3163.0,19.601644008852354
431280 NOVA ARACA,54.0,8,62.0,431280,Nova Araçá,  4 312 807 ,   4 954,4954.0,12.515139281388777
431290 NOVA BASSANO,105.0,39,144.0,431290,Nova Bassano,  4 312 906 ,   9 649,9649.0,14.92382630324386
431295 NOVA BOA VISTA,45.0,-,45.0,431295,Nova Boa Vista,  4 312 955 ,   2 042,2042.0,22.037218413320275
431300 NOVA BRESCIA,47.0,2,49.0,431300,Nova Bréscia,  4 313 003 ,   3 044,3044.0,16.097240473061763
431301 NOVA CANDELARIA,49.0,1,50.0,431301,Nova Candelária,  4 313 011 ,   3 061,3061.0,16.33453119895459
431303 NOVA ESPERANCA DO SUL,56.0,-,56.0,431303,Nova Esperança do Sul,  4 313 037 ,   4 865,4865.0,11.510791366906474
431306 NOVA HARTZ,106.0,91,197.0,431306,Nova Hartz,  4 313 060 ,   20 088,20088.0,9.806849860613303
431308 NOVA PADUA,22.0,-,22.0,431308,Nova Pádua,  4 313 086 ,   2 343,2343.0,9.389671361502348
431310 NOVA PALMA,116.0,17,133.0,431310,Nova Palma,  4 313 102 ,   5 586,5586.0,23.809523809523807
431320 NOVA PETROPOLIS,293.0,58,351.0,431320,Nova Petrópolis,  4 313 201 ,   23 300,23300.0,15.064377682403432
431330 NOVA PRATA,419.0,236,655.0,431330,Nova Prata,  4 313 300 ,   25 692,25692.0,25.494317297213144
431333 NOVA RAMADA,35.0,1,36.0,431333,Nova Ramada,  4 313 334 ,   2 163,2163.0,16.643550624133148
431335 NOVA ROMA DO SUL,27.0,2,29.0,431335,Nova Roma do Sul,  4 313 359 ,   3 466,3466.0,8.366993652625505
431337 NOVA SANTA RITA,273.0,20,293.0,431337,Nova Santa Rita,  4 313 375 ,   29 024,29024.0,10.095093715545756
431339 NOVO CABRAIS,41.0,5,46.0,431339,Novo Cabrais,  4 313 391 ,   3 568,3568.0,12.892376681614351
431340 NOVO HAMBURGO,2526.0,3340,5866.0,431340,Novo Hamburgo,  4 313 409 ,   227 646,227646.0,25.768078507858693
431342 NOVO MACHADO,53.0,3,56.0,431342,Novo Machado,  4 313 425 ,   3 198,3198.0,17.51094434021263
431344 NOVO TIRADENTES,48.0,2,50.0,431344,Novo Tiradentes,  4 313 441 ,   2 146,2146.0,23.29916123019571
431346 NOVO XINGU,42.0,5,47.0,431346,Novo Xingu,  4 313 466 ,   1 646,1646.0,28.554070473876063
431349 NOVO BARREIRO,76.0,7,83.0,431349,Novo Barreiro,  4 313 490 ,   4 272,4272.0,19.428838951310862
431350 OSORIO,1021.0,110,1131.0,431350,Osório,  4 313 508 ,   47 396,47396.0,23.862773229808422
431360 PAIM FILHO,79.0,4,83.0,431360,Paim Filho,  4 313 607 ,   3 629,3629.0,22.87131441168366
431365 PALMARES DO SUL,158.0,9,167.0,431365,Palmares do Sul,  4 313 656 ,   12 844,12844.0,13.002180006228588
431370 PALMEIRA DAS MISSOES,520.0,64,584.0,431370,Palmeira das Missões,  4 313 706 ,   33 216,33216.0,17.581888246628132
431380 PALMITINHO,136.0,26,162.0,431380,Palmitinho,  4 313 805 ,   7 839,7839.0,20.66590126291619
431390 PANAMBI,492.0,119,611.0,431390,Panambi,  4 313 904 ,   43 515,43515.0,14.04113524072159
431395 PANTANO GRANDE,136.0,22,158.0,431395,Pantano Grande,  4 313 953 ,   10 212,10212.0,15.471993732863298
431400 PARAI,115.0,27,142.0,431400,Paraí,  4 314 001 ,   7 194,7194.0,19.738671114817905
431402 PARAISO DO SUL,53.0,18,71.0,431402,Paraíso do Sul,  4 314 027 ,   6 519,6519.0,10.891240987881577
431403 PARECI NOVO,49.0,-,49.0,431403,Pareci Novo,  4 314 035 ,   4 319,4319.0,11.345218800648299
431405 PAROBE,724.0,90,814.0,431405,Parobé,  4 314 050 ,   52 058,52058.0,15.636405547658379
431406 PASSA SETE,50.0,-,50.0,431406,Passa Sete,  4 314 068 ,   3 983,3983.0,12.553351744915892
431407 PASSO DO SOBRADO,77.0,1,78.0,431407,Passo do Sobrado,  4 314 076 ,   6 025,6025.0,12.946058091286307
431410 PASSO FUNDO,6172.0,1972,8144.0,431410,Passo Fundo,  4 314 100 ,   206 215,206215.0,39.492762408166236
431413 PAULO BENTO,26.0,-,26.0,431413,Paulo Bento,  4 314 134 ,   2 144,2144.0,12.126865671641792
431415 PAVERAMA,94.0,4,98.0,431415,Paverama,  4 314 159 ,   7 978,7978.0,12.283780396089245
431417 PEDRAS ALTAS,45.0,1,46.0,431417,Pedras Altas,  4 314 175 ,   2 061,2061.0,22.319262493934982
431420 PEDRO OSORIO,97.0,4,101.0,431420,Pedro Osório,  4 314 209 ,   7 484,7484.0,13.495456974879744
431430 PEJUCARA,67.0,7,74.0,431430,Pejuçara,  4 314 308 ,   3 745,3745.0,19.759679572763687
431440 PELOTAS,6907.0,1546,8453.0,431440,Pelotas,  4 314 407 ,   325 685,325685.0,25.954526613138462
431442 PICADA CAFE,59.0,-,59.0,431442,Picada Café,  4 314 423 ,   5 351,5351.0,11.02597645299944
431445 PINHAL,36.0,1,37.0,431445,Pinhal,  4 314 456 ,   2 959,2959.0,12.50422440013518
431446 PINHAL DA SERRA,40.0,-,40.0,431446,Pinhal da Serra,  4 314 464 ,   2 248,2248.0,17.793594306049823
431447 PINHAL GRANDE,55.0,4,59.0,431447,Pinhal Grande,  4 314 472 ,   3 805,3805.0,15.505913272010513
431449 PINHEIRINHO DO VALE,43.0,1,44.0,431449,Pinheirinho do Vale,  4 314 498 ,   4 540,4540.0,9.691629955947135
431450 PINHEIRO MACHADO,163.0,12,175.0,431450,Pinheiro Machado,  4 314 506 ,   11 214,11214.0,15.605493133583021
431454 PINTO BANDEIRA,16.0,13,29.0,431454,Pinto Bandeira,  4 314 548 ,   2 723,2723.0,10.650018362100624
431455 PIRAPO,47.0,-,47.0,431455,Pirapó,  4 314 555 ,   2 260,2260.0,20.79646017699115
431460 PIRATINI,206.0,23,229.0,431460,Piratini,  4 314 605 ,   17 504,17504.0,13.0827239488117
431470 PLANALTO,165.0,13,178.0,431470,Planalto,  4 314 704 ,   10 406,10406.0,17.105516048433596
431475 POCO DAS ANTAS,34.0,1,35.0,431475,Poço das Antas,  4 314 753 ,   2 171,2171.0,16.12160294795025
431477 PONTAO,42.0,2,44.0,431477,Pontão,  4 314 779 ,   3 296,3296.0,13.349514563106796
431478 PONTE PRETA,29.0,-,29.0,431478,Ponte Preta,  4 314 787 ,   1 575,1575.0,18.41269841269841
431480 PORTAO,300.0,157,457.0,431480,Portão,  4 314 803 ,   34 071,34071.0,13.413166622640954
431490 PORTO ALEGRE,45626.0,16543,62169.0,431490,Porto Alegre,  4 314 902 ,  1 332 845,1332845.0,46.643833303947574
431500 PORTO LUCENA,90.0,1,91.0,431500,Porto Lucena,  4 315 008 ,   4 360,4360.0,20.871559633027523
431505 PORTO MAUA,30.0,2,32.0,431505,Porto Mauá,  4 315 057 ,   2 142,2142.0,14.939309056956116
431507 PORTO VERA CRUZ,18.0,1,19.0,431507,Porto Vera Cruz,  4 315 073 ,   1 560,1560.0,12.179487179487179
431510 PORTO XAVIER,122.0,25,147.0,431510,Porto Xavier,  4 315 107 ,   9 938,9938.0,14.791708593278326
431513 POUSO NOVO,32.0,-,32.0,431513,Pouso Novo,  4 315 131 ,   1 739,1739.0,18.401380103507762
431514 PRESIDENTE LUCENA,34.0,-,34.0,431514,Presidente Lucena,  4 315 149 ,   3 077,3077.0,11.049723756906078
431515 PROGRESSO,137.0,6,143.0,431515,Progresso,  4 315 156 ,   5 340,5340.0,26.779026217228466
431517 PROTASIO ALVES,25.0,2,27.0,431517,Protásio Alves,  4 315 172 ,   2 025,2025.0,13.333333333333334
431520 PUTINGA,56.0,1,57.0,431520,Putinga,  4 315 206 ,   3 747,3747.0,15.212169735788631
431530 QUARAI,369.0,39,408.0,431530,Quaraí,  4 315 305 ,   23 500,23500.0,17.361702127659573
431531 QUATRO IRMAOS,23.0,-,23.0,431531,Quatro Irmãos,  4 315 313 ,   1 552,1552.0,14.819587628865978
431532 QUEVEDOS,33.0,-,33.0,431532,Quevedos,  4 315 321 ,   2 507,2507.0,13.16314319904268
431535 QUINZE DE NOVEMBRO,57.0,9,66.0,431535,Quinze de Novembro,  4 315 354 ,   3 910,3910.0,16.87979539641944
431540 REDENTORA,116.0,4,120.0,431540,Redentora,  4 315 404 ,   9 738,9738.0,12.322858903265557
431545 RELVADO,31.0,4,35.0,431545,Relvado,  4 315 453 ,   1 796,1796.0,19.487750556792875
431550 RESTINGA SECA,184.0,26,210.0,431550,Restinga Sêca,  4 315 503 ,   14 939,14939.0,14.057165807617645
431555 RIO DOS INDIOS,36.0,-,36.0,431555,Rio dos Índios,  4 315 552 ,   2 835,2835.0,12.698412698412698
431560 RIO GRANDE,4300.0,945,5245.0,431560,Rio Grande,  4 315 602 ,   191 900,191900.0,27.331943720687857
431570 RIO PARDO,529.0,100,629.0,431570,Rio Pardo,  4 315 701 ,   34 654,34654.0,18.150862815259423
431575 RIOZINHO,71.0,3,74.0,431575,Riozinho,  4 315 750 ,   4 473,4473.0,16.543706684551754
431580 ROCA SALES,93.0,3,96.0,431580,Roca Sales,  4 315 800 ,   10 418,10418.0,9.21482050297562
431590 RODEIO BONITO,136.0,4,140.0,431590,Rodeio Bonito,  4 315 909 ,   6 654,6654.0,21.039975954313192
431595 ROLADOR,34.0,-,34.0,431595,Rolador,  4 315 958 ,   2 291,2291.0,14.840680925360104
431600 ROLANTE,253.0,70,323.0,431600,Rolante,  4 316 006 ,   21 253,21253.0,15.197854420552392
431610 RONDA ALTA,286.0,4,290.0,431610,Ronda Alta,  4 316 105 ,   9 777,9777.0,29.66145034264089
431620 RONDINHA,73.0,1,74.0,431620,Rondinha,  4 316 204 ,   4 991,4991.0,14.826688038469245
431630 ROQUE GONZALES,77.0,8,85.0,431630,Roque Gonzales,  4 316 303 ,   6 576,6576.0,12.925790754257907
431640 ROSARIO DO SUL,538.0,129,667.0,431640,Rosário do Sul,  4 316 402 ,   36 630,36630.0,18.20911820911821
431642 SAGRADA FAMILIA,43.0,-,43.0,431642,Sagrada Família,  4 316 428 ,   2 480,2480.0,17.338709677419352
431643 SALDANHA MARINHO,70.0,14,84.0,431643,Saldanha Marinho,  4 316 436 ,   2 575,2575.0,32.62135922330097
431645 SALTO DO JACUI,204.0,14,218.0,431645,Salto do Jacuí,  4 316 451 ,   10 203,10203.0,21.36626482407135
431647 SALVADOR DAS MISSOES,38.0,8,46.0,431647,Salvador das Missões,  4 316 477 ,   2 877,2877.0,15.988877302745918
431650 SALVADOR DO SUL,81.0,16,97.0,431650,Salvador do Sul,  4 316 501 ,   6 879,6879.0,14.100886756796045
431660 SANANDUVA,340.0,61,401.0,431660,Sananduva,  4 316 600 ,   16 399,16399.0,24.45271053112995
431670 SANTA BARBARA DO SUL,129.0,4,133.0,431670,Santa Bárbara do Sul,  4 316 709 ,   8 122,8122.0,16.37527702536321
431673 SANTA CECILIA DO SUL,32.0,-,32.0,431673,Santa Cecília do Sul,  4 316 733 ,   1 674,1674.0,19.115890083632017
431675 SANTA CLARA DO SUL,74.0,17,91.0,431675,Santa Clara do Sul,  4 316 758 ,   6 887,6887.0,13.2133004210832
431680 SANTA CRUZ DO SUL,3129.0,533,3662.0,431680,Santa Cruz do Sul,  4 316 808 ,   133 230,133230.0,27.48630188396007
431690 SANTA MARIA,4378.0,2793,7171.0,431690,Santa Maria,  4 316 907 ,   271 735,271735.0,26.38968112315307
431695 SANTA MARIA DO HERVAL,29.0,4,33.0,431695,Santa Maria do Herval,  4 316 956 ,   6 340,6340.0,5.205047318611988
431697 SANTA MARGARIDA DO SUL,35.0,-,35.0,431697,Santa Margarida do Sul,  4 316 972 ,   2 596,2596.0,13.482280431432974
431700 SANTANA DA BOA VISTA,68.0,-,68.0,431700,Santana da Boa Vista,  4 317 004 ,   7 024,7024.0,9.681093394077449
431710 SANT'ANA DO LIVRAMENTO,927.0,282,1209.0,431710,Sant'Ana do Livramento,  4 317 103 ,   84 421,84421.0,14.321081247556888
431720 SANTA ROSA,1594.0,659,2253.0,431720,Santa Rosa,  4 317 202 ,   76 963,76963.0,29.2738068942219
431725 SANTA TEREZA,23.0,-,23.0,431725,Santa Tereza,  4 317 251 ,   1 505,1505.0,15.282392026578073
431730 SANTA VITORIA DO PALMAR,393.0,33,426.0,431730,Santa Vitória do Palmar,  4 317 301 ,   30 983,30983.0,13.749475518832908
431740 SANTIAGO,728.0,167,895.0,431740,Santiago,  4 317 400 ,   48 938,48938.0,18.288446605909517
431750 SANTO ANGELO,939.0,913,1852.0,431750,Santo Ângelo,  4 317 509 ,   76 917,76917.0,24.077902154270188
431755 SANTO ANTONIO DO PALMA,28.0,-,28.0,431755,Santo Antônio do Palma,  4 317 558 ,   2 091,2091.0,13.390722142515543
431760 SANTO ANTONIO DA PATRULHA,462.0,133,595.0,431760,Santo Antônio da Patrulha,  4 317 608 ,   42 947,42947.0,13.854285514704172
431770 SANTO ANTONIO DAS MISSOES,113.0,13,126.0,431770,Santo Antônio das Missões,  4 317 707 ,   10 300,10300.0,12.233009708737864
431775 SANTO ANTONIO DO PLANALTO,30.0,3,33.0,431775,Santo Antônio do Planalto,  4 317 756 ,   2 089,2089.0,15.797032072762088
431780 SANTO AUGUSTO,224.0,16,240.0,431780,Santo Augusto,  4 317 806 ,   13 902,13902.0,17.263703064307293
431790 SANTO CRISTO,212.0,14,226.0,431790,Santo Cristo,  4 317 905 ,   15 320,15320.0,14.751958224543081
431795 SANTO EXPEDITO DO SUL,24.0,2,26.0,431795,Santo Expedito do Sul,  4 317 954 ,   2 349,2349.0,11.068539804171989
431800 SAO BORJA,1065.0,79,1144.0,431800,São Borja,  4 318 002 ,   59 676,59676.0,19.170185669280784
431805 SAO DOMINGOS DO SUL,44.0,2,46.0,431805,São Domingos do Sul,  4 318 051 ,   2 754,2754.0,16.70297748729121
431810 SAO FRANCISCO DE ASSIS,203.0,31,234.0,431810,São Francisco de Assis,  4 318 101 ,   17 618,17618.0,13.281870813940287
431820 SAO FRANCISCO DE PAULA,207.0,15,222.0,431820,São Francisco de Paula,  4 318 200 ,   21 893,21893.0,10.14022746996757
431830 SAO GABRIEL,1134.0,88,1222.0,431830,São Gabriel,  4 318 309 ,   58 487,58487.0,20.89353189597688
431840 SAO JERONIMO,710.0,75,785.0,431840,São Jerônimo,  4 318 408 ,   21 028,21028.0,37.33117747764885
431842 SAO JOAO DA URTIGA,52.0,5,57.0,431842,São João da Urtiga,  4 318 424 ,   4 461,4461.0,12.777404169468728
431843 SAO JOAO DO POLESINE,50.0,2,52.0,431843,São João do Polêsine,  4 318 432 ,   2 649,2649.0,19.630049075122688
431844 SAO JORGE,26.0,-,26.0,431844,São Jorge,  4 318 440 ,   2 912,2912.0,8.928571428571429
431845 SAO JOSE DAS MISSOES,46.0,-,46.0,431845,São José das Missões,  4 318 457 ,   2 362,2362.0,19.47502116850127
431846 SAO JOSE DO HERVAL,47.0,-,47.0,431846,São José do Herval,  4 318 465 ,   1 902,1902.0,24.710830704521555
431848 SAO JOSE DO HORTENCIO,48.0,1,49.0,431848,São José do Hortêncio,  4 318 481 ,   4 447,4447.0,11.018664268045873
431849 SAO JOSE DO INHACORA,44.0,1,45.0,431849,São José do Inhacorá,  4 318 499 ,   2 406,2406.0,18.703241895261847
431850 SAO JOSE DO NORTE,318.0,10,328.0,431850,São José do Norte,  4 318 507 ,   25 443,25443.0,12.891561529693824
431860 SAO JOSE DO OURO,125.0,20,145.0,431860,São José do Ouro,  4 318 606 ,   6 834,6834.0,21.2174422007609
431861 SAO JOSE DO SUL,44.0,-,44.0,431861,São José do Sul,  4 318 614 ,   2 380,2380.0,18.487394957983195
431862 SAO JOSE DOS AUSENTES,73.0,1,74.0,431862,São José dos Ausentes,  4 318 622 ,   4 172,4172.0,17.737296260786195
431870 SAO LEOPOLDO,1674.0,782,2456.0,431870,São Leopoldo,  4 318 705 ,   217 409,217409.0,11.296680450211353
431880 SAO LOURENCO DO SUL,532.0,49,581.0,431880,São Lourenço do Sul,  4 318 804 ,   41 989,41989.0,13.83695729834004
431890 SAO LUIZ GONZAGA,450.0,91,541.0,431890,São Luiz Gonzaga,  4 318 903 ,   34 752,34752.0,15.567449355432782
431900 SAO MARCOS,227.0,54,281.0,431900,São Marcos,  4 319 000 ,   21 084,21084.0,13.327641813697591
431910 SAO MARTINHO,94.0,2,96.0,431910,São Martinho,  4 319 109 ,   5 481,5481.0,17.51505199781062
431912 SAO MARTINHO DA SERRA,33.0,-,33.0,431912,São Martinho da Serra,  4 319 125 ,   2 860,2860.0,11.538461538461538
431915 SAO MIGUEL DAS MISSOES,103.0,5,108.0,431915,São Miguel das Missões,  4 319 158 ,   7 056,7056.0,15.306122448979592
431920 SAO NICOLAU,88.0,-,88.0,431920,São Nicolau,  4 319 208 ,   5 118,5118.0,17.194216490816725
431930 SAO PAULO DAS MISSOES,107.0,3,110.0,431930,São Paulo das Missões,  4 319 307 ,   5 846,5846.0,18.816284639069448
431935 SAO PEDRO DA SERRA,28.0,3,31.0,431935,São Pedro da Serra,  4 319 356 ,   3 548,3548.0,8.737316798196167
431936 SAO PEDRO DAS MISSOES,37.0,1,38.0,431936,São Pedro das Missões,  4 319 364 ,   1 757,1757.0,21.627774615822425
431937 SAO PEDRO DO BUTIA,45.0,3,48.0,431937,São Pedro do Butiá,  4 319 372 ,   3 070,3070.0,15.635179153094462
431940 SAO PEDRO DO SUL,205.0,21,226.0,431940,São Pedro do Sul,  4 319 406 ,   15 577,15577.0,14.508570328047762
431950 SAO SEBASTIAO DO CAI,268.0,61,329.0,431950,São Sebastião do Caí,  4 319 505 ,   24 428,24428.0,13.468151301784838
431960 SAO SEPE,195.0,12,207.0,431960,São Sepé,  4 319 604 ,   21 219,21219.0,9.755407889155945
431970 SAO VALENTIM,51.0,-,51.0,431970,São Valentim,  4 319 703 ,   3 264,3264.0,15.625
431971 SAO VALENTIM DO SUL,24.0,2,26.0,431971,São Valentim do Sul,  4 319 711 ,   2 207,2207.0,11.780697779791574
431973 SAO VALERIO DO SUL,45.0,-,45.0,431973,São Valério do Sul,  4 319 737 ,   2 543,2543.0,17.695635076681086
431975 SAO VENDELINO,26.0,1,27.0,431975,São Vendelino,  4 319 752 ,   2 251,2251.0,11.994669035984007
431980 SAO VICENTE DO SUL,81.0,5,86.0,431980,São Vicente do Sul,  4 319 802 ,   8 097,8097.0,10.621217734963567
431990 SAPIRANGA,462.0,369,831.0,431990,Sapiranga,  4 319 901 ,   75 648,75648.0,10.98508883248731
432000 SAPUCAIA DO SUL,1764.0,378,2142.0,432000,Sapucaia do Sul,  4 320 008 ,   132 107,132107.0,16.21412945566851
432010 SARANDI,308.0,88,396.0,432010,Sarandi,  4 320 107 ,   22 851,22851.0,17.32965734541158
432020 SEBERI,216.0,19,235.0,432020,Seberi,  4 320 206 ,   11 950,11950.0,19.665271966527197
432023 SEDE NOVA,43.0,1,44.0,432023,Sede Nova,  4 320 230 ,   2 704,2704.0,16.272189349112427
432026 SEGREDO,73.0,3,76.0,432026,Segredo,  4 320 263 ,   6 009,6009.0,12.647695123980697
432030 SELBACH,81.0,1,82.0,432030,Selbach,  4 320 305 ,   5 107,5107.0,16.056393185823378
432032 SENADOR SALGADO FILHO,39.0,2,41.0,432032,Senador Salgado Filho,  4 320 321 ,   2 673,2673.0,15.33857089412645
432035 SENTINELA DO SUL,46.0,-,46.0,432035,Sentinela do Sul,  4 320 354 ,   5 306,5306.0,8.669430833019224
432040 SERAFINA CORREA,206.0,136,342.0,432040,Serafina Corrêa,  4 320 404 ,   16 961,16961.0,20.163905430104357
432045 SERIO,35.0,1,36.0,432045,Sério,  4 320 453 ,   1 941,1941.0,18.54714064914992
432050 SERTAO,117.0,8,125.0,432050,Sertão,  4 320 503 ,   5 541,5541.0,22.559104854719365
432055 SERTAO SANTANA,84.0,5,89.0,432055,Sertão Santana,  4 320 552 ,   5 863,5863.0,15.179942009210302
432057 SETE DE SETEMBRO,31.0,5,36.0,432057,Sete de Setembro,  4 320 578 ,   1 830,1830.0,19.672131147540984
432060 SEVERIANO DE ALMEIDA,65.0,2,67.0,432060,Severiano de Almeida,  4 320 602 ,   3 406,3406.0,19.67116852613036
432065 SILVEIRA MARTINS,25.0,1,26.0,432065,Silveira Martins,  4 320 651 ,   2 028,2028.0,12.82051282051282
432067 SINIMBU,107.0,9,116.0,432067,Sinimbu,  4 320 677 ,   8 578,8578.0,13.52296572627652
432070 SOBRADINHO,139.0,74,213.0,432070,Sobradinho,  4 320 701 ,   14 226,14226.0,14.972585407001267
432080 SOLEDADE,474.0,85,559.0,432080,Soledade,  4 320 800 ,   29 991,29991.0,18.638925010836587
432085 TABAI,50.0,3,53.0,432085,Tabaí,  4 320 859 ,   4 461,4461.0,11.880744227751626
432090 TAPEJARA,351.0,358,709.0,432090,Tapejara,  4 320 909 ,   24 557,24557.0,28.87160483772448
432100 TAPERA,120.0,20,140.0,432100,Tapera,  4 321 006 ,   10 592,10592.0,13.217522658610271
432110 TAPES,143.0,26,169.0,432110,Tapes,  4 321 105 ,   14 695,14695.0,11.500510377679483
432120 TAQUARA,589.0,101,690.0,432120,Taquara,  4 321 204 ,   53 242,53242.0,12.959693475076069
432130 TAQUARI,312.0,142,454.0,432130,Taquari,  4 321 303 ,   25 198,25198.0,18.017302960552424
432132 TAQUARUCU DO SUL,49.0,1,50.0,432132,Taquaruçu do Sul,  4 321 329 ,   3 119,3119.0,16.03077909586406
432135 TAVARES,74.0,-,74.0,432135,Tavares,  4 321 352 ,   5 212,5212.0,14.19800460475825
432140 TENENTE PORTELA,773.0,56,829.0,432140,Tenente Portela,  4 321 402 ,   14 497,14497.0,57.18424501621025
432143 TERRA DE AREIA,98.0,17,115.0,432143,Terra de Areia,  4 321 436 ,   10 334,10334.0,11.128314302303076
432145 TEUTONIA,528.0,52,580.0,432145,Teutônia,  4 321 451 ,   32 797,32797.0,17.684544318077872
432146 TIO HUGO,38.0,-,38.0,432146,Tio Hugo,  4 321 469 ,   3 267,3267.0,11.631466176920723
432147 TIRADENTES DO SUL,39.0,-,39.0,432147,Tiradentes do Sul,  4 321 477 ,   5 129,5129.0,7.603821407681809
432149 TOROPI,33.0,6,39.0,432149,Toropi,  4 321 493 ,   2 554,2554.0,15.270164447924824
432150 TORRES,612.0,141,753.0,432150,Torres,  4 321 501 ,   41 751,41751.0,18.0354961557807
432160 TRAMANDAI,849.0,99,948.0,432160,Tramandaí,  4 321 600 ,   54 387,54387.0,17.43063599757295
432162 TRAVESSEIRO,23.0,1,24.0,432162,Travesseiro,  4 321 626 ,   2 152,2152.0,11.152416356877323
432163 TRES ARROIOS,53.0,-,53.0,432163,Três Arroios,  4 321 634 ,   2 591,2591.0,20.45542261675029
432166 TRES CACHOEIRAS,118.0,10,128.0,432166,Três Cachoeiras,  4 321 667 ,   10 962,10962.0,11.676701331873744
432170 TRES COROAS,211.0,72,283.0,432170,Três Coroas,  4 321 709 ,   24 425,24425.0,11.58648925281474
432180 TRES DE MAIO,426.0,115,541.0,432180,Três de Maio,  4 321 808 ,   24 916,24916.0,21.712955530582757
432183 TRES FORQUILHAS,50.0,2,52.0,432183,Três Forquilhas,  4 321 832 ,   2 760,2760.0,18.84057971014493
432185 TRES PALMEIRAS,61.0,-,61.0,432185,Três Palmeiras,  4 321 857 ,   4 716,4716.0,12.934690415606445
432190 TRES PASSOS,531.0,85,616.0,432190,Três Passos,  4 321 907 ,   25 436,25436.0,24.217644283692405
432195 TRINDADE DO SUL,89.0,3,92.0,432195,Trindade do Sul,  4 321 956 ,   7 556,7556.0,12.175754367390153
432200 TRIUNFO,321.0,29,350.0,432200,Triunfo,  4 322 004 ,   27 498,27498.0,12.72819841443014
432210 TUCUNDUVA,78.0,9,87.0,432210,Tucunduva,  4 322 103 ,   5 542,5542.0,15.698303861421868
432215 TUNAS,42.0,1,43.0,432215,Tunas,  4 322 152 ,   3 681,3681.0,11.681608258625374
432218 TUPANCI DO SUL,18.0,1,19.0,432218,Tupanci do Sul,  4 322 186 ,   1 374,1374.0,13.828238719068414
432220 TUPANCIRETA,164.0,27,191.0,432220,Tupanciretã,  4 322 202 ,   20 005,20005.0,9.547613096725819
432225 TUPANDI,40.0,4,44.0,432225,Tupandi,  4 322 251 ,   5 029,5029.0,8.74925432491549
432230 TUPARENDI,104.0,11,115.0,432230,Tuparendi,  4 322 301 ,   8 363,8363.0,13.751046275260075
432232 TURUCU,51.0,-,51.0,432232,Turuçu,  4 322 327 ,   3 419,3419.0,14.916642293068149
432234 UBIRETAMA,26.0,-,26.0,432234,Ubiretama,  4 322 343 ,   1 994,1994.0,13.039117352056168
432235 UNIAO DA SERRA,29.0,-,29.0,432235,União da Serra,  4 322 350 ,   1 170,1170.0,24.786324786324784
432237 UNISTALDA,41.0,-,41.0,432237,Unistalda,  4 322 376 ,   1 995,1995.0,20.55137844611529
432240 URUGUAIANA,1535.0,279,1814.0,432240,Uruguaiana,  4 322 400 ,   117 210,117210.0,15.476495179592185
432250 VACARIA,828.0,213,1041.0,432250,Vacaria,  4 322 509 ,   64 197,64197.0,16.21571101453339
432252 VALE VERDE,44.0,-,44.0,432252,Vale Verde,  4 322 525 ,   3 150,3150.0,13.968253968253968
432253 VALE DO SOL,99.0,7,106.0,432253,Vale do Sol,  4 322 533 ,   9 897,9897.0,10.710316257451753
432254 VALE REAL,49.0,4,53.0,432254,Vale Real,  4 322 541 ,   6 058,6058.0,8.748761967646088
432255 VANINI,42.0,-,42.0,432255,Vanini,  4 322 558 ,   2 004,2004.0,20.958083832335326
432260 VENANCIO AIRES,1083.0,164,1247.0,432260,Venâncio Aires,  4 322 608 ,   68 763,68763.0,18.134752701307388
432270 VERA CRUZ,268.0,58,326.0,432270,Vera Cruz,  4 322 707 ,   26 710,26710.0,12.205166604268065
432280 VERANOPOLIS,290.0,84,374.0,432280,Veranópolis,  4 322 806 ,   24 021,24021.0,15.56970983722576
432285 VESPASIANO CORREA,32.0,1,33.0,432285,Vespasiano Corrêa,  4 322 855 ,   1 818,1818.0,18.151815181518153
432290 VIADUTOS,61.0,2,63.0,432290,Viadutos,  4 322 905 ,   4 769,4769.0,13.210316628223946
432300 VIAMAO,1926.0,275,2201.0,432300,Viamão,  4 323 002 ,   224 112,224112.0,9.820982365959878
432310 VICENTE DUTRA,48.0,-,48.0,432310,Vicente Dutra,  4 323 101 ,   4 665,4665.0,10.289389067524116
432320 VICTOR GRAEFF,38.0,5,43.0,432320,Victor Graeff,  4 323 200 ,   2 780,2780.0,15.467625899280575
432330 VILA FLORES,36.0,5,41.0,432330,Vila Flores,  4 323 309 ,   3 646,3646.0,11.24520021941854
432335 VILA LANGARO,32.0,-,32.0,432335,Vila Lângaro,  4 323 358 ,   2 079,2079.0,15.392015392015393
432340 VILA MARIA,48.0,2,50.0,432340,Vila Maria,  4 323 408 ,   4 413,4413.0,11.330160888284613
432345 VILA NOVA DO SUL,50.0,2,52.0,432345,Vila Nova do Sul,  4 323 457 ,   3 863,3863.0,13.461040641988092
432350 VISTA ALEGRE,32.0,-,32.0,432350,Vista Alegre,  4 323 507 ,   2 660,2660.0,12.030075187969926
432360 VISTA ALEGRE DO PRATA,15.0,2,17.0,432360,Vista Alegre do Prata,  4 323 606 ,   1 590,1590.0,10.691823899371068
432370 VISTA GAUCHA,28.0,-,28.0,432370,Vista Gaúcha,  4 323 705 ,   2 783,2783.0,10.06108515989939
432375 VITORIA DAS MISSOES,38.0,8,46.0,432375,Vitória das Missões,  4 323 754 ,   3 260,3260.0,14.110429447852761
432377 WESTFALIA,33.0,5,38.0,432377,Westfália,  4 323 770 ,   3 098,3098.0,12.265978050355068
432380 XANGRI-LA,277.0,68,345.0,432380,Xangri-lá,  4 323 804 ,   16 463,16463.0,20.956083338395192
500020 AGUA CLARA,251.0,47,298.0,500020,Água Clara,  5 000 203 ,   16 741,16741.0,17.800609282599606
500025 ALCINOPOLIS,129.0,3,132.0,500025,Alcinópolis,  5 000 252 ,   4 537,4537.0,29.09411505400044
500060 AMAMBAI,525.0,290,815.0,500060,Amambai,  5 000 609 ,   39 325,39325.0,20.72472981563891
500070 ANASTACIO,348.0,8,356.0,500070,Anastácio,  5 000 708 ,   24 114,24114.0,14.763208094882641
500080 ANAURILANDIA,157.0,5,162.0,500080,Anaurilândia,  5 000 807 ,   7 653,7653.0,21.168169345354762
500085 ANGELICA,166.0,12,178.0,500085,Angélica,  5 000 856 ,   10 729,10729.0,16.59054897940162
500090 ANTONIO JOAO,202.0,9,211.0,500090,Antônio João,  5 000 906 ,   9 303,9303.0,22.68085563796625
500100 APARECIDA DO TABOADO,367.0,67,434.0,500100,Aparecida do Taboado,  5 001 003 ,   27 674,27674.0,15.682590156825903
500110 AQUIDAUANA,828.0,121,949.0,500110,Aquidauana,  5 001 102 ,   46 803,46803.0,20.27647800354678
500124 ARAL MOREIRA,204.0,1,205.0,500124,Aral Moreira,  5 001 243 ,   10 748,10748.0,19.073315965761072
500150 BANDEIRANTES,176.0,3,179.0,500150,Bandeirantes,  5 001 508 ,   7 940,7940.0,22.544080604534003
500190 BATAGUASSU,356.0,61,417.0,500190,Bataguassu,  5 001 904 ,   23 031,23031.0,18.10603100169337
500200 BATAYPORA,157.0,10,167.0,500200,Batayporã,  5 002 001 ,   10 712,10712.0,15.589992531740103
500210 BELA VISTA,267.0,33,300.0,500210,Bela Vista,  5 002 100 ,   21 613,21613.0,13.880534863276731
500215 BODOQUENA,148.0,7,155.0,500215,Bodoquena,  5 002 159 ,   8 567,8567.0,18.092681218629625
500220 BONITO,312.0,25,337.0,500220,Bonito,  5 002 209 ,   23 659,23659.0,14.24405088972484
500230 BRASILANDIA,235.0,16,251.0,500230,Brasilândia,  5 002 308 ,   11 579,11579.0,21.67717419466275
500240 CAARAPO,462.0,53,515.0,500240,Caarapó,  5 002 407 ,   30 612,30612.0,16.823467921076702
500260 CAMAPUA,235.0,29,264.0,500260,Camapuã,  5 002 605 ,   13 583,13583.0,19.43605978060811
500270 CAMPO GRANDE,20474.0,4989,25463.0,500270,Campo Grande,  5 002 704 ,   898 100,898100.0,28.352076606168577
500280 CARACOL,95.0,-,95.0,500280,Caracol,  5 002 803 ,   5 036,5036.0,18.86417791898332
500290 CASSILANDIA,322.0,53,375.0,500290,Cassilândia,  5 002 902 ,   20 988,20988.0,17.86735277301315
500295 CHAPADAO DO SUL,482.0,109,591.0,500295,Chapadão do Sul,  5 002 951 ,   30 993,30993.0,19.068821992062723
500310 CORGUINHO,92.0,-,92.0,500310,Corguinho,  5 003 108 ,   4 783,4783.0,19.234789880827933
500315 CORONEL SAPUCAIA,179.0,15,194.0,500315,Coronel Sapucaia,  5 003 157 ,   14 289,14289.0,13.57687731821681
500320 CORUMBA,1415.0,210,1625.0,500320,Corumbá,  5 003 207 ,   96 268,96268.0,16.8799601113558
500325 COSTA RICA,562.0,70,632.0,500325,Costa Rica,  5 003 256 ,   26 037,26037.0,24.273149748434918
500330 COXIM,683.0,102,785.0,500330,Coxim,  5 003 306 ,   32 151,32151.0,24.416036826226247
500345 DEODAPOLIS,236.0,28,264.0,500345,Deodápolis,  5 003 454 ,   13 663,13663.0,19.32225719095367
500348 DOIS IRMAOS DO BURITI,199.0,4,203.0,500348,Dois Irmãos do Buriti,  5 003 488 ,   11 100,11100.0,18.28828828828829
500350 DOURADINA,94.0,7,101.0,500350,Douradina,  5 003 504 ,   5 578,5578.0,18.106848332735748
500370 DOURADOS,5122.0,1238,6360.0,500370,Dourados,  5 003 702 ,   243 367,243367.0,26.13337058845283
500375 ELDORADO,141.0,27,168.0,500375,Eldorado,  5 003 751 ,   11 386,11386.0,14.754962234322853
500380 FATIMA DO SUL,384.0,95,479.0,500380,Fátima do Sul,  5 003 801 ,   20 609,20609.0,23.24227279343976
500390 FIGUEIRAO,74.0,2,76.0,500390,Figueirão,  5 003 900 ,   3 539,3539.0,21.47499293585759
500400 GLORIA DE DOURADOS,115.0,24,139.0,500400,Glória de Dourados,  5 004 007 ,   10 444,10444.0,13.309076981999233
500410 GUIA LOPES DA LAGUNA,145.0,11,156.0,500410,Guia Lopes da Laguna,  5 004 106 ,   9 940,9940.0,15.694164989939637
500430 IGUATEMI,212.0,29,241.0,500430,Iguatemi,  5 004 304 ,   13 808,13808.0,17.453650057937427
500440 INOCENCIA,192.0,6,198.0,500440,Inocência,  5 004 403 ,   8 404,8404.0,23.56020942408377
500450 ITAPORA,324.0,18,342.0,500450,Itaporã,  5 004 502 ,   24 137,24137.0,14.169117951692423
500460 ITAQUIRAI,231.0,5,236.0,500460,Itaquiraí,  5 004 601 ,   19 423,19423.0,12.150543170468003
500470 IVINHEMA,366.0,112,478.0,500470,Ivinhema,  5 004 700 ,   27 821,27821.0,17.18126595018152
500480 JAPORA,146.0,-,146.0,500480,Japorã,  5 004 809 ,   8 148,8148.0,17.91850760922926
500490 JARAGUARI,121.0,-,121.0,500490,Jaraguari,  5 004 908 ,   7 139,7139.0,16.949152542372882
500500 JARDIM,333.0,44,377.0,500500,Jardim,  5 005 004 ,   23 981,23981.0,15.720778950002085
500510 JATEI,91.0,1,92.0,500510,Jateí,  5 005 103 ,   3 586,3586.0,25.655326268823202
500515 JUTI,112.0,4,116.0,500515,Juti,  5 005 152 ,   6 729,6729.0,17.23881706048447
500520 LADARIO,153.0,242,395.0,500520,Ladário,  5 005 202 ,   21 522,21522.0,18.3533128891367
500525 LAGUNA CARAPA,130.0,4,134.0,500525,Laguna Carapã,  5 005 251 ,   6 799,6799.0,19.708780703044567
500540 MARACAJU,697.0,30,727.0,500540,Maracaju,  5 005 400 ,   45 047,45047.0,16.138699580438207
500560 MIRANDA,379.0,4,383.0,500560,Miranda,  5 005 608 ,   25 536,25536.0,14.9984335839599
500568 MUNDO NOVO,193.0,45,238.0,500568,Mundo Novo,  5 005 681 ,   19 193,19193.0,12.400354295837024
500570 NAVIRAI,772.0,93,865.0,500570,Naviraí,  5 005 707 ,   50 457,50457.0,17.143310145272213
500580 NIOAQUE,220.0,3,223.0,500580,Nioaque,  5 005 806 ,   13 220,13220.0,16.86838124054463
500600 NOVA ALVORADA DO SUL,316.0,23,339.0,500600,Nova Alvorada do Sul,  5 006 002 ,   21 822,21822.0,15.53478141325268
500620 NOVA ANDRADINA,892.0,285,1177.0,500620,Nova Andradina,  5 006 200 ,   48 563,48563.0,24.236558696950354
500625 NOVO HORIZONTE DO SUL,96.0,-,96.0,500625,Novo Horizonte do Sul,  5 006 259 ,   4 721,4721.0,20.33467485702182
500627 PARAISO DAS AGUAS,119.0,9,128.0,500627,Paraíso das Águas,  5 006 275 ,   5 510,5510.0,23.230490018148817
500630 PARANAIBA,743.0,275,1018.0,500630,Paranaíba,  5 006 309 ,   40 957,40957.0,24.855336084185854
500635 PARANHOS,198.0,10,208.0,500635,Paranhos,  5 006 358 ,   12 921,12921.0,16.097825245724014
500640 PEDRO GOMES,101.0,8,109.0,500640,Pedro Gomes,  5 006 408 ,   6 941,6941.0,15.703789079383375
500660 PONTA PORA,1615.0,166,1781.0,500660,Ponta Porã,  5 006 606 ,   92 017,92017.0,19.355119162763405
500690 PORTO MURTINHO,218.0,7,225.0,500690,Porto Murtinho,  5 006 903 ,   12 859,12859.0,17.497472587292947
500710 RIBAS DO RIO PARDO,292.0,45,337.0,500710,Ribas do Rio Pardo,  5 007 109 ,   23 150,23150.0,14.557235421166308
500720 RIO BRILHANTE,512.0,74,586.0,500720,Rio Brilhante,  5 007 208 ,   37 601,37601.0,15.584691896492114
500730 RIO NEGRO,94.0,4,98.0,500730,Rio Negro,  5 007 307 ,   4 841,4841.0,20.243751291055567
500740 RIO VERDE DE MATO GROSSO,323.0,25,348.0,500740,Rio Verde de Mato Grosso,  5 007 406 ,   19 818,19818.0,17.55979412655162
500750 ROCHEDO,113.0,2,115.0,500750,Rochedo,  5 007 505 ,   5 199,5199.0,22.11963839199846
500755 SANTA RITA DO PARDO,135.0,4,139.0,500755,Santa Rita do Pardo,  5 007 554 ,   7 027,7027.0,19.780845310943505
500769 SAO GABRIEL DO OESTE,481.0,51,532.0,500769,São Gabriel do Oeste,  5 007 695 ,   29 579,29579.0,17.985733121471313
500770 SETE QUEDAS,127.0,16,143.0,500770,Sete Quedas,  5 007 703 ,   10 994,10994.0,13.007094778970346
500780 SELVIRIA,119.0,11,130.0,500780,Selvíria,  5 007 802 ,   8 142,8142.0,15.96659297469909
500790 SIDROLANDIA,542.0,53,595.0,500790,Sidrolândia,  5 007 901 ,   47 118,47118.0,12.627870452905471
500793 SONORA,251.0,18,269.0,500793,Sonora,  5 007 935 ,   14 516,14516.0,18.531275833562965
500795 TACURU,162.0,4,166.0,500795,Tacuru,  5 007 950 ,   10 808,10808.0,15.35899333826795
500797 TAQUARUSSU,85.0,2,87.0,500797,Taquarussu,  5 007 976 ,   3 625,3625.0,24.0
500800 TERENOS,241.0,2,243.0,500800,Terenos,  5 008 008 ,   17 652,17652.0,13.766145479265806
500830 TRES LAGOAS,3267.0,597,3864.0,500830,Três Lagoas,  5 008 305 ,   132 152,132152.0,29.239058054361646
500840 VICENTINA,125.0,-,125.0,500840,Vicentina,  5 008 404 ,   6 336,6336.0,19.728535353535353
510010 ACORIZAL,96.0,1,97.0,510010,Acorizal,  5 100 102 ,   5 014,5014.0,19.3458316713203
510020 AGUA BOA,614.0,123,737.0,510020,Água Boa,  5 100 201 ,   29 219,29219.0,25.223313597316814
510025 ALTA FLORESTA,975.0,237,1212.0,510025,Alta Floresta,  5 100 250 ,   58 613,58613.0,20.678006585569754
510030 ALTO ARAGUAIA,231.0,50,281.0,510030,Alto Araguaia,  5 100 300 ,   17 193,17193.0,16.343860873611355
510035 ALTO BOA VISTA,105.0,13,118.0,510035,Alto Boa Vista,  5 100 359 ,   5 715,5715.0,20.647419072615925
510040 ALTO GARCAS,152.0,10,162.0,510040,Alto Garças,  5 100 409 ,   13 052,13052.0,12.411890897946675
510050 ALTO PARAGUAI,159.0,-,159.0,510050,Alto Paraguai,  5 100 508 ,   8 009,8009.0,19.85266575103009
510060 ALTO TAQUARI,134.0,17,151.0,510060,Alto Taquari,  5 100 607 ,   10 904,10904.0,13.8481291269259
510080 APIACAS,121.0,11,132.0,510080,Apiacás,  5 100 805 ,   8 590,8590.0,15.366705471478463
510100 ARAGUAIANA,118.0,1,119.0,510100,Araguaiana,  5 101 001 ,   3 795,3795.0,31.357048748353094
510120 ARAGUAINHA,35.0,1,36.0,510120,Araguainha,  5 101 209 ,   1 010,1010.0,35.64356435643564
510125 ARAPUTANGA,183.0,53,236.0,510125,Araputanga,  5 101 258 ,   14 786,14786.0,15.961044231029353
510130 ARENAPOLIS,179.0,16,195.0,510130,Arenápolis,  5 101 308 ,   10 576,10576.0,18.437972768532525
510140 ARIPUANA,328.0,50,378.0,510140,Aripuanã,  5 101 407 ,   24 626,24626.0,15.349630471859012
510160 BARAO DE MELGACO,88.0,1,89.0,510160,Barão de Melgaço,  5 101 605 ,   7 253,7253.0,12.27078450296429
510170 BARRA DO BUGRES,416.0,64,480.0,510170,Barra do Bugres,  5 101 704 ,   29 403,29403.0,16.324864809713294
510180 BARRA DO GARCAS,1381.0,370,1751.0,510180,Barra do Garças,  5 101 803 ,   69 210,69210.0,25.299812165871984
510185 BOM JESUS DO ARAGUAIA,93.0,3,96.0,510185,Bom Jesus do Araguaia,  5 101 852 ,   7 280,7280.0,13.186813186813186
510190 BRASNORTE,376.0,9,385.0,510190,Brasnorte,  5 101 902 ,   17 004,17004.0,22.641731357327686
510250 CACERES,1778.0,314,2092.0,510250,Cáceres,  5 102 504 ,   89 681,89681.0,23.327126147121465
510260 CAMPINAPOLIS,417.0,7,424.0,510260,Campinápolis,  5 102 603 ,   15 347,15347.0,27.627549358180755
510263 CAMPO NOVO DO PARECIS,495.0,449,944.0,510263,Campo Novo do Parecis,  5 102 637 ,   45 899,45899.0,20.566896882285018
510267 CAMPO VERDE,679.0,138,817.0,510267,Campo Verde,  5 102 678 ,   44 585,44585.0,18.324548615005046
510268 CAMPOS DE JULIO,166.0,19,185.0,510268,Campos de Júlio,  5 102 686 ,   8 822,8822.0,20.970301518929947
510269 CANABRAVA DO NORTE,87.0,11,98.0,510269,Canabrava do Norte,  5 102 694 ,   4 485,4485.0,21.85061315496098
510270 CANARANA,423.0,143,566.0,510270,Canarana,  5 102 702 ,   25 858,25858.0,21.888777167607703
510279 CARLINDA,114.0,6,120.0,510279,Carlinda,  5 102 793 ,   10 332,10332.0,11.614401858304298
510285 CASTANHEIRA,90.0,9,99.0,510285,Castanheira,  5 102 850 ,   7 506,7506.0,13.189448441247002
510300 CHAPADA DOS GUIMARAES,229.0,33,262.0,510300,Chapada dos Guimarães,  5 103 007 ,   18 990,18990.0,13.796735123749341
510305 CLAUDIA,194.0,1,195.0,510305,Cláudia,  5 103 056 ,   9 593,9593.0,20.327322005629103
510310 COCALINHO,129.0,10,139.0,510310,Cocalinho,  5 103 106 ,   6 220,6220.0,22.34726688102894
510320 COLIDER,748.0,105,853.0,510320,Colíder,  5 103 205 ,   31 370,31370.0,27.191584316225693
510325 COLNIZA,294.0,57,351.0,510325,Colniza,  5 103 254 ,   25 766,25766.0,13.622603430877902
510330 COMODORO,280.0,39,319.0,510330,Comodoro,  5 103 304 ,   18 238,18238.0,17.490952955367913
510335 CONFRESA,520.0,183,703.0,510335,Confresa,  5 103 353 ,   35 075,35075.0,20.042765502494653
510336 CONQUISTA D'OESTE,83.0,1,84.0,510336,Conquista D'Oeste,  5 103 361 ,   3 760,3760.0,22.340425531914896
510337 COTRIGUACU,169.0,20,189.0,510337,Cotriguaçu,  5 103 379 ,   11 011,11011.0,17.164653528289893
510340 CUIABA,13197.0,5063,18260.0,510340,Cuiabá,  5 103 403 ,   650 877,650877.0,28.054455757385803
510343 CURVELANDIA,69.0,2,71.0,510343,Curvelândia,  5 103 437 ,   4 903,4903.0,14.48093004283092
510345 DENISE,78.0,6,84.0,510345,Denise,  5 103 452 ,   7 014,7014.0,11.976047904191617
510350 DIAMANTINO,467.0,18,485.0,510350,Diamantino,  5 103 502 ,   21 941,21941.0,22.104735426826487
510360 DOM AQUINO,107.0,1,108.0,510360,Dom Aquino,  5 103 601 ,   7 872,7872.0,13.71951219512195
510370 FELIZ NATAL,213.0,6,219.0,510370,Feliz Natal,  5 103 700 ,   10 521,10521.0,20.815511833475906
510380 FIGUEIROPOLIS D'OESTE,49.0,-,49.0,510380,Figueirópolis D'Oeste,  5 103 809 ,   3 187,3187.0,15.374960778161281
510385 GAUCHA DO NORTE,169.0,27,196.0,510385,Gaúcha do Norte,  5 103 858 ,   8 642,8642.0,22.67993520018514
510390 GENERAL CARNEIRO,92.0,1,93.0,510390,General Carneiro,  5 103 908 ,   6 037,6037.0,15.40500248467782
510395 GLORIA D'OESTE,52.0,-,52.0,510395,Glória D'Oeste,  5 103 957 ,   2 905,2905.0,17.900172117039585
510410 GUARANTA DO NORTE,489.0,87,576.0,510410,Guarantã do Norte,  5 104 104 ,   31 024,31024.0,18.5662712738525
510420 GUIRATINGA,143.0,8,151.0,510420,Guiratinga,  5 104 203 ,   10 966,10966.0,13.76983403246398
510450 INDIAVAI,47.0,-,47.0,510450,Indiavaí,  5 104 500 ,   2 213,2213.0,21.238138273836423
510452 IPIRANGA DO NORTE,126.0,6,132.0,510452,Ipiranga do Norte,  5 104 526 ,   7 815,7815.0,16.89059500959693
510454 ITANHANGA,90.0,2,92.0,510454,Itanhangá,  5 104 542 ,   7 539,7539.0,12.203209974797717
510455 ITAUBA,103.0,2,105.0,510455,Itaúba,  5 104 559 ,   5 020,5020.0,20.91633466135458
510460 ITIQUIRA,239.0,9,248.0,510460,Itiquira,  5 104 609 ,   12 236,12236.0,20.268061457992808
510480 JACIARA,415.0,80,495.0,510480,Jaciara,  5 104 807 ,   28 569,28569.0,17.326472750183765
510490 JANGADA,136.0,2,138.0,510490,Jangada,  5 104 906 ,   7 426,7426.0,18.58335577699973
510500 JAURU,122.0,3,125.0,510500,Jauru,  5 105 002 ,   8 367,8367.0,14.93964383889088
510510 JUARA,453.0,134,587.0,510510,Juara,  5 105 101 ,   34 906,34906.0,16.81659313585057
510515 JUINA,778.0,345,1123.0,510515,Juína,  5 105 150 ,   45 869,45869.0,24.48276613835052
510517 JURUENA,137.0,24,161.0,510517,Juruena,  5 105 176 ,   10 213,10213.0,15.764222069910899
510520 JUSCIMEIRA,206.0,7,213.0,510520,Juscimeira,  5 105 200 ,   11 480,11480.0,18.554006968641115
510523 LAMBARI D'OESTE,76.0,-,76.0,510523,Lambari D'Oeste,  5 105 234 ,   4 790,4790.0,15.866388308977037
510525 LUCAS DO RIO VERDE,1406.0,208,1614.0,510525,Lucas do Rio Verde,  5 105 259 ,   83 798,83798.0,19.26060287835032
510530 LUCIARA,78.0,2,80.0,510530,Luciara,  5 105 309 ,   2 509,2509.0,31.88521323236349
510550 VILA BELA DA SANTISSIMA TRINDADE,256.0,1,257.0,510550,Vila Bela da Santíssima Trindade,  5 105 507 ,   16 774,16774.0,15.321330630738046
510558 MARCELANDIA,170.0,13,183.0,510558,Marcelândia,  5 105 580 ,   11 396,11396.0,16.058266058266057
510560 MATUPA,242.0,70,312.0,510560,Matupá,  5 105 606 ,   20 091,20091.0,15.529341496192325
510562 MIRASSOL D'OESTE,267.0,70,337.0,510562,Mirassol d'Oeste,  5 105 622 ,   26 785,26785.0,12.58166884450252
510590 NOBRES,225.0,76,301.0,510590,Nobres,  5 105 903 ,   15 492,15492.0,19.429382907306998
510600 NORTELANDIA,84.0,3,87.0,510600,Nortelândia,  5 106 000 ,   5 956,5956.0,14.60711887172599
510610 NOSSA SENHORA DO LIVRAMENTO,120.0,2,122.0,510610,Nossa Senhora do Livramento,  5 106 109 ,   12 940,12940.0,9.428129829984544
510615 NOVA BANDEIRANTES,139.0,11,150.0,510615,Nova Bandeirantes,  5 106 158 ,   13 635,13635.0,11.001100110011002
510617 NOVA NAZARE,63.0,1,64.0,510617,Nova Nazaré,  5 106 174 ,   4 200,4200.0,15.238095238095237
510618 NOVA LACERDA,78.0,1,79.0,510618,Nova Lacerda,  5 106 182 ,   6 670,6670.0,11.84407796101949
510619 NOVA SANTA HELENA,81.0,1,82.0,510619,Nova Santa Helena,  5 106 190 ,   4 239,4239.0,19.344184949280493
510620 NOVA BRASILANDIA,77.0,-,77.0,510620,Nova Brasilândia,  5 106 208 ,   3 932,3932.0,19.582909460834184
510621 NOVA CANAA DO NORTE,160.0,8,168.0,510621,Nova Canaã do Norte,  5 106 216 ,   11 707,11707.0,14.350388656359442
510622 NOVA MUTUM,935.0,243,1178.0,510622,Nova Mutum,  5 106 224 ,   55 839,55839.0,21.096366338938733
510623 NOVA OLIMPIA,216.0,51,267.0,510623,Nova Olímpia,  5 106 232 ,   16 352,16352.0,16.328277886497066
510624 NOVA UBIRATA,176.0,-,176.0,510624,Nova Ubiratã,  5 106 240 ,   11 530,11530.0,15.264527320034691
510625 NOVA XAVANTINA,339.0,50,389.0,510625,Nova Xavantina,  5 106 257 ,   24 345,24345.0,15.978640377901009
510626 NOVO MUNDO,101.0,3,104.0,510626,Novo Mundo,  5 106 265 ,   6 520,6520.0,15.950920245398775
510627 NOVO HORIZONTE DO NORTE,84.0,8,92.0,510627,Novo Horizonte do Norte,  5 106 273 ,   3 349,3349.0,27.470886831890116
510628 NOVO SAO JOAQUIM,127.0,3,130.0,510628,Novo São Joaquim,  5 106 281 ,   6 919,6919.0,18.788842318254083
510629 PARANAITA,202.0,24,226.0,510629,Paranaíta,  5 106 299 ,   11 671,11671.0,19.364236140861966
510630 PARANATINGA,344.0,37,381.0,510630,Paranatinga,  5 106 307 ,   26 423,26423.0,14.41925595125459
510631 NOVO SANTO ANTONIO,54.0,2,56.0,510631,Novo Santo Antônio,  5 106 315 ,   2 015,2015.0,27.791563275434243
510637 PEDRA PRETA,203.0,8,211.0,510637,Pedra Preta,  5 106 372 ,   18 066,18066.0,11.67939776375512
510642 PEIXOTO DE AZEVEDO,530.0,18,548.0,510642,Peixoto de Azevedo,  5 106 422 ,   32 714,32714.0,16.75123800207862
510645 PLANALTO DA SERRA,76.0,1,77.0,510645,Planalto da Serra,  5 106 455 ,   3 166,3166.0,24.320909665192673
510650 POCONE,442.0,46,488.0,510650,Poconé,  5 106 505 ,   31 217,31217.0,15.632507928372362
510665 PONTAL DO ARAGUAIA,89.0,1,90.0,510665,Pontal do Araguaia,  5 106 653 ,   6 932,6932.0,12.983266012694749
510670 PONTE BRANCA,84.0,1,85.0,510670,Ponte Branca,  5 106 703 ,   2 008,2008.0,42.330677290836654
510675 PONTES E LACERDA,567.0,104,671.0,510675,Pontes e Lacerda,  5 106 752 ,   52 018,52018.0,12.89938098350571
510677 PORTO ALEGRE DO NORTE,158.0,-,158.0,510677,Porto Alegre do Norte,  5 106 778 ,   12 127,12127.0,13.028778758142987
510680 PORTO DOS GAUCHOS,125.0,11,136.0,510680,Porto dos Gaúchos,  5 106 802 ,   5 593,5593.0,24.316109422492403
510682 PORTO ESPERIDIAO,143.0,2,145.0,510682,Porto Esperidião,  5 106 828 ,   10 204,10204.0,14.210113680909446
510685 PORTO ESTRELA,60.0,1,61.0,510685,Porto Estrela,  5 106 851 ,   3 224,3224.0,18.920595533498762
510700 POXOREO,237.0,8,245.0,510700,Poxoréu,  5 107 008 ,   23 283,23283.0,10.52269896491002
510704 PRIMAVERA DO LESTE,1244.0,721,1965.0,510704,Primavera do Leste,  5 107 040 ,   85 146,85146.0,23.078007187654148
510706 QUERENCIA,442.0,92,534.0,510706,Querência,  5 107 065 ,   26 769,26769.0,19.94844783144682
510710 SAO JOSE DOS QUATRO MARCOS,181.0,22,203.0,510710,São José dos Quatro Marcos,  5 107 107 ,   17 849,17849.0,11.37318617289484
510715 RESERVA DO CABACAL,68.0,-,68.0,510715,Reserva do Cabaçal,  5 107 156 ,   2 122,2122.0,32.045240339302545
510718 RIBEIRAO CASCALHEIRA,150.0,9,159.0,510718,Ribeirão Cascalheira,  5 107 180 ,   10 089,10089.0,15.759738328873029
510719 RIBEIRAOZINHO,64.0,2,66.0,510719,Ribeirãozinho,  5 107 198 ,   2 593,2593.0,25.45314307751639
510720 RIO BRANCO,73.0,3,76.0,510720,Rio Branco,  5 107 206 ,   4 535,4535.0,16.75854465270121
510724 SANTA CARMEM,80.0,5,85.0,510724,Santa Carmem,  5 107 248 ,   5 374,5374.0,15.816896166728693
510726 SANTO AFONSO,85.0,2,87.0,510726,Santo Afonso,  5 107 263 ,   2 519,2519.0,34.53751488685986
510729 SAO JOSE DO POVO,60.0,-,60.0,510729,São José do Povo,  5 107 297 ,   2 875,2875.0,20.869565217391305
510730 SAO JOSE DO RIO CLARO,292.0,42,334.0,510730,São José do Rio Claro,  5 107 305 ,   14 911,14911.0,22.39957078666756
510735 SAO JOSE DO XINGU,98.0,-,98.0,510735,São José do Xingu,  5 107 354 ,   5 964,5964.0,16.431924882629108
510740 SAO PEDRO DA CIPA,50.0,-,50.0,510740,São Pedro da Cipa,  5 107 404 ,   4 191,4191.0,11.930326890956811
510757 RONDOLANDIA,67.0,1,68.0,510757,Rondolândia,  5 107 578 ,   3 505,3505.0,19.40085592011412
510760 RONDONOPOLIS,4727.0,999,5726.0,510760,Rondonópolis,  5 107 602 ,   244 911,244911.0,23.379921685836894
510770 ROSARIO OESTE,191.0,1,192.0,510770,Rosário Oeste,  5 107 701 ,   15 453,15453.0,12.4247718889536
510774 SANTA CRUZ DO XINGU,56.0,4,60.0,510774,Santa Cruz do Xingu,  5 107 743 ,   2 661,2661.0,22.547914317925592
510775 SALTO DO CEU,82.0,8,90.0,510775,Salto do Céu,  5 107 750 ,   3 679,3679.0,24.463169339494428
510776 SANTA RITA DO TRIVELATO,78.0,5,83.0,510776,Santa Rita do Trivelato,  5 107 768 ,   3 276,3276.0,25.335775335775335
510777 SANTA TEREZINHA,168.0,-,168.0,510777,Santa Terezinha,  5 107 776 ,   7 596,7596.0,22.11690363349131
510779 SANTO ANTONIO DO LESTE,66.0,-,66.0,510779,Santo Antônio do Leste,  5 107 792 ,   4 099,4099.0,16.10148816784582
510780 SANTO ANTONIO DO LEVERGER,304.0,-,304.0,510780,Santo Antônio de Leverger,  5 107 800 ,   15 246,15246.0,19.939656303292665
510785 SAO FELIX DO ARAGUAIA,287.0,8,295.0,510785,São Félix do Araguaia,  5 107 859 ,   13 621,13621.0,21.65773438073563
510787 SAPEZAL,360.0,55,415.0,510787,Sapezal,  5 107 875 ,   28 944,28944.0,14.33803206191266
510788 SERRA NOVA DOURADA,51.0,1,52.0,510788,Serra Nova Dourada,  5 107 883 ,   1 800,1800.0,28.88888888888889
510790 SINOP,3113.0,1301,4414.0,510790,Sinop,  5 107 909 ,   196 312,196312.0,22.48461632503362
510792 SORRISO,1571.0,740,2311.0,510792,Sorriso,  5 107 925 ,   110 635,110635.0,20.888507253581597
510794 TABAPORA,135.0,12,147.0,510794,Tabaporã,  5 107 941 ,   9 818,9818.0,14.97249949073131
510795 TANGARA DA SERRA,1170.0,681,1851.0,510795,Tangará da Serra,  5 107 958 ,   106 434,106434.0,17.391059247984668
510800 TAPURAH,170.0,12,182.0,510800,Tapurah,  5 108 006 ,   14 370,14370.0,12.665274878218511
510805 TERRA NOVA DO NORTE,151.0,10,161.0,510805,Terra Nova do Norte,  5 108 055 ,   10 616,10616.0,15.165787490580257
510810 TESOURO,73.0,2,75.0,510810,Tesouro,  5 108 105 ,   3 025,3025.0,24.793388429752067
510820 TORIXOREU,99.0,4,103.0,510820,Torixoréu,  5 108 204 ,   4 164,4164.0,24.73583093179635
510830 UNIAO DO SUL,77.0,10,87.0,510830,União do Sul,  5 108 303 ,   3 838,3838.0,22.668056279312143
510835 VALE DE SAO DOMINGOS,79.0,1,80.0,510835,Vale de São Domingos,  5 108 352 ,   2 904,2904.0,27.548209366391184
510840 VARZEA GRANDE,3320.0,457,3777.0,510840,Várzea Grande,  5 108 402 ,   300 078,300078.0,12.586727450862774
510850 VERA,123.0,22,145.0,510850,Vera,  5 108 501 ,   12 800,12800.0,11.328125
510860 VILA RICA,208.0,45,253.0,510860,Vila Rica,  5 108 600 ,   19 888,19888.0,12.721238938053098
510880 NOVA GUARITA,75.0,1,76.0,510880,Nova Guarita,  5 108 808 ,   4 590,4590.0,16.55773420479303
510885 NOVA MARILANDIA,90.0,-,90.0,510885,Nova Marilândia,  5 108 857 ,   3 529,3529.0,25.50297534712383
510890 NOVA MARINGA,93.0,1,94.0,510890,Nova Maringá,  5 108 907 ,   5 846,5846.0,16.079370509750255
510895 NOVA MONTE VERDE,109.0,3,112.0,510895,Nova Monte Verde,  5 108 956 ,   8 313,8313.0,13.472873812101529
520005 ABADIA DE GOIAS,187.0,12,199.0,520005,Abadia de Goiás,  5 200 050 ,   19 128,19128.0,10.403596821413634
520010 ABADIANIA,229.0,31,260.0,520010,Abadiânia,  5 200 100 ,   17 232,17232.0,15.088207985143919
520013 ACREUNA,271.0,38,309.0,520013,Acreúna,  5 200 134 ,   21 568,21568.0,14.326780415430267
520015 ADELANDIA,46.0,-,46.0,520015,Adelândia,  5 200 159 ,   2 297,2297.0,20.026121027427077
520017 AGUA FRIA DE GOIAS,57.0,11,68.0,520017,Água Fria de Goiás,  5 200 175 ,   4 954,4954.0,13.726281792490916
520020 AGUA LIMPA,40.0,-,40.0,520020,Água Limpa,  5 200 209 ,   1 858,1858.0,21.528525296017225
520025 AGUAS LINDAS DE GOIAS,2138.0,208,2346.0,520025,Águas Lindas de Goiás,  5 200 258 ,   225 693,225693.0,10.39465114115192
520030 ALEXANIA,354.0,22,376.0,520030,Alexânia,  5 200 308 ,   27 008,27008.0,13.921800947867299
520050 ALOANDIA,48.0,2,50.0,520050,Aloândia,  5 200 506 ,   1 973,1973.0,25.342118601115054
520055 ALTO HORIZONTE,188.0,1,189.0,520055,Alto Horizonte,  5 200 555 ,   6 072,6072.0,31.126482213438734
520060 ALTO PARAISO DE GOIAS,184.0,29,213.0,520060,Alto Paraíso de Goiás,  5 200 605 ,   10 306,10306.0,20.667572287987582
520080 ALVORADA DO NORTE,154.0,6,160.0,520080,Alvorada do Norte,  5 200 803 ,   8 446,8446.0,18.94387875917594
520082 AMARALINA,61.0,-,61.0,520082,Amaralina,  5 200 829 ,   3 268,3268.0,18.665850673194615
520085 AMERICANO DO BRASIL,77.0,5,82.0,520085,Americano do Brasil,  5 200 852 ,   5 259,5259.0,15.592317931165622
520090 AMORINOPOLIS,77.0,-,77.0,520090,Amorinópolis,  5 200 902 ,   3 007,3007.0,25.60691719321583
520110 ANAPOLIS,6865.0,2594,9459.0,520110,Anápolis,  5 201 108 ,   398 869,398869.0,23.714552898319997
520120 ANHANGUERA,25.0,-,25.0,520120,Anhanguera,  5 201 207 ,924,924.0,27.056277056277057
520130 ANICUNS,269.0,28,297.0,520130,Anicuns,  5 201 306 ,   18 503,18503.0,16.05145111603524
520140 APARECIDA DE GOIANIA,7558.0,852,8410.0,520140,Aparecida de Goiânia,  5 201 405 ,   527 796,527796.0,15.934186693343639
520145 APARECIDA DO RIO DOCE,49.0,-,49.0,520145,Aparecida do Rio Doce,  5 201 454 ,   2 907,2907.0,16.855865153078778
520150 APORE,91.0,-,91.0,520150,Aporé,  5 201 504 ,   4 325,4325.0,21.040462427745666
520160 ARACU,96.0,12,108.0,520160,Araçu,  5 201 603 ,   3 799,3799.0,28.428533824690707
520170 ARAGARCAS,285.0,4,289.0,520170,Aragarças,  5 201 702 ,   18 390,18390.0,15.715062533985861
520180 ARAGOIANIA,146.0,4,150.0,520180,Aragoiânia,  5 201 801 ,   11 890,11890.0,12.615643397813288
520215 ARAGUAPAZ,113.0,-,113.0,520215,Araguapaz,  5 202 155 ,   7 153,7153.0,15.797567454215015
520235 ARENOPOLIS,97.0,-,97.0,520235,Arenópolis,  5 202 353 ,   2 946,2946.0,32.92600135777325
520250 ARUANA,125.0,1,126.0,520250,Aruanã,  5 202 502 ,   8 300,8300.0,15.180722891566266
520260 AURILANDIA,54.0,8,62.0,520260,Aurilândia,  5 202 601 ,   3 284,3284.0,18.879415347137638
520280 AVELINOPOLIS,59.0,-,59.0,520280,Avelinópolis,  5 202 809 ,   2 868,2868.0,20.57182705718271
520310 BALIZA,63.0,-,63.0,520310,Baliza,  5 203 104 ,   3 351,3351.0,18.800358102059086
520320 BARRO ALTO,198.0,28,226.0,520320,Barro Alto,  5 203 203 ,   10 371,10371.0,21.791534085430527
520330 BELA VISTA DE GOIAS,423.0,39,462.0,520330,Bela Vista de Goiás,  5 203 302 ,   34 445,34445.0,13.412686892146901
520340 BOM JARDIM DE GOIAS,126.0,4,130.0,520340,Bom Jardim de Goiás,  5 203 401 ,   7 826,7826.0,16.611295681063122
520350 BOM JESUS DE GOIAS,304.0,38,342.0,520350,Bom Jesus de Goiás,  5 203 500 ,   23 958,23958.0,14.274981217129978
520355 BONFINOPOLIS,133.0,-,133.0,520355,Bonfinópolis,  5 203 559 ,   10 296,10296.0,12.917637917637919
520357 BONOPOLIS,75.0,2,77.0,520357,Bonópolis,  5 203 575 ,   3 299,3299.0,23.34040618369203
520360 BRAZABRANTES,80.0,-,80.0,520360,Brazabrantes,  5 203 609 ,   3 992,3992.0,20.04008016032064
520380 BRITANIA,144.0,6,150.0,520380,Britânia,  5 203 807 ,   5 695,5695.0,26.33889376646181
520390 BURITI ALEGRE,151.0,7,158.0,520390,Buriti Alegre,  5 203 906 ,   10 495,10495.0,15.054787994282991
520393 BURITI DE GOIAS,64.0,1,65.0,520393,Buriti de Goiás,  5 203 939 ,   2 732,2732.0,23.792093704245975
520396 BURITINOPOLIS,44.0,-,44.0,520396,Buritinópolis,  5 203 962 ,   3 145,3145.0,13.99046104928458
520400 CABECEIRAS,109.0,1,110.0,520400,Cabeceiras,  5 204 003 ,   7 560,7560.0,14.550264550264549
520410 CACHOEIRA ALTA,132.0,8,140.0,520410,Cachoeira Alta,  5 204 102 ,   11 513,11513.0,12.16016676800139
520420 CACHOEIRA DE GOIAS,39.0,1,40.0,520420,Cachoeira de Goiás,  5 204 201 ,   1 405,1405.0,28.469750889679712
520425 CACHOEIRA DOURADA,151.0,8,159.0,520425,Cachoeira Dourada,  5 204 250 ,   7 782,7782.0,20.43176561295297
520430 CACU,192.0,15,207.0,520430,Caçu,  5 204 300 ,   13 774,13774.0,15.028314215188034
520440 CAIAPONIA,225.0,5,230.0,520440,Caiapônia,  5 204 409 ,   16 513,16513.0,13.928420032701508
520450 CALDAS NOVAS,1275.0,221,1496.0,520450,Caldas Novas,  5 204 508 ,   98 622,98622.0,15.16902922268865
520455 CALDAZINHA,57.0,1,58.0,520455,Caldazinha,  5 204 557 ,   4 507,4507.0,12.868870645662302
520460 CAMPESTRE DE GOIAS,54.0,-,54.0,520460,Campestre de Goiás,  5 204 607 ,   3 755,3755.0,14.380825565912117
520465 CAMPINACU,103.0,2,105.0,520465,Campinaçu,  5 204 656 ,   3 708,3708.0,28.31715210355987
520470 CAMPINORTE,161.0,22,183.0,520470,Campinorte,  5 204 706 ,   12 510,12510.0,14.628297362110313
520480 CAMPO ALEGRE DE GOIAS,113.0,5,118.0,520480,Campo Alegre de Goiás,  5 204 805 ,   7 422,7422.0,15.898679601185663
520485 CAMPO LIMPO DE GOIAS,109.0,-,109.0,520485,Campo Limpo de Goiás,  5 204 854 ,   8 081,8081.0,13.488429649795817
520490 CAMPOS BELOS,293.0,78,371.0,520490,Campos Belos,  5 204 904 ,   18 108,18108.0,20.488182018997126
520495 CAMPOS VERDES,63.0,-,63.0,520495,Campos Verdes,  5 204 953 ,   4 005,4005.0,15.730337078651687
520500 CARMO DO RIO VERDE,147.0,5,152.0,520500,Carmo do Rio Verde,  5 205 000 ,   9 710,9710.0,15.653964984552008
520505 CASTELANDIA,72.0,-,72.0,520505,Castelândia,  5 205 059 ,   2 985,2985.0,24.120603015075375
520510 CATALAO,1657.0,640,2297.0,520510,Catalão,  5 205 109 ,   114 427,114427.0,20.07393359958751
520520 CATURAI,92.0,2,94.0,520520,Caturaí,  5 205 208 ,   5 184,5184.0,18.132716049382715
520530 CAVALCANTE,159.0,-,159.0,520530,Cavalcante,  5 205 307 ,   9 583,9583.0,16.59188145674632
520540 CERES,874.0,188,1062.0,520540,Ceres,  5 205 406 ,   22 046,22046.0,48.17200399165381
520545 CEZARINA,143.0,2,145.0,520545,Cezarina,  5 205 455 ,   8 090,8090.0,17.923362175525337
520547 CHAPADAO DO CEU,236.0,6,242.0,520547,Chapadão do Céu,  5 205 471 ,   12 870,12870.0,18.803418803418804
520549 CIDADE OCIDENTAL,679.0,67,746.0,520549,Cidade Ocidental,  5 205 497 ,   91 767,91767.0,8.129283947388496
520551 COCALZINHO DE GOIAS,351.0,31,382.0,520551,Cocalzinho de Goiás,  5 205 513 ,   25 016,25016.0,15.270227054685002
520552 COLINAS DO SUL,79.0,-,79.0,520552,Colinas do Sul,  5 205 521 ,   4 030,4030.0,19.602977667493796
520570 CORREGO DO OURO,43.0,1,44.0,520570,Córrego do Ouro,  5 205 703 ,   2 454,2454.0,17.929910350448246
520580 CORUMBA DE GOIAS,162.0,7,169.0,520580,Corumbá de Goiás,  5 205 802 ,   10 562,10562.0,16.00075743230449
520590 CORUMBAIBA,115.0,2,117.0,520590,Corumbaíba,  5 205 901 ,   9 164,9164.0,12.767350501964208
520620 CRISTALINA,794.0,95,889.0,520620,Cristalina,  5 206 206 ,   62 337,62337.0,14.261193191844331
520630 CRISTIANOPOLIS,51.0,4,55.0,520630,Cristianópolis,  5 206 305 ,   3 504,3504.0,15.69634703196347
520640 CRIXAS,269.0,66,335.0,520640,Crixás,  5 206 404 ,   17 065,17065.0,19.630823322590096
520650 CROMINIA,99.0,-,99.0,520650,Cromínia,  5 206 503 ,   3 883,3883.0,25.495750708215297
520660 CUMARI,57.0,-,57.0,520660,Cumari,  5 206 602 ,   2 927,2927.0,19.473864024598566
520670 DAMIANOPOLIS,84.0,-,84.0,520670,Damianópolis,  5 206 701 ,   3 770,3770.0,22.281167108753316
520680 DAMOLANDIA,83.0,-,83.0,520680,Damolândia,  5 206 800 ,   2 724,2724.0,30.469897209985316
520690 DAVINOPOLIS,50.0,-,50.0,520690,Davinópolis,  5 206 909 ,   1 902,1902.0,26.288117770767613
520710 DIORAMA,100.0,-,100.0,520710,Diorama,  5 207 105 ,   2 062,2062.0,48.49660523763336
520725 DOVERLANDIA,109.0,-,109.0,520725,Doverlândia,  5 207 253 ,   6 956,6956.0,15.66992524439333
520735 EDEALINA,132.0,3,135.0,520735,Edealina,  5 207 352 ,   4 001,4001.0,33.74156460884779
520740 EDEIA,203.0,18,221.0,520740,Edéia,  5 207 402 ,   11 747,11747.0,18.81331403762663
520750 ESTRELA DO NORTE,67.0,-,67.0,520750,Estrela do Norte,  5 207 501 ,   3 205,3205.0,20.904836193447736
520753 FAINA,103.0,1,104.0,520753,Faina,  5 207 535 ,   7 070,7070.0,14.71004243281471
520760 FAZENDA NOVA,97.0,-,97.0,520760,Fazenda Nova,  5 207 600 ,   5 877,5877.0,16.505019567806702
520780 FIRMINOPOLIS,157.0,16,173.0,520780,Firminópolis,  5 207 808 ,   10 419,10419.0,16.604280641136388
520790 FLORES DE GOIAS,211.0,1,212.0,520790,Flores de Goiás,  5 207 907 ,   13 744,13744.0,15.424912689173457
520800 FORMOSA,1977.0,363,2340.0,520800,Formosa,  5 208 004 ,   115 901,115901.0,20.189644610486535
520810 FORMOSO,73.0,1,74.0,520810,Formoso,  5 208 103 ,   4 660,4660.0,15.879828326180258
520815 GAMELEIRA DE GOIAS,66.0,2,68.0,520815,Gameleira de Goiás,  5 208 152 ,   3 456,3456.0,19.675925925925927
520830 DIVINOPOLIS DE GOIAS,105.0,2,107.0,520830,Divinópolis de Goiás,  5 208 301 ,   4 457,4457.0,24.00717971729863
520840 GOIANAPOLIS,181.0,29,210.0,520840,Goianápolis,  5 208 400 ,   13 967,13967.0,15.035440681606644
520850 GOIANDIRA,77.0,-,77.0,520850,Goiandira,  5 208 509 ,   4 973,4973.0,15.483611502111403
520860 GOIANESIA,1007.0,206,1213.0,520860,Goianésia,  5 208 608 ,   73 707,73707.0,16.457052925773674
520870 GOIANIA,30721.0,9625,40346.0,520870,Goiânia,  5 208 707 ,  1 437 366,1437366.0,28.069399164861284
520880 GOIANIRA,411.0,14,425.0,520880,Goianira,  5 208 806 ,   71 916,71916.0,5.9096723955726125
520890 GOIAS,575.0,19,594.0,520890,Goiás,  5 208 905 ,   24 071,24071.0,24.676997216567656
520910 GOIATUBA,525.0,197,722.0,520910,Goiatuba,  5 209 101 ,   35 664,35664.0,20.2445042620009
520915 GOUVELANDIA,96.0,1,97.0,520915,Gouvelândia,  5 209 150 ,   4 390,4390.0,22.095671981776764
520920 GUAPO,196.0,9,205.0,520920,Guapó,  5 209 200 ,   19 545,19545.0,10.488616014325915
520929 GUARAITA,68.0,-,68.0,520929,Guaraíta,  5 209 291 ,   2 188,2188.0,31.078610603290677
520940 GUARANI DE GOIAS,50.0,-,50.0,520940,Guarani de Goiás,  5 209 408 ,   4 085,4085.0,12.239902080783354
520945 GUARINOS,39.0,-,39.0,520945,Guarinos,  5 209 457 ,   2 161,2161.0,18.047200370198983
520960 HEITORAI,62.0,13,75.0,520960,Heitoraí,  5 209 606 ,   3 354,3354.0,22.361359570661897
520970 HIDROLANDIA,271.0,3,274.0,520970,Hidrolândia,  5 209 705 ,   27 742,27742.0,9.876721216927402
520980 HIDROLINA,87.0,-,87.0,520980,Hidrolina,  5 209 804 ,   3 545,3545.0,24.54160789844852
520990 IACIARA,147.0,-,147.0,520990,Iaciara,  5 209 903 ,   10 584,10584.0,13.888888888888888
520993 INACIOLANDIA,118.0,7,125.0,520993,Inaciolândia,  5 209 937 ,   5 954,5954.0,20.99428955324152
520995 INDIARA,270.0,12,282.0,520995,Indiara,  5 209 952 ,   17 061,17061.0,16.528925619834713
521000 INHUMAS,653.0,131,784.0,521000,Inhumas,  5 210 000 ,   52 204,52204.0,15.018006283043444
521010 IPAMERI,533.0,90,623.0,521010,Ipameri,  5 210 109 ,   25 548,25548.0,24.385470486926568
521015 IPIRANGA DE GOIAS,52.0,1,53.0,521015,Ipiranga de Goiás,  5 210 158 ,   2 919,2919.0,18.15690304898938
521020 IPORA,525.0,207,732.0,521020,Iporá,  5 210 208 ,   35 684,35684.0,20.513395359264656
521030 ISRAELANDIA,54.0,-,54.0,521030,Israelândia,  5 210 307 ,   2 560,2560.0,21.09375
521040 ITABERAI,574.0,135,709.0,521040,Itaberaí,  5 210 406 ,   44 734,44734.0,15.849242187150715
521056 ITAGUARI,76.0,-,76.0,521056,Itaguari,  5 210 562 ,   4 963,4963.0,15.313318557324198
521060 ITAGUARU,99.0,2,101.0,521060,Itaguaru,  5 210 604 ,   4 904,4904.0,20.595432300163132
521080 ITAJA,87.0,-,87.0,521080,Itajá,  5 210 802 ,   4 380,4380.0,19.863013698630137
521090 ITAPACI,287.0,72,359.0,521090,Itapaci,  5 210 901 ,   21 087,21087.0,17.024707165552236
521100 ITAPIRAPUA,106.0,-,106.0,521100,Itapirapuã,  5 211 008 ,   8 007,8007.0,13.238416385662545
521120 ITAPURANGA,258.0,72,330.0,521120,Itapuranga,  5 211 206 ,   26 113,26113.0,12.637383678627504
521130 ITARUMA,122.0,3,125.0,521130,Itarumã,  5 211 305 ,   6 101,6101.0,20.488444517292248
521140 ITAUCU,125.0,-,125.0,521140,Itauçu,  5 211 404 ,   7 736,7736.0,16.158221302998967
521150 ITUMBIARA,2175.0,651,2826.0,521150,Itumbiara,  5 211 503 ,   107 970,107970.0,26.173937204779104
521160 IVOLANDIA,110.0,-,110.0,521160,Ivolândia,  5 211 602 ,   2 693,2693.0,40.846639435573714
521170 JANDAIA,110.0,-,110.0,521170,Jandaia,  5 211 701 ,   6 272,6272.0,17.538265306122447
521180 JARAGUA,648.0,66,714.0,521180,Jaraguá,  5 211 800 ,   45 223,45223.0,15.788426243283284
521190 JATAI,1835.0,398,2233.0,521190,Jataí,  5 211 909 ,   105 729,105729.0,21.12003329266332
521200 JAUPACI,64.0,-,64.0,521200,Jaupaci,  5 212 006 ,   2 924,2924.0,21.88782489740082
521205 JESUPOLIS,39.0,-,39.0,521205,Jesúpolis,  5 212 055 ,   2 123,2123.0,18.37023080546397
521210 JOVIANIA,145.0,5,150.0,521210,Joviânia,  5 212 105 ,   7 159,7159.0,20.95264701773991
521220 JUSSARA,267.0,93,360.0,521220,Jussara,  5 212 204 ,   19 620,19620.0,18.34862385321101
521225 LAGOA SANTA,34.0,-,34.0,521225,Lagoa Santa,  5 212 253 ,   1 390,1390.0,24.46043165467626
521230 LEOPOLDO DE BULHOES,82.0,-,82.0,521230,Leopoldo de Bulhões,  5 212 303 ,   8 745,8745.0,9.376786735277301
521250 LUZIANIA,2346.0,541,2887.0,521250,Luziânia,  5 212 501 ,   209 129,209129.0,13.804876415992043
521260 MAIRIPOTABA,45.0,-,45.0,521260,Mairipotaba,  5 212 600 ,   2 561,2561.0,17.571261226083564
521270 MAMBAI,127.0,2,129.0,521270,Mambaí,  5 212 709 ,   8 124,8124.0,15.878877400295421
521280 MARA ROSA,150.0,37,187.0,521280,Mara Rosa,  5 212 808 ,   10 700,10700.0,17.476635514018692
521290 MARZAGAO,66.0,-,66.0,521290,Marzagão,  5 212 907 ,   2 758,2758.0,23.930384336475708
521295 MATRINCHA,63.0,-,63.0,521295,Matrinchã,  5 212 956 ,   4 042,4042.0,15.586343394359229
521300 MAURILANDIA,143.0,6,149.0,521300,Maurilândia,  5 213 004 ,   10 304,10304.0,14.460403726708075
521305 MIMOSO DE GOIAS,40.0,-,40.0,521305,Mimoso de Goiás,  5 213 053 ,   2 614,2614.0,15.30221882172915
521308 MINACU,458.0,59,517.0,521308,Minaçu,  5 213 087 ,   27 075,27075.0,19.09510618651893
521310 MINEIROS,1210.0,233,1443.0,521310,Mineiros,  5 213 103 ,   70 081,70081.0,20.590459611021533
521340 MOIPORA,46.0,-,46.0,521340,Moiporá,  5 213 400 ,   1 685,1685.0,27.299703264094955
521350 MONTE ALEGRE DE GOIAS,122.0,9,131.0,521350,Monte Alegre de Goiás,  5 213 509 ,   6 692,6692.0,19.57561267184698
521370 MONTES CLAROS DE GOIAS,119.0,3,122.0,521370,Montes Claros de Goiás,  5 213 707 ,   8 756,8756.0,13.933302878026497
521375 MONTIVIDIU,161.0,6,167.0,521375,Montividiu,  5 213 756 ,   12 521,12521.0,13.337592844022044
521377 MONTIVIDIU DO NORTE,55.0,1,56.0,521377,Montividiu do Norte,  5 213 772 ,   3 779,3779.0,14.818735115109817
521380 MORRINHOS,591.0,171,762.0,521380,Morrinhos,  5 213 806 ,   51 351,51351.0,14.839048898755623
521385 MORRO AGUDO DE GOIAS,49.0,-,49.0,521385,Morro Agudo de Goiás,  5 213 855 ,   2 456,2456.0,19.95114006514658
521390 MOSSAMEDES,72.0,2,74.0,521390,Mossâmedes,  5 213 905 ,   4 654,4654.0,15.900300816501934
521400 MOZARLANDIA,200.0,43,243.0,521400,Mozarlândia,  5 214 002 ,   14 750,14750.0,16.47457627118644
521405 MUNDO NOVO,132.0,-,132.0,521405,Mundo Novo,  5 214 051 ,   6 189,6189.0,21.328162869607368
521410 MUTUNOPOLIS,58.0,-,58.0,521410,Mutunópolis,  5 214 101 ,   3 564,3564.0,16.27384960718294
521440 NAZARIO,120.0,2,122.0,521440,Nazário,  5 214 408 ,   8 189,8189.0,14.898033947978995
521450 NEROPOLIS,575.0,35,610.0,521450,Nerópolis,  5 214 507 ,   31 932,31932.0,19.10309407490918
521460 NIQUELANDIA,310.0,169,479.0,521460,Niquelândia,  5 214 606 ,   34 964,34964.0,13.699805514243222
521470 NOVA AMERICA,43.0,1,44.0,521470,Nova América,  5 214 705 ,   2 337,2337.0,18.8275566966196
521480 NOVA AURORA,52.0,1,53.0,521480,Nova Aurora,  5 214 804 ,   2 101,2101.0,25.226082817705855
521483 NOVA CRIXAS,146.0,2,148.0,521483,Nova Crixás,  5 214 838 ,   12 815,12815.0,11.548966055403824
521486 NOVA GLORIA,74.0,1,75.0,521486,Nova Glória,  5 214 861 ,   8 310,8310.0,9.025270758122744
521487 NOVA IGUACU DE GOIAS,43.0,1,44.0,521487,Nova Iguaçu de Goiás,  5 214 879 ,   3 010,3010.0,14.617940199335548
521490 NOVA ROMA,69.0,-,69.0,521490,Nova Roma,  5 214 903 ,   3 076,3076.0,22.431729518855658
521500 NOVA VENEZA,98.0,4,102.0,521500,Nova Veneza,  5 215 009 ,   9 481,9481.0,10.758358822908976
521520 NOVO BRASIL,66.0,-,66.0,521520,Novo Brasil,  5 215 207 ,   3 527,3527.0,18.712787071165298
521523 NOVO GAMA,768.0,33,801.0,521523,Novo Gama,  5 215 231 ,   103 804,103804.0,7.716465646795885
521525 NOVO PLANALTO,67.0,-,67.0,521525,Novo Planalto,  5 215 256 ,   3 716,3716.0,18.030139935414425
521530 ORIZONA,210.0,18,228.0,521530,Orizona,  5 215 306 ,   16 399,16399.0,13.90328678577962
521540 OURO VERDE DE GOIAS,72.0,2,74.0,521540,Ouro Verde de Goiás,  5 215 405 ,   4 057,4057.0,18.240078876016764
521550 OUVIDOR,96.0,10,106.0,521550,Ouvidor,  5 215 504 ,   7 200,7200.0,14.722222222222221
521560 PADRE BERNARDO,354.0,20,374.0,521560,Padre Bernardo,  5 215 603 ,   34 967,34967.0,10.695798896102039
521565 PALESTINA DE GOIAS,57.0,-,57.0,521565,Palestina de Goiás,  5 215 652 ,   3 132,3132.0,18.199233716475096
521570 PALMEIRAS DE GOIAS,358.0,53,411.0,521570,Palmeiras de Goiás,  5 215 702 ,   31 858,31858.0,12.900998179421181
521580 PALMELO,94.0,3,97.0,521580,Palmelo,  5 215 801 ,   2 259,2259.0,42.93935369632581
521590 PALMINOPOLIS,83.0,-,83.0,521590,Palminópolis,  5 215 900 ,   3 851,3851.0,21.55284341729421
521600 PANAMA,59.0,-,59.0,521600,Panamá,  5 216 007 ,   2 455,2455.0,24.032586558044805
521630 PARANAIGUARA,120.0,11,131.0,521630,Paranaiguara,  5 216 304 ,   7 607,7607.0,17.22098067569344
521640 PARAUNA,211.0,8,219.0,521640,Paraúna,  5 216 403 ,   10 659,10659.0,20.546017450042218
521645 PEROLANDIA,80.0,-,80.0,521645,Perolândia,  5 216 452 ,   2 964,2964.0,26.990553306342782
521680 PETROLINA DE GOIAS,128.0,11,139.0,521680,Petrolina de Goiás,  5 216 809 ,   9 573,9573.0,14.52000417841847
521690 PILAR DE GOIAS,65.0,1,66.0,521690,Pilar de Goiás,  5 216 908 ,   2 328,2328.0,28.350515463917525
521710 PIRACANJUBA,371.0,105,476.0,521710,Piracanjuba,  5 217 104 ,   24 883,24883.0,19.12952618253426
521720 PIRANHAS,128.0,8,136.0,521720,Piranhas,  5 217 203 ,   11 712,11712.0,11.612021857923498
521730 PIRENOPOLIS,451.0,16,467.0,521730,Pirenópolis,  5 217 302 ,   26 690,26690.0,17.49718995878606
521740 PIRES DO RIO,353.0,108,461.0,521740,Pires do Rio,  5 217 401 ,   32 373,32373.0,14.240261946683965
521760 PLANALTINA,976.0,81,1057.0,521760,Planaltina,  5 217 609 ,   105 031,105031.0,10.063695480381982
521770 PONTALINA,248.0,28,276.0,521770,Pontalina,  5 217 708 ,   18 309,18309.0,15.074553498279535
521800 PORANGATU,589.0,93,682.0,521800,Porangatu,  5 218 003 ,   44 317,44317.0,15.389128325473294
521805 PORTEIRAO,59.0,3,62.0,521805,Porteirão,  5 218 052 ,   4 070,4070.0,15.233415233415233
521810 PORTELANDIA,76.0,1,77.0,521810,Portelândia,  5 218 102 ,   3 280,3280.0,23.475609756097562
521830 POSSE,503.0,53,556.0,521830,Posse,  5 218 300 ,   34 914,34914.0,15.92484390215959
521839 PROFESSOR JAMIL,63.0,-,63.0,521839,Professor Jamil,  5 218 391 ,   3 649,3649.0,17.265004110715264
521850 QUIRINOPOLIS,736.0,298,1034.0,521850,Quirinópolis,  5 218 508 ,   48 447,48447.0,21.34291080975086
521860 RIALMA,150.0,17,167.0,521860,Rialma,  5 218 607 ,   12 165,12165.0,13.727907932593505
521870 RIANAPOLIS,60.0,16,76.0,521870,Rianápolis,  5 218 706 ,   3 980,3980.0,19.095477386934675
521878 RIO QUENTE,111.0,1,112.0,521878,Rio Quente,  5 218 789 ,   3 864,3864.0,28.985507246376812
521880 RIO VERDE,4191.0,1158,5349.0,521880,Rio Verde,  5 218 805 ,   225 696,225696.0,23.700021267545726
521890 RUBIATABA,273.0,21,294.0,521890,Rubiataba,  5 218 904 ,   19 788,19788.0,14.857489387507579
521900 SANCLERLANDIA,104.0,9,113.0,521900,Sanclerlândia,  5 219 001 ,   7 918,7918.0,14.271280626420813
521910 SANTA BARBARA DE GOIAS,82.0,20,102.0,521910,Santa Bárbara de Goiás,  5 219 100 ,   6 149,6149.0,16.588063099691006
521920 SANTA CRUZ DE GOIAS,79.0,1,80.0,521920,Santa Cruz de Goiás,  5 219 209 ,   3 002,3002.0,26.64890073284477
521925 SANTA FE DE GOIAS,70.0,-,70.0,521925,Santa Fé de Goiás,  5 219 258 ,   4 951,4951.0,14.138557867097557
521930 SANTA HELENA DE GOIAS,1112.0,70,1182.0,521930,Santa Helena de Goiás,  5 219 308 ,   38 492,38492.0,30.707679517821884
521935 SANTA ISABEL,58.0,1,59.0,521935,Santa Isabel,  5 219 357 ,   3 538,3538.0,16.67608818541549
521940 SANTA RITA DO ARAGUAIA,66.0,-,66.0,521940,Santa Rita do Araguaia,  5 219 407 ,   5 924,5924.0,11.141120864280891
521945 SANTA RITA DO NOVO DESTINO,50.0,-,50.0,521945,Santa Rita do Novo Destino,  5 219 456 ,   2 689,2689.0,18.59427296392711
521950 SANTA ROSA DE GOIAS,64.0,-,64.0,521950,Santa Rosa de Goiás,  5 219 506 ,   2 820,2820.0,22.69503546099291
521960 SANTA TEREZA DE GOIAS,98.0,-,98.0,521960,Santa Tereza de Goiás,  5 219 605 ,   3 293,3293.0,29.76009717582751
521970 SANTA TEREZINHA DE GOIAS,120.0,7,127.0,521970,Santa Terezinha de Goiás,  5 219 704 ,   10 645,10645.0,11.93048379520902
521971 SANTO ANTONIO DA BARRA,77.0,3,80.0,521971,Santo Antônio da Barra,  5 219 712 ,   4 267,4267.0,18.748535270681977
521973 SANTO ANTONIO DE GOIAS,119.0,3,122.0,521973,Santo Antônio de Goiás,  5 219 738 ,   7 386,7386.0,16.517736257785
521975 SANTO ANTONIO DO DESCOBERTO,469.0,132,601.0,521975,Santo Antônio do Descoberto,  5 219 753 ,   72 127,72127.0,8.3325245747085
521980 SAO DOMINGOS,127.0,-,127.0,521980,São Domingos,  5 219 803 ,   9 711,9711.0,13.077952836988981
521990 SAO FRANCISCO DE GOIAS,100.0,2,102.0,521990,São Francisco de Goiás,  5 219 902 ,   6 378,6378.0,15.992474129821261
522000 SAO JOAO D'ALIANCA,171.0,2,173.0,522000,São João d'Aliança,  5 220 009 ,   14 041,14041.0,12.321059753578806
522005 SAO JOAO DA PARAUNA,40.0,-,40.0,522005,São João da Paraúna,  5 220 058 ,   1 774,1774.0,22.547914317925592
522010 SAO LUIS DE MONTES BELOS,737.0,84,821.0,522010,São Luís de Montes Belos,  5 220 108 ,   33 852,33852.0,24.25262909133877
522015 SAO LUIZ DO NORTE,99.0,1,100.0,522015,São Luiz do Norte,  5 220 157 ,   4 837,4837.0,20.67397146991937
522020 SAO MIGUEL DO ARAGUAIA,259.0,40,299.0,522020,São Miguel do Araguaia,  5 220 207 ,   21 900,21900.0,13.65296803652968
522026 SAO MIGUEL DO PASSA QUATRO,64.0,-,64.0,522026,São Miguel do Passa Quatro,  5 220 264 ,   4 464,4464.0,14.336917562724015
522028 SAO PATRICIO,41.0,-,41.0,522028,São Patrício,  5 220 280 ,   2 143,2143.0,19.132057862809145
522040 SAO SIMAO,357.0,41,398.0,522040,São Simão,  5 220 405 ,   17 020,17020.0,23.384253819036427
522045 SENADOR CANEDO,1514.0,99,1613.0,522045,Senador Canedo,  5 220 454 ,   155 635,155635.0,10.363992675169467
522050 SERRANOPOLIS,82.0,-,82.0,522050,Serranópolis,  5 220 504 ,   8 027,8027.0,10.215522611187243
522060 SILVANIA,300.0,33,333.0,522060,Silvânia,  5 220 603 ,   22 245,22245.0,14.969656102494943
522068 SIMOLANDIA,88.0,1,89.0,522068,Simolândia,  5 220 686 ,   5 742,5742.0,15.499825844653431
522070 SITIO D'ABADIA,56.0,1,57.0,522070,Sítio d'Abadia,  5 220 702 ,   2 927,2927.0,19.473864024598566
522100 TAQUARAL DE GOIAS,63.0,2,65.0,522100,Taquaral de Goiás,  5 221 007 ,   4 026,4026.0,16.145057128663684
522108 TERESINA DE GOIAS,61.0,6,67.0,522108,Teresina de Goiás,  5 221 080 ,   2 701,2701.0,24.805627545353573
522119 TEREZOPOLIS DE GOIAS,73.0,2,75.0,522119,Terezópolis de Goiás,  5 221 197 ,   7 944,7944.0,9.441087613293051
522130 TRES RANCHOS,79.0,23,102.0,522130,Três Ranchos,  5 221 304 ,   2 921,2921.0,34.919548099965766
522140 TRINDADE,1983.0,147,2130.0,522140,Trindade,  5 221 403 ,   142 431,142431.0,14.954609600438106
522145 TROMBAS,62.0,-,62.0,522145,Trombas,  5 221 452 ,   3 120,3120.0,19.871794871794872
522150 TURVANIA,94.0,1,95.0,522150,Turvânia,  5 221 502 ,   4 480,4480.0,21.205357142857142
522155 TURVELANDIA,109.0,2,111.0,522155,Turvelândia,  5 221 551 ,   4 985,4985.0,22.26680040120361
522157 UIRAPURU,59.0,2,61.0,522157,Uirapuru,  5 221 577 ,   2 798,2798.0,21.801286633309505
522160 URUACU,1876.0,98,1974.0,522160,Uruaçu,  5 221 601 ,   42 546,42546.0,46.396841066140176
522170 URUANA,179.0,17,196.0,522170,Uruana,  5 221 700 ,   13 729,13729.0,14.27634933352757
522180 URUTAI,50.0,2,52.0,522180,Urutaí,  5 221 809 ,   3 553,3553.0,14.635519279482128
522185 VALPARAISO DE GOIAS,1918.0,246,2164.0,522185,Valparaíso de Goiás,  5 221 858 ,   198 861,198861.0,10.881972835297017
522190 VARJAO,49.0,-,49.0,522190,Varjão,  5 221 908 ,   3 716,3716.0,13.186221743810549
522200 VIANOPOLIS,150.0,7,157.0,522200,Vianópolis,  5 222 005 ,   14 956,14956.0,10.497459213693501
522205 VICENTINOPOLIS,104.0,6,110.0,522205,Vicentinópolis,  5 222 054 ,   8 768,8768.0,12.545620437956204
522220 VILA BOA,95.0,-,95.0,522220,Vila Boa,  5 222 203 ,   4 215,4215.0,22.538552787663107
522230 VILA PROPICIO,93.0,-,93.0,522230,Vila Propício,  5 222 302 ,   5 815,5815.0,15.99312123817713
530010 BRASILIA,49927.0,36964,86891.0,530010,Brasília,  5 300 108 ,  2 817 381,2817381.0,30.841054156324617
