Município,Sim,Não,Total
110001 ALTA FLORESTA D'OESTE,333,32,365
110002 ARIQUEMES,1189,350,1539
110003 CABIXI,101,15,116
110004 CACOAL,2573,575,3148
110005 CEREJEIRAS,257,14,271
110006 COLORADO DO OESTE,204,11,215
110007 CORUMBIARA,126,24,150
110008 COSTA MARQUES,127,-,127
110009 ESPIGAO D'OESTE,278,108,386
110010 GUAJARA-MIRIM,654,83,737
110011 JARU,708,169,877
110012 JI-PARANA,1483,728,2211
110013 MACHADINHO D'OESTE,327,21,348
110014 NOVA BRASILANDIA D'OESTE,152,13,165
110015 OURO PRETO DO OESTE,374,71,445
110018 PIMENTA BUENO,469,211,680
110020 PORTO VELHO,10653,2552,13205
110025 PRESIDENTE MEDICI,218,30,248
110026 RIO CRESPO,91,1,92
110028 ROLIM DE MOURA,594,177,771
110029 SANTA LUZIA D'OESTE,102,1,103
110030 VILHENA,1378,594,1972
110032 SAO MIGUEL DO GUAPORE,182,46,228
110033 NOVA MAMORE,300,9,309
110034 ALVORADA D'OESTE,152,15,167
110037 ALTO ALEGRE DOS PARECIS,130,11,141
110040 ALTO PARAISO,134,24,158
110045 BURITIS,399,67,466
110050 NOVO HORIZONTE DO OESTE,114,-,114
110060 CACAULANDIA,78,7,85
110070 CAMPO NOVO DE RONDONIA,157,4,161
110080 CANDEIAS DO JAMARI,267,3,270
110090 CASTANHEIRAS,98,-,98
110092 CHUPINGUAIA,165,11,176
110094 CUJUBIM,138,3,141
110100 GOVERNADOR JORGE TEIXEIRA,96,1,97
110110 ITAPUA DO OESTE,131,5,136
110120 MINISTRO ANDREAZZA,94,6,100
110130 MIRANTE DA SERRA,76,8,84
110140 MONTE NEGRO,193,14,207
110143 NOVA UNIAO,81,6,87
110145 PARECIS,68,-,68
110146 PIMENTEIRAS DO OESTE,59,-,59
110147 PRIMAVERA DE RONDONIA,71,-,71
110148 SAO FELIPE D'OESTE,81,2,83
110149 SAO FRANCISCO DO GUAPORE,287,14,301
110150 SERINGUEIRAS,104,22,126
110155 TEIXEIROPOLIS,63,-,63
110160 THEOBROMA,161,-,161
110170 URUPA,95,29,124
110175 VALE DO ANARI,106,1,107
110180 VALE DO PARAISO,97,-,97
120001 ACRELANDIA,217,2,219
120005 ASSIS BRASIL,161,-,161
120010 BRASILEIA,594,9,603
120013 BUJARI,98,2,100
120017 CAPIXABA,129,-,129
120020 CRUZEIRO DO SUL,1905,141,2046
120025 EPITACIOLANDIA,138,2,140
120030 FEIJO,305,1,306
120032 JORDAO,122,2,124
120033 MANCIO LIMA,285,5,290
120034 MANOEL URBANO,141,-,141
120035 MARECHAL THAUMATURGO,253,-,253
120038 PLACIDO DE CASTRO,302,-,302
120039 PORTO WALTER,180,-,180
120040 RIO BRANCO,6840,1541,8381
120042 RODRIGUES ALVES,206,1,207
120043 SANTA ROSA DO PURUS,149,-,149
120045 SENADOR GUIOMARD,302,5,307
120050 SENA MADUREIRA,607,16,623
120060 TARAUACA,429,30,459
120070 XAPURI,208,2,210
120080 PORTO ACRE,162,-,162
130002 ALVARAES,301,2,303
130006 AMATURA,249,-,249
130008 ANAMA,243,15,258
130010 ANORI,251,-,251
130014 APUI,273,-,273
130020 ATALAIA DO NORTE,431,-,431
130030 AUTAZES,540,-,540
130040 BARCELOS,472,1,473
130050 BARREIRINHA,495,3,498
130060 BENJAMIN CONSTANT,572,3,575
130063 BERURI,265,5,270
130068 BOA VISTA DO RAMOS,297,-,297
130070 BOCA DO ACRE,559,4,563
130080 BORBA,781,-,781
130083 CAAPIRANGA,250,-,250
130090 CANUTAMA,201,-,201
130100 CARAUARI,288,8,296
130110 CAREIRO,672,-,672
130115 CAREIRO DA VARZEA,334,-,334
130120 COARI,1081,7,1088
130130 CODAJAS,343,2,345
130140 EIRUNEPE,553,6,559
130150 ENVIRA,469,-,469
130160 FONTE BOA,553,-,553
130165 GUAJARA,301,2,303
130170 HUMAITA,891,146,1037
130180 IPIXUNA,276,-,276
130185 IRANDUBA,865,9,874
130190 ITACOATIARA,1623,56,1679
130195 ITAMARATI,154,-,154
130200 ITAPIRANGA,167,2,169
130210 JAPURA,189,-,189
130220 JURUA,162,-,162
130230 JUTAI,366,-,366
130240 LABREA,802,4,806
130250 MANACAPURU,1623,38,1661
130255 MANAQUIRI,273,-,273
130260 MANAUS,29652,6696,36348
130270 MANICORE,835,10,845
130280 MARAA,244,2,246
130290 MAUES,650,6,656
130300 NHAMUNDA,416,2,418
130310 NOVA OLINDA DO NORTE,456,1,457
130320 NOVO AIRAO,332,-,332
130330 NOVO ARIPUANA,301,-,301
130340 PARINTINS,1590,50,1640
130350 PAUINI,289,-,289
130353 PRESIDENTE FIGUEIREDO,463,26,489
130356 RIO PRETO DA EVA,539,5,544
130360 SANTA ISABEL DO RIO NEGRO,295,2,297
130370 SANTO ANTONIO DO ICA,478,8,486
130380 SAO GABRIEL DA CACHOEIRA,876,6,882
130390 SAO PAULO DE OLIVENCA,668,-,668
130395 SAO SEBASTIAO DO UATUMA,216,-,216
130400 SILVES,196,1,197
130406 TABATINGA,1312,10,1322
130410 TAPAUA,438,1,439
130420 TEFE,1177,29,1206
130423 TONANTINS,349,-,349
130426 UARINI,268,-,268
130430 URUCARA,281,2,283
130440 URUCURITUBA,396,-,396
140002 AMAJARI,309,-,309
140005 ALTO ALEGRE,534,-,534
140010 BOA VISTA,7862,605,8467
140015 BONFIM,263,1,264
140017 CANTA,215,-,215
140020 CARACARAI,389,-,389
140023 CAROEBE,180,-,180
140028 IRACEMA,210,1,211
140030 MUCAJAI,298,5,303
140040 NORMANDIA,228,-,228
140045 PACARAIMA,239,4,243
140047 RORAINOPOLIS,491,3,494
140050 SAO JOAO DA BALIZA,148,-,148
140060 SAO LUIZ,182,3,185
140070 UIRAMUTA,307,-,307
150010 ABAETETUBA,1879,97,1976
150013 ABEL FIGUEIREDO,121,-,121
150020 ACARA,406,-,406
150030 AFUA,302,1,303
150034 AGUA AZUL DO NORTE,320,4,324
150040 ALENQUER,384,2,386
150050 ALMEIRIM,406,13,419
150060 ALTAMIRA,2794,88,2882
150070 ANAJAS,397,1,398
150080 ANANINDEUA,5047,726,5773
150085 ANAPU,244,3,247
150090 AUGUSTO CORREA,480,60,540
150095 AURORA DO PARA,327,5,332
150100 AVEIRO,150,-,150
150110 BAGRE,296,-,296
150120 BAIAO,375,-,375
150125 BANNACH,86,1,87
150130 BARCARENA,1266,172,1438
150140 BELEM,18688,4536,23224
150145 BELTERRA,189,1,190
150150 BENEVIDES,615,17,632
150157 BOM JESUS DO TOCANTINS,227,1,228
150160 BONITO,162,-,162
150170 BRAGANCA,1350,42,1392
150172 BRASIL NOVO,234,5,239
150175 BREJO GRANDE DO ARAGUAIA,101,2,103
150178 BREU BRANCO,486,8,494
150180 BREVES,1180,236,1416
150190 BUJARU,257,-,257
150195 CACHOEIRA DO PIRIA,252,-,252
150200 CACHOEIRA DO ARARI,151,2,153
150210 CAMETA,1448,239,1687
150215 CANAA DOS CARAJAS,1037,598,1635
150220 CAPANEMA,1110,87,1197
150230 CAPITAO POCO,527,35,562
150240 CASTANHAL,2572,115,2687
150250 CHAVES,171,-,171
150260 COLARES,125,-,125
150270 CONCEICAO DO ARAGUAIA,621,30,651
150275 CONCORDIA DO PARA,234,6,240
150276 CUMARU DO NORTE,158,1,159
150277 CURIONOPOLIS,211,11,222
150280 CURRALINHO,330,-,330
150285 CURUA,129,-,129
150290 CURUCA,280,-,280
150293 DOM ELISEU,579,58,637
150295 ELDORADO DOS CARAJAS,310,35,345
150300 FARO,151,-,151
150304 FLORESTA DO ARAGUAIA,247,2,249
150307 GARRAFAO DO NORTE,410,-,410
150309 GOIANESIA DO PARA,291,-,291
150310 GURUPA,284,-,284
150320 IGARAPE-ACU,631,9,640
150330 IGARAPE-MIRI,488,8,496
150340 INHANGAPI,145,-,145
150345 IPIXUNA DO PARA,678,77,755
150350 IRITUIA,368,-,368
150360 ITAITUBA,1527,151,1678
150370 ITUPIRANGA,419,1,420
150375 JACAREACANGA,343,-,343
150380 JACUNDA,464,37,501
150390 JURUTI,588,97,685
150400 LIMOEIRO DO AJURU,344,-,344
150405 MAE DO RIO,276,70,346
150410 MAGALHAES BARATA,139,-,139
150420 MARABA,3649,944,4593
150430 MARACANA,369,-,369
150440 MARAPANIM,226,2,228
150442 MARITUBA,1265,40,1305
150445 MEDICILANDIA,215,9,224
150450 MELGACO,223,-,223
150460 MOCAJUBA,241,-,241
150470 MOJU,367,13,380
150475 MOJUI DOS CAMPOS,210,1,211
150480 MONTE ALEGRE,487,13,500
150490 MUANA,245,-,245
150495 NOVA ESPERANCA DO PIRIA,277,1,278
150497 NOVA IPIXUNA,146,4,150
150500 NOVA TIMBOTEUA,238,9,247
150503 NOVO PROGRESSO,474,56,530
150506 NOVO REPARTIMENTO,612,25,637
150510 OBIDOS,393,37,430
150520 OEIRAS DO PARA,331,-,331
150530 ORIXIMINA,680,173,853
150540 OUREM,253,-,253
150543 OURILANDIA DO NORTE,427,33,460
150548 PACAJA,421,22,443
150549 PALESTINA DO PARA,61,1,62
150550 PARAGOMINAS,1110,247,1357
150553 PARAUAPEBAS,2957,1212,4169
150555 PAU D'ARCO,135,-,135
150560 PEIXE-BOI,86,-,86
150563 PICARRA,175,-,175
150565 PLACAS,217,3,220
150570 PONTA DE PEDRAS,238,-,238
150580 PORTEL,591,-,591
150590 PORTO DE MOZ,308,1,309
150600 PRAINHA,245,1,246
150610 PRIMAVERA,128,1,129
150611 QUATIPURU,140,-,140
150613 REDENCAO,1372,222,1594
150616 RIO MARIA,211,14,225
150618 RONDON DO PARA,324,12,336
150619 RUROPOLIS,317,6,323
150620 SALINOPOLIS,438,17,455
150630 SALVATERRA,205,-,205
150635 SANTA BARBARA DO PARA,217,-,217
150640 SANTA CRUZ DO ARARI,104,-,104
150650 SANTA IZABEL DO PARA,568,18,586
150655 SANTA LUZIA DO PARA,255,-,255
150658 SANTA MARIA DAS BARREIRAS,191,4,195
150660 SANTA MARIA DO PARA,249,6,255
150670 SANTANA DO ARAGUAIA,487,14,501
150680 SANTAREM,4499,373,4872
150690 SANTAREM NOVO,113,-,113
150700 SANTO ANTONIO DO TAUA,259,1,260
150710 SAO CAETANO DE ODIVELAS,214,-,214
150715 SAO DOMINGOS DO ARAGUAIA,182,1,183
150720 SAO DOMINGOS DO CAPIM,431,2,433
150730 SAO FELIX DO XINGU,856,43,899
150740 SAO FRANCISCO DO PARA,166,-,166
150745 SAO GERALDO DO ARAGUAIA,243,9,252
150746 SAO JOAO DA PONTA,37,-,37
150747 SAO JOAO DE PIRABAS,233,-,233
150750 SAO JOAO DO ARAGUAIA,120,-,120
150760 SAO MIGUEL DO GUAMA,557,30,587
150770 SAO SEBASTIAO DA BOA VISTA,240,-,240
150775 SAPUCAIA,102,-,102
150780 SENADOR JOSE PORFIRIO,138,-,138
150790 SOURE,179,-,179
150795 TAILANDIA,743,84,827
150796 TERRA ALTA,155,-,155
150797 TERRA SANTA,174,5,179
150800 TOME-ACU,522,34,556
150803 TRACUATEUA,253,1,254
150805 TRAIRAO,160,-,160
150808 TUCUMA,387,45,432
150810 TUCURUI,2012,78,2090
150812 ULIANOPOLIS,519,10,529
150815 URUARA,313,4,317
150820 VIGIA,305,1,306
150830 VISEU,592,-,592
150835 VITORIA DO XINGU,338,8,346
150840 XINGUARA,551,96,647
160005 SERRA DO NAVIO,118,-,118
160010 AMAPA,236,1,237
160015 PEDRA BRANCA DO AMAPARI,364,11,375
160020 CALCOENE,196,-,196
160021 CUTIAS,134,-,134
160023 FERREIRA GOMES,271,5,276
160025 ITAUBAL,85,-,85
160027 LARANJAL DO JARI,588,12,600
160030 MACAPA,9589,591,10180
160040 MAZAGAO,365,33,398
160050 OIAPOQUE,324,6,330
160053 PORTO GRANDE,493,7,500
160055 PRACUUBA,87,-,87
160060 SANTANA,1551,101,1652
160070 TARTARUGALZINHO,285,-,285
160080 VITORIA DO JARI,169,-,169
170025 ABREULANDIA,51,-,51
170030 AGUIARNOPOLIS,84,-,84
170035 ALIANCA DO TOCANTINS,75,1,76
170040 ALMAS,117,-,117
170070 ALVORADA,215,2,217
170100 ANANAS,141,-,141
170105 ANGICO,61,-,61
170110 APARECIDA DO RIO NEGRO,54,-,54
170130 ARAGOMINAS,107,-,107
170190 ARAGUACEMA,116,-,116
170200 ARAGUACU,227,-,227
170210 ARAGUAINA,5002,289,5291
170215 ARAGUANA,100,-,100
170220 ARAGUATINS,334,24,358
170230 ARAPOEMA,223,-,223
170240 ARRAIAS,285,6,291
170255 AUGUSTINOPOLIS,877,6,883
170270 AURORA DO TOCANTINS,49,-,49
170290 AXIXA DO TOCANTINS,106,-,106
170300 BABACULANDIA,121,-,121
170305 BANDEIRANTES DO TOCANTINS,86,-,86
170307 BARRA DO OURO,59,-,59
170310 BARROLANDIA,86,-,86
170320 BERNARDO SAYAO,49,-,49
170330 BOM JESUS DO TOCANTINS,47,-,47
170360 BRASILANDIA DO TOCANTINS,38,-,38
170370 BREJINHO DE NAZARE,110,-,110
170380 BURITI DO TOCANTINS,131,2,133
170382 CACHOEIRINHA,34,-,34
170384 CAMPOS LINDOS,109,-,109
170386 CARIRI DO TOCANTINS,75,2,77
170388 CARMOLANDIA,41,-,41
170389 CARRASCO BONITO,79,-,79
170390 CASEARA,52,-,52
170410 CENTENARIO,49,2,51
170460 CHAPADA DE AREIA,44,-,44
170510 CHAPADA DA NATIVIDADE,69,-,69
170550 COLINAS DO TOCANTINS,391,31,422
170555 COMBINADO,60,-,60
170560 CONCEICAO DO TOCANTINS,95,-,95
170600 COUTO MAGALHAES,74,1,75
170610 CRISTALANDIA,123,1,124
170625 CRIXAS DO TOCANTINS,39,-,39
170650 DARCINOPOLIS,80,1,81
170700 DIANOPOLIS,401,11,412
170710 DIVINOPOLIS DO TOCANTINS,146,-,146
170720 DOIS IRMAOS DO TOCANTINS,89,-,89
170730 DUERE,129,-,129
170740 ESPERANTINA,148,-,148
170755 FATIMA,88,-,88
170765 FIGUEIROPOLIS,87,-,87
170770 FILADELFIA,134,-,134
170820 FORMOSO DO ARAGUAIA,326,2,328
170825 FORTALEZA DO TABOCAO,73,-,73
170830 GOIANORTE,76,-,76
170900 GOIATINS,153,-,153
170930 GUARAI,599,18,617
170950 GURUPI,1950,179,2129
170980 IPUEIRAS,58,-,58
171050 ITACAJA,152,1,153
171070 ITAGUATINS,85,-,85
171090 ITAPIRATINS,56,-,56
171110 ITAPORA DO TOCANTINS,56,-,56
171150 JAU DO TOCANTINS,58,-,58
171180 JUARINA,34,-,34
171190 LAGOA DA CONFUSAO,119,3,122
171195 LAGOA DO TOCANTINS,67,-,67
171200 LAJEADO,90,2,92
171215 LAVANDEIRA,43,-,43
171240 LIZARDA,44,-,44
171245 LUZINOPOLIS,56,2,58
171250 MARIANOPOLIS DO TOCANTINS,92,-,92
171270 MATEIROS,37,-,37
171280 MAURILANDIA DO TOCANTINS,64,-,64
171320 MIRACEMA DO TOCANTINS,512,8,520
171330 MIRANORTE,152,10,162
171360 MONTE DO CARMO,141,-,141
171370 MONTE SANTO DO TOCANTINS,33,1,34
171380 PALMEIRAS DO TOCANTINS,72,-,72
171395 MURICILANDIA,69,-,69
171420 NATIVIDADE,123,3,126
171430 NAZARE,66,1,67
171488 NOVA OLINDA,137,1,138
171500 NOVA ROSALANDIA,84,-,84
171510 NOVO ACORDO,65,-,65
171515 NOVO ALEGRE,69,-,69
171525 NOVO JARDIM,48,-,48
171550 OLIVEIRA DE FATIMA,46,-,46
171570 PALMEIRANTE,57,39,96
171575 PALMEIROPOLIS,130,4,134
171610 PARAISO DO TOCANTINS,889,129,1018
171620 PARANA,172,1,173
171630 PAU D'ARCO,65,-,65
171650 PEDRO AFONSO,398,6,404
171660 PEIXE,183,-,183
171665 PEQUIZEIRO,85,4,89
171670 COLMEIA,107,1,108
171700 PINDORAMA DO TOCANTINS,76,-,76
171720 PIRAQUE,47,-,47
171750 PIUM,103,4,107
171780 PONTE ALTA DO BOM JESUS,91,-,91
171790 PONTE ALTA DO TOCANTINS,135,-,135
171800 PORTO ALEGRE DO TOCANTINS,51,4,55
171820 PORTO NACIONAL,1529,71,1600
171830 PRAIA NORTE,104,-,104
171840 PRESIDENTE KENNEDY,49,-,49
171845 PUGMIL,45,-,45
171850 RECURSOLANDIA,60,-,60
171855 RIACHINHO,59,2,61
171865 RIO DA CONCEICAO,48,-,48
171870 RIO DOS BOIS,45,-,45
171875 RIO SONO,103,1,104
171880 SAMPAIO,51,1,52
171884 SANDOLANDIA,50,-,50
171886 SANTA FE DO ARAGUAIA,102,-,102
171888 SANTA MARIA DO TOCANTINS,50,-,50
171889 SANTA RITA DO TOCANTINS,53,-,53
171890 SANTA ROSA DO TOCANTINS,82,-,82
171900 SANTA TEREZA DO TOCANTINS,58,-,58
172000 SANTA TEREZINHA DO TOCANTINS,37,-,37
172010 SAO BENTO DO TOCANTINS,91,-,91
172015 SAO FELIX DO TOCANTINS,48,2,50
172020 SAO MIGUEL DO TOCANTINS,157,-,157
172025 SAO SALVADOR DO TOCANTINS,72,-,72
172030 SAO SEBASTIAO DO TOCANTINS,69,-,69
172049 SAO VALERIO,85,-,85
172065 SILVANOPOLIS,109,1,110
172080 SITIO NOVO DO TOCANTINS,196,-,196
172085 SUCUPIRA,28,-,28
172090 TAGUATINGA,260,2,262
172093 TAIPAS DO TOCANTINS,40,-,40
172097 TALISMA,57,-,57
172100 PALMAS,6890,1556,8446
172110 TOCANTINIA,130,-,130
172120 TOCANTINOPOLIS,316,12,328
172125 TUPIRAMA,68,-,68
172130 TUPIRATINS,34,-,34
172208 WANDERLANDIA,125,3,128
172210 XAMBIOA,186,8,194
210005 ACAILANDIA,1256,316,1572
210010 AFONSO CUNHA,86,-,86
210015 AGUA DOCE DO MARANHAO,105,-,105
210020 ALCANTARA,240,1,241
210030 ALDEIAS ALTAS,243,-,243
210040 ALTAMIRA DO MARANHAO,97,-,97
210043 ALTO ALEGRE DO MARANHAO,416,-,416
210047 ALTO ALEGRE DO PINDARE,436,5,441
210050 ALTO PARNAIBA,180,12,192
210055 AMAPA DO MARANHAO,78,-,78
210060 AMARANTE DO MARANHAO,890,-,890
210070 ANAJATUBA,323,3,326
210080 ANAPURUS,142,2,144
210083 APICUM-ACU,157,-,157
210087 ARAGUANA,131,-,131
210090 ARAIOSES,299,1,300
210095 ARAME,289,4,293
210100 ARARI,330,-,330
210110 AXIXA,198,-,198
210120 BACABAL,1826,197,2023
210125 BACABEIRA,176,-,176
210130 BACURI,188,1,189
210135 BACURITUBA,71,-,71
210140 BALSAS,1293,142,1435
210150 BARAO DE GRAJAU,264,1,265
210160 BARRA DO CORDA,1219,34,1253
210170 BARREIRINHAS,737,-,737
210173 BELAGUA,108,-,108
210177 BELA VISTA DO MARANHAO,184,-,184
210180 BENEDITO LEITE,91,4,95
210190 BEQUIMAO,229,11,240
210193 BERNARDO DO MEARIM,112,-,112
210197 BOA VISTA DO GURUPI,75,-,75
210200 BOM JARDIM,482,-,482
210203 BOM JESUS DAS SELVAS,382,-,382
210207 BOM LUGAR,121,3,124
210210 BREJO,294,-,294
210215 BREJO DE AREIA,80,2,82
210220 BURITI,399,2,401
210230 BURITI BRAVO,275,-,275
210232 BURITICUPU,830,11,841
210235 BURITIRANA,129,-,129
210237 CACHOEIRA GRANDE,121,-,121
210240 CAJAPIO,158,-,158
210250 CAJARI,182,-,182
210255 CAMPESTRE DO MARANHAO,176,1,177
210260 CANDIDO MENDES,221,-,221
210270 CANTANHEDE,321,-,321
210275 CAPINZAL DO NORTE,228,11,239
210280 CAROLINA,255,7,262
210290 CARUTAPERA,501,-,501
210300 CAXIAS,3110,304,3414
210310 CEDRAL,115,-,115
210312 CENTRAL DO MARANHAO,76,-,76
210315 CENTRO DO GUILHERME,95,-,95
210317 CENTRO NOVO DO MARANHAO,247,-,247
210320 CHAPADINHA,1155,36,1191
210325 CIDELANDIA,170,1,171
210330 CODO,1655,43,1698
210340 COELHO NETO,697,46,743
210350 COLINAS,740,16,756
210355 CONCEICAO DO LAGO-ACU,152,-,152
210360 COROATA,1137,30,1167
210370 CURURUPU,512,-,512
210375 DAVINOPOLIS,169,4,173
210380 DOM PEDRO,355,2,357
210390 DUQUE BACELAR,149,5,154
210400 ESPERANTINOPOLIS,231,2,233
210405 ESTREITO,440,9,449
210407 FEIRA NOVA DO MARANHAO,104,2,106
210408 FERNANDO FALCAO,143,-,143
210409 FORMOSA DA SERRA NEGRA,160,-,160
210410 FORTALEZA DOS NOGUEIRAS,133,2,135
210420 FORTUNA,181,-,181
210430 GODOFREDO VIANA,104,5,109
210440 GONCALVES DIAS,198,1,199
210450 GOVERNADOR ARCHER,121,-,121
210455 GOVERNADOR EDISON LOBAO,225,6,231
210460 GOVERNADOR EUGENIO BARROS,199,-,199
210462 GOVERNADOR LUIZ ROCHA,86,-,86
210465 GOVERNADOR NEWTON BELLO,157,-,157
210467 GOVERNADOR NUNES FREIRE,360,-,360
210470 GRACA ARANHA,61,-,61
210480 GRAJAU,905,1,906
210490 GUIMARAES,131,-,131
210500 HUMBERTO DE CAMPOS,333,2,335
210510 ICATU,239,-,239
210515 IGARAPE DO MEIO,180,-,180
210520 IGARAPE GRANDE,188,5,193
210530 IMPERATRIZ,4558,846,5404
210535 ITAIPAVA DO GRAJAU,167,-,167
210540 ITAPECURU MIRIM,811,39,850
210542 ITINGA DO MARANHAO,246,-,246
210545 JATOBA,105,-,105
210547 JENIPAPO DOS VIEIRAS,192,-,192
210550 JOAO LISBOA,339,5,344
210560 JOSELANDIA,155,7,162
210565 JUNCO DO MARANHAO,75,-,75
210570 LAGO DA PEDRA,589,10,599
210580 LAGO DO JUNCO,180,-,180
210590 LAGO VERDE,111,-,111
210592 LAGOA DO MATO,155,-,155
210594 LAGO DOS RODRIGUES,140,-,140
210596 LAGOA GRANDE DO MARANHAO,126,-,126
210598 LAJEADO NOVO,102,-,102
210600 LIMA CAMPOS,181,47,228
210610 LORETO,137,1,138
210620 LUIS DOMINGUES,100,-,100
210630 MAGALHAES DE ALMEIDA,179,-,179
210632 MARACACUME,200,3,203
210635 MARAJA DO SENA,63,-,63
210637 MARANHAOZINHO,121,-,121
210640 MATA ROMA,295,1,296
210650 MATINHA,205,1,206
210660 MATOES,390,3,393
210663 MATOES DO NORTE,172,4,176
210667 MILAGRES DO MARANHAO,117,-,117
210670 MIRADOR,255,-,255
210675 MIRANDA DO NORTE,394,3,397
210680 MIRINZAL,124,1,125
210690 MONCAO,431,-,431
210700 MONTES ALTOS,109,-,109
210710 MORROS,312,-,312
210720 NINA RODRIGUES,197,-,197
210725 NOVA COLINAS,71,-,71
210730 NOVA IORQUE,55,-,55
210735 NOVA OLINDA DO MARANHAO,191,1,192
210740 OLHO D'AGUA DAS CUNHAS,171,-,171
210745 OLINDA NOVA DO MARANHAO,168,-,168
210750 PACO DO LUMIAR,1073,59,1132
210760 PALMEIRANDIA,201,1,202
210770 PARAIBANO,242,1,243
210780 PARNARAMA,461,8,469
210790 PASSAGEM FRANCA,261,-,261
210800 PASTOS BONS,243,1,244
210805 PAULINO NEVES,221,-,221
210810 PAULO RAMOS,201,-,201
210820 PEDREIRAS,711,56,767
210825 PEDRO DO ROSARIO,363,17,380
210830 PENALVA,391,1,392
210840 PERI MIRIM,163,-,163
210845 PERITORO,433,7,440
210850 PINDARE-MIRIM,326,-,326
210860 PINHEIRO,1340,49,1389
210870 PIO XII,290,-,290
210880 PIRAPEMAS,206,3,209
210890 POCAO DE PEDRAS,183,3,186
210900 PORTO FRANCO,298,6,304
210905 PORTO RICO DO MARANHAO,79,2,81
210910 PRESIDENTE DUTRA,903,52,955
210920 PRESIDENTE JUSCELINO,124,-,124
210923 PRESIDENTE MEDICI,123,-,123
210927 PRESIDENTE SARNEY,217,8,225
210930 PRESIDENTE VARGAS,181,-,181
210940 PRIMEIRA CRUZ,117,-,117
210945 RAPOSA,405,52,457
210950 RIACHAO,196,-,196
210955 RIBAMAR FIQUENE,123,-,123
210960 ROSARIO,472,10,482
210970 SAMBAIBA,68,-,68
210975 SANTA FILOMENA DO MARANHAO,79,-,79
210980 SANTA HELENA,340,-,340
210990 SANTA INES,1225,214,1439
211000 SANTA LUZIA,700,8,708
211003 SANTA LUZIA DO PARUA,353,1,354
211010 SANTA QUITERIA DO MARANHAO,361,-,361
211020 SANTA RITA,457,8,465
211023 SANTANA DO MARANHAO,132,-,132
211027 SANTO AMARO DO MARANHAO,141,-,141
211030 SANTO ANTONIO DOS LOPES,185,2,187
211040 SAO BENEDITO DO RIO PRETO,227,-,227
211050 SAO BENTO,380,-,380
211060 SAO BERNARDO,308,-,308
211065 SAO DOMINGOS DO AZEITAO,88,-,88
211070 SAO DOMINGOS DO MARANHAO,540,1,541
211080 SAO FELIX DE BALSAS,87,-,87
211085 SAO FRANCISCO DO BREJAO,132,-,132
211090 SAO FRANCISCO DO MARANHAO,151,2,153
211100 SAO JOAO BATISTA,193,-,193
211102 SAO JOAO DO CARU,173,-,173
211105 SAO JOAO DO PARAISO,111,-,111
211107 SAO JOAO DO SOTER,215,9,224
211110 SAO JOAO DOS PATOS,368,-,368
211120 SAO JOSE DE RIBAMAR,1443,125,1568
211125 SAO JOSE DOS BASILIOS,106,-,106
211130 SAO LUIS,22830,6150,28980
211140 SAO LUIS GONZAGA DO MARANHAO,206,4,210
211150 SAO MATEUS DO MARANHAO,361,39,400
211153 SAO PEDRO DA AGUA BRANCA,203,1,204
211157 SAO PEDRO DOS CRENTES,117,10,127
211160 SAO RAIMUNDO DAS MANGABEIRAS,229,1,230
211163 SAO RAIMUNDO DO DOCA BEZERRA,88,-,88
211167 SAO ROBERTO,85,-,85
211170 SAO VICENTE FERRER,210,-,210
211172 SATUBINHA,193,-,193
211174 SENADOR ALEXANDRE COSTA,100,-,100
211176 SENADOR LA ROCQUE,182,-,182
211178 SERRANO DO MARANHAO,133,-,133
211180 SITIO NOVO,286,-,286
211190 SUCUPIRA DO NORTE,159,-,159
211195 SUCUPIRA DO RIACHAO,90,-,90
211200 TASSO FRAGOSO,122,-,122
211210 TIMBIRAS,386,4,390
211220 TIMON,1880,52,1932
211223 TRIZIDELA DO VALE,273,-,273
211227 TUFILANDIA,132,-,132
211230 TUNTUM,636,2,638
211240 TURIACU,357,-,357
211245 TURILANDIA,221,-,221
211250 TUTOIA,543,12,555
211260 URBANO SANTOS,212,-,212
211270 VARGEM GRANDE,517,-,517
211280 VIANA,610,1,611
211285 VILA NOVA DOS MARTIRIOS,176,-,176
211290 VITORIA DO MEARIM,368,5,373
211300 VITORINO FREIRE,311,1,312
211400 ZE DOCA,446,1,447
220005 ACAUA,61,-,61
220010 AGRICOLANDIA,80,-,80
220020 AGUA BRANCA,273,1,274
220025 ALAGOINHA DO PIAUI,63,-,63
220027 ALEGRETE DO PIAUI,48,-,48
220030 ALTO LONGA,131,-,131
220040 ALTOS,482,17,499
220045 ALVORADA DO GURGUEIA,63,-,63
220050 AMARANTE,239,-,239
220060 ANGICAL DO PIAUI,111,-,111
220070 ANISIO DE ABREU,95,-,95
220080 ANTONIO ALMEIDA,63,-,63
220090 AROAZES,81,-,81
220095 AROEIRAS DO ITAIM,27,1,28
220100 ARRAIAL,59,-,59
220105 ASSUNCAO DO PIAUI,70,-,70
220110 AVELINO LOPES,121,-,121
220115 BAIXA GRANDE DO RIBEIRO,139,1,140
220117 BARRA D'ALCANTARA,46,-,46
220120 BARRAS,492,5,497
220130 BARREIRAS DO PIAUI,43,-,43
220140 BARRO DURO,87,-,87
220150 BATALHA,202,-,202
220155 BELA VISTA DO PIAUI,50,-,50
220157 BELEM DO PIAUI,40,-,40
220160 BENEDITINOS,114,-,114
220170 BERTOLINIA,77,-,77
220173 BETANIA DO PIAUI,90,-,90
220177 BOA HORA,44,-,44
220180 BOCAINA,61,-,61
220190 BOM JESUS,480,13,493
220191 BOM PRINCIPIO DO PIAUI,61,-,61
220192 BONFIM DO PIAUI,40,-,40
220194 BOQUEIRAO DO PIAUI,71,-,71
220196 BRASILEIRA,71,3,74
220198 BREJO DO PIAUI,45,2,47
220200 BURITI DOS LOPES,205,2,207
220202 BURITI DOS MONTES,93,-,93
220205 CABECEIRAS DO PIAUI,66,-,66
220207 CAJAZEIRAS DO PIAUI,46,-,46
220208 CAJUEIRO DA PRAIA,74,-,74
220209 CALDEIRAO GRANDE DO PIAUI,61,-,61
220210 CAMPINAS DO PIAUI,57,-,57
220211 CAMPO ALEGRE DO FIDALGO,41,-,41
220213 CAMPO GRANDE DO PIAUI,54,1,55
220217 CAMPO LARGO DO PIAUI,54,-,54
220220 CAMPO MAIOR,859,123,982
220225 CANAVIEIRA,46,-,46
220230 CANTO DO BURITI,309,2,311
220240 CAPITAO DE CAMPOS,132,-,132
220245 CAPITAO GERVASIO OLIVEIRA,53,-,53
220250 CARACOL,95,5,100
220253 CARAUBAS DO PIAUI,67,-,67
220255 CARIDADE DO PIAUI,51,-,51
220260 CASTELO DO PIAUI,194,4,198
220265 CAXINGO,47,-,47
220270 COCAL,286,-,286
220271 COCAL DE TELHA,58,-,58
220272 COCAL DOS ALVES,75,-,75
220273 COIVARAS,35,-,35
220275 COLONIA DO GURGUEIA,76,1,77
220277 COLONIA DO PIAUI,76,-,76
220280 CONCEICAO DO CANINDE,75,-,75
220285 CORONEL JOSE DIAS,34,-,34
220290 CORRENTE,309,13,322
220300 CRISTALANDIA DO PIAUI,91,-,91
220310 CRISTINO CASTRO,116,-,116
220320 CURIMATA,162,-,162
220323 CURRAIS,47,-,47
220325 CURRALINHOS,52,-,52
220327 CURRAL NOVO DO PIAUI,57,-,57
220330 DEMERVAL LOBAO,204,-,204
220335 DIRCEU ARCOVERDE,73,-,73
220340 DOM EXPEDITO LOPES,72,-,72
220342 DOMINGOS MOURAO,40,-,40
220345 DOM INOCENCIO,120,1,121
220350 ELESBAO VELOSO,195,6,201
220360 ELISEU MARTINS,66,-,66
220370 ESPERANTINA,474,68,542
220375 FARTURA DO PIAUI,38,2,40
220380 FLORES DO PIAUI,51,-,51
220385 FLORESTA DO PIAUI,28,-,28
220390 FLORIANO,1601,98,1699
220400 FRANCINOPOLIS,58,-,58
220410 FRANCISCO AYRES,56,-,56
220415 FRANCISCO MACEDO,36,-,36
220420 FRANCISCO SANTOS,84,1,85
220430 FRONTEIRAS,142,1,143
220435 GEMINIANO,44,1,45
220440 GILBUES,123,-,123
220450 GUADALUPE,153,5,158
220455 GUARIBAS,39,-,39
220460 HUGO NAPOLEAO,58,-,58
220465 ILHA GRANDE,95,-,95
220470 INHUMA,202,5,207
220480 IPIRANGA DO PIAUI,131,1,132
220490 ISAIAS COELHO,80,-,80
220500 ITAINOPOLIS,141,3,144
220510 ITAUEIRA,133,2,135
220515 JACOBINA DO PIAUI,71,8,79
220520 JAICOS,193,4,197
220525 JARDIM DO MULATO,55,-,55
220527 JATOBA DO PIAUI,47,-,47
220530 JERUMENHA,56,-,56
220535 JOAO COSTA,53,-,53
220540 JOAQUIM PIRES,111,-,111
220545 JOCA MARQUES,49,-,49
220550 JOSE DE FREITAS,355,6,361
220551 JUAZEIRO DO PIAUI,46,1,47
220552 JULIO BORGES,70,2,72
220553 JUREMA,50,-,50
220554 LAGOINHA DO PIAUI,32,-,32
220555 LAGOA ALEGRE,61,-,61
220556 LAGOA DO BARRO DO PIAUI,89,-,89
220557 LAGOA DE SAO FRANCISCO,62,-,62
220558 LAGOA DO PIAUI,35,-,35
220559 LAGOA DO SITIO,47,-,47
220560 LANDRI SALES,74,-,74
220570 LUIS CORREIA,298,2,300
220580 LUZILANDIA,282,2,284
220585 MADEIRO,60,-,60
220590 MANOEL EMIDIO,80,-,80
220595 MARCOLANDIA,136,1,137
220600 MARCOS PARENTE,73,-,73
220605 MASSAPE DO PIAUI,56,1,57
220610 MATIAS OLIMPIO,87,-,87
220620 MIGUEL ALVES,289,-,289
220630 MIGUEL LEAO,36,-,36
220635 MILTON BRANDAO,68,-,68
220640 MONSENHOR GIL,124,-,124
220650 MONSENHOR HIPOLITO,75,-,75
220660 MONTE ALEGRE DO PIAUI,163,-,163
220665 MORRO CABECA NO TEMPO,39,-,39
220667 MORRO DO CHAPEU DO PIAUI,60,-,60
220669 MURICI DOS PORTELAS,70,-,70
220670 NAZARE DO PIAUI,65,-,65
220672 NAZARIA,77,-,77
220675 NOSSA SENHORA DE NAZARE,52,-,52
220680 NOSSA SENHORA DOS REMEDIOS,83,-,83
220690 NOVO ORIENTE DO PIAUI,81,-,81
220695 NOVO SANTO ANTONIO,55,-,55
220700 OEIRAS,663,16,679
220710 OLHO D'AGUA DO PIAUI,32,-,32
220720 PADRE MARCOS,64,-,64
220730 PAES LANDIM,78,-,78
220735 PAJEU DO PIAUI,36,-,36
220740 PALMEIRA DO PIAUI,51,-,51
220750 PALMEIRAIS,157,-,157
220755 PAQUETA,35,-,35
220760 PARNAGUA,144,-,144
220770 PARNAIBA,2167,259,2426
220775 PASSAGEM FRANCA DO PIAUI,49,-,49
220777 PATOS DO PIAUI,51,1,52
220779 PAU D'ARCO DO PIAUI,45,-,45
220780 PAULISTANA,457,53,510
220785 PAVUSSU,38,-,38
220790 PEDRO II,385,2,387
220793 PEDRO LAURENTINO,29,-,29
220795 NOVA SANTA RITA,42,-,42
220800 PICOS,1626,343,1969
220810 PIMENTEIRAS,125,-,125
220820 PIO IX,147,1,148
220830 PIRACURUCA,237,9,246
220840 PIRIPIRI,1014,43,1057
220850 PORTO,143,-,143
220855 PORTO ALEGRE DO PIAUI,37,-,37
220860 PRATA DO PIAUI,55,-,55
220865 QUEIMADA NOVA,97,1,98
220870 REDENCAO DO GURGUEIA,77,-,77
220880 REGENERACAO,214,-,214
220885 RIACHO FRIO,41,-,41
220887 RIBEIRA DO PIAUI,53,-,53
220890 RIBEIRO GONCALVES,91,-,91
220900 RIO GRANDE DO PIAUI,82,-,82
220910 SANTA CRUZ DO PIAUI,67,3,70
220915 SANTA CRUZ DOS MILAGRES,47,-,47
220920 SANTA FILOMENA,70,-,70
220930 SANTA LUZ,54,-,54
220935 SANTANA DO PIAUI,39,-,39
220937 SANTA ROSA DO PIAUI,53,-,53
220940 SANTO ANTONIO DE LISBOA,64,1,65
220945 SANTO ANTONIO DOS MILAGRES,28,-,28
220950 SANTO INACIO DO PIAUI,48,-,48
220955 SAO BRAZ DO PIAUI,40,-,40
220960 SAO FELIX DO PIAUI,40,-,40
220965 SAO FRANCISCO DE ASSIS DO PIAUI,51,-,51
220970 SAO FRANCISCO DO PIAUI,74,-,74
220975 SAO GONCALO DO GURGUEIA,33,-,33
220980 SAO GONCALO DO PIAUI,45,-,45
220985 SAO JOAO DA CANABRAVA,45,-,45
220987 SAO JOAO DA FRONTEIRA,50,-,50
220990 SAO JOAO DA SERRA,65,-,65
220995 SAO JOAO DA VARJOTA,41,-,41
220997 SAO JOAO DO ARRAIAL,57,-,57
221000 SAO JOAO DO PIAUI,373,16,389
221005 SAO JOSE DO DIVINO,65,-,65
221010 SAO JOSE DO PEIXE,44,-,44
221020 SAO JOSE DO PIAUI,66,-,66
221030 SAO JULIAO,51,-,51
221035 SAO LOURENCO DO PIAUI,46,-,46
221037 SAO LUIS DO PIAUI,32,-,32
221038 SAO MIGUEL DA BAIXA GRANDE,33,-,33
221039 SAO MIGUEL DO FIDALGO,36,5,41
221040 SAO MIGUEL DO TAPUIO,169,1,170
221050 SAO PEDRO DO PIAUI,158,-,158
221060 SAO RAIMUNDO NONATO,507,13,520
221062 SEBASTIAO BARROS,44,-,44
221063 SEBASTIAO LEAL,50,-,50
221065 SIGEFREDO PACHECO,64,-,64
221070 SIMOES,135,3,138
221080 SIMPLICIO MENDES,186,7,193
221090 SOCORRO DO PIAUI,60,-,60
221093 SUSSUAPARA,49,-,49
221095 TAMBORIL DO PIAUI,34,-,34
221097 TANQUE DO PIAUI,48,3,51
221100 TERESINA,17082,2612,19694
221110 UNIAO,334,4,338
221120 URUCUI,406,12,418
221130 VALENCA DO PIAUI,315,5,320
221135 VARZEA BRANCA,44,-,44
221140 VARZEA GRANDE,66,-,66
221150 VERA MENDES,38,-,38
221160 VILA NOVA DO PIAUI,40,-,40
221170 WALL FERRAZ,40,1,41
230010 ABAIARA,112,1,113
230015 ACARAPE,139,-,139
230020 ACARAU,793,49,842
230030 ACOPIARA,437,31,468
230040 AIUABA,187,-,187
230050 ALCANTARAS,211,-,211
230060 ALTANEIRA,122,-,122
230070 ALTO SANTO,297,20,317
230075 AMONTADA,320,1,321
230080 ANTONINA DO NORTE,148,-,148
230090 APUIARES,150,-,150
230100 AQUIRAZ,1190,101,1291
230110 ARACATI,1056,170,1226
230120 ARACOIABA,623,13,636
230125 ARARENDA,145,-,145
230130 ARARIPE,220,3,223
230140 ARATUBA,152,-,152
230150 ARNEIROZ,112,-,112
230160 ASSARE,292,6,298
230170 AURORA,262,1,263
230180 BAIXIO,101,1,102
230185 BANABUIU,331,1,332
230190 BARBALHA,1518,33,1551
230195 BARREIRA,263,-,263
230200 BARRO,230,5,235
230205 BARROQUINHA,307,-,307
230210 BATURITE,642,27,669
230220 BEBERIBE,462,13,475
230230 BELA CRUZ,357,22,379
230240 BOA VIAGEM,422,17,439
230250 BREJO SANTO,747,48,795
230260 CAMOCIM,848,35,883
230270 CAMPOS SALES,237,22,259
230280 CANINDE,842,49,891
230290 CAPISTRANO,191,5,196
230300 CARIDADE,204,3,207
230310 CARIRE,242,-,242
230320 CARIRIACU,357,6,363
230330 CARIUS,189,2,191
230340 CARNAUBAL,314,11,325
230350 CASCAVEL,986,54,1040
230360 CATARINA,228,1,229
230365 CATUNDA,207,1,208
230370 CAUCAIA,3185,307,3492
230380 CEDRO,206,7,213
230390 CHAVAL,218,-,218
230393 CHORO,204,-,204
230395 CHOROZINHO,186,-,186
230400 COREAU,287,14,301
230410 CRATEUS,1120,95,1215
230420 CRATO,1448,223,1671
230423 CROATA,303,8,311
230425 CRUZ,445,9,454
230426 DEPUTADO IRAPUAN PINHEIRO,126,3,129
230427 ERERE,96,3,99
230428 EUSEBIO,1023,138,1161
230430 FARIAS BRITO,290,14,304
230435 FORQUILHA,365,6,371
230440 FORTALEZA,38458,13742,52200
230445 FORTIM,236,7,243
230450 FRECHEIRINHA,264,1,265
230460 GENERAL SAMPAIO,71,-,71
230465 GRACA,125,1,126
230470 GRANJA,665,3,668
230480 GRANJEIRO,91,-,91
230490 GROAIRAS,117,2,119
230495 GUAIUBA,225,-,225
230500 GUARACIABA DO NORTE,386,40,426
230510 GUARAMIRANGA,94,1,95
230520 HIDROLANDIA,310,-,310
230523 HORIZONTE,788,20,808
230526 IBARETAMA,192,1,193
230530 IBIAPINA,367,6,373
230533 IBICUITINGA,137,61,198
230535 ICAPUI,272,-,272
230540 ICO,732,39,771
230550 IGUATU,1500,239,1739
230560 INDEPENDENCIA,371,14,385
230565 IPAPORANGA,199,-,199
230570 IPAUMIRIM,138,15,153
230580 IPU,401,31,432
230590 IPUEIRAS,406,13,419
230600 IRACEMA,209,4,213
230610 IRAUCUBA,331,-,331
230620 ITAICABA,156,-,156
230625 ITAITINGA,554,9,563
230630 ITAPAGE,468,59,527
230640 ITAPIPOCA,1698,174,1872
230650 ITAPIUNA,281,-,281
230655 ITAREMA,510,3,513
230660 ITATIRA,375,6,381
230670 JAGUARETAMA,293,-,293
230680 JAGUARIBARA,174,1,175
230690 JAGUARIBE,414,55,469
230700 JAGUARUANA,459,4,463
230710 JARDIM,241,1,242
230720 JATI,136,-,136
230725 JIJOCA DE JERICOACOARA,485,6,491
230730 JUAZEIRO DO NORTE,3720,624,4344
230740 JUCAS,277,2,279
230750 LAVRAS DA MANGABEIRA,295,8,303
230760 LIMOEIRO DO NORTE,1137,136,1273
230763 MADALENA,200,1,201
230765 MARACANAU,2659,406,3065
230770 MARANGUAPE,897,83,980
230780 MARCO,267,5,272
230790 MARTINOPOLE,169,1,170
230800 MASSAPE,439,1,440
230810 MAURITI,412,25,437
230820 MERUOCA,200,7,207
230830 MILAGRES,300,11,311
230835 MILHA,228,9,237
230837 MIRAIMA,114,-,114
230840 MISSAO VELHA,305,-,305
230850 MOMBACA,488,11,499
230860 MONSENHOR TABOSA,351,-,351
230870 MORADA NOVA,494,40,534
230880 MORAUJO,120,-,120
230890 MORRINHOS,234,-,234
230900 MUCAMBO,204,73,277
230910 MULUNGU,116,5,121
230920 NOVA OLINDA,154,1,155
230930 NOVA RUSSAS,352,4,356
230940 NOVO ORIENTE,333,1,334
230945 OCARA,356,-,356
230950 OROS,249,6,255
230960 PACAJUS,722,40,762
230970 PACATUBA,797,5,802
230980 PACOTI,137,6,143
230990 PACUJA,91,8,99
231000 PALHANO,134,-,134
231010 PALMACIA,109,-,109
231020 PARACURU,473,10,483
231025 PARAIPABA,369,14,383
231030 PARAMBU,469,7,476
231040 PARAMOTI,140,-,140
231050 PEDRA BRANCA,676,19,695
231060 PENAFORTE,178,29,207
231070 PENTECOSTE,509,26,535
231080 PEREIRO,180,2,182
231085 PINDORETAMA,261,-,261
231090 PIQUET CARNEIRO,206,-,206
231095 PIRES FERREIRA,155,5,160
231100 PORANGA,125,-,125
231110 PORTEIRAS,147,2,149
231120 POTENGI,103,4,107
231123 POTIRETAMA,87,-,87
231126 QUITERIANOPOLIS,303,8,311
231130 QUIXADA,1158,147,1305
231135 QUIXELO,157,8,165
231140 QUIXERAMOBIM,1903,26,1929
231150 QUIXERE,263,9,272
231160 REDENCAO,474,7,481
231170 RERIUTABA,350,1,351
231180 RUSSAS,738,60,798
231190 SABOEIRO,183,-,183
231195 SALITRE,220,-,220
231200 SANTANA DO ACARAU,406,2,408
231210 SANTANA DO CARIRI,182,1,183
231220 SANTA QUITERIA,414,2,416
231230 SAO BENEDITO,489,216,705
231240 SAO GONCALO DO AMARANTE,1339,86,1425
231250 SAO JOAO DO JAGUARIBE,124,-,124
231260 SAO LUIS DO CURU,114,2,116
231270 SENADOR POMPEU,369,-,369
231280 SENADOR SA,80,-,80
231290 SOBRAL,6926,1314,8240
231300 SOLONOPOLE,287,2,289
231310 TABULEIRO DO NORTE,403,54,457
231320 TAMBORIL,345,2,347
231325 TARRAFAS,78,-,78
231330 TAUA,987,34,1021
231335 TEJUCUOCA,218,-,218
231340 TIANGUA,999,55,1054
231350 TRAIRI,499,13,512
231355 TURURU,155,-,155
231360 UBAJARA,420,10,430
231370 UMARI,109,2,111
231375 UMIRIM,131,3,134
231380 URUBURETAMA,192,1,193
231390 URUOCA,265,2,267
231395 VARJOTA,342,-,342
231400 VARZEA ALEGRE,357,15,372
231410 VICOSA DO CEARA,563,8,571
240010 ACARI,134,-,134
240020 ACU,919,145,1064
240030 AFONSO BEZERRA,174,4,178
240040 AGUA NOVA,43,-,43
240050 ALEXANDRIA,301,26,327
240060 ALMINO AFONSO,90,-,90
240070 ALTO DO RODRIGUES,115,10,125
240080 ANGICOS,257,14,271
240090 ANTONIO MARTINS,102,-,102
240100 APODI,425,105,530
240110 AREIA BRANCA,377,21,398
240120 ARES,224,-,224
240130 AUGUSTO SEVERO,118,-,118
240140 BAIA FORMOSA,119,1,120
240145 BARAUNA,357,57,414
240150 BARCELONA,60,-,60
240160 BENTO FERNANDES,73,-,73
240165 BODO,50,-,50
240170 BOM JESUS,163,1,164
240180 BREJINHO,180,-,180
240185 CAICARA DO NORTE,87,-,87
240190 CAICARA DO RIO DO VENTO,78,-,78
240200 CAICO,1622,211,1833
240210 CAMPO REDONDO,177,2,179
240220 CANGUARETAMA,399,3,402
240230 CARAUBAS,350,11,361
240240 CARNAUBA DOS DANTAS,141,-,141
240250 CARNAUBAIS,134,2,136
240260 CEARA-MIRIM,758,69,827
240270 CERRO CORA,130,-,130
240280 CORONEL EZEQUIEL,84,-,84
240290 CORONEL JOAO PESSOA,76,-,76
240300 CRUZETA,106,-,106
240310 CURRAIS NOVOS,871,99,970
240320 DOUTOR SEVERIANO,77,-,77
240325 PARNAMIRIM,3155,212,3367
240330 ENCANTO,104,1,105
240340 EQUADOR,114,-,114
240350 ESPIRITO SANTO,206,99,305
240360 EXTREMOZ,414,2,416
240370 FELIPE GUERRA,90,-,90
240375 FERNANDO PEDROZA,78,-,78
240380 FLORANIA,129,-,129
240390 FRANCISCO DANTAS,42,-,42
240400 FRUTUOSO GOMES,98,1,99
240410 GALINHOS,68,-,68
240420 GOIANINHA,330,5,335
240430 GOVERNADOR DIX-SEPT ROSADO,129,3,132
240440 GROSSOS,93,-,93
240450 GUAMARE,702,1,703
240460 IELMO MARINHO,159,-,159
240470 IPANGUACU,125,-,125
240480 IPUEIRA,62,-,62
240485 ITAJA,126,2,128
240490 ITAU,67,4,71
240500 JACANA,119,-,119
240510 JANDAIRA,127,-,127
240520 JANDUIS,119,-,119
240530 JANUARIO CICCO,124,-,124
240540 JAPI,87,-,87
240550 JARDIM DE ANGICOS,92,-,92
240560 JARDIM DE PIRANHAS,162,3,165
240570 JARDIM DO SERIDO,146,3,149
240580 JOAO CAMARA,578,23,601
240590 JOAO DIAS,43,-,43
240600 JOSE DA PENHA,71,-,71
240610 JUCURUTU,246,1,247
240615 JUNDIA,67,-,67
240620 LAGOA D'ANTA,100,-,100
240630 LAGOA DE PEDRAS,77,-,77
240640 LAGOA DE VELHOS,55,-,55
240650 LAGOA NOVA,189,-,189
240660 LAGOA SALGADA,72,-,72
240670 LAJES,171,3,174
240680 LAJES PINTADAS,100,-,100
240690 LUCRECIA,119,8,127
240700 LUIS GOMES,99,4,103
240710 MACAIBA,1010,22,1032
240720 MACAU,382,16,398
240725 MAJOR SALES,74,-,74
240730 MARCELINO VIEIRA,71,-,71
240740 MARTINS,104,-,104
240750 MAXARANGUAPE,151,32,183
240760 MESSIAS TARGINO,88,-,88
240770 MONTANHAS,151,-,151
240780 MONTE ALEGRE,273,4,277
240790 MONTE DAS GAMELEIRAS,72,-,72
240800 MOSSORO,4367,751,5118
240810 NATAL,15106,4204,19310
240820 NISIA FLORESTA,231,3,234
240830 NOVA CRUZ,504,5,509
240840 OLHO-D'AGUA DO BORGES,110,-,110
240850 OURO BRANCO,72,-,72
240860 PARANA,95,-,95
240870 PARAU,72,-,72
240880 PARAZINHO,101,-,101
240890 PARELHAS,348,11,359
240895 RIO DO FOGO,226,-,226
240910 PASSA E FICA,174,1,175
240920 PASSAGEM,52,-,52
240930 PATU,185,1,186
240933 SANTA MARIA,95,-,95
240940 PAU DOS FERROS,1062,53,1115
240950 PEDRA GRANDE,96,-,96
240960 PEDRA PRETA,49,-,49
240970 PEDRO AVELINO,100,-,100
240980 PEDRO VELHO,216,-,216
240990 PENDENCIAS,201,6,207
241000 PILOES,53,-,53
241010 POCO BRANCO,175,-,175
241020 PORTALEGRE,101,1,102
241025 PORTO DO MANGUE,89,-,89
241030 SERRA CAIADA,118,8,126
241040 PUREZA,96,-,96
241050 RAFAEL FERNANDES,53,8,61
241060 RAFAEL GODEIRO,47,-,47
241070 RIACHO DA CRUZ,53,-,53
241080 RIACHO DE SANTANA,48,-,48
241090 RIACHUELO,99,-,99
241100 RODOLFO FERNANDES,53,2,55
241105 TIBAU,131,2,133
241110 RUY BARBOSA,74,-,74
241120 SANTA CRUZ,994,23,1017
241140 SANTANA DO MATOS,129,-,129
241142 SANTANA DO SERIDO,68,-,68
241150 SANTO ANTONIO,527,2,529
241160 SAO BENTO DO NORTE,68,-,68
241170 SAO BENTO DO TRAIRI,68,-,68
241180 SAO FERNANDO,62,-,62
241190 SAO FRANCISCO DO OESTE,46,-,46
241200 SAO GONCALO DO AMARANTE,754,32,786
241210 SAO JOAO DO SABUGI,100,-,100
241220 SAO JOSE DE MIPIBU,630,13,643
241230 SAO JOSE DO CAMPESTRE,159,-,159
241240 SAO JOSE DO SERIDO,67,2,69
241250 SAO MIGUEL,219,4,223
241255 SAO MIGUEL DO GOSTOSO,162,-,162
241260 SAO PAULO DO POTENGI,380,2,382
241270 SAO PEDRO,55,-,55
241280 SAO RAFAEL,97,1,98
241290 SAO TOME,144,-,144
241300 SAO VICENTE,99,2,101
241310 SENADOR ELOI DE SOUZA,80,-,80
241320 SENADOR GEORGINO AVELINO,73,-,73
241330 SERRA DE SAO BENTO,95,-,95
241335 SERRA DO MEL,144,2,146
241340 SERRA NEGRA DO NORTE,86,1,87
241350 SERRINHA,72,-,72
241355 SERRINHA DOS PINTOS,54,-,54
241360 SEVERIANO MELO,96,2,98
241370 SITIO NOVO,92,-,92
241380 TABOLEIRO GRANDE,52,-,52
241390 TAIPU,147,-,147
241400 TANGARA,202,2,204
241410 TENENTE ANANIAS,119,1,120
241415 TENENTE LAURENTINO CRUZ,88,1,89
241420 TIBAU DO SUL,185,-,185
241430 TIMBAUBA DOS BATISTAS,42,-,42
241440 TOUROS,382,9,391
241445 TRIUNFO POTIGUAR,91,-,91
241450 UMARIZAL,107,-,107
241460 UPANEMA,173,-,173
241470 VARZEA,56,1,57
241475 VENHA-VER,50,-,50
241480 VERA CRUZ,149,-,149
241490 VICOSA,42,-,42
241500 VILA FLOR,57,1,58
250010 AGUA BRANCA,152,1,153
250020 AGUIAR,108,-,108
250030 ALAGOA GRANDE,285,2,287
250040 ALAGOA NOVA,263,6,269
250050 ALAGOINHA,157,1,158
250053 ALCANTIL,108,-,108
250057 ALGODAO DE JANDAIRA,39,-,39
250060 ALHANDRA,333,4,337
250070 SAO JOAO DO RIO DO PEIXE,259,6,265
250073 AMPARO,57,-,57
250077 APARECIDA,82,2,84
250080 ARACAGI,210,-,210
250090 ARARA,132,-,132
250100 ARARUNA,203,2,205
250110 AREIA,281,8,289
250115 AREIA DE BARAUNAS,36,2,38
250120 AREIAL,79,-,79
250130 AROEIRAS,208,3,211
250135 ASSUNCAO,60,-,60
250140 BAIA DA TRAICAO,188,-,188
250150 BANANEIRAS,197,6,203
250153 BARAUNA,91,-,91
250157 BARRA DE SANTANA,157,-,157
250160 BARRA DE SANTA ROSA,148,25,173
250170 BARRA DE SAO MIGUEL,69,-,69
250180 BAYEUX,907,45,952
250190 BELEM,382,3,385
250200 BELEM DO BREJO DO CRUZ,117,2,119
250205 BERNARDINO BATISTA,62,-,62
250210 BOA VENTURA,104,2,106
250215 BOA VISTA,105,3,108
250220 BOM JESUS,54,-,54
250230 BOM SUCESSO,90,1,91
250240 BONITO DE SANTA FE,145,7,152
250250 BOQUEIRAO,316,4,320
250260 IGARACY,76,6,82
250270 BORBOREMA,49,-,49
250280 BREJO DO CRUZ,175,3,178
250290 BREJO DOS SANTOS,90,1,91
250300 CAAPORA,318,1,319
250310 CABACEIRAS,113,-,113
250320 CABEDELO,936,46,982
250330 CACHOEIRA DOS INDIOS,126,-,126
250340 CACIMBA DE AREIA,67,2,69
250350 CACIMBA DE DENTRO,148,7,155
250355 CACIMBAS,97,27,124
250360 CAICARA,91,2,93
250370 CAJAZEIRAS,1339,174,1513
250375 CAJAZEIRINHAS,90,-,90
250380 CALDAS BRANDAO,78,-,78
250390 CAMALAU,74,-,74
250400 CAMPINA GRANDE,7489,1385,8874
250403 CAPIM,100,-,100
250407 CARAUBAS,58,-,58
250410 CARRAPATEIRA,50,-,50
250415 CASSERENGUE,79,-,79
250420 CATINGUEIRA,89,2,91
250430 CATOLE DO ROCHA,416,15,431
250435 CATURITE,75,-,75
250440 CONCEICAO,233,8,241
250450 CONDADO,101,3,104
250460 CONDE,348,45,393
250470 CONGO,93,1,94
250480 COREMAS,251,9,260
250485 COXIXOLA,32,-,32
250490 CRUZ DO ESPIRITO SANTO,141,1,142
250500 CUBATI,118,2,120
250510 CUITE,347,6,353
250520 CUITEGI,72,-,72
250523 CUITE DE MAMANGUAPE,83,-,83
250527 CURRAL DE CIMA,121,1,122
250530 CURRAL VELHO,40,-,40
250535 DAMIAO,55,21,76
250540 DESTERRO,85,5,90
250550 VISTA SERRANA,53,1,54
250560 DIAMANTE,96,-,96
250570 DONA INES,166,-,166
250580 DUAS ESTRADAS,66,-,66
250590 EMAS,41,-,41
250600 ESPERANCA,464,47,511
250610 FAGUNDES,117,1,118
250620 FREI MARTINHO,85,-,85
250625 GADO BRAVO,84,-,84
250630 GUARABIRA,919,76,995
250640 GURINHEM,181,2,183
250650 GURJAO,56,1,57
250660 IBIARA,88,-,88
250670 IMACULADA,121,4,125
250680 INGA,268,-,268
250690 ITABAIANA,660,51,711
250700 ITAPORANGA,337,23,360
250710 ITAPOROROCA,231,1,232
250720 ITATUBA,106,-,106
250730 JACARAU,211,1,212
250740 JERICO,95,4,99
250750 JOAO PESSOA,15314,2305,17619
250760 JUAREZ TAVORA,76,2,78
250770 JUAZEIRINHO,209,7,216
250780 JUNCO DO SERIDO,91,1,92
250790 JURIPIRANGA,155,3,158
250800 JURU,125,3,128
250810 LAGOA,57,-,57
250820 LAGOA DE DENTRO,96,-,96
250830 LAGOA SECA,249,6,255
250840 LASTRO,47,-,47
250850 LIVRAMENTO,94,1,95
250855 LOGRADOURO,81,-,81
250860 LUCENA,177,1,178
250870 MAE D'AGUA,57,-,57
250880 MALTA,64,1,65
250890 MAMANGUAPE,930,11,941
250900 MANAIRA,118,2,120
250905 MARCACAO,123,-,123
250910 MARI,226,14,240
250915 MARIZOPOLIS,60,2,62
250920 MASSARANDUBA,138,-,138
250930 MATARACA,156,1,157
250933 MATINHAS,52,-,52
250937 MATO GROSSO,36,-,36
250939 MATUREIA,79,18,97
250940 MOGEIRO,150,2,152
250950 MONTADAS,57,2,59
250960 MONTE HOREBE,54,-,54
250970 MONTEIRO,646,23,669
250980 MULUNGU,111,-,111
250990 NATUBA,130,-,130
251000 NAZAREZINHO,65,-,65
251010 NOVA FLORESTA,128,10,138
251020 NOVA OLINDA,84,-,84
251030 NOVA PALMEIRA,78,-,78
251040 OLHO D'AGUA,80,-,80
251050 OLIVEDOS,45,-,45
251060 OURO VELHO,45,-,45
251065 PARARI,35,-,35
251070 PASSAGEM,53,-,53
251080 PATOS,2557,619,3176
251090 PAULISTA,150,1,151
251100 PEDRA BRANCA,50,-,50
251110 PEDRA LAVRADA,122,-,122
251120 PEDRAS DE FOGO,353,9,362
251130 PIANCO,495,8,503
251140 PICUI,410,9,419
251150 PILAR,158,-,158
251160 PILOES,54,-,54
251170 PILOEZINHOS,48,2,50
251180 PIRPIRITUBA,83,-,83
251190 PITIMBU,230,-,230
251200 POCINHOS,265,-,265
251203 POCO DANTAS,53,-,53
251207 POCO DE JOSE DE MOURA,84,-,84
251210 POMBAL,529,23,552
251220 PRATA,76,1,77
251230 PRINCESA ISABEL,600,47,647
251240 PUXINANA,110,5,115
251250 QUEIMADAS,535,6,541
251260 QUIXABA,53,-,53
251270 REMIGIO,182,17,199
251272 PEDRO REGIS,52,1,53
251274 RIACHAO,65,-,65
251275 RIACHAO DO BACAMARTE,50,-,50
251276 RIACHAO DO POCO,45,-,45
251278 RIACHO DE SANTO ANTONIO,62,-,62
251280 RIACHO DOS CAVALOS,74,-,74
251290 RIO TINTO,267,4,271
251300 SALGADINHO,57,-,57
251310 SALGADO DE SAO FELIX,159,2,161
251315 SANTA CECILIA,79,-,79
251320 SANTA CRUZ,95,1,96
251330 SANTA HELENA,75,-,75
251335 SANTA INES,46,-,46
251340 SANTA LUZIA,277,5,282
251350 SANTANA DE MANGUEIRA,66,-,66
251360 SANTANA DOS GARROTES,111,8,119
251365 JOCA CLAUDINO,39,-,39
251370 SANTA RITA,1314,57,1371
251380 SANTA TERESINHA,57,26,83
251385 SANTO ANDRE,53,-,53
251390 SAO BENTO,349,116,465
251392 SAO BENTINHO,77,2,79
251394 SAO DOMINGOS DO CARIRI,44,-,44
251396 SAO DOMINGOS,35,-,35
251398 SAO FRANCISCO,68,-,68
251400 SAO JOAO DO CARIRI,82,-,82
251410 SAO JOAO DO TIGRE,71,-,71
251420 SAO JOSE DA LAGOA TAPADA,78,-,78
251430 SAO JOSE DE CAIANA,69,-,69
251440 SAO JOSE DE ESPINHARAS,93,-,93
251445 SAO JOSE DOS RAMOS,88,7,95
251450 SAO JOSE DE PIRANHAS,220,8,228
251455 SAO JOSE DE PRINCESA,38,-,38
251460 SAO JOSE DO BONFIM,37,-,37
251465 SAO JOSE DO BREJO DO CRUZ,20,-,20
251470 SAO JOSE DO SABUGI,75,-,75
251480 SAO JOSE DOS CORDEIROS,41,-,41
251490 SAO MAMEDE,114,5,119
251500 SAO MIGUEL DE TAIPU,88,-,88
251510 SAO SEBASTIAO DE LAGOA DE ROCA,112,-,112
251520 SAO SEBASTIAO DO UMBUZEIRO,37,-,37
251530 SAPE,517,3,520
251540 SAO VICENTE DO SERIDO,114,1,115
251550 SERRA BRANCA,176,5,181
251560 SERRA DA RAIZ,39,-,39
251570 SERRA GRANDE,61,-,61
251580 SERRA REDONDA,86,1,87
251590 SERRARIA,117,-,117
251593 SERTAOZINHO,72,-,72
251597 SOBRADO,81,-,81
251600 SOLANEA,247,12,259
251610 SOLEDADE,197,11,208
251615 SOSSEGO,41,-,41
251620 SOUSA,917,106,1023
251630 SUME,295,5,300
251640 TACIMA,131,-,131
251650 TAPEROA,238,-,238
251660 TAVARES,166,1,167
251670 TEIXEIRA,233,10,243
251675 TENORIO,59,-,59
251680 TRIUNFO,137,1,138
251690 UIRAUNA,236,3,239
251700 UMBUZEIRO,153,-,153
251710 VARZEA,52,-,52
251720 VIEIROPOLIS,66,-,66
251740 ZABELE,36,-,36
260005 ABREU E LIMA,605,148,753
260010 AFOGADOS DA INGAZEIRA,780,28,808
260020 AFRANIO,282,9,291
260030 AGRESTINA,278,43,321
260040 AGUA PRETA,295,-,295
260050 AGUAS BELAS,350,2,352
260060 ALAGOINHA,186,-,186
260070 ALIANCA,317,-,317
260080 ALTINHO,197,4,201
260090 AMARAJI,159,1,160
260100 ANGELIM,147,1,148
260105 ARACOIABA,282,4,286
260110 ARARIPINA,776,32,808
260120 ARCOVERDE,1655,163,1818
260130 BARRA DE GUABIRABA,165,-,165
260140 BARREIROS,444,5,449
260150 BELEM DE MARIA,101,1,102
260160 BELEM DE SAO FRANCISCO,219,2,221
260170 BELO JARDIM,628,62,690
260180 BETANIA,110,-,110
260190 BEZERROS,867,45,912
260200 BODOCO,371,12,383
260210 BOM CONSELHO,483,16,499
260220 BOM JARDIM,275,-,275
260230 BONITO,350,1,351
260240 BREJAO,138,-,138
260250 BREJINHO,115,-,115
260260 BREJO DA MADRE DE DEUS,466,7,473
260270 BUENOS AIRES,112,-,112
260280 BUIQUE,364,14,378
260290 CABO DE SANTO AGOSTINHO,3219,442,3661
260300 CABROBO,394,3,397
260310 CACHOEIRINHA,162,6,168
260320 CAETES,230,1,231
260330 CALCADO,124,-,124
260340 CALUMBI,83,2,85
260345 CAMARAGIBE,1470,514,1984
260350 CAMOCIM DE SAO FELIX,143,1,144
260360 CAMUTANGA,119,1,120
260370 CANHOTINHO,234,4,238
260380 CAPOEIRAS,179,1,180
260390 CARNAIBA,307,-,307
260392 CARNAUBEIRA DA PENHA,202,-,202
260400 CARPINA,905,132,1037
260410 CARUARU,6934,1829,8763
260415 CASINHAS,148,-,148
260420 CATENDE,251,1,252
260430 CEDRO,257,-,257
260440 CHA DE ALEGRIA,117,-,117
260450 CHA GRANDE,200,3,203
260460 CONDADO,195,1,196
260470 CORRENTES,173,-,173
260480 CORTES,195,3,198
260490 CUMARU,159,1,160
260500 CUPIRA,233,5,238
260510 CUSTODIA,311,18,329
260515 DORMENTES,227,15,242
260520 ESCADA,615,17,632
260530 EXU,285,4,289
260540 FEIRA NOVA,217,1,218
260545 FERNANDO DE NORONHA,123,-,123
260550 FERREIROS,114,1,115
260560 FLORES,177,1,178
260570 FLORESTA,301,6,307
260580 FREI MIGUELINHO,152,-,152
260590 GAMELEIRA,213,-,213
260600 GARANHUNS,2040,203,2243
260610 GLORIA DO GOITA,250,9,259
260620 GOIANA,1685,104,1789
260630 GRANITO,130,2,132
260640 GRAVATA,705,148,853
260650 IATI,213,1,214
260660 IBIMIRIM,262,3,265
260670 IBIRAJUBA,96,1,97
260680 IGARASSU,1441,66,1507
260690 IGUARACY,176,-,176
260700 INAJA,198,-,198
260710 INGAZEIRA,108,-,108
260720 IPOJUCA,1258,130,1388
260730 IPUBI,325,5,330
260740 ITACURUBA,95,1,96
260750 ITAIBA,216,6,222
260760 ILHA DE ITAMARACA,397,2,399
260765 ITAMBE,334,1,335
260770 ITAPETIM,186,-,186
260775 ITAPISSUMA,335,4,339
260780 ITAQUITINGA,137,4,141
260790 JABOATAO DOS GUARARAPES,6003,1521,7524
260795 JAQUEIRA,175,-,175
260800 JATAUBA,233,1,234
260805 JATOBA,255,7,262
260810 JOAO ALFREDO,270,2,272
260820 JOAQUIM NABUCO,105,-,105
260825 JUCATI,102,-,102
260830 JUPI,134,3,137
260840 JUREMA,169,-,169
260845 LAGOA DO CARRO,185,-,185
260850 LAGOA DE ITAENGA,219,2,221
260860 LAGOA DO OURO,152,2,154
260870 LAGOA DOS GATOS,131,1,132
260875 LAGOA GRANDE,269,9,278
260880 LAJEDO,252,21,273
260890 LIMOEIRO,1058,92,1150
260900 MACAPARANA,312,-,312
260910 MACHADOS,144,-,144
260915 MANARI,232,-,232
260920 MARAIAL,95,-,95
260930 MIRANDIBA,161,1,162
260940 MORENO,567,13,580
260950 NAZARE DA MATA,373,1,374
260960 OLINDA,2870,792,3662
260970 OROBO,178,-,178
260980 OROCO,223,1,224
260990 OURICURI,788,16,804
261000 PALMARES,1124,13,1137
261010 PALMEIRINA,86,-,86
261020 PANELAS,248,-,248
261030 PARANATAMA,141,1,142
261040 PARNAMIRIM,235,3,238
261050 PASSIRA,240,-,240
261060 PAUDALHO,516,27,543
261070 PAULISTA,2899,317,3216
261080 PEDRA,192,-,192
261090 PESQUEIRA,695,20,715
261100 PETROLANDIA,337,18,355
261110 PETROLINA,6238,1316,7554
261120 POCAO,125,-,125
261130 POMBOS,197,1,198
261140 PRIMAVERA,114,-,114
261150 QUIPAPA,191,2,193
261153 QUIXABA,116,-,116
261160 RECIFE,39782,9638,49420
261170 RIACHO DAS ALMAS,241,-,241
261180 RIBEIRAO,319,6,325
261190 RIO FORMOSO,193,1,194
261200 SAIRE,127,1,128
261210 SALGADINHO,98,-,98
261220 SALGUEIRO,1141,101,1242
261230 SALOA,154,2,156
261240 SANHARO,215,-,215
261245 SANTA CRUZ,161,-,161
261247 SANTA CRUZ DA BAIXA VERDE,102,1,103
261250 SANTA CRUZ DO CAPIBARIBE,735,72,807
261255 SANTA FILOMENA,110,-,110
261260 SANTA MARIA DA BOA VISTA,291,6,297
261270 SANTA MARIA DO CAMBUCA,117,-,117
261280 SANTA TEREZINHA,154,-,154
261290 SAO BENEDITO DO SUL,92,-,92
261300 SAO BENTO DO UNA,411,75,486
261310 SAO CAITANO,236,8,244
261320 SAO JOAO,218,2,220
261330 SAO JOAQUIM DO MONTE,210,7,217
261340 SAO JOSE DA COROA GRANDE,187,1,188
261350 SAO JOSE DO BELMONTE,291,9,300
261360 SAO JOSE DO EGITO,424,2,426
261370 SAO LOURENCO DA MATA,730,20,750
261380 SAO VICENTE FERRER,171,-,171
261390 SERRA TALHADA,1569,108,1677
261400 SERRITA,218,1,219
261410 SERTANIA,428,11,439
261420 SIRINHAEM,276,-,276
261430 MOREILANDIA,141,-,141
261440 SOLIDAO,89,2,91
261450 SURUBIM,551,16,567
261460 TABIRA,290,12,302
261470 TACAIMBO,99,-,99
261480 TACARATU,213,23,236
261485 TAMANDARE,249,2,251
261500 TAQUARITINGA DO NORTE,228,3,231
261510 TEREZINHA,103,-,103
261520 TERRA NOVA,103,-,103
261530 TIMBAUBA,425,42,467
261540 TORITAMA,236,6,242
261550 TRACUNHAEM,119,-,119
261560 TRINDADE,252,17,269
261570 TRIUNFO,135,3,138
261580 TUPANATINGA,237,2,239
261590 TUPARETAMA,89,-,89
261600 VENTUROSA,159,9,168
261610 VERDEJANTE,92,-,92
261618 VERTENTE DO LERIO,84,-,84
261620 VERTENTES,183,10,193
261630 VICENCIA,263,-,263
261640 VITORIA DE SANTO ANTAO,1442,266,1708
261650 XEXEU,163,-,163
270010 AGUA BRANCA,310,-,310
270020 ANADIA,194,-,194
270030 ARAPIRACA,3998,366,4364
270040 ATALAIA,434,10,444
270050 BARRA DE SANTO ANTONIO,264,1,265
270060 BARRA DE SAO MIGUEL,135,6,141
270070 BATALHA,233,2,235
270080 BELEM,79,-,79
270090 BELO MONTE,83,-,83
270100 BOCA DA MATA,262,22,284
270110 BRANQUINHA,167,-,167
270120 CACIMBINHAS,144,1,145
270130 CAJUEIRO,217,-,217
270135 CAMPESTRE,85,-,85
270140 CAMPO ALEGRE,518,-,518
270150 CAMPO GRANDE,119,-,119
270160 CANAPI,288,-,288
270170 CAPELA,218,-,218
270180 CARNEIROS,99,-,99
270190 CHA PRETA,96,1,97
270200 COITE DO NOIA,161,-,161
270210 COLONIA LEOPOLDINA,212,3,215
270220 COQUEIRO SECO,84,-,84
270230 CORURIPE,927,6,933
270235 CRAIBAS,273,-,273
270240 DELMIRO GOUVEIA,1037,42,1079
270250 DOIS RIACHOS,136,1,137
270255 ESTRELA DE ALAGOAS,181,-,181
270260 FEIRA GRANDE,222,5,227
270270 FELIZ DESERTO,72,-,72
270280 FLEXEIRAS,140,-,140
270290 GIRAU DO PONCIANO,368,-,368
270300 IBATEGUARA,169,-,169
270310 IGACI,249,-,249
270320 IGREJA NOVA,209,5,214
270330 INHAPI,249,1,250
270340 JACARE DOS HOMENS,77,-,77
270350 JACUIPE,70,-,70
270360 JAPARATINGA,91,-,91
270370 JARAMATAIA,70,-,70
270375 JEQUIA DA PRAIA,160,-,160
270380 JOAQUIM GOMES,265,-,265
270390 JUNDIA,59,-,59
270400 JUNQUEIRO,389,5,394
270410 LAGOA DA CANOA,213,-,213
270420 LIMOEIRO DE ANADIA,421,-,421
270430 MACEIO,18816,3935,22751
270440 MAJOR ISIDORO,275,-,275
270450 MARAGOGI,410,15,425
270460 MARAVILHA,113,-,113
270470 MARECHAL DEODORO,641,26,667
270480 MARIBONDO,179,1,180
270490 MAR VERMELHO,46,-,46
270500 MATA GRANDE,294,4,298
270510 MATRIZ DE CAMARAGIBE,328,3,331
270520 MESSIAS,179,-,179
270530 MINADOR DO NEGRAO,82,-,82
270540 MONTEIROPOLIS,77,-,77
270550 MURICI,265,2,267
270560 NOVO LINO,129,-,129
270570 OLHO D'AGUA DAS FLORES,194,1,195
270580 OLHO D'AGUA DO CASADO,75,1,76
270590 OLHO D'AGUA GRANDE,56,-,56
270600 OLIVENCA,106,1,107
270610 OURO BRANCO,219,1,220
270620 PALESTINA,81,-,81
270630 PALMEIRA DOS INDIOS,1091,58,1149
270640 PAO DE ACUCAR,302,4,306
270642 PARICONHA,173,-,173
270644 PARIPUEIRA,135,7,142
270650 PASSO DE CAMARAGIBE,175,2,177
270660 PAULO JACINTO,102,-,102
270670 PENEDO,896,41,937
270680 PIACABUCU,194,7,201
270690 PILAR,520,3,523
270700 PINDOBA,56,-,56
270710 PIRANHAS,324,9,333
270720 POCO DAS TRINCHEIRAS,101,1,102
270730 PORTO CALVO,618,1,619
270740 PORTO DE PEDRAS,148,-,148
270750 PORTO REAL DO COLEGIO,258,5,263
270760 QUEBRANGULO,154,2,156
270770 RIO LARGO,779,28,807
270780 ROTEIRO,87,-,87
270790 SANTA LUZIA DO NORTE,95,-,95
270800 SANTANA DO IPANEMA,828,30,858
270810 SANTANA DO MUNDAU,152,3,155
270820 SAO BRAS,90,-,90
270830 SAO JOSE DA LAJE,413,-,413
270840 SAO JOSE DA TAPERA,378,-,378
270850 SAO LUIS DO QUITUNDE,289,-,289
270860 SAO MIGUEL DOS CAMPOS,1053,36,1089
270870 SAO MIGUEL DOS MILAGRES,104,-,104
270880 SAO SEBASTIAO,374,6,380
270890 SATUBA,187,3,190
270895 SENADOR RUI PALMEIRA,129,-,129
270900 TANQUE D'ARCA,72,-,72
270910 TAQUARANA,248,-,248
270915 TEOTONIO VILELA,517,10,527
270920 TRAIPU,251,-,251
270930 UNIAO DOS PALMARES,872,16,888
270940 VICOSA,298,4,302
280010 AMPARO DE SAO FRANCISCO,48,-,48
280020 AQUIDABA,220,21,241
280030 ARACAJU,14891,4939,19830
280040 ARAUA,145,-,145
280050 AREIA BRANCA,205,-,205
280060 BARRA DOS COQUEIROS,575,26,601
280067 BOQUIM,329,4,333
280070 BREJO GRANDE,140,1,141
280100 CAMPO DO BRITO,239,3,242
280110 CANHOBA,74,-,74
280120 CANINDE DE SAO FRANCISCO,489,3,492
280130 CAPELA,573,2,575
280140 CARIRA,217,5,222
280150 CARMOPOLIS,275,5,280
280160 CEDRO DE SAO JOAO,116,-,116
280170 CRISTINAPOLIS,267,-,267
280190 CUMBE,61,-,61
280200 DIVINA PASTORA,128,-,128
280210 ESTANCIA,917,64,981
280220 FEIRA NOVA,70,-,70
280230 FREI PAULO,145,-,145
280240 GARARU,106,2,108
280250 GENERAL MAYNARD,69,-,69
280260 GRACHO CARDOSO,76,-,76
280270 ILHA DAS FLORES,97,-,97
280280 INDIAROBA,233,2,235
280290 ITABAIANA,1429,134,1563
280300 ITABAIANINHA,347,2,349
280310 ITABI,66,4,70
280320 ITAPORANGA D'AJUDA,388,49,437
280330 JAPARATUBA,225,-,225
280340 JAPOATA,141,-,141
280350 LAGARTO,1911,44,1955
280360 LARANJEIRAS,251,-,251
280370 MACAMBIRA,92,-,92
280380 MALHADA DOS BOIS,58,-,58
280390 MALHADOR,102,-,102
280400 MARUIM,137,1,138
280410 MOITA BONITA,112,-,112
280420 MONTE ALEGRE DE SERGIPE,170,-,170
280430 MURIBECA,74,-,74
280440 NEOPOLIS,267,12,279
280445 NOSSA SENHORA APARECIDA,92,-,92
280450 NOSSA SENHORA DA GLORIA,551,34,585
280460 NOSSA SENHORA DAS DORES,349,6,355
280470 NOSSA SENHORA DE LOURDES,58,-,58
280480 NOSSA SENHORA DO SOCORRO,1936,84,2020
280490 PACATUBA,164,-,164
280500 PEDRA MOLE,57,-,57
280510 PEDRINHAS,89,-,89
280520 PINHAO,87,-,87
280530 PIRAMBU,69,-,69
280540 POCO REDONDO,228,-,228
280550 POCO VERDE,263,3,266
280560 PORTO DA FOLHA,314,1,315
280570 PROPRIA,628,31,659
280580 RIACHAO DO DANTAS,181,-,181
280590 RIACHUELO,125,-,125
280600 RIBEIROPOLIS,225,8,233
280610 ROSARIO DO CATETE,164,-,164
280620 SALGADO,198,-,198
280630 SANTA LUZIA DO ITANHY,142,-,142
280640 SANTANA DO SAO FRANCISCO,115,-,115
280650 SANTA ROSA DE LIMA,58,-,58
280660 SANTO AMARO DAS BROTAS,182,-,182
280670 SAO CRISTOVAO,634,20,654
280680 SAO DOMINGOS,134,-,134
280690 SAO FRANCISCO,48,-,48
280700 SAO MIGUEL DO ALEIXO,53,-,53
280710 SIMAO DIAS,484,9,493
280720 SIRIRI,111,1,112
280730 TELHA,39,-,39
280740 TOBIAS BARRETO,515,11,526
280750 TOMAR DO GERU,139,-,139
280760 UMBAUBA,240,2,242
290010 ABAIRA,124,1,125
290020 ABARE,237,2,239
290030 ACAJUTIBA,140,3,143
290035 ADUSTINA,192,7,199
290040 AGUA FRIA,156,-,156
290050 ERICO CARDOSO,165,12,177
290060 AIQUARA,71,-,71
290070 ALAGOINHAS,2009,1189,3198
290080 ALCOBACA,247,5,252
290090 ALMADINA,68,-,68
290100 AMARGOSA,556,153,709
290110 AMELIA RODRIGUES,294,4,298
290115 AMERICA DOURADA,205,-,205
290120 ANAGE,231,1,232
290130 ANDARAI,161,-,161
290135 ANDORINHA,143,5,148
290140 ANGICAL,181,13,194
290150 ANGUERA,113,-,113
290160 ANTAS,226,7,233
290170 ANTONIO CARDOSO,148,-,148
290180 ANTONIO GONCALVES,148,-,148
290190 APORA,201,-,201
290195 APUAREMA,114,-,114
290200 ARACATU,236,36,272
290205 ARACAS,141,7,148
290210 ARACI,525,10,535
290220 ARAMARI,97,1,98
290225 ARATACA,87,-,87
290230 ARATUIPE,105,-,105
290240 AURELINO LEAL,164,-,164
290250 BAIANOPOLIS,163,-,163
290260 BAIXA GRANDE,196,13,209
290265 BANZAE,145,-,145
290270 BARRA,497,1,498
290280 BARRA DA ESTIVA,227,12,239
290290 BARRA DO CHOCA,326,17,343
290300 BARRA DO MENDES,227,4,231
290310 BARRA DO ROCHA,107,-,107
290320 BARREIRAS,3209,272,3481
290323 BARRO ALTO,149,-,149
290327 BARROCAS,198,5,203
290330 BARRO PRETO,106,2,108
290340 BELMONTE,222,9,231
290350 BELO CAMPO,293,9,302
290360 BIRITINGA,182,1,183
290370 BOA NOVA,139,-,139
290380 BOA VISTA DO TUPIM,255,1,256
290390 BOM JESUS DA LAPA,1036,68,1104
290395 BOM JESUS DA SERRA,114,2,116
290400 BONINAL,135,-,135
290405 BONITO,226,2,228
290410 BOQUIRA,313,22,335
290420 BOTUPORA,229,19,248
290430 BREJOES,203,2,205
290440 BREJOLANDIA,153,-,153
290450 BROTAS DE MACAUBAS,147,13,160
290460 BRUMADO,905,136,1041
290470 BUERAREMA,168,-,168
290475 BURITIRAMA,246,1,247
290480 CAATIBA,135,1,136
290485 CABACEIRAS DO PARAGUACU,251,1,252
290490 CACHOEIRA,363,43,406
290500 CACULE,298,77,375
290510 CAEM,105,-,105
290515 CAETANOS,120,6,126
290520 CAETITE,924,122,1046
290530 CAFARNAUM,210,4,214
290540 CAIRU,244,-,244
290550 CALDEIRAO GRANDE,125,-,125
290560 CAMACAN,409,14,423
290570 CAMACARI,3675,1899,5574
290580 CAMAMU,264,17,281
290590 CAMPO ALEGRE DE LOURDES,275,12,287
290600 CAMPO FORMOSO,802,56,858
290610 CANAPOLIS,127,-,127
290620 CANARANA,230,18,248
290630 CANAVIEIRAS,307,26,333
290640 CANDEAL,113,2,115
290650 CANDEIAS,812,209,1021
290660 CANDIBA,103,9,112
290670 CANDIDO SALES,306,1,307
290680 CANSANCAO,321,16,337
290682 CANUDOS,208,-,208
290685 CAPELA DO ALTO ALEGRE,110,7,117
290687 CAPIM GROSSO,381,47,428
290689 CARAIBAS,86,-,86
290690 CARAVELAS,270,5,275
290700 CARDEAL DA SILVA,114,4,118
290710 CARINHANHA,252,9,261
290720 CASA NOVA,563,11,574
290730 CASTRO ALVES,405,42,447
290740 CATOLANDIA,65,-,65
290750 CATU,600,273,873
290755 CATURAMA,152,4,156
290760 CENTRAL,174,-,174
290770 CHORROCHO,175,2,177
290780 CICERO DANTAS,329,31,360
290790 CIPO,162,6,168
290800 COARACI,255,6,261
290810 COCOS,191,-,191
290820 CONCEICAO DA FEIRA,246,22,268
290830 CONCEICAO DO ALMEIDA,371,14,385
290840 CONCEICAO DO COITE,672,112,784
290850 CONCEICAO DO JACUIPE,504,35,539
290860 CONDE,265,10,275
290870 CONDEUBA,395,17,412
290880 CONTENDAS DO SINCORA,98,-,98
290890 CORACAO DE MARIA,255,1,256
290900 CORDEIROS,122,3,125
290910 CORIBE,207,2,209
290920 CORONEL JOAO SA,176,-,176
290930 CORRENTINA,330,16,346
290940 COTEGIPE,132,-,132
290950 CRAVOLANDIA,69,-,69
290960 CRISOPOLIS,240,-,240
290970 CRISTOPOLIS,189,-,189
290980 CRUZ DAS ALMAS,762,188,950
290990 CURACA,394,4,398
291000 DARIO MEIRA,159,-,159
291005 DIAS D'AVILA,634,311,945
291010 DOM BASILIO,207,6,213
291020 DOM MACEDO COSTA,58,-,58
291030 ELISIO MEDRADO,99,-,99
291040 ENCRUZILHADA,256,2,258
291050 ENTRE RIOS,442,33,475
291060 ESPLANADA,478,18,496
291070 EUCLIDES DA CUNHA,647,55,702
291072 EUNAPOLIS,1301,338,1639
291075 FATIMA,205,-,205
291077 FEIRA DA MATA,78,-,78
291080 FEIRA DE SANTANA,9128,1187,10315
291085 FILADELFIA,242,2,244
291090 FIRMINO ALVES,79,-,79
291100 FLORESTA AZUL,121,-,121
291110 FORMOSA DO RIO PRETO,341,1,342
291120 GANDU,445,213,658
291125 GAVIAO,62,-,62
291130 GENTIO DO OURO,154,4,158
291140 GLORIA,180,-,180
291150 GONGOGI,161,-,161
291160 GOVERNADOR MANGABEIRA,235,88,323
291165 GUAJERU,182,25,207
291170 GUANAMBI,1565,243,1808
291180 GUARATINGA,182,1,183
291185 HELIOPOLIS,128,-,128
291190 IACU,273,6,279
291200 IBIASSUCE,138,7,145
291210 IBICARAI,372,32,404
291220 IBICOARA,228,13,241
291230 IBICUI,195,9,204
291240 IBIPEBA,224,12,236
291250 IBIPITANGA,220,37,257
291260 IBIQUERA,64,-,64
291270 IBIRAPITANGA,250,3,253
291280 IBIRAPUA,193,6,199
291290 IBIRATAIA,258,8,266
291300 IBITIARA,167,7,174
291310 IBITITA,169,3,172
291320 IBOTIRAMA,558,37,595
291330 ICHU,87,2,89
291340 IGAPORA,219,8,227
291345 IGRAPIUNA,193,-,193
291350 IGUAI,213,6,219
291360 ILHEUS,3126,473,3599
291370 INHAMBUPE,347,13,360
291380 IPECAETA,141,-,141
291390 IPIAU,573,82,655
291400 IPIRA,406,41,447
291410 IPUPIARA,111,2,113
291420 IRAJUBA,86,-,86
291430 IRAMAIA,104,-,104
291440 IRAQUARA,263,-,263
291450 IRARA,299,15,314
291460 IRECE,1752,116,1868
291465 ITABELA,305,18,323
291470 ITABERABA,914,154,1068
291480 ITABUNA,3964,847,4811
291490 ITACARE,309,17,326
291500 ITAETE,146,3,149
291510 ITAGI,171,4,175
291520 ITAGIBA,103,4,107
291530 ITAGIMIRIM,95,-,95
291535 ITAGUACU DA BAHIA,225,-,225
291540 ITAJU DO COLONIA,81,-,81
291550 ITAJUIPE,191,45,236
291560 ITAMARAJU,590,69,659
291570 ITAMARI,77,-,77
291580 ITAMBE,289,31,320
291590 ITANAGRA,108,-,108
291600 ITANHEM,235,9,244
291610 ITAPARICA,315,33,348
291620 ITAPE,111,6,117
291630 ITAPEBI,105,1,106
291640 ITAPETINGA,847,96,943
291650 ITAPICURU,455,-,455
291660 ITAPITANGA,88,-,88
291670 ITAQUARA,89,3,92
291680 ITARANTIM,246,7,253
291685 ITATIM,176,3,179
291690 ITIRUCU,126,1,127
291700 ITIUBA,323,15,338
291710 ITORORO,220,5,225
291720 ITUACU,235,8,243
291730 ITUBERA,211,97,308
291733 IUIU,137,3,140
291735 JABORANDI,150,-,150
291740 JACARACI,212,5,217
291750 JACOBINA,1217,300,1517
291760 JAGUAQUARA,477,52,529
291770 JAGUARARI,421,18,439
291780 JAGUARIPE,133,-,133
291790 JANDAIRA,114,-,114
291800 JEQUIE,2903,298,3201
291810 JEREMOABO,494,34,528
291820 JIQUIRICA,172,5,177
291830 JITAUNA,164,2,166
291835 JOAO DOURADO,193,13,206
291840 JUAZEIRO,3537,424,3961
291845 JUCURUCU,83,-,83
291850 JUSSARA,164,1,165
291855 JUSSARI,100,-,100
291860 JUSSIAPE,130,7,137
291870 LAFAIETE COUTINHO,70,-,70
291875 LAGOA REAL,137,-,137
291880 LAJE,430,27,457
291890 LAJEDAO,103,1,104
291900 LAJEDINHO,41,-,41
291905 LAJEDO DO TABOCAL,78,-,78
291910 LAMARAO,100,-,100
291915 LAPAO,247,6,253
291920 LAURO DE FREITAS,3677,870,4547
291930 LENCOIS,140,-,140
291940 LICINIO DE ALMEIDA,126,6,132
291950 LIVRAMENTO DE NOSSA SENHORA,498,99,597
291955 LUIS EDUARDO MAGALHAES,978,200,1178
291960 MACAJUBA,186,4,190
291970 MACARANI,184,12,196
291980 MACAUBAS,697,54,751
291990 MACURURE,115,-,115
291992 MADRE DE DEUS,469,28,497
291995 MAETINGA,144,-,144
292000 MAIQUINIQUE,102,3,105
292010 MAIRI,338,1,339
292020 MALHADA,168,3,171
292030 MALHADA DE PEDRAS,90,-,90
292040 MANOEL VITORINO,171,-,171
292045 MANSIDAO,123,-,123
292050 MARACAS,321,102,423
292060 MARAGOGIPE,396,10,406
292070 MARAU,166,-,166
292080 MARCIONILIO SOUZA,140,3,143
292090 MASCOTE,169,-,169
292100 MATA DE SAO JOAO,407,111,518
292105 MATINA,142,23,165
292110 MEDEIROS NETO,287,15,302
292120 MIGUEL CALMON,358,22,380
292130 MILAGRES,138,1,139
292140 MIRANGABA,139,2,141
292145 MIRANTE,128,2,130
292150 MONTE SANTO,415,2,417
292160 MORPARA,114,-,114
292170 MORRO DO CHAPEU,505,5,510
292180 MORTUGABA,145,18,163
292190 MUCUGE,244,6,250
292200 MUCURI,477,85,562
292205 MULUNGU DO MORRO,171,-,171
292210 MUNDO NOVO,211,3,214
292220 MUNIZ FERREIRA,112,-,112
292225 MUQUEM DE SAO FRANCISCO,123,-,123
292230 MURITIBA,283,25,308
292240 MUTUIPE,259,20,279
292250 NAZARE,346,70,416
292260 NILO PECANHA,91,-,91
292265 NORDESTINA,207,-,207
292270 NOVA CANAA,180,2,182
292273 NOVA FATIMA,70,9,79
292275 NOVA IBIA,84,2,86
292280 NOVA ITARANA,125,-,125
292285 NOVA REDENCAO,120,-,120
292290 NOVA SOURE,237,5,242
292300 NOVA VICOSA,340,15,355
292303 NOVO HORIZONTE,128,2,130
292305 NOVO TRIUNFO,163,7,170
292310 OLINDINA,217,10,227
292320 OLIVEIRA DOS BREJINHOS,309,13,322
292330 OURICANGAS,115,-,115
292335 OUROLANDIA,195,16,211
292340 PALMAS DE MONTE ALTO,183,7,190
292350 PALMEIRAS,103,8,111
292360 PARAMIRIM,413,85,498
292370 PARATINGA,263,3,266
292380 PARIPIRANGA,238,46,284
292390 PAU BRASIL,157,-,157
292400 PAULO AFONSO,1369,412,1781
292405 PE DE SERRA,182,4,186
292410 PEDRAO,97,-,97
292420 PEDRO ALEXANDRE,147,3,150
292430 PIATA,313,4,317
292440 PILAO ARCADO,262,-,262
292450 PINDAI,163,5,168
292460 PINDOBACU,309,4,313
292465 PINTADAS,106,3,109
292467 PIRAI DO NORTE,106,-,106
292470 PIRIPA,147,10,157
292480 PIRITIBA,217,10,227
292490 PLANALTINO,139,1,140
292500 PLANALTO,259,2,261
292510 POCOES,467,89,556
292520 POJUCA,395,52,447
292525 PONTO NOVO,200,1,201
292530 PORTO SEGURO,2005,351,2356
292540 POTIRAGUA,89,-,89
292550 PRADO,420,16,436
292560 PRESIDENTE DUTRA,173,1,174
292570 PRESIDENTE JANIO QUADROS,157,6,163
292575 PRESIDENTE TANCREDO NEVES,241,21,262
292580 QUEIMADAS,217,5,222
292590 QUIJINGUE,213,-,213
292593 QUIXABEIRA,89,4,93
292595 RAFAEL JAMBEIRO,270,-,270
292600 REMANSO,618,29,647
292610 RETIROLANDIA,156,4,160
292620 RIACHAO DAS NEVES,182,-,182
292630 RIACHAO DO JACUIPE,306,31,337
292640 RIACHO DE SANTANA,311,5,316
292650 RIBEIRA DO AMPARO,120,-,120
292660 RIBEIRA DO POMBAL,860,91,951
292665 RIBEIRAO DO LARGO,98,-,98
292670 RIO DE CONTAS,214,1,215
292680 RIO DO ANTONIO,139,2,141
292690 RIO DO PIRES,177,3,180
292700 RIO REAL,440,15,455
292710 RODELAS,208,5,213
292720 RUY BARBOSA,443,19,462
292730 SALINAS DA MARGARIDA,144,1,145
292740 SALVADOR,51844,10553,62397
292750 SANTA BARBARA,185,15,200
292760 SANTA BRIGIDA,203,3,206
292770 SANTA CRUZ CABRALIA,361,9,370
292780 SANTA CRUZ DA VITORIA,78,-,78
292790 SANTA INES,158,1,159
292800 SANTALUZ,448,43,491
292805 SANTA LUZIA,122,-,122
292810 SANTA MARIA DA VITORIA,566,29,595
292820 SANTANA,222,1,223
292830 SANTANOPOLIS,112,-,112
292840 SANTA RITA DE CASSIA,316,-,316
292850 SANTA TERESINHA,189,-,189
292860 SANTO AMARO,476,49,525
292870 SANTO ANTONIO DE JESUS,1952,908,2860
292880 SANTO ESTEVAO,442,79,521
292890 SAO DESIDERIO,341,21,362
292895 SAO DOMINGOS,139,4,143
292900 SAO FELIX,243,6,249
292905 SAO FELIX DO CORIBE,175,2,177
292910 SAO FELIPE,273,28,301
292920 SAO FRANCISCO DO CONDE,853,20,873
292925 SAO GABRIEL,182,-,182
292930 SAO GONCALO DOS CAMPOS,243,17,260
292935 SAO JOSE DA VITORIA,78,-,78
292937 SAO JOSE DO JACUIPE,91,-,91
292940 SAO MIGUEL DAS MATAS,144,2,146
292950 SAO SEBASTIAO DO PASSE,414,36,450
292960 SAPEACU,320,4,324
292970 SATIRO DIAS,169,-,169
292975 SAUBARA,139,-,139
292980 SAUDE,106,1,107
292990 SEABRA,883,96,979
293000 SEBASTIAO LARANJEIRAS,184,2,186
293010 SENHOR DO BONFIM,877,235,1112
293015 SERRA DO RAMALHO,247,10,257
293020 SENTO SE,305,1,306
293030 SERRA DOURADA,281,14,295
293040 SERRA PRETA,130,1,131
293050 SERRINHA,936,249,1185
293060 SERROLANDIA,162,6,168
293070 SIMOES FILHO,913,91,1004
293075 SITIO DO MATO,104,-,104
293076 SITIO DO QUINTO,106,2,108
293077 SOBRADINHO,254,6,260
293080 SOUTO SOARES,141,-,141
293090 TABOCAS DO BREJO VELHO,164,-,164
293100 TANHACU,255,3,258
293105 TANQUE NOVO,275,15,290
293110 TANQUINHO,74,1,75
293120 TAPEROA,163,-,163
293130 TAPIRAMUTA,202,4,206
293135 TEIXEIRA DE FREITAS,1793,340,2133
293140 TEODORO SAMPAIO,129,11,140
293150 TEOFILANDIA,198,15,213
293160 TEOLANDIA,167,5,172
293170 TERRA NOVA,162,2,164
293180 TREMEDAL,199,3,202
293190 TUCANO,472,11,483
293200 UAUA,326,23,349
293210 UBAIRA,178,4,182
293220 UBAITABA,206,10,216
293230 UBATA,166,15,181
293240 UIBAI,116,2,118
293245 UMBURANAS,144,-,144
293250 UNA,274,9,283
293260 URANDI,158,14,172
293270 URUCUCA,176,4,180
293280 UTINGA,208,7,215
293290 VALENCA,1001,200,1201
293300 VALENTE,253,12,265
293305 VARZEA DA ROCA,159,-,159
293310 VARZEA DO POCO,65,-,65
293315 VARZEA NOVA,120,14,134
293317 VARZEDO,87,-,87
293320 VERA CRUZ,311,6,317
293325 VEREDA,96,1,97
293330 VITORIA DA CONQUISTA,4923,1765,6688
293340 WAGNER,104,3,107
293345 WANDERLEY,142,6,148
293350 WENCESLAU GUIMARAES,228,14,242
293360 XIQUE-XIQUE,448,24,472
310010 ABADIA DOS DOURADOS,95,1,96
310020 ABAETE,328,53,381
310030 ABRE CAMPO,186,16,202
310040 ACAIACA,62,4,66
310050 ACUCENA,108,-,108
310060 AGUA BOA,143,21,164
310070 AGUA COMPRIDA,57,-,57
310080 AGUANIL,54,2,56
310090 AGUAS FORMOSAS,367,23,390
310100 AGUAS VERMELHAS,209,6,215
310110 AIMORES,371,21,392
310120 AIURUOCA,176,5,181
310130 ALAGOA,70,1,71
310140 ALBERTINA,68,-,68
310150 ALEM PARAIBA,558,80,638
310160 ALFENAS,1814,395,2209
310163 ALFREDO VASCONCELOS,65,1,66
310170 ALMENARA,549,33,582
310180 ALPERCATA,63,2,65
310190 ALPINOPOLIS,241,72,313
310200 ALTEROSA,195,74,269
310205 ALTO CAPARAO,76,7,83
310210 ALTO RIO DOCE,165,64,229
310220 ALVARENGA,97,3,100
310230 ALVINOPOLIS,186,19,205
310240 ALVORADA DE MINAS,103,-,103
310250 AMPARO DO SERRA,57,1,58
310260 ANDRADAS,444,138,582
310270 CACHOEIRA DE PAJEU,132,2,134
310280 ANDRELANDIA,165,83,248
310285 ANGELANDIA,92,3,95
310290 ANTONIO CARLOS,225,25,250
310300 ANTONIO DIAS,152,1,153
310310 ANTONIO PRADO DE MINAS,57,-,57
310320 ARACAI,72,-,72
310330 ARACITABA,46,-,46
310340 ARACUAI,456,34,490
310350 ARAGUARI,1982,799,2781
310360 ARANTINA,61,16,77
310370 ARAPONGA,124,2,126
310375 ARAPORA,201,2,203
310380 ARAPUA,80,-,80
310390 ARAUJOS,80,2,82
310400 ARAXA,1515,533,2048
310410 ARCEBURGO,139,9,148
310420 ARCOS,450,109,559
310430 AREADO,175,40,215
310440 ARGIRITA,44,-,44
310445 ARICANDUVA,64,7,71
310450 ARINOS,327,61,388
310460 ASTOLFO DUTRA,148,28,176
310470 ATALEIA,143,3,146
310480 AUGUSTO DE LIMA,73,-,73
310490 BAEPENDI,387,74,461
310500 BALDIM,130,13,143
310510 BAMBUI,398,140,538
310520 BANDEIRA,58,13,71
310530 BANDEIRA DO SUL,69,11,80
310540 BARAO DE COCAIS,491,377,868
310550 BARAO DE MONTE ALTO,88,1,89
310560 BARBACENA,3653,974,4627
310570 BARRA LONGA,65,-,65
310590 BARROSO,390,40,430
310600 BELA VISTA DE MINAS,107,30,137
310610 BELMIRO BRAGA,95,3,98
310620 BELO HORIZONTE,61869,32219,94088
310630 BELO ORIENTE,433,104,537
310640 BELO VALE,159,-,159
310650 BERILO,151,9,160
310660 BERTOPOLIS,98,-,98
310665 BERIZAL,67,2,69
310670 BETIM,6527,3052,9579
310680 BIAS FORTES,66,-,66
310690 BICAS,217,54,271
310700 BIQUINHAS,48,-,48
310710 BOA ESPERANCA,498,77,575
310720 BOCAINA DE MINAS,88,12,100
310730 BOCAIUVA,575,47,622
310740 BOM DESPACHO,741,150,891
310750 BOM JARDIM DE MINAS,161,29,190
310760 BOM JESUS DA PENHA,73,-,73
310770 BOM JESUS DO AMPARO,50,1,51
310780 BOM JESUS DO GALHO,168,2,170
310790 BOM REPOUSO,107,10,117
310800 BOM SUCESSO,197,14,211
310810 BONFIM,78,9,87
310820 BONFINOPOLIS DE MINAS,105,1,106
310825 BONITO DE MINAS,181,3,184
310830 BORDA DA MATA,132,21,153
310840 BOTELHOS,171,21,192
310850 BOTUMIRIM,75,-,75
310855 BRASILANDIA DE MINAS,212,25,237
310860 BRASILIA DE MINAS,725,114,839
310870 BRAS PIRES,64,5,69
310880 BRAUNAS,63,1,64
310890 BRAZOPOLIS,132,29,161
310900 BRUMADINHO,1135,109,1244
310910 BUENO BRANDAO,123,28,151
310920 BUENOPOLIS,123,1,124
310925 BUGRE,69,1,70
310930 BURITIS,338,36,374
310940 BURITIZEIRO,407,7,414
310945 CABECEIRA GRANDE,114,15,129
310950 CABO VERDE,162,7,169
310960 CACHOEIRA DA PRATA,66,3,69
310970 CACHOEIRA DE MINAS,127,12,139
310980 CACHOEIRA DOURADA,60,-,60
310990 CAETANOPOLIS,198,12,210
311000 CAETE,419,57,476
311010 CAIANA,88,1,89
311020 CAJURI,73,3,76
311030 CALDAS,206,16,222
311040 CAMACHO,54,4,58
311050 CAMANDUCAIA,196,32,228
311060 CAMBUI,318,84,402
311070 CAMBUQUIRA,173,15,188
311080 CAMPANARIO,90,-,90
311090 CAMPANHA,244,73,317
311100 CAMPESTRE,256,55,311
311110 CAMPINA VERDE,314,42,356
311115 CAMPO AZUL,77,3,80
311120 CAMPO BELO,1119,157,1276
311130 CAMPO DO MEIO,172,3,175
311140 CAMPO FLORIDO,116,4,120
311150 CAMPOS ALTOS,155,7,162
311160 CAMPOS GERAIS,301,21,322
311170 CANAA,94,1,95
311180 CANAPOLIS,135,58,193
311190 CANA VERDE,69,3,72
311200 CANDEIAS,172,71,243
311205 CANTAGALO,61,-,61
311210 CAPARAO,65,2,67
311220 CAPELA NOVA,83,5,88
311230 CAPELINHA,478,102,580
311240 CAPETINGA,73,3,76
311250 CAPIM BRANCO,100,-,100
311260 CAPINOPOLIS,180,12,192
311265 CAPITAO ANDRADE,95,-,95
311270 CAPITAO ENEAS,194,8,202
311280 CAPITOLIO,133,3,136
311290 CAPUTIRA,91,4,95
311300 CARAI,176,8,184
311310 CARANAIBA,44,3,47
311320 CARANDAI,442,103,545
311330 CARANGOLA,930,68,998
311340 CARATINGA,1205,322,1527
311350 CARBONITA,106,15,121
311360 CAREACU,65,39,104
311370 CARLOS CHAGAS,228,13,241
311380 CARMESIA,53,-,53
311390 CARMO DA CACHOEIRA,127,5,132
311400 CARMO DA MATA,140,12,152
311410 CARMO DE MINAS,195,20,215
311420 CARMO DO CAJURU,205,13,218
311430 CARMO DO PARANAIBA,464,177,641
311440 CARMO DO RIO CLARO,237,34,271
311450 CARMOPOLIS DE MINAS,200,75,275
311455 CARNEIRINHO,177,10,187
311460 CARRANCAS,76,1,77
311470 CARVALHOPOLIS,53,3,56
311480 CARVALHOS,66,5,71
311490 CASA GRANDE,34,-,34
311500 CASCALHO RICO,71,-,71
311510 CASSIA,288,17,305
311520 CONCEICAO DA BARRA DE MINAS,63,1,64
311530 CATAGUASES,829,278,1107
311535 CATAS ALTAS,58,6,64
311540 CATAS ALTAS DA NORUEGA,33,-,33
311545 CATUJI,86,1,87
311547 CATUTI,72,2,74
311550 CAXAMBU,300,179,479
311560 CEDRO DO ABAETE,35,1,36
311570 CENTRAL DE MINAS,91,4,95
311580 CENTRALINA,146,2,148
311590 CHACARA,58,-,58
311600 CHALE,82,4,86
311610 CHAPADA DO NORTE,210,4,214
311615 CHAPADA GAUCHA,209,42,251
311620 CHIADOR,80,-,80
311630 CIPOTANEA,80,5,85
311640 CLARAVAL,54,-,54
311650 CLARO DOS POCOES,98,1,99
311660 CLAUDIO,282,126,408
311670 COIMBRA,61,9,70
311680 COLUNA,144,58,202
311690 COMENDADOR GOMES,52,2,54
311700 COMERCINHO,84,7,91
311710 CONCEICAO DA APARECIDA,144,84,228
311720 CONCEICAO DAS PEDRAS,51,-,51
311730 CONCEICAO DAS ALAGOAS,394,31,425
311740 CONCEICAO DE IPANEMA,65,2,67
311750 CONCEICAO DO MATO DENTRO,354,50,404
311760 CONCEICAO DO PARA,67,10,77
311770 CONCEICAO DO RIO VERDE,139,23,162
311780 CONCEICAO DOS OUROS,98,15,113
311783 CONEGO MARINHO,102,7,109
311787 CONFINS,129,33,162
311790 CONGONHAL,118,14,132
311800 CONGONHAS,1155,256,1411
311810 CONGONHAS DO NORTE,69,2,71
311820 CONQUISTA,120,8,128
311830 CONSELHEIRO LAFAIETE,1989,741,2730
311840 CONSELHEIRO PENA,258,61,319
311850 CONSOLACAO,17,-,17
311860 CONTAGEM,7344,2851,10195
311870 COQUEIRAL,105,4,109
311880 CORACAO DE JESUS,450,26,476
311890 CORDISBURGO,66,2,68
311900 CORDISLANDIA,40,1,41
311910 CORINTO,262,31,293
311920 COROACI,101,-,101
311930 COROMANDEL,406,175,581
311940 CORONEL FABRICIANO,1281,586,1867
311950 CORONEL MURTA,84,3,87
311960 CORONEL PACHECO,72,1,73
311970 CORONEL XAVIER CHAVES,39,3,42
311980 CORREGO DANTA,50,4,54
311990 CORREGO DO BOM JESUS,26,-,26
311995 CORREGO FUNDO,84,4,88
312000 CORREGO NOVO,39,-,39
312010 COUTO DE MAGALHAES DE MINAS,70,1,71
312015 CRISOLITA,85,1,86
312020 CRISTAIS,132,12,144
312030 CRISTALIA,75,-,75
312040 CRISTIANO OTONI,47,-,47
312050 CRISTINA,150,14,164
312060 CRUCILANDIA,76,130,206
312070 CRUZEIRO DA FORTALEZA,76,2,78
312080 CRUZILIA,293,13,306
312083 CUPARAQUE,69,2,71
312087 CURRAL DE DENTRO,147,-,147
312090 CURVELO,1278,407,1685
312100 DATAS,85,-,85
312110 DELFIM MOREIRA,78,10,88
312120 DELFINOPOLIS,111,1,112
312125 DELTA,146,5,151
312130 DESCOBERTO,69,1,70
312140 DESTERRO DE ENTRE RIOS,104,15,119
312150 DESTERRO DO MELO,47,2,49
312160 DIAMANTINA,1480,118,1598
312170 DIOGO DE VASCONCELOS,48,-,48
312180 DIONISIO,114,2,116
312190 DIVINESIA,84,-,84
312200 DIVINO,200,145,345
312210 DIVINO DAS LARANJEIRAS,76,2,78
312220 DIVINOLANDIA DE MINAS,81,4,85
312230 DIVINOPOLIS,4217,2435,6652
312235 DIVISA ALEGRE,74,10,84
312240 DIVISA NOVA,72,2,74
312245 DIVISOPOLIS,69,6,75
312247 DOM BOSCO,86,-,86
312250 DOM CAVATI,66,3,69
312260 DOM JOAQUIM,97,-,97
312270 DOM SILVERIO,102,6,108
312280 DOM VICOSO,61,4,65
312290 DONA EUSEBIA,58,-,58
312300 DORES DE CAMPOS,88,33,121
312310 DORES DE GUANHAES,62,2,64
312320 DORES DO INDAIA,150,21,171
312330 DORES DO TURVO,59,3,62
312340 DORESOPOLIS,41,-,41
312350 DOURADOQUARA,47,-,47
312352 DURANDE,73,2,75
312360 ELOI MENDES,254,147,401
312370 ENGENHEIRO CALDAS,173,18,191
312380 ENGENHEIRO NAVARRO,88,-,88
312385 ENTRE FOLHAS,76,1,77
312390 ENTRE RIOS DE MINAS,183,57,240
312400 ERVALIA,290,8,298
312410 ESMERALDAS,567,54,621
312420 ESPERA FELIZ,268,10,278
312430 ESPINOSA,332,34,366
312440 ESPIRITO SANTO DO DOURADO,63,-,63
312450 ESTIVA,102,7,109
312460 ESTRELA DALVA,49,-,49
312470 ESTRELA DO INDAIA,54,5,59
312480 ESTRELA DO SUL,108,-,108
312490 EUGENOPOLIS,149,10,159
312500 EWBANK DA CAMARA,74,-,74
312510 EXTREMA,706,124,830
312520 FAMA,32,-,32
312530 FARIA LEMOS,44,1,45
312540 FELICIO DOS SANTOS,112,-,112
312550 SAO GONCALO DO RIO PRETO,67,1,68
312560 FELISBURGO,119,1,120
312570 FELIXLANDIA,226,51,277
312580 FERNANDES TOURINHO,57,1,58
312590 FERROS,101,10,111
312595 FERVEDOURO,183,2,185
312600 FLORESTAL,113,27,140
312610 FORMIGA,866,200,1066
312620 FORMOSO,164,-,164
312630 FORTALEZA DE MINAS,57,2,59
312640 FORTUNA DE MINAS,68,-,68
312650 FRANCISCO BADARO,123,5,128
312660 FRANCISCO DUMONT,83,3,86
312670 FRANCISCO SA,423,15,438
312675 FRANCISCOPOLIS,87,-,87
312680 FREI GASPAR,70,-,70
312690 FREI INOCENCIO,139,-,139
312695 FREI LAGONEGRO,37,-,37
312700 FRONTEIRA,299,23,322
312705 FRONTEIRA DOS VALES,76,-,76
312707 FRUTA DE LEITE,66,-,66
312710 FRUTAL,850,373,1223
312720 FUNILANDIA,103,-,103
312730 GALILEIA,102,2,104
312733 GAMELEIRAS,109,-,109
312735 GLAUCILANDIA,43,-,43
312737 GOIABEIRA,86,4,90
312738 GOIANA,75,-,75
312740 GONCALVES,44,6,50
312750 GONZAGA,90,1,91
312760 GOUVEIA,133,1,134
312770 GOVERNADOR VALADARES,4056,2016,6072
312780 GRAO MOGOL,217,1,218
312790 GRUPIARA,74,-,74
312800 GUANHAES,484,73,557
312810 GUAPE,136,9,145
312820 GUARACIABA,114,-,114
312825 GUARACIAMA,64,-,64
312830 GUARANESIA,292,11,303
312840 GUARANI,112,4,116
312850 GUARARA,55,3,58
312860 GUARDA-MOR,159,6,165
312870 GUAXUPE,723,170,893
312880 GUIDOVAL,81,10,91
312890 GUIMARANIA,98,18,116
312900 GUIRICEMA,100,3,103
312910 GURINHATA,102,-,102
312920 HELIODORA,70,1,71
312930 IAPU,108,7,115
312940 IBERTIOGA,172,6,178
312950 IBIA,213,71,284
312960 IBIAI,93,2,95
312965 IBIRACATU,83,-,83
312970 IBIRACI,177,23,200
312980 IBIRITE,1638,145,1783
312990 IBITIURA DE MINAS,37,-,37
313000 IBITURUNA,33,-,33
313005 ICARAI DE MINAS,120,-,120
313010 IGARAPE,504,63,567
313020 IGARATINGA,169,1,170
313030 IGUATAMA,115,14,129
313040 IJACI,87,18,105
313050 ILICINEA,142,11,153
313055 IMBE DE MINAS,86,-,86
313060 INCONFIDENTES,61,2,63
313065 INDAIABIRA,85,2,87
313070 INDIANOPOLIS,112,1,113
313080 INGAI,47,-,47
313090 INHAPIM,352,24,376
313100 INHAUMA,124,1,125
313110 INIMUTABA,100,-,100
313115 IPABA,227,4,231
313120 IPANEMA,249,21,270
313130 IPATINGA,4557,1187,5744
313140 IPIACU,63,-,63
313150 IPUIUNA,123,15,138
313160 IRAI DE MINAS,90,3,93
313170 ITABIRA,2365,401,2766
313180 ITABIRINHA,162,4,166
313190 ITABIRITO,916,125,1041
313200 ITACAMBIRA,89,-,89
313210 ITACARAMBI,281,9,290
313220 ITAGUARA,204,27,231
313230 ITAIPE,114,-,114
313240 ITAJUBA,1677,586,2263
313250 ITAMARANDIBA,439,127,566
313260 ITAMARATI DE MINAS,41,3,44
313270 ITAMBACURI,434,18,452
313280 ITAMBE DO MATO DENTRO,40,-,40
313290 ITAMOGI,147,7,154
313300 ITAMONTE,182,24,206
313310 ITANHANDU,296,56,352
313320 ITANHOMI,174,5,179
313330 ITAOBIM,427,33,460
313340 ITAPAGIPE,181,23,204
313350 ITAPECERICA,170,34,204
313360 ITAPEVA,75,13,88
313370 ITATIAIUCU,180,14,194
313375 ITAU DE MINAS,171,33,204
313380 ITAUNA,965,392,1357
313390 ITAVERAVA,64,12,76
313400 ITINGA,145,23,168
313410 ITUETA,75,7,82
313420 ITUIUTABA,1060,548,1608
313430 ITUMIRIM,96,2,98
313440 ITURAMA,546,114,660
313450 ITUTINGA,72,3,75
313460 JABOTICATUBAS,222,44,266
313470 JACINTO,257,5,262
313480 JACUI,70,4,74
313490 JACUTINGA,235,34,269
313500 JAGUARACU,54,2,56
313505 JAIBA,423,16,439
313507 JAMPRUCA,45,1,46
313510 JANAUBA,1301,106,1407
313520 JANUARIA,807,95,902
313530 JAPARAIBA,54,17,71
313535 JAPONVAR,115,2,117
313540 JECEABA,145,26,171
313545 JENIPAPO DE MINAS,78,3,81
313550 JEQUERI,149,10,159
313560 JEQUITAI,114,4,118
313570 JEQUITIBA,124,2,126
313580 JEQUITINHONHA,338,9,347
313590 JESUANIA,73,-,73
313600 JOAIMA,162,24,186
313610 JOANESIA,71,1,72
313620 JOAO MONLEVADE,787,536,1323
313630 JOAO PINHEIRO,789,108,897
313640 JOAQUIM FELICIO,100,1,101
313650 JORDANIA,182,42,224
313652 JOSE GONCALVES DE MINAS,72,1,73
313655 JOSE RAYDAN,56,-,56
313657 JOSENOPOLIS,50,-,50
313660 NOVA UNIAO,98,1,99
313665 JUATUBA,340,145,485
313670 JUIZ DE FORA,11767,7728,19495
313680 JURAMENTO,80,1,81
313690 JURUAIA,169,10,179
313695 JUVENILIA,85,1,86
313700 LADAINHA,220,22,242
313710 LAGAMAR,115,26,141
313720 LAGOA DA PRATA,500,401,901
313730 LAGOA DOS PATOS,75,-,75
313740 LAGOA DOURADA,126,20,146
313750 LAGOA FORMOSA,295,40,335
313753 LAGOA GRANDE,139,14,153
313760 LAGOA SANTA,976,276,1252
313770 LAJINHA,195,9,204
313780 LAMBARI,246,42,288
313790 LAMIM,80,-,80
313800 LARANJAL,91,13,104
313810 LASSANCE,150,-,150
313820 LAVRAS,1485,847,2332
313830 LEANDRO FERREIRA,41,4,45
313835 LEME DO PRADO,68,3,71
313840 LEOPOLDINA,724,81,805
313850 LIBERDADE,82,5,87
313860 LIMA DUARTE,256,46,302
313862 LIMEIRA DO OESTE,159,15,174
313865 LONTRA,117,6,123
313867 LUISBURGO,80,2,82
313868 LUISLANDIA,69,2,71
313870 LUMINARIAS,79,4,83
313880 LUZ,240,23,263
313890 MACHACALIS,151,3,154
313900 MACHADO,493,358,851
313910 MADRE DE DEUS DE MINAS,70,-,70
313920 MALACACHETA,183,5,188
313925 MAMONAS,94,-,94
313930 MANGA,317,9,326
313940 MANHUACU,1604,448,2052
313950 MANHUMIRIM,326,25,351
313960 MANTENA,442,61,503
313970 MARAVILHAS,92,2,94
313980 MAR DE ESPANHA,188,37,225
313990 MARIA DA FE,128,18,146
314000 MARIANA,917,181,1098
314010 MARILAC,67,-,67
314015 MARIO CAMPOS,141,-,141
314020 MARIPA DE MINAS,63,-,63
314030 MARLIERIA,60,-,60
314040 MARMELOPOLIS,33,1,34
314050 MARTINHO CAMPOS,155,66,221
314053 MARTINS SOARES,64,2,66
314055 MATA VERDE,80,5,85
314060 MATERLANDIA,56,1,57
314070 MATEUS LEME,384,75,459
314080 MATIAS BARBOSA,164,28,192
314085 MATIAS CARDOSO,102,-,102
314090 MATIPO,227,17,244
314100 MATO VERDE,220,10,230
314110 MATOZINHOS,356,48,404
314120 MATUTINA,62,6,68
314130 MEDEIROS,52,1,53
314140 MEDINA,293,12,305
314150 MENDES PIMENTEL,72,-,72
314160 MERCES,122,6,128
314170 MESQUITA,72,-,72
314180 MINAS NOVAS,333,23,356
314190 MINDURI,75,5,80
314200 MIRABELA,275,4,279
314210 MIRADOURO,159,5,164
314220 MIRAI,194,11,205
314225 MIRAVANIA,76,1,77
314230 MOEDA,76,1,77
314240 MOEMA,95,2,97
314250 MONJOLOS,74,-,74
314260 MONSENHOR PAULO,99,7,106
314270 MONTALVANIA,193,6,199
314280 MONTE ALEGRE DE MINAS,225,2,227
314290 MONTE AZUL,335,7,342
314300 MONTE BELO,148,87,235
314310 MONTE CARMELO,518,147,665
314315 MONTE FORMOSO,61,1,62
314320 MONTE SANTO DE MINAS,240,22,262
314330 MONTES CLAROS,8916,1369,10285
314340 MONTE SIAO,160,52,212
314345 MONTEZUMA,112,5,117
314350 MORADA NOVA DE MINAS,139,4,143
314360 MORRO DA GARCA,46,-,46
314370 MORRO DO PILAR,40,1,41
314380 MUNHOZ,67,1,68
314390 MURIAE,2570,179,2749
314400 MUTUM,325,17,342
314410 MUZAMBINHO,215,36,251
314420 NACIP RAYDAN,49,-,49
314430 NANUQUE,348,161,509
314435 NAQUE,81,5,86
314437 NATALANDIA,75,-,75
314440 NATERCIA,64,4,68
314450 NAZARENO,124,11,135
314460 NEPOMUCENO,214,18,232
314465 NINHEIRA,136,2,138
314467 NOVA BELEM,78,5,83
314470 NOVA ERA,156,42,198
314480 NOVA LIMA,1330,693,2023
314490 NOVA MODICA,62,2,64
314500 NOVA PONTE,203,66,269
314505 NOVA PORTEIRINHA,79,-,79
314510 NOVA RESENDE,130,11,141
314520 NOVA SERRANA,883,288,1171
314530 NOVO CRUZEIRO,260,23,283
314535 NOVO ORIENTE DE MINAS,98,1,99
314537 NOVORIZONTE,71,-,71
314540 OLARIA,52,-,52
314545 OLHOS-D'AGUA,66,2,68
314550 OLIMPIO NORONHA,41,9,50
314560 OLIVEIRA,634,74,708
314570 OLIVEIRA FORTES,32,1,33
314580 ONCA DE PITANGUI,49,-,49
314585 ORATORIOS,47,1,48
314587 ORIZANIA,75,1,76
314590 OURO BRANCO,467,554,1021
314600 OURO FINO,321,65,386
314610 OURO PRETO,1131,185,1316
314620 OURO VERDE DE MINAS,81,2,83
314625 PADRE CARVALHO,77,1,78
314630 PADRE PARAISO,217,8,225
314640 PAINEIRAS,67,3,70
314650 PAINS,97,10,107
314655 PAI PEDRO,63,-,63
314660 PAIVA,32,-,32
314670 PALMA,103,8,111
314675 PALMOPOLIS,110,2,112
314690 PAPAGAIOS,123,18,141
314700 PARACATU,1122,338,1460
314710 PARA DE MINAS,1428,209,1637
314720 PARAGUACU,227,24,251
314730 PARAISOPOLIS,223,92,315
314740 PARAOPEBA,257,81,338
314750 PASSABEM,44,2,46
314760 PASSA QUATRO,176,33,209
314770 PASSA TEMPO,118,5,123
314780 PASSA-VINTE,37,2,39
314790 PASSOS,2360,480,2840
314795 PATIS,81,-,81
314800 PATOS DE MINAS,2459,1765,4224
314810 PATROCINIO,1323,307,1630
314820 PATROCINIO DO MURIAE,59,1,60
314830 PAULA CANDIDO,90,32,122
314840 PAULISTAS,77,2,79
314850 PAVAO,91,3,94
314860 PECANHA,276,85,361
314870 PEDRA AZUL,382,14,396
314875 PEDRA BONITA,78,2,80
314880 PEDRA DO ANTA,109,-,109
314890 PEDRA DO INDAIA,65,2,67
314900 PEDRA DOURADA,51,1,52
314910 PEDRALVA,116,13,129
314915 PEDRAS DE MARIA DA CRUZ,100,-,100
314920 PEDRINOPOLIS,56,1,57
314930 PEDRO LEOPOLDO,510,168,678
314940 PEDRO TEIXEIRA,56,-,56
314950 PEQUERI,69,-,69
314960 PEQUI,74,2,76
314970 PERDIGAO,96,1,97
314980 PERDIZES,280,24,304
314990 PERDOES,204,20,224
314995 PERIQUITO,72,2,74
315000 PESCADOR,75,1,76
315010 PIAU,47,-,47
315015 PIEDADE DE CARATINGA,82,-,82
315020 PIEDADE DE PONTE NOVA,56,-,56
315030 PIEDADE DO RIO GRANDE,90,16,106
315040 PIEDADE DOS GERAIS,57,-,57
315050 PIMENTA,114,11,125
315053 PINGO-D'AGUA,70,2,72
315057 PINTOPOLIS,99,-,99
315060 PIRACEMA,89,1,90
315070 PIRAJUBA,128,3,131
315080 PIRANGA,208,13,221
315090 PIRANGUCU,44,7,51
315100 PIRANGUINHO,62,16,78
315110 PIRAPETINGA,153,14,167
315120 PIRAPORA,901,74,975
315130 PIRAUBA,94,33,127
315140 PITANGUI,225,313,538
315150 PIUMHI,609,62,671
315160 PLANURA,166,5,171
315170 POCO FUNDO,343,11,354
315180 POCOS DE CALDAS,2834,1884,4718
315190 POCRANE,98,3,101
315200 POMPEU,376,88,464
315210 PONTE NOVA,1404,150,1554
315213 PONTO CHIQUE,75,-,75
315217 PONTO DOS VOLANTES,143,3,146
315220 PORTEIRINHA,413,35,448
315230 PORTO FIRME,141,6,147
315240 POTE,189,1,190
315250 POUSO ALEGRE,2176,816,2992
315260 POUSO ALTO,99,7,106
315270 PRADOS,114,6,120
315280 PRATA,410,30,440
315290 PRATAPOLIS,83,2,85
315300 PRATINHA,48,2,50
315310 PRESIDENTE BERNARDES,125,1,126
315320 PRESIDENTE JUSCELINO,78,1,79
315330 PRESIDENTE KUBITSCHEK,52,-,52
315340 PRESIDENTE OLEGARIO,217,2,219
315350 ALTO JEQUITIBA,87,6,93
315360 PRUDENTE DE MORAIS,114,-,114
315370 QUARTEL GERAL,65,-,65
315380 QUELUZITO,28,-,28
315390 RAPOSOS,145,1,146
315400 RAUL SOARES,277,36,313
315410 RECREIO,125,2,127
315415 REDUTO,69,2,71
315420 RESENDE COSTA,136,54,190
315430 RESPLENDOR,297,13,310
315440 RESSAQUINHA,87,-,87
315445 RIACHINHO,114,1,115
315450 RIACHO DOS MACHADOS,87,10,97
315460 RIBEIRAO DAS NEVES,2205,174,2379
315470 RIBEIRAO VERMELHO,56,19,75
315480 RIO ACIMA,152,-,152
315490 RIO CASCA,171,83,254
315500 RIO DOCE,48,1,49
315510 RIO DO PRADO,96,1,97
315520 RIO ESPERA,79,-,79
315530 RIO MANSO,60,-,60
315540 RIO NOVO,141,27,168
315550 RIO PARANAIBA,130,26,156
315560 RIO PARDO DE MINAS,353,14,367
315570 RIO PIRACICABA,151,21,172
315580 RIO POMBA,275,37,312
315590 RIO PRETO,111,2,113
315600 RIO VERMELHO,177,12,189
315610 RITAPOLIS,64,2,66
315620 ROCHEDO DE MINAS,50,-,50
315630 RODEIRO,65,7,72
315640 ROMARIA,49,1,50
315645 ROSARIO DA LIMEIRA,49,4,53
315650 RUBELITA,118,1,119
315660 RUBIM,150,1,151
315670 SABARA,833,70,903
315680 SABINOPOLIS,152,8,160
315690 SACRAMENTO,534,87,621
315700 SALINAS,624,120,744
315710 SALTO DA DIVISA,113,-,113
315720 SANTA BARBARA,292,96,388
315725 SANTA BARBARA DO LESTE,49,-,49
315727 SANTA BARBARA DO MONTE VERDE,80,-,80
315730 SANTA BARBARA DO TUGURIO,48,-,48
315733 SANTA CRUZ DE MINAS,65,3,68
315737 SANTA CRUZ DE SALINAS,64,-,64
315740 SANTA CRUZ DO ESCALVADO,54,-,54
315750 SANTA EFIGENIA DE MINAS,61,-,61
315760 SANTA FE DE MINAS,63,-,63
315765 SANTA HELENA DE MINAS,102,-,102
315770 SANTA JULIANA,168,25,193
315780 SANTA LUZIA,1531,288,1819
315790 SANTA MARGARIDA,171,10,181
315800 SANTA MARIA DE ITABIRA,112,10,122
315810 SANTA MARIA DO SALTO,78,5,83
315820 SANTA MARIA DO SUACUI,208,8,216
315830 SANTANA DA VARGEM,91,2,93
315840 SANTANA DE CATAGUASES,41,2,43
315850 SANTANA DE PIRAPAMA,114,1,115
315860 SANTANA DO DESERTO,88,1,89
315870 SANTANA DO GARAMBEU,50,-,50
315880 SANTANA DO JACARE,68,2,70
315890 SANTANA DO MANHUACU,93,5,98
315895 SANTANA DO PARAISO,281,46,327
315900 SANTANA DO RIACHO,63,-,63
315910 SANTANA DOS MONTES,44,-,44
315920 SANTA RITA DE CALDAS,88,18,106
315930 SANTA RITA DE JACUTINGA,96,2,98
315935 SANTA RITA DE MINAS,79,2,81
315940 SANTA RITA DE IBITIPOCA,49,-,49
315950 SANTA RITA DO ITUETO,88,3,91
315960 SANTA RITA DO SAPUCAI,374,307,681
315970 SANTA ROSA DA SERRA,60,5,65
315980 SANTA VITORIA,297,18,315
315990 SANTO ANTONIO DO AMPARO,259,106,365
316000 SANTO ANTONIO DO AVENTUREIRO,57,-,57
316010 SANTO ANTONIO DO GRAMA,65,-,65
316020 SANTO ANTONIO DO ITAMBE,81,-,81
316030 SANTO ANTONIO DO JACINTO,138,-,138
316040 SANTO ANTONIO DO MONTE,437,28,465
316045 SANTO ANTONIO DO RETIRO,94,2,96
316050 SANTO ANTONIO DO RIO ABAIXO,23,-,23
316060 SANTO HIPOLITO,60,-,60
316070 SANTOS DUMONT,553,98,651
316080 SAO BENTO ABADE,81,-,81
316090 SAO BRAS DO SUACUI,54,7,61
316095 SAO DOMINGOS DAS DORES,56,2,58
316100 SAO DOMINGOS DO PRATA,209,29,238
316105 SAO FELIX DE MINAS,111,-,111
316110 SAO FRANCISCO,549,21,570
316120 SAO FRANCISCO DE PAULA,67,1,68
316130 SAO FRANCISCO DE SALES,109,9,118
316140 SAO FRANCISCO DO GLORIA,69,-,69
316150 SAO GERALDO,67,1,68
316160 SAO GERALDO DA PIEDADE,49,4,53
316165 SAO GERALDO DO BAIXIO,48,-,48
316170 SAO GONCALO DO ABAETE,93,5,98
316180 SAO GONCALO DO PARA,92,15,107
316190 SAO GONCALO DO RIO ABAIXO,253,35,288
316200 SAO GONCALO DO SAPUCAI,307,42,349
316210 SAO GOTARDO,417,152,569
316220 SAO JOAO BATISTA DO GLORIA,98,3,101
316225 SAO JOAO DA LAGOA,97,-,97
316230 SAO JOAO DA MATA,40,1,41
316240 SAO JOAO DA PONTE,248,5,253
316245 SAO JOAO DAS MISSOES,241,2,243
316250 SAO JOAO DEL REI,1892,374,2266
316255 SAO JOAO DO MANHUACU,115,2,117
316257 SAO JOAO DO MANTENINHA,94,1,95
316260 SAO JOAO DO ORIENTE,88,1,89
316265 SAO JOAO DO PACUI,60,-,60
316270 SAO JOAO DO PARAISO,348,9,357
316280 SAO JOAO EVANGELISTA,221,11,232
316290 SAO JOAO NEPOMUCENO,314,80,394
316292 SAO JOAQUIM DE BICAS,401,24,425
316294 SAO JOSE DA BARRA,108,3,111
316295 SAO JOSE DA LAPA,281,19,300
316300 SAO JOSE DA SAFIRA,55,-,55
316310 SAO JOSE DA VARGINHA,77,3,80
316320 SAO JOSE DO ALEGRE,32,4,36
316330 SAO JOSE DO DIVINO,59,2,61
316340 SAO JOSE DO GOIABAL,92,-,92
316350 SAO JOSE DO JACURI,65,1,66
316360 SAO JOSE DO MANTIMENTO,58,7,65
316370 SAO LOURENCO,1033,251,1284
316380 SAO MIGUEL DO ANTA,88,9,97
316390 SAO PEDRO DA UNIAO,63,2,65
316400 SAO PEDRO DOS FERROS,77,12,89
316410 SAO PEDRO DO SUACUI,49,-,49
316420 SAO ROMAO,110,-,110
316430 SAO ROQUE DE MINAS,81,2,83
316440 SAO SEBASTIAO DA BELA VISTA,49,-,49
316443 SAO SEBASTIAO DA VARGEM ALEGRE,64,-,64
316447 SAO SEBASTIAO DO ANTA,65,-,65
316450 SAO SEBASTIAO DO MARANHAO,111,6,117
316460 SAO SEBASTIAO DO OESTE,101,3,104
316470 SAO SEBASTIAO DO PARAISO,1534,262,1796
316480 SAO SEBASTIAO DO RIO PRETO,39,-,39
316490 SAO SEBASTIAO DO RIO VERDE,36,-,36
316500 SAO TIAGO,147,27,174
316510 SAO TOMAS DE AQUINO,106,2,108
316520 SAO THOME DAS LETRAS,103,37,140
316530 SAO VICENTE DE MINAS,115,17,132
316540 SAPUCAI-MIRIM,61,4,65
316550 SARDOA,66,-,66
316553 SARZEDO,511,67,578
316555 SETUBINHA,94,1,95
316556 SEM-PEIXE,52,-,52
316557 SENADOR AMARAL,59,2,61
316560 SENADOR CORTES,28,-,28
316570 SENADOR FIRMINO,151,12,163
316580 SENADOR JOSE BENTO,35,-,35
316590 SENADOR MODESTINO GONCALVES,89,-,89
316600 SENHORA DE OLIVEIRA,69,1,70
316610 SENHORA DO PORTO,54,-,54
316620 SENHORA DOS REMEDIOS,98,41,139
316630 SERICITA,100,5,105
316640 SERITINGA,40,2,42
316650 SERRA AZUL DE MINAS,52,1,53
316660 SERRA DA SAUDADE,22,-,22
316670 SERRA DOS AIMORES,60,-,60
316680 SERRA DO SALITRE,172,18,190
316690 SERRANIA,84,1,85
316695 SERRANOPOLIS DE MINAS,66,-,66
316700 SERRANOS,46,-,46
316710 SERRO,228,10,238
316720 SETE LAGOAS,3059,1095,4154
316730 SILVEIRANIA,40,-,40
316740 SILVIANOPOLIS,59,4,63
316750 SIMAO PEREIRA,55,-,55
316760 SIMONESIA,168,9,177
316770 SOBRALIA,91,21,112
316780 SOLEDADE DE MINAS,40,3,43
316790 TABULEIRO,58,1,59
316800 TAIOBEIRAS,778,13,791
316805 TAPARUBA,64,-,64
316810 TAPIRA,54,8,62
316820 TAPIRAI,37,-,37
316830 TAQUARACU DE MINAS,74,1,75
316840 TARUMIRIM,196,6,202
316850 TEIXEIRAS,165,17,182
316860 TEOFILO OTONI,3337,423,3760
316870 TIMOTEO,765,273,1038
316880 TIRADENTES,70,6,76
316890 TIROS,113,8,121
316900 TOCANTINS,124,19,143
316905 TOCOS DO MOJI,37,3,40
316910 TOLEDO,54,1,55
316920 TOMBOS,128,35,163
316930 TRES CORACOES,1174,327,1501
316935 TRES MARIAS,410,79,489
316940 TRES PONTAS,672,305,977
316950 TUMIRITINGA,75,1,76
316960 TUPACIGUARA,402,17,419
316970 TURMALINA,294,34,328
316980 TURVOLANDIA,43,3,46
316990 UBA,1656,213,1869
317000 UBAI,124,4,128
317005 UBAPORANGA,125,5,130
317010 UBERABA,6591,2404,8995
317020 UBERLANDIA,13360,11694,25054
317030 UMBURATIBA,45,-,45
317040 UNAI,1011,522,1533
317043 UNIAO DE MINAS,74,1,75
317047 URUANA DE MINAS,83,-,83
317050 URUCANIA,108,-,108
317052 URUCUIA,238,5,243
317057 VARGEM ALEGRE,62,5,67
317060 VARGEM BONITA,35,-,35
317065 VARGEM GRANDE DO RIO PARDO,115,1,116
317070 VARGINHA,2168,794,2962
317075 VARJAO DE MINAS,105,2,107
317080 VARZEA DA PALMA,417,38,455
317090 VARZELANDIA,194,3,197
317100 VAZANTE,299,88,387
317103 VERDELANDIA,117,21,138
317107 VEREDINHA,75,1,76
317110 VERISSIMO,60,-,60
317115 VERMELHO NOVO,53,-,53
317120 VESPASIANO,1231,101,1332
317130 VICOSA,1247,617,1864
317140 VIEIRAS,71,-,71
317150 MATHIAS LOBATO,74,1,75
317160 VIRGEM DA LAPA,150,4,154
317170 VIRGINIA,87,15,102
317180 VIRGINOPOLIS,149,11,160
317190 VIRGOLANDIA,136,-,136
317200 VISCONDE DO RIO BRANCO,532,49,581
317210 VOLTA GRANDE,61,1,62
317220 WENCESLAU BRAZ,23,-,23
320010 AFONSO CLAUDIO,440,115,555
320013 AGUIA BRANCA,160,11,171
320016 AGUA DOCE DO NORTE,93,5,98
320020 ALEGRE,372,142,514
320030 ALFREDO CHAVES,234,43,277
320035 ALTO RIO NOVO,81,2,83
320040 ANCHIETA,704,178,882
320050 APIACA,137,24,161
320060 ARACRUZ,1204,396,1600
320070 ATILIO VIVACQUA,235,5,240
320080 BAIXO GUANDU,495,73,568
320090 BARRA DE SAO FRANCISCO,810,242,1052
320100 BOA ESPERANCA,182,81,263
320110 BOM JESUS DO NORTE,147,5,152
320115 BREJETUBA,178,17,195
320120 CACHOEIRO DE ITAPEMIRIM,4409,1194,5603
320130 CARIACICA,2791,1238,4029
320140 CASTELO,453,226,679
320150 COLATINA,2987,741,3728
320160 CONCEICAO DA BARRA,343,2,345
320170 CONCEICAO DO CASTELO,167,30,197
320180 DIVINO DE SAO LOURENCO,89,10,99
320190 DOMINGOS MARTINS,412,62,474
320200 DORES DO RIO PRETO,100,11,111
320210 ECOPORANGA,271,36,307
320220 FUNDAO,195,90,285
320225 GOVERNADOR LINDENBERG,179,87,266
320230 GUACUI,543,60,603
320240 GUARAPARI,1004,746,1750
320245 IBATIBA,209,274,483
320250 IBIRACU,128,28,156
320255 IBITIRAMA,96,39,135
320260 ICONHA,190,84,274
320265 IRUPI,140,41,181
320270 ITAGUACU,171,44,215
320280 ITAPEMIRIM,852,113,965
320290 ITARANA,133,11,144
320300 IUNA,260,105,365
320305 JAGUARE,295,158,453
320310 JERONIMO MONTEIRO,234,45,279
320313 JOAO NEIVA,237,37,274
320316 LARANJA DA TERRA,180,44,224
320320 LINHARES,2950,1492,4442
320330 MANTENOPOLIS,139,12,151
320332 MARATAIZES,499,192,691
320334 MARECHAL FLORIANO,213,49,262
320335 MARILANDIA,181,16,197
320340 MIMOSO DO SUL,374,136,510
320350 MONTANHA,300,101,401
320360 MUCURICI,121,9,130
320370 MUNIZ FREIRE,226,37,263
320380 MUQUI,183,17,200
320390 NOVA VENECIA,687,270,957
320400 PANCAS,239,19,258
320405 PEDRO CANARIO,259,14,273
320410 PINHEIROS,242,216,458
320420 PIUMA,289,88,377
320425 PONTO BELO,100,19,119
320430 PRESIDENTE KENNEDY,241,34,275
320435 RIO BANANAL,197,39,236
320440 RIO NOVO DO SUL,155,6,161
320450 SANTA LEOPOLDINA,180,23,203
320455 SANTA MARIA DE JETIBA,409,373,782
320460 SANTA TERESA,485,98,583
320465 SAO DOMINGOS DO NORTE,141,14,155
320470 SAO GABRIEL DA PALHA,329,140,469
320480 SAO JOSE DO CALCADO,458,37,495
320490 SAO MATEUS,1458,416,1874
320495 SAO ROQUE DO CANAA,133,64,197
320500 SERRA,6693,2085,8778
320501 SOORETAMA,333,30,363
320503 VARGEM ALTA,261,36,297
320506 VENDA NOVA DO IMIGRANTE,483,216,699
320510 VIANA,756,72,828
320515 VILA PAVAO,117,58,175
320517 VILA VALERIO,120,57,177
320520 VILA VELHA,6289,3619,9908
320530 VITORIA,11509,4198,15707
330010 ANGRA DOS REIS,3373,769,4142
330015 APERIBE,226,16,242
330020 ARARUAMA,1393,356,1749
330022 AREAL,261,25,286
330023 ARMACAO DOS BUZIOS,739,110,849
330025 ARRAIAL DO CABO,741,11,752
330030 BARRA DO PIRAI,1112,167,1279
330040 BARRA MANSA,2901,595,3496
330045 BELFORD ROXO,3597,346,3943
330050 BOM JARDIM,243,34,277
330060 BOM JESUS DO ITABAPOANA,1001,141,1142
330070 CABO FRIO,3531,687,4218
330080 CACHOEIRAS DE MACACU,1116,58,1174
330090 CAMBUCI,217,2,219
330093 CARAPEBUS,459,36,495
330095 COMENDADOR LEVY GASPARIAN,206,2,208
330100 CAMPOS DOS GOYTACAZES,8652,2581,11233
330110 CANTAGALO,287,202,489
330115 CARDOSO MOREIRA,177,6,183
330120 CARMO,526,22,548
330130 CASIMIRO DE ABREU,761,29,790
330140 CONCEICAO DE MACABU,296,30,326
330150 CORDEIRO,214,69,283
330160 DUAS BARRAS,171,9,180
330170 DUQUE DE CAXIAS,11508,4194,15702
330180 ENGENHEIRO PAULO DE FRONTIN,276,3,279
330185 GUAPIMIRIM,758,114,872
330187 IGUABA GRANDE,477,27,504
330190 ITABORAI,3158,405,3563
330200 ITAGUAI,1608,385,1993
330205 ITALVA,192,12,204
330210 ITAOCARA,445,26,471
330220 ITAPERUNA,3416,366,3782
330225 ITATIAIA,486,43,529
330227 JAPERI,1057,21,1078
330230 LAJE DO MURIAE,176,1,177
330240 MACAE,3614,1549,5163
330245 MACUCO,94,5,99
330250 MAGE,3381,352,3733
330260 MANGARATIBA,1027,10,1037
330270 MARICA,3507,327,3834
330280 MENDES,418,18,436
330285 MESQUITA,2640,175,2815
330290 MIGUEL PEREIRA,424,59,483
330300 MIRACEMA,386,46,432
330310 NATIVIDADE,295,22,317
330320 NILOPOLIS,1750,636,2386
330330 NITEROI,9669,5539,15208
330340 NOVA FRIBURGO,2153,1351,3504
330350 NOVA IGUACU,8107,2850,10957
330360 PARACAMBI,915,71,986
330370 PARAIBA DO SUL,833,42,875
330380 PARATY,700,17,717
330385 PATY DO ALFERES,269,20,289
330390 PETROPOLIS,5908,1317,7225
330395 PINHEIRAL,480,20,500
330400 PIRAI,812,11,823
330410 PORCIUNCULA,293,55,348
330411 PORTO REAL,528,31,559
330412 QUATIS,209,9,218
330414 QUEIMADOS,1114,85,1199
330415 QUISSAMA,443,2,445
330420 RESENDE,2070,937,3007
330430 RIO BONITO,1105,122,1227
330440 RIO CLARO,283,4,287
330450 RIO DAS FLORES,310,-,310
330452 RIO DAS OSTRAS,1616,424,2040
330455 RIO DE JANEIRO,102374,59677,162051
330460 SANTA MARIA MADALENA,146,13,159
330470 SANTO ANTONIO DE PADUA,437,113,550
330475 SAO FRANCISCO DE ITABAPOANA,705,69,774
330480 SAO FIDELIS,565,44,609
330490 SAO GONCALO,7870,2036,9906
330500 SAO JOAO DA BARRA,932,27,959
330510 SAO JOAO DE MERITI,3462,499,3961
330513 SAO JOSE DE UBA,138,26,164
330515 SAO JOSE DO VALE DO RIO PRETO,314,63,377
330520 SAO PEDRO DA ALDEIA,874,133,1007
330530 SAO SEBASTIAO DO ALTO,206,-,206
330540 SAPUCAIA,287,12,299
330550 SAQUAREMA,1506,79,1585
330555 SEROPEDICA,1015,84,1099
330560 SILVA JARDIM,406,6,412
330570 SUMIDOURO,172,-,172
330575 TANGUA,392,45,437
330580 TERESOPOLIS,3002,559,3561
330590 TRAJANO DE MORAES,123,5,128
330600 TRES RIOS,1452,328,1780
330610 VALENCA,1555,266,1821
330615 VARRE-SAI,140,-,140
330620 VASSOURAS,1037,106,1143
330630 VOLTA REDONDA,4236,2559,6795
350010 ADAMANTINA,744,118,862
350020 ADOLFO,121,3,124
350030 AGUAI,323,73,396
350040 AGUAS DA PRATA,76,16,92
350050 AGUAS DE LINDOIA,200,36,236
350055 AGUAS DE SANTA BARBARA,98,2,100
350060 AGUAS DE SAO PEDRO,92,4,96
350070 AGUDOS,478,17,495
350075 ALAMBARI,79,8,87
350080 ALFREDO MARCONDES,49,-,49
350090 ALTAIR,79,-,79
350100 ALTINOPOLIS,238,26,264
350110 ALTO ALEGRE,70,3,73
350115 ALUMINIO,133,25,158
350120 ALVARES FLORENCE,76,1,77
350130 ALVARES MACHADO,336,18,354
350140 ALVARO DE CARVALHO,51,-,51
350150 ALVINLANDIA,32,-,32
350160 AMERICANA,2505,2317,4822
350170 AMERICO BRASILIENSE,1028,36,1064
350180 AMERICO DE CAMPOS,118,4,122
350190 AMPARO,1123,409,1532
350200 ANALANDIA,97,1,98
350210 ANDRADINA,1029,236,1265
350220 ANGATUBA,329,64,393
350230 ANHEMBI,80,2,82
350240 ANHUMAS,73,1,74
350250 APARECIDA,528,36,564
350260 APARECIDA D'OESTE,72,-,72
350270 APIAI,379,19,398
350275 ARACARIGUAMA,320,24,344
350280 ARACATUBA,3747,770,4517
350290 ARACOIABA DA SERRA,212,78,290
350300 ARAMINA,77,1,78
350310 ARANDU,95,2,97
350315 ARAPEI,66,-,66
350320 ARARAQUARA,4390,2590,6980
350330 ARARAS,1921,887,2808
350335 ARCO-IRIS,27,-,27
350340 AREALVA,112,11,123
350350 AREIAS,61,-,61
350360 AREIOPOLIS,107,6,113
350370 ARIRANHA,124,15,139
350380 ARTUR NOGUEIRA,356,132,488
350390 ARUJA,825,329,1154
350395 ASPASIA,45,-,45
350400 ASSIS,1754,668,2422
350410 ATIBAIA,1265,1906,3171
350420 AURIFLAMA,166,23,189
350430 AVAI,65,-,65
350440 AVANHANDAVA,98,11,109
350450 AVARE,1208,149,1357
350460 BADY BASSITT,321,13,334
350470 BALBINOS,70,-,70
350480 BALSAMO,108,5,113
350490 BANANAL,135,2,137
350500 BARAO DE ANTONINA,45,-,45
350510 BARBOSA,74,-,74
350520 BARIRI,364,30,394
350530 BARRA BONITA,449,93,542
350535 BARRA DO CHAPEU,69,-,69
350540 BARRA DO TURVO,98,-,98
350550 BARRETOS,5401,434,5835
350560 BARRINHA,356,269,625
350570 BARUERI,5683,2063,7746
350580 BASTOS,336,19,355
350590 BATATAIS,746,221,967
350600 BAURU,7143,2433,9576
350610 BEBEDOURO,1126,420,1546
350620 BENTO DE ABREU,38,-,38
350630 BERNARDINO DE CAMPOS,174,7,181
350635 BERTIOGA,536,108,644
350640 BILAC,86,5,91
350650 BIRIGUI,1213,307,1520
350660 BIRITIBA-MIRIM,317,15,332
350670 BOA ESPERANCA DO SUL,174,3,177
350680 BOCAINA,106,26,132
350690 BOFETE,123,24,147
350700 BOITUVA,678,166,844
350710 BOM JESUS DOS PERDOES,168,18,186
350715 BOM SUCESSO DE ITARARE,59,-,59
350720 BORA,26,-,26
350730 BORACEIA,58,-,58
350740 BORBOREMA,259,20,279
350745 BOREBI,51,-,51
350750 BOTUCATU,5066,1049,6115
350760 BRAGANCA PAULISTA,3590,510,4100
350770 BRAUNA,55,-,55
350775 BREJO ALEGRE,47,-,47
350780 BRODOWSKI,348,50,398
350790 BROTAS,216,76,292
350800 BURI,203,62,265
350810 BURITAMA,239,20,259
350820 BURITIZAL,64,2,66
350830 CABRALIA PAULISTA,46,-,46
350840 CABREUVA,425,86,511
350850 CACAPAVA,1054,520,1574
350860 CACHOEIRA PAULISTA,437,167,604
350870 CACONDE,194,27,221
350880 CAFELANDIA,208,37,245
350890 CAIABU,75,-,75
350900 CAIEIRAS,1516,486,2002
350910 CAIUA,82,-,82
350920 CAJAMAR,1055,225,1280
350925 CAJATI,372,24,396
350930 CAJOBI,131,-,131
350940 CAJURU,269,77,346
350945 CAMPINA DO MONTE ALEGRE,54,5,59
350950 CAMPINAS,21812,13938,35750
350960 CAMPO LIMPO PAULISTA,716,52,768
350970 CAMPOS DO JORDAO,595,127,722
350980 CAMPOS NOVOS PAULISTA,89,-,89
350990 CANANEIA,156,1,157
350995 CANAS,49,1,50
351000 CANDIDO MOTA,357,60,417
351010 CANDIDO RODRIGUES,51,-,51
351015 CANITAR,53,-,53
351020 CAPAO BONITO,523,33,556
351030 CAPELA DO ALTO,192,49,241
351040 CAPIVARI,586,377,963
351050 CARAGUATATUBA,3190,535,3725
351060 CARAPICUIBA,2664,507,3171
351070 CARDOSO,145,12,157
351080 CASA BRANCA,692,58,750
351090 CASSIA DOS COQUEIROS,85,-,85
351100 CASTILHO,252,15,267
351110 CATANDUVA,3182,767,3949
351120 CATIGUA,92,8,100
351130 CEDRAL,136,24,160
351140 CERQUEIRA CESAR,204,10,214
351150 CERQUILHO,366,211,577
351160 CESARIO LANGE,168,15,183
351170 CHARQUEADA,116,30,146
351190 CLEMENTINA,55,3,58
351200 COLINA,335,35,370
351210 COLOMBIA,155,9,164
351220 CONCHAL,260,33,293
351230 CONCHAS,179,43,222
351240 CORDEIROPOLIS,275,70,345
351250 COROADOS,45,-,45
351260 CORONEL MACEDO,56,-,56
351270 CORUMBATAI,67,1,68
351280 COSMOPOLIS,625,81,706
351290 COSMORAMA,80,-,80
351300 COTIA,2207,1267,3474
351310 CRAVINHOS,366,135,501
351320 CRISTAIS PAULISTA,99,5,104
351330 CRUZALIA,57,-,57
351340 CRUZEIRO,1044,316,1360
351350 CUBATAO,1294,259,1553
351360 CUNHA,200,47,247
351370 DESCALVADO,328,116,444
351380 DIADEMA,4795,1249,6044
351385 DIRCE REIS,35,-,35
351390 DIVINOLANDIA,621,18,639
351400 DOBRADA,80,15,95
351410 DOIS CORREGOS,287,46,333
351420 DOLCINOPOLIS,53,-,53
351430 DOURADO,115,11,126
351440 DRACENA,771,188,959
351450 DUARTINA,174,39,213
351460 DUMONT,107,-,107
351470 ECHAPORA,98,1,99
351480 ELDORADO,189,3,192
351490 ELIAS FAUSTO,195,20,215
351492 ELISIARIO,51,1,52
351495 EMBAUBA,53,1,54
351500 EMBU DAS ARTES,2622,271,2893
351510 EMBU-GUACU,428,56,484
351512 EMILIANOPOLIS,41,2,43
351515 ENGENHEIRO COELHO,176,98,274
351518 ESPIRITO SANTO DO PINHAL,854,153,1007
351519 ESPIRITO SANTO DO TURVO,48,-,48
351520 ESTRELA D'OESTE,151,16,167
351530 ESTRELA DO NORTE,71,-,71
351535 EUCLIDES DA CUNHA PAULISTA,121,3,124
351540 FARTURA,221,17,238
351550 FERNANDOPOLIS,1304,441,1745
351560 FERNANDO PRESTES,101,2,103
351565 FERNAO,47,-,47
351570 FERRAZ DE VASCONCELOS,1734,58,1792
351580 FLORA RICA,44,-,44
351590 FLOREAL,39,-,39
351600 FLORIDA PAULISTA,121,6,127
351610 FLORINIA,59,-,59
351620 FRANCA,4537,1716,6253
351630 FRANCISCO MORATO,1642,109,1751
351640 FRANCO DA ROCHA,2539,261,2800
351650 GABRIEL MONTEIRO,43,1,44
351660 GALIA,109,4,113
351670 GARCA,782,83,865
351680 GASTAO VIDIGAL,45,-,45
351685 GAVIAO PEIXOTO,86,4,90
351690 GENERAL SALGADO,103,14,117
351700 GETULINA,106,11,117
351710 GLICERIO,58,-,58
351720 GUAICARA,145,9,154
351730 GUAIMBE,59,-,59
351740 GUAIRA,428,70,498
351750 GUAPIACU,237,7,244
351760 GUAPIARA,194,3,197
351770 GUARA,270,34,304
351780 GUARACAI,122,4,126
351790 GUARACI,176,15,191
351800 GUARANI D'OESTE,52,1,53
351810 GUARANTA,89,-,89
351820 GUARARAPES,306,49,355
351830 GUARAREMA,383,51,434
351840 GUARATINGUETA,1886,1550,3436
351850 GUAREI,167,3,170
351860 GUARIBA,383,79,462
351870 GUARUJA,3716,636,4352
351880 GUARULHOS,13026,3979,17005
351885 GUATAPARA,107,1,108
351890 GUZOLANDIA,42,-,42
351900 HERCULANDIA,116,3,119
351905 HOLAMBRA,88,23,111
351907 HORTOLANDIA,1471,337,1808
351910 IACANGA,110,7,117
351920 IACRI,76,1,77
351925 IARAS,105,-,105
351930 IBATE,167,40,207
351940 IBIRA,119,12,131
351950 IBIRAREMA,78,5,83
351960 IBITINGA,673,140,813
351970 IBIUNA,499,112,611
351980 ICEM,129,35,164
351990 IEPE,153,14,167
352000 IGARACU DO TIETE,159,1,160
352010 IGARAPAVA,361,49,410
352020 IGARATA,123,2,125
352030 IGUAPE,320,15,335
352040 ILHABELA,985,48,1033
352042 ILHA COMPRIDA,138,9,147
352044 ILHA SOLTEIRA,520,97,617
352050 INDAIATUBA,2366,960,3326
352060 INDIANA,71,3,74
352070 INDIAPORA,88,3,91
352080 INUBIA PAULISTA,51,-,51
352090 IPAUSSU,144,9,153
352100 IPERO,269,16,285
352110 IPEUNA,142,-,142
352115 IPIGUA,80,-,80
352120 IPORANGA,88,-,88
352130 IPUA,244,84,328
352140 IRACEMAPOLIS,184,17,201
352150 IRAPUA,98,7,105
352160 IRAPURU,106,-,106
352170 ITABERA,207,3,210
352180 ITAI,176,17,193
352190 ITAJOBI,170,13,183
352200 ITAJU,35,-,35
352210 ITANHAEM,1836,148,1984
352215 ITAOCA,37,-,37
352220 ITAPECERICA DA SERRA,1791,498,2289
352230 ITAPETININGA,1947,494,2441
352240 ITAPEVA,1583,305,1888
352250 ITAPEVI,2545,842,3387
352260 ITAPIRA,1449,664,2113
352265 ITAPIRAPUA PAULISTA,78,-,78
352270 ITAPOLIS,432,50,482
352280 ITAPORANGA,205,30,235
352290 ITAPUI,153,5,158
352300 ITAPURA,57,3,60
352310 ITAQUAQUECETUBA,2269,246,2515
352320 ITARARE,514,65,579
352330 ITARIRI,200,12,212
352340 ITATIBA,1154,220,1374
352350 ITATINGA,118,7,125
352360 ITIRAPINA,257,17,274
352370 ITIRAPUA,87,1,88
352380 ITOBI,55,3,58
352390 ITU,2141,565,2706
352400 ITUPEVA,600,98,698
352410 ITUVERAVA,699,201,900
352420 JABORANDI,116,4,120
352430 JABOTICABAL,1059,301,1360
352440 JACAREI,3207,2050,5257
352450 JACI,192,12,204
352460 JACUPIRANGA,199,6,205
352470 JAGUARIUNA,1100,112,1212
352480 JALES,1252,207,1459
352490 JAMBEIRO,71,-,71
352500 JANDIRA,598,121,719
352510 JARDINOPOLIS,358,53,411
352520 JARINU,290,25,315
352530 JAU,4131,593,4724
352540 JERIQUARA,62,-,62
352550 JOANOPOLIS,117,5,122
352560 JOAO RAMALHO,73,1,74
352570 JOSE BONIFACIO,310,71,381
352580 JULIO MESQUITA,59,5,64
352585 JUMIRIM,48,1,49
352590 JUNDIAI,5671,3907,9578
352600 JUNQUEIROPOLIS,300,14,314
352610 JUQUIA,216,3,219
352620 JUQUITIBA,312,6,318
352630 LAGOINHA,70,14,84
352640 LARANJAL PAULISTA,313,44,357
352650 LAVINIA,84,-,84
352660 LAVRINHAS,65,5,70
352670 LEME,1191,267,1458
352680 LENCOIS PAULISTA,819,206,1025
352690 LIMEIRA,3382,3166,6548
352700 LINDOIA,88,13,101
352710 LINS,1120,671,1791
352720 LORENA,1169,1211,2380
352725 LOURDES,30,-,30
352730 LOUVEIRA,658,55,713
352740 LUCELIA,217,20,237
352750 LUCIANOPOLIS,31,-,31
352760 LUIS ANTONIO,285,14,299
352770 LUIZIANIA,61,4,65
352780 LUPERCIO,35,-,35
352790 LUTECIA,64,-,64
352800 MACATUBA,159,23,182
352810 MACAUBAL,114,5,119
352820 MACEDONIA,71,1,72
352830 MAGDA,53,-,53
352840 MAIRINQUE,367,56,423
352850 MAIRIPORA,658,47,705
352860 MANDURI,124,6,130
352870 MARABA PAULISTA,61,-,61
352880 MARACAI,149,6,155
352885 MARAPOAMA,66,1,67
352890 MARIAPOLIS,41,1,42
352900 MARILIA,5891,868,6759
352910 MARINOPOLIS,41,-,41
352920 MARTINOPOLIS,323,55,378
352930 MATAO,1039,249,1288
352940 MAUA,3564,1870,5434
352950 MENDONCA,100,2,102
352960 MERIDIANO,55,6,61
352965 MESOPOLIS,46,-,46
352970 MIGUELOPOLIS,333,23,356
352980 MINEIROS DO TIETE,124,-,124
352990 MIRACATU,268,1,269
353000 MIRA ESTRELA,75,1,76
353010 MIRANDOPOLIS,404,48,452
353020 MIRANTE DO PARANAPANEMA,304,19,323
353030 MIRASSOL,421,180,601
353040 MIRASSOLANDIA,63,-,63
353050 MOCOCA,1020,267,1287
353060 MOGI DAS CRUZES,5986,3541,9527
353070 MOGI GUACU,1857,540,2397
353080 MOGI MIRIM,1208,663,1871
353090 MOMBUCA,48,-,48
353100 MONCOES,75,-,75
353110 MONGAGUA,358,59,417
353120 MONTE ALEGRE DO SUL,86,9,95
353130 MONTE ALTO,546,242,788
353140 MONTE APRAZIVEL,205,44,249
353150 MONTE AZUL PAULISTA,211,27,238
353160 MONTE CASTELO,67,-,67
353170 MONTEIRO LOBATO,74,10,84
353180 MONTE MOR,395,94,489
353190 MORRO AGUDO,481,66,547
353200 MORUNGABA,98,9,107
353205 MOTUCA,47,1,48
353210 MURUTINGA DO SUL,54,2,56
353215 NANTES,66,3,69
353220 NARANDIBA,96,-,96
353230 NATIVIDADE DA SERRA,58,-,58
353240 NAZARE PAULISTA,105,12,117
353250 NEVES PAULISTA,82,4,86
353260 NHANDEARA,185,67,252
353270 NIPOA,74,2,76
353280 NOVA ALIANCA,137,1,138
353282 NOVA CAMPINA,139,-,139
353284 NOVA CANAA PAULISTA,40,-,40
353286 NOVA CASTILHO,43,-,43
353290 NOVA EUROPA,128,20,148
353300 NOVA GRANADA,231,33,264
353310 NOVA GUATAPORANGA,53,-,53
353320 NOVA INDEPENDENCIA,64,4,68
353325 NOVAIS,46,-,46
353330 NOVA LUZITANIA,41,1,42
353340 NOVA ODESSA,298,64,362
353350 NOVO HORIZONTE,460,88,548
353360 NUPORANGA,87,18,105
353370 OCAUCU,44,-,44
353380 OLEO,21,-,21
353390 OLIMPIA,746,182,928
353400 ONDA VERDE,82,2,84
353410 ORIENTE,77,5,82
353420 ORINDIUVA,123,11,134
353430 ORLANDIA,366,227,593
353440 OSASCO,6502,6862,13364
353450 OSCAR BRESSANE,61,-,61
353460 OSVALDO CRUZ,357,62,419
353470 OURINHOS,1565,674,2239
353475 OUROESTE,212,14,226
353480 OURO VERDE,74,3,77
353490 PACAEMBU,170,10,180
353500 PALESTINA,153,27,180
353510 PALMARES PAULISTA,101,24,125
353520 PALMEIRA D'OESTE,109,11,120
353530 PALMITAL,322,44,366
353540 PANORAMA,193,10,203
353550 PARAGUACU PAULISTA,572,51,623
353560 PARAIBUNA,179,10,189
353570 PARAISO,94,3,97
353580 PARANAPANEMA,173,34,207
353590 PARANAPUA,49,-,49
353600 PARAPUA,96,1,97
353610 PARDINHO,73,1,74
353620 PARIQUERA-ACU,1401,8,1409
353625 PARISI,59,-,59
353630 PATROCINIO PAULISTA,232,2,234
353640 PAULICEIA,124,4,128
353650 PAULINIA,1174,345,1519
353657 PAULISTANIA,32,-,32
353660 PAULO DE FARIA,96,-,96
353670 PEDERNEIRAS,483,143,626
353680 PEDRA BELA,73,-,73
353690 PEDRANOPOLIS,45,-,45
353700 PEDREGULHO,199,12,211
353710 PEDREIRA,324,67,391
353715 PEDRINHAS PAULISTA,56,-,56
353720 PEDRO DE TOLEDO,183,7,190
353730 PENAPOLIS,727,166,893
353740 PEREIRA BARRETO,239,64,303
353750 PEREIRAS,71,2,73
353760 PERUIBE,619,115,734
353770 PIACATU,53,-,53
353780 PIEDADE,278,70,348
353790 PILAR DO SUL,166,17,183
353800 PINDAMONHANGABA,1765,964,2729
353810 PINDORAMA,181,7,188
353820 PINHALZINHO,91,10,101
353830 PIQUEROBI,49,1,50
353850 PIQUETE,114,12,126
353860 PIRACAIA,203,18,221
353870 PIRACICABA,5248,3286,8534
353880 PIRAJU,403,64,467
353890 PIRAJUI,300,31,331
353900 PIRANGI,125,25,150
353910 PIRAPORA DO BOM JESUS,159,9,168
353920 PIRAPOZINHO,270,36,306
353930 PIRASSUNUNGA,1173,382,1555
353940 PIRATININGA,140,5,145
353950 PITANGUEIRAS,415,63,478
353960 PLANALTO,78,-,78
353970 PLATINA,37,-,37
353980 POA,492,119,611
353990 POLONI,71,18,89
354000 POMPEIA,323,73,396
354010 PONGAI,48,-,48
354020 PONTAL,480,62,542
354025 PONTALINDA,45,-,45
354030 PONTES GESTAL,76,1,77
354040 POPULINA,53,18,71
354050 PORANGABA,98,11,109
354060 PORTO FELIZ,588,77,665
354070 PORTO FERREIRA,501,152,653
354075 POTIM,154,6,160
354080 POTIRENDABA,143,44,187
354085 PRACINHA,62,-,62
354090 PRADOPOLIS,164,19,183
354100 PRAIA GRANDE,3355,455,3810
354105 PRATANIA,61,2,63
354110 PRESIDENTE ALVES,38,-,38
354120 PRESIDENTE BERNARDES,205,13,218
354130 PRESIDENTE EPITACIO,464,54,518
354140 PRESIDENTE PRUDENTE,5606,1774,7380
354150 PRESIDENTE VENCESLAU,505,55,560
354160 PROMISSAO,685,54,739
354165 QUADRA,58,-,58
354170 QUATA,164,24,188
354180 QUEIROZ,63,-,63
354190 QUELUZ,121,1,122
354200 QUINTANA,120,15,135
354210 RAFARD,56,5,61
354220 RANCHARIA,383,119,502
354230 REDENCAO DA SERRA,51,1,52
354240 REGENTE FEIJO,235,39,274
354250 REGINOPOLIS,76,3,79
354260 REGISTRO,1642,208,1850
354270 RESTINGA,104,1,105
354280 RIBEIRA,62,-,62
354290 RIBEIRAO BONITO,88,13,101
354300 RIBEIRAO BRANCO,197,2,199
354310 RIBEIRAO CORRENTE,33,-,33
354320 RIBEIRAO DO SUL,66,-,66
354323 RIBEIRAO DOS INDIOS,38,-,38
354325 RIBEIRAO GRANDE,43,-,43
354330 RIBEIRAO PIRES,1039,570,1609
354340 RIBEIRAO PRETO,12279,5001,17280
354350 RIVERSUL,75,-,75
354360 RIFAINA,89,2,91
354370 RINCAO,104,2,106
354380 RINOPOLIS,116,2,118
354390 RIO CLARO,2584,1620,4204
354400 RIO DAS PEDRAS,200,57,257
354410 RIO GRANDE DA SERRA,211,4,215
354420 RIOLANDIA,133,3,136
354425 ROSANA,455,22,477
354430 ROSEIRA,171,13,184
354440 RUBIACEA,34,1,35
354450 RUBINEIA,46,-,46
354460 SABINO,60,2,62
354470 SAGRES,29,-,29
354480 SALES,73,-,73
354490 SALES OLIVEIRA,144,28,172
354500 SALESOPOLIS,147,3,150
354510 SALMOURAO,40,-,40
354515 SALTINHO,74,6,80
354520 SALTO,683,279,962
354530 SALTO DE PIRAPORA,451,52,503
354540 SALTO GRANDE,123,3,126
354550 SANDOVALINA,85,-,85
354560 SANTA ADELIA,173,31,204
354570 SANTA ALBERTINA,40,12,52
354580 SANTA BARBARA D'OESTE,1249,427,1676
354600 SANTA BRANCA,130,12,142
354610 SANTA CLARA D'OESTE,53,4,57
354620 SANTA CRUZ DA CONCEICAO,35,-,35
354625 SANTA CRUZ DA ESPERANCA,50,-,50
354630 SANTA CRUZ DAS PALMEIRAS,280,68,348
354640 SANTA CRUZ DO RIO PARDO,766,96,862
354650 SANTA ERNESTINA,42,5,47
354660 SANTA FE DO SUL,547,87,634
354670 SANTA GERTRUDES,212,34,246
354680 SANTA ISABEL,701,100,801
354690 SANTA LUCIA,46,-,46
354700 SANTA MARIA DA SERRA,58,3,61
354710 SANTA MERCEDES,58,2,60
354720 SANTANA DA PONTE PENSA,32,1,33
354730 SANTANA DE PARNAIBA,2196,130,2326
354740 SANTA RITA D'OESTE,46,-,46
354750 SANTA RITA DO PASSA QUATRO,468,41,509
354760 SANTA ROSA DE VITERBO,221,66,287
354765 SANTA SALETE,35,-,35
354770 SANTO ANASTACIO,169,34,203
354780 SANTO ANDRE,7623,6133,13756
354790 SANTO ANTONIO DA ALEGRIA,104,1,105
354800 SANTO ANTONIO DE POSSE,232,99,331
354805 SANTO ANTONIO DO ARACANGUA,112,-,112
354810 SANTO ANTONIO DO JARDIM,58,3,61
354820 SANTO ANTONIO DO PINHAL,86,3,89
354830 SANTO EXPEDITO,46,-,46
354840 SANTOPOLIS DO AGUAPEI,56,-,56
354850 SANTOS,10084,5873,15957
354860 SAO BENTO DO SAPUCAI,143,3,146
354870 SAO BERNARDO DO CAMPO,10200,6360,16560
354880 SAO CAETANO DO SUL,2972,1376,4348
354890 SAO CARLOS,2827,1138,3965
354900 SAO FRANCISCO,50,1,51
354910 SAO JOAO DA BOA VISTA,1700,1026,2726
354920 SAO JOAO DAS DUAS PONTES,23,-,23
354925 SAO JOAO DE IRACEMA,41,-,41
354930 SAO JOAO DO PAU D'ALHO,45,3,48
354940 SAO JOAQUIM DA BARRA,702,162,864
354950 SAO JOSE DA BELA VISTA,72,-,72
354960 SAO JOSE DO BARREIRO,46,1,47
354970 SAO JOSE DO RIO PARDO,856,315,1171
354980 SAO JOSE DO RIO PRETO,10793,3220,14013
354990 SAO JOSE DOS CAMPOS,10482,5700,16182
354995 SAO LOURENCO DA SERRA,135,12,147
355000 SAO LUIS DO PARAITINGA,115,4,119
355010 SAO MANUEL,354,81,435
355020 SAO MIGUEL ARCANJO,356,42,398
355030 SAO PAULO,174559,90877,265436
355040 SAO PEDRO,520,64,584
355050 SAO PEDRO DO TURVO,75,1,76
355060 SAO ROQUE,728,795,1523
355070 SAO SEBASTIAO,1372,315,1687
355080 SAO SEBASTIAO DA GRAMA,124,22,146
355090 SAO SIMAO,172,23,195
355100 SAO VICENTE,1646,331,1977
355110 SARAPUI,120,1,121
355130 SEBASTIANOPOLIS DO SUL,65,-,65
355140 SERRA AZUL,114,1,115
355150 SERRANA,595,61,656
355160 SERRA NEGRA,245,28,273
355170 SERTAOZINHO,1362,1091,2453
355180 SETE BARRAS,114,5,119
355190 SEVERINIA,140,8,148
355200 SILVEIRAS,97,-,97
355210 SOCORRO,315,43,358
355220 SOROCABA,9431,4249,13680
355230 SUD MENNUCCI,151,6,157
355240 SUMARE,2228,558,2786
355250 SUZANO,1530,596,2126
355255 SUZANAPOLIS,45,12,57
355260 TABAPUA,152,9,161
355270 TABATINGA,117,30,147
355280 TABOAO DA SERRA,3187,705,3892
355290 TACIBA,80,-,80
355300 TAGUAI,149,4,153
355310 TAIACU,71,4,75
355320 TAIUVA,68,10,78
355330 TAMBAU,216,99,315
355340 TANABI,263,31,294
355350 TAPIRAI,81,-,81
355360 TAPIRATIBA,128,16,144
355365 TAQUARAL,50,-,50
355370 TAQUARITINGA,564,162,726
355380 TAQUARITUBA,254,6,260
355385 TAQUARIVAI,76,-,76
355390 TARABAI,85,-,85
355395 TARUMA,166,4,170
355400 TATUI,1302,758,2060
355410 TAUBATE,5377,1658,7035
355420 TEJUPA,29,-,29
355430 TEODORO SAMPAIO,304,39,343
355440 TERRA ROXA,89,4,93
355450 TIETE,363,95,458
355460 TIMBURI,48,-,48
355465 TORRE DE PEDRA,35,1,36
355470 TORRINHA,79,1,80
355475 TRABIJU,47,-,47
355480 TREMEMBE,245,28,273
355490 TRES FRONTEIRAS,43,2,45
355495 TUIUTI,39,-,39
355500 TUPA,1183,192,1375
355510 TUPI PAULISTA,256,35,291
355520 TURIUBA,37,-,37
355530 TURMALINA,46,-,46
355535 UBARANA,63,-,63
355540 UBATUBA,1374,68,1442
355550 UBIRAJARA,66,-,66
355560 UCHOA,119,14,133
355570 UNIAO PAULISTA,29,-,29
355580 URANIA,117,2,119
355590 URU,28,-,28
355600 URUPES,152,24,176
355610 VALENTIM GENTIL,170,11,181
355620 VALINHOS,1093,685,1778
355630 VALPARAISO,253,36,289
355635 VARGEM,57,5,62
355640 VARGEM GRANDE DO SUL,324,100,424
355645 VARGEM GRANDE PAULISTA,322,78,400
355650 VARZEA PAULISTA,408,86,494
355660 VERA CRUZ,103,11,114
355670 VINHEDO,739,249,988
355680 VIRADOURO,207,25,232
355690 VISTA ALEGRE DO ALTO,47,3,50
355695 VITORIA BRASIL,28,-,28
355700 VOTORANTIM,761,333,1094
355710 VOTUPORANGA,1941,627,2568
355715 ZACARIAS,40,-,40
355720 CHAVANTES,100,4,104
355730 ESTIVA GERBI,124,2,126
410010 ABATIA,70,4,74
410020 ADRIANOPOLIS,107,11,118
410030 AGUDOS DO SUL,121,16,137
410040 ALMIRANTE TAMANDARE,566,95,661
410045 ALTAMIRA DO PARANA,110,-,110
410050 ALTONIA,163,70,233
410060 ALTO PARANA,103,7,110
410070 ALTO PIQUIRI,90,17,107
410080 ALVORADA DO SUL,143,1,144
410090 AMAPORA,64,-,64
410100 AMPERE,186,89,275
410105 ANAHY,68,-,68
410110 ANDIRA,184,42,226
410115 ANGULO,53,4,57
410120 ANTONINA,198,10,208
410130 ANTONIO OLINTO,95,7,102
410140 APUCARANA,2064,379,2443
410150 ARAPONGAS,1538,282,1820
410160 ARAPOTI,207,42,249
410165 ARAPUA,33,1,34
410170 ARARUNA,162,78,240
410180 ARAUCARIA,2550,620,3170
410185 ARIRANHA DO IVAI,36,-,36
410190 ASSAI,139,35,174
410200 ASSIS CHATEAUBRIAND,394,124,518
410210 ASTORGA,296,51,347
410220 ATALAIA,76,3,79
410230 BALSA NOVA,147,10,157
410240 BANDEIRANTES,321,94,415
410250 BARBOSA FERRAZ,190,64,254
410260 BARRACAO,106,28,134
410270 BARRA DO JACARE,34,-,34
410275 BELA VISTA DA CAROBA,55,2,57
410280 BELA VISTA DO PARAISO,160,28,188
410290 BITURUNA,198,12,210
410300 BOA ESPERANCA,70,22,92
410302 BOA ESPERANCA DO IGUACU,35,1,36
410304 BOA VENTURA DE SAO ROQUE,62,-,62
410305 BOA VISTA DA APARECIDA,116,6,122
410310 BOCAIUVA DO SUL,161,2,163
410315 BOM JESUS DO SUL,46,-,46
410320 BOM SUCESSO,97,6,103
410322 BOM SUCESSO DO SUL,54,1,55
410330 BORRAZOPOLIS,90,9,99
410335 BRAGANEY,69,3,72
410337 BRASILANDIA DO SUL,91,9,100
410340 CAFEARA,42,-,42
410345 CAFELANDIA,225,66,291
410347 CAFEZAL DO SUL,64,1,65
410350 CALIFORNIA,80,3,83
410360 CAMBARA,217,35,252
410370 CAMBE,1233,246,1479
410380 CAMBIRA,111,10,121
410390 CAMPINA DA LAGOA,130,42,172
410395 CAMPINA DO SIMAO,48,8,56
410400 CAMPINA GRANDE DO SUL,2032,1012,3044
410405 CAMPO BONITO,74,2,76
410410 CAMPO DO TENENTE,131,8,139
410420 CAMPO LARGO,2992,460,3452
410425 CAMPO MAGRO,277,7,284
410430 CAMPO MOURAO,2177,1618,3795
410440 CANDIDO DE ABREU,166,8,174
410442 CANDOI,126,12,138
410445 CANTAGALO,79,9,88
410450 CAPANEMA,159,37,196
410460 CAPITAO LEONIDAS MARQUES,191,18,209
410465 CARAMBEI,193,50,243
410470 CARLOPOLIS,128,14,142
410480 CASCAVEL,8482,1929,10411
410490 CASTRO,743,179,922
410500 CATANDUVAS,121,3,124
410510 CENTENARIO DO SUL,134,16,150
410520 CERRO AZUL,150,3,153
410530 CEU AZUL,147,13,160
410540 CHOPINZINHO,354,142,496
410550 CIANORTE,1311,164,1475
410560 CIDADE GAUCHA,120,23,143
410570 CLEVELANDIA,157,12,169
410580 COLOMBO,1396,253,1649
410590 COLORADO,478,80,558
410600 CONGONHINHAS,90,5,95
410610 CONSELHEIRO MAIRINCK,50,5,55
410620 CONTENDA,169,25,194
410630 CORBELIA,334,103,437
410640 CORNELIO PROCOPIO,931,239,1170
410645 CORONEL DOMINGOS SOARES,82,3,85
410650 CORONEL VIVIDA,303,25,328
410655 CORUMBATAI DO SUL,53,11,64
410657 CRUZEIRO DO IGUACU,64,2,66
410660 CRUZEIRO DO OESTE,237,17,254
410670 CRUZEIRO DO SUL,56,2,58
410680 CRUZ MACHADO,175,5,180
410685 CRUZMALTINA,38,1,39
410690 CURITIBA,30813,17731,48544
410700 CURIUVA,162,17,179
410710 DIAMANTE DO NORTE,77,1,78
410712 DIAMANTE DO SUL,39,-,39
410715 DIAMANTE D'OESTE,51,1,52
410720 DOIS VIZINHOS,549,145,694
410725 DOURADINA,116,18,134
410730 DOUTOR CAMARGO,105,7,112
410740 ENEAS MARQUES,68,12,80
410750 ENGENHEIRO BELTRAO,180,84,264
410752 ESPERANCA NOVA,43,5,48
410753 ENTRE RIOS DO OESTE,52,8,60
410754 ESPIGAO ALTO DO IGUACU,59,1,60
410755 FAROL,50,4,54
410760 FAXINAL,150,45,195
410765 FAZENDA RIO GRANDE,656,314,970
410770 FENIX,56,18,74
410773 FERNANDES PINHEIRO,98,1,99
410775 FIGUEIRA,93,16,109
410780 FLORAI,70,9,79
410785 FLOR DA SERRA DO SUL,76,7,83
410790 FLORESTA,106,18,124
410800 FLORESTOPOLIS,143,12,155
410810 FLORIDA,55,-,55
410820 FORMOSA DO OESTE,74,2,76
410830 FOZ DO IGUACU,4314,803,5117
410832 FRANCISCO ALVES,89,2,91
410840 FRANCISCO BELTRAO,2116,725,2841
410845 FOZ DO JORDAO,59,7,66
410850 GENERAL CARNEIRO,90,24,114
410855 GODOY MOREIRA,47,1,48
410860 GOIOERE,406,256,662
410865 GOIOXIM,85,4,89
410870 GRANDES RIOS,70,8,78
410880 GUAIRA,370,188,558
410890 GUAIRACA,101,3,104
410895 GUAMIRANGA,98,2,100
410900 GUAPIRAMA,53,1,54
410910 GUAPOREMA,36,1,37
410920 GUARACI,81,2,83
410930 GUARANIACU,207,16,223
410940 GUARAPUAVA,2955,522,3477
410950 GUARAQUECABA,133,1,134
410960 GUARATUBA,330,59,389
410965 HONORIO SERPA,100,1,101
410970 IBAITI,272,36,308
410975 IBEMA,77,1,78
410980 IBIPORA,728,113,841
410990 ICARAIMA,125,5,130
411000 IGUARACU,70,13,83
411005 IGUATU,42,-,42
411007 IMBAU,83,7,90
411010 IMBITUVA,269,39,308
411020 INACIO MARTINS,154,10,164
411030 INAJA,50,-,50
411040 INDIANOPOLIS,78,5,83
411050 IPIRANGA,230,18,248
411060 IPORA,194,30,224
411065 IRACEMA DO OESTE,46,-,46
411070 IRATI,709,243,952
411080 IRETAMA,114,62,176
411090 ITAGUAJE,51,1,52
411095 ITAIPULANDIA,129,20,149
411100 ITAMBARACA,70,-,70
411110 ITAMBE,47,17,64
411120 ITAPEJARA D'OESTE,120,4,124
411125 ITAPERUCU,162,24,186
411130 ITAUNA DO SUL,53,2,55
411140 IVAI,101,3,104
411150 IVAIPORA,824,138,962
411155 IVATE,82,2,84
411160 IVATUBA,52,2,54
411170 JABOTI,85,5,90
411180 JACAREZINHO,632,78,710
411190 JAGUAPITA,235,14,249
411200 JAGUARIAIVA,321,59,380
411210 JANDAIA DO SUL,409,66,475
411220 JANIOPOLIS,110,30,140
411230 JAPIRA,69,2,71
411240 JAPURA,80,4,84
411250 JARDIM ALEGRE,103,11,114
411260 JARDIM OLINDA,33,-,33
411270 JATAIZINHO,110,1,111
411275 JESUITAS,71,1,72
411280 JOAQUIM TAVORA,114,14,128
411290 JUNDIAI DO SUL,48,1,49
411295 JURANDA,118,38,156
411300 JUSSARA,88,12,100
411310 KALORE,88,-,88
411320 LAPA,731,89,820
411325 LARANJAL,71,-,71
411330 LARANJEIRAS DO SUL,424,77,501
411340 LEOPOLIS,52,-,52
411342 LIDIANOPOLIS,35,1,36
411345 LINDOESTE,106,-,106
411350 LOANDA,301,45,346
411360 LOBATO,60,6,66
411370 LONDRINA,11037,2557,13594
411373 LUIZIANA,88,4,92
411375 LUNARDELLI,62,2,64
411380 LUPIONOPOLIS,97,1,98
411390 MALLET,155,40,195
411400 MAMBORE,158,80,238
411410 MANDAGUACU,233,33,266
411420 MANDAGUARI,352,200,552
411430 MANDIRITUBA,215,10,225
411435 MANFRINOPOLIS,50,1,51
411440 MANGUEIRINHA,205,9,214
411450 MANOEL RIBAS,134,9,143
411460 MARECHAL CANDIDO RONDON,472,328,800
411470 MARIA HELENA,66,3,69
411480 MARIALVA,291,68,359
411490 MARILANDIA DO SUL,101,3,104
411500 MARILENA,86,4,90
411510 MARILUZ,72,20,92
411520 MARINGA,6900,4150,11050
411530 MARIOPOLIS,89,5,94
411535 MARIPA,81,6,87
411540 MARMELEIRO,168,52,220
411545 MARQUINHO,52,1,53
411550 MARUMBI,41,4,45
411560 MATELANDIA,192,49,241
411570 MATINHOS,320,56,376
411573 MATO RICO,48,1,49
411575 MAUA DA SERRA,117,5,122
411580 MEDIANEIRA,536,189,725
411585 MERCEDES,78,20,98
411590 MIRADOR,50,-,50
411600 MIRASELVA,42,-,42
411605 MISSAL,165,22,187
411610 MOREIRA SALES,149,61,210
411620 MORRETES,173,47,220
411630 MUNHOZ DE MELO,64,5,69
411640 NOSSA SENHORA DAS GRACAS,59,13,72
411650 NOVA ALIANCA DO IVAI,29,-,29
411660 NOVA AMERICA DA COLINA,46,-,46
411670 NOVA AURORA,149,15,164
411680 NOVA CANTU,74,20,94
411690 NOVA ESPERANCA,252,65,317
411695 NOVA ESPERANCA DO SUDOESTE,55,3,58
411700 NOVA FATIMA,60,5,65
411705 NOVA LARANJEIRAS,114,5,119
411710 NOVA LONDRINA,136,14,150
411720 NOVA OLIMPIA,85,2,87
411721 NOVA SANTA BARBARA,44,1,45
411722 NOVA SANTA ROSA,87,11,98
411725 NOVA PRATA DO IGUACU,90,21,111
411727 NOVA TEBAS,147,-,147
411729 NOVO ITACOLOMI,49,-,49
411730 ORTIGUEIRA,198,26,224
411740 OURIZONA,44,-,44
411745 OURO VERDE DO OESTE,78,6,84
411750 PAICANDU,360,17,377
411760 PALMAS,407,75,482
411770 PALMEIRA,425,46,471
411780 PALMITAL,103,9,112
411790 PALOTINA,368,120,488
411800 PARAISO DO NORTE,98,15,113
411810 PARANACITY,69,16,85
411820 PARANAGUA,1704,324,2028
411830 PARANAPOEMA,33,-,33
411840 PARANAVAI,1245,312,1557
411845 PATO BRAGADO,71,2,73
411850 PATO BRANCO,2258,819,3077
411860 PAULA FREITAS,70,6,76
411870 PAULO FRONTIN,73,10,83
411880 PEABIRU,126,71,197
411885 PEROBAL,74,1,75
411890 PEROLA,124,57,181
411900 PEROLA D'OESTE,80,5,85
411910 PIEN,127,29,156
411915 PINHAIS,1278,1078,2356
411920 PINHALAO,77,4,81
411925 PINHAL DE SAO BENTO,34,2,36
411930 PINHAO,225,37,262
411940 PIRAI DO SUL,206,30,236
411950 PIRAQUARA,1179,149,1328
411960 PITANGA,361,67,428
411965 PITANGUEIRAS,23,-,23
411970 PLANALTINA DO PARANA,60,-,60
411980 PLANALTO,133,33,166
411990 PONTA GROSSA,3875,1825,5700
411995 PONTAL DO PARANA,244,42,286
412000 PORECATU,147,14,161
412010 PORTO AMAZONAS,54,-,54
412015 PORTO BARREIRO,40,-,40
412020 PORTO RICO,37,-,37
412030 PORTO VITORIA,62,2,64
412033 PRADO FERREIRA,53,2,55
412035 PRANCHITA,124,25,149
412040 PRESIDENTE CASTELO BRANCO,61,4,65
412050 PRIMEIRO DE MAIO,99,11,110
412060 PRUDENTOPOLIS,433,72,505
412065 QUARTO CENTENARIO,48,1,49
412070 QUATIGUA,86,9,95
412080 QUATRO BARRAS,207,35,242
412085 QUATRO PONTES,39,13,52
412090 QUEDAS DO IGUACU,289,51,340
412100 QUERENCIA DO NORTE,120,4,124
412110 QUINTA DO SOL,80,9,89
412120 QUITANDINHA,171,39,210
412125 RAMILANDIA,33,1,34
412130 RANCHO ALEGRE,42,4,46
412135 RANCHO ALEGRE D'OESTE,29,12,41
412140 REALEZA,146,55,201
412150 REBOUCAS,247,47,294
412160 RENASCENCA,76,22,98
412170 RESERVA,173,27,200
412175 RESERVA DO IGUACU,91,-,91
412180 RIBEIRAO CLARO,98,14,112
412190 RIBEIRAO DO PINHAL,85,19,104
412200 RIO AZUL,213,60,273
412210 RIO BOM,47,6,53
412215 RIO BONITO DO IGUACU,129,3,132
412217 RIO BRANCO DO IVAI,45,2,47
412220 RIO BRANCO DO SUL,269,27,296
412230 RIO NEGRO,444,80,524
412240 ROLANDIA,671,152,823
412250 RONCADOR,150,42,192
412260 RONDON,88,18,106
412265 ROSARIO DO IVAI,60,2,62
412270 SABAUDIA,75,8,83
412280 SALGADO FILHO,43,3,46
412290 SALTO DO ITARARE,59,2,61
412300 SALTO DO LONTRA,176,35,211
412310 SANTA AMELIA,34,1,35
412320 SANTA CECILIA DO PAVAO,54,1,55
412330 SANTA CRUZ DE MONTE CASTELO,79,11,90
412340 SANTA FE,117,52,169
412350 SANTA HELENA,255,55,310
412360 SANTA INES,22,-,22
412370 SANTA ISABEL DO IVAI,78,7,85
412380 SANTA IZABEL DO OESTE,152,77,229
412382 SANTA LUCIA,51,-,51
412385 SANTA MARIA DO OESTE,79,3,82
412390 SANTA MARIANA,122,13,135
412395 SANTA MONICA,37,2,39
412400 SANTANA DO ITARARE,102,-,102
412402 SANTA TEREZA DO OESTE,112,1,113
412405 SANTA TEREZINHA DE ITAIPU,191,35,226
412410 SANTO ANTONIO DA PLATINA,673,107,780
412420 SANTO ANTONIO DO CAIUA,58,1,59
412430 SANTO ANTONIO DO PARAISO,52,-,52
412440 SANTO ANTONIO DO SUDOESTE,206,115,321
412450 SANTO INACIO,66,10,76
412460 SAO CARLOS DO IVAI,65,3,68
412470 SAO JERONIMO DA SERRA,110,18,128
412480 SAO JOAO,103,21,124
412490 SAO JOAO DO CAIUA,76,-,76
412500 SAO JOAO DO IVAI,141,7,148
412510 SAO JOAO DO TRIUNFO,121,6,127
412520 SAO JORGE D'OESTE,98,39,137
412530 SAO JORGE DO IVAI,70,11,81
412535 SAO JORGE DO PATROCINIO,85,8,93
412540 SAO JOSE DA BOA VISTA,95,1,96
412545 SAO JOSE DAS PALMEIRAS,59,2,61
412550 SAO JOSE DOS PINHAIS,2408,678,3086
412555 SAO MANOEL DO PARANA,39,-,39
412560 SAO MATEUS DO SUL,320,101,421
412570 SAO MIGUEL DO IGUACU,296,51,347
412575 SAO PEDRO DO IGUACU,82,1,83
412580 SAO PEDRO DO IVAI,96,8,104
412590 SAO PEDRO DO PARANA,33,4,37
412600 SAO SEBASTIAO DA AMOREIRA,103,5,108
412610 SAO TOME,56,3,59
412620 SAPOPEMA,85,7,92
412625 SARANDI,1068,114,1182
412627 SAUDADE DO IGUACU,68,-,68
412630 SENGES,155,4,159
412635 SERRANOPOLIS DO IGUACU,37,1,38
412640 SERTANEJA,103,8,111
412650 SERTANOPOLIS,186,41,227
412660 SIQUEIRA CAMPOS,201,50,251
412665 SULINA,44,-,44
412667 TAMARANA,152,17,169
412670 TAMBOARA,66,3,69
412680 TAPEJARA,109,11,120
412690 TAPIRA,80,-,80
412700 TEIXEIRA SOARES,144,2,146
412710 TELEMACO BORBA,672,180,852
412720 TERRA BOA,277,74,351
412730 TERRA RICA,181,14,195
412740 TERRA ROXA,141,14,155
412750 TIBAGI,158,6,164
412760 TIJUCAS DO SUL,198,13,211
412770 TOLEDO,1803,689,2492
412780 TOMAZINA,87,2,89
412785 TRES BARRAS DO PARANA,130,5,135
412788 TUNAS DO PARANA,51,-,51
412790 TUNEIRAS DO OESTE,78,3,81
412795 TUPASSI,73,6,79
412796 TURVO,184,15,199
412800 UBIRATA,301,224,525
412810 UMUARAMA,2466,585,3051
412820 UNIAO DA VITORIA,787,276,1063
412830 UNIFLOR,42,-,42
412840 URAI,110,4,114
412850 WENCESLAU BRAZ,152,18,170
412853 VENTANIA,105,1,106
412855 VERA CRUZ DO OESTE,126,12,138
412860 VERE,93,37,130
412862 ALTO PARAISO,61,-,61
412863 DOUTOR ULYSSES,83,1,84
412865 VIRMOND,58,10,68
412870 VITORINO,78,5,83
412880 XAMBRE,52,1,53
420005 ABDON BATISTA,50,1,51
420010 ABELARDO LUZ,232,77,309
420020 AGROLANDIA,109,12,121
420030 AGRONOMICA,41,2,43
420040 AGUA DOCE,112,16,128
420050 AGUAS DE CHAPECO,68,1,69
420055 AGUAS FRIAS,34,5,39
420060 AGUAS MORNAS,89,1,90
420070 ALFREDO WAGNER,111,22,133
420075 ALTO BELA VISTA,19,-,19
420080 ANCHIETA,81,5,86
420090 ANGELINA,84,1,85
420100 ANITA GARIBALDI,147,3,150
420110 ANITAPOLIS,57,26,83
420120 ANTONIO CARLOS,129,52,181
420125 APIUNA,115,13,128
420127 ARABUTA,69,1,70
420130 ARAQUARI,489,24,513
420140 ARARANGUA,1219,423,1642
420150 ARMAZEM,146,2,148
420160 ARROIO TRINTA,68,19,87
420165 ARVOREDO,34,1,35
420170 ASCURRA,71,13,84
420180 ATALANTA,30,-,30
420190 AURORA,48,2,50
420195 BALNEARIO ARROIO DO SILVA,121,7,128
420200 BALNEARIO CAMBORIU,2414,1640,4054
420205 BALNEARIO BARRA DO SUL,155,4,159
420207 BALNEARIO GAIVOTA,113,17,130
420208 BANDEIRANTE,35,-,35
420209 BARRA BONITA,24,-,24
420210 BARRA VELHA,472,31,503
420213 BELA VISTA DO TOLDO,82,16,98
420215 BELMONTE,29,3,32
420220 BENEDITO NOVO,122,8,130
420230 BIGUACU,1053,287,1340
420240 BLUMENAU,6149,1379,7528
420243 BOCAINA DO SUL,55,8,63
420245 BOMBINHAS,300,22,322
420250 BOM JARDIM DA SERRA,67,12,79
420253 BOM JESUS,35,-,35
420257 BOM JESUS DO OESTE,37,-,37
420260 BOM RETIRO,121,10,131
420270 BOTUVERA,54,1,55
420280 BRACO DO NORTE,615,81,696
420285 BRACO DO TROMBUDO,66,2,68
420287 BRUNOPOLIS,35,-,35
420290 BRUSQUE,1649,462,2111
420300 CACADOR,1106,151,1257
420310 CAIBI,120,8,128
420315 CALMON,57,2,59
420320 CAMBORIU,470,208,678
420325 CAPAO ALTO,36,-,36
420330 CAMPO ALEGRE,169,9,178
420340 CAMPO BELO DO SUL,109,15,124
420350 CAMPO ERE,143,22,165
420360 CAMPOS NOVOS,494,117,611
420370 CANELINHA,127,6,133
420380 CANOINHAS,898,317,1215
420390 CAPINZAL,209,58,267
420395 CAPIVARI DE BAIXO,250,14,264
420400 CATANDUVAS,95,25,120
420410 CAXAMBU DO SUL,81,11,92
420415 CELSO RAMOS,30,1,31
420417 CERRO NEGRO,40,1,41
420419 CHAPADAO DO LAGEADO,34,5,39
420420 CHAPECO,3812,1841,5653
420425 COCAL DO SUL,311,75,386
420430 CONCORDIA,1369,356,1725
420435 CORDILHEIRA ALTA,55,-,55
420440 CORONEL FREITAS,124,4,128
420445 CORONEL MARTINS,36,1,37
420450 CORUPA,172,51,223
420455 CORREIA PINTO,66,13,79
420460 CRICIUMA,3689,1561,5250
420470 CUNHA PORA,153,50,203
420475 CUNHATAI,27,1,28
420480 CURITIBANOS,894,154,1048
420490 DESCANSO,123,24,147
420500 DIONISIO CERQUEIRA,285,20,305
420510 DONA EMMA,43,-,43
420515 DOUTOR PEDRINHO,35,-,35
420517 ENTRE RIOS,46,-,46
420519 ERMO,35,3,38
420520 ERVAL VELHO,44,8,52
420530 FAXINAL DOS GUEDES,122,31,153
420535 FLOR DO SERTAO,31,-,31
420540 FLORIANOPOLIS,11366,6023,17389
420543 FORMOSA DO SUL,31,2,33
420545 FORQUILHINHA,283,22,305
420550 FRAIBURGO,403,97,500
420555 FREI ROGERIO,34,-,34
420560 GALVAO,49,1,50
420570 GAROPABA,383,36,419
420580 GARUVA,196,51,247
420590 GASPAR,638,55,693
420600 GOVERNADOR CELSO RAMOS,261,7,268
420610 GRAO PARA,71,1,72
420620 GRAVATAL,117,10,127
420630 GUABIRUBA,130,24,154
420640 GUARACIABA,153,11,164
420650 GUARAMIRIM,453,60,513
420660 GUARUJA DO SUL,77,11,88
420665 GUATAMBU,51,4,55
420670 HERVAL D'OESTE,200,53,253
420675 IBIAM,27,1,28
420680 IBICARE,33,27,60
420690 IBIRAMA,620,24,644
420700 ICARA,647,161,808
420710 ILHOTA,115,2,117
420720 IMARUI,137,11,148
420730 IMBITUBA,582,145,727
420740 IMBUIA,78,-,78
420750 INDAIAL,692,184,876
420757 IOMERE,48,-,48
420760 IPIRA,61,2,63
420765 IPORA DO OESTE,153,21,174
420768 IPUACU,77,-,77
420770 IPUMIRIM,74,6,80
420775 IRACEMINHA,49,12,61
420780 IRANI,173,9,182
420785 IRATI,37,1,38
420790 IRINEOPOLIS,116,3,119
420800 ITA,108,16,124
420810 ITAIOPOLIS,259,154,413
420820 ITAJAI,4713,1948,6661
420830 ITAPEMA,633,387,1020
420840 ITAPIRANGA,182,18,200
420845 ITAPOA,280,30,310
420850 ITUPORANGA,454,64,518
420860 JABORA,53,7,60
420870 JACINTO MACHADO,150,6,156
420880 JAGUARUNA,257,142,399
420890 JARAGUA DO SUL,2903,702,3605
420895 JARDINOPOLIS,35,1,36
420900 JOACABA,1035,292,1327
420910 JOINVILLE,7869,5843,13712
420915 JOSE BOITEUX,101,-,101
420917 JUPIA,37,-,37
420920 LACERDOPOLIS,24,1,25
420930 LAGES,3238,567,3805
420940 LAGUNA,562,58,620
420945 LAJEADO GRANDE,26,-,26
420950 LAURENTINO,54,6,60
420960 LAURO MULLER,225,13,238
420970 LEBON REGIS,101,8,109
420980 LEOBERTO LEAL,39,3,42
420985 LINDOIA DO SUL,61,4,65
420990 LONTRAS,144,5,149
421000 LUIZ ALVES,141,18,159
421003 LUZERNA,112,8,120
421005 MACIEIRA,31,-,31
421010 MAFRA,1141,118,1259
421020 MAJOR GERCINO,45,-,45
421030 MAJOR VIEIRA,92,2,94
421040 MARACAJA,59,2,61
421050 MARAVILHA,465,80,545
421055 MAREMA,29,-,29
421060 MASSARANDUBA,185,54,239
421070 MATOS COSTA,54,-,54
421080 MELEIRO,155,41,196
421085 MIRIM DOCE,25,1,26
421090 MODELO,56,2,58
421100 MONDAI,161,16,177
421105 MONTE CARLO,82,8,90
421110 MONTE CASTELO,90,1,91
421120 MORRO DA FUMACA,229,23,252
421125 MORRO GRANDE,29,1,30
421130 NAVEGANTES,499,166,665
421140 NOVA ERECHIM,74,8,82
421145 NOVA ITABERABA,43,3,46
421150 NOVA TRENTO,215,14,229
421160 NOVA VENEZA,204,26,230
421165 NOVO HORIZONTE,35,-,35
421170 ORLEANS,291,55,346
421175 OTACILIO COSTA,215,65,280
421180 OURO,42,13,55
421185 OURO VERDE,45,-,45
421187 PAIAL,36,-,36
421189 PAINEL,36,-,36
421190 PALHOCA,1488,1127,2615
421200 PALMA SOLA,144,11,155
421205 PALMEIRA,28,1,29
421210 PALMITOS,210,25,235
421220 PAPANDUVA,191,6,197
421223 PARAISO,52,5,57
421225 PASSO DE TORRES,89,2,91
421227 PASSOS MAIA,54,3,57
421230 PAULO LOPES,87,-,87
421240 PEDRAS GRANDES,42,3,45
421250 PENHA,302,45,347
421260 PERITIBA,52,1,53
421265 PESCARIA BRAVA,91,1,92
421270 PETROLANDIA,71,3,74
421280 BALNEARIO PICARRAS,309,54,363
421290 PINHALZINHO,266,62,328
421300 PINHEIRO PRETO,37,4,41
421310 PIRATUBA,60,6,66
421315 PLANALTO ALEGRE,39,6,45
421320 POMERODE,387,79,466
421330 PONTE ALTA,48,2,50
421335 PONTE ALTA DO NORTE,29,-,29
421340 PONTE SERRADA,142,16,158
421350 PORTO BELO,300,25,325
421360 PORTO UNIAO,498,114,612
421370 POUSO REDONDO,156,26,182
421380 PRAIA GRANDE,172,16,188
421390 PRESIDENTE CASTELLO BRANCO,20,4,24
421400 PRESIDENTE GETULIO,172,43,215
421410 PRESIDENTE NEREU,21,-,21
421415 PRINCESA,41,-,41
421420 QUILOMBO,135,25,160
421430 RANCHO QUEIMADO,58,4,62
421440 RIO DAS ANTAS,69,4,73
421450 RIO DO CAMPO,75,5,80
421460 RIO DO OESTE,39,6,45
421470 RIO DOS CEDROS,94,18,112
421480 RIO DO SUL,1294,284,1578
421490 RIO FORTUNA,75,2,77
421500 RIO NEGRINHO,403,104,507
421505 RIO RUFINO,31,7,38
421507 RIQUEZA,48,3,51
421510 RODEIO,89,18,107
421520 ROMELANDIA,51,1,52
421530 SALETE,96,5,101
421535 SALTINHO,32,-,32
421540 SALTO VELOSO,55,6,61
421545 SANGAO,107,-,107
421550 SANTA CECILIA,152,28,180
421555 SANTA HELENA,32,-,32
421560 SANTA ROSA DE LIMA,34,-,34
421565 SANTA ROSA DO SUL,100,3,103
421567 SANTA TEREZINHA,61,1,62
421568 SANTA TEREZINHA DO PROGRESSO,38,-,38
421569 SANTIAGO DO SUL,28,1,29
421570 SANTO AMARO DA IMPERATRIZ,449,88,537
421575 SAO BERNARDINO,38,-,38
421580 SAO BENTO DO SUL,818,306,1124
421590 SAO BONIFACIO,57,6,63
421600 SAO CARLOS,152,11,163
421605 SAO CRISTOVAO DO SUL,41,-,41
421610 SAO DOMINGOS,85,28,113
421620 SAO FRANCISCO DO SUL,532,87,619
421625 SAO JOAO DO OESTE,82,3,85
421630 SAO JOAO BATISTA,278,45,323
421635 SAO JOAO DO ITAPERIU,63,32,95
421640 SAO JOAO DO SUL,74,3,77
421650 SAO JOAQUIM,305,60,365
421660 SAO JOSE,3727,880,4607
421670 SAO JOSE DO CEDRO,182,19,201
421680 SAO JOSE DO CERRITO,75,1,76
421690 SAO LOURENCO DO OESTE,288,84,372
421700 SAO LUDGERO,112,1,113
421710 SAO MARTINHO,54,-,54
421715 SAO MIGUEL DA BOA VISTA,27,-,27
421720 SAO MIGUEL DO OESTE,783,256,1039
421725 SAO PEDRO DE ALCANTARA,226,-,226
421730 SAUDADES,90,20,110
421740 SCHROEDER,126,14,140
421750 SEARA,222,45,267
421755 SERRA ALTA,33,2,35
421760 SIDEROPOLIS,155,9,164
421770 SOMBRIO,361,60,421
421775 SUL BRASIL,30,3,33
421780 TAIO,185,31,216
421790 TANGARA,133,2,135
421795 TIGRINHOS,36,-,36
421800 TIJUCAS,548,83,631
421810 TIMBE DO SUL,96,2,98
421820 TIMBO,521,106,627
421825 TIMBO GRANDE,48,-,48
421830 TRES BARRAS,314,5,319
421835 TREVISO,62,6,68
421840 TREZE DE MAIO,102,4,106
421850 TREZE TILIAS,75,30,105
421860 TROMBUDO CENTRAL,124,7,131
421870 TUBARAO,1710,718,2428
421875 TUNAPOLIS,86,18,104
421880 TURVO,128,21,149
421885 UNIAO DO OESTE,26,-,26
421890 URUBICI,131,8,139
421895 URUPEMA,32,-,32
421900 URUSSANGA,260,35,295
421910 VARGEAO,59,3,62
421915 VARGEM,29,1,30
421917 VARGEM BONITA,44,1,45
421920 VIDAL RAMOS,88,6,94
421930 VIDEIRA,707,291,998
421935 VITOR MEIRELES,52,5,57
421940 WITMARSUM,69,3,72
421950 XANXERE,957,169,1126
421960 XAVANTINA,51,2,53
421970 XAXIM,321,73,394
421985 ZORTEA,26,2,28
422000 BALNEARIO RINCAO,74,30,104
430003 ACEGUA,84,-,84
430005 AGUA SANTA,53,5,58
430010 AGUDO,160,30,190
430020 AJURICABA,143,4,147
430030 ALECRIM,137,4,141
430040 ALEGRETE,1076,132,1208
430045 ALEGRIA,68,2,70
430047 ALMIRANTE TAMANDARE DO SUL,40,1,41
430050 ALPESTRE,89,9,98
430055 ALTO ALEGRE,31,4,35
430057 ALTO FELIZ,59,1,60
430060 ALVORADA,1320,187,1507
430063 AMARAL FERRADOR,75,1,76
430064 AMETISTA DO SUL,103,3,106
430066 ANDRE DA ROCHA,30,1,31
430070 ANTA GORDA,81,14,95
430080 ANTONIO PRADO,207,52,259
430085 ARAMBARE,56,6,62
430087 ARARICA,117,-,117
430090 ARATIBA,106,23,129
430100 ARROIO DO MEIO,397,23,420
430105 ARROIO DO SAL,173,6,179
430107 ARROIO DO PADRE,68,-,68
430110 ARROIO DOS RATOS,118,37,155
430120 ARROIO DO TIGRE,196,18,214
430130 ARROIO GRANDE,201,14,215
430140 ARVOREZINHA,136,10,146
430150 AUGUSTO PESTANA,118,10,128
430155 AUREA,42,4,46
430160 BAGE,1496,236,1732
430163 BALNEARIO PINHAL,316,22,338
430165 BARAO,97,1,98
430170 BARAO DE COTEGIPE,57,7,64
430175 BARAO DO TRIUNFO,39,1,40
430180 BARRACAO,60,7,67
430185 BARRA DO GUARITA,47,-,47
430187 BARRA DO QUARAI,48,-,48
430190 BARRA DO RIBEIRO,144,9,153
430192 BARRA DO RIO AZUL,28,-,28
430195 BARRA FUNDA,42,1,43
430200 BARROS CASSAL,122,21,143
430205 BENJAMIN CONSTANT DO SUL,56,-,56
430210 BENTO GONCALVES,1665,384,2049
430215 BOA VISTA DAS MISSOES,43,-,43
430220 BOA VISTA DO BURICA,112,26,138
430222 BOA VISTA DO CADEADO,59,1,60
430223 BOA VISTA DO INCRA,31,-,31
430225 BOA VISTA DO SUL,20,-,20
430230 BOM JESUS,130,21,151
430235 BOM PRINCIPIO,149,21,170
430237 BOM PROGRESSO,37,-,37
430240 BOM RETIRO DO SUL,168,14,182
430245 BOQUEIRAO DO LEAO,90,8,98
430250 BOSSOROCA,71,4,75
430258 BOZANO,33,7,40
430260 BRAGA,47,1,48
430265 BROCHIER,64,8,72
430270 BUTIA,221,13,234
430280 CACAPAVA DO SUL,300,39,339
430290 CACEQUI,181,11,192
430300 CACHOEIRA DO SUL,1620,198,1818
430310 CACHOEIRINHA,1113,430,1543
430320 CACIQUE DOBLE,88,4,92
430330 CAIBATE,74,6,80
430340 CAICARA,72,8,80
430350 CAMAQUA,915,176,1091
430355 CAMARGO,45,1,46
430360 CAMBARA DO SUL,132,-,132
430367 CAMPESTRE DA SERRA,36,1,37
430370 CAMPINA DAS MISSOES,129,20,149
430380 CAMPINAS DO SUL,79,1,80
430390 CAMPO BOM,825,202,1027
430400 CAMPO NOVO,86,6,92
430410 CAMPOS BORGES,57,3,60
430420 CANDELARIA,306,77,383
430430 CANDIDO GODOI,116,5,121
430435 CANDIOTA,103,12,115
430440 CANELA,488,135,623
430450 CANGUCU,436,33,469
430460 CANOAS,5663,1368,7031
430461 CANUDOS DO VALE,33,1,34
430462 CAPAO BONITO DO SUL,34,-,34
430463 CAPAO DA CANOA,993,120,1113
430465 CAPAO DO CIPO,47,-,47
430466 CAPAO DO LEAO,193,9,202
430467 CAPIVARI DO SUL,64,9,73
430468 CAPELA DE SANTANA,132,7,139
430469 CAPITAO,33,1,34
430470 CARAZINHO,1137,209,1346
430471 CARAA,72,-,72
430480 CARLOS BARBOSA,351,63,414
430485 CARLOS GOMES,28,-,28
430490 CASCA,135,32,167
430495 CASEIROS,45,-,45
430500 CATUIPE,93,13,106
430510 CAXIAS DO SUL,6049,3291,9340
430511 CENTENARIO,30,1,31
430512 CERRITO,44,-,44
430513 CERRO BRANCO,63,2,65
430515 CERRO GRANDE,57,1,58
430517 CERRO GRANDE DO SUL,97,3,100
430520 CERRO LARGO,163,43,206
430530 CHAPADA,134,9,143
430535 CHARQUEADAS,503,116,619
430537 CHARRUA,39,3,42
430540 CHIAPETTA,106,1,107
430543 CHUI,72,2,74
430544 CHUVISCA,41,5,46
430545 CIDREIRA,117,6,123
430550 CIRIACO,70,6,76
430558 COLINAS,41,1,42
430560 COLORADO,66,1,67
430570 CONDOR,81,2,83
430580 CONSTANTINA,135,9,144
430583 COQUEIRO BAIXO,26,-,26
430585 COQUEIROS DO SUL,39,-,39
430587 CORONEL BARROS,47,-,47
430590 CORONEL BICACO,108,6,114
430593 CORONEL PILAR,15,-,15
430595 COTIPORA,39,3,42
430597 COXILHA,71,-,71
430600 CRISSIUMAL,235,13,248
430605 CRISTAL,87,9,96
430607 CRISTAL DO SUL,48,2,50
430610 CRUZ ALTA,837,447,1284
430613 CRUZALTENSE,33,-,33
430620 CRUZEIRO DO SUL,126,17,143
430630 DAVID CANABARRO,112,3,115
430632 DERRUBADAS,45,-,45
430635 DEZESSEIS DE NOVEMBRO,30,1,31
430637 DILERMANDO DE AGUIAR,37,-,37
430640 DOIS IRMAOS,400,133,533
430642 DOIS IRMAOS DAS MISSOES,28,-,28
430645 DOIS LAJEADOS,51,8,59
430650 DOM FELICIANO,165,32,197
430655 DOM PEDRO DE ALCANTARA,47,-,47
430660 DOM PEDRITO,422,72,494
430670 DONA FRANCISCA,51,-,51
430673 DOUTOR MAURICIO CARDOSO,49,9,58
430675 DOUTOR RICARDO,32,3,35
430676 ELDORADO DO SUL,272,26,298
430680 ENCANTADO,483,123,606
430690 ENCRUZILHADA DO SUL,260,29,289
430692 ENGENHO VELHO,25,-,25
430693 ENTRE-IJUIS,86,4,90
430695 ENTRE RIOS DO SUL,52,6,58
430697 EREBANGO,47,-,47
430700 ERECHIM,1233,1009,2242
430705 ERNESTINA,44,-,44
430710 HERVAL,82,7,89
430720 ERVAL GRANDE,66,-,66
430730 ERVAL SECO,79,-,79
430740 ESMERALDA,42,1,43
430745 ESPERANCA DO SUL,47,-,47
430750 ESPUMOSO,303,55,358
430755 ESTACAO,65,5,70
430760 ESTANCIA VELHA,370,97,467
430770 ESTEIO,1256,231,1487
430780 ESTRELA,828,108,936
430781 ESTRELA VELHA,39,12,51
430783 EUGENIO DE CASTRO,30,2,32
430786 FAGUNDES VARELA,30,2,32
430790 FARROUPILHA,725,187,912
430800 FAXINAL DO SOTURNO,641,11,652
430805 FAXINALZINHO,31,-,31
430807 FAZENDA VILANOVA,44,12,56
430810 FELIZ,179,49,228
430820 FLORES DA CUNHA,303,113,416
430825 FLORIANO PEIXOTO,27,-,27
430830 FONTOURA XAVIER,120,1,121
430840 FORMIGUEIRO,62,4,66
430843 FORQUETINHA,30,8,38
430845 FORTALEZA DOS VALOS,68,-,68
430850 FREDERICO WESTPHALEN,523,81,604
430860 GARIBALDI,265,60,325
430865 GARRUCHOS,34,12,46
430870 GAURAMA,89,20,109
430880 GENERAL CAMARA,63,3,66
430885 GENTIL,43,-,43
430890 GETULIO VARGAS,293,47,340
430900 GIRUA,454,29,483
430905 GLORINHA,82,-,82
430910 GRAMADO,628,201,829
430912 GRAMADO DOS LOUREIROS,44,-,44
430915 GRAMADO XAVIER,43,3,46
430920 GRAVATAI,2961,549,3510
430925 GUABIJU,27,1,28
430930 GUAIBA,751,307,1058
430940 GUAPORE,306,90,396
430950 GUARANI DAS MISSOES,88,7,95
430955 HARMONIA,52,2,54
430957 HERVEIRAS,37,-,37
430960 HORIZONTINA,241,64,305
430965 HULHA NEGRA,58,-,58
430970 HUMAITA,47,9,56
430975 IBARAMA,50,2,52
430980 IBIACA,56,2,58
430990 IBIRAIARAS,65,18,83
430995 IBIRAPUITA,53,1,54
431000 IBIRUBA,261,82,343
431010 IGREJINHA,758,265,1023
431020 IJUI,1696,740,2436
431030 ILOPOLIS,56,18,74
431033 IMBE,298,17,315
431036 IMIGRANTE,42,2,44
431040 INDEPENDENCIA,60,6,66
431041 INHACORA,53,-,53
431043 IPE,45,3,48
431046 IPIRANGA DO SUL,31,-,31
431050 IRAI,120,4,124
431053 ITAARA,35,10,45
431055 ITACURUBI,43,-,43
431057 ITAPUCA,25,-,25
431060 ITAQUI,402,34,436
431065 ITATI,71,-,71
431070 ITATIBA DO SUL,48,-,48
431075 IVORA,19,4,23
431080 IVOTI,268,99,367
431085 JABOTICABA,111,-,111
431087 JACUIZINHO,35,-,35
431090 JACUTINGA,50,-,50
431100 JAGUARAO,236,24,260
431110 JAGUARI,130,7,137
431112 JAQUIRANA,53,-,53
431113 JARI,50,-,50
431115 JOIA,72,10,82
431120 JULIO DE CASTILHOS,258,29,287
431123 LAGOA BONITA DO SUL,23,14,37
431125 LAGOAO,58,-,58
431127 LAGOA DOS TRES CANTOS,33,-,33
431130 LAGOA VERMELHA,397,118,515
431140 LAJEADO,2308,553,2861
431142 LAJEADO DO BUGRE,35,-,35
431150 LAVRAS DO SUL,87,5,92
431160 LIBERATO SALZANO,55,1,56
431162 LINDOLFO COLLOR,40,5,45
431164 LINHA NOVA,13,1,14
431170 MACHADINHO,81,7,88
431171 MACAMBARA,46,7,53
431173 MAMPITUBA,42,-,42
431175 MANOEL VIANA,71,1,72
431177 MAQUINE,80,4,84
431179 MARATA,50,1,51
431180 MARAU,569,190,759
431190 MARCELINO RAMOS,86,4,90
431198 MARIANA PIMENTEL,28,-,28
431200 MARIANO MORO,42,-,42
431205 MARQUES DE SOUZA,70,3,73
431210 MATA,72,5,77
431213 MATO CASTELHANO,46,-,46
431215 MATO LEITAO,64,2,66
431217 MATO QUEIMADO,29,-,29
431220 MAXIMILIANO DE ALMEIDA,54,9,63
431225 MINAS DO LEAO,80,-,80
431230 MIRAGUAI,72,6,78
431235 MONTAURI,26,5,31
431237 MONTE ALEGRE DOS CAMPOS,41,-,41
431238 MONTE BELO DO SUL,29,2,31
431240 MONTENEGRO,1037,922,1959
431242 MORMACO,37,-,37
431244 MORRINHOS DO SUL,39,2,41
431245 MORRO REDONDO,59,9,68
431247 MORRO REUTER,59,3,62
431250 MOSTARDAS,114,8,122
431260 MUCUM,81,11,92
431261 MUITOS CAPOES,29,-,29
431262 MULITERNO,40,-,40
431265 NAO-ME-TOQUE,193,104,297
431267 NICOLAU VERGUEIRO,26,-,26
431270 NONOAI,276,10,286
431275 NOVA ALVORADA,51,-,51
431280 NOVA ARACA,52,6,58
431290 NOVA BASSANO,106,25,131
431295 NOVA BOA VISTA,40,1,41
431300 NOVA BRESCIA,47,2,49
431301 NOVA CANDELARIA,36,-,36
431303 NOVA ESPERANCA DO SUL,43,-,43
431306 NOVA HARTZ,105,76,181
431308 NOVA PADUA,24,-,24
431310 NOVA PALMA,116,4,120
431320 NOVA PETROPOLIS,272,52,324
431330 NOVA PRATA,354,209,563
431333 NOVA RAMADA,37,1,38
431335 NOVA ROMA DO SUL,26,1,27
431337 NOVA SANTA RITA,198,14,212
431339 NOVO CABRAIS,35,3,38
431340 NOVO HAMBURGO,2330,3024,5354
431342 NOVO MACHADO,52,2,54
431344 NOVO TIRADENTES,44,-,44
431346 NOVO XINGU,29,1,30
431349 NOVO BARREIRO,66,-,66
431350 OSORIO,804,89,893
431360 PAIM FILHO,79,4,83
431365 PALMARES DO SUL,167,3,170
431370 PALMEIRA DAS MISSOES,467,48,515
431380 PALMITINHO,134,23,157
431390 PANAMBI,453,92,545
431395 PANTANO GRANDE,102,22,124
431400 PARAI,89,22,111
431402 PARAISO DO SUL,45,11,56
431403 PARECI NOVO,48,-,48
431405 PAROBE,523,85,608
431406 PASSA SETE,47,-,47
431407 PASSO DO SOBRADO,75,1,76
431410 PASSO FUNDO,5584,1629,7213
431413 PAULO BENTO,22,-,22
431415 PAVERAMA,52,3,55
431417 PEDRAS ALTAS,49,-,49
431420 PEDRO OSORIO,74,5,79
431430 PEJUCARA,65,5,70
431440 PELOTAS,6308,1277,7585
431442 PICADA CAFE,53,-,53
431445 PINHAL,35,-,35
431446 PINHAL DA SERRA,35,-,35
431447 PINHAL GRANDE,58,5,63
431449 PINHEIRINHO DO VALE,52,-,52
431450 PINHEIRO MACHADO,128,12,140
431454 PINTO BANDEIRA,20,11,31
431455 PIRAPO,48,3,51
431460 PIRATINI,181,18,199
431470 PLANALTO,137,11,148
431475 POCO DAS ANTAS,26,4,30
431477 PONTAO,37,1,38
431478 PONTE PRETA,27,-,27
431480 PORTAO,248,141,389
431490 PORTO ALEGRE,41633,14268,55901
431500 PORTO LUCENA,87,-,87
431505 PORTO MAUA,29,2,31
431507 PORTO VERA CRUZ,14,-,14
431510 PORTO XAVIER,128,25,153
431513 POUSO NOVO,26,-,26
431514 PRESIDENTE LUCENA,21,-,21
431515 PROGRESSO,118,6,124
431517 PROTASIO ALVES,21,2,23
431520 PUTINGA,47,1,48
431530 QUARAI,271,31,302
431531 QUATRO IRMAOS,24,-,24
431532 QUEVEDOS,40,-,40
431535 QUINZE DE NOVEMBRO,50,7,57
431540 REDENTORA,99,2,101
431545 RELVADO,33,1,34
431550 RESTINGA SECA,164,18,182
431555 RIO DOS INDIOS,33,-,33
431560 RIO GRANDE,4012,714,4726
431570 RIO PARDO,452,65,517
431575 RIOZINHO,78,1,79
431580 ROCA SALES,80,1,81
431590 RODEIO BONITO,114,2,116
431595 ROLADOR,32,-,32
431600 ROLANTE,226,55,281
431610 RONDA ALTA,220,3,223
431620 RONDINHA,71,1,72
431630 ROQUE GONZALES,75,8,83
431640 ROSARIO DO SUL,490,129,619
431642 SAGRADA FAMILIA,44,-,44
431643 SALDANHA MARINHO,55,-,55
431645 SALTO DO JACUI,172,16,188
431647 SALVADOR DAS MISSOES,41,10,51
431650 SALVADOR DO SUL,70,12,82
431660 SANANDUVA,265,66,331
431670 SANTA BARBARA DO SUL,118,3,121
431673 SANTA CECILIA DO SUL,36,-,36
431675 SANTA CLARA DO SUL,79,15,94
431680 SANTA CRUZ DO SUL,2211,440,2651
431690 SANTA MARIA,4055,2264,6319
431695 SANTA MARIA DO HERVAL,30,5,35
431697 SANTA MARGARIDA DO SUL,39,-,39
431700 SANTANA DA BOA VISTA,67,-,67
431710 SANT'ANA DO LIVRAMENTO,828,279,1107
431720 SANTA ROSA,1501,632,2133
431725 SANTA TEREZA,20,-,20
431730 SANTA VITORIA DO PALMAR,307,26,333
431740 SANTIAGO,732,146,878
431750 SANTO ANGELO,918,664,1582
431755 SANTO ANTONIO DO PALMA,27,-,27
431760 SANTO ANTONIO DA PATRULHA,412,114,526
431770 SANTO ANTONIO DAS MISSOES,106,12,118
431775 SANTO ANTONIO DO PLANALTO,28,4,32
431780 SANTO AUGUSTO,218,11,229
431790 SANTO CRISTO,145,6,151
431795 SANTO EXPEDITO DO SUL,26,-,26
431800 SAO BORJA,972,82,1054
431805 SAO DOMINGOS DO SUL,50,2,52
431810 SAO FRANCISCO DE ASSIS,216,20,236
431820 SAO FRANCISCO DE PAULA,198,11,209
431830 SAO GABRIEL,1078,86,1164
431840 SAO JERONIMO,591,78,669
431842 SAO JOAO DA URTIGA,45,1,46
431843 SAO JOAO DO POLESINE,53,2,55
431844 SAO JORGE,27,-,27
431845 SAO JOSE DAS MISSOES,46,-,46
431846 SAO JOSE DO HERVAL,42,-,42
431848 SAO JOSE DO HORTENCIO,50,1,51
431849 SAO JOSE DO INHACORA,39,2,41
431850 SAO JOSE DO NORTE,278,9,287
431860 SAO JOSE DO OURO,107,18,125
431861 SAO JOSE DO SUL,38,-,38
431862 SAO JOSE DOS AUSENTES,55,2,57
431870 SAO LEOPOLDO,1408,618,2026
431880 SAO LOURENCO DO SUL,549,36,585
431890 SAO LUIZ GONZAGA,429,94,523
431900 SAO MARCOS,176,58,234
431910 SAO MARTINHO,100,1,101
431912 SAO MARTINHO DA SERRA,41,-,41
431915 SAO MIGUEL DAS MISSOES,107,7,114
431920 SAO NICOLAU,91,-,91
431930 SAO PAULO DAS MISSOES,97,2,99
431935 SAO PEDRO DA SERRA,29,2,31
431936 SAO PEDRO DAS MISSOES,40,-,40
431937 SAO PEDRO DO BUTIA,34,3,37
431940 SAO PEDRO DO SUL,187,16,203
431950 SAO SEBASTIAO DO CAI,242,70,312
431960 SAO SEPE,193,7,200
431970 SAO VALENTIM,47,-,47
431971 SAO VALENTIM DO SUL,23,-,23
431973 SAO VALERIO DO SUL,45,-,45
431975 SAO VENDELINO,32,-,32
431980 SAO VICENTE DO SUL,92,6,98
431990 SAPIRANGA,383,288,671
432000 SAPUCAIA DO SUL,1633,240,1873
432010 SARANDI,230,36,266
432020 SEBERI,209,17,226
432023 SEDE NOVA,38,3,41
432026 SEGREDO,76,4,80
432030 SELBACH,77,2,79
432032 SENADOR SALGADO FILHO,36,1,37
432035 SENTINELA DO SUL,50,-,50
432040 SERAFINA CORREA,191,115,306
432045 SERIO,33,1,34
432050 SERTAO,89,4,93
432055 SERTAO SANTANA,60,8,68
432057 SETE DE SETEMBRO,34,5,39
432060 SEVERIANO DE ALMEIDA,49,-,49
432065 SILVEIRA MARTINS,25,1,26
432067 SINIMBU,113,2,115
432070 SOBRADINHO,114,70,184
432080 SOLEDADE,473,68,541
432085 TABAI,49,4,53
432090 TAPEJARA,368,286,654
432100 TAPERA,118,15,133
432110 TAPES,144,24,168
432120 TAQUARA,559,78,637
432130 TAQUARI,283,122,405
432132 TAQUARUCU DO SUL,41,1,42
432135 TAVARES,57,-,57
432140 TENENTE PORTELA,745,44,789
432143 TERRA DE AREIA,87,7,94
432145 TEUTONIA,494,52,546
432146 TIO HUGO,33,-,33
432147 TIRADENTES DO SUL,40,-,40
432149 TOROPI,31,-,31
432150 TORRES,729,106,835
432160 TRAMANDAI,834,103,937
432162 TRAVESSEIRO,22,2,24
432163 TRES ARROIOS,51,-,51
432166 TRES CACHOEIRAS,101,10,111
432170 TRES COROAS,206,63,269
432180 TRES DE MAIO,393,102,495
432183 TRES FORQUILHAS,53,1,54
432185 TRES PALMEIRAS,53,-,53
432190 TRES PASSOS,485,60,545
432195 TRINDADE DO SUL,77,2,79
432200 TRIUNFO,294,25,319
432210 TUCUNDUVA,74,8,82
432215 TUNAS,37,1,38
432218 TUPANCI DO SUL,18,1,19
432220 TUPANCIRETA,163,24,187
432225 TUPANDI,39,4,43
432230 TUPARENDI,103,11,114
432232 TURUCU,44,-,44
432234 UBIRETAMA,24,-,24
432235 UNIAO DA SERRA,22,1,23
432237 UNISTALDA,42,-,42
432240 URUGUAIANA,1454,250,1704
432250 VACARIA,689,179,868
432252 VALE VERDE,37,-,37
432253 VALE DO SOL,93,10,103
432254 VALE REAL,38,6,44
432255 VANINI,32,-,32
432260 VENANCIO AIRES,1007,149,1156
432270 VERA CRUZ,229,57,286
432280 VERANOPOLIS,283,79,362
432285 VESPASIANO CORREA,28,-,28
432290 VIADUTOS,48,2,50
432300 VIAMAO,1231,123,1354
432310 VICENTE DUTRA,43,-,43
432320 VICTOR GRAEFF,33,5,38
432330 VILA FLORES,32,6,38
432335 VILA LANGARO,32,-,32
432340 VILA MARIA,48,3,51
432345 VILA NOVA DO SUL,55,4,59
432350 VISTA ALEGRE,30,-,30
432360 VISTA ALEGRE DO PRATA,14,1,15
432370 VISTA GAUCHA,29,-,29
432375 VITORIA DAS MISSOES,35,7,42
432377 WESTFALIA,31,7,38
432380 XANGRI-LA,186,19,205
500020 AGUA CLARA,227,24,251
500025 ALCINOPOLIS,115,3,118
500060 AMAMBAI,499,272,771
500070 ANASTACIO,348,5,353
500080 ANAURILANDIA,161,16,177
500085 ANGELICA,158,10,168
500090 ANTONIO JOAO,181,7,188
500100 APARECIDA DO TABOADO,310,55,365
500110 AQUIDAUANA,754,120,874
500124 ARAL MOREIRA,181,1,182
500150 BANDEIRANTES,150,1,151
500190 BATAGUASSU,324,72,396
500200 BATAYPORA,131,7,138
500210 BELA VISTA,251,36,287
500215 BODOQUENA,149,7,156
500220 BONITO,289,24,313
500230 BRASILANDIA,196,13,209
500240 CAARAPO,401,43,444
500260 CAMAPUA,230,31,261
500270 CAMPO GRANDE,18904,4598,23502
500280 CARACOL,78,-,78
500290 CASSILANDIA,273,51,324
500295 CHAPADAO DO SUL,430,104,534
500310 CORGUINHO,77,1,78
500315 CORONEL SAPUCAIA,162,14,176
500320 CORUMBA,1348,166,1514
500325 COSTA RICA,438,58,496
500330 COXIM,612,72,684
500345 DEODAPOLIS,227,31,258
500348 DOIS IRMAOS DO BURITI,180,4,184
500350 DOURADINA,73,8,81
500370 DOURADOS,4553,838,5391
500375 ELDORADO,128,29,157
500380 FATIMA DO SUL,398,78,476
500390 FIGUEIRAO,80,1,81
500400 GLORIA DE DOURADOS,87,22,109
500410 GUIA LOPES DA LAGUNA,143,9,152
500430 IGUATEMI,201,23,224
500440 INOCENCIA,134,1,135
500450 ITAPORA,309,10,319
500460 ITAQUIRAI,216,6,222
500470 IVINHEMA,362,86,448
500480 JAPORA,119,-,119
500490 JARAGUARI,94,-,94
500500 JARDIM,328,31,359
500510 JATEI,87,1,88
500515 JUTI,117,3,120
500520 LADARIO,160,229,389
500525 LAGUNA CARAPA,134,5,139
500540 MARACAJU,591,31,622
500560 MIRANDA,341,5,346
500568 MUNDO NOVO,177,41,218
500570 NAVIRAI,724,83,807
500580 NIOAQUE,190,5,195
500600 NOVA ALVORADA DO SUL,270,19,289
500620 NOVA ANDRADINA,829,273,1102
500625 NOVO HORIZONTE DO SUL,94,-,94
500627 PARAISO DAS AGUAS,111,7,118
500630 PARANAIBA,607,200,807
500635 PARANHOS,192,5,197
500640 PEDRO GOMES,95,8,103
500660 PONTA PORA,1599,121,1720
500690 PORTO MURTINHO,216,6,222
500710 RIBAS DO RIO PARDO,190,23,213
500720 RIO BRILHANTE,432,73,505
500730 RIO NEGRO,70,5,75
500740 RIO VERDE DE MATO GROSSO,308,20,328
500750 ROCHEDO,102,2,104
500755 SANTA RITA DO PARDO,119,-,119
500769 SAO GABRIEL DO OESTE,441,41,482
500770 SETE QUEDAS,120,14,134
500780 SELVIRIA,92,2,94
500790 SIDROLANDIA,561,39,600
500793 SONORA,235,17,252
500795 TACURU,195,3,198
500797 TAQUARUSSU,36,-,36
500800 TERENOS,221,12,233
500830 TRES LAGOAS,2797,501,3298
500840 VICENTINA,110,2,112
510010 ACORIZAL,65,1,66
510020 AGUA BOA,546,80,626
510025 ALTA FLORESTA,938,209,1147
510030 ALTO ARAGUAIA,238,51,289
510035 ALTO BOA VISTA,85,2,87
510040 ALTO GARCAS,99,9,108
510050 ALTO PARAGUAI,101,-,101
510060 ALTO TAQUARI,118,12,130
510080 APIACAS,106,2,108
510100 ARAGUAIANA,108,-,108
510120 ARAGUAINHA,30,-,30
510125 ARAPUTANGA,152,44,196
510130 ARENAPOLIS,183,9,192
510140 ARIPUANA,251,36,287
510160 BARAO DE MELGACO,91,-,91
510170 BARRA DO BUGRES,344,58,402
510180 BARRA DO GARCAS,1380,332,1712
510185 BOM JESUS DO ARAGUAIA,99,2,101
510190 BRASNORTE,335,6,341
510250 CACERES,1325,289,1614
510260 CAMPINAPOLIS,305,-,305
510263 CAMPO NOVO DO PARECIS,438,366,804
510267 CAMPO VERDE,594,109,703
510268 CAMPOS DE JULIO,159,19,178
510269 CANABRAVA DO NORTE,81,-,81
510270 CANARANA,385,119,504
510279 CARLINDA,90,4,94
510285 CASTANHEIRA,81,7,88
510300 CHAPADA DOS GUIMARAES,207,12,219
510305 CLAUDIA,144,1,145
510310 COCALINHO,121,4,125
510320 COLIDER,746,71,817
510325 COLNIZA,256,52,308
510330 COMODORO,232,38,270
510335 CONFRESA,396,132,528
510336 CONQUISTA D'OESTE,73,1,74
510337 COTRIGUACU,164,22,186
510340 CUIABA,12576,4574,17150
510343 CURVELANDIA,59,2,61
510345 DENISE,70,8,78
510350 DIAMANTINO,421,23,444
510360 DOM AQUINO,90,2,92
510370 FELIZ NATAL,156,5,161
510380 FIGUEIROPOLIS D'OESTE,49,-,49
510385 GAUCHA DO NORTE,197,13,210
510390 GENERAL CARNEIRO,82,-,82
510395 GLORIA D'OESTE,52,-,52
510410 GUARANTA DO NORTE,418,63,481
510420 GUIRATINGA,151,9,160
510450 INDIAVAI,35,-,35
510452 IPIRANGA DO NORTE,111,9,120
510454 ITANHANGA,79,-,79
510455 ITAUBA,92,1,93
510460 ITIQUIRA,224,8,232
510480 JACIARA,362,73,435
510490 JANGADA,106,4,110
510500 JAURU,125,6,131
510510 JUARA,429,110,539
510515 JUINA,676,354,1030
510517 JURUENA,121,13,134
510520 JUSCIMEIRA,181,3,184
510523 LAMBARI D'OESTE,83,-,83
510525 LUCAS DO RIO VERDE,1082,157,1239
510530 LUCIARA,72,-,72
510550 VILA BELA DA SANTISSIMA TRINDADE,221,2,223
510558 MARCELANDIA,178,4,182
510560 MATUPA,216,35,251
510562 MIRASSOL D'OESTE,237,50,287
510590 NOBRES,214,63,277
510600 NORTELANDIA,99,3,102
510610 NOSSA SENHORA DO LIVRAMENTO,135,2,137
510615 NOVA BANDEIRANTES,147,11,158
510617 NOVA NAZARE,62,-,62
510618 NOVA LACERDA,74,1,75
510619 NOVA SANTA HELENA,64,-,64
510620 NOVA BRASILANDIA,77,-,77
510621 NOVA CANAA DO NORTE,143,4,147
510622 NOVA MUTUM,674,217,891
510623 NOVA OLIMPIA,198,34,232
510624 NOVA UBIRATA,174,-,174
510625 NOVA XAVANTINA,302,3,305
510626 NOVO MUNDO,108,-,108
510627 NOVO HORIZONTE DO NORTE,81,7,88
510628 NOVO SAO JOAQUIM,134,-,134
510629 PARANAITA,187,17,204
510630 PARANATINGA,302,17,319
510631 NOVO SANTO ANTONIO,55,-,55
510637 PEDRA PRETA,178,5,183
510642 PEIXOTO DE AZEVEDO,536,12,548
510645 PLANALTO DA SERRA,60,-,60
510650 POCONE,385,39,424
510665 PONTAL DO ARAGUAIA,77,-,77
510670 PONTE BRANCA,78,1,79
510675 PONTES E LACERDA,524,88,612
510677 PORTO ALEGRE DO NORTE,150,2,152
510680 PORTO DOS GAUCHOS,112,-,112
510682 PORTO ESPERIDIAO,132,1,133
510685 PORTO ESTRELA,53,-,53
510700 POXOREO,206,8,214
510704 PRIMAVERA DO LESTE,1020,500,1520
510706 QUERENCIA,406,67,473
510710 SAO JOSE DOS QUATRO MARCOS,141,16,157
510715 RESERVA DO CABACAL,62,-,62
510718 RIBEIRAO CASCALHEIRA,137,8,145
510719 RIBEIRAOZINHO,65,-,65
510720 RIO BRANCO,72,3,75
510724 SANTA CARMEM,68,5,73
510726 SANTO AFONSO,71,1,72
510729 SAO JOSE DO POVO,59,-,59
510730 SAO JOSE DO RIO CLARO,233,18,251
510735 SAO JOSE DO XINGU,94,-,94
510740 SAO PEDRO DA CIPA,52,-,52
510757 RONDOLANDIA,59,-,59
510760 RONDONOPOLIS,3825,664,4489
510770 ROSARIO OESTE,183,-,183
510774 SANTA CRUZ DO XINGU,54,-,54
510775 SALTO DO CEU,79,2,81
510776 SANTA RITA DO TRIVELATO,67,5,72
510777 SANTA TEREZINHA,145,-,145
510779 SANTO ANTONIO DO LESTE,65,-,65
510780 SANTO ANTONIO DO LEVERGER,205,45,250
510785 SAO FELIX DO ARAGUAIA,277,1,278
510787 SAPEZAL,301,48,349
510788 SERRA NOVA DOURADA,50,-,50
510790 SINOP,2427,1022,3449
510792 SORRISO,1361,443,1804
510794 TABAPORA,122,6,128
510795 TANGARA DA SERRA,1047,673,1720
510800 TAPURAH,167,13,180
510805 TERRA NOVA DO NORTE,139,6,145
510810 TESOURO,66,-,66
510820 TORIXOREU,94,1,95
510830 UNIAO DO SUL,71,8,79
510835 VALE DE SAO DOMINGOS,71,1,72
510840 VARZEA GRANDE,3187,386,3573
510850 VERA,113,7,120
510860 VILA RICA,198,33,231
510880 NOVA GUARITA,69,1,70
510885 NOVA MARILANDIA,68,-,68
510890 NOVA MARINGA,104,1,105
510895 NOVA MONTE VERDE,106,-,106
520005 ABADIA DE GOIAS,144,8,152
520010 ABADIANIA,242,21,263
520013 ACREUNA,237,37,274
520015 ADELANDIA,37,-,37
520017 AGUA FRIA DE GOIAS,87,1,88
520020 AGUA LIMPA,32,-,32
520025 AGUAS LINDAS DE GOIAS,1628,199,1827
520030 ALEXANIA,374,19,393
520050 ALOANDIA,44,3,47
520055 ALTO HORIZONTE,180,-,180
520060 ALTO PARAISO DE GOIAS,172,29,201
520080 ALVORADA DO NORTE,168,7,175
520082 AMARALINA,55,-,55
520085 AMERICANO DO BRASIL,70,4,74
520090 AMORINOPOLIS,69,-,69
520110 ANAPOLIS,6663,1833,8496
520120 ANHANGUERA,23,-,23
520130 ANICUNS,256,20,276
520140 APARECIDA DE GOIANIA,6264,821,7085
520145 APARECIDA DO RIO DOCE,53,-,53
520150 APORE,84,-,84
520160 ARACU,91,11,102
520170 ARAGARCAS,235,7,242
520180 ARAGOIANIA,147,5,152
520215 ARAGUAPAZ,101,1,102
520235 ARENOPOLIS,77,-,77
520250 ARUANA,101,1,102
520260 AURILANDIA,48,8,56
520280 AVELINOPOLIS,54,-,54
520310 BALIZA,65,-,65
520320 BARRO ALTO,180,29,209
520330 BELA VISTA DE GOIAS,409,34,443
520340 BOM JARDIM DE GOIAS,108,3,111
520350 BOM JESUS DE GOIAS,250,31,281
520355 BONFINOPOLIS,96,-,96
520357 BONOPOLIS,67,-,67
520360 BRAZABRANTES,64,-,64
520380 BRITANIA,126,6,132
520390 BURITI ALEGRE,114,4,118
520393 BURITI DE GOIAS,62,-,62
520396 BURITINOPOLIS,48,-,48
520400 CABECEIRAS,113,6,119
520410 CACHOEIRA ALTA,117,4,121
520420 CACHOEIRA DE GOIAS,43,1,44
520425 CACHOEIRA DOURADA,121,6,127
520430 CACU,201,17,218
520440 CAIAPONIA,193,4,197
520450 CALDAS NOVAS,1124,191,1315
520455 CALDAZINHA,63,-,63
520460 CAMPESTRE DE GOIAS,57,-,57
520465 CAMPINACU,112,2,114
520470 CAMPINORTE,133,12,145
520480 CAMPO ALEGRE DE GOIAS,108,3,111
520485 CAMPO LIMPO DE GOIAS,103,-,103
520490 CAMPOS BELOS,299,74,373
520495 CAMPOS VERDES,60,-,60
520500 CARMO DO RIO VERDE,118,3,121
520505 CASTELANDIA,60,-,60
520510 CATALAO,970,509,1479
520520 CATURAI,78,1,79
520530 CAVALCANTE,146,-,146
520540 CERES,740,190,930
520545 CEZARINA,132,2,134
520547 CHAPADAO DO CEU,188,7,195
520549 CIDADE OCIDENTAL,631,51,682
520551 COCALZINHO DE GOIAS,308,22,330
520552 COLINAS DO SUL,72,-,72
520570 CORREGO DO OURO,36,-,36
520580 CORUMBA DE GOIAS,151,7,158
520590 CORUMBAIBA,141,1,142
520620 CRISTALINA,695,47,742
520630 CRISTIANOPOLIS,49,4,53
520640 CRIXAS,260,58,318
520650 CROMINIA,103,-,103
520660 CUMARI,46,-,46
520670 DAMIANOPOLIS,80,-,80
520680 DAMOLANDIA,85,-,85
520690 DAVINOPOLIS,51,-,51
520710 DIORAMA,96,-,96
520725 DOVERLANDIA,99,-,99
520735 EDEALINA,117,3,120
520740 EDEIA,187,15,202
520750 ESTRELA DO NORTE,62,-,62
520753 FAINA,111,-,111
520760 FAZENDA NOVA,92,1,93
520780 FIRMINOPOLIS,134,16,150
520790 FLORES DE GOIAS,180,-,180
520800 FORMOSA,1529,309,1838
520810 FORMOSO,77,1,78
520815 GAMELEIRA DE GOIAS,74,2,76
520830 DIVINOPOLIS DE GOIAS,115,2,117
520840 GOIANAPOLIS,154,25,179
520850 GOIANDIRA,64,-,64
520860 GOIANESIA,897,161,1058
520870 GOIANIA,27676,8660,36336
520880 GOIANIRA,357,13,370
520890 GOIAS,526,15,541
520910 GOIATUBA,488,189,677
520915 GOUVELANDIA,93,1,94
520920 GUAPO,174,5,179
520929 GUARAITA,59,-,59
520940 GUARANI DE GOIAS,48,-,48
520945 GUARINOS,40,-,40
520960 HEITORAI,69,14,83
520970 HIDROLANDIA,235,5,240
520980 HIDROLINA,73,-,73
520990 IACIARA,105,-,105
520993 INACIOLANDIA,118,6,124
520995 INDIARA,222,8,230
521000 INHUMAS,657,85,742
521010 IPAMERI,522,83,605
521015 IPIRANGA DE GOIAS,38,1,39
521020 IPORA,459,167,626
521030 ISRAELANDIA,54,-,54
521040 ITABERAI,439,124,563
521056 ITAGUARI,72,-,72
521060 ITAGUARU,102,3,105
521080 ITAJA,93,2,95
521090 ITAPACI,271,78,349
521100 ITAPIRAPUA,106,-,106
521120 ITAPURANGA,281,38,319
521130 ITARUMA,121,2,123
521140 ITAUCU,108,-,108
521150 ITUMBIARA,1791,625,2416
521160 IVOLANDIA,100,-,100
521170 JANDAIA,98,-,98
521180 JARAGUA,581,45,626
521190 JATAI,1404,357,1761
521200 JAUPACI,50,-,50
521205 JESUPOLIS,38,-,38
521210 JOVIANIA,142,4,146
521220 JUSSARA,246,82,328
521225 LAGOA SANTA,28,-,28
521230 LEOPOLDO DE BULHOES,72,-,72
521250 LUZIANIA,1903,502,2405
521260 MAIRIPOTABA,33,-,33
521270 MAMBAI,122,1,123
521280 MARA ROSA,129,23,152
521290 MARZAGAO,57,-,57
521295 MATRINCHA,62,-,62
521300 MAURILANDIA,137,-,137
521305 MIMOSO DE GOIAS,38,-,38
521308 MINACU,342,57,399
521310 MINEIROS,1073,197,1270
521340 MOIPORA,44,-,44
521350 MONTE ALEGRE DE GOIAS,122,9,131
521370 MONTES CLAROS DE GOIAS,133,3,136
521375 MONTIVIDIU,141,2,143
521377 MONTIVIDIU DO NORTE,55,-,55
521380 MORRINHOS,575,127,702
521385 MORRO AGUDO DE GOIAS,44,-,44
521390 MOSSAMEDES,63,-,63
521400 MOZARLANDIA,220,48,268
521405 MUNDO NOVO,123,-,123
521410 MUTUNOPOLIS,52,-,52
521440 NAZARIO,125,-,125
521450 NEROPOLIS,429,10,439
521460 NIQUELANDIA,334,161,495
521470 NOVA AMERICA,46,1,47
521480 NOVA AURORA,43,1,44
521483 NOVA CRIXAS,119,1,120
521486 NOVA GLORIA,81,1,82
521487 NOVA IGUACU DE GOIAS,47,-,47
521490 NOVA ROMA,58,-,58
521500 NOVA VENEZA,101,-,101
521520 NOVO BRASIL,57,-,57
521523 NOVO GAMA,629,30,659
521525 NOVO PLANALTO,56,1,57
521530 ORIZONA,191,16,207
521540 OURO VERDE DE GOIAS,78,-,78
521550 OUVIDOR,81,12,93
521560 PADRE BERNARDO,325,10,335
521565 PALESTINA DE GOIAS,64,-,64
521570 PALMEIRAS DE GOIAS,258,38,296
521580 PALMELO,108,3,111
521590 PALMINOPOLIS,79,-,79
521600 PANAMA,57,-,57
521630 PARANAIGUARA,108,6,114
521640 PARAUNA,187,7,194
521645 PEROLANDIA,67,1,68
521680 PETROLINA DE GOIAS,107,9,116
521690 PILAR DE GOIAS,66,1,67
521710 PIRACANJUBA,329,95,424
521720 PIRANHAS,135,7,142
521730 PIRENOPOLIS,379,10,389
521740 PIRES DO RIO,357,87,444
521760 PLANALTINA,977,25,1002
521770 PONTALINA,216,20,236
521800 PORANGATU,524,90,614
521805 PORTEIRAO,53,4,57
521810 PORTELANDIA,57,-,57
521830 POSSE,472,53,525
521839 PROFESSOR JAMIL,53,-,53
521850 QUIRINOPOLIS,712,301,1013
521860 RIALMA,115,15,130
521870 RIANAPOLIS,52,15,67
521878 RIO QUENTE,110,1,111
521880 RIO VERDE,3106,989,4095
521890 RUBIATABA,262,18,280
521900 SANCLERLANDIA,97,4,101
521910 SANTA BARBARA DE GOIAS,87,23,110
521920 SANTA CRUZ DE GOIAS,59,1,60
521925 SANTA FE DE GOIAS,77,-,77
521930 SANTA HELENA DE GOIAS,1045,35,1080
521935 SANTA ISABEL,54,1,55
521940 SANTA RITA DO ARAGUAIA,55,-,55
521945 SANTA RITA DO NOVO DESTINO,50,-,50
521950 SANTA ROSA DE GOIAS,63,-,63
521960 SANTA TEREZA DE GOIAS,102,-,102
521970 SANTA TEREZINHA DE GOIAS,111,6,117
521971 SANTO ANTONIO DA BARRA,81,2,83
521973 SANTO ANTONIO DE GOIAS,113,2,115
521975 SANTO ANTONIO DO DESCOBERTO,426,128,554
521980 SAO DOMINGOS,115,-,115
521990 SAO FRANCISCO DE GOIAS,94,2,96
522000 SAO JOAO D'ALIANCA,165,1,166
522005 SAO JOAO DA PARAUNA,36,-,36
522010 SAO LUIS DE MONTES BELOS,640,116,756
522015 SAO LUIZ DO NORTE,84,1,85
522020 SAO MIGUEL DO ARAGUAIA,249,27,276
522026 SAO MIGUEL DO PASSA QUATRO,60,-,60
522028 SAO PATRICIO,35,-,35
522040 SAO SIMAO,339,30,369
522045 SENADOR CANEDO,1533,69,1602
522050 SERRANOPOLIS,74,1,75
522060 SILVANIA,254,23,277
522068 SIMOLANDIA,75,-,75
522070 SITIO D'ABADIA,44,1,45
522100 TAQUARAL DE GOIAS,60,2,62
522108 TERESINA DE GOIAS,75,6,81
522119 TEREZOPOLIS DE GOIAS,55,2,57
522130 TRES RANCHOS,75,11,86
522140 TRINDADE,1384,65,1449
522145 TROMBAS,62,-,62
522150 TURVANIA,90,1,91
522155 TURVELANDIA,90,1,91
522157 UIRAPURU,74,9,83
522160 URUACU,1343,75,1418
522170 URUANA,165,-,165
522180 URUTAI,46,2,48
522185 VALPARAISO DE GOIAS,1692,190,1882
522190 VARJAO,45,-,45
522200 VIANOPOLIS,139,4,143
522205 VICENTINOPOLIS,110,3,113
522220 VILA BOA,103,-,103
522230 VILA PROPICIO,89,-,89
530010 BRASILIA,48961,27956,76917
Total,2981353,800471,3781824
Fonte: Ministério da Saúde - Cadastro Nacional dos Estabelecimentos de Saúde do Brasil - CNES,,,
Nota:,,,
- Os dados relativos ao Cadastro Nacional de Estabelecimentos de Saúde (CNES) exibidos no TABNET referem-se aos registros constantes no Banco de Dados Nacional do CNES com status ATIVO.,,,
"- A partir do processamento de junho de 2012, houve mudança na classificação da natureza e esfera dos estabelecimentos. Com isso, temos que:",,,
,,,
"Até maio de 2012 estas informações estão disponíveis como ""Natureza"" e ""Esfera Administrativa"".",,,
"De junho de 2012 a outubro de 2015, estão disponíveis tanto como ""Natureza"" e ""Esfera Administrativa"", como ""Natureza Jurídica"" e ""Esfera Jurídica"".",,,
"A partir de novembro de 2015, estão disponíveis como ""Natureza Jurídica"" e ""Esfera Jurídica"".",,,