Município,Sim,Não,Total
110001 ALTA FLORESTA D'OESTE,396,30,426
110002 ARIQUEMES,1330,407,1737
110003 CABIXI,101,16,117
110004 CACOAL,2515,642,3157
110005 CEREJEIRAS,259,17,276
110006 COLORADO DO OESTE,209,6,215
110007 CORUMBIARA,132,28,160
110008 COSTA MARQUES,151,-,151
110009 ESPIGAO D'OESTE,275,101,376
110010 GUAJARA-MIRIM,694,107,801
110011 JARU,672,197,869
110012 JI-PARANA,1942,692,2634
110013 MACHADINHO D'OESTE,451,21,472
110014 NOVA BRASILANDIA D'OESTE,162,16,178
110015 OURO PRETO DO OESTE,390,103,493
110018 PIMENTA BUENO,474,266,740
110020 PORTO VELHO,11402,2406,13808
110025 PRESIDENTE MEDICI,214,34,248
110026 RIO CRESPO,99,1,100
110028 ROLIM DE MOURA,543,208,751
110029 SANTA LUZIA D'OESTE,116,1,117
110030 VILHENA,1717,605,2322
110032 SAO MIGUEL DO GUAPORE,189,48,237
110033 NOVA MAMORE,298,11,309
110034 ALVORADA D'OESTE,166,22,188
110037 ALTO ALEGRE DOS PARECIS,126,10,136
110040 ALTO PARAISO,151,14,165
110045 BURITIS,384,61,445
110050 NOVO HORIZONTE DO OESTE,112,-,112
110060 CACAULANDIA,72,6,78
110070 CAMPO NOVO DE RONDONIA,157,4,161
110080 CANDEIAS DO JAMARI,286,2,288
110090 CASTANHEIRAS,105,-,105
110092 CHUPINGUAIA,162,9,171
110094 CUJUBIM,172,3,175
110100 GOVERNADOR JORGE TEIXEIRA,99,1,100
110110 ITAPUA DO OESTE,130,3,133
110120 MINISTRO ANDREAZZA,88,6,94
110130 MIRANTE DA SERRA,79,10,89
110140 MONTE NEGRO,214,14,228
110143 NOVA UNIAO,85,3,88
110145 PARECIS,71,3,74
110146 PIMENTEIRAS DO OESTE,64,-,64
110147 PRIMAVERA DE RONDONIA,68,-,68
110148 SAO FELIPE D'OESTE,90,3,93
110149 SAO FRANCISCO DO GUAPORE,278,19,297
110150 SERINGUEIRAS,113,22,135
110155 TEIXEIROPOLIS,60,-,60
110160 THEOBROMA,150,1,151
110170 URUPA,114,28,142
110175 VALE DO ANARI,99,2,101
110180 VALE DO PARAISO,92,-,92
120001 ACRELANDIA,223,2,225
120005 ASSIS BRASIL,181,1,182
120010 BRASILEIA,622,17,639
120013 BUJARI,88,2,90
120017 CAPIXABA,132,-,132
120020 CRUZEIRO DO SUL,2177,129,2306
120025 EPITACIOLANDIA,152,2,154
120030 FEIJO,321,5,326
120032 JORDAO,149,2,151
120033 MANCIO LIMA,280,5,285
120034 MANOEL URBANO,152,-,152
120035 MARECHAL THAUMATURGO,294,-,294
120038 PLACIDO DE CASTRO,371,1,372
120039 PORTO WALTER,197,-,197
120040 RIO BRANCO,7570,1726,9296
120042 RODRIGUES ALVES,201,1,202
120043 SANTA ROSA DO PURUS,136,-,136
120045 SENADOR GUIOMARD,301,5,306
120050 SENA MADUREIRA,627,18,645
120060 TARAUACA,425,17,442
120070 XAPURI,242,2,244
120080 PORTO ACRE,145,1,146
130002 ALVARAES,316,-,316
130006 AMATURA,289,-,289
130008 ANAMA,261,12,273
130010 ANORI,360,-,360
130014 APUI,267,-,267
130020 ATALAIA DO NORTE,449,-,449
130030 AUTAZES,606,3,609
130040 BARCELOS,523,1,524
130050 BARREIRINHA,539,3,542
130060 BENJAMIN CONSTANT,611,1,612
130063 BERURI,272,3,275
130068 BOA VISTA DO RAMOS,328,-,328
130070 BOCA DO ACRE,607,4,611
130080 BORBA,782,-,782
130083 CAAPIRANGA,272,2,274
130090 CANUTAMA,226,-,226
130100 CARAUARI,303,8,311
130110 CAREIRO,752,-,752
130115 CAREIRO DA VARZEA,350,-,350
130120 COARI,1212,16,1228
130130 CODAJAS,370,2,372
130140 EIRUNEPE,573,6,579
130150 ENVIRA,473,-,473
130160 FONTE BOA,565,-,565
130165 GUAJARA,343,2,345
130170 HUMAITA,837,156,993
130180 IPIXUNA,307,-,307
130185 IRANDUBA,907,9,916
130190 ITACOATIARA,1611,49,1660
130195 ITAMARATI,171,-,171
130200 ITAPIRANGA,172,2,174
130210 JAPURA,202,-,202
130220 JURUA,204,-,204
130230 JUTAI,378,-,378
130240 LABREA,822,4,826
130250 MANACAPURU,1696,36,1732
130255 MANAQUIRI,303,-,303
130260 MANAUS,32738,7358,40096
130270 MANICORE,1037,11,1048
130280 MARAA,301,-,301
130290 MAUES,775,7,782
130300 NHAMUNDA,427,2,429
130310 NOVA OLINDA DO NORTE,498,1,499
130320 NOVO AIRAO,343,-,343
130330 NOVO ARIPUANA,303,-,303
130340 PARINTINS,1887,71,1958
130350 PAUINI,319,-,319
130353 PRESIDENTE FIGUEIREDO,550,30,580
130356 RIO PRETO DA EVA,497,5,502
130360 SANTA ISABEL DO RIO NEGRO,335,16,351
130370 SANTO ANTONIO DO ICA,511,7,518
130380 SAO GABRIEL DA CACHOEIRA,913,3,916
130390 SAO PAULO DE OLIVENCA,723,-,723
130395 SAO SEBASTIAO DO UATUMA,219,-,219
130400 SILVES,203,1,204
130406 TABATINGA,1479,12,1491
130410 TAPAUA,454,1,455
130420 TEFE,1347,32,1379
130423 TONANTINS,390,-,390
130426 UARINI,280,-,280
130430 URUCARA,283,1,284
130440 URUCURITUBA,430,-,430
140002 AMAJARI,325,-,325
140005 ALTO ALEGRE,520,-,520
140010 BOA VISTA,8279,691,8970
140015 BONFIM,299,1,300
140017 CANTA,237,-,237
140020 CARACARAI,405,2,407
140023 CAROEBE,190,-,190
140028 IRACEMA,215,1,216
140030 MUCAJAI,304,4,308
140040 NORMANDIA,241,-,241
140045 PACARAIMA,281,3,284
140047 RORAINOPOLIS,457,10,467
140050 SAO JOAO DA BALIZA,145,-,145
140060 SAO LUIZ,185,-,185
140070 UIRAMUTA,295,-,295
150010 ABAETETUBA,2062,91,2153
150013 ABEL FIGUEIREDO,112,-,112
150020 ACARA,442,1,443
150030 AFUA,315,-,315
150034 AGUA AZUL DO NORTE,338,6,344
150040 ALENQUER,373,4,377
150050 ALMEIRIM,424,11,435
150060 ALTAMIRA,2744,193,2937
150070 ANAJAS,482,1,483
150080 ANANINDEUA,5395,719,6114
150085 ANAPU,278,3,281
150090 AUGUSTO CORREA,528,57,585
150095 AURORA DO PARA,341,3,344
150100 AVEIRO,142,-,142
150110 BAGRE,331,-,331
150120 BAIAO,401,-,401
150125 BANNACH,92,1,93
150130 BARCARENA,1503,206,1709
150140 BELEM,21708,4526,26234
150145 BELTERRA,207,2,209
150150 BENEVIDES,697,22,719
150157 BOM JESUS DO TOCANTINS,262,1,263
150160 BONITO,195,-,195
150170 BRAGANCA,1539,44,1583
150172 BRASIL NOVO,218,5,223
150175 BREJO GRANDE DO ARAGUAIA,114,1,115
150178 BREU BRANCO,545,7,552
150180 BREVES,1247,262,1509
150190 BUJARU,252,-,252
150195 CACHOEIRA DO PIRIA,257,-,257
150200 CACHOEIRA DO ARARI,191,3,194
150210 CAMETA,1678,276,1954
150215 CANAA DOS CARAJAS,1252,624,1876
150220 CAPANEMA,1321,82,1403
150230 CAPITAO POCO,580,33,613
150240 CASTANHAL,2849,136,2985
150250 CHAVES,195,-,195
150260 COLARES,129,-,129
150270 CONCEICAO DO ARAGUAIA,790,47,837
150275 CONCORDIA DO PARA,264,7,271
150276 CUMARU DO NORTE,170,1,171
150277 CURIONOPOLIS,361,24,385
150280 CURRALINHO,351,-,351
150285 CURUA,138,1,139
150290 CURUCA,295,-,295
150293 DOM ELISEU,551,58,609
150295 ELDORADO DOS CARAJAS,356,45,401
150300 FARO,190,-,190
150304 FLORESTA DO ARAGUAIA,264,2,266
150307 GARRAFAO DO NORTE,421,-,421
150309 GOIANESIA DO PARA,387,-,387
150310 GURUPA,335,-,335
150320 IGARAPE-ACU,557,2,559
150330 IGARAPE-MIRI,534,7,541
150340 INHANGAPI,142,-,142
150345 IPIXUNA DO PARA,644,77,721
150350 IRITUIA,396,-,396
150360 ITAITUBA,1692,148,1840
150370 ITUPIRANGA,460,3,463
150375 JACAREACANGA,366,9,375
150380 JACUNDA,512,84,596
150390 JURUTI,603,90,693
150400 LIMOEIRO DO AJURU,350,-,350
150405 MAE DO RIO,272,68,340
150410 MAGALHAES BARATA,132,-,132
150420 MARABA,3652,1029,4681
150430 MARACANA,397,-,397
150440 MARAPANIM,242,2,244
150442 MARITUBA,1610,48,1658
150445 MEDICILANDIA,225,10,235
150450 MELGACO,244,-,244
150460 MOCAJUBA,257,-,257
150470 MOJU,454,15,469
150475 MOJUI DOS CAMPOS,218,2,220
150480 MONTE ALEGRE,541,15,556
150490 MUANA,346,-,346
150495 NOVA ESPERANCA DO PIRIA,286,1,287
150497 NOVA IPIXUNA,148,4,152
150500 NOVA TIMBOTEUA,258,13,271
150503 NOVO PROGRESSO,519,60,579
150506 NOVO REPARTIMENTO,634,25,659
150510 OBIDOS,424,43,467
150520 OEIRAS DO PARA,354,-,354
150530 ORIXIMINA,778,176,954
150540 OUREM,257,-,257
150543 OURILANDIA DO NORTE,818,46,864
150548 PACAJA,433,23,456
150549 PALESTINA DO PARA,68,1,69
150550 PARAGOMINAS,1255,262,1517
150553 PARAUAPEBAS,2147,1143,3290
150555 PAU D'ARCO,140,-,140
150560 PEIXE-BOI,94,-,94
150563 PICARRA,182,-,182
150565 PLACAS,234,3,237
150570 PONTA DE PEDRAS,253,-,253
150580 PORTEL,699,1,700
150590 PORTO DE MOZ,365,2,367
150600 PRAINHA,276,1,277
150610 PRIMAVERA,137,-,137
150611 QUATIPURU,142,-,142
150613 REDENCAO,1404,229,1633
150616 RIO MARIA,246,11,257
150618 RONDON DO PARA,293,32,325
150619 RUROPOLIS,353,6,359
150620 SALINOPOLIS,474,20,494
150630 SALVATERRA,204,-,204
150635 SANTA BARBARA DO PARA,227,-,227
150640 SANTA CRUZ DO ARARI,128,-,128
150650 SANTA IZABEL DO PARA,564,17,581
150655 SANTA LUZIA DO PARA,291,1,292
150658 SANTA MARIA DAS BARREIRAS,206,4,210
150660 SANTA MARIA DO PARA,269,6,275
150670 SANTANA DO ARAGUAIA,504,16,520
150680 SANTAREM,4567,458,5025
150690 SANTAREM NOVO,128,-,128
150700 SANTO ANTONIO DO TAUA,274,1,275
150710 SAO CAETANO DE ODIVELAS,222,-,222
150715 SAO DOMINGOS DO ARAGUAIA,203,2,205
150720 SAO DOMINGOS DO CAPIM,450,2,452
150730 SAO FELIX DO XINGU,897,48,945
150740 SAO FRANCISCO DO PARA,173,-,173
150745 SAO GERALDO DO ARAGUAIA,291,11,302
150746 SAO JOAO DA PONTA,78,-,78
150747 SAO JOAO DE PIRABAS,239,-,239
150750 SAO JOAO DO ARAGUAIA,120,-,120
150760 SAO MIGUEL DO GUAMA,643,37,680
150770 SAO SEBASTIAO DA BOA VISTA,295,-,295
150775 SAPUCAIA,104,-,104
150780 SENADOR JOSE PORFIRIO,138,-,138
150790 SOURE,184,-,184
150795 TAILANDIA,736,111,847
150796 TERRA ALTA,154,-,154
150797 TERRA SANTA,188,6,194
150800 TOME-ACU,694,44,738
150803 TRACUATEUA,255,-,255
150805 TRAIRAO,164,-,164
150808 TUCUMA,376,36,412
150810 TUCURUI,2104,69,2173
150812 ULIANOPOLIS,594,11,605
150815 URUARA,349,8,357
150820 VIGIA,319,1,320
150830 VISEU,588,-,588
150835 VITORIA DO XINGU,415,7,422
150840 XINGUARA,542,110,652
160005 SERRA DO NAVIO,114,-,114
160010 AMAPA,226,1,227
160015 PEDRA BRANCA DO AMAPARI,337,8,345
160020 CALCOENE,212,1,213
160021 CUTIAS,147,-,147
160023 FERREIRA GOMES,243,2,245
160025 ITAUBAL,98,-,98
160027 LARANJAL DO JARI,632,6,638
160030 MACAPA,11283,758,12041
160040 MAZAGAO,343,29,372
160050 OIAPOQUE,400,8,408
160053 PORTO GRANDE,504,4,508
160055 PRACUUBA,57,-,57
160060 SANTANA,1689,99,1788
160070 TARTARUGALZINHO,314,1,315
160080 VITORIA DO JARI,216,-,216
170025 ABREULANDIA,47,-,47
170030 AGUIARNOPOLIS,89,-,89
170035 ALIANCA DO TOCANTINS,79,-,79
170040 ALMAS,132,-,132
170070 ALVORADA,221,2,223
170100 ANANAS,163,-,163
170105 ANGICO,74,-,74
170110 APARECIDA DO RIO NEGRO,56,-,56
170130 ARAGOMINAS,89,-,89
170190 ARAGUACEMA,114,-,114
170200 ARAGUACU,248,-,248
170210 ARAGUAINA,5565,374,5939
170215 ARAGUANA,98,-,98
170220 ARAGUATINS,366,26,392
170230 ARAPOEMA,211,-,211
170240 ARRAIAS,318,3,321
170255 AUGUSTINOPOLIS,962,3,965
170270 AURORA DO TOCANTINS,58,-,58
170290 AXIXA DO TOCANTINS,114,-,114
170300 BABACULANDIA,116,-,116
170305 BANDEIRANTES DO TOCANTINS,95,1,96
170307 BARRA DO OURO,59,-,59
170310 BARROLANDIA,82,-,82
170320 BERNARDO SAYAO,47,-,47
170330 BOM JESUS DO TOCANTINS,51,-,51
170360 BRASILANDIA DO TOCANTINS,38,-,38
170370 BREJINHO DE NAZARE,117,-,117
170380 BURITI DO TOCANTINS,133,-,133
170382 CACHOEIRINHA,31,-,31
170384 CAMPOS LINDOS,105,2,107
170386 CARIRI DO TOCANTINS,76,1,77
170388 CARMOLANDIA,36,-,36
170389 CARRASCO BONITO,80,-,80
170390 CASEARA,54,-,54
170410 CENTENARIO,51,-,51
170460 CHAPADA DE AREIA,40,-,40
170510 CHAPADA DA NATIVIDADE,77,-,77
170550 COLINAS DO TOCANTINS,407,33,440
170555 COMBINADO,61,-,61
170560 CONCEICAO DO TOCANTINS,95,-,95
170600 COUTO MAGALHAES,72,1,73
170610 CRISTALANDIA,118,1,119
170625 CRIXAS DO TOCANTINS,36,-,36
170650 DARCINOPOLIS,76,1,77
170700 DIANOPOLIS,409,17,426
170710 DIVINOPOLIS DO TOCANTINS,142,-,142
170720 DOIS IRMAOS DO TOCANTINS,92,-,92
170730 DUERE,123,-,123
170740 ESPERANTINA,118,-,118
170755 FATIMA,90,-,90
170765 FIGUEIROPOLIS,85,-,85
170770 FILADELFIA,128,-,128
170820 FORMOSO DO ARAGUAIA,337,8,345
170825 FORTALEZA DO TABOCAO,67,-,67
170830 GOIANORTE,86,1,87
170900 GOIATINS,170,-,170
170930 GUARAI,585,18,603
170950 GURUPI,2037,205,2242
170980 IPUEIRAS,60,-,60
171050 ITACAJA,147,1,148
171070 ITAGUATINS,100,-,100
171090 ITAPIRATINS,48,-,48
171110 ITAPORA DO TOCANTINS,58,-,58
171150 JAU DO TOCANTINS,55,-,55
171180 JUARINA,35,-,35
171190 LAGOA DA CONFUSAO,131,5,136
171195 LAGOA DO TOCANTINS,71,-,71
171200 LAJEADO,93,2,95
171215 LAVANDEIRA,47,-,47
171240 LIZARDA,43,-,43
171245 LUZINOPOLIS,56,1,57
171250 MARIANOPOLIS DO TOCANTINS,105,-,105
171270 MATEIROS,36,-,36
171280 MAURILANDIA DO TOCANTINS,62,-,62
171320 MIRACEMA DO TOCANTINS,603,7,610
171330 MIRANORTE,158,14,172
171360 MONTE DO CARMO,145,-,145
171370 MONTE SANTO DO TOCANTINS,35,-,35
171380 PALMEIRAS DO TOCANTINS,72,-,72
171395 MURICILANDIA,63,-,63
171420 NATIVIDADE,127,3,130
171430 NAZARE,70,-,70
171488 NOVA OLINDA,140,1,141
171500 NOVA ROSALANDIA,84,-,84
171510 NOVO ACORDO,64,-,64
171515 NOVO ALEGRE,63,-,63
171525 NOVO JARDIM,49,-,49
171550 OLIVEIRA DE FATIMA,46,-,46
171570 PALMEIRANTE,65,40,105
171575 PALMEIROPOLIS,133,4,137
171610 PARAISO DO TOCANTINS,937,168,1105
171620 PARANA,182,1,183
171630 PAU D'ARCO,71,-,71
171650 PEDRO AFONSO,394,5,399
171660 PEIXE,209,-,209
171665 PEQUIZEIRO,82,3,85
171670 COLMEIA,103,2,105
171700 PINDORAMA DO TOCANTINS,97,-,97
171720 PIRAQUE,49,-,49
171750 PIUM,106,-,106
171780 PONTE ALTA DO BOM JESUS,78,-,78
171790 PONTE ALTA DO TOCANTINS,141,1,142
171800 PORTO ALEGRE DO TOCANTINS,49,1,50
171820 PORTO NACIONAL,1815,85,1900
171830 PRAIA NORTE,118,-,118
171840 PRESIDENTE KENNEDY,52,-,52
171845 PUGMIL,47,-,47
171850 RECURSOLANDIA,62,-,62
171855 RIACHINHO,64,1,65
171865 RIO DA CONCEICAO,58,-,58
171870 RIO DOS BOIS,42,-,42
171875 RIO SONO,106,1,107
171880 SAMPAIO,54,1,55
171884 SANDOLANDIA,53,-,53
171886 SANTA FE DO ARAGUAIA,91,-,91
171888 SANTA MARIA DO TOCANTINS,48,-,48
171889 SANTA RITA DO TOCANTINS,51,-,51
171890 SANTA ROSA DO TOCANTINS,81,1,82
171900 SANTA TEREZA DO TOCANTINS,78,-,78
172000 SANTA TEREZINHA DO TOCANTINS,58,-,58
172010 SAO BENTO DO TOCANTINS,84,-,84
172015 SAO FELIX DO TOCANTINS,46,2,48
172020 SAO MIGUEL DO TOCANTINS,157,-,157
172025 SAO SALVADOR DO TOCANTINS,75,-,75
172030 SAO SEBASTIAO DO TOCANTINS,64,-,64
172049 SAO VALERIO,89,-,89
172065 SILVANOPOLIS,112,2,114
172080 SITIO NOVO DO TOCANTINS,218,-,218
172085 SUCUPIRA,31,-,31
172090 TAGUATINGA,248,3,251
172093 TAIPAS DO TOCANTINS,42,-,42
172097 TALISMA,56,-,56
172100 PALMAS,7451,1484,8935
172110 TOCANTINIA,163,-,163
172120 TOCANTINOPOLIS,350,10,360
172125 TUPIRAMA,66,-,66
172130 TUPIRATINS,33,-,33
172208 WANDERLANDIA,130,3,133
172210 XAMBIOA,202,10,212
210005 ACAILANDIA,1328,338,1666
210010 AFONSO CUNHA,87,-,87
210015 AGUA DOCE DO MARANHAO,126,-,126
210020 ALCANTARA,270,5,275
210030 ALDEIAS ALTAS,292,-,292
210040 ALTAMIRA DO MARANHAO,101,-,101
210043 ALTO ALEGRE DO MARANHAO,491,-,491
210047 ALTO ALEGRE DO PINDARE,458,7,465
210050 ALTO PARNAIBA,170,10,180
210055 AMAPA DO MARANHAO,87,-,87
210060 AMARANTE DO MARANHAO,926,-,926
210070 ANAJATUBA,333,3,336
210080 ANAPURUS,164,-,164
210083 APICUM-ACU,169,-,169
210087 ARAGUANA,155,-,155
210090 ARAIOSES,317,-,317
210095 ARAME,261,7,268
210100 ARARI,405,-,405
210110 AXIXA,224,-,224
210120 BACABAL,1863,221,2084
210125 BACABEIRA,237,-,237
210130 BACURI,206,1,207
210135 BACURITUBA,72,-,72
210140 BALSAS,1389,207,1596
210150 BARAO DE GRAJAU,261,1,262
210160 BARRA DO CORDA,1421,39,1460
210170 BARREIRINHAS,809,6,815
210173 BELAGUA,110,-,110
210177 BELA VISTA DO MARANHAO,192,-,192
210180 BENEDITO LEITE,98,4,102
210190 BEQUIMAO,294,27,321
210193 BERNARDO DO MEARIM,136,-,136
210197 BOA VISTA DO GURUPI,83,-,83
210200 BOM JARDIM,512,-,512
210203 BOM JESUS DAS SELVAS,402,-,402
210207 BOM LUGAR,129,3,132
210210 BREJO,354,-,354
210215 BREJO DE AREIA,84,3,87
210220 BURITI,357,2,359
210230 BURITI BRAVO,335,-,335
210232 BURITICUPU,868,14,882
210235 BURITIRANA,155,-,155
210237 CACHOEIRA GRANDE,128,-,128
210240 CAJAPIO,154,-,154
210250 CAJARI,198,-,198
210255 CAMPESTRE DO MARANHAO,164,1,165
210260 CANDIDO MENDES,236,-,236
210270 CANTANHEDE,332,-,332
210275 CAPINZAL DO NORTE,237,1,238
210280 CAROLINA,276,7,283
210290 CARUTAPERA,492,1,493
210300 CAXIAS,3396,280,3676
210310 CEDRAL,117,-,117
210312 CENTRAL DO MARANHAO,95,-,95
210315 CENTRO DO GUILHERME,120,-,120
210317 CENTRO NOVO DO MARANHAO,257,-,257
210320 CHAPADINHA,1130,39,1169
210325 CIDELANDIA,187,1,188
210330 CODO,1673,42,1715
210340 COELHO NETO,711,49,760
210350 COLINAS,850,20,870
210355 CONCEICAO DO LAGO-ACU,165,-,165
210360 COROATA,1197,32,1229
210370 CURURUPU,550,-,550
210375 DAVINOPOLIS,205,3,208
210380 DOM PEDRO,366,2,368
210390 DUQUE BACELAR,156,6,162
210400 ESPERANTINOPOLIS,304,3,307
210405 ESTREITO,469,9,478
210407 FEIRA NOVA DO MARANHAO,115,2,117
210408 FERNANDO FALCAO,158,-,158
210409 FORMOSA DA SERRA NEGRA,223,-,223
210410 FORTALEZA DOS NOGUEIRAS,171,3,174
210420 FORTUNA,204,-,204
210430 GODOFREDO VIANA,118,7,125
210440 GONCALVES DIAS,226,1,227
210450 GOVERNADOR ARCHER,134,-,134
210455 GOVERNADOR EDISON LOBAO,234,6,240
210460 GOVERNADOR EUGENIO BARROS,213,-,213
210462 GOVERNADOR LUIZ ROCHA,110,-,110
210465 GOVERNADOR NEWTON BELLO,164,-,164
210467 GOVERNADOR NUNES FREIRE,357,-,357
210470 GRACA ARANHA,88,-,88
210480 GRAJAU,991,1,992
210490 GUIMARAES,159,-,159
210500 HUMBERTO DE CAMPOS,319,2,321
210510 ICATU,270,-,270
210515 IGARAPE DO MEIO,187,-,187
210520 IGARAPE GRANDE,211,5,216
210530 IMPERATRIZ,5030,905,5935
210535 ITAIPAVA DO GRAJAU,221,-,221
210540 ITAPECURU MIRIM,823,41,864
210542 ITINGA DO MARANHAO,266,-,266
210545 JATOBA,119,-,119
210547 JENIPAPO DOS VIEIRAS,220,-,220
210550 JOAO LISBOA,397,5,402
210560 JOSELANDIA,162,2,164
210565 JUNCO DO MARANHAO,87,-,87
210570 LAGO DA PEDRA,724,14,738
210580 LAGO DO JUNCO,182,-,182
210590 LAGO VERDE,151,-,151
210592 LAGOA DO MATO,140,-,140
210594 LAGO DOS RODRIGUES,155,-,155
210596 LAGOA GRANDE DO MARANHAO,130,-,130
210598 LAJEADO NOVO,110,-,110
210600 LIMA CAMPOS,185,47,232
210610 LORETO,164,1,165
210620 LUIS DOMINGUES,108,-,108
210630 MAGALHAES DE ALMEIDA,189,-,189
210632 MARACACUME,204,3,207
210635 MARAJA DO SENA,73,-,73
210637 MARANHAOZINHO,134,-,134
210640 MATA ROMA,307,1,308
210650 MATINHA,298,1,299
210660 MATOES,405,3,408
210663 MATOES DO NORTE,203,4,207
210667 MILAGRES DO MARANHAO,119,-,119
210670 MIRADOR,265,-,265
210675 MIRANDA DO NORTE,429,3,432
210680 MIRINZAL,139,2,141
210690 MONCAO,534,-,534
210700 MONTES ALTOS,141,-,141
210710 MORROS,326,2,328
210720 NINA RODRIGUES,213,-,213
210725 NOVA COLINAS,76,-,76
210730 NOVA IORQUE,65,-,65
210735 NOVA OLINDA DO MARANHAO,198,1,199
210740 OLHO D'AGUA DAS CUNHAS,206,1,207
210745 OLINDA NOVA DO MARANHAO,166,-,166
210750 PACO DO LUMIAR,1189,68,1257
210760 PALMEIRANDIA,243,1,244
210770 PARAIBANO,256,1,257
210780 PARNARAMA,489,7,496
210790 PASSAGEM FRANCA,240,-,240
210800 PASTOS BONS,252,1,253
210805 PAULINO NEVES,255,1,256
210810 PAULO RAMOS,265,-,265
210820 PEDREIRAS,882,55,937
210825 PEDRO DO ROSARIO,379,16,395
210830 PENALVA,399,1,400
210840 PERI MIRIM,175,-,175
210845 PERITORO,473,7,480
210850 PINDARE-MIRIM,353,-,353
210860 PINHEIRO,1356,64,1420
210870 PIO XII,339,-,339
210880 PIRAPEMAS,217,1,218
210890 POCAO DE PEDRAS,210,1,211
210900 PORTO FRANCO,385,6,391
210905 PORTO RICO DO MARANHAO,94,2,96
210910 PRESIDENTE DUTRA,1039,52,1091
210920 PRESIDENTE JUSCELINO,174,-,174
210923 PRESIDENTE MEDICI,195,-,195
210927 PRESIDENTE SARNEY,219,7,226
210930 PRESIDENTE VARGAS,205,-,205
210940 PRIMEIRA CRUZ,124,-,124
210945 RAPOSA,424,52,476
210950 RIACHAO,228,-,228
210955 RIBAMAR FIQUENE,123,-,123
210960 ROSARIO,506,10,516
210970 SAMBAIBA,79,-,79
210975 SANTA FILOMENA DO MARANHAO,95,-,95
210980 SANTA HELENA,387,-,387
210990 SANTA INES,1339,195,1534
211000 SANTA LUZIA,697,20,717
211003 SANTA LUZIA DO PARUA,383,1,384
211010 SANTA QUITERIA DO MARANHAO,389,-,389
211020 SANTA RITA,540,8,548
211023 SANTANA DO MARANHAO,150,-,150
211027 SANTO AMARO DO MARANHAO,152,-,152
211030 SANTO ANTONIO DOS LOPES,205,2,207
211040 SAO BENEDITO DO RIO PRETO,299,-,299
211050 SAO BENTO,466,-,466
211060 SAO BERNARDO,337,-,337
211065 SAO DOMINGOS DO AZEITAO,104,-,104
211070 SAO DOMINGOS DO MARANHAO,580,1,581
211080 SAO FELIX DE BALSAS,95,-,95
211085 SAO FRANCISCO DO BREJAO,131,-,131
211090 SAO FRANCISCO DO MARANHAO,167,2,169
211100 SAO JOAO BATISTA,238,-,238
211102 SAO JOAO DO CARU,193,-,193
211105 SAO JOAO DO PARAISO,113,-,113
211107 SAO JOAO DO SOTER,269,7,276
211110 SAO JOAO DOS PATOS,361,-,361
211120 SAO JOSE DE RIBAMAR,1691,120,1811
211125 SAO JOSE DOS BASILIOS,96,-,96
211130 SAO LUIS,25046,6461,31507
211140 SAO LUIS GONZAGA DO MARANHAO,209,4,213
211150 SAO MATEUS DO MARANHAO,438,33,471
211153 SAO PEDRO DA AGUA BRANCA,189,2,191
211157 SAO PEDRO DOS CRENTES,117,9,126
211160 SAO RAIMUNDO DAS MANGABEIRAS,267,1,268
211163 SAO RAIMUNDO DO DOCA BEZERRA,104,-,104
211167 SAO ROBERTO,70,-,70
211170 SAO VICENTE FERRER,243,-,243
211172 SATUBINHA,206,-,206
211174 SENADOR ALEXANDRE COSTA,136,-,136
211176 SENADOR LA ROCQUE,200,-,200
211178 SERRANO DO MARANHAO,153,-,153
211180 SITIO NOVO,321,1,322
211190 SUCUPIRA DO NORTE,173,-,173
211195 SUCUPIRA DO RIACHAO,91,-,91
211200 TASSO FRAGOSO,137,1,138
211210 TIMBIRAS,414,3,417
211220 TIMON,2181,71,2252
211223 TRIZIDELA DO VALE,265,-,265
211227 TUFILANDIA,137,-,137
211230 TUNTUM,644,1,645
211240 TURIACU,390,-,390
211245 TURILANDIA,241,-,241
211250 TUTOIA,562,12,574
211260 URBANO SANTOS,266,-,266
211270 VARGEM GRANDE,534,1,535
211280 VIANA,646,1,647
211285 VILA NOVA DOS MARTIRIOS,183,-,183
211290 VITORIA DO MEARIM,441,9,450
211300 VITORINO FREIRE,373,1,374
211400 ZE DOCA,538,3,541
220005 ACAUA,71,-,71
220010 AGRICOLANDIA,85,-,85
220020 AGUA BRANCA,290,7,297
220025 ALAGOINHA DO PIAUI,71,-,71
220027 ALEGRETE DO PIAUI,59,-,59
220030 ALTO LONGA,133,-,133
220040 ALTOS,492,17,509
220045 ALVORADA DO GURGUEIA,69,-,69
220050 AMARANTE,276,-,276
220060 ANGICAL DO PIAUI,113,-,113
220070 ANISIO DE ABREU,96,-,96
220080 ANTONIO ALMEIDA,64,-,64
220090 AROAZES,83,-,83
220095 AROEIRAS DO ITAIM,30,1,31
220100 ARRAIAL,76,-,76
220105 ASSUNCAO DO PIAUI,75,-,75
220110 AVELINO LOPES,136,2,138
220115 BAIXA GRANDE DO RIBEIRO,145,1,146
220117 BARRA D'ALCANTARA,52,-,52
220120 BARRAS,563,4,567
220130 BARREIRAS DO PIAUI,53,-,53
220140 BARRO DURO,99,-,99
220150 BATALHA,226,-,226
220155 BELA VISTA DO PIAUI,54,-,54
220157 BELEM DO PIAUI,37,-,37
220160 BENEDITINOS,118,1,119
220170 BERTOLINIA,82,1,83
220173 BETANIA DO PIAUI,93,-,93
220177 BOA HORA,62,-,62
220180 BOCAINA,95,1,96
220190 BOM JESUS,569,12,581
220191 BOM PRINCIPIO DO PIAUI,65,-,65
220192 BONFIM DO PIAUI,54,1,55
220194 BOQUEIRAO DO PIAUI,72,-,72
220196 BRASILEIRA,83,4,87
220198 BREJO DO PIAUI,43,-,43
220200 BURITI DOS LOPES,218,2,220
220202 BURITI DOS MONTES,103,-,103
220205 CABECEIRAS DO PIAUI,69,-,69
220207 CAJAZEIRAS DO PIAUI,49,-,49
220208 CAJUEIRO DA PRAIA,83,1,84
220209 CALDEIRAO GRANDE DO PIAUI,67,-,67
220210 CAMPINAS DO PIAUI,60,-,60
220211 CAMPO ALEGRE DO FIDALGO,42,-,42
220213 CAMPO GRANDE DO PIAUI,60,1,61
220217 CAMPO LARGO DO PIAUI,62,-,62
220220 CAMPO MAIOR,940,120,1060
220225 CANAVIEIRA,52,-,52
220230 CANTO DO BURITI,343,2,345
220240 CAPITAO DE CAMPOS,135,-,135
220245 CAPITAO GERVASIO OLIVEIRA,56,-,56
220250 CARACOL,104,6,110
220253 CARAUBAS DO PIAUI,68,-,68
220255 CARIDADE DO PIAUI,63,1,64
220260 CASTELO DO PIAUI,203,4,207
220265 CAXINGO,49,-,49
220270 COCAL,297,-,297
220271 COCAL DE TELHA,58,-,58
220272 COCAL DOS ALVES,74,-,74
220273 COIVARAS,44,-,44
220275 COLONIA DO GURGUEIA,81,1,82
220277 COLONIA DO PIAUI,83,-,83
220280 CONCEICAO DO CANINDE,76,-,76
220285 CORONEL JOSE DIAS,41,-,41
220290 CORRENTE,318,12,330
220300 CRISTALANDIA DO PIAUI,99,-,99
220310 CRISTINO CASTRO,142,-,142
220320 CURIMATA,190,-,190
220323 CURRAIS,48,-,48
220325 CURRALINHOS,62,-,62
220327 CURRAL NOVO DO PIAUI,62,-,62
220330 DEMERVAL LOBAO,261,-,261
220335 DIRCEU ARCOVERDE,72,1,73
220340 DOM EXPEDITO LOPES,77,-,77
220342 DOMINGOS MOURAO,43,-,43
220345 DOM INOCENCIO,126,1,127
220350 ELESBAO VELOSO,229,7,236
220360 ELISEU MARTINS,61,-,61
220370 ESPERANTINA,492,25,517
220375 FARTURA DO PIAUI,42,1,43
220380 FLORES DO PIAUI,57,-,57
220385 FLORESTA DO PIAUI,25,-,25
220390 FLORIANO,1695,99,1794
220400 FRANCINOPOLIS,96,-,96
220410 FRANCISCO AYRES,60,1,61
220415 FRANCISCO MACEDO,33,-,33
220420 FRANCISCO SANTOS,88,1,89
220430 FRONTEIRAS,150,1,151
220435 GEMINIANO,50,1,51
220440 GILBUES,137,-,137
220450 GUADALUPE,148,4,152
220455 GUARIBAS,45,1,46
220460 HUGO NAPOLEAO,59,-,59
220465 ILHA GRANDE,100,1,101
220470 INHUMA,212,5,217
220480 IPIRANGA DO PIAUI,135,2,137
220490 ISAIAS COELHO,86,-,86
220500 ITAINOPOLIS,158,3,161
220510 ITAUEIRA,153,2,155
220515 JACOBINA DO PIAUI,94,8,102
220520 JAICOS,213,5,218
220525 JARDIM DO MULATO,62,-,62
220527 JATOBA DO PIAUI,51,-,51
220530 JERUMENHA,54,-,54
220535 JOAO COSTA,49,-,49
220540 JOAQUIM PIRES,116,-,116
220545 JOCA MARQUES,64,-,64
220550 JOSE DE FREITAS,379,7,386
220551 JUAZEIRO DO PIAUI,49,1,50
220552 JULIO BORGES,87,2,89
220553 JUREMA,52,-,52
220554 LAGOINHA DO PIAUI,39,-,39
220555 LAGOA ALEGRE,70,-,70
220556 LAGOA DO BARRO DO PIAUI,88,-,88
220557 LAGOA DE SAO FRANCISCO,67,-,67
220558 LAGOA DO PIAUI,40,-,40
220559 LAGOA DO SITIO,48,1,49
220560 LANDRI SALES,79,-,79
220570 LUIS CORREIA,285,3,288
220580 LUZILANDIA,333,3,336
220585 MADEIRO,71,-,71
220590 MANOEL EMIDIO,91,-,91
220595 MARCOLANDIA,108,1,109
220600 MARCOS PARENTE,81,-,81
220605 MASSAPE DO PIAUI,58,1,59
220610 MATIAS OLIMPIO,98,-,98
220620 MIGUEL ALVES,305,-,305
220630 MIGUEL LEAO,43,-,43
220635 MILTON BRANDAO,69,-,69
220640 MONSENHOR GIL,126,-,126
220650 MONSENHOR HIPOLITO,91,-,91
220660 MONTE ALEGRE DO PIAUI,153,3,156
220665 MORRO CABECA NO TEMPO,48,-,48
220667 MORRO DO CHAPEU DO PIAUI,58,-,58
220669 MURICI DOS PORTELAS,69,1,70
220670 NAZARE DO PIAUI,62,-,62
220672 NAZARIA,86,-,86
220675 NOSSA SENHORA DE NAZARE,61,-,61
220680 NOSSA SENHORA DOS REMEDIOS,90,-,90
220690 NOVO ORIENTE DO PIAUI,83,-,83
220695 NOVO SANTO ANTONIO,56,-,56
220700 OEIRAS,761,20,781
220710 OLHO D'AGUA DO PIAUI,32,-,32
220720 PADRE MARCOS,70,-,70
220730 PAES LANDIM,96,-,96
220735 PAJEU DO PIAUI,36,-,36
220740 PALMEIRA DO PIAUI,54,-,54
220750 PALMEIRAIS,165,-,165
220755 PAQUETA,42,-,42
220760 PARNAGUA,143,-,143
220770 PARNAIBA,2609,307,2916
220775 PASSAGEM FRANCA DO PIAUI,50,-,50
220777 PATOS DO PIAUI,56,-,56
220779 PAU D'ARCO DO PIAUI,42,-,42
220780 PAULISTANA,457,53,510
220785 PAVUSSU,41,-,41
220790 PEDRO II,447,5,452
220793 PEDRO LAURENTINO,28,-,28
220795 NOVA SANTA RITA,43,-,43
220800 PICOS,1813,371,2184
220810 PIMENTEIRAS,154,-,154
220820 PIO IX,187,2,189
220830 PIRACURUCA,260,10,270
220840 PIRIPIRI,1177,53,1230
220850 PORTO,167,1,168
220855 PORTO ALEGRE DO PIAUI,39,-,39
220860 PRATA DO PIAUI,52,-,52
220865 QUEIMADA NOVA,105,1,106
220870 REDENCAO DO GURGUEIA,89,-,89
220880 REGENERACAO,215,-,215
220885 RIACHO FRIO,50,-,50
220887 RIBEIRA DO PIAUI,52,-,52
220890 RIBEIRO GONCALVES,102,-,102
220900 RIO GRANDE DO PIAUI,86,1,87
220910 SANTA CRUZ DO PIAUI,74,3,77
220915 SANTA CRUZ DOS MILAGRES,47,-,47
220920 SANTA FILOMENA,79,-,79
220930 SANTA LUZ,61,1,62
220935 SANTANA DO PIAUI,40,-,40
220937 SANTA ROSA DO PIAUI,61,-,61
220940 SANTO ANTONIO DE LISBOA,61,-,61
220945 SANTO ANTONIO DOS MILAGRES,29,-,29
220950 SANTO INACIO DO PIAUI,61,-,61
220955 SAO BRAZ DO PIAUI,46,-,46
220960 SAO FELIX DO PIAUI,50,1,51
220965 SAO FRANCISCO DE ASSIS DO PIAUI,51,-,51
220970 SAO FRANCISCO DO PIAUI,72,-,72
220975 SAO GONCALO DO GURGUEIA,37,1,38
220980 SAO GONCALO DO PIAUI,49,-,49
220985 SAO JOAO DA CANABRAVA,57,-,57
220987 SAO JOAO DA FRONTEIRA,48,-,48
220990 SAO JOAO DA SERRA,65,-,65
220995 SAO JOAO DA VARJOTA,42,1,43
220997 SAO JOAO DO ARRAIAL,71,-,71
221000 SAO JOAO DO PIAUI,410,17,427
221005 SAO JOSE DO DIVINO,69,1,70
221010 SAO JOSE DO PEIXE,45,-,45
221020 SAO JOSE DO PIAUI,75,-,75
221030 SAO JULIAO,53,-,53
221035 SAO LOURENCO DO PIAUI,44,-,44
221037 SAO LUIS DO PIAUI,39,-,39
221038 SAO MIGUEL DA BAIXA GRANDE,33,-,33
221039 SAO MIGUEL DO FIDALGO,37,5,42
221040 SAO MIGUEL DO TAPUIO,215,2,217
221050 SAO PEDRO DO PIAUI,169,-,169
221060 SAO RAIMUNDO NONATO,667,24,691
221062 SEBASTIAO BARROS,50,-,50
221063 SEBASTIAO LEAL,48,-,48
221065 SIGEFREDO PACHECO,61,-,61
221070 SIMOES,151,4,155
221080 SIMPLICIO MENDES,299,4,303
221090 SOCORRO DO PIAUI,82,-,82
221093 SUSSUAPARA,50,-,50
221095 TAMBORIL DO PIAUI,36,-,36
221097 TANQUE DO PIAUI,55,3,58
221100 TERESINA,18496,2886,21382
221110 UNIAO,362,4,366
221120 URUCUI,446,12,458
221130 VALENCA DO PIAUI,344,7,351
221135 VARZEA BRANCA,47,-,47
221140 VARZEA GRANDE,64,-,64
221150 VERA MENDES,38,-,38
221160 VILA NOVA DO PIAUI,37,-,37
221170 WALL FERRAZ,41,2,43
230010 ABAIARA,118,2,120
230015 ACARAPE,176,-,176
230020 ACARAU,775,87,862
230030 ACOPIARA,460,33,493
230040 AIUABA,258,-,258
230050 ALCANTARAS,213,-,213
230060 ALTANEIRA,137,-,137
230070 ALTO SANTO,312,19,331
230075 AMONTADA,325,2,327
230080 ANTONINA DO NORTE,151,-,151
230090 APUIARES,175,-,175
230100 AQUIRAZ,1312,108,1420
230110 ARACATI,1094,186,1280
230120 ARACOIABA,642,13,655
230125 ARARENDA,179,-,179
230130 ARARIPE,230,3,233
230140 ARATUBA,185,-,185
230150 ARNEIROZ,129,-,129
230160 ASSARE,291,5,296
230170 AURORA,291,1,292
230180 BAIXIO,105,2,107
230185 BANABUIU,368,1,369
230190 BARBALHA,2028,43,2071
230195 BARREIRA,258,-,258
230200 BARRO,263,6,269
230205 BARROQUINHA,275,-,275
230210 BATURITE,667,27,694
230220 BEBERIBE,507,13,520
230230 BELA CRUZ,392,20,412
230240 BOA VIAGEM,428,11,439
230250 BREJO SANTO,797,49,846
230260 CAMOCIM,873,39,912
230270 CAMPOS SALES,239,25,264
230280 CANINDE,908,43,951
230290 CAPISTRANO,198,5,203
230300 CARIDADE,209,-,209
230310 CARIRE,277,-,277
230320 CARIRIACU,367,6,373
230330 CARIUS,183,2,185
230340 CARNAUBAL,290,11,301
230350 CASCAVEL,1089,68,1157
230360 CATARINA,239,-,239
230365 CATUNDA,211,-,211
230370 CAUCAIA,3342,351,3693
230380 CEDRO,246,5,251
230390 CHAVAL,235,-,235
230393 CHORO,197,-,197
230395 CHOROZINHO,212,-,212
230400 COREAU,298,18,316
230410 CRATEUS,1462,126,1588
230420 CRATO,1861,236,2097
230423 CROATA,312,7,319
230425 CRUZ,454,11,465
230426 DEPUTADO IRAPUAN PINHEIRO,130,-,130
230427 ERERE,114,2,116
230428 EUSEBIO,1183,141,1324
230430 FARIAS BRITO,296,14,310
230435 FORQUILHA,356,6,362
230440 FORTALEZA,43068,13491,56559
230445 FORTIM,258,7,265
230450 FRECHEIRINHA,305,3,308
230460 GENERAL SAMPAIO,122,-,122
230465 GRACA,189,1,190
230470 GRANJA,713,3,716
230480 GRANJEIRO,98,-,98
230490 GROAIRAS,130,1,131
230495 GUAIUBA,234,6,240
230500 GUARACIABA DO NORTE,389,70,459
230510 GUARAMIRANGA,104,1,105
230520 HIDROLANDIA,332,1,333
230523 HORIZONTE,829,22,851
230526 IBARETAMA,193,1,194
230530 IBIAPINA,398,7,405
230533 IBICUITINGA,159,53,212
230535 ICAPUI,261,-,261
230540 ICO,782,35,817
230550 IGUATU,1659,231,1890
230560 INDEPENDENCIA,407,13,420
230565 IPAPORANGA,228,-,228
230570 IPAUMIRIM,148,15,163
230580 IPU,484,25,509
230590 IPUEIRAS,423,13,436
230600 IRACEMA,204,3,207
230610 IRAUCUBA,346,-,346
230620 ITAICABA,138,1,139
230625 ITAITINGA,562,9,571
230630 ITAPAGE,555,64,619
230640 ITAPIPOCA,1809,191,2000
230650 ITAPIUNA,310,-,310
230655 ITAREMA,470,4,474
230660 ITATIRA,378,6,384
230670 JAGUARETAMA,296,-,296
230680 JAGUARIBARA,173,1,174
230690 JAGUARIBE,425,51,476
230700 JAGUARUANA,437,23,460
230710 JARDIM,275,-,275
230720 JATI,148,-,148
230725 JIJOCA DE JERICOACOARA,469,9,478
230730 JUAZEIRO DO NORTE,3772,742,4514
230740 JUCAS,311,3,314
230750 LAVRAS DA MANGABEIRA,314,8,322
230760 LIMOEIRO DO NORTE,1454,118,1572
230763 MADALENA,242,1,243
230765 MARACANAU,2798,569,3367
230770 MARANGUAPE,937,239,1176
230780 MARCO,271,5,276
230790 MARTINOPOLE,214,1,215
230800 MASSAPE,440,5,445
230810 MAURITI,505,25,530
230820 MERUOCA,218,9,227
230830 MILAGRES,330,10,340
230835 MILHA,262,9,271
230837 MIRAIMA,142,-,142
230840 MISSAO VELHA,338,-,338
230850 MOMBACA,484,15,499
230860 MONSENHOR TABOSA,388,1,389
230870 MORADA NOVA,547,42,589
230880 MORAUJO,125,-,125
230890 MORRINHOS,264,1,265
230900 MUCAMBO,241,72,313
230910 MULUNGU,127,4,131
230920 NOVA OLINDA,158,2,160
230930 NOVA RUSSAS,375,8,383
230940 NOVO ORIENTE,354,1,355
230945 OCARA,408,-,408
230950 OROS,267,6,273
230960 PACAJUS,720,53,773
230970 PACATUBA,720,5,725
230980 PACOTI,150,6,156
230990 PACUJA,97,7,104
231000 PALHANO,153,1,154
231010 PALMACIA,161,-,161
231020 PARACURU,433,10,443
231025 PARAIPABA,355,19,374
231030 PARAMBU,417,7,424
231040 PARAMOTI,146,-,146
231050 PEDRA BRANCA,650,20,670
231060 PENAFORTE,184,25,209
231070 PENTECOSTE,504,27,531
231080 PEREIRO,190,3,193
231085 PINDORETAMA,273,2,275
231090 PIQUET CARNEIRO,220,-,220
231095 PIRES FERREIRA,163,5,168
231100 PORANGA,147,-,147
231110 PORTEIRAS,159,3,162
231120 POTENGI,114,5,119
231123 POTIRETAMA,95,-,95
231126 QUITERIANOPOLIS,331,7,338
231130 QUIXADA,1287,148,1435
231135 QUIXELO,193,7,200
231140 QUIXERAMOBIM,1847,32,1879
231150 QUIXERE,283,9,292
231160 REDENCAO,485,8,493
231170 RERIUTABA,407,1,408
231180 RUSSAS,743,72,815
231190 SABOEIRO,197,-,197
231195 SALITRE,287,-,287
231200 SANTANA DO ACARAU,464,2,466
231210 SANTANA DO CARIRI,188,1,189
231220 SANTA QUITERIA,445,3,448
231230 SAO BENEDITO,500,221,721
231240 SAO GONCALO DO AMARANTE,1354,100,1454
231250 SAO JOAO DO JAGUARIBE,139,-,139
231260 SAO LUIS DO CURU,128,-,128
231270 SENADOR POMPEU,359,-,359
231280 SENADOR SA,100,-,100
231290 SOBRAL,6945,1417,8362
231300 SOLONOPOLE,288,2,290
231310 TABULEIRO DO NORTE,432,52,484
231320 TAMBORIL,351,3,354
231325 TARRAFAS,80,-,80
231330 TAUA,1042,33,1075
231335 TEJUCUOCA,248,-,248
231340 TIANGUA,1079,55,1134
231350 TRAIRI,555,13,568
231355 TURURU,164,-,164
231360 UBAJARA,422,5,427
231370 UMARI,118,2,120
231375 UMIRIM,155,3,158
231380 URUBURETAMA,188,1,189
231390 URUOCA,254,3,257
231395 VARJOTA,362,6,368
231400 VARZEA ALEGRE,377,15,392
231410 VICOSA DO CEARA,593,12,605
240010 ACARI,128,-,128
240020 ACU,969,131,1100
240030 AFONSO BEZERRA,177,4,181
240040 AGUA NOVA,43,-,43
240050 ALEXANDRIA,308,29,337
240060 ALMINO AFONSO,118,-,118
240070 ALTO DO RODRIGUES,147,10,157
240080 ANGICOS,262,14,276
240090 ANTONIO MARTINS,117,-,117
240100 APODI,472,107,579
240110 AREIA BRANCA,365,22,387
240120 ARES,229,-,229
240130 AUGUSTO SEVERO,117,-,117
240140 BAIA FORMOSA,119,-,119
240145 BARAUNA,399,45,444
240150 BARCELONA,64,-,64
240160 BENTO FERNANDES,63,-,63
240165 BODO,42,-,42
240170 BOM JESUS,148,1,149
240180 BREJINHO,171,-,171
240185 CAICARA DO NORTE,108,-,108
240190 CAICARA DO RIO DO VENTO,97,-,97
240200 CAICO,1711,223,1934
240210 CAMPO REDONDO,190,2,192
240220 CANGUARETAMA,415,4,419
240230 CARAUBAS,359,10,369
240240 CARNAUBA DOS DANTAS,136,-,136
240250 CARNAUBAIS,149,1,150
240260 CEARA-MIRIM,747,80,827
240270 CERRO CORA,140,-,140
240280 CORONEL EZEQUIEL,80,-,80
240290 CORONEL JOAO PESSOA,80,-,80
240300 CRUZETA,105,-,105
240310 CURRAIS NOVOS,949,103,1052
240320 DOUTOR SEVERIANO,90,-,90
240325 PARNAMIRIM,3134,252,3386
240330 ENCANTO,105,1,106
240340 EQUADOR,117,-,117
240350 ESPIRITO SANTO,392,1,393
240360 EXTREMOZ,477,2,479
240370 FELIPE GUERRA,100,-,100
240375 FERNANDO PEDROZA,79,1,80
240380 FLORANIA,136,-,136
240390 FRANCISCO DANTAS,43,-,43
240400 FRUTUOSO GOMES,105,1,106
240410 GALINHOS,84,-,84
240420 GOIANINHA,346,6,352
240430 GOVERNADOR DIX-SEPT ROSADO,152,3,155
240440 GROSSOS,141,-,141
240450 GUAMARE,696,1,697
240460 IELMO MARINHO,148,-,148
240470 IPANGUACU,130,-,130
240480 IPUEIRA,59,-,59
240485 ITAJA,134,2,136
240490 ITAU,72,4,76
240500 JACANA,143,-,143
240510 JANDAIRA,143,-,143
240520 JANDUIS,133,-,133
240530 JANUARIO CICCO,133,-,133
240540 JAPI,88,-,88
240550 JARDIM DE ANGICOS,92,-,92
240560 JARDIM DE PIRANHAS,175,1,176
240570 JARDIM DO SERIDO,137,4,141
240580 JOAO CAMARA,580,23,603
240590 JOAO DIAS,48,-,48
240600 JOSE DA PENHA,90,-,90
240610 JUCURUTU,280,1,281
240615 JUNDIA,57,-,57
240620 LAGOA D'ANTA,103,-,103
240630 LAGOA DE PEDRAS,91,-,91
240640 LAGOA DE VELHOS,58,-,58
240650 LAGOA NOVA,189,-,189
240660 LAGOA SALGADA,105,-,105
240670 LAJES,181,3,184
240680 LAJES PINTADAS,110,-,110
240690 LUCRECIA,121,8,129
240700 LUIS GOMES,115,4,119
240710 MACAIBA,1163,25,1188
240720 MACAU,378,15,393
240725 MAJOR SALES,74,-,74
240730 MARCELINO VIEIRA,75,-,75
240740 MARTINS,105,1,106
240750 MAXARANGUAPE,150,31,181
240760 MESSIAS TARGINO,83,-,83
240770 MONTANHAS,151,-,151
240780 MONTE ALEGRE,288,4,292
240790 MONTE DAS GAMELEIRAS,66,-,66
240800 MOSSORO,4743,791,5534
240810 NATAL,16865,4646,21511
240820 NISIA FLORESTA,252,3,255
240830 NOVA CRUZ,531,2,533
240840 OLHO-D'AGUA DO BORGES,110,-,110
240850 OURO BRANCO,98,-,98
240860 PARANA,103,-,103
240870 PARAU,66,-,66
240880 PARAZINHO,94,-,94
240890 PARELHAS,338,10,348
240895 RIO DO FOGO,231,8,239
240910 PASSA E FICA,182,1,183
240920 PASSAGEM,66,-,66
240930 PATU,184,1,185
240933 SANTA MARIA,111,-,111
240940 PAU DOS FERROS,1073,45,1118
240950 PEDRA GRANDE,104,-,104
240960 PEDRA PRETA,62,-,62
240970 PEDRO AVELINO,105,-,105
240980 PEDRO VELHO,237,-,237
240990 PENDENCIAS,233,6,239
241000 PILOES,56,-,56
241010 POCO BRANCO,201,-,201
241020 PORTALEGRE,107,1,108
241025 PORTO DO MANGUE,109,-,109
241030 SERRA CAIADA,120,8,128
241040 PUREZA,103,-,103
241050 RAFAEL FERNANDES,57,7,64
241060 RAFAEL GODEIRO,56,-,56
241070 RIACHO DA CRUZ,53,-,53
241080 RIACHO DE SANTANA,43,-,43
241090 RIACHUELO,124,-,124
241100 RODOLFO FERNANDES,60,1,61
241105 TIBAU,126,3,129
241110 RUY BARBOSA,76,-,76
241120 SANTA CRUZ,1005,30,1035
241140 SANTANA DO MATOS,131,-,131
241142 SANTANA DO SERIDO,72,1,73
241150 SANTO ANTONIO,546,2,548
241160 SAO BENTO DO NORTE,70,-,70
241170 SAO BENTO DO TRAIRI,104,-,104
241180 SAO FERNANDO,59,-,59
241190 SAO FRANCISCO DO OESTE,44,-,44
241200 SAO GONCALO DO AMARANTE,831,65,896
241210 SAO JOAO DO SABUGI,103,6,109
241220 SAO JOSE DE MIPIBU,827,27,854
241230 SAO JOSE DO CAMPESTRE,174,-,174
241240 SAO JOSE DO SERIDO,72,2,74
241250 SAO MIGUEL,216,5,221
241255 SAO MIGUEL DO GOSTOSO,169,-,169
241260 SAO PAULO DO POTENGI,365,2,367
241270 SAO PEDRO,60,-,60
241280 SAO RAFAEL,105,-,105
241290 SAO TOME,137,-,137
241300 SAO VICENTE,106,2,108
241310 SENADOR ELOI DE SOUZA,86,-,86
241320 SENADOR GEORGINO AVELINO,79,-,79
241330 SERRA DE SAO BENTO,103,-,103
241335 SERRA DO MEL,173,2,175
241340 SERRA NEGRA DO NORTE,91,1,92
241350 SERRINHA,83,-,83
241355 SERRINHA DOS PINTOS,58,-,58
241360 SEVERIANO MELO,101,2,103
241370 SITIO NOVO,85,-,85
241380 TABOLEIRO GRANDE,46,2,48
241390 TAIPU,151,-,151
241400 TANGARA,185,-,185
241410 TENENTE ANANIAS,128,4,132
241415 TENENTE LAURENTINO CRUZ,90,1,91
241420 TIBAU DO SUL,204,-,204
241430 TIMBAUBA DOS BATISTAS,48,-,48
241440 TOUROS,364,9,373
241445 TRIUNFO POTIGUAR,106,-,106
241450 UMARIZAL,105,-,105
241460 UPANEMA,184,-,184
241470 VARZEA,55,1,56
241475 VENHA-VER,50,-,50
241480 VERA CRUZ,141,-,141
241490 VICOSA,34,-,34
241500 VILA FLOR,61,1,62
250010 AGUA BRANCA,189,1,190
250020 AGUIAR,114,1,115
250030 ALAGOA GRANDE,342,3,345
250040 ALAGOA NOVA,263,5,268
250050 ALAGOINHA,154,-,154
250053 ALCANTIL,115,-,115
250057 ALGODAO DE JANDAIRA,36,-,36
250060 ALHANDRA,380,4,384
250070 SAO JOAO DO RIO DO PEIXE,281,5,286
250073 AMPARO,54,-,54
250077 APARECIDA,84,2,86
250080 ARACAGI,213,-,213
250090 ARARA,137,-,137
250100 ARARUNA,211,7,218
250110 AREIA,299,5,304
250115 AREIA DE BARAUNAS,42,2,44
250120 AREIAL,77,-,77
250130 AROEIRAS,228,2,230
250135 ASSUNCAO,66,-,66
250140 BAIA DA TRAICAO,202,-,202
250150 BANANEIRAS,233,3,236
250153 BARAUNA,92,-,92
250157 BARRA DE SANTANA,144,-,144
250160 BARRA DE SANTA ROSA,151,23,174
250170 BARRA DE SAO MIGUEL,112,-,112
250180 BAYEUX,1022,39,1061
250190 BELEM,390,6,396
250200 BELEM DO BREJO DO CRUZ,113,2,115
250205 BERNARDINO BATISTA,68,-,68
250210 BOA VENTURA,113,2,115
250215 BOA VISTA,106,3,109
250220 BOM JESUS,58,-,58
250230 BOM SUCESSO,92,1,93
250240 BONITO DE SANTA FE,151,6,157
250250 BOQUEIRAO,332,4,336
250260 IGARACY,84,5,89
250270 BORBOREMA,51,-,51
250280 BREJO DO CRUZ,185,4,189
250290 BREJO DOS SANTOS,105,1,106
250300 CAAPORA,308,1,309
250310 CABACEIRAS,103,-,103
250320 CABEDELO,1034,75,1109
250330 CACHOEIRA DOS INDIOS,117,-,117
250340 CACIMBA DE AREIA,78,1,79
250350 CACIMBA DE DENTRO,158,7,165
250355 CACIMBAS,99,25,124
250360 CAICARA,95,3,98
250370 CAJAZEIRAS,1541,190,1731
250375 CAJAZEIRINHAS,95,-,95
250380 CALDAS BRANDAO,86,-,86
250390 CAMALAU,85,-,85
250400 CAMPINA GRANDE,9045,1545,10590
250403 CAPIM,109,-,109
250407 CARAUBAS,63,-,63
250410 CARRAPATEIRA,54,-,54
250415 CASSERENGUE,79,-,79
250420 CATINGUEIRA,90,2,92
250430 CATOLE DO ROCHA,553,15,568
250435 CATURITE,74,-,74
250440 CONCEICAO,270,8,278
250450 CONDADO,101,3,104
250460 CONDE,378,47,425
250470 CONGO,95,1,96
250480 COREMAS,262,11,273
250485 COXIXOLA,28,-,28
250490 CRUZ DO ESPIRITO SANTO,160,1,161
250500 CUBATI,116,2,118
250510 CUITE,356,7,363
250520 CUITEGI,71,-,71
250523 CUITE DE MAMANGUAPE,94,-,94
250527 CURRAL DE CIMA,117,1,118
250530 CURRAL VELHO,37,-,37
250535 DAMIAO,49,26,75
250540 DESTERRO,108,3,111
250550 VISTA SERRANA,61,2,63
250560 DIAMANTE,91,-,91
250570 DONA INES,164,-,164
250580 DUAS ESTRADAS,64,-,64
250590 EMAS,45,-,45
250600 ESPERANCA,452,45,497
250610 FAGUNDES,104,2,106
250620 FREI MARTINHO,92,1,93
250625 GADO BRAVO,81,-,81
250630 GUARABIRA,1038,132,1170
250640 GURINHEM,190,-,190
250650 GURJAO,54,1,55
250660 IBIARA,99,-,99
250670 IMACULADA,139,3,142
250680 INGA,283,1,284
250690 ITABAIANA,659,53,712
250700 ITAPORANGA,511,26,537
250710 ITAPOROROCA,237,2,239
250720 ITATUBA,115,-,115
250730 JACARAU,226,1,227
250740 JERICO,106,4,110
250750 JOAO PESSOA,18208,2924,21132
250760 JUAREZ TAVORA,95,2,97
250770 JUAZEIRINHO,200,9,209
250780 JUNCO DO SERIDO,90,1,91
250790 JURIPIRANGA,165,3,168
250800 JURU,129,3,132
250810 LAGOA,57,-,57
250820 LAGOA DE DENTRO,113,-,113
250830 LAGOA SECA,274,6,280
250840 LASTRO,49,-,49
250850 LIVRAMENTO,91,1,92
250855 LOGRADOURO,75,-,75
250860 LUCENA,165,-,165
250870 MAE D'AGUA,60,-,60
250880 MALTA,58,3,61
250890 MAMANGUAPE,973,18,991
250900 MANAIRA,109,2,111
250905 MARCACAO,155,-,155
250910 MARI,229,13,242
250915 MARIZOPOLIS,62,2,64
250920 MASSARANDUBA,139,-,139
250930 MATARACA,145,1,146
250933 MATINHAS,45,-,45
250937 MATO GROSSO,38,-,38
250939 MATUREIA,75,17,92
250940 MOGEIRO,161,2,163
250950 MONTADAS,59,2,61
250960 MONTE HOREBE,66,-,66
250970 MONTEIRO,984,31,1015
250980 MULUNGU,106,-,106
250990 NATUBA,131,-,131
251000 NAZAREZINHO,67,-,67
251010 NOVA FLORESTA,132,10,142
251020 NOVA OLINDA,88,-,88
251030 NOVA PALMEIRA,87,-,87
251040 OLHO D'AGUA,81,-,81
251050 OLIVEDOS,46,-,46
251060 OURO VELHO,45,-,45
251065 PARARI,39,-,39
251070 PASSAGEM,60,-,60
251080 PATOS,2953,580,3533
251090 PAULISTA,165,1,166
251100 PEDRA BRANCA,59,-,59
251110 PEDRA LAVRADA,124,-,124
251120 PEDRAS DE FOGO,350,8,358
251130 PIANCO,548,-,548
251140 PICUI,515,9,524
251150 PILAR,172,-,172
251160 PILOES,58,-,58
251170 PILOEZINHOS,52,2,54
251180 PIRPIRITUBA,89,-,89
251190 PITIMBU,263,1,264
251200 POCINHOS,246,-,246
251203 POCO DANTAS,62,-,62
251207 POCO DE JOSE DE MOURA,85,-,85
251210 POMBAL,575,25,600
251220 PRATA,86,1,87
251230 PRINCESA ISABEL,628,49,677
251240 PUXINANA,112,5,117
251250 QUEIMADAS,617,7,624
251260 QUIXABA,51,-,51
251270 REMIGIO,172,10,182
251272 PEDRO REGIS,69,1,70
251274 RIACHAO,62,-,62
251275 RIACHAO DO BACAMARTE,56,-,56
251276 RIACHAO DO POCO,62,1,63
251278 RIACHO DE SANTO ANTONIO,61,-,61
251280 RIACHO DOS CAVALOS,67,-,67
251290 RIO TINTO,289,3,292
251300 SALGADINHO,52,-,52
251310 SALGADO DE SAO FELIX,158,2,160
251315 SANTA CECILIA,82,-,82
251320 SANTA CRUZ,92,1,93
251330 SANTA HELENA,80,-,80
251335 SANTA INES,53,-,53
251340 SANTA LUZIA,344,4,348
251350 SANTANA DE MANGUEIRA,67,-,67
251360 SANTANA DOS GARROTES,112,8,120
251365 JOCA CLAUDINO,29,-,29
251370 SANTA RITA,1624,59,1683
251380 SANTA TERESINHA,52,19,71
251385 SANTO ANDRE,54,-,54
251390 SAO BENTO,379,114,493
251392 SAO BENTINHO,85,2,87
251394 SAO DOMINGOS DO CARIRI,49,-,49
251396 SAO DOMINGOS,41,-,41
251398 SAO FRANCISCO,63,-,63
251400 SAO JOAO DO CARIRI,75,-,75
251410 SAO JOAO DO TIGRE,71,-,71
251420 SAO JOSE DA LAGOA TAPADA,80,-,80
251430 SAO JOSE DE CAIANA,70,-,70
251440 SAO JOSE DE ESPINHARAS,86,-,86
251445 SAO JOSE DOS RAMOS,88,6,94
251450 SAO JOSE DE PIRANHAS,223,8,231
251455 SAO JOSE DE PRINCESA,41,-,41
251460 SAO JOSE DO BONFIM,41,2,43
251465 SAO JOSE DO BREJO DO CRUZ,20,-,20
251470 SAO JOSE DO SABUGI,102,-,102
251480 SAO JOSE DOS CORDEIROS,40,-,40
251490 SAO MAMEDE,119,4,123
251500 SAO MIGUEL DE TAIPU,101,-,101
251510 SAO SEBASTIAO DE LAGOA DE ROCA,113,-,113
251520 SAO SEBASTIAO DO UMBUZEIRO,36,-,36
251530 SAPE,582,5,587
251540 SAO VICENTE DO SERIDO,117,1,118
251550 SERRA BRANCA,176,4,180
251560 SERRA DA RAIZ,47,-,47
251570 SERRA GRANDE,58,-,58
251580 SERRA REDONDA,80,1,81
251590 SERRARIA,120,-,120
251593 SERTAOZINHO,66,-,66
251597 SOBRADO,89,-,89
251600 SOLANEA,323,12,335
251610 SOLEDADE,212,11,223
251615 SOSSEGO,46,-,46
251620 SOUSA,1018,120,1138
251630 SUME,275,6,281
251640 TACIMA,133,-,133
251650 TAPEROA,359,-,359
251660 TAVARES,163,2,165
251670 TEIXEIRA,237,9,246
251675 TENORIO,55,-,55
251680 TRIUNFO,136,1,137
251690 UIRAUNA,260,3,263
251700 UMBUZEIRO,162,-,162
251710 VARZEA,49,-,49
251720 VIEIROPOLIS,71,-,71
251740 ZABELE,34,-,34
260005 ABREU E LIMA,726,150,876
260010 AFOGADOS DA INGAZEIRA,822,36,858
260020 AFRANIO,251,9,260
260030 AGRESTINA,310,45,355
260040 AGUA PRETA,337,-,337
260050 AGUAS BELAS,385,3,388
260060 ALAGOINHA,220,-,220
260070 ALIANCA,332,-,332
260080 ALTINHO,214,4,218
260090 AMARAJI,184,1,185
260100 ANGELIM,152,1,153
260105 ARACOIABA,279,3,282
260110 ARARIPINA,1005,40,1045
260120 ARCOVERDE,1988,158,2146
260130 BARRA DE GUABIRABA,182,-,182
260140 BARREIROS,577,5,582
260150 BELEM DE MARIA,104,-,104
260160 BELEM DE SAO FRANCISCO,223,3,226
260170 BELO JARDIM,596,81,677
260180 BETANIA,115,-,115
260190 BEZERROS,939,54,993
260200 BODOCO,407,14,421
260210 BOM CONSELHO,463,17,480
260220 BOM JARDIM,312,-,312
260230 BONITO,361,3,364
260240 BREJAO,172,-,172
260250 BREJINHO,140,-,140
260260 BREJO DA MADRE DE DEUS,501,7,508
260270 BUENOS AIRES,129,-,129
260280 BUIQUE,414,13,427
260290 CABO DE SANTO AGOSTINHO,3212,430,3642
260300 CABROBO,424,3,427
260310 CACHOEIRINHA,170,6,176
260320 CAETES,254,1,255
260330 CALCADO,134,-,134
260340 CALUMBI,90,1,91
260345 CAMARAGIBE,1445,670,2115
260350 CAMOCIM DE SAO FELIX,151,2,153
260360 CAMUTANGA,121,-,121
260370 CANHOTINHO,243,4,247
260380 CAPOEIRAS,208,1,209
260390 CARNAIBA,299,-,299
260392 CARNAUBEIRA DA PENHA,205,-,205
260400 CARPINA,1034,163,1197
260410 CARUARU,6706,1918,8624
260415 CASINHAS,158,-,158
260420 CATENDE,303,4,307
260430 CEDRO,231,-,231
260440 CHA DE ALEGRIA,118,-,118
260450 CHA GRANDE,211,4,215
260460 CONDADO,211,2,213
260470 CORRENTES,164,-,164
260480 CORTES,198,3,201
260490 CUMARU,188,1,189
260500 CUPIRA,250,4,254
260510 CUSTODIA,323,17,340
260515 DORMENTES,236,12,248
260520 ESCADA,629,15,644
260530 EXU,302,4,306
260540 FEIRA NOVA,224,1,225
260545 FERNANDO DE NORONHA,135,-,135
260550 FERREIROS,116,-,116
260560 FLORES,192,1,193
260570 FLORESTA,311,6,317
260580 FREI MIGUELINHO,157,-,157
260590 GAMELEIRA,215,1,216
260600 GARANHUNS,2198,221,2419
260610 GLORIA DO GOITA,262,9,271
260620 GOIANA,1581,92,1673
260630 GRANITO,133,2,135
260640 GRAVATA,825,173,998
260650 IATI,201,1,202
260660 IBIMIRIM,324,3,327
260670 IBIRAJUBA,106,1,107
260680 IGARASSU,1464,75,1539
260690 IGUARACY,171,-,171
260700 INAJA,211,-,211
260710 INGAZEIRA,111,-,111
260720 IPOJUCA,1404,119,1523
260730 IPUBI,397,7,404
260740 ITACURUBA,89,-,89
260750 ITAIBA,217,7,224
260760 ILHA DE ITAMARACA,405,2,407
260765 ITAMBE,349,1,350
260770 ITAPETIM,196,-,196
260775 ITAPISSUMA,343,3,346
260780 ITAQUITINGA,153,1,154
260790 JABOATAO DOS GUARARAPES,6010,1523,7533
260795 JAQUEIRA,162,-,162
260800 JATAUBA,247,1,248
260805 JATOBA,255,6,261
260810 JOAO ALFREDO,297,4,301
260820 JOAQUIM NABUCO,109,-,109
260825 JUCATI,117,-,117
260830 JUPI,168,3,171
260840 JUREMA,174,-,174
260845 LAGOA DO CARRO,190,-,190
260850 LAGOA DE ITAENGA,222,2,224
260860 LAGOA DO OURO,188,2,190
260870 LAGOA DOS GATOS,136,1,137
260875 LAGOA GRANDE,298,9,307
260880 LAJEDO,317,22,339
260890 LIMOEIRO,1088,103,1191
260900 MACAPARANA,318,-,318
260910 MACHADOS,160,-,160
260915 MANARI,254,-,254
260920 MARAIAL,102,-,102
260930 MIRANDIBA,187,1,188
260940 MORENO,614,14,628
260950 NAZARE DA MATA,416,2,418
260960 OLINDA,3320,836,4156
260970 OROBO,183,-,183
260980 OROCO,225,1,226
260990 OURICURI,911,16,927
261000 PALMARES,1520,12,1532
261010 PALMEIRINA,86,-,86
261020 PANELAS,268,-,268
261030 PARANATAMA,185,1,186
261040 PARNAMIRIM,257,6,263
261050 PASSIRA,239,-,239
261060 PAUDALHO,540,42,582
261070 PAULISTA,3011,301,3312
261080 PEDRA,212,1,213
261090 PESQUEIRA,673,43,716
261100 PETROLANDIA,358,22,380
261110 PETROLINA,6062,1442,7504
261120 POCAO,132,-,132
261130 POMBOS,198,2,200
261140 PRIMAVERA,122,-,122
261150 QUIPAPA,201,2,203
261153 QUIXABA,134,-,134
261160 RECIFE,42213,11264,53477
261170 RIACHO DAS ALMAS,256,-,256
261180 RIBEIRAO,340,6,346
261190 RIO FORMOSO,208,1,209
261200 SAIRE,126,6,132
261210 SALGADINHO,100,-,100
261220 SALGUEIRO,1238,96,1334
261230 SALOA,167,2,169
261240 SANHARO,224,-,224
261245 SANTA CRUZ,180,-,180
261247 SANTA CRUZ DA BAIXA VERDE,133,1,134
261250 SANTA CRUZ DO CAPIBARIBE,800,115,915
261255 SANTA FILOMENA,122,-,122
261260 SANTA MARIA DA BOA VISTA,363,6,369
261270 SANTA MARIA DO CAMBUCA,129,-,129
261280 SANTA TEREZINHA,169,-,169
261290 SAO BENEDITO DO SUL,107,-,107
261300 SAO BENTO DO UNA,414,75,489
261310 SAO CAITANO,264,7,271
261320 SAO JOAO,232,2,234
261330 SAO JOAQUIM DO MONTE,221,8,229
261340 SAO JOSE DA COROA GRANDE,199,1,200
261350 SAO JOSE DO BELMONTE,367,9,376
261360 SAO JOSE DO EGITO,412,2,414
261370 SAO LOURENCO DA MATA,839,32,871
261380 SAO VICENTE FERRER,181,-,181
261390 SERRA TALHADA,1888,122,2010
261400 SERRITA,216,1,217
261410 SERTANIA,438,13,451
261420 SIRINHAEM,290,-,290
261430 MOREILANDIA,144,-,144
261440 SOLIDAO,97,3,100
261450 SURUBIM,621,17,638
261460 TABIRA,317,11,328
261470 TACAIMBO,103,-,103
261480 TACARATU,245,10,255
261485 TAMANDARE,245,2,247
261500 TAQUARITINGA DO NORTE,233,2,235
261510 TEREZINHA,104,-,104
261520 TERRA NOVA,110,-,110
261530 TIMBAUBA,507,44,551
261540 TORITAMA,275,5,280
261550 TRACUNHAEM,123,-,123
261560 TRINDADE,276,16,292
261570 TRIUNFO,133,3,136
261580 TUPANATINGA,236,1,237
261590 TUPARETAMA,113,-,113
261600 VENTUROSA,176,11,187
261610 VERDEJANTE,103,-,103
261618 VERTENTE DO LERIO,97,-,97
261620 VERTENTES,187,9,196
261630 VICENCIA,273,-,273
261640 VITORIA DE SANTO ANTAO,1667,298,1965
261650 XEXEU,163,-,163
270010 AGUA BRANCA,305,-,305
270020 ANADIA,200,-,200
270030 ARAPIRACA,4423,418,4841
270040 ATALAIA,490,9,499
270050 BARRA DE SANTO ANTONIO,227,1,228
270060 BARRA DE SAO MIGUEL,142,6,148
270070 BATALHA,244,2,246
270080 BELEM,83,-,83
270090 BELO MONTE,82,1,83
270100 BOCA DA MATA,279,34,313
270110 BRANQUINHA,171,-,171
270120 CACIMBINHAS,143,1,144
270130 CAJUEIRO,236,1,237
270135 CAMPESTRE,97,-,97
270140 CAMPO ALEGRE,507,-,507
270150 CAMPO GRANDE,120,-,120
270160 CANAPI,302,-,302
270170 CAPELA,317,-,317
270180 CARNEIROS,119,-,119
270190 CHA PRETA,102,1,103
270200 COITE DO NOIA,154,-,154
270210 COLONIA LEOPOLDINA,234,4,238
270220 COQUEIRO SECO,107,-,107
270230 CORURIPE,1140,11,1151
270235 CRAIBAS,287,-,287
270240 DELMIRO GOUVEIA,1341,36,1377
270250 DOIS RIACHOS,140,1,141
270255 ESTRELA DE ALAGOAS,184,15,199
270260 FEIRA GRANDE,235,5,240
270270 FELIZ DESERTO,71,-,71
270280 FLEXEIRAS,154,1,155
270290 GIRAU DO PONCIANO,393,-,393
270300 IBATEGUARA,181,-,181
270310 IGACI,248,-,248
270320 IGREJA NOVA,214,3,217
270330 INHAPI,261,1,262
270340 JACARE DOS HOMENS,87,-,87
270350 JACUIPE,71,-,71
270360 JAPARATINGA,101,-,101
270370 JARAMATAIA,78,-,78
270375 JEQUIA DA PRAIA,168,-,168
270380 JOAQUIM GOMES,280,-,280
270390 JUNDIA,68,-,68
270400 JUNQUEIRO,411,5,416
270410 LAGOA DA CANOA,220,-,220
270420 LIMOEIRO DE ANADIA,425,-,425
270430 MACEIO,20246,4201,24447
270440 MAJOR ISIDORO,277,-,277
270450 MARAGOGI,393,11,404
270460 MARAVILHA,119,-,119
270470 MARECHAL DEODORO,644,21,665
270480 MARIBONDO,180,3,183
270490 MAR VERMELHO,44,-,44
270500 MATA GRANDE,357,4,361
270510 MATRIZ DE CAMARAGIBE,340,3,343
270520 MESSIAS,181,4,185
270530 MINADOR DO NEGRAO,75,-,75
270540 MONTEIROPOLIS,85,-,85
270550 MURICI,276,2,278
270560 NOVO LINO,177,-,177
270570 OLHO D'AGUA DAS FLORES,206,2,208
270580 OLHO D'AGUA DO CASADO,90,1,91
270590 OLHO D'AGUA GRANDE,60,-,60
270600 OLIVENCA,110,2,112
270610 OURO BRANCO,237,1,238
270620 PALESTINA,77,-,77
270630 PALMEIRA DOS INDIOS,1120,61,1181
270640 PAO DE ACUCAR,316,4,320
270642 PARICONHA,170,-,170
270644 PARIPUEIRA,203,7,210
270650 PASSO DE CAMARAGIBE,195,2,197
270660 PAULO JACINTO,103,-,103
270670 PENEDO,968,45,1013
270680 PIACABUCU,271,1,272
270690 PILAR,482,4,486
270700 PINDOBA,57,-,57
270710 PIRANHAS,335,9,344
270720 POCO DAS TRINCHEIRAS,107,1,108
270730 PORTO CALVO,955,1,956
270740 PORTO DE PEDRAS,135,-,135
270750 PORTO REAL DO COLEGIO,243,3,246
270760 QUEBRANGULO,155,2,157
270770 RIO LARGO,766,39,805
270780 ROTEIRO,87,-,87
270790 SANTA LUZIA DO NORTE,101,-,101
270800 SANTANA DO IPANEMA,931,28,959
270810 SANTANA DO MUNDAU,156,3,159
270820 SAO BRAS,105,-,105
270830 SAO JOSE DA LAJE,402,-,402
270840 SAO JOSE DA TAPERA,412,-,412
270850 SAO LUIS DO QUITUNDE,342,-,342
270860 SAO MIGUEL DOS CAMPOS,1153,36,1189
270870 SAO MIGUEL DOS MILAGRES,109,-,109
270880 SAO SEBASTIAO,393,7,400
270890 SATUBA,197,3,200
270895 SENADOR RUI PALMEIRA,132,-,132
270900 TANQUE D'ARCA,71,-,71
270910 TAQUARANA,262,-,262
270915 TEOTONIO VILELA,466,10,476
270920 TRAIPU,270,-,270
270930 UNIAO DOS PALMARES,1216,21,1237
270940 VICOSA,300,11,311
280010 AMPARO DE SAO FRANCISCO,49,-,49
280020 AQUIDABA,238,18,256
280030 ARACAJU,17042,5468,22510
280040 ARAUA,150,-,150
280050 AREIA BRANCA,229,3,232
280060 BARRA DOS COQUEIROS,568,28,596
280067 BOQUIM,329,4,333
280070 BREJO GRANDE,125,-,125
280100 CAMPO DO BRITO,233,9,242
280110 CANHOBA,79,-,79
280120 CANINDE DE SAO FRANCISCO,489,3,492
280130 CAPELA,581,2,583
280140 CARIRA,232,4,236
280150 CARMOPOLIS,266,8,274
280160 CEDRO DE SAO JOAO,118,-,118
280170 CRISTINAPOLIS,276,-,276
280190 CUMBE,59,-,59
280200 DIVINA PASTORA,124,-,124
280210 ESTANCIA,1235,65,1300
280220 FEIRA NOVA,63,-,63
280230 FREI PAULO,161,-,161
280240 GARARU,108,2,110
280250 GENERAL MAYNARD,78,1,79
280260 GRACHO CARDOSO,76,-,76
280270 ILHA DAS FLORES,95,1,96
280280 INDIAROBA,214,2,216
280290 ITABAIANA,1516,188,1704
280300 ITABAIANINHA,344,4,348
280310 ITABI,68,3,71
280320 ITAPORANGA D'AJUDA,374,43,417
280330 JAPARATUBA,232,2,234
280340 JAPOATA,146,-,146
280350 LAGARTO,2161,45,2206
280360 LARANJEIRAS,263,-,263
280370 MACAMBIRA,104,-,104
280380 MALHADA DOS BOIS,53,-,53
280390 MALHADOR,98,-,98
280400 MARUIM,134,1,135
280410 MOITA BONITA,129,-,129
280420 MONTE ALEGRE DE SERGIPE,171,-,171
280430 MURIBECA,91,-,91
280440 NEOPOLIS,344,11,355
280445 NOSSA SENHORA APARECIDA,97,-,97
280450 NOSSA SENHORA DA GLORIA,593,32,625
280460 NOSSA SENHORA DAS DORES,377,8,385
280470 NOSSA SENHORA DE LOURDES,56,-,56
280480 NOSSA SENHORA DO SOCORRO,1881,84,1965
280490 PACATUBA,170,-,170
280500 PEDRA MOLE,59,-,59
280510 PEDRINHAS,87,-,87
280520 PINHAO,93,-,93
280530 PIRAMBU,77,1,78
280540 POCO REDONDO,260,-,260
280550 POCO VERDE,252,3,255
280560 PORTO DA FOLHA,327,1,328
280570 PROPRIA,659,42,701
280580 RIACHAO DO DANTAS,193,-,193
280590 RIACHUELO,131,-,131
280600 RIBEIROPOLIS,213,11,224
280610 ROSARIO DO CATETE,154,3,157
280620 SALGADO,203,-,203
280630 SANTA LUZIA DO ITANHY,143,2,145
280640 SANTANA DO SAO FRANCISCO,113,-,113
280650 SANTA ROSA DE LIMA,53,-,53
280660 SANTO AMARO DAS BROTAS,168,-,168
280670 SAO CRISTOVAO,689,65,754
280680 SAO DOMINGOS,128,-,128
280690 SAO FRANCISCO,87,-,87
280700 SAO MIGUEL DO ALEIXO,48,-,48
280710 SIMAO DIAS,523,16,539
280720 SIRIRI,106,2,108
280730 TELHA,46,-,46
280740 TOBIAS BARRETO,550,17,567
280750 TOMAR DO GERU,145,-,145
280760 UMBAUBA,228,2,230
290010 ABAIRA,135,1,136
290020 ABARE,264,2,266
290030 ACAJUTIBA,175,3,178
290035 ADUSTINA,209,16,225
290040 AGUA FRIA,166,-,166
290050 ERICO CARDOSO,184,12,196
290060 AIQUARA,84,-,84
290070 ALAGOINHAS,2203,1155,3358
290080 ALCOBACA,317,6,323
290090 ALMADINA,75,-,75
290100 AMARGOSA,542,134,676
290110 AMELIA RODRIGUES,314,4,318
290115 AMERICA DOURADA,219,-,219
290120 ANAGE,240,1,241
290130 ANDARAI,172,4,176
290135 ANDORINHA,171,4,175
290140 ANGICAL,187,13,200
290150 ANGUERA,137,-,137
290160 ANTAS,264,7,271
290170 ANTONIO CARDOSO,152,-,152
290180 ANTONIO GONCALVES,155,-,155
290190 APORA,208,-,208
290195 APUAREMA,110,-,110
290200 ARACATU,244,46,290
290205 ARACAS,147,7,154
290210 ARACI,542,9,551
290220 ARAMARI,101,2,103
290225 ARATACA,96,-,96
290230 ARATUIPE,101,-,101
290240 AURELINO LEAL,183,-,183
290250 BAIANOPOLIS,171,2,173
290260 BAIXA GRANDE,186,9,195
290265 BANZAE,174,2,176
290270 BARRA,498,2,500
290280 BARRA DA ESTIVA,248,12,260
290290 BARRA DO CHOCA,509,18,527
290300 BARRA DO MENDES,249,4,253
290310 BARRA DO ROCHA,114,-,114
290320 BARREIRAS,3401,304,3705
290323 BARRO ALTO,156,-,156
290327 BARROCAS,211,6,217
290330 BARRO PRETO,115,2,117
290340 BELMONTE,216,7,223
290350 BELO CAMPO,302,3,305
290360 BIRITINGA,207,1,208
290370 BOA NOVA,142,-,142
290380 BOA VISTA DO TUPIM,258,-,258
290390 BOM JESUS DA LAPA,1220,75,1295
290395 BOM JESUS DA SERRA,117,2,119
290400 BONINAL,144,-,144
290405 BONITO,269,2,271
290410 BOQUIRA,342,23,365
290420 BOTUPORA,229,20,249
290430 BREJOES,189,6,195
290440 BREJOLANDIA,154,-,154
290450 BROTAS DE MACAUBAS,158,13,171
290460 BRUMADO,1001,153,1154
290470 BUERAREMA,186,-,186
290475 BURITIRAMA,257,1,258
290480 CAATIBA,138,1,139
290485 CABACEIRAS DO PARAGUACU,245,1,246
290490 CACHOEIRA,398,50,448
290500 CACULE,260,82,342
290510 CAEM,124,-,124
290515 CAETANOS,129,4,133
290520 CAETITE,1026,135,1161
290530 CAFARNAUM,219,5,224
290540 CAIRU,246,-,246
290550 CALDEIRAO GRANDE,130,-,130
290560 CAMACAN,416,18,434
290570 CAMACARI,4240,2080,6320
290580 CAMAMU,279,15,294
290590 CAMPO ALEGRE DE LOURDES,326,8,334
290600 CAMPO FORMOSO,872,56,928
290610 CANAPOLIS,131,-,131
290620 CANARANA,254,18,272
290630 CANAVIEIRAS,323,28,351
290640 CANDEAL,112,2,114
290650 CANDEIAS,837,187,1024
290660 CANDIBA,127,9,136
290670 CANDIDO SALES,335,1,336
290680 CANSANCAO,356,23,379
290682 CANUDOS,208,-,208
290685 CAPELA DO ALTO ALEGRE,118,10,128
290687 CAPIM GROSSO,411,46,457
290689 CARAIBAS,102,-,102
290690 CARAVELAS,286,5,291
290700 CARDEAL DA SILVA,144,4,148
290710 CARINHANHA,272,11,283
290720 CASA NOVA,585,12,597
290730 CASTRO ALVES,417,44,461
290740 CATOLANDIA,64,-,64
290750 CATU,624,286,910
290755 CATURAMA,152,4,156
290760 CENTRAL,176,-,176
290770 CHORROCHO,182,3,185
290780 CICERO DANTAS,372,25,397
290790 CIPO,159,8,167
290800 COARACI,266,5,271
290810 COCOS,218,-,218
290820 CONCEICAO DA FEIRA,240,35,275
290830 CONCEICAO DO ALMEIDA,333,14,347
290840 CONCEICAO DO COITE,689,135,824
290850 CONCEICAO DO JACUIPE,557,50,607
290860 CONDE,251,10,261
290870 CONDEUBA,284,15,299
290880 CONTENDAS DO SINCORA,94,-,94
290890 CORACAO DE MARIA,262,2,264
290900 CORDEIROS,134,7,141
290910 CORIBE,247,5,252
290920 CORONEL JOAO SA,176,-,176
290930 CORRENTINA,391,18,409
290940 COTEGIPE,135,-,135
290950 CRAVOLANDIA,78,-,78
290960 CRISOPOLIS,251,-,251
290970 CRISTOPOLIS,202,1,203
290980 CRUZ DAS ALMAS,800,212,1012
290990 CURACA,411,5,416
291000 DARIO MEIRA,154,-,154
291005 DIAS D'AVILA,671,227,898
291010 DOM BASILIO,224,6,230
291020 DOM MACEDO COSTA,58,-,58
291030 ELISIO MEDRADO,113,-,113
291040 ENCRUZILHADA,284,3,287
291050 ENTRE RIOS,458,38,496
291060 ESPLANADA,481,23,504
291070 EUCLIDES DA CUNHA,671,70,741
291072 EUNAPOLIS,1399,458,1857
291075 FATIMA,232,-,232
291077 FEIRA DA MATA,80,-,80
291080 FEIRA DE SANTANA,10138,1321,11459
291085 FILADELFIA,261,2,263
291090 FIRMINO ALVES,73,-,73
291100 FLORESTA AZUL,119,1,120
291110 FORMOSA DO RIO PRETO,399,1,400
291120 GANDU,477,221,698
291125 GAVIAO,63,-,63
291130 GENTIO DO OURO,171,4,175
291140 GLORIA,183,-,183
291150 GONGOGI,170,-,170
291160 GOVERNADOR MANGABEIRA,254,83,337
291165 GUAJERU,195,26,221
291170 GUANAMBI,1906,311,2217
291180 GUARATINGA,184,1,185
291185 HELIOPOLIS,126,-,126
291190 IACU,290,6,296
291200 IBIASSUCE,154,8,162
291210 IBICARAI,360,20,380
291220 IBICOARA,267,16,283
291230 IBICUI,208,9,217
291240 IBIPEBA,240,8,248
291250 IBIPITANGA,228,38,266
291260 IBIQUERA,66,-,66
291270 IBIRAPITANGA,289,2,291
291280 IBIRAPUA,189,6,195
291290 IBIRATAIA,278,8,286
291300 IBITIARA,173,6,179
291310 IBITITA,180,3,183
291320 IBOTIRAMA,577,41,618
291330 ICHU,84,2,86
291340 IGAPORA,220,8,228
291345 IGRAPIUNA,197,3,200
291350 IGUAI,231,-,231
291360 ILHEUS,3411,506,3917
291370 INHAMBUPE,336,12,348
291380 IPECAETA,142,-,142
291390 IPIAU,599,120,719
291400 IPIRA,439,42,481
291410 IPUPIARA,117,2,119
291420 IRAJUBA,96,-,96
291430 IRAMAIA,122,1,123
291440 IRAQUARA,270,7,277
291450 IRARA,345,39,384
291460 IRECE,1949,121,2070
291465 ITABELA,296,18,314
291470 ITABERABA,1197,143,1340
291480 ITABUNA,4077,825,4902
291490 ITACARE,321,24,345
291500 ITAETE,165,2,167
291510 ITAGI,175,4,179
291520 ITAGIBA,118,4,122
291530 ITAGIMIRIM,93,-,93
291535 ITAGUACU DA BAHIA,266,-,266
291540 ITAJU DO COLONIA,79,-,79
291550 ITAJUIPE,194,47,241
291560 ITAMARAJU,585,70,655
291570 ITAMARI,92,-,92
291580 ITAMBE,286,28,314
291590 ITANAGRA,123,-,123
291600 ITANHEM,246,15,261
291610 ITAPARICA,357,31,388
291620 ITAPE,110,9,119
291630 ITAPEBI,108,1,109
291640 ITAPETINGA,959,143,1102
291650 ITAPICURU,469,-,469
291660 ITAPITANGA,99,-,99
291670 ITAQUARA,93,3,96
291680 ITARANTIM,264,3,267
291685 ITATIM,175,3,178
291690 ITIRUCU,123,1,124
291700 ITIUBA,328,15,343
291710 ITORORO,219,5,224
291720 ITUACU,233,9,242
291730 ITUBERA,244,103,347
291733 IUIU,146,3,149
291735 JABORANDI,151,2,153
291740 JACARACI,235,6,241
291750 JACOBINA,1305,313,1618
291760 JAGUAQUARA,569,51,620
291770 JAGUARARI,480,60,540
291780 JAGUARIPE,145,-,145
291790 JANDAIRA,114,-,114
291800 JEQUIE,3448,350,3798
291810 JEREMOABO,494,33,527
291820 JIQUIRICA,173,4,177
291830 JITAUNA,166,6,172
291835 JOAO DOURADO,214,12,226
291840 JUAZEIRO,3747,445,4192
291845 JUCURUCU,95,-,95
291850 JUSSARA,164,1,165
291855 JUSSARI,95,-,95
291860 JUSSIAPE,130,8,138
291870 LAFAIETE COUTINHO,67,-,67
291875 LAGOA REAL,145,-,145
291880 LAJE,429,20,449
291890 LAJEDAO,80,1,81
291900 LAJEDINHO,41,-,41
291905 LAJEDO DO TABOCAL,84,-,84
291910 LAMARAO,110,-,110
291915 LAPAO,264,6,270
291920 LAURO DE FREITAS,3423,927,4350
291930 LENCOIS,142,-,142
291940 LICINIO DE ALMEIDA,126,5,131
291950 LIVRAMENTO DE NOSSA SENHORA,515,99,614
291955 LUIS EDUARDO MAGALHAES,1027,282,1309
291960 MACAJUBA,183,2,185
291970 MACARANI,196,12,208
291980 MACAUBAS,692,71,763
291990 MACURURE,153,-,153
291992 MADRE DE DEUS,464,27,491
291995 MAETINGA,153,-,153
292000 MAIQUINIQUE,132,4,136
292010 MAIRI,350,1,351
292020 MALHADA,178,4,182
292030 MALHADA DE PEDRAS,90,-,90
292040 MANOEL VITORINO,149,-,149
292045 MANSIDAO,130,-,130
292050 MARACAS,333,101,434
292060 MARAGOGIPE,401,18,419
292070 MARAU,180,-,180
292080 MARCIONILIO SOUZA,136,3,139
292090 MASCOTE,169,-,169
292100 MATA DE SAO JOAO,455,86,541
292105 MATINA,139,26,165
292110 MEDEIROS NETO,292,15,307
292120 MIGUEL CALMON,348,22,370
292130 MILAGRES,147,1,148
292140 MIRANGABA,154,2,156
292145 MIRANTE,138,2,140
292150 MONTE SANTO,444,5,449
292160 MORPARA,131,-,131
292170 MORRO DO CHAPEU,500,5,505
292180 MORTUGABA,145,17,162
292190 MUCUGE,258,8,266
292200 MUCURI,517,84,601
292205 MULUNGU DO MORRO,193,2,195
292210 MUNDO NOVO,234,3,237
292220 MUNIZ FERREIRA,116,-,116
292225 MUQUEM DE SAO FRANCISCO,110,-,110
292230 MURITIBA,305,26,331
292240 MUTUIPE,279,19,298
292250 NAZARE,375,72,447
292260 NILO PECANHA,110,-,110
292265 NORDESTINA,239,-,239
292270 NOVA CANAA,210,2,212
292273 NOVA FATIMA,72,11,83
292275 NOVA IBIA,81,2,83
292280 NOVA ITARANA,123,-,123
292285 NOVA REDENCAO,115,-,115
292290 NOVA SOURE,257,5,262
292300 NOVA VICOSA,340,18,358
292303 NOVO HORIZONTE,138,2,140
292305 NOVO TRIUNFO,165,7,172
292310 OLINDINA,237,10,247
292320 OLIVEIRA DOS BREJINHOS,327,11,338
292330 OURICANGAS,114,-,114
292335 OUROLANDIA,212,16,228
292340 PALMAS DE MONTE ALTO,184,8,192
292350 PALMEIRAS,106,8,114
292360 PARAMIRIM,454,90,544
292370 PARATINGA,309,3,312
292380 PARIPIRANGA,231,61,292
292390 PAU BRASIL,153,-,153
292400 PAULO AFONSO,1592,465,2057
292405 PE DE SERRA,195,4,199
292410 PEDRAO,91,5,96
292420 PEDRO ALEXANDRE,163,3,166
292430 PIATA,314,14,328
292440 PILAO ARCADO,275,8,283
292450 PINDAI,154,5,159
292460 PINDOBACU,322,4,326
292465 PINTADAS,132,3,135
292467 PIRAI DO NORTE,127,-,127
292470 PIRIPA,150,9,159
292480 PIRITIBA,223,10,233
292490 PLANALTINO,144,1,145
292500 PLANALTO,288,32,320
292510 POCOES,490,103,593
292520 POJUCA,430,57,487
292525 PONTO NOVO,243,1,244
292530 PORTO SEGURO,2204,726,2930
292540 POTIRAGUA,91,-,91
292550 PRADO,428,15,443
292560 PRESIDENTE DUTRA,174,1,175
292570 PRESIDENTE JANIO QUADROS,170,5,175
292575 PRESIDENTE TANCREDO NEVES,246,37,283
292580 QUEIMADAS,226,6,232
292590 QUIJINGUE,219,-,219
292593 QUIXABEIRA,98,7,105
292595 RAFAEL JAMBEIRO,271,-,271
292600 REMANSO,592,29,621
292610 RETIROLANDIA,179,4,183
292620 RIACHAO DAS NEVES,221,-,221
292630 RIACHAO DO JACUIPE,317,31,348
292640 RIACHO DE SANTANA,329,13,342
292650 RIBEIRA DO AMPARO,123,-,123
292660 RIBEIRA DO POMBAL,1093,100,1193
292665 RIBEIRAO DO LARGO,100,-,100
292670 RIO DE CONTAS,204,2,206
292680 RIO DO ANTONIO,172,1,173
292690 RIO DO PIRES,177,2,179
292700 RIO REAL,413,16,429
292710 RODELAS,227,7,234
292720 RUY BARBOSA,460,20,480
292730 SALINAS DA MARGARIDA,135,8,143
292740 SALVADOR,53428,10383,63811
292750 SANTA BARBARA,191,18,209
292760 SANTA BRIGIDA,203,3,206
292770 SANTA CRUZ CABRALIA,339,14,353
292780 SANTA CRUZ DA VITORIA,79,-,79
292790 SANTA INES,165,1,166
292800 SANTALUZ,458,45,503
292805 SANTA LUZIA,128,-,128
292810 SANTA MARIA DA VITORIA,598,55,653
292820 SANTANA,236,1,237
292830 SANTANOPOLIS,116,-,116
292840 SANTA RITA DE CASSIA,313,-,313
292850 SANTA TERESINHA,194,-,194
292860 SANTO AMARO,525,47,572
292870 SANTO ANTONIO DE JESUS,2309,968,3277
292880 SANTO ESTEVAO,470,100,570
292890 SAO DESIDERIO,399,20,419
292895 SAO DOMINGOS,128,3,131
292900 SAO FELIX,233,-,233
292905 SAO FELIX DO CORIBE,191,2,193
292910 SAO FELIPE,277,27,304
292920 SAO FRANCISCO DO CONDE,980,24,1004
292925 SAO GABRIEL,171,2,173
292930 SAO GONCALO DOS CAMPOS,273,15,288
292935 SAO JOSE DA VITORIA,86,-,86
292937 SAO JOSE DO JACUIPE,96,-,96
292940 SAO MIGUEL DAS MATAS,137,2,139
292950 SAO SEBASTIAO DO PASSE,424,42,466
292960 SAPEACU,368,4,372
292970 SATIRO DIAS,180,1,181
292975 SAUBARA,151,-,151
292980 SAUDE,119,1,120
292990 SEABRA,793,148,941
293000 SEBASTIAO LARANJEIRAS,183,2,185
293010 SENHOR DO BONFIM,974,248,1222
293015 SERRA DO RAMALHO,288,10,298
293020 SENTO SE,323,1,324
293030 SERRA DOURADA,293,14,307
293040 SERRA PRETA,138,1,139
293050 SERRINHA,951,267,1218
293060 SERROLANDIA,178,9,187
293070 SIMOES FILHO,1113,109,1222
293075 SITIO DO MATO,109,-,109
293076 SITIO DO QUINTO,102,2,104
293077 SOBRADINHO,240,6,246
293080 SOUTO SOARES,164,-,164
293090 TABOCAS DO BREJO VELHO,165,-,165
293100 TANHACU,266,3,269
293105 TANQUE NOVO,282,15,297
293110 TANQUINHO,79,-,79
293120 TAPEROA,170,-,170
293130 TAPIRAMUTA,218,3,221
293135 TEIXEIRA DE FREITAS,2084,391,2475
293140 TEODORO SAMPAIO,135,11,146
293150 TEOFILANDIA,227,18,245
293160 TEOLANDIA,172,5,177
293170 TERRA NOVA,156,2,158
293180 TREMEDAL,218,9,227
293190 TUCANO,529,11,540
293200 UAUA,324,26,350
293210 UBAIRA,187,4,191
293220 UBAITABA,216,8,224
293230 UBATA,168,17,185
293240 UIBAI,124,1,125
293245 UMBURANAS,159,-,159
293250 UNA,288,13,301
293260 URANDI,177,12,189
293270 URUCUCA,187,4,191
293280 UTINGA,217,6,223
293290 VALENCA,1005,214,1219
293300 VALENTE,260,10,270
293305 VARZEA DA ROCA,153,-,153
293310 VARZEA DO POCO,71,-,71
293315 VARZEA NOVA,144,14,158
293317 VARZEDO,88,-,88
293320 VERA CRUZ,297,10,307
293325 VEREDA,97,1,98
293330 VITORIA DA CONQUISTA,6016,1817,7833
293340 WAGNER,114,3,117
293345 WANDERLEY,151,6,157
293350 WENCESLAU GUIMARAES,231,14,245
293360 XIQUE-XIQUE,483,23,506
310010 ABADIA DOS DOURADOS,86,7,93
310020 ABAETE,360,58,418
310030 ABRE CAMPO,221,28,249
310040 ACAIACA,75,4,79
310050 ACUCENA,140,-,140
310060 AGUA BOA,161,18,179
310070 AGUA COMPRIDA,53,-,53
310080 AGUANIL,60,2,62
310090 AGUAS FORMOSAS,366,28,394
310100 AGUAS VERMELHAS,210,6,216
310110 AIMORES,393,24,417
310120 AIURUOCA,207,6,213
310130 ALAGOA,74,1,75
310140 ALBERTINA,76,-,76
310150 ALEM PARAIBA,605,105,710
310160 ALFENAS,2151,385,2536
310163 ALFREDO VASCONCELOS,82,3,85
310170 ALMENARA,605,38,643
310180 ALPERCATA,66,2,68
310190 ALPINOPOLIS,300,70,370
310200 ALTEROSA,179,82,261
310205 ALTO CAPARAO,88,6,94
310210 ALTO RIO DOCE,153,63,216
310220 ALVARENGA,103,3,106
310230 ALVINOPOLIS,212,21,233
310240 ALVORADA DE MINAS,98,3,101
310250 AMPARO DO SERRA,65,2,67
310260 ANDRADAS,471,163,634
310270 CACHOEIRA DE PAJEU,153,2,155
310280 ANDRELANDIA,168,83,251
310285 ANGELANDIA,105,3,108
310290 ANTONIO CARLOS,233,24,257
310300 ANTONIO DIAS,149,4,153
310310 ANTONIO PRADO DE MINAS,57,-,57
310320 ARACAI,72,-,72
310330 ARACITABA,55,-,55
310340 ARACUAI,542,40,582
310350 ARAGUARI,2535,769,3304
310360 ARANTINA,72,17,89
310370 ARAPONGA,127,2,129
310375 ARAPORA,218,8,226
310380 ARAPUA,63,-,63
310390 ARAUJOS,89,2,91
310400 ARAXA,1688,574,2262
310410 ARCEBURGO,143,9,152
310420 ARCOS,514,121,635
310430 AREADO,187,63,250
310440 ARGIRITA,49,-,49
310445 ARICANDUVA,72,7,79
310450 ARINOS,358,76,434
310460 ASTOLFO DUTRA,154,31,185
310470 ATALEIA,157,4,161
310480 AUGUSTO DE LIMA,81,-,81
310490 BAEPENDI,430,39,469
310500 BALDIM,118,13,131
310510 BAMBUI,424,205,629
310520 BANDEIRA,61,13,74
310530 BANDEIRA DO SUL,65,7,72
310540 BARAO DE COCAIS,492,369,861
310550 BARAO DE MONTE ALTO,81,1,82
310560 BARBACENA,3731,1036,4767
310570 BARRA LONGA,80,-,80
310590 BARROSO,437,41,478
310600 BELA VISTA DE MINAS,118,38,156
310610 BELMIRO BRAGA,90,2,92
310620 BELO HORIZONTE,63561,33516,97077
310630 BELO ORIENTE,466,95,561
310640 BELO VALE,189,1,190
310650 BERILO,148,9,157
310660 BERTOPOLIS,98,-,98
310665 BERIZAL,68,2,70
310670 BETIM,6512,3359,9871
310680 BIAS FORTES,70,-,70
310690 BICAS,221,64,285
310700 BIQUINHAS,55,-,55
310710 BOA ESPERANCA,539,87,626
310720 BOCAINA DE MINAS,95,13,108
310730 BOCAIUVA,640,47,687
310740 BOM DESPACHO,769,146,915
310750 BOM JARDIM DE MINAS,161,30,191
310760 BOM JESUS DA PENHA,80,-,80
310770 BOM JESUS DO AMPARO,50,1,51
310780 BOM JESUS DO GALHO,192,4,196
310790 BOM REPOUSO,109,11,120
310800 BOM SUCESSO,210,13,223
310810 BONFIM,85,14,99
310820 BONFINOPOLIS DE MINAS,113,7,120
310825 BONITO DE MINAS,196,2,198
310830 BORDA DA MATA,170,29,199
310840 BOTELHOS,198,20,218
310850 BOTUMIRIM,68,-,68
310855 BRASILANDIA DE MINAS,240,26,266
310860 BRASILIA DE MINAS,729,158,887
310870 BRAS PIRES,69,5,74
310880 BRAUNAS,57,-,57
310890 BRAZOPOLIS,156,30,186
310900 BRUMADINHO,1247,117,1364
310910 BUENO BRANDAO,135,29,164
310920 BUENOPOLIS,131,1,132
310925 BUGRE,72,1,73
310930 BURITIS,357,31,388
310940 BURITIZEIRO,405,13,418
310945 CABECEIRA GRANDE,116,15,131
310950 CABO VERDE,164,9,173
310960 CACHOEIRA DA PRATA,67,2,69
310970 CACHOEIRA DE MINAS,148,18,166
310980 CACHOEIRA DOURADA,72,-,72
310990 CAETANOPOLIS,214,67,281
311000 CAETE,394,55,449
311010 CAIANA,94,1,95
311020 CAJURI,71,3,74
311030 CALDAS,217,18,235
311040 CAMACHO,59,2,61
311050 CAMANDUCAIA,242,36,278
311060 CAMBUI,356,84,440
311070 CAMBUQUIRA,183,17,200
311080 CAMPANARIO,80,-,80
311090 CAMPANHA,228,70,298
311100 CAMPESTRE,279,52,331
311110 CAMPINA VERDE,350,79,429
311115 CAMPO AZUL,80,3,83
311120 CAMPO BELO,1185,188,1373
311130 CAMPO DO MEIO,174,4,178
311140 CAMPO FLORIDO,109,5,114
311150 CAMPOS ALTOS,189,8,197
311160 CAMPOS GERAIS,372,12,384
311170 CANAA,93,9,102
311180 CANAPOLIS,158,55,213
311190 CANA VERDE,69,3,72
311200 CANDEIAS,187,71,258
311205 CANTAGALO,66,-,66
311210 CAPARAO,66,2,68
311220 CAPELA NOVA,81,5,86
311230 CAPELINHA,531,111,642
311240 CAPETINGA,78,3,81
311250 CAPIM BRANCO,102,4,106
311260 CAPINOPOLIS,188,12,200
311265 CAPITAO ANDRADE,107,-,107
311270 CAPITAO ENEAS,197,10,207
311280 CAPITOLIO,171,14,185
311290 CAPUTIRA,96,3,99
311300 CARAI,185,8,193
311310 CARANAIBA,46,3,49
311320 CARANDAI,431,127,558
311330 CARANGOLA,1011,79,1090
311340 CARATINGA,1325,317,1642
311350 CARBONITA,115,15,130
311360 CAREACU,80,37,117
311370 CARLOS CHAGAS,224,15,239
311380 CARMESIA,65,-,65
311390 CARMO DA CACHOEIRA,137,5,142
311400 CARMO DA MATA,139,13,152
311410 CARMO DE MINAS,181,22,203
311420 CARMO DO CAJURU,209,15,224
311430 CARMO DO PARANAIBA,513,182,695
311440 CARMO DO RIO CLARO,245,47,292
311450 CARMOPOLIS DE MINAS,195,75,270
311455 CARNEIRINHO,168,10,178
311460 CARRANCAS,79,1,80
311470 CARVALHOPOLIS,59,3,62
311480 CARVALHOS,72,7,79
311490 CASA GRANDE,35,-,35
311500 CASCALHO RICO,80,-,80
311510 CASSIA,292,19,311
311520 CONCEICAO DA BARRA DE MINAS,80,1,81
311530 CATAGUASES,957,318,1275
311535 CATAS ALTAS,68,6,74
311540 CATAS ALTAS DA NORUEGA,40,-,40
311545 CATUJI,89,1,90
311547 CATUTI,81,-,81
311550 CAXAMBU,307,179,486
311560 CEDRO DO ABAETE,38,2,40
311570 CENTRAL DE MINAS,87,4,91
311580 CENTRALINA,150,2,152
311590 CHACARA,53,1,54
311600 CHALE,86,4,90
311610 CHAPADA DO NORTE,210,5,215
311615 CHAPADA GAUCHA,224,14,238
311620 CHIADOR,81,-,81
311630 CIPOTANEA,81,5,86
311640 CLARAVAL,67,-,67
311650 CLARO DOS POCOES,103,-,103
311660 CLAUDIO,339,126,465
311670 COIMBRA,72,9,81
311680 COLUNA,152,56,208
311690 COMENDADOR GOMES,57,3,60
311700 COMERCINHO,86,10,96
311710 CONCEICAO DA APARECIDA,135,77,212
311720 CONCEICAO DAS PEDRAS,54,-,54
311730 CONCEICAO DAS ALAGOAS,457,39,496
311740 CONCEICAO DE IPANEMA,65,3,68
311750 CONCEICAO DO MATO DENTRO,373,59,432
311760 CONCEICAO DO PARA,81,6,87
311770 CONCEICAO DO RIO VERDE,192,24,216
311780 CONCEICAO DOS OUROS,107,17,124
311783 CONEGO MARINHO,103,7,110
311787 CONFINS,146,39,185
311790 CONGONHAL,118,14,132
311800 CONGONHAS,1318,263,1581
311810 CONGONHAS DO NORTE,70,2,72
311820 CONQUISTA,121,7,128
311830 CONSELHEIRO LAFAIETE,2164,760,2924
311840 CONSELHEIRO PENA,264,62,326
311850 CONSOLACAO,14,-,14
311860 CONTAGEM,7696,2878,10574
311870 COQUEIRAL,114,5,119
311880 CORACAO DE JESUS,437,24,461
311890 CORDISBURGO,76,2,78
311900 CORDISLANDIA,42,1,43
311910 CORINTO,284,31,315
311920 COROACI,105,-,105
311930 COROMANDEL,417,178,595
311940 CORONEL FABRICIANO,1316,747,2063
311950 CORONEL MURTA,90,1,91
311960 CORONEL PACHECO,72,1,73
311970 CORONEL XAVIER CHAVES,45,3,48
311980 CORREGO DANTA,57,3,60
311990 CORREGO DO BOM JESUS,33,-,33
311995 CORREGO FUNDO,81,4,85
312000 CORREGO NOVO,62,-,62
312010 COUTO DE MAGALHAES DE MINAS,68,3,71
312015 CRISOLITA,86,1,87
312020 CRISTAIS,132,20,152
312030 CRISTALIA,77,-,77
312040 CRISTIANO OTONI,45,-,45
312050 CRISTINA,153,14,167
312060 CRUCILANDIA,76,140,216
312070 CRUZEIRO DA FORTALEZA,78,2,80
312080 CRUZILIA,281,13,294
312083 CUPARAQUE,80,2,82
312087 CURRAL DE DENTRO,148,-,148
312090 CURVELO,1397,485,1882
312100 DATAS,108,-,108
312110 DELFIM MOREIRA,97,8,105
312120 DELFINOPOLIS,115,6,121
312125 DELTA,150,7,157
312130 DESCOBERTO,84,1,85
312140 DESTERRO DE ENTRE RIOS,121,16,137
312150 DESTERRO DO MELO,45,2,47
312160 DIAMANTINA,1563,139,1702
312170 DIOGO DE VASCONCELOS,50,-,50
312180 DIONISIO,129,2,131
312190 DIVINESIA,75,8,83
312200 DIVINO,215,139,354
312210 DIVINO DAS LARANJEIRAS,76,2,78
312220 DIVINOLANDIA DE MINAS,95,4,99
312230 DIVINOPOLIS,4594,2554,7148
312235 DIVISA ALEGRE,75,10,85
312240 DIVISA NOVA,83,3,86
312245 DIVISOPOLIS,104,5,109
312247 DOM BOSCO,89,1,90
312250 DOM CAVATI,67,5,72
312260 DOM JOAQUIM,106,-,106
312270 DOM SILVERIO,113,5,118
312280 DOM VICOSO,60,4,64
312290 DONA EUSEBIA,62,-,62
312300 DORES DE CAMPOS,89,31,120
312310 DORES DE GUANHAES,61,2,63
312320 DORES DO INDAIA,169,26,195
312330 DORES DO TURVO,65,3,68
312340 DORESOPOLIS,37,-,37
312350 DOURADOQUARA,51,-,51
312352 DURANDE,74,1,75
312360 ELOI MENDES,281,144,425
312370 ENGENHEIRO CALDAS,179,23,202
312380 ENGENHEIRO NAVARRO,85,3,88
312385 ENTRE FOLHAS,72,-,72
312390 ENTRE RIOS DE MINAS,209,56,265
312400 ERVALIA,280,13,293
312410 ESMERALDAS,607,63,670
312420 ESPERA FELIZ,273,12,285
312430 ESPINOSA,328,63,391
312440 ESPIRITO SANTO DO DOURADO,68,1,69
312450 ESTIVA,113,7,120
312460 ESTRELA DALVA,48,-,48
312470 ESTRELA DO INDAIA,54,6,60
312480 ESTRELA DO SUL,111,1,112
312490 EUGENOPOLIS,147,16,163
312500 EWBANK DA CAMARA,83,-,83
312510 EXTREMA,732,158,890
312520 FAMA,39,-,39
312530 FARIA LEMOS,50,1,51
312540 FELICIO DOS SANTOS,117,-,117
312550 SAO GONCALO DO RIO PRETO,83,1,84
312560 FELISBURGO,117,1,118
312570 FELIXLANDIA,225,55,280
312580 FERNANDES TOURINHO,48,1,49
312590 FERROS,117,23,140
312595 FERVEDOURO,194,2,196
312600 FLORESTAL,105,31,136
312610 FORMIGA,1078,207,1285
312620 FORMOSO,172,-,172
312630 FORTALEZA DE MINAS,65,1,66
312640 FORTUNA DE MINAS,67,-,67
312650 FRANCISCO BADARO,131,9,140
312660 FRANCISCO DUMONT,86,5,91
312670 FRANCISCO SA,451,15,466
312675 FRANCISCOPOLIS,85,-,85
312680 FREI GASPAR,73,-,73
312690 FREI INOCENCIO,161,1,162
312695 FREI LAGONEGRO,35,-,35
312700 FRONTEIRA,311,29,340
312705 FRONTEIRA DOS VALES,67,-,67
312707 FRUTA DE LEITE,67,-,67
312710 FRUTAL,870,349,1219
312720 FUNILANDIA,106,-,106
312730 GALILEIA,108,2,110
312733 GAMELEIRAS,110,-,110
312735 GLAUCILANDIA,41,-,41
312737 GOIABEIRA,93,4,97
312738 GOIANA,82,-,82
312740 GONCALVES,55,-,55
312750 GONZAGA,90,2,92
312760 GOUVEIA,138,1,139
312770 GOVERNADOR VALADARES,4231,1917,6148
312780 GRAO MOGOL,235,-,235
312790 GRUPIARA,71,-,71
312800 GUANHAES,518,77,595
312810 GUAPE,134,10,144
312820 GUARACIABA,121,1,122
312825 GUARACIAMA,60,-,60
312830 GUARANESIA,317,12,329
312840 GUARANI,127,4,131
312850 GUARARA,51,3,54
312860 GUARDA-MOR,144,6,150
312870 GUAXUPE,846,186,1032
312880 GUIDOVAL,88,11,99
312890 GUIMARANIA,100,19,119
312900 GUIRICEMA,104,3,107
312910 GURINHATA,106,-,106
312920 HELIODORA,66,2,68
312930 IAPU,115,7,122
312940 IBERTIOGA,179,6,185
312950 IBIA,280,57,337
312960 IBIAI,104,2,106
312965 IBIRACATU,86,-,86
312970 IBIRACI,198,30,228
312980 IBIRITE,1728,247,1975
312990 IBITIURA DE MINAS,47,-,47
313000 IBITURUNA,33,-,33
313005 ICARAI DE MINAS,121,-,121
313010 IGARAPE,569,56,625
313020 IGARATINGA,166,1,167
313030 IGUATAMA,112,22,134
313040 IJACI,80,18,98
313050 ILICINEA,180,11,191
313055 IMBE DE MINAS,88,-,88
313060 INCONFIDENTES,74,2,76
313065 INDAIABIRA,93,2,95
313070 INDIANOPOLIS,112,2,114
313080 INGAI,47,-,47
313090 INHAPIM,388,28,416
313100 INHAUMA,121,1,122
313110 INIMUTABA,103,14,117
313115 IPABA,239,7,246
313120 IPANEMA,236,59,295
313130 IPATINGA,4734,1250,5984
313140 IPIACU,69,3,72
313150 IPUIUNA,135,16,151
313160 IRAI DE MINAS,112,3,115
313170 ITABIRA,2566,426,2992
313180 ITABIRINHA,164,6,170
313190 ITABIRITO,941,168,1109
313200 ITACAMBIRA,94,-,94
313210 ITACARAMBI,282,7,289
313220 ITAGUARA,224,26,250
313230 ITAIPE,119,-,119
313240 ITAJUBA,1782,622,2404
313250 ITAMARANDIBA,474,130,604
313260 ITAMARATI DE MINAS,54,3,57
313270 ITAMBACURI,461,18,479
313280 ITAMBE DO MATO DENTRO,42,-,42
313290 ITAMOGI,149,10,159
313300 ITAMONTE,195,24,219
313310 ITANHANDU,366,81,447
313320 ITANHOMI,163,7,170
313330 ITAOBIM,449,28,477
313340 ITAPAGIPE,196,24,220
313350 ITAPECERICA,186,35,221
313360 ITAPEVA,91,13,104
313370 ITATIAIUCU,208,16,224
313375 ITAU DE MINAS,169,40,209
313380 ITAUNA,1019,417,1436
313390 ITAVERAVA,79,11,90
313400 ITINGA,154,30,184
313410 ITUETA,95,6,101
313420 ITUIUTABA,1098,540,1638
313430 ITUMIRIM,99,4,103
313440 ITURAMA,589,137,726
313450 ITUTINGA,102,3,105
313460 JABOTICATUBAS,216,45,261
313470 JACINTO,268,5,273
313480 JACUI,71,4,75
313490 JACUTINGA,249,29,278
313500 JAGUARACU,59,3,62
313505 JAIBA,465,25,490
313507 JAMPRUCA,50,1,51
313510 JANAUBA,1431,125,1556
313520 JANUARIA,871,96,967
313530 JAPARAIBA,61,15,76
313535 JAPONVAR,112,5,117
313540 JECEABA,140,27,167
313545 JENIPAPO DE MINAS,84,3,87
313550 JEQUERI,166,10,176
313560 JEQUITAI,124,4,128
313570 JEQUITIBA,122,4,126
313580 JEQUITINHONHA,360,9,369
313590 JESUANIA,68,-,68
313600 JOAIMA,169,22,191
313610 JOANESIA,63,1,64
313620 JOAO MONLEVADE,780,562,1342
313630 JOAO PINHEIRO,814,95,909
313640 JOAQUIM FELICIO,96,4,100
313650 JORDANIA,169,40,209
313652 JOSE GONCALVES DE MINAS,80,1,81
313655 JOSE RAYDAN,60,-,60
313657 JOSENOPOLIS,54,-,54
313660 NOVA UNIAO,99,-,99
313665 JUATUBA,338,143,481
313670 JUIZ DE FORA,12481,8184,20665
313680 JURAMENTO,85,1,86
313690 JURUAIA,184,10,194
313695 JUVENILIA,88,1,89
313700 LADAINHA,238,17,255
313710 LAGAMAR,124,24,148
313720 LAGOA DA PRATA,561,401,962
313730 LAGOA DOS PATOS,83,-,83
313740 LAGOA DOURADA,127,20,147
313750 LAGOA FORMOSA,310,49,359
313753 LAGOA GRANDE,156,14,170
313760 LAGOA SANTA,1006,312,1318
313770 LAJINHA,220,11,231
313780 LAMBARI,267,31,298
313790 LAMIM,86,-,86
313800 LARANJAL,88,14,102
313810 LASSANCE,148,2,150
313820 LAVRAS,1843,761,2604
313830 LEANDRO FERREIRA,39,4,43
313835 LEME DO PRADO,62,3,65
313840 LEOPOLDINA,725,73,798
313850 LIBERDADE,90,11,101
313860 LIMA DUARTE,266,41,307
313862 LIMEIRA DO OESTE,182,13,195
313865 LONTRA,114,6,120
313867 LUISBURGO,96,2,98
313868 LUISLANDIA,72,1,73
313870 LUMINARIAS,77,4,81
313880 LUZ,261,25,286
313890 MACHACALIS,153,3,156
313900 MACHADO,556,350,906
313910 MADRE DE DEUS DE MINAS,63,7,70
313920 MALACACHETA,223,28,251
313925 MAMONAS,91,-,91
313930 MANGA,352,10,362
313940 MANHUACU,1710,489,2199
313950 MANHUMIRIM,367,25,392
313960 MANTENA,444,69,513
313970 MARAVILHAS,92,-,92
313980 MAR DE ESPANHA,187,35,222
313990 MARIA DA FE,137,16,153
314000 MARIANA,976,197,1173
314010 MARILAC,64,-,64
314015 MARIO CAMPOS,138,-,138
314020 MARIPA DE MINAS,62,-,62
314030 MARLIERIA,62,-,62
314040 MARMELOPOLIS,34,1,35
314050 MARTINHO CAMPOS,161,56,217
314053 MARTINS SOARES,61,2,63
314055 MATA VERDE,80,6,86
314060 MATERLANDIA,62,1,63
314070 MATEUS LEME,466,98,564
314080 MATIAS BARBOSA,173,25,198
314085 MATIAS CARDOSO,110,-,110
314090 MATIPO,256,19,275
314100 MATO VERDE,235,12,247
314110 MATOZINHOS,361,53,414
314120 MATUTINA,74,4,78
314130 MEDEIROS,62,1,63
314140 MEDINA,308,14,322
314150 MENDES PIMENTEL,90,-,90
314160 MERCES,132,8,140
314170 MESQUITA,90,-,90
314180 MINAS NOVAS,363,24,387
314190 MINDURI,72,4,76
314200 MIRABELA,297,3,300
314210 MIRADOURO,184,5,189
314220 MIRAI,201,10,211
314225 MIRAVANIA,77,1,78
314230 MOEDA,75,1,76
314240 MOEMA,100,2,102
314250 MONJOLOS,74,-,74
314260 MONSENHOR PAULO,110,8,118
314270 MONTALVANIA,196,5,201
314280 MONTE ALEGRE DE MINAS,235,2,237
314290 MONTE AZUL,370,7,377
314300 MONTE BELO,144,93,237
314310 MONTE CARMELO,629,131,760
314315 MONTE FORMOSO,63,1,64
314320 MONTE SANTO DE MINAS,277,39,316
314330 MONTES CLAROS,9741,1397,11138
314340 MONTE SIAO,169,51,220
314345 MONTEZUMA,112,4,116
314350 MORADA NOVA DE MINAS,143,9,152
314360 MORRO DA GARCA,45,-,45
314370 MORRO DO PILAR,42,1,43
314380 MUNHOZ,73,1,74
314390 MURIAE,2671,173,2844
314400 MUTUM,314,17,331
314410 MUZAMBINHO,208,34,242
314420 NACIP RAYDAN,63,-,63
314430 NANUQUE,362,179,541
314435 NAQUE,83,5,88
314437 NATALANDIA,76,-,76
314440 NATERCIA,70,5,75
314450 NAZARENO,131,13,144
314460 NEPOMUCENO,237,17,254
314465 NINHEIRA,139,2,141
314467 NOVA BELEM,71,5,76
314470 NOVA ERA,171,50,221
314480 NOVA LIMA,1386,756,2142
314490 NOVA MODICA,63,3,66
314500 NOVA PONTE,213,67,280
314505 NOVA PORTEIRINHA,68,-,68
314510 NOVA RESENDE,139,23,162
314520 NOVA SERRANA,1024,281,1305
314530 NOVO CRUZEIRO,266,24,290
314535 NOVO ORIENTE DE MINAS,102,1,103
314537 NOVORIZONTE,75,-,75
314540 OLARIA,52,-,52
314545 OLHOS-D'AGUA,66,2,68
314550 OLIMPIO NORONHA,51,8,59
314560 OLIVEIRA,787,77,864
314570 OLIVEIRA FORTES,34,-,34
314580 ONCA DE PITANGUI,56,-,56
314585 ORATORIOS,55,2,57
314587 ORIZANIA,82,1,83
314590 OURO BRANCO,511,518,1029
314600 OURO FINO,348,81,429
314610 OURO PRETO,1286,205,1491
314620 OURO VERDE DE MINAS,107,3,110
314625 PADRE CARVALHO,87,1,88
314630 PADRE PARAISO,236,12,248
314640 PAINEIRAS,57,4,61
314650 PAINS,108,9,117
314655 PAI PEDRO,71,3,74
314660 PAIVA,32,-,32
314670 PALMA,109,8,117
314675 PALMOPOLIS,112,2,114
314690 PAPAGAIOS,165,17,182
314700 PARACATU,1197,320,1517
314710 PARA DE MINAS,1489,204,1693
314720 PARAGUACU,235,31,266
314730 PARAISOPOLIS,259,98,357
314740 PARAOPEBA,272,131,403
314750 PASSABEM,41,2,43
314760 PASSA QUATRO,209,34,243
314770 PASSA TEMPO,124,5,129
314780 PASSA-VINTE,43,1,44
314790 PASSOS,2659,409,3068
314795 PATIS,87,-,87
314800 PATOS DE MINAS,2678,1694,4372
314810 PATROCINIO,1359,314,1673
314820 PATROCINIO DO MURIAE,62,1,63
314830 PAULA CANDIDO,98,30,128
314840 PAULISTAS,76,2,78
314850 PAVAO,107,3,110
314860 PECANHA,305,82,387
314870 PEDRA AZUL,382,9,391
314875 PEDRA BONITA,72,2,74
314880 PEDRA DO ANTA,107,-,107
314890 PEDRA DO INDAIA,68,2,70
314900 PEDRA DOURADA,51,1,52
314910 PEDRALVA,116,8,124
314915 PEDRAS DE MARIA DA CRUZ,102,-,102
314920 PEDRINOPOLIS,69,1,70
314930 PEDRO LEOPOLDO,543,168,711
314940 PEDRO TEIXEIRA,64,-,64
314950 PEQUERI,67,-,67
314960 PEQUI,80,8,88
314970 PERDIGAO,100,4,104
314980 PERDIZES,278,20,298
314990 PERDOES,226,19,245
314995 PERIQUITO,95,2,97
315000 PESCADOR,73,7,80
315010 PIAU,65,-,65
315015 PIEDADE DE CARATINGA,83,-,83
315020 PIEDADE DE PONTE NOVA,62,-,62
315030 PIEDADE DO RIO GRANDE,97,14,111
315040 PIEDADE DOS GERAIS,67,-,67
315050 PIMENTA,117,18,135
315053 PINGO-D'AGUA,83,2,85
315057 PINTOPOLIS,100,-,100
315060 PIRACEMA,96,2,98
315070 PIRAJUBA,133,3,136
315080 PIRANGA,227,12,239
315090 PIRANGUCU,49,11,60
315100 PIRANGUINHO,69,16,85
315110 PIRAPETINGA,165,18,183
315120 PIRAPORA,1094,87,1181
315130 PIRAUBA,104,34,138
315140 PITANGUI,227,312,539
315150 PIUMHI,741,88,829
315160 PLANURA,171,6,177
315170 POCO FUNDO,360,23,383
315180 POCOS DE CALDAS,3199,1834,5033
315190 POCRANE,114,3,117
315200 POMPEU,388,123,511
315210 PONTE NOVA,1548,162,1710
315213 PONTO CHIQUE,83,1,84
315217 PONTO DOS VOLANTES,146,3,149
315220 PORTEIRINHA,452,34,486
315230 PORTO FIRME,142,5,147
315240 POTE,190,8,198
315250 POUSO ALEGRE,2370,803,3173
315260 POUSO ALTO,97,6,103
315270 PRADOS,110,6,116
315280 PRATA,396,34,430
315290 PRATAPOLIS,87,2,89
315300 PRATINHA,54,3,57
315310 PRESIDENTE BERNARDES,125,1,126
315320 PRESIDENTE JUSCELINO,76,-,76
315330 PRESIDENTE KUBITSCHEK,50,-,50
315340 PRESIDENTE OLEGARIO,230,1,231
315350 ALTO JEQUITIBA,91,6,97
315360 PRUDENTE DE MORAIS,123,-,123
315370 QUARTEL GERAL,58,-,58
315380 QUELUZITO,32,-,32
315390 RAPOSOS,130,1,131
315400 RAUL SOARES,315,33,348
315410 RECREIO,134,2,136
315415 REDUTO,83,1,84
315420 RESENDE COSTA,176,46,222
315430 RESPLENDOR,337,21,358
315440 RESSAQUINHA,107,-,107
315445 RIACHINHO,124,2,126
315450 RIACHO DOS MACHADOS,102,9,111
315460 RIBEIRAO DAS NEVES,2404,183,2587
315470 RIBEIRAO VERMELHO,67,10,77
315480 RIO ACIMA,128,-,128
315490 RIO CASCA,190,84,274
315500 RIO DOCE,47,1,48
315510 RIO DO PRADO,99,1,100
315520 RIO ESPERA,89,1,90
315530 RIO MANSO,71,-,71
315540 RIO NOVO,141,27,168
315550 RIO PARANAIBA,135,24,159
315560 RIO PARDO DE MINAS,358,14,372
315570 RIO PIRACICABA,159,23,182
315580 RIO POMBA,270,39,309
315590 RIO PRETO,119,5,124
315600 RIO VERMELHO,174,14,188
315610 RITAPOLIS,70,4,74
315620 ROCHEDO DE MINAS,61,-,61
315630 RODEIRO,71,7,78
315640 ROMARIA,53,1,54
315645 ROSARIO DA LIMEIRA,55,9,64
315650 RUBELITA,119,1,120
315660 RUBIM,165,3,168
315670 SABARA,940,90,1030
315680 SABINOPOLIS,173,8,181
315690 SACRAMENTO,557,93,650
315700 SALINAS,685,125,810
315710 SALTO DA DIVISA,112,-,112
315720 SANTA BARBARA,313,100,413
315725 SANTA BARBARA DO LESTE,60,-,60
315727 SANTA BARBARA DO MONTE VERDE,81,-,81
315730 SANTA BARBARA DO TUGURIO,53,-,53
315733 SANTA CRUZ DE MINAS,79,4,83
315737 SANTA CRUZ DE SALINAS,73,-,73
315740 SANTA CRUZ DO ESCALVADO,66,-,66
315750 SANTA EFIGENIA DE MINAS,56,-,56
315760 SANTA FE DE MINAS,72,-,72
315765 SANTA HELENA DE MINAS,121,-,121
315770 SANTA JULIANA,172,24,196
315780 SANTA LUZIA,1615,334,1949
315790 SANTA MARGARIDA,173,10,183
315800 SANTA MARIA DE ITABIRA,109,20,129
315810 SANTA MARIA DO SALTO,91,6,97
315820 SANTA MARIA DO SUACUI,228,7,235
315830 SANTANA DA VARGEM,86,2,88
315840 SANTANA DE CATAGUASES,42,1,43
315850 SANTANA DE PIRAPAMA,103,1,104
315860 SANTANA DO DESERTO,85,1,86
315870 SANTANA DO GARAMBEU,51,-,51
315880 SANTANA DO JACARE,70,1,71
315890 SANTANA DO MANHUACU,97,5,102
315895 SANTANA DO PARAISO,305,44,349
315900 SANTANA DO RIACHO,70,-,70
315910 SANTANA DOS MONTES,42,1,43
315920 SANTA RITA DE CALDAS,92,17,109
315930 SANTA RITA DE JACUTINGA,92,2,94
315935 SANTA RITA DE MINAS,79,2,81
315940 SANTA RITA DE IBITIPOCA,48,-,48
315950 SANTA RITA DO ITUETO,101,3,104
315960 SANTA RITA DO SAPUCAI,413,317,730
315970 SANTA ROSA DA SERRA,78,5,83
315980 SANTA VITORIA,315,21,336
315990 SANTO ANTONIO DO AMPARO,312,115,427
316000 SANTO ANTONIO DO AVENTUREIRO,58,-,58
316010 SANTO ANTONIO DO GRAMA,64,2,66
316020 SANTO ANTONIO DO ITAMBE,82,-,82
316030 SANTO ANTONIO DO JACINTO,133,-,133
316040 SANTO ANTONIO DO MONTE,483,29,512
316045 SANTO ANTONIO DO RETIRO,117,2,119
316050 SANTO ANTONIO DO RIO ABAIXO,28,-,28
316060 SANTO HIPOLITO,57,-,57
316070 SANTOS DUMONT,579,94,673
316080 SAO BENTO ABADE,84,-,84
316090 SAO BRAS DO SUACUI,65,5,70
316095 SAO DOMINGOS DAS DORES,68,2,70
316100 SAO DOMINGOS DO PRATA,206,33,239
316105 SAO FELIX DE MINAS,111,-,111
316110 SAO FRANCISCO,597,26,623
316120 SAO FRANCISCO DE PAULA,70,1,71
316130 SAO FRANCISCO DE SALES,113,9,122
316140 SAO FRANCISCO DO GLORIA,71,2,73
316150 SAO GERALDO,78,2,80
316160 SAO GERALDO DA PIEDADE,55,-,55
316165 SAO GERALDO DO BAIXIO,49,-,49
316170 SAO GONCALO DO ABAETE,101,5,106
316180 SAO GONCALO DO PARA,118,17,135
316190 SAO GONCALO DO RIO ABAIXO,256,34,290
316200 SAO GONCALO DO SAPUCAI,332,43,375
316210 SAO GOTARDO,494,164,658
316220 SAO JOAO BATISTA DO GLORIA,122,3,125
316225 SAO JOAO DA LAGOA,96,-,96
316230 SAO JOAO DA MATA,40,1,41
316240 SAO JOAO DA PONTE,334,4,338
316245 SAO JOAO DAS MISSOES,232,2,234
316250 SAO JOAO DEL REI,2107,409,2516
316255 SAO JOAO DO MANHUACU,128,1,129
316257 SAO JOAO DO MANTENINHA,91,3,94
316260 SAO JOAO DO ORIENTE,93,1,94
316265 SAO JOAO DO PACUI,62,-,62
316270 SAO JOAO DO PARAISO,342,12,354
316280 SAO JOAO EVANGELISTA,245,14,259
316290 SAO JOAO NEPOMUCENO,336,71,407
316292 SAO JOAQUIM DE BICAS,457,27,484
316294 SAO JOSE DA BARRA,115,4,119
316295 SAO JOSE DA LAPA,278,23,301
316300 SAO JOSE DA SAFIRA,60,-,60
316310 SAO JOSE DA VARGINHA,78,4,82
316320 SAO JOSE DO ALEGRE,42,3,45
316330 SAO JOSE DO DIVINO,63,2,65
316340 SAO JOSE DO GOIABAL,91,-,91
316350 SAO JOSE DO JACURI,79,1,80
316360 SAO JOSE DO MANTIMENTO,50,6,56
316370 SAO LOURENCO,1130,299,1429
316380 SAO MIGUEL DO ANTA,93,7,100
316390 SAO PEDRO DA UNIAO,68,2,70
316400 SAO PEDRO DOS FERROS,71,11,82
316410 SAO PEDRO DO SUACUI,48,-,48
316420 SAO ROMAO,117,-,117
316430 SAO ROQUE DE MINAS,85,2,87
316440 SAO SEBASTIAO DA BELA VISTA,53,1,54
316443 SAO SEBASTIAO DA VARGEM ALEGRE,64,-,64
316447 SAO SEBASTIAO DO ANTA,68,5,73
316450 SAO SEBASTIAO DO MARANHAO,135,6,141
316460 SAO SEBASTIAO DO OESTE,107,4,111
316470 SAO SEBASTIAO DO PARAISO,1715,270,1985
316480 SAO SEBASTIAO DO RIO PRETO,41,-,41
316490 SAO SEBASTIAO DO RIO VERDE,38,-,38
316500 SAO TIAGO,154,25,179
316510 SAO TOMAS DE AQUINO,106,2,108
316520 SAO THOME DAS LETRAS,114,37,151
316530 SAO VICENTE DE MINAS,120,18,138
316540 SAPUCAI-MIRIM,65,4,69
316550 SARDOA,77,-,77
316553 SARZEDO,538,70,608
316555 SETUBINHA,102,1,103
316556 SEM-PEIXE,58,-,58
316557 SENADOR AMARAL,70,2,72
316560 SENADOR CORTES,27,-,27
316570 SENADOR FIRMINO,145,16,161
316580 SENADOR JOSE BENTO,35,1,36
316590 SENADOR MODESTINO GONCALVES,86,-,86
316600 SENHORA DE OLIVEIRA,72,1,73
316610 SENHORA DO PORTO,56,1,57
316620 SENHORA DOS REMEDIOS,92,40,132
316630 SERICITA,97,6,103
316640 SERITINGA,42,4,46
316650 SERRA AZUL DE MINAS,70,-,70
316660 SERRA DA SAUDADE,25,-,25
316670 SERRA DOS AIMORES,70,-,70
316680 SERRA DO SALITRE,209,22,231
316690 SERRANIA,87,1,88
316695 SERRANOPOLIS DE MINAS,59,-,59
316700 SERRANOS,48,-,48
316710 SERRO,275,9,284
316720 SETE LAGOAS,3302,1271,4573
316730 SILVEIRANIA,42,-,42
316740 SILVIANOPOLIS,63,4,67
316750 SIMAO PEREIRA,59,-,59
316760 SIMONESIA,173,11,184
316770 SOBRALIA,102,20,122
316780 SOLEDADE DE MINAS,41,3,44
316790 TABULEIRO,65,2,67
316800 TAIOBEIRAS,851,13,864
316805 TAPARUBA,87,-,87
316810 TAPIRA,61,8,69
316820 TAPIRAI,42,-,42
316830 TAQUARACU DE MINAS,74,1,75
316840 TARUMIRIM,212,6,218
316850 TEIXEIRAS,175,16,191
316860 TEOFILO OTONI,3597,419,4016
316870 TIMOTEO,1011,383,1394
316880 TIRADENTES,82,15,97
316890 TIROS,109,9,118
316900 TOCANTINS,127,13,140
316905 TOCOS DO MOJI,42,5,47
316910 TOLEDO,77,1,78
316920 TOMBOS,149,43,192
316930 TRES CORACOES,1308,346,1654
316935 TRES MARIAS,429,84,513
316940 TRES PONTAS,733,331,1064
316950 TUMIRITINGA,85,19,104
316960 TUPACIGUARA,417,26,443
316970 TURMALINA,306,34,340
316980 TURVOLANDIA,50,3,53
316990 UBA,1727,278,2005
317000 UBAI,138,6,144
317005 UBAPORANGA,128,4,132
317010 UBERABA,7292,2419,9711
317020 UBERLANDIA,12765,12290,25055
317030 UMBURATIBA,48,-,48
317040 UNAI,1068,559,1627
317043 UNIAO DE MINAS,81,1,82
317047 URUANA DE MINAS,89,-,89
317050 URUCANIA,120,-,120
317052 URUCUIA,237,9,246
317057 VARGEM ALEGRE,66,5,71
317060 VARGEM BONITA,43,-,43
317065 VARGEM GRANDE DO RIO PARDO,118,3,121
317070 VARGINHA,2117,853,2970
317075 VARJAO DE MINAS,110,4,114
317080 VARZEA DA PALMA,426,36,462
317090 VARZELANDIA,230,4,234
317100 VAZANTE,314,85,399
317103 VERDELANDIA,132,18,150
317107 VEREDINHA,80,1,81
317110 VERISSIMO,80,-,80
317115 VERMELHO NOVO,61,-,61
317120 VESPASIANO,1282,767,2049
317130 VICOSA,1333,693,2026
317140 VIEIRAS,73,-,73
317150 MATHIAS LOBATO,73,1,74
317160 VIRGEM DA LAPA,158,12,170
317170 VIRGINIA,95,15,110
317180 VIRGINOPOLIS,175,12,187
317190 VIRGOLANDIA,138,-,138
317200 VISCONDE DO RIO BRANCO,504,85,589
317210 VOLTA GRANDE,70,2,72
317220 WENCESLAU BRAZ,25,-,25
320010 AFONSO CLAUDIO,433,135,568
320013 AGUIA BRANCA,171,19,190
320016 AGUA DOCE DO NORTE,100,7,107
320020 ALEGRE,427,150,577
320030 ALFREDO CHAVES,233,59,292
320035 ALTO RIO NOVO,90,2,92
320040 ANCHIETA,749,181,930
320050 APIACA,148,23,171
320060 ARACRUZ,1628,431,2059
320070 ATILIO VIVACQUA,243,11,254
320080 BAIXO GUANDU,505,78,583
320090 BARRA DE SAO FRANCISCO,865,215,1080
320100 BOA ESPERANCA,185,79,264
320110 BOM JESUS DO NORTE,189,9,198
320115 BREJETUBA,175,14,189
320120 CACHOEIRO DE ITAPEMIRIM,5186,1287,6473
320130 CARIACICA,2700,1331,4031
320140 CASTELO,483,239,722
320150 COLATINA,3093,717,3810
320160 CONCEICAO DA BARRA,339,55,394
320170 CONCEICAO DO CASTELO,160,29,189
320180 DIVINO DE SAO LOURENCO,89,22,111
320190 DOMINGOS MARTINS,455,65,520
320200 DORES DO RIO PRETO,122,11,133
320210 ECOPORANGA,280,44,324
320220 FUNDAO,238,86,324
320225 GOVERNADOR LINDENBERG,186,85,271
320230 GUACUI,611,37,648
320240 GUARAPARI,1219,838,2057
320245 IBATIBA,197,252,449
320250 IBIRACU,142,31,173
320255 IBITIRAMA,107,44,151
320260 ICONHA,208,79,287
320265 IRUPI,152,51,203
320270 ITAGUACU,173,61,234
320280 ITAPEMIRIM,908,116,1024
320290 ITARANA,160,16,176
320300 IUNA,256,113,369
320305 JAGUARE,295,168,463
320310 JERONIMO MONTEIRO,278,51,329
320313 JOAO NEIVA,238,23,261
320316 LARANJA DA TERRA,188,45,233
320320 LINHARES,2962,1626,4588
320330 MANTENOPOLIS,140,25,165
320332 MARATAIZES,508,192,700
320334 MARECHAL FLORIANO,213,51,264
320335 MARILANDIA,178,29,207
320340 MIMOSO DO SUL,453,167,620
320350 MONTANHA,285,104,389
320360 MUCURICI,122,8,130
320370 MUNIZ FREIRE,267,39,306
320380 MUQUI,196,20,216
320390 NOVA VENECIA,715,292,1007
320400 PANCAS,243,34,277
320405 PEDRO CANARIO,254,14,268
320410 PINHEIROS,255,205,460
320420 PIUMA,351,44,395
320425 PONTO BELO,118,17,135
320430 PRESIDENTE KENNEDY,331,18,349
320435 RIO BANANAL,184,39,223
320440 RIO NOVO DO SUL,164,6,170
320450 SANTA LEOPOLDINA,210,23,233
320455 SANTA MARIA DE JETIBA,431,388,819
320460 SANTA TERESA,635,114,749
320465 SAO DOMINGOS DO NORTE,139,13,152
320470 SAO GABRIEL DA PALHA,358,146,504
320480 SAO JOSE DO CALCADO,508,35,543
320490 SAO MATEUS,1534,441,1975
320495 SAO ROQUE DO CANAA,142,51,193
320500 SERRA,7420,2127,9547
320501 SOORETAMA,316,41,357
320503 VARGEM ALTA,283,36,319
320506 VENDA NOVA DO IMIGRANTE,563,207,770
320510 VIANA,790,69,859
320515 VILA PAVAO,117,61,178
320517 VILA VALERIO,129,58,187
320520 VILA VELHA,7403,3658,11061
320530 VITORIA,12863,4582,17445
330010 ANGRA DOS REIS,3407,883,4290
330015 APERIBE,234,16,250
330020 ARARUAMA,1833,388,2221
330022 AREAL,250,29,279
330023 ARMACAO DOS BUZIOS,776,143,919
330025 ARRAIAL DO CABO,1005,10,1015
330030 BARRA DO PIRAI,1221,204,1425
330040 BARRA MANSA,2888,664,3552
330045 BELFORD ROXO,4447,370,4817
330050 BOM JARDIM,289,31,320
330060 BOM JESUS DO ITABAPOANA,1442,164,1606
330070 CABO FRIO,3899,732,4631
330080 CACHOEIRAS DE MACACU,1158,67,1225
330090 CAMBUCI,254,4,258
330093 CARAPEBUS,482,34,516
330095 COMENDADOR LEVY GASPARIAN,249,13,262
330100 CAMPOS DOS GOYTACAZES,9578,2660,12238
330110 CANTAGALO,332,157,489
330115 CARDOSO MOREIRA,190,-,190
330120 CARMO,479,33,512
330130 CASIMIRO DE ABREU,872,28,900
330140 CONCEICAO DE MACABU,306,28,334
330150 CORDEIRO,270,73,343
330160 DUAS BARRAS,182,10,192
330170 DUQUE DE CAXIAS,12315,3441,15756
330180 ENGENHEIRO PAULO DE FRONTIN,296,1,297
330185 GUAPIMIRIM,832,131,963
330187 IGUABA GRANDE,526,33,559
330190 ITABORAI,3690,456,4146
330200 ITAGUAI,1698,400,2098
330205 ITALVA,167,17,184
330210 ITAOCARA,493,30,523
330220 ITAPERUNA,3705,392,4097
330225 ITATIAIA,549,56,605
330227 JAPERI,981,22,1003
330230 LAJE DO MURIAE,177,1,178
330240 MACAE,3970,2066,6036
330245 MACUCO,106,5,111
330250 MAGE,3645,351,3996
330260 MANGARATIBA,1178,8,1186
330270 MARICA,4072,232,4304
330280 MENDES,404,17,421
330285 MESQUITA,2739,181,2920
330290 MIGUEL PEREIRA,436,58,494
330300 MIRACEMA,400,45,445
330310 NATIVIDADE,298,24,322
330320 NILOPOLIS,1861,553,2414
330330 NITEROI,10047,6385,16432
330340 NOVA FRIBURGO,2233,1539,3772
330350 NOVA IGUACU,8548,2864,11412
330360 PARACAMBI,925,70,995
330370 PARAIBA DO SUL,912,45,957
330380 PARATY,744,33,777
330385 PATY DO ALFERES,277,33,310
330390 PETROPOLIS,6142,1478,7620
330395 PINHEIRAL,533,30,563
330400 PIRAI,861,15,876
330410 PORCIUNCULA,307,62,369
330411 PORTO REAL,553,35,588
330412 QUATIS,237,20,257
330414 QUEIMADOS,1194,107,1301
330415 QUISSAMA,501,3,504
330420 RESENDE,2142,900,3042
330430 RIO BONITO,1145,236,1381
330440 RIO CLARO,302,4,306
330450 RIO DAS FLORES,300,-,300
330452 RIO DAS OSTRAS,1490,520,2010
330455 RIO DE JANEIRO,107977,58844,166821
330460 SANTA MARIA MADALENA,149,18,167
330470 SANTO ANTONIO DE PADUA,526,119,645
330475 SAO FRANCISCO DE ITABAPOANA,746,67,813
330480 SAO FIDELIS,557,54,611
330490 SAO GONCALO,8621,1955,10576
330500 SAO JOAO DA BARRA,1078,62,1140
330510 SAO JOAO DE MERITI,3502,617,4119
330513 SAO JOSE DE UBA,174,20,194
330515 SAO JOSE DO VALE DO RIO PRETO,352,69,421
330520 SAO PEDRO DA ALDEIA,997,167,1164
330530 SAO SEBASTIAO DO ALTO,211,-,211
330540 SAPUCAIA,307,11,318
330550 SAQUAREMA,1741,79,1820
330555 SEROPEDICA,1070,88,1158
330560 SILVA JARDIM,411,5,416
330570 SUMIDOURO,213,-,213
330575 TANGUA,405,49,454
330580 TERESOPOLIS,3198,601,3799
330590 TRAJANO DE MORAES,123,6,129
330600 TRES RIOS,1381,347,1728
330610 VALENCA,1608,312,1920
330615 VARRE-SAI,145,1,146
330620 VASSOURAS,1073,150,1223
330630 VOLTA REDONDA,5141,2577,7718
350010 ADAMANTINA,770,140,910
350020 ADOLFO,92,2,94
350030 AGUAI,373,71,444
350040 AGUAS DA PRATA,77,12,89
350050 AGUAS DE LINDOIA,215,38,253
350055 AGUAS DE SANTA BARBARA,106,2,108
350060 AGUAS DE SAO PEDRO,98,2,100
350070 AGUDOS,487,18,505
350075 ALAMBARI,80,8,88
350080 ALFREDO MARCONDES,66,3,69
350090 ALTAIR,80,-,80
350100 ALTINOPOLIS,250,29,279
350110 ALTO ALEGRE,83,3,86
350115 ALUMINIO,134,30,164
350120 ALVARES FLORENCE,90,1,91
350130 ALVARES MACHADO,352,19,371
350140 ALVARO DE CARVALHO,69,-,69
350150 ALVINLANDIA,38,-,38
350160 AMERICANA,2429,2380,4809
350170 AMERICO BRASILIENSE,1103,40,1143
350180 AMERICO DE CAMPOS,114,7,121
350190 AMPARO,1166,428,1594
350200 ANALANDIA,88,1,89
350210 ANDRADINA,1047,250,1297
350220 ANGATUBA,313,71,384
350230 ANHEMBI,101,2,103
350240 ANHUMAS,66,1,67
350250 APARECIDA,577,34,611
350260 APARECIDA D'OESTE,80,-,80
350270 APIAI,434,23,457
350275 ARACARIGUAMA,299,19,318
350280 ARACATUBA,3702,724,4426
350290 ARACOIABA DA SERRA,222,91,313
350300 ARAMINA,93,2,95
350310 ARANDU,91,2,93
350315 ARAPEI,72,-,72
350320 ARARAQUARA,4421,2727,7148
350330 ARARAS,1866,741,2607
350335 ARCO-IRIS,22,-,22
350340 AREALVA,116,17,133
350350 AREIAS,70,-,70
350360 AREIOPOLIS,105,11,116
350370 ARIRANHA,128,31,159
350380 ARTUR NOGUEIRA,382,142,524
350390 ARUJA,931,377,1308
350395 ASPASIA,57,-,57
350400 ASSIS,1875,741,2616
350410 ATIBAIA,1600,1799,3399
350420 AURIFLAMA,178,22,200
350430 AVAI,67,-,67
350440 AVANHANDAVA,123,11,134
350450 AVARE,1313,160,1473
350460 BADY BASSITT,316,15,331
350470 BALBINOS,63,-,63
350480 BALSAMO,123,5,128
350490 BANANAL,157,2,159
350500 BARAO DE ANTONINA,46,-,46
350510 BARBOSA,77,-,77
350520 BARIRI,392,31,423
350530 BARRA BONITA,424,98,522
350535 BARRA DO CHAPEU,79,-,79
350540 BARRA DO TURVO,90,-,90
350550 BARRETOS,5594,462,6056
350560 BARRINHA,328,235,563
350570 BARUERI,6324,2163,8487
350580 BASTOS,364,25,389
350590 BATATAIS,805,225,1030
350600 BAURU,7716,2513,10229
350610 BEBEDOURO,1513,449,1962
350620 BENTO DE ABREU,35,-,35
350630 BERNARDINO DE CAMPOS,193,6,199
350635 BERTIOGA,588,118,706
350640 BILAC,103,8,111
350650 BIRIGUI,1328,340,1668
350660 BIRITIBA-MIRIM,301,16,317
350670 BOA ESPERANCA DO SUL,168,2,170
350680 BOCAINA,106,28,134
350690 BOFETE,121,24,145
350700 BOITUVA,730,185,915
350710 BOM JESUS DOS PERDOES,174,18,192
350715 BOM SUCESSO DE ITARARE,57,-,57
350720 BORA,37,-,37
350730 BORACEIA,64,1,65
350740 BORBOREMA,270,21,291
350745 BOREBI,59,-,59
350750 BOTUCATU,5322,1120,6442
350760 BRAGANCA PAULISTA,3857,576,4433
350770 BRAUNA,52,-,52
350775 BREJO ALEGRE,56,-,56
350780 BRODOWSKI,345,51,396
350790 BROTAS,215,88,303
350800 BURI,216,61,277
350810 BURITAMA,221,23,244
350820 BURITIZAL,69,2,71
350830 CABRALIA PAULISTA,54,-,54
350840 CABREUVA,510,94,604
350850 CACAPAVA,1229,517,1746
350860 CACHOEIRA PAULISTA,453,172,625
350870 CACONDE,201,31,232
350880 CAFELANDIA,186,32,218
350890 CAIABU,69,-,69
350900 CAIEIRAS,1666,503,2169
350910 CAIUA,85,-,85
350920 CAJAMAR,1064,249,1313
350925 CAJATI,361,27,388
350930 CAJOBI,140,1,141
350940 CAJURU,329,78,407
350945 CAMPINA DO MONTE ALEGRE,55,5,60
350950 CAMPINAS,22713,13863,36576
350960 CAMPO LIMPO PAULISTA,750,97,847
350970 CAMPOS DO JORDAO,676,147,823
350980 CAMPOS NOVOS PAULISTA,81,-,81
350990 CANANEIA,139,1,140
350995 CANAS,67,-,67
351000 CANDIDO MOTA,355,60,415
351010 CANDIDO RODRIGUES,58,-,58
351015 CANITAR,58,-,58
351020 CAPAO BONITO,613,40,653
351030 CAPELA DO ALTO,230,46,276
351040 CAPIVARI,592,392,984
351050 CARAGUATATUBA,3405,611,4016
351060 CARAPICUIBA,2912,547,3459
351070 CARDOSO,159,10,169
351080 CASA BRANCA,848,60,908
351090 CASSIA DOS COQUEIROS,67,-,67
351100 CASTILHO,277,20,297
351110 CATANDUVA,3336,775,4111
351120 CATIGUA,87,7,94
351130 CEDRAL,164,23,187
351140 CERQUEIRA CESAR,226,11,237
351150 CERQUILHO,382,237,619
351160 CESARIO LANGE,201,15,216
351170 CHARQUEADA,133,34,167
351190 CLEMENTINA,70,5,75
351200 COLINA,343,42,385
351210 COLOMBIA,167,11,178
351220 CONCHAL,297,32,329
351230 CONCHAS,180,51,231
351240 CORDEIROPOLIS,306,76,382
351250 COROADOS,44,-,44
351260 CORONEL MACEDO,53,-,53
351270 CORUMBATAI,74,1,75
351280 COSMOPOLIS,675,85,760
351290 COSMORAMA,74,-,74
351300 COTIA,2426,1210,3636
351310 CRAVINHOS,375,133,508
351320 CRISTAIS PAULISTA,122,5,127
351330 CRUZALIA,59,-,59
351340 CRUZEIRO,1090,332,1422
351350 CUBATAO,1964,240,2204
351360 CUNHA,208,38,246
351370 DESCALVADO,355,109,464
351380 DIADEMA,4901,1213,6114
351385 DIRCE REIS,40,-,40
351390 DIVINOLANDIA,656,5,661
351400 DOBRADA,83,16,99
351410 DOIS CORREGOS,279,47,326
351420 DOLCINOPOLIS,57,-,57
351430 DOURADO,127,11,138
351440 DRACENA,884,208,1092
351450 DUARTINA,167,36,203
351460 DUMONT,119,-,119
351470 ECHAPORA,94,1,95
351480 ELDORADO,186,4,190
351490 ELIAS FAUSTO,184,29,213
351492 ELISIARIO,50,1,51
351495 EMBAUBA,53,4,57
351500 EMBU DAS ARTES,2311,245,2556
351510 EMBU-GUACU,517,66,583
351512 EMILIANOPOLIS,52,1,53
351515 ENGENHEIRO COELHO,182,100,282
351518 ESPIRITO SANTO DO PINHAL,961,155,1116
351519 ESPIRITO SANTO DO TURVO,54,-,54
351520 ESTRELA D'OESTE,156,16,172
351530 ESTRELA DO NORTE,72,-,72
351535 EUCLIDES DA CUNHA PAULISTA,118,8,126
351540 FARTURA,222,20,242
351550 FERNANDOPOLIS,1381,501,1882
351560 FERNANDO PRESTES,102,2,104
351565 FERNAO,50,-,50
351570 FERRAZ DE VASCONCELOS,2012,69,2081
351580 FLORA RICA,42,-,42
351590 FLOREAL,36,-,36
351600 FLORIDA PAULISTA,121,8,129
351610 FLORINIA,69,-,69
351620 FRANCA,4770,1793,6563
351630 FRANCISCO MORATO,1891,112,2003
351640 FRANCO DA ROCHA,2642,255,2897
351650 GABRIEL MONTEIRO,41,1,42
351660 GALIA,124,4,128
351670 GARCA,832,86,918
351680 GASTAO VIDIGAL,47,-,47
351685 GAVIAO PEIXOTO,94,3,97
351690 GENERAL SALGADO,105,15,120
351700 GETULINA,126,12,138
351710 GLICERIO,61,-,61
351720 GUAICARA,145,10,155
351730 GUAIMBE,70,-,70
351740 GUAIRA,473,77,550
351750 GUAPIACU,279,6,285
351760 GUAPIARA,208,2,210
351770 GUARA,300,34,334
351780 GUARACAI,133,6,139
351790 GUARACI,155,13,168
351800 GUARANI D'OESTE,51,2,53
351810 GUARANTA,100,-,100
351820 GUARARAPES,321,57,378
351830 GUARAREMA,347,45,392
351840 GUARATINGUETA,2171,1453,3624
351850 GUAREI,174,3,177
351860 GUARIBA,390,86,476
351870 GUARUJA,3814,737,4551
351880 GUARULHOS,14074,4451,18525
351885 GUATAPARA,127,1,128
351890 GUZOLANDIA,59,-,59
351900 HERCULANDIA,129,3,132
351905 HOLAMBRA,92,34,126
351907 HORTOLANDIA,1793,349,2142
351910 IACANGA,129,8,137
351920 IACRI,80,-,80
351925 IARAS,98,-,98
351930 IBATE,209,52,261
351940 IBIRA,122,12,134
351950 IBIRAREMA,83,9,92
351960 IBITINGA,680,139,819
351970 IBIUNA,551,122,673
351980 ICEM,148,31,179
351990 IEPE,148,15,163
352000 IGARACU DO TIETE,159,4,163
352010 IGARAPAVA,401,56,457
352020 IGARATA,125,1,126
352030 IGUAPE,377,14,391
352040 ILHABELA,1021,55,1076
352042 ILHA COMPRIDA,167,9,176
352044 ILHA SOLTEIRA,488,107,595
352050 INDAIATUBA,2544,972,3516
352060 INDIANA,73,3,76
352070 INDIAPORA,88,12,100
352080 INUBIA PAULISTA,46,-,46
352090 IPAUSSU,152,9,161
352100 IPERO,326,14,340
352110 IPEUNA,152,9,161
352115 IPIGUA,86,-,86
352120 IPORANGA,90,-,90
352130 IPUA,294,58,352
352140 IRACEMAPOLIS,188,18,206
352150 IRAPUA,101,7,108
352160 IRAPURU,113,-,113
352170 ITABERA,253,3,256
352180 ITAI,185,6,191
352190 ITAJOBI,179,16,195
352200 ITAJU,36,-,36
352210 ITANHAEM,1796,160,1956
352215 ITAOCA,36,-,36
352220 ITAPECERICA DA SERRA,1944,587,2531
352230 ITAPETININGA,2113,550,2663
352240 ITAPEVA,1573,346,1919
352250 ITAPEVI,2658,921,3579
352260 ITAPIRA,1543,672,2215
352265 ITAPIRAPUA PAULISTA,78,-,78
352270 ITAPOLIS,457,59,516
352280 ITAPORANGA,210,33,243
352290 ITAPUI,144,5,149
352300 ITAPURA,55,3,58
352310 ITAQUAQUECETUBA,2392,245,2637
352320 ITARARE,558,58,616
352330 ITARIRI,201,12,213
352340 ITATIBA,1295,224,1519
352350 ITATINGA,131,7,138
352360 ITIRAPINA,279,23,302
352370 ITIRAPUA,80,-,80
352380 ITOBI,57,4,61
352390 ITU,2333,635,2968
352400 ITUPEVA,698,120,818
352410 ITUVERAVA,738,196,934
352420 JABORANDI,112,7,119
352430 JABOTICABAL,1052,340,1392
352440 JACAREI,3176,2071,5247
352450 JACI,187,13,200
352460 JACUPIRANGA,234,7,241
352470 JAGUARIUNA,1174,111,1285
352480 JALES,1284,215,1499
352490 JAMBEIRO,77,-,77
352500 JANDIRA,673,123,796
352510 JARDINOPOLIS,363,54,417
352520 JARINU,269,33,302
352530 JAU,4232,601,4833
352540 JERIQUARA,63,-,63
352550 JOANOPOLIS,124,11,135
352560 JOAO RAMALHO,74,1,75
352570 JOSE BONIFACIO,320,74,394
352580 JULIO MESQUITA,56,4,60
352585 JUMIRIM,51,1,52
352590 JUNDIAI,6117,4143,10260
352600 JUNQUEIROPOLIS,279,17,296
352610 JUQUIA,213,3,216
352620 JUQUITIBA,316,7,323
352630 LAGOINHA,69,13,82
352640 LARANJAL PAULISTA,298,49,347
352650 LAVINIA,91,-,91
352660 LAVRINHAS,63,9,72
352670 LEME,1237,295,1532
352680 LENCOIS PAULISTA,860,262,1122
352690 LIMEIRA,3491,3150,6641
352700 LINDOIA,103,17,120
352710 LINS,1176,652,1828
352720 LORENA,1179,1182,2361
352725 LOURDES,31,-,31
352730 LOUVEIRA,708,44,752
352740 LUCELIA,221,19,240
352750 LUCIANOPOLIS,37,-,37
352760 LUIS ANTONIO,249,14,263
352770 LUIZIANIA,61,4,65
352780 LUPERCIO,42,-,42
352790 LUTECIA,64,-,64
352800 MACATUBA,149,25,174
352810 MACAUBAL,115,5,120
352820 MACEDONIA,74,1,75
352830 MAGDA,63,-,63
352840 MAIRINQUE,373,57,430
352850 MAIRIPORA,871,29,900
352860 MANDURI,131,32,163
352870 MARABA PAULISTA,61,-,61
352880 MARACAI,144,17,161
352885 MARAPOAMA,62,1,63
352890 MARIAPOLIS,42,1,43
352900 MARILIA,6434,931,7365
352910 MARINOPOLIS,47,-,47
352920 MARTINOPOLIS,331,54,385
352930 MATAO,1097,284,1381
352940 MAUA,3728,1973,5701
352950 MENDONCA,105,2,107
352960 MERIDIANO,49,13,62
352965 MESOPOLIS,44,1,45
352970 MIGUELOPOLIS,370,27,397
352980 MINEIROS DO TIETE,128,-,128
352990 MIRACATU,265,1,266
353000 MIRA ESTRELA,74,1,75
353010 MIRANDOPOLIS,415,74,489
353020 MIRANTE DO PARANAPANEMA,319,18,337
353030 MIRASSOL,487,190,677
353040 MIRASSOLANDIA,67,-,67
353050 MOCOCA,1034,289,1323
353060 MOGI DAS CRUZES,6107,4059,10166
353070 MOGI GUACU,2068,670,2738
353080 MOGI MIRIM,1326,700,2026
353090 MOMBUCA,49,-,49
353100 MONCOES,70,1,71
353110 MONGAGUA,402,43,445
353120 MONTE ALEGRE DO SUL,103,8,111
353130 MONTE ALTO,615,248,863
353140 MONTE APRAZIVEL,210,45,255
353150 MONTE AZUL PAULISTA,233,27,260
353160 MONTE CASTELO,67,-,67
353170 MONTEIRO LOBATO,80,10,90
353180 MONTE MOR,457,76,533
353190 MORRO AGUDO,527,65,592
353200 MORUNGABA,124,10,134
353205 MOTUCA,58,1,59
353210 MURUTINGA DO SUL,55,2,57
353215 NANTES,67,-,67
353220 NARANDIBA,96,-,96
353230 NATIVIDADE DA SERRA,64,-,64
353240 NAZARE PAULISTA,125,10,135
353250 NEVES PAULISTA,84,4,88
353260 NHANDEARA,194,74,268
353270 NIPOA,83,2,85
353280 NOVA ALIANCA,139,1,140
353282 NOVA CAMPINA,120,-,120
353284 NOVA CANAA PAULISTA,43,-,43
353286 NOVA CASTILHO,46,-,46
353290 NOVA EUROPA,142,19,161
353300 NOVA GRANADA,231,35,266
353310 NOVA GUATAPORANGA,52,-,52
353320 NOVA INDEPENDENCIA,67,4,71
353325 NOVAIS,74,-,74
353330 NOVA LUZITANIA,35,1,36
353340 NOVA ODESSA,380,64,444
353350 NOVO HORIZONTE,602,106,708
353360 NUPORANGA,90,17,107
353370 OCAUCU,46,-,46
353380 OLEO,32,-,32
353390 OLIMPIA,755,191,946
353400 ONDA VERDE,83,3,86
353410 ORIENTE,87,5,92
353420 ORINDIUVA,136,15,151
353430 ORLANDIA,377,228,605
353440 OSASCO,6818,7180,13998
353450 OSCAR BRESSANE,67,-,67
353460 OSVALDO CRUZ,369,66,435
353470 OURINHOS,1664,701,2365
353475 OUROESTE,227,20,247
353480 OURO VERDE,88,4,92
353490 PACAEMBU,177,8,185
353500 PALESTINA,159,25,184
353510 PALMARES PAULISTA,106,24,130
353520 PALMEIRA D'OESTE,109,10,119
353530 PALMITAL,345,38,383
353540 PANORAMA,167,10,177
353550 PARAGUACU PAULISTA,610,51,661
353560 PARAIBUNA,183,13,196
353570 PARAISO,104,2,106
353580 PARANAPANEMA,171,33,204
353590 PARANAPUA,58,-,58
353600 PARAPUA,108,-,108
353610 PARDINHO,70,1,71
353620 PARIQUERA-ACU,1340,9,1349
353625 PARISI,56,-,56
353630 PATROCINIO PAULISTA,250,2,252
353640 PAULICEIA,128,5,133
353650 PAULINIA,1294,360,1654
353657 PAULISTANIA,47,-,47
353660 PAULO DE FARIA,96,1,97
353670 PEDERNEIRAS,559,138,697
353680 PEDRA BELA,70,-,70
353690 PEDRANOPOLIS,43,-,43
353700 PEDREGULHO,221,12,233
353710 PEDREIRA,331,69,400
353715 PEDRINHAS PAULISTA,62,-,62
353720 PEDRO DE TOLEDO,164,7,171
353730 PENAPOLIS,769,201,970
353740 PEREIRA BARRETO,246,61,307
353750 PEREIRAS,77,2,79
353760 PERUIBE,646,123,769
353770 PIACATU,59,3,62
353780 PIEDADE,286,62,348
353790 PILAR DO SUL,225,27,252
353800 PINDAMONHANGABA,1954,1054,3008
353810 PINDORAMA,180,8,188
353820 PINHALZINHO,95,12,107
353830 PIQUEROBI,49,-,49
353850 PIQUETE,122,10,132
353860 PIRACAIA,207,18,225
353870 PIRACICABA,5757,3498,9255
353880 PIRAJU,454,70,524
353890 PIRAJUI,520,32,552
353900 PIRANGI,131,24,155
353910 PIRAPORA DO BOM JESUS,154,9,163
353920 PIRAPOZINHO,273,38,311
353930 PIRASSUNUNGA,1261,423,1684
353940 PIRATININGA,149,5,154
353950 PITANGUEIRAS,442,99,541
353960 PLANALTO,85,-,85
353970 PLATINA,67,-,67
353980 POA,507,129,636
353990 POLONI,83,23,106
354000 POMPEIA,378,80,458
354010 PONGAI,51,-,51
354020 PONTAL,493,109,602
354025 PONTALINDA,42,-,42
354030 PONTES GESTAL,92,1,93
354040 POPULINA,71,19,90
354050 PORANGABA,108,10,118
354060 PORTO FELIZ,659,71,730
354070 PORTO FERREIRA,553,150,703
354075 POTIM,159,7,166
354080 POTIRENDABA,158,40,198
354085 PRACINHA,56,-,56
354090 PRADOPOLIS,166,20,186
354100 PRAIA GRANDE,4094,694,4788
354105 PRATANIA,53,1,54
354110 PRESIDENTE ALVES,42,-,42
354120 PRESIDENTE BERNARDES,210,28,238
354130 PRESIDENTE EPITACIO,550,66,616
354140 PRESIDENTE PRUDENTE,5844,2056,7900
354150 PRESIDENTE VENCESLAU,537,66,603
354160 PROMISSAO,704,41,745
354165 QUADRA,63,2,65
354170 QUATA,205,23,228
354180 QUEIROZ,68,-,68
354190 QUELUZ,118,1,119
354200 QUINTANA,100,8,108
354210 RAFARD,71,-,71
354220 RANCHARIA,383,129,512
354230 REDENCAO DA SERRA,58,1,59
354240 REGENTE FEIJO,249,39,288
354250 REGINOPOLIS,91,4,95
354260 REGISTRO,1644,225,1869
354270 RESTINGA,92,-,92
354280 RIBEIRA,69,-,69
354290 RIBEIRAO BONITO,89,15,104
354300 RIBEIRAO BRANCO,194,5,199
354310 RIBEIRAO CORRENTE,34,-,34
354320 RIBEIRAO DO SUL,64,-,64
354323 RIBEIRAO DOS INDIOS,52,-,52
354325 RIBEIRAO GRANDE,45,-,45
354330 RIBEIRAO PIRES,1028,596,1624
354340 RIBEIRAO PRETO,13329,5381,18710
354350 RIVERSUL,74,-,74
354360 RIFAINA,84,-,84
354370 RINCAO,101,6,107
354380 RINOPOLIS,111,1,112
354390 RIO CLARO,2687,1680,4367
354400 RIO DAS PEDRAS,212,56,268
354410 RIO GRANDE DA SERRA,179,4,183
354420 RIOLANDIA,138,3,141
354425 ROSANA,418,19,437
354430 ROSEIRA,164,10,174
354440 RUBIACEA,41,1,42
354450 RUBINEIA,68,-,68
354460 SABINO,61,2,63
354470 SAGRES,32,-,32
354480 SALES,84,1,85
354490 SALES OLIVEIRA,165,32,197
354500 SALESOPOLIS,142,3,145
354510 SALMOURAO,45,-,45
354515 SALTINHO,90,12,102
354520 SALTO,997,262,1259
354530 SALTO DE PIRAPORA,482,54,536
354540 SALTO GRANDE,139,-,139
354550 SANDOVALINA,86,5,91
354560 SANTA ADELIA,182,31,213
354570 SANTA ALBERTINA,72,11,83
354580 SANTA BARBARA D'OESTE,1511,416,1927
354600 SANTA BRANCA,139,13,152
354610 SANTA CLARA D'OESTE,62,3,65
354620 SANTA CRUZ DA CONCEICAO,39,-,39
354625 SANTA CRUZ DA ESPERANCA,53,-,53
354630 SANTA CRUZ DAS PALMEIRAS,278,75,353
354640 SANTA CRUZ DO RIO PARDO,792,91,883
354650 SANTA ERNESTINA,45,4,49
354660 SANTA FE DO SUL,608,104,712
354670 SANTA GERTRUDES,217,33,250
354680 SANTA ISABEL,682,98,780
354690 SANTA LUCIA,57,-,57
354700 SANTA MARIA DA SERRA,54,3,57
354710 SANTA MERCEDES,61,2,63
354720 SANTANA DA PONTE PENSA,42,3,45
354730 SANTANA DE PARNAIBA,1918,118,2036
354740 SANTA RITA D'OESTE,47,-,47
354750 SANTA RITA DO PASSA QUATRO,475,41,516
354760 SANTA ROSA DE VITERBO,204,72,276
354765 SANTA SALETE,35,-,35
354770 SANTO ANASTACIO,186,37,223
354780 SANTO ANDRE,8501,6256,14757
354790 SANTO ANTONIO DA ALEGRIA,115,2,117
354800 SANTO ANTONIO DE POSSE,239,108,347
354805 SANTO ANTONIO DO ARACANGUA,130,2,132
354810 SANTO ANTONIO DO JARDIM,68,2,70
354820 SANTO ANTONIO DO PINHAL,90,3,93
354830 SANTO EXPEDITO,48,-,48
354840 SANTOPOLIS DO AGUAPEI,58,-,58
354850 SANTOS,10274,5748,16022
354860 SAO BENTO DO SAPUCAI,149,7,156
354870 SAO BERNARDO DO CAMPO,10175,6570,16745
354880 SAO CAETANO DO SUL,3406,1498,4904
354890 SAO CARLOS,3405,1276,4681
354900 SAO FRANCISCO,57,1,58
354910 SAO JOAO DA BOA VISTA,1717,1220,2937
354920 SAO JOAO DAS DUAS PONTES,29,-,29
354925 SAO JOAO DE IRACEMA,39,-,39
354930 SAO JOAO DO PAU D'ALHO,45,3,48
354940 SAO JOAQUIM DA BARRA,709,171,880
354950 SAO JOSE DA BELA VISTA,84,-,84
354960 SAO JOSE DO BARREIRO,47,1,48
354970 SAO JOSE DO RIO PARDO,855,333,1188
354980 SAO JOSE DO RIO PRETO,10907,3459,14366
354990 SAO JOSE DOS CAMPOS,10851,6131,16982
354995 SAO LOURENCO DA SERRA,159,12,171
355000 SAO LUIS DO PARAITINGA,116,1,117
355010 SAO MANUEL,424,76,500
355020 SAO MIGUEL ARCANJO,395,48,443
355030 SAO PAULO,177498,100746,278244
355040 SAO PEDRO,541,88,629
355050 SAO PEDRO DO TURVO,85,-,85
355060 SAO ROQUE,750,960,1710
355070 SAO SEBASTIAO,1401,324,1725
355080 SAO SEBASTIAO DA GRAMA,138,20,158
355090 SAO SIMAO,176,25,201
355100 SAO VICENTE,1832,365,2197
355110 SARAPUI,112,1,113
355120 SARUTAIA,30,-,30
355130 SEBASTIANOPOLIS DO SUL,73,-,73
355140 SERRA AZUL,114,2,116
355150 SERRANA,569,61,630
355160 SERRA NEGRA,311,35,346
355170 SERTAOZINHO,1495,1200,2695
355180 SETE BARRAS,110,5,115
355190 SEVERINIA,125,7,132
355200 SILVEIRAS,102,-,102
355210 SOCORRO,374,41,415
355220 SOROCABA,10013,6951,16964
355230 SUD MENNUCCI,156,7,163
355240 SUMARE,2434,575,3009
355250 SUZANO,2006,649,2655
355255 SUZANAPOLIS,52,15,67
355260 TABAPUA,178,14,192
355270 TABATINGA,131,36,167
355280 TABOAO DA SERRA,3134,787,3921
355290 TACIBA,85,-,85
355300 TAGUAI,144,5,149
355310 TAIACU,72,4,76
355320 TAIUVA,71,10,81
355330 TAMBAU,243,98,341
355340 TANABI,266,29,295
355350 TAPIRAI,77,-,77
355360 TAPIRATIBA,129,17,146
355365 TAQUARAL,47,-,47
355370 TAQUARITINGA,549,170,719
355380 TAQUARITUBA,266,12,278
355385 TAQUARIVAI,77,-,77
355390 TARABAI,91,-,91
355395 TARUMA,156,6,162
355400 TATUI,1339,809,2148
355410 TAUBATE,5477,1741,7218
355420 TEJUPA,29,-,29
355430 TEODORO SAMPAIO,322,37,359
355440 TERRA ROXA,98,4,102
355450 TIETE,392,107,499
355460 TIMBURI,50,-,50
355465 TORRE DE PEDRA,39,1,40
355470 TORRINHA,94,3,97
355475 TRABIJU,45,-,45
355480 TREMEMBE,279,33,312
355490 TRES FRONTEIRAS,45,2,47
355495 TUIUTI,41,-,41
355500 TUPA,1160,228,1388
355510 TUPI PAULISTA,260,31,291
355520 TURIUBA,37,-,37
355530 TURMALINA,53,-,53
355535 UBARANA,71,-,71
355540 UBATUBA,1515,105,1620
355550 UBIRAJARA,63,-,63
355560 UCHOA,119,15,134
355570 UNIAO PAULISTA,50,-,50
355580 URANIA,119,-,119
355590 URU,31,-,31
355600 URUPES,143,28,171
355610 VALENTIM GENTIL,168,14,182
355620 VALINHOS,1166,690,1856
355630 VALPARAISO,273,36,309
355635 VARGEM,73,4,77
355640 VARGEM GRANDE DO SUL,356,101,457
355645 VARGEM GRANDE PAULISTA,296,87,383
355650 VARZEA PAULISTA,460,79,539
355660 VERA CRUZ,98,10,108
355670 VINHEDO,840,291,1131
355680 VIRADOURO,254,29,283
355690 VISTA ALEGRE DO ALTO,54,5,59
355695 VITORIA BRASIL,28,-,28
355700 VOTORANTIM,914,348,1262
355710 VOTUPORANGA,2075,693,2768
355715 ZACARIAS,42,-,42
355720 CHAVANTES,96,5,101
355730 ESTIVA GERBI,126,-,126
410010 ABATIA,63,3,66
410020 ADRIANOPOLIS,117,9,126
410030 AGUDOS DO SUL,119,16,135
410040 ALMIRANTE TAMANDARE,674,97,771
410045 ALTAMIRA DO PARANA,103,-,103
410050 ALTONIA,168,79,247
410060 ALTO PARANA,119,6,125
410070 ALTO PIQUIRI,87,17,104
410080 ALVORADA DO SUL,152,5,157
410090 AMAPORA,69,-,69
410100 AMPERE,211,87,298
410105 ANAHY,74,-,74
410110 ANDIRA,179,43,222
410115 ANGULO,55,4,59
410120 ANTONINA,229,13,242
410130 ANTONIO OLINTO,99,5,104
410140 APUCARANA,1945,463,2408
410150 ARAPONGAS,1658,329,1987
410160 ARAPOTI,256,50,306
410165 ARAPUA,36,-,36
410170 ARARUNA,158,77,235
410180 ARAUCARIA,2586,637,3223
410185 ARIRANHA DO IVAI,40,-,40
410190 ASSAI,146,39,185
410200 ASSIS CHATEAUBRIAND,400,115,515
410210 ASTORGA,339,62,401
410220 ATALAIA,78,4,82
410230 BALSA NOVA,149,6,155
410240 BANDEIRANTES,358,101,459
410250 BARBOSA FERRAZ,188,56,244
410260 BARRACAO,112,27,139
410270 BARRA DO JACARE,33,-,33
410275 BELA VISTA DA CAROBA,50,2,52
410280 BELA VISTA DO PARAISO,163,28,191
410290 BITURUNA,213,8,221
410300 BOA ESPERANCA,65,19,84
410302 BOA ESPERANCA DO IGUACU,37,-,37
410304 BOA VENTURA DE SAO ROQUE,56,-,56
410305 BOA VISTA DA APARECIDA,123,5,128
410310 BOCAIUVA DO SUL,162,8,170
410315 BOM JESUS DO SUL,47,-,47
410320 BOM SUCESSO,108,9,117
410322 BOM SUCESSO DO SUL,58,1,59
410330 BORRAZOPOLIS,103,14,117
410335 BRAGANEY,76,4,80
410337 BRASILANDIA DO SUL,101,8,109
410340 CAFEARA,43,-,43
410345 CAFELANDIA,221,69,290
410347 CAFEZAL DO SUL,68,1,69
410350 CALIFORNIA,75,3,78
410360 CAMBARA,226,43,269
410370 CAMBE,1354,239,1593
410380 CAMBIRA,102,10,112
410390 CAMPINA DA LAGOA,143,44,187
410395 CAMPINA DO SIMAO,47,8,55
410400 CAMPINA GRANDE DO SUL,2127,1010,3137
410405 CAMPO BONITO,69,2,71
410410 CAMPO DO TENENTE,117,9,126
410420 CAMPO LARGO,3209,481,3690
410425 CAMPO MAGRO,231,7,238
410430 CAMPO MOURAO,2307,1615,3922
410440 CANDIDO DE ABREU,179,6,185
410442 CANDOI,141,11,152
410445 CANTAGALO,100,10,110
410450 CAPANEMA,164,34,198
410460 CAPITAO LEONIDAS MARQUES,164,17,181
410465 CARAMBEI,196,67,263
410470 CARLOPOLIS,152,7,159
410480 CASCAVEL,9292,2157,11449
410490 CASTRO,711,200,911
410500 CATANDUVAS,131,4,135
410510 CENTENARIO DO SUL,145,16,161
410520 CERRO AZUL,154,3,157
410530 CEU AZUL,146,18,164
410540 CHOPINZINHO,414,141,555
410550 CIANORTE,1453,216,1669
410560 CIDADE GAUCHA,111,30,141
410570 CLEVELANDIA,143,12,155
410580 COLOMBO,1516,263,1779
410590 COLORADO,525,91,616
410600 CONGONHINHAS,93,3,96
410610 CONSELHEIRO MAIRINCK,55,5,60
410620 CONTENDA,192,23,215
410630 CORBELIA,333,107,440
410640 CORNELIO PROCOPIO,925,235,1160
410645 CORONEL DOMINGOS SOARES,89,1,90
410650 CORONEL VIVIDA,307,39,346
410655 CORUMBATAI DO SUL,57,9,66
410657 CRUZEIRO DO IGUACU,70,4,74
410660 CRUZEIRO DO OESTE,230,20,250
410670 CRUZEIRO DO SUL,57,2,59
410680 CRUZ MACHADO,178,5,183
410685 CRUZMALTINA,48,1,49
410690 CURITIBA,31860,18245,50105
410700 CURIUVA,158,17,175
410710 DIAMANTE DO NORTE,72,1,73
410712 DIAMANTE DO SUL,46,-,46
410715 DIAMANTE D'OESTE,52,1,53
410720 DOIS VIZINHOS,553,149,702
410725 DOURADINA,119,19,138
410730 DOUTOR CAMARGO,102,7,109
410740 ENEAS MARQUES,77,9,86
410750 ENGENHEIRO BELTRAO,182,83,265
410752 ESPERANCA NOVA,49,4,53
410753 ENTRE RIOS DO OESTE,52,9,61
410754 ESPIGAO ALTO DO IGUACU,62,3,65
410755 FAROL,43,4,47
410760 FAXINAL,157,54,211
410765 FAZENDA RIO GRANDE,662,300,962
410770 FENIX,54,17,71
410773 FERNANDES PINHEIRO,73,1,74
410775 FIGUEIRA,88,14,102
410780 FLORAI,72,19,91
410785 FLOR DA SERRA DO SUL,78,7,85
410790 FLORESTA,112,23,135
410800 FLORESTOPOLIS,135,15,150
410810 FLORIDA,52,-,52
410820 FORMOSA DO OESTE,81,2,83
410830 FOZ DO IGUACU,4586,898,5484
410832 FRANCISCO ALVES,75,2,77
410840 FRANCISCO BELTRAO,2184,702,2886
410845 FOZ DO JORDAO,52,9,61
410850 GENERAL CARNEIRO,96,23,119
410855 GODOY MOREIRA,50,1,51
410860 GOIOERE,422,260,682
410865 GOIOXIM,98,3,101
410870 GRANDES RIOS,70,8,78
410880 GUAIRA,403,191,594
410890 GUAIRACA,100,3,103
410895 GUAMIRANGA,95,4,99
410900 GUAPIRAMA,51,1,52
410910 GUAPOREMA,35,1,36
410920 GUARACI,90,2,92
410930 GUARANIACU,202,17,219
410940 GUARAPUAVA,3163,555,3718
410950 GUARAQUECABA,112,1,113
410960 GUARATUBA,383,70,453
410965 HONORIO SERPA,106,1,107
410970 IBAITI,266,43,309
410975 IBEMA,72,1,73
410980 IBIPORA,792,115,907
410990 ICARAIMA,124,4,128
411000 IGUARACU,72,13,85
411005 IGUATU,48,-,48
411007 IMBAU,82,6,88
411010 IMBITUVA,278,38,316
411020 INACIO MARTINS,153,12,165
411030 INAJA,54,-,54
411040 INDIANOPOLIS,69,4,73
411050 IPIRANGA,166,16,182
411060 IPORA,213,24,237
411065 IRACEMA DO OESTE,46,-,46
411070 IRATI,792,253,1045
411080 IRETAMA,124,62,186
411090 ITAGUAJE,58,1,59
411095 ITAIPULANDIA,159,23,182
411100 ITAMBARACA,75,-,75
411110 ITAMBE,66,18,84
411120 ITAPEJARA D'OESTE,125,9,134
411125 ITAPERUCU,209,12,221
411130 ITAUNA DO SUL,60,2,62
411140 IVAI,104,3,107
411150 IVAIPORA,891,130,1021
411155 IVATE,82,7,89
411160 IVATUBA,54,1,55
411170 JABOTI,89,5,94
411180 JACAREZINHO,732,89,821
411190 JAGUAPITA,228,14,242
411200 JAGUARIAIVA,326,59,385
411210 JANDAIA DO SUL,379,71,450
411220 JANIOPOLIS,120,30,150
411230 JAPIRA,68,2,70
411240 JAPURA,87,4,91
411250 JARDIM ALEGRE,96,9,105
411260 JARDIM OLINDA,31,-,31
411270 JATAIZINHO,116,1,117
411275 JESUITAS,103,1,104
411280 JOAQUIM TAVORA,133,15,148
411290 JUNDIAI DO SUL,58,1,59
411295 JURANDA,126,34,160
411300 JUSSARA,91,12,103
411310 KALORE,119,-,119
411320 LAPA,776,93,869
411325 LARANJAL,64,-,64
411330 LARANJEIRAS DO SUL,442,80,522
411340 LEOPOLIS,64,-,64
411342 LIDIANOPOLIS,37,1,38
411345 LINDOESTE,97,1,98
411350 LOANDA,328,90,418
411360 LOBATO,65,5,70
411370 LONDRINA,11902,2161,14063
411373 LUIZIANA,102,3,105
411375 LUNARDELLI,58,2,60
411380 LUPIONOPOLIS,88,1,89
411390 MALLET,156,43,199
411400 MAMBORE,162,80,242
411410 MANDAGUACU,211,33,244
411420 MANDAGUARI,376,196,572
411430 MANDIRITUBA,196,8,204
411435 MANFRINOPOLIS,46,1,47
411440 MANGUEIRINHA,210,8,218
411450 MANOEL RIBAS,177,12,189
411460 MARECHAL CANDIDO RONDON,502,329,831
411470 MARIA HELENA,69,3,72
411480 MARIALVA,352,65,417
411490 MARILANDIA DO SUL,104,3,107
411500 MARILENA,86,4,90
411510 MARILUZ,74,24,98
411520 MARINGA,7927,4135,12062
411530 MARIOPOLIS,82,5,87
411535 MARIPA,84,4,88
411540 MARMELEIRO,173,53,226
411545 MARQUINHO,51,1,52
411550 MARUMBI,47,4,51
411560 MATELANDIA,241,60,301
411570 MATINHOS,381,76,457
411573 MATO RICO,48,1,49
411575 MAUA DA SERRA,108,11,119
411580 MEDIANEIRA,563,203,766
411585 MERCEDES,74,23,97
411590 MIRADOR,46,-,46
411600 MIRASELVA,43,-,43
411605 MISSAL,191,27,218
411610 MOREIRA SALES,153,56,209
411620 MORRETES,185,48,233
411630 MUNHOZ DE MELO,70,5,75
411640 NOSSA SENHORA DAS GRACAS,68,12,80
411650 NOVA ALIANCA DO IVAI,28,-,28
411660 NOVA AMERICA DA COLINA,46,-,46
411670 NOVA AURORA,164,10,174
411680 NOVA CANTU,78,22,100
411690 NOVA ESPERANCA,244,72,316
411695 NOVA ESPERANCA DO SUDOESTE,60,3,63
411700 NOVA FATIMA,65,5,70
411705 NOVA LARANJEIRAS,145,8,153
411710 NOVA LONDRINA,131,18,149
411720 NOVA OLIMPIA,86,4,90
411721 NOVA SANTA BARBARA,49,1,50
411722 NOVA SANTA ROSA,92,11,103
411725 NOVA PRATA DO IGUACU,94,23,117
411727 NOVA TEBAS,125,-,125
411729 NOVO ITACOLOMI,51,-,51
411730 ORTIGUEIRA,207,26,233
411740 OURIZONA,41,-,41
411745 OURO VERDE DO OESTE,74,2,76
411750 PAICANDU,370,19,389
411760 PALMAS,409,79,488
411770 PALMEIRA,423,58,481
411780 PALMITAL,115,9,124
411790 PALOTINA,413,127,540
411800 PARAISO DO NORTE,99,23,122
411810 PARANACITY,105,14,119
411820 PARANAGUA,1844,357,2201
411830 PARANAPOEMA,45,-,45
411840 PARANAVAI,1337,339,1676
411845 PATO BRAGADO,83,2,85
411850 PATO BRANCO,2284,910,3194
411860 PAULA FREITAS,78,6,84
411870 PAULO FRONTIN,69,7,76
411880 PEABIRU,119,70,189
411885 PEROBAL,69,1,70
411890 PEROLA,130,55,185
411900 PEROLA D'OESTE,73,6,79
411910 PIEN,130,34,164
411915 PINHAIS,1634,1017,2651
411920 PINHALAO,70,17,87
411925 PINHAL DE SAO BENTO,31,1,32
411930 PINHAO,229,33,262
411940 PIRAI DO SUL,218,30,248
411950 PIRAQUARA,1353,143,1496
411960 PITANGA,377,67,444
411965 PITANGUEIRAS,23,-,23
411970 PLANALTINA DO PARANA,65,-,65
411980 PLANALTO,134,32,166
411990 PONTA GROSSA,4183,1900,6083
411995 PONTAL DO PARANA,245,43,288
412000 PORECATU,132,9,141
412010 PORTO AMAZONAS,56,-,56
412015 PORTO BARREIRO,35,1,36
412020 PORTO RICO,51,-,51
412030 PORTO VITORIA,64,2,66
412033 PRADO FERREIRA,56,1,57
412035 PRANCHITA,134,25,159
412040 PRESIDENTE CASTELO BRANCO,75,1,76
412050 PRIMEIRO DE MAIO,109,13,122
412060 PRUDENTOPOLIS,432,86,518
412065 QUARTO CENTENARIO,58,1,59
412070 QUATIGUA,77,7,84
412080 QUATRO BARRAS,198,47,245
412085 QUATRO PONTES,30,15,45
412090 QUEDAS DO IGUACU,293,55,348
412100 QUERENCIA DO NORTE,118,5,123
412110 QUINTA DO SOL,83,8,91
412120 QUITANDINHA,177,49,226
412125 RAMILANDIA,43,3,46
412130 RANCHO ALEGRE,47,3,50
412135 RANCHO ALEGRE D'OESTE,28,12,40
412140 REALEZA,150,56,206
412150 REBOUCAS,225,49,274
412160 RENASCENCA,80,20,100
412170 RESERVA,190,27,217
412175 RESERVA DO IGUACU,92,1,93
412180 RIBEIRAO CLARO,92,16,108
412190 RIBEIRAO DO PINHAL,125,20,145
412200 RIO AZUL,221,59,280
412210 RIO BOM,50,4,54
412215 RIO BONITO DO IGUACU,145,3,148
412217 RIO BRANCO DO IVAI,54,2,56
412220 RIO BRANCO DO SUL,270,25,295
412230 RIO NEGRO,464,92,556
412240 ROLANDIA,740,169,909
412250 RONCADOR,145,47,192
412260 RONDON,94,17,111
412265 ROSARIO DO IVAI,70,2,72
412270 SABAUDIA,75,6,81
412280 SALGADO FILHO,51,3,54
412290 SALTO DO ITARARE,62,1,63
412300 SALTO DO LONTRA,169,37,206
412310 SANTA AMELIA,31,1,32
412320 SANTA CECILIA DO PAVAO,53,1,54
412330 SANTA CRUZ DE MONTE CASTELO,87,10,97
412340 SANTA FE,119,44,163
412350 SANTA HELENA,285,58,343
412360 SANTA INES,22,-,22
412370 SANTA ISABEL DO IVAI,72,7,79
412380 SANTA IZABEL DO OESTE,170,85,255
412382 SANTA LUCIA,52,1,53
412385 SANTA MARIA DO OESTE,95,3,98
412390 SANTA MARIANA,142,12,154
412395 SANTA MONICA,39,2,41
412400 SANTANA DO ITARARE,97,-,97
412402 SANTA TEREZA DO OESTE,112,2,114
412405 SANTA TEREZINHA DE ITAIPU,194,36,230
412410 SANTO ANTONIO DA PLATINA,722,103,825
412420 SANTO ANTONIO DO CAIUA,61,1,62
412430 SANTO ANTONIO DO PARAISO,52,-,52
412440 SANTO ANTONIO DO SUDOESTE,202,116,318
412450 SANTO INACIO,75,10,85
412460 SAO CARLOS DO IVAI,68,6,74
412470 SAO JERONIMO DA SERRA,120,14,134
412480 SAO JOAO,103,21,124
412490 SAO JOAO DO CAIUA,64,-,64
412500 SAO JOAO DO IVAI,132,8,140
412510 SAO JOAO DO TRIUNFO,122,6,128
412520 SAO JORGE D'OESTE,102,40,142
412530 SAO JORGE DO IVAI,68,11,79
412535 SAO JORGE DO PATROCINIO,88,8,96
412540 SAO JOSE DA BOA VISTA,93,2,95
412545 SAO JOSE DAS PALMEIRAS,61,2,63
412550 SAO JOSE DOS PINHAIS,2407,800,3207
412555 SAO MANOEL DO PARANA,40,-,40
412560 SAO MATEUS DO SUL,354,105,459
412570 SAO MIGUEL DO IGUACU,311,55,366
412575 SAO PEDRO DO IGUACU,87,-,87
412580 SAO PEDRO DO IVAI,87,-,87
412590 SAO PEDRO DO PARANA,37,1,38
412600 SAO SEBASTIAO DA AMOREIRA,108,6,114
412610 SAO TOME,54,2,56
412620 SAPOPEMA,95,8,103
412625 SARANDI,1056,117,1173
412627 SAUDADE DO IGUACU,68,-,68
412630 SENGES,156,4,160
412635 SERRANOPOLIS DO IGUACU,42,1,43
412640 SERTANEJA,110,8,118
412650 SERTANOPOLIS,169,48,217
412660 SIQUEIRA CAMPOS,204,46,250
412665 SULINA,49,-,49
412667 TAMARANA,170,16,186
412670 TAMBOARA,66,3,69
412680 TAPEJARA,110,10,120
412690 TAPIRA,75,-,75
412700 TEIXEIRA SOARES,140,2,142
412710 TELEMACO BORBA,711,232,943
412720 TERRA BOA,277,69,346
412730 TERRA RICA,188,15,203
412740 TERRA ROXA,140,28,168
412750 TIBAGI,167,4,171
412760 TIJUCAS DO SUL,248,16,264
412770 TOLEDO,2072,718,2790
412780 TOMAZINA,104,1,105
412785 TRES BARRAS DO PARANA,141,3,144
412788 TUNAS DO PARANA,60,2,62
412790 TUNEIRAS DO OESTE,83,3,86
412795 TUPASSI,83,6,89
412796 TURVO,193,26,219
412800 UBIRATA,316,227,543
412810 UMUARAMA,2719,556,3275
412820 UNIAO DA VITORIA,823,338,1161
412830 UNIFLOR,44,-,44
412840 URAI,108,5,113
412850 WENCESLAU BRAZ,157,22,179
412853 VENTANIA,106,1,107
412855 VERA CRUZ DO OESTE,131,12,143
412860 VERE,93,28,121
412862 ALTO PARAISO,59,-,59
412863 DOUTOR ULYSSES,83,2,85
412865 VIRMOND,63,8,71
412870 VITORINO,70,3,73
412880 XAMBRE,64,1,65
420005 ABDON BATISTA,59,-,59
420010 ABELARDO LUZ,229,79,308
420020 AGROLANDIA,119,21,140
420030 AGRONOMICA,45,4,49
420040 AGUA DOCE,126,16,142
420050 AGUAS DE CHAPECO,71,1,72
420055 AGUAS FRIAS,30,4,34
420060 AGUAS MORNAS,93,1,94
420070 ALFREDO WAGNER,126,21,147
420075 ALTO BELA VISTA,37,-,37
420080 ANCHIETA,78,5,83
420090 ANGELINA,93,1,94
420100 ANITA GARIBALDI,172,4,176
420110 ANITAPOLIS,61,26,87
420120 ANTONIO CARLOS,157,72,229
420125 APIUNA,129,8,137
420127 ARABUTA,78,6,84
420130 ARAQUARI,492,42,534
420140 ARARANGUA,1253,439,1692
420150 ARMAZEM,168,9,177
420160 ARROIO TRINTA,74,20,94
420165 ARVOREDO,37,1,38
420170 ASCURRA,78,13,91
420180 ATALANTA,35,-,35
420190 AURORA,53,4,57
420195 BALNEARIO ARROIO DO SILVA,140,6,146
420200 BALNEARIO CAMBORIU,2355,1789,4144
420205 BALNEARIO BARRA DO SUL,174,5,179
420207 BALNEARIO GAIVOTA,117,23,140
420208 BANDEIRANTE,35,-,35
420209 BARRA BONITA,27,-,27
420210 BARRA VELHA,489,35,524
420213 BELA VISTA DO TOLDO,79,15,94
420215 BELMONTE,32,3,35
420220 BENEDITO NOVO,131,9,140
420230 BIGUACU,1157,339,1496
420240 BLUMENAU,6418,1686,8104
420243 BOCAINA DO SUL,59,8,67
420245 BOMBINHAS,353,39,392
420250 BOM JARDIM DA SERRA,76,13,89
420253 BOM JESUS,38,-,38
420257 BOM JESUS DO OESTE,38,1,39
420260 BOM RETIRO,124,10,134
420270 BOTUVERA,63,1,64
420280 BRACO DO NORTE,643,99,742
420285 BRACO DO TROMBUDO,69,2,71
420287 BRUNOPOLIS,33,-,33
420290 BRUSQUE,2042,451,2493
420300 CACADOR,1214,166,1380
420310 CAIBI,127,8,135
420315 CALMON,56,1,57
420320 CAMBORIU,544,280,824
420325 CAPAO ALTO,37,-,37
420330 CAMPO ALEGRE,160,18,178
420340 CAMPO BELO DO SUL,116,30,146
420350 CAMPO ERE,143,25,168
420360 CAMPOS NOVOS,525,107,632
420370 CANELINHA,140,5,145
420380 CANOINHAS,912,331,1243
420390 CAPINZAL,219,158,377
420395 CAPIVARI DE BAIXO,247,12,259
420400 CATANDUVAS,100,23,123
420410 CAXAMBU DO SUL,82,11,93
420415 CELSO RAMOS,33,1,34
420417 CERRO NEGRO,42,3,45
420419 CHAPADAO DO LAGEADO,31,1,32
420420 CHAPECO,4010,1910,5920
420425 COCAL DO SUL,344,75,419
420430 CONCORDIA,1464,366,1830
420435 CORDILHEIRA ALTA,45,-,45
420440 CORONEL FREITAS,120,4,124
420445 CORONEL MARTINS,33,2,35
420450 CORUPA,174,56,230
420455 CORREIA PINTO,165,23,188
420460 CRICIUMA,3903,1693,5596
420470 CUNHA PORA,165,48,213
420475 CUNHATAI,28,1,29
420480 CURITIBANOS,901,182,1083
420490 DESCANSO,123,23,146
420500 DIONISIO CERQUEIRA,282,32,314
420510 DONA EMMA,44,-,44
420515 DOUTOR PEDRINHO,38,-,38
420517 ENTRE RIOS,46,-,46
420519 ERMO,41,2,43
420520 ERVAL VELHO,44,9,53
420530 FAXINAL DOS GUEDES,118,34,152
420535 FLOR DO SERTAO,34,-,34
420540 FLORIANOPOLIS,12549,6411,18960
420543 FORMOSA DO SUL,32,3,35
420545 FORQUILHINHA,304,24,328
420550 FRAIBURGO,471,99,570
420555 FREI ROGERIO,35,-,35
420560 GALVAO,51,1,52
420570 GAROPABA,421,56,477
420580 GARUVA,229,54,283
420590 GASPAR,698,56,754
420600 GOVERNADOR CELSO RAMOS,293,7,300
420610 GRAO PARA,77,1,78
420620 GRAVATAL,106,10,116
420630 GUABIRUBA,156,19,175
420640 GUARACIABA,163,12,175
420650 GUARAMIRIM,477,66,543
420660 GUARUJA DO SUL,92,9,101
420665 GUATAMBU,68,4,72
420670 HERVAL D'OESTE,219,51,270
420675 IBIAM,37,1,38
420680 IBICARE,32,28,60
420690 IBIRAMA,603,23,626
420700 ICARA,666,159,825
420710 ILHOTA,121,12,133
420720 IMARUI,158,13,171
420730 IMBITUBA,615,165,780
420740 IMBUIA,81,-,81
420750 INDAIAL,735,193,928
420757 IOMERE,54,-,54
420760 IPIRA,66,1,67
420765 IPORA DO OESTE,163,21,184
420768 IPUACU,79,2,81
420770 IPUMIRIM,74,8,82
420775 IRACEMINHA,62,5,67
420780 IRANI,164,12,176
420785 IRATI,42,-,42
420790 IRINEOPOLIS,114,8,122
420800 ITA,116,15,131
420810 ITAIOPOLIS,230,152,382
420820 ITAJAI,4829,2117,6946
420830 ITAPEMA,718,442,1160
420840 ITAPIRANGA,200,16,216
420845 ITAPOA,326,33,359
420850 ITUPORANGA,479,73,552
420860 JABORA,75,7,82
420870 JACINTO MACHADO,161,6,167
420880 JAGUARUNA,285,141,426
420890 JARAGUA DO SUL,3222,852,4074
420895 JARDINOPOLIS,35,1,36
420900 JOACABA,1330,338,1668
420910 JOINVILLE,8149,6132,14281
420915 JOSE BOITEUX,104,-,104
420917 JUPIA,40,-,40
420920 LACERDOPOLIS,26,-,26
420930 LAGES,3473,571,4044
420940 LAGUNA,608,60,668
420945 LAJEADO GRANDE,32,-,32
420950 LAURENTINO,56,6,62
420960 LAURO MULLER,237,15,252
420970 LEBON REGIS,109,6,115
420980 LEOBERTO LEAL,41,2,43
420985 LINDOIA DO SUL,75,5,80
420990 LONTRAS,155,5,160
421000 LUIZ ALVES,144,28,172
421003 LUZERNA,112,9,121
421005 MACIEIRA,34,-,34
421010 MAFRA,1320,128,1448
421020 MAJOR GERCINO,43,-,43
421030 MAJOR VIEIRA,92,3,95
421040 MARACAJA,66,3,69
421050 MARAVILHA,489,96,585
421055 MAREMA,35,-,35
421060 MASSARANDUBA,213,51,264
421070 MATOS COSTA,62,-,62
421080 MELEIRO,148,54,202
421085 MIRIM DOCE,23,1,24
421090 MODELO,66,10,76
421100 MONDAI,171,15,186
421105 MONTE CARLO,78,8,86
421110 MONTE CASTELO,93,2,95
421120 MORRO DA FUMACA,234,31,265
421125 MORRO GRANDE,28,1,29
421130 NAVEGANTES,625,162,787
421140 NOVA ERECHIM,82,8,90
421145 NOVA ITABERABA,47,2,49
421150 NOVA TRENTO,242,14,256
421160 NOVA VENEZA,251,26,277
421165 NOVO HORIZONTE,35,-,35
421170 ORLEANS,325,66,391
421175 OTACILIO COSTA,215,68,283
421180 OURO,41,13,54
421185 OURO VERDE,46,-,46
421187 PAIAL,37,-,37
421189 PAINEL,37,4,41
421190 PALHOCA,1591,1274,2865
421200 PALMA SOLA,152,8,160
421205 PALMEIRA,30,-,30
421210 PALMITOS,206,26,232
421220 PAPANDUVA,208,6,214
421223 PARAISO,54,5,59
421225 PASSO DE TORRES,106,2,108
421227 PASSOS MAIA,52,3,55
421230 PAULO LOPES,83,-,83
421240 PEDRAS GRANDES,45,5,50
421250 PENHA,339,47,386
421260 PERITIBA,58,1,59
421265 PESCARIA BRAVA,108,1,109
421270 PETROLANDIA,66,3,69
421280 BALNEARIO PICARRAS,307,59,366
421290 PINHALZINHO,300,68,368
421300 PINHEIRO PRETO,38,2,40
421310 PIRATUBA,57,7,64
421315 PLANALTO ALEGRE,46,6,52
421320 POMERODE,432,94,526
421330 PONTE ALTA,45,1,46
421335 PONTE ALTA DO NORTE,34,-,34
421340 PONTE SERRADA,150,21,171
421350 PORTO BELO,349,28,377
421360 PORTO UNIAO,546,119,665
421370 POUSO REDONDO,161,23,184
421380 PRAIA GRANDE,178,16,194
421390 PRESIDENTE CASTELLO BRANCO,21,3,24
421400 PRESIDENTE GETULIO,201,45,246
421410 PRESIDENTE NEREU,29,-,29
421415 PRINCESA,42,-,42
421420 QUILOMBO,158,26,184
421430 RANCHO QUEIMADO,58,4,62
421440 RIO DAS ANTAS,61,4,65
421450 RIO DO CAMPO,79,4,83
421460 RIO DO OESTE,40,5,45
421470 RIO DOS CEDROS,142,13,155
421480 RIO DO SUL,1302,328,1630
421490 RIO FORTUNA,76,2,78
421500 RIO NEGRINHO,459,108,567
421505 RIO RUFINO,56,7,63
421507 RIQUEZA,47,4,51
421510 RODEIO,99,19,118
421520 ROMELANDIA,57,1,58
421530 SALETE,90,5,95
421535 SALTINHO,35,-,35
421540 SALTO VELOSO,51,8,59
421545 SANGAO,117,-,117
421550 SANTA CECILIA,167,26,193
421555 SANTA HELENA,33,-,33
421560 SANTA ROSA DE LIMA,39,-,39
421565 SANTA ROSA DO SUL,105,3,108
421567 SANTA TEREZINHA,60,1,61
421568 SANTA TEREZINHA DO PROGRESSO,39,-,39
421569 SANTIAGO DO SUL,30,-,30
421570 SANTO AMARO DA IMPERATRIZ,510,87,597
421575 SAO BERNARDINO,35,-,35
421580 SAO BENTO DO SUL,1014,314,1328
421590 SAO BONIFACIO,60,10,70
421600 SAO CARLOS,166,17,183
421605 SAO CRISTOVAO DO SUL,48,-,48
421610 SAO DOMINGOS,84,27,111
421620 SAO FRANCISCO DO SUL,574,97,671
421625 SAO JOAO DO OESTE,94,4,98
421630 SAO JOAO BATISTA,284,36,320
421635 SAO JOAO DO ITAPERIU,63,29,92
421640 SAO JOAO DO SUL,74,3,77
421650 SAO JOAQUIM,335,74,409
421660 SAO JOSE,4000,1022,5022
421670 SAO JOSE DO CEDRO,197,20,217
421680 SAO JOSE DO CERRITO,83,1,84
421690 SAO LOURENCO DO OESTE,302,84,386
421700 SAO LUDGERO,126,1,127
421710 SAO MARTINHO,57,-,57
421715 SAO MIGUEL DA BOA VISTA,32,-,32
421720 SAO MIGUEL DO OESTE,845,266,1111
421725 SAO PEDRO DE ALCANTARA,211,1,212
421730 SAUDADES,90,20,110
421740 SCHROEDER,128,14,142
421750 SEARA,254,51,305
421755 SERRA ALTA,30,3,33
421760 SIDEROPOLIS,142,15,157
421770 SOMBRIO,473,73,546
421775 SUL BRASIL,32,3,35
421780 TAIO,196,36,232
421790 TANGARA,148,3,151
421795 TIGRINHOS,34,-,34
421800 TIJUCAS,626,97,723
421810 TIMBE DO SUL,117,4,121
421820 TIMBO,585,217,802
421825 TIMBO GRANDE,70,-,70
421830 TRES BARRAS,339,5,344
421835 TREVISO,71,2,73
421840 TREZE DE MAIO,101,4,105
421850 TREZE TILIAS,76,31,107
421860 TROMBUDO CENTRAL,117,7,124
421870 TUBARAO,1996,763,2759
421875 TUNAPOLIS,101,11,112
421880 TURVO,162,21,183
421885 UNIAO DO OESTE,25,-,25
421890 URUBICI,136,8,144
421895 URUPEMA,39,1,40
421900 URUSSANGA,269,40,309
421910 VARGEAO,59,3,62
421915 VARGEM,37,1,38
421917 VARGEM BONITA,52,1,53
421920 VIDAL RAMOS,101,6,107
421930 VIDEIRA,800,271,1071
421935 VITOR MEIRELES,57,5,62
421940 WITMARSUM,79,1,80
421950 XANXERE,967,233,1200
421960 XAVANTINA,54,2,56
421970 XAXIM,366,77,443
421985 ZORTEA,27,2,29
422000 BALNEARIO RINCAO,115,8,123
430003 ACEGUA,90,-,90
430005 AGUA SANTA,51,17,68
430010 AGUDO,163,35,198
430020 AJURICABA,153,4,157
430030 ALECRIM,100,3,103
430040 ALEGRETE,1281,142,1423
430045 ALEGRIA,70,2,72
430047 ALMIRANTE TAMANDARE DO SUL,45,1,46
430050 ALPESTRE,91,11,102
430055 ALTO ALEGRE,30,4,34
430057 ALTO FELIZ,66,-,66
430060 ALVORADA,1293,213,1506
430063 AMARAL FERRADOR,73,1,74
430064 AMETISTA DO SUL,116,3,119
430066 ANDRE DA ROCHA,35,-,35
430070 ANTA GORDA,86,15,101
430080 ANTONIO PRADO,208,62,270
430085 ARAMBARE,60,8,68
430087 ARARICA,115,2,117
430090 ARATIBA,119,22,141
430100 ARROIO DO MEIO,420,23,443
430105 ARROIO DO SAL,182,10,192
430107 ARROIO DO PADRE,71,-,71
430110 ARROIO DOS RATOS,135,37,172
430120 ARROIO DO TIGRE,192,27,219
430130 ARROIO GRANDE,226,14,240
430140 ARVOREZINHA,139,8,147
430150 AUGUSTO PESTANA,126,12,138
430155 AUREA,42,4,46
430160 BAGE,1579,224,1803
430163 BALNEARIO PINHAL,179,24,203
430165 BARAO,88,1,89
430170 BARAO DE COTEGIPE,62,6,68
430175 BARAO DO TRIUNFO,48,1,49
430180 BARRACAO,66,9,75
430185 BARRA DO GUARITA,48,-,48
430187 BARRA DO QUARAI,49,4,53
430190 BARRA DO RIBEIRO,147,14,161
430192 BARRA DO RIO AZUL,32,-,32
430195 BARRA FUNDA,41,1,42
430200 BARROS CASSAL,115,22,137
430205 BENJAMIN CONSTANT DO SUL,57,-,57
430210 BENTO GONCALVES,2370,413,2783
430215 BOA VISTA DAS MISSOES,42,-,42
430220 BOA VISTA DO BURICA,121,26,147
430222 BOA VISTA DO CADEADO,59,1,60
430223 BOA VISTA DO INCRA,37,-,37
430225 BOA VISTA DO SUL,20,1,21
430230 BOM JESUS,125,22,147
430235 BOM PRINCIPIO,147,23,170
430237 BOM PROGRESSO,40,-,40
430240 BOM RETIRO DO SUL,202,21,223
430245 BOQUEIRAO DO LEAO,93,8,101
430250 BOSSOROCA,74,7,81
430258 BOZANO,33,7,40
430260 BRAGA,45,-,45
430265 BROCHIER,58,2,60
430270 BUTIA,214,17,231
430280 CACAPAVA DO SUL,322,39,361
430290 CACEQUI,181,17,198
430300 CACHOEIRA DO SUL,1614,145,1759
430310 CACHOEIRINHA,1287,459,1746
430320 CACIQUE DOBLE,97,2,99
430330 CAIBATE,85,8,93
430340 CAICARA,72,8,80
430350 CAMAQUA,731,368,1099
430355 CAMARGO,46,1,47
430360 CAMBARA DO SUL,125,-,125
430367 CAMPESTRE DA SERRA,39,3,42
430370 CAMPINA DAS MISSOES,110,19,129
430380 CAMPINAS DO SUL,86,1,87
430390 CAMPO BOM,845,217,1062
430400 CAMPO NOVO,87,-,87
430410 CAMPOS BORGES,56,3,59
430420 CANDELARIA,339,77,416
430430 CANDIDO GODOI,105,15,120
430435 CANDIOTA,117,12,129
430440 CANELA,557,141,698
430450 CANGUCU,460,39,499
430460 CANOAS,6576,1563,8139
430461 CANUDOS DO VALE,35,1,36
430462 CAPAO BONITO DO SUL,32,-,32
430463 CAPAO DA CANOA,1087,159,1246
430465 CAPAO DO CIPO,57,1,58
430466 CAPAO DO LEAO,210,8,218
430467 CAPIVARI DO SUL,61,9,70
430468 CAPELA DE SANTANA,115,16,131
430469 CAPITAO,34,2,36
430470 CARAZINHO,1234,225,1459
430471 CARAA,68,-,68
430480 CARLOS BARBOSA,428,71,499
430485 CARLOS GOMES,30,-,30
430490 CASCA,134,34,168
430495 CASEIROS,47,-,47
430500 CATUIPE,105,13,118
430510 CAXIAS DO SUL,6282,3395,9677
430511 CENTENARIO,30,1,31
430512 CERRITO,50,-,50
430513 CERRO BRANCO,60,6,66
430515 CERRO GRANDE,39,1,40
430517 CERRO GRANDE DO SUL,106,2,108
430520 CERRO LARGO,152,44,196
430530 CHAPADA,137,8,145
430535 CHARQUEADAS,436,116,552
430537 CHARRUA,42,3,45
430540 CHIAPETTA,109,1,110
430543 CHUI,65,3,68
430544 CHUVISCA,47,4,51
430545 CIDREIRA,127,6,133
430550 CIRIACO,72,6,78
430558 COLINAS,48,1,49
430560 COLORADO,70,1,71
430570 CONDOR,89,2,91
430580 CONSTANTINA,153,8,161
430583 COQUEIRO BAIXO,32,-,32
430585 COQUEIROS DO SUL,40,-,40
430587 CORONEL BARROS,47,-,47
430590 CORONEL BICACO,113,7,120
430593 CORONEL PILAR,13,-,13
430595 COTIPORA,45,3,48
430597 COXILHA,71,-,71
430600 CRISSIUMAL,256,11,267
430605 CRISTAL,95,8,103
430607 CRISTAL DO SUL,45,2,47
430610 CRUZ ALTA,847,456,1303
430613 CRUZALTENSE,34,-,34
430620 CRUZEIRO DO SUL,124,17,141
430630 DAVID CANABARRO,115,3,118
430632 DERRUBADAS,36,-,36
430635 DEZESSEIS DE NOVEMBRO,34,1,35
430637 DILERMANDO DE AGUIAR,39,2,41
430640 DOIS IRMAOS,368,140,508
430642 DOIS IRMAOS DAS MISSOES,29,-,29
430645 DOIS LAJEADOS,57,7,64
430650 DOM FELICIANO,182,34,216
430655 DOM PEDRO DE ALCANTARA,49,-,49
430660 DOM PEDRITO,384,79,463
430670 DONA FRANCISCA,43,-,43
430673 DOUTOR MAURICIO CARDOSO,51,14,65
430675 DOUTOR RICARDO,31,3,34
430676 ELDORADO DO SUL,315,35,350
430680 ENCANTADO,486,128,614
430690 ENCRUZILHADA DO SUL,253,30,283
430692 ENGENHO VELHO,23,-,23
430693 ENTRE-IJUIS,89,6,95
430695 ENTRE RIOS DO SUL,55,6,61
430697 EREBANGO,54,-,54
430700 ERECHIM,1319,1063,2382
430705 ERNESTINA,43,-,43
430710 HERVAL,90,7,97
430720 ERVAL GRANDE,63,-,63
430730 ERVAL SECO,85,1,86
430740 ESMERALDA,45,1,46
430745 ESPERANCA DO SUL,46,-,46
430750 ESPUMOSO,322,53,375
430755 ESTACAO,74,9,83
430760 ESTANCIA VELHA,439,98,537
430770 ESTEIO,1493,237,1730
430780 ESTRELA,820,113,933
430781 ESTRELA VELHA,39,14,53
430783 EUGENIO DE CASTRO,39,2,41
430786 FAGUNDES VARELA,30,2,32
430790 FARROUPILHA,761,203,964
430800 FAXINAL DO SOTURNO,888,12,900
430805 FAXINALZINHO,38,-,38
430807 FAZENDA VILANOVA,43,12,55
430810 FELIZ,209,54,263
430820 FLORES DA CUNHA,314,122,436
430825 FLORIANO PEIXOTO,31,-,31
430830 FONTOURA XAVIER,122,1,123
430840 FORMIGUEIRO,61,4,65
430843 FORQUETINHA,41,-,41
430845 FORTALEZA DOS VALOS,67,-,67
430850 FREDERICO WESTPHALEN,582,87,669
430860 GARIBALDI,384,64,448
430865 GARRUCHOS,38,11,49
430870 GAURAMA,86,20,106
430880 GENERAL CAMARA,65,3,68
430885 GENTIL,48,-,48
430890 GETULIO VARGAS,283,44,327
430900 GIRUA,381,26,407
430905 GLORINHA,86,3,89
430910 GRAMADO,706,225,931
430912 GRAMADO DOS LOUREIROS,46,-,46
430915 GRAMADO XAVIER,48,3,51
430920 GRAVATAI,3003,574,3577
430925 GUABIJU,29,2,31
430930 GUAIBA,720,321,1041
430940 GUAPORE,352,97,449
430950 GUARANI DAS MISSOES,96,39,135
430955 HARMONIA,59,2,61
430957 HERVEIRAS,36,-,36
430960 HORIZONTINA,250,69,319
430965 HULHA NEGRA,61,1,62
430970 HUMAITA,51,8,59
430975 IBARAMA,49,1,50
430980 IBIACA,59,-,59
430990 IBIRAIARAS,64,25,89
430995 IBIRAPUITA,45,1,46
431000 IBIRUBA,286,88,374
431010 IGREJINHA,854,173,1027
431020 IJUI,1737,855,2592
431030 ILOPOLIS,60,15,75
431033 IMBE,341,19,360
431036 IMIGRANTE,46,2,48
431040 INDEPENDENCIA,65,7,72
431041 INHACORA,48,-,48
431043 IPE,46,7,53
431046 IPIRANGA DO SUL,31,-,31
431050 IRAI,140,4,144
431053 ITAARA,32,15,47
431055 ITACURUBI,49,1,50
431057 ITAPUCA,28,-,28
431060 ITAQUI,418,45,463
431065 ITATI,69,3,72
431070 ITATIBA DO SUL,48,-,48
431075 IVORA,26,4,30
431080 IVOTI,266,178,444
431085 JABOTICABA,108,-,108
431087 JACUIZINHO,38,-,38
431090 JACUTINGA,45,1,46
431100 JAGUARAO,281,24,305
431110 JAGUARI,124,8,132
431112 JAQUIRANA,59,-,59
431113 JARI,51,2,53
431115 JOIA,68,11,79
431120 JULIO DE CASTILHOS,264,30,294
431123 LAGOA BONITA DO SUL,25,14,39
431125 LAGOAO,63,-,63
431127 LAGOA DOS TRES CANTOS,34,-,34
431130 LAGOA VERMELHA,421,118,539
431140 LAJEADO,2372,595,2967
431142 LAJEADO DO BUGRE,38,-,38
431150 LAVRAS DO SUL,108,6,114
431160 LIBERATO SALZANO,60,8,68
431162 LINDOLFO COLLOR,46,5,51
431164 LINHA NOVA,22,1,23
431170 MACHADINHO,85,7,92
431171 MACAMBARA,48,8,56
431173 MAMPITUBA,44,-,44
431175 MANOEL VIANA,69,1,70
431177 MAQUINE,70,5,75
431179 MARATA,52,1,53
431180 MARAU,575,202,777
431190 MARCELINO RAMOS,84,5,89
431198 MARIANA PIMENTEL,34,-,34
431200 MARIANO MORO,45,-,45
431205 MARQUES DE SOUZA,71,3,74
431210 MATA,71,5,76
431213 MATO CASTELHANO,48,-,48
431215 MATO LEITAO,49,2,51
431217 MATO QUEIMADO,30,-,30
431220 MAXIMILIANO DE ALMEIDA,55,8,63
431225 MINAS DO LEAO,60,-,60
431230 MIRAGUAI,66,6,72
431235 MONTAURI,25,5,30
431237 MONTE ALEGRE DOS CAMPOS,45,-,45
431238 MONTE BELO DO SUL,33,2,35
431240 MONTENEGRO,1103,959,2062
431242 MORMACO,40,-,40
431244 MORRINHOS DO SUL,41,1,42
431245 MORRO REDONDO,69,13,82
431247 MORRO REUTER,51,11,62
431250 MOSTARDAS,112,7,119
431260 MUCUM,90,10,100
431261 MUITOS CAPOES,33,-,33
431262 MULITERNO,46,-,46
431265 NAO-ME-TOQUE,192,105,297
431267 NICOLAU VERGUEIRO,31,-,31
431270 NONOAI,320,9,329
431275 NOVA ALVORADA,58,-,58
431280 NOVA ARACA,51,9,60
431290 NOVA BASSANO,99,33,132
431295 NOVA BOA VISTA,39,1,40
431300 NOVA BRESCIA,51,2,53
431301 NOVA CANDELARIA,43,-,43
431303 NOVA ESPERANCA DO SUL,50,-,50
431306 NOVA HARTZ,105,85,190
431308 NOVA PADUA,21,-,21
431310 NOVA PALMA,119,6,125
431320 NOVA PETROPOLIS,292,61,353
431330 NOVA PRATA,403,225,628
431333 NOVA RAMADA,39,1,40
431335 NOVA ROMA DO SUL,28,1,29
431337 NOVA SANTA RITA,267,11,278
431339 NOVO CABRAIS,36,2,38
431340 NOVO HAMBURGO,2438,3213,5651
431342 NOVO MACHADO,52,4,56
431344 NOVO TIRADENTES,45,-,45
431346 NOVO XINGU,39,5,44
431349 NOVO BARREIRO,69,1,70
431350 OSORIO,931,90,1021
431360 PAIM FILHO,78,5,83
431365 PALMARES DO SUL,136,11,147
431370 PALMEIRA DAS MISSOES,525,60,585
431380 PALMITINHO,141,25,166
431390 PANAMBI,483,108,591
431395 PANTANO GRANDE,117,22,139
431400 PARAI,113,24,137
431402 PARAISO DO SUL,58,12,70
431403 PARECI NOVO,52,-,52
431405 PAROBE,716,86,802
431406 PASSA SETE,48,-,48
431407 PASSO DO SOBRADO,81,1,82
431410 PASSO FUNDO,5888,1778,7666
431413 PAULO BENTO,26,-,26
431415 PAVERAMA,68,4,72
431417 PEDRAS ALTAS,45,-,45
431420 PEDRO OSORIO,77,4,81
431430 PEJUCARA,61,5,66
431440 PELOTAS,6706,1389,8095
431442 PICADA CAFE,55,-,55
431445 PINHAL,37,-,37
431446 PINHAL DA SERRA,41,-,41
431447 PINHAL GRANDE,57,4,61
431449 PINHEIRINHO DO VALE,62,-,62
431450 PINHEIRO MACHADO,167,12,179
431454 PINTO BANDEIRA,19,12,31
431455 PIRAPO,50,-,50
431460 PIRATINI,194,20,214
431470 PLANALTO,144,12,156
431475 POCO DAS ANTAS,28,1,29
431477 PONTAO,53,1,54
431478 PONTE PRETA,29,-,29
431480 PORTAO,302,154,456
431490 PORTO ALEGRE,43171,15636,58807
431500 PORTO LUCENA,85,-,85
431505 PORTO MAUA,29,2,31
431507 PORTO VERA CRUZ,20,1,21
431510 PORTO XAVIER,126,26,152
431513 POUSO NOVO,29,-,29
431514 PRESIDENTE LUCENA,29,-,29
431515 PROGRESSO,130,6,136
431517 PROTASIO ALVES,22,2,24
431520 PUTINGA,59,1,60
431530 QUARAI,318,31,349
431531 QUATRO IRMAOS,24,-,24
431532 QUEVEDOS,38,1,39
431535 QUINZE DE NOVEMBRO,55,10,65
431540 REDENTORA,123,3,126
431545 RELVADO,33,1,34
431550 RESTINGA SECA,162,25,187
431555 RIO DOS INDIOS,38,-,38
431560 RIO GRANDE,4184,948,5132
431570 RIO PARDO,494,97,591
431575 RIOZINHO,67,2,69
431580 ROCA SALES,99,1,100
431590 RODEIO BONITO,126,4,130
431595 ROLADOR,32,-,32
431600 ROLANTE,235,55,290
431610 RONDA ALTA,255,4,259
431620 RONDINHA,70,1,71
431630 ROQUE GONZALES,76,8,84
431640 ROSARIO DO SUL,504,130,634
431642 SAGRADA FAMILIA,50,-,50
431643 SALDANHA MARINHO,64,14,78
431645 SALTO DO JACUI,184,16,200
431647 SALVADOR DAS MISSOES,44,10,54
431650 SALVADOR DO SUL,78,15,93
431660 SANANDUVA,292,66,358
431670 SANTA BARBARA DO SUL,125,4,129
431673 SANTA CECILIA DO SUL,40,-,40
431675 SANTA CLARA DO SUL,75,17,92
431680 SANTA CRUZ DO SUL,3042,473,3515
431690 SANTA MARIA,4256,2297,6553
431695 SANTA MARIA DO HERVAL,31,4,35
431697 SANTA MARGARIDA DO SUL,40,-,40
431700 SANTANA DA BOA VISTA,69,-,69
431710 SANT'ANA DO LIVRAMENTO,901,265,1166
431720 SANTA ROSA,1543,637,2180
431725 SANTA TEREZA,22,-,22
431730 SANTA VITORIA DO PALMAR,356,31,387
431740 SANTIAGO,689,164,853
431750 SANTO ANGELO,873,890,1763
431755 SANTO ANTONIO DO PALMA,29,-,29
431760 SANTO ANTONIO DA PATRULHA,412,125,537
431770 SANTO ANTONIO DAS MISSOES,93,12,105
431775 SANTO ANTONIO DO PLANALTO,30,3,33
431780 SANTO AUGUSTO,223,13,236
431790 SANTO CRISTO,194,14,208
431795 SANTO EXPEDITO DO SUL,25,1,26
431800 SAO BORJA,955,77,1032
431805 SAO DOMINGOS DO SUL,51,2,53
431810 SAO FRANCISCO DE ASSIS,219,18,237
431820 SAO FRANCISCO DE PAULA,176,11,187
431830 SAO GABRIEL,1088,93,1181
431840 SAO JERONIMO,658,80,738
431842 SAO JOAO DA URTIGA,45,2,47
431843 SAO JOAO DO POLESINE,49,3,52
431844 SAO JORGE,26,-,26
431845 SAO JOSE DAS MISSOES,48,-,48
431846 SAO JOSE DO HERVAL,45,-,45
431848 SAO JOSE DO HORTENCIO,45,1,46
431849 SAO JOSE DO INHACORA,42,2,44
431850 SAO JOSE DO NORTE,339,8,347
431860 SAO JOSE DO OURO,121,18,139
431861 SAO JOSE DO SUL,42,-,42
431862 SAO JOSE DOS AUSENTES,66,1,67
431870 SAO LEOPOLDO,1474,673,2147
431880 SAO LOURENCO DO SUL,524,40,564
431890 SAO LUIZ GONZAGA,429,99,528
431900 SAO MARCOS,228,52,280
431910 SAO MARTINHO,91,2,93
431912 SAO MARTINHO DA SERRA,37,1,38
431915 SAO MIGUEL DAS MISSOES,100,9,109
431920 SAO NICOLAU,86,-,86
431930 SAO PAULO DAS MISSOES,100,4,104
431935 SAO PEDRO DA SERRA,25,3,28
431936 SAO PEDRO DAS MISSOES,37,1,38
431937 SAO PEDRO DO BUTIA,43,3,46
431940 SAO PEDRO DO SUL,215,20,235
431950 SAO SEBASTIAO DO CAI,274,66,340
431960 SAO SEPE,199,8,207
431970 SAO VALENTIM,53,-,53
431971 SAO VALENTIM DO SUL,26,1,27
431973 SAO VALERIO DO SUL,44,-,44
431975 SAO VENDELINO,30,1,31
431980 SAO VICENTE DO SUL,81,5,86
431990 SAPIRANGA,418,353,771
432000 SAPUCAIA DO SUL,1764,313,2077
432010 SARANDI,273,52,325
432020 SEBERI,215,19,234
432023 SEDE NOVA,42,2,44
432026 SEGREDO,67,4,71
432030 SELBACH,77,3,80
432032 SENADOR SALGADO FILHO,37,1,38
432035 SENTINELA DO SUL,59,-,59
432040 SERAFINA CORREA,193,128,321
432045 SERIO,33,1,34
432050 SERTAO,110,8,118
432055 SERTAO SANTANA,68,5,73
432057 SETE DE SETEMBRO,32,5,37
432060 SEVERIANO DE ALMEIDA,61,-,61
432065 SILVEIRA MARTINS,25,1,26
432067 SINIMBU,110,3,113
432070 SOBRADINHO,131,77,208
432080 SOLEDADE,482,74,556
432085 TABAI,52,3,55
432090 TAPEJARA,346,324,670
432100 TAPERA,123,17,140
432110 TAPES,129,24,153
432120 TAQUARA,590,85,675
432130 TAQUARI,282,136,418
432132 TAQUARUCU DO SUL,46,1,47
432135 TAVARES,66,-,66
432140 TENENTE PORTELA,752,51,803
432143 TERRA DE AREIA,89,9,98
432145 TEUTONIA,501,52,553
432146 TIO HUGO,37,-,37
432147 TIRADENTES DO SUL,43,-,43
432149 TOROPI,30,1,31
432150 TORRES,726,124,850
432160 TRAMANDAI,906,97,1003
432162 TRAVESSEIRO,21,2,23
432163 TRES ARROIOS,55,-,55
432166 TRES CACHOEIRAS,105,10,115
432170 TRES COROAS,212,64,276
432180 TRES DE MAIO,388,104,492
432183 TRES FORQUILHAS,50,1,51
432185 TRES PALMEIRAS,55,-,55
432190 TRES PASSOS,516,66,582
432195 TRINDADE DO SUL,85,2,87
432200 TRIUNFO,312,25,337
432210 TUCUNDUVA,80,8,88
432215 TUNAS,41,1,42
432218 TUPANCI DO SUL,18,1,19
432220 TUPANCIRETA,170,24,194
432225 TUPANDI,43,4,47
432230 TUPARENDI,102,11,113
432232 TURUCU,48,-,48
432234 UBIRETAMA,26,-,26
432235 UNIAO DA SERRA,27,-,27
432237 UNISTALDA,45,-,45
432240 URUGUAIANA,1481,265,1746
432250 VACARIA,774,202,976
432252 VALE VERDE,40,-,40
432253 VALE DO SOL,101,9,110
432254 VALE REAL,41,6,47
432255 VANINI,40,-,40
432260 VENANCIO AIRES,1062,162,1224
432270 VERA CRUZ,230,59,289
432280 VERANOPOLIS,308,82,390
432285 VESPASIANO CORREA,30,-,30
432290 VIADUTOS,54,2,56
432300 VIAMAO,1456,222,1678
432310 VICENTE DUTRA,42,-,42
432320 VICTOR GRAEFF,35,5,40
432330 VILA FLORES,33,6,39
432335 VILA LANGARO,30,-,30
432340 VILA MARIA,51,2,53
432345 VILA NOVA DO SUL,55,2,57
432350 VISTA ALEGRE,32,-,32
432360 VISTA ALEGRE DO PRATA,12,3,15
432370 VISTA GAUCHA,27,-,27
432375 VITORIA DAS MISSOES,33,9,42
432377 WESTFALIA,33,8,41
432380 XANGRI-LA,239,70,309
500020 AGUA CLARA,256,43,299
500025 ALCINOPOLIS,132,3,135
500060 AMAMBAI,501,279,780
500070 ANASTACIO,348,5,353
500080 ANAURILANDIA,152,4,156
500085 ANGELICA,170,13,183
500090 ANTONIO JOAO,188,8,196
500100 APARECIDA DO TABOADO,332,63,395
500110 AQUIDAUANA,766,122,888
500124 ARAL MOREIRA,187,1,188
500150 BANDEIRANTES,163,2,165
500190 BATAGUASSU,336,57,393
500200 BATAYPORA,139,8,147
500210 BELA VISTA,271,32,303
500215 BODOQUENA,154,6,160
500220 BONITO,303,24,327
500230 BRASILANDIA,214,16,230
500240 CAARAPO,420,43,463
500260 CAMAPUA,227,29,256
500270 CAMPO GRANDE,20097,4377,24474
500280 CARACOL,91,-,91
500290 CASSILANDIA,288,53,341
500295 CHAPADAO DO SUL,447,97,544
500310 CORGUINHO,76,-,76
500315 CORONEL SAPUCAIA,174,15,189
500320 CORUMBA,1399,175,1574
500325 COSTA RICA,501,60,561
500330 COXIM,643,83,726
500345 DEODAPOLIS,221,29,250
500348 DOIS IRMAOS DO BURITI,191,4,195
500350 DOURADINA,80,7,87
500370 DOURADOS,4763,1159,5922
500375 ELDORADO,141,21,162
500380 FATIMA DO SUL,405,75,480
500390 FIGUEIRAO,77,1,78
500400 GLORIA DE DOURADOS,94,24,118
500410 GUIA LOPES DA LAGUNA,147,14,161
500430 IGUATEMI,206,25,231
500440 INOCENCIA,179,5,184
500450 ITAPORA,327,17,344
500460 ITAQUIRAI,218,5,223
500470 IVINHEMA,346,97,443
500480 JAPORA,133,-,133
500490 JARAGUARI,113,-,113
500500 JARDIM,346,35,381
500510 JATEI,89,1,90
500515 JUTI,117,3,120
500520 LADARIO,153,241,394
500525 LAGUNA CARAPA,119,4,123
500540 MARACAJU,641,30,671
500560 MIRANDA,368,5,373
500568 MUNDO NOVO,192,46,238
500570 NAVIRAI,778,93,871
500580 NIOAQUE,202,3,205
500600 NOVA ALVORADA DO SUL,306,20,326
500620 NOVA ANDRADINA,851,288,1139
500625 NOVO HORIZONTE DO SUL,97,-,97
500627 PARAISO DAS AGUAS,113,8,121
500630 PARANAIBA,668,250,918
500635 PARANHOS,197,9,206
500640 PEDRO GOMES,92,8,100
500660 PONTA PORA,1565,154,1719
500690 PORTO MURTINHO,223,7,230
500710 RIBAS DO RIO PARDO,249,25,274
500720 RIO BRILHANTE,463,77,540
500730 RIO NEGRO,90,4,94
500740 RIO VERDE DE MATO GROSSO,321,23,344
500750 ROCHEDO,109,2,111
500755 SANTA RITA DO PARDO,119,3,122
500769 SAO GABRIEL DO OESTE,468,45,513
500770 SETE QUEDAS,128,16,144
500780 SELVIRIA,104,7,111
500790 SIDROLANDIA,555,43,598
500793 SONORA,260,13,273
500795 TACURU,192,3,195
500797 TAQUARUSSU,76,1,77
500800 TERENOS,223,1,224
500830 TRES LAGOAS,2984,516,3500
500840 VICENTINA,117,1,118
510010 ACORIZAL,88,1,89
510020 AGUA BOA,584,87,671
510025 ALTA FLORESTA,952,212,1164
510030 ALTO ARAGUAIA,259,44,303
510035 ALTO BOA VISTA,89,3,92
510040 ALTO GARCAS,131,10,141
510050 ALTO PARAGUAI,115,2,117
510060 ALTO TAQUARI,150,14,164
510080 APIACAS,118,2,120
510100 ARAGUAIANA,115,-,115
510120 ARAGUAINHA,31,-,31
510125 ARAPUTANGA,187,25,212
510130 ARENAPOLIS,176,9,185
510140 ARIPUANA,314,49,363
510160 BARAO DE MELGACO,96,-,96
510170 BARRA DO BUGRES,400,65,465
510180 BARRA DO GARCAS,1412,337,1749
510185 BOM JESUS DO ARAGUAIA,89,-,89
510190 BRASNORTE,374,5,379
510250 CACERES,1505,256,1761
510260 CAMPINAPOLIS,343,1,344
510263 CAMPO NOVO DO PARECIS,453,433,886
510267 CAMPO VERDE,630,112,742
510268 CAMPOS DE JULIO,148,18,166
510269 CANABRAVA DO NORTE,87,-,87
510270 CANARANA,393,121,514
510279 CARLINDA,105,5,110
510285 CASTANHEIRA,83,11,94
510300 CHAPADA DOS GUIMARAES,219,25,244
510305 CLAUDIA,166,1,167
510310 COCALINHO,124,4,128
510320 COLIDER,735,91,826
510325 COLNIZA,282,56,338
510330 COMODORO,273,32,305
510335 CONFRESA,399,127,526
510336 CONQUISTA D'OESTE,105,1,106
510337 COTRIGUACU,162,17,179
510340 CUIABA,12816,4734,17550
510343 CURVELANDIA,59,1,60
510345 DENISE,76,7,83
510350 DIAMANTINO,449,15,464
510360 DOM AQUINO,110,1,111
510370 FELIZ NATAL,153,6,159
510380 FIGUEIROPOLIS D'OESTE,51,-,51
510385 GAUCHA DO NORTE,179,12,191
510390 GENERAL CARNEIRO,92,-,92
510395 GLORIA D'OESTE,49,-,49
510410 GUARANTA DO NORTE,488,76,564
510420 GUIRATINGA,136,8,144
510450 INDIAVAI,39,-,39
510452 IPIRANGA DO NORTE,115,7,122
510454 ITANHANGA,89,1,90
510455 ITAUBA,95,1,96
510460 ITIQUIRA,231,8,239
510480 JACIARA,378,71,449
510490 JANGADA,118,2,120
510500 JAURU,124,3,127
510510 JUARA,442,114,556
510515 JUINA,736,343,1079
510517 JURUENA,119,15,134
510520 JUSCIMEIRA,175,3,178
510523 LAMBARI D'OESTE,75,-,75
510525 LUCAS DO RIO VERDE,1289,171,1460
510530 LUCIARA,76,-,76
510550 VILA BELA DA SANTISSIMA TRINDADE,234,2,236
510558 MARCELANDIA,158,6,164
510560 MATUPA,242,58,300
510562 MIRASSOL D'OESTE,243,61,304
510590 NOBRES,223,71,294
510600 NORTELANDIA,96,3,99
510610 NOSSA SENHORA DO LIVRAMENTO,121,2,123
510615 NOVA BANDEIRANTES,140,10,150
510617 NOVA NAZARE,63,-,63
510618 NOVA LACERDA,66,1,67
510619 NOVA SANTA HELENA,80,-,80
510620 NOVA BRASILANDIA,80,-,80
510621 NOVA CANAA DO NORTE,152,3,155
510622 NOVA MUTUM,772,238,1010
510623 NOVA OLIMPIA,210,36,246
510624 NOVA UBIRATA,174,-,174
510625 NOVA XAVANTINA,311,3,314
510626 NOVO MUNDO,107,-,107
510627 NOVO HORIZONTE DO NORTE,82,7,89
510628 NOVO SAO JOAQUIM,129,-,129
510629 PARANAITA,193,17,210
510630 PARANATINGA,339,23,362
510631 NOVO SANTO ANTONIO,57,-,57
510637 PEDRA PRETA,167,6,173
510642 PEIXOTO DE AZEVEDO,563,15,578
510645 PLANALTO DA SERRA,72,-,72
510650 POCONE,427,35,462
510665 PONTAL DO ARAGUAIA,85,-,85
510670 PONTE BRANCA,81,-,81
510675 PONTES E LACERDA,526,98,624
510677 PORTO ALEGRE DO NORTE,150,-,150
510680 PORTO DOS GAUCHOS,122,3,125
510682 PORTO ESPERIDIAO,133,1,134
510685 PORTO ESTRELA,52,-,52
510700 POXOREO,217,10,227
510704 PRIMAVERA DO LESTE,1154,613,1767
510706 QUERENCIA,422,66,488
510710 SAO JOSE DOS QUATRO MARCOS,150,15,165
510715 RESERVA DO CABACAL,65,-,65
510718 RIBEIRAO CASCALHEIRA,146,8,154
510719 RIBEIRAOZINHO,66,-,66
510720 RIO BRANCO,69,3,72
510724 SANTA CARMEM,89,5,94
510726 SANTO AFONSO,73,-,73
510729 SAO JOSE DO POVO,62,-,62
510730 SAO JOSE DO RIO CLARO,274,16,290
510735 SAO JOSE DO XINGU,97,-,97
510740 SAO PEDRO DA CIPA,48,-,48
510757 RONDOLANDIA,62,1,63
510760 RONDONOPOLIS,4417,830,5247
510770 ROSARIO OESTE,193,1,194
510774 SANTA CRUZ DO XINGU,59,5,64
510775 SALTO DO CEU,80,1,81
510776 SANTA RITA DO TRIVELATO,70,5,75
510777 SANTA TEREZINHA,166,-,166
510779 SANTO ANTONIO DO LESTE,61,-,61
510780 SANTO ANTONIO DO LEVERGER,288,-,288
510785 SAO FELIX DO ARAGUAIA,265,5,270
510787 SAPEZAL,333,45,378
510788 SERRA NOVA DOURADA,51,-,51
510790 SINOP,2728,1175,3903
510792 SORRISO,1527,571,2098
510794 TABAPORA,123,6,129
510795 TANGARA DA SERRA,1149,705,1854
510800 TAPURAH,166,13,179
510805 TERRA NOVA DO NORTE,143,4,147
510810 TESOURO,74,-,74
510820 TORIXOREU,94,1,95
510830 UNIAO DO SUL,77,6,83
510835 VALE DE SAO DOMINGOS,71,-,71
510840 VARZEA GRANDE,3364,428,3792
510850 VERA,116,11,127
510860 VILA RICA,200,34,234
510880 NOVA GUARITA,72,1,73
510885 NOVA MARILANDIA,78,-,78
510890 NOVA MARINGA,101,1,102
510895 NOVA MONTE VERDE,105,-,105
520005 ABADIA DE GOIAS,159,10,169
520010 ABADIANIA,255,19,274
520013 ACREUNA,258,38,296
520015 ADELANDIA,41,-,41
520017 AGUA FRIA DE GOIAS,100,-,100
520020 AGUA LIMPA,31,-,31
520025 AGUAS LINDAS DE GOIAS,1703,202,1905
520030 ALEXANIA,356,19,375
520050 ALOANDIA,47,2,49
520055 ALTO HORIZONTE,187,4,191
520060 ALTO PARAISO DE GOIAS,185,29,214
520080 ALVORADA DO NORTE,179,6,185
520082 AMARALINA,59,-,59
520085 AMERICANO DO BRASIL,77,4,81
520090 AMORINOPOLIS,73,-,73
520110 ANAPOLIS,6582,2322,8904
520120 ANHANGUERA,30,-,30
520130 ANICUNS,259,18,277
520140 APARECIDA DE GOIANIA,7300,807,8107
520145 APARECIDA DO RIO DOCE,53,-,53
520150 APORE,96,-,96
520160 ARACU,97,11,108
520170 ARAGARCAS,274,6,280
520180 ARAGOIANIA,135,5,140
520215 ARAGUAPAZ,102,-,102
520235 ARENOPOLIS,86,-,86
520250 ARUANA,90,3,93
520260 AURILANDIA,50,8,58
520280 AVELINOPOLIS,58,-,58
520310 BALIZA,62,-,62
520320 BARRO ALTO,196,29,225
520330 BELA VISTA DE GOIAS,408,37,445
520340 BOM JARDIM DE GOIAS,103,6,109
520350 BOM JESUS DE GOIAS,274,32,306
520355 BONFINOPOLIS,129,-,129
520357 BONOPOLIS,67,2,69
520360 BRAZABRANTES,81,-,81
520380 BRITANIA,135,5,140
520390 BURITI ALEGRE,133,7,140
520393 BURITI DE GOIAS,62,-,62
520396 BURITINOPOLIS,49,-,49
520400 CABECEIRAS,105,1,106
520410 CACHOEIRA ALTA,127,4,131
520420 CACHOEIRA DE GOIAS,45,-,45
520425 CACHOEIRA DOURADA,127,7,134
520430 CACU,191,20,211
520440 CAIAPONIA,212,5,217
520450 CALDAS NOVAS,1126,217,1343
520455 CALDAZINHA,60,-,60
520460 CAMPESTRE DE GOIAS,54,-,54
520465 CAMPINACU,117,2,119
520470 CAMPINORTE,128,15,143
520480 CAMPO ALEGRE DE GOIAS,120,3,123
520485 CAMPO LIMPO DE GOIAS,102,-,102
520490 CAMPOS BELOS,296,70,366
520495 CAMPOS VERDES,62,-,62
520500 CARMO DO RIO VERDE,123,3,126
520505 CASTELANDIA,67,-,67
520510 CATALAO,1317,644,1961
520520 CATURAI,78,1,79
520530 CAVALCANTE,145,-,145
520540 CERES,792,190,982
520545 CEZARINA,127,2,129
520547 CHAPADAO DO CEU,215,5,220
520549 CIDADE OCIDENTAL,628,53,681
520551 COCALZINHO DE GOIAS,315,21,336
520552 COLINAS DO SUL,76,-,76
520570 CORREGO DO OURO,43,-,43
520580 CORUMBA DE GOIAS,155,7,162
520590 CORUMBAIBA,139,2,141
520620 CRISTALINA,770,59,829
520630 CRISTIANOPOLIS,48,2,50
520640 CRIXAS,263,59,322
520650 CROMINIA,97,-,97
520660 CUMARI,51,-,51
520670 DAMIANOPOLIS,85,-,85
520680 DAMOLANDIA,83,-,83
520690 DAVINOPOLIS,48,-,48
520710 DIORAMA,101,-,101
520725 DOVERLANDIA,102,-,102
520735 EDEALINA,117,-,117
520740 EDEIA,190,15,205
520750 ESTRELA DO NORTE,66,-,66
520753 FAINA,109,-,109
520760 FAZENDA NOVA,92,-,92
520780 FIRMINOPOLIS,128,16,144
520790 FLORES DE GOIAS,190,1,191
520800 FORMOSA,1811,352,2163
520810 FORMOSO,75,1,76
520815 GAMELEIRA DE GOIAS,75,2,77
520830 DIVINOPOLIS DE GOIAS,108,2,110
520840 GOIANAPOLIS,158,30,188
520850 GOIANDIRA,57,-,57
520860 GOIANESIA,954,171,1125
520870 GOIANIA,29357,8795,38152
520880 GOIANIRA,372,14,386
520890 GOIAS,551,19,570
520910 GOIATUBA,493,193,686
520915 GOUVELANDIA,97,1,98
520920 GUAPO,185,5,190
520929 GUARAITA,58,-,58
520940 GUARANI DE GOIAS,50,-,50
520945 GUARINOS,40,-,40
520960 HEITORAI,65,13,78
520970 HIDROLANDIA,258,5,263
520980 HIDROLINA,82,-,82
520990 IACIARA,133,-,133
520993 INACIOLANDIA,120,6,126
520995 INDIARA,239,8,247
521000 INHUMAS,666,114,780
521010 IPAMERI,526,90,616
521015 IPIRANGA DE GOIAS,42,1,43
521020 IPORA,476,197,673
521030 ISRAELANDIA,48,-,48
521040 ITABERAI,512,140,652
521056 ITAGUARI,74,-,74
521060 ITAGUARU,92,2,94
521080 ITAJA,81,-,81
521090 ITAPACI,274,79,353
521100 ITAPIRAPUA,100,-,100
521120 ITAPURANGA,285,38,323
521130 ITARUMA,125,3,128
521140 ITAUCU,123,1,124
521150 ITUMBIARA,1959,587,2546
521160 IVOLANDIA,101,-,101
521170 JANDAIA,110,-,110
521180 JARAGUA,631,55,686
521190 JATAI,1709,363,2072
521200 JAUPACI,63,-,63
521205 JESUPOLIS,39,-,39
521210 JOVIANIA,139,4,143
521220 JUSSARA,271,81,352
521225 LAGOA SANTA,31,-,31
521230 LEOPOLDO DE BULHOES,79,-,79
521250 LUZIANIA,2088,537,2625
521260 MAIRIPOTABA,43,-,43
521270 MAMBAI,118,2,120
521280 MARA ROSA,137,24,161
521290 MARZAGAO,59,-,59
521295 MATRINCHA,66,-,66
521300 MAURILANDIA,143,1,144
521305 MIMOSO DE GOIAS,39,-,39
521308 MINACU,367,58,425
521310 MINEIROS,1124,187,1311
521340 MOIPORA,46,-,46
521350 MONTE ALEGRE DE GOIAS,116,9,125
521370 MONTES CLAROS DE GOIAS,119,3,122
521375 MONTIVIDIU,145,3,148
521377 MONTIVIDIU DO NORTE,53,1,54
521380 MORRINHOS,568,152,720
521385 MORRO AGUDO DE GOIAS,48,-,48
521390 MOSSAMEDES,65,-,65
521400 MOZARLANDIA,232,46,278
521405 MUNDO NOVO,128,-,128
521410 MUTUNOPOLIS,56,-,56
521440 NAZARIO,135,1,136
521450 NEROPOLIS,526,9,535
521460 NIQUELANDIA,361,167,528
521470 NOVA AMERICA,47,1,48
521480 NOVA AURORA,43,1,44
521483 NOVA CRIXAS,135,4,139
521486 NOVA GLORIA,75,1,76
521487 NOVA IGUACU DE GOIAS,48,-,48
521490 NOVA ROMA,62,-,62
521500 NOVA VENEZA,104,1,105
521520 NOVO BRASIL,63,-,63
521523 NOVO GAMA,690,32,722
521525 NOVO PLANALTO,59,1,60
521530 ORIZONA,203,17,220
521540 OURO VERDE DE GOIAS,75,-,75
521550 OUVIDOR,85,7,92
521560 PADRE BERNARDO,345,17,362
521565 PALESTINA DE GOIAS,66,-,66
521570 PALMEIRAS DE GOIAS,293,39,332
521580 PALMELO,106,2,108
521590 PALMINOPOLIS,81,-,81
521600 PANAMA,53,2,55
521630 PARANAIGUARA,122,7,129
521640 PARAUNA,198,8,206
521645 PEROLANDIA,78,-,78
521680 PETROLINA DE GOIAS,124,11,135
521690 PILAR DE GOIAS,64,1,65
521710 PIRACANJUBA,331,100,431
521720 PIRANHAS,128,8,136
521730 PIRENOPOLIS,434,13,447
521740 PIRES DO RIO,339,104,443
521760 PLANALTINA,940,36,976
521770 PONTALINA,220,24,244
521800 PORANGATU,495,95,590
521805 PORTEIRAO,58,3,61
521810 PORTELANDIA,76,-,76
521830 POSSE,490,47,537
521839 PROFESSOR JAMIL,59,-,59
521850 QUIRINOPOLIS,733,297,1030
521860 RIALMA,142,16,158
521870 RIANAPOLIS,55,16,71
521878 RIO QUENTE,107,1,108
521880 RIO VERDE,3643,1081,4724
521890 RUBIATABA,267,16,283
521900 SANCLERLANDIA,108,6,114
521910 SANTA BARBARA DE GOIAS,89,21,110
521920 SANTA CRUZ DE GOIAS,70,1,71
521925 SANTA FE DE GOIAS,80,-,80
521930 SANTA HELENA DE GOIAS,1092,61,1153
521935 SANTA ISABEL,57,1,58
521940 SANTA RITA DO ARAGUAIA,59,-,59
521945 SANTA RITA DO NOVO DESTINO,48,-,48
521950 SANTA ROSA DE GOIAS,61,-,61
521960 SANTA TEREZA DE GOIAS,105,-,105
521970 SANTA TEREZINHA DE GOIAS,115,6,121
521971 SANTO ANTONIO DA BARRA,79,2,81
521973 SANTO ANTONIO DE GOIAS,112,2,114
521975 SANTO ANTONIO DO DESCOBERTO,445,138,583
521980 SAO DOMINGOS,113,-,113
521990 SAO FRANCISCO DE GOIAS,99,2,101
522000 SAO JOAO D'ALIANCA,161,1,162
522005 SAO JOAO DA PARAUNA,39,-,39
522010 SAO LUIS DE MONTES BELOS,686,118,804
522015 SAO LUIZ DO NORTE,107,1,108
522020 SAO MIGUEL DO ARAGUAIA,262,41,303
522026 SAO MIGUEL DO PASSA QUATRO,65,-,65
522028 SAO PATRICIO,38,-,38
522040 SAO SIMAO,342,44,386
522045 SENADOR CANEDO,1476,85,1561
522050 SERRANOPOLIS,81,1,82
522060 SILVANIA,296,24,320
522068 SIMOLANDIA,89,-,89
522070 SITIO D'ABADIA,52,1,53
522100 TAQUARAL DE GOIAS,63,2,65
522108 TERESINA DE GOIAS,72,6,78
522119 TEREZOPOLIS DE GOIAS,71,2,73
522130 TRES RANCHOS,68,25,93
522140 TRINDADE,1965,82,2047
522145 TROMBAS,57,-,57
522150 TURVANIA,94,1,95
522155 TURVELANDIA,85,2,87
522157 UIRAPURU,69,4,73
522160 URUACU,1772,84,1856
522170 URUANA,178,-,178
522180 URUTAI,53,2,55
522185 VALPARAISO DE GOIAS,1891,214,2105
522190 VARJAO,48,-,48
522200 VIANOPOLIS,159,5,164
522205 VICENTINOPOLIS,111,3,114
522220 VILA BOA,101,-,101
522230 VILA PROPICIO,92,-,92
530010 BRASILIA,50829,29170,79999
Total,3183637,850616,4034253
Fonte: Ministério da Saúde - Cadastro Nacional dos Estabelecimentos de Saúde do Brasil - CNES,,,
Nota:,,,
- Os dados relativos ao Cadastro Nacional de Estabelecimentos de Saúde (CNES) exibidos no TABNET referem-se aos registros constantes no Banco de Dados Nacional do CNES com status ATIVO.,,,
"- A partir do processamento de junho de 2012, houve mudança na classificação da natureza e esfera dos estabelecimentos. Com isso, temos que:",,,
,,,
"Até maio de 2012 estas informações estão disponíveis como ""Natureza"" e ""Esfera Administrativa"".",,,
"De junho de 2012 a outubro de 2015, estão disponíveis tanto como ""Natureza"" e ""Esfera Administrativa"", como ""Natureza Jurídica"" e ""Esfera Jurídica"".",,,
"A partir de novembro de 2015, estão disponíveis como ""Natureza Jurídica"" e ""Esfera Jurídica"".",,,