Município,Sim,Não,Total
110001 ALTA FLORESTA D'OESTE,400,32,432
110002 ARIQUEMES,1273,443,1716
110003 CABIXI,98,32,130
110004 CACOAL,2601,711,3312
110005 CEREJEIRAS,256,20,276
110006 COLORADO DO OESTE,220,71,291
110007 CORUMBIARA,145,25,170
110008 COSTA MARQUES,139,6,145
110009 ESPIGAO D'OESTE,294,103,397
110010 GUAJARA-MIRIM,812,99,911
110011 JARU,722,193,915
110012 JI-PARANA,2035,829,2864
110013 MACHADINHO D'OESTE,437,19,456
110014 NOVA BRASILANDIA D'OESTE,169,17,186
110015 OURO PRETO DO OESTE,449,111,560
110018 PIMENTA BUENO,519,280,799
110020 PORTO VELHO,11676,2701,14377
110025 PRESIDENTE MEDICI,223,35,258
110026 RIO CRESPO,102,1,103
110028 ROLIM DE MOURA,590,199,789
110029 SANTA LUZIA D'OESTE,136,1,137
110030 VILHENA,1882,682,2564
110032 SAO MIGUEL DO GUAPORE,181,51,232
110033 NOVA MAMORE,356,10,366
110034 ALVORADA D'OESTE,164,22,186
110037 ALTO ALEGRE DOS PARECIS,135,13,148
110040 ALTO PARAISO,178,13,191
110045 BURITIS,405,67,472
110050 NOVO HORIZONTE DO OESTE,111,-,111
110060 CACAULANDIA,75,4,79
110070 CAMPO NOVO DE RONDONIA,155,4,159
110080 CANDEIAS DO JAMARI,320,4,324
110090 CASTANHEIRAS,110,3,113
110092 CHUPINGUAIA,163,20,183
110094 CUJUBIM,166,3,169
110100 GOVERNADOR JORGE TEIXEIRA,102,1,103
110110 ITAPUA DO OESTE,133,4,137
110120 MINISTRO ANDREAZZA,99,8,107
110130 MIRANTE DA SERRA,91,12,103
110140 MONTE NEGRO,221,24,245
110143 NOVA UNIAO,90,3,93
110145 PARECIS,70,8,78
110146 PIMENTEIRAS DO OESTE,69,2,71
110147 PRIMAVERA DE RONDONIA,70,-,70
110148 SAO FELIPE D'OESTE,90,3,93
110149 SAO FRANCISCO DO GUAPORE,257,23,280
110150 SERINGUEIRAS,126,27,153
110155 TEIXEIROPOLIS,62,-,62
110160 THEOBROMA,137,2,139
110170 URUPA,114,25,139
110175 VALE DO ANARI,118,2,120
110180 VALE DO PARAISO,76,2,78
120001 ACRELANDIA,222,2,224
120005 ASSIS BRASIL,191,4,195
120010 BRASILEIA,719,15,734
120013 BUJARI,79,-,79
120017 CAPIXABA,136,-,136
120020 CRUZEIRO DO SUL,2296,148,2444
120025 EPITACIOLANDIA,163,2,165
120030 FEIJO,331,4,335
120032 JORDAO,166,3,169
120033 MANCIO LIMA,296,5,301
120034 MANOEL URBANO,162,-,162
120035 MARECHAL THAUMATURGO,293,-,293
120038 PLACIDO DE CASTRO,402,-,402
120039 PORTO WALTER,205,5,210
120040 RIO BRANCO,8196,1987,10183
120042 RODRIGUES ALVES,235,1,236
120043 SANTA ROSA DO PURUS,139,-,139
120045 SENADOR GUIOMARD,302,5,307
120050 SENA MADUREIRA,536,14,550
120060 TARAUACA,381,21,402
120070 XAPURI,226,2,228
120080 PORTO ACRE,136,-,136
130002 ALVARAES,346,-,346
130006 AMATURA,305,-,305
130008 ANAMA,245,11,256
130010 ANORI,357,-,357
130014 APUI,283,9,292
130020 ATALAIA DO NORTE,485,-,485
130030 AUTAZES,604,3,607
130040 BARCELOS,584,1,585
130050 BARREIRINHA,629,3,632
130060 BENJAMIN CONSTANT,682,1,683
130063 BERURI,303,-,303
130068 BOA VISTA DO RAMOS,353,-,353
130070 BOCA DO ACRE,545,7,552
130080 BORBA,807,-,807
130083 CAAPIRANGA,300,2,302
130090 CANUTAMA,242,-,242
130100 CARAUARI,332,8,340
130110 CAREIRO,827,6,833
130115 CAREIRO DA VARZEA,361,-,361
130120 COARI,1455,17,1472
130130 CODAJAS,378,2,380
130140 EIRUNEPE,614,5,619
130150 ENVIRA,469,-,469
130160 FONTE BOA,573,-,573
130165 GUAJARA,373,2,375
130170 HUMAITA,883,139,1022
130180 IPIXUNA,393,-,393
130185 IRANDUBA,937,10,947
130190 ITACOATIARA,1633,63,1696
130195 ITAMARATI,186,20,206
130200 ITAPIRANGA,169,7,176
130210 JAPURA,244,-,244
130220 JURUA,259,-,259
130230 JUTAI,409,-,409
130240 LABREA,856,4,860
130250 MANACAPURU,1764,52,1816
130255 MANAQUIRI,322,-,322
130260 MANAUS,33114,7940,41054
130270 MANICORE,1020,12,1032
130280 MARAA,296,1,297
130290 MAUES,783,7,790
130300 NHAMUNDA,455,2,457
130310 NOVA OLINDA DO NORTE,527,3,530
130320 NOVO AIRAO,356,2,358
130330 NOVO ARIPUANA,305,-,305
130340 PARINTINS,2097,85,2182
130350 PAUINI,355,-,355
130353 PRESIDENTE FIGUEIREDO,554,32,586
130356 RIO PRETO DA EVA,528,7,535
130360 SANTA ISABEL DO RIO NEGRO,376,12,388
130370 SANTO ANTONIO DO ICA,501,7,508
130380 SAO GABRIEL DA CACHOEIRA,959,6,965
130390 SAO PAULO DE OLIVENCA,774,-,774
130395 SAO SEBASTIAO DO UATUMA,239,-,239
130400 SILVES,196,1,197
130406 TABATINGA,1478,12,1490
130410 TAPAUA,445,2,447
130420 TEFE,1498,35,1533
130423 TONANTINS,392,-,392
130426 UARINI,288,-,288
130430 URUCARA,285,1,286
130440 URUCURITUBA,451,-,451
140002 AMAJARI,322,-,322
140005 ALTO ALEGRE,567,-,567
140010 BOA VISTA,8599,774,9373
140015 BONFIM,327,1,328
140017 CANTA,262,-,262
140020 CARACARAI,417,2,419
140023 CAROEBE,192,-,192
140028 IRACEMA,225,2,227
140030 MUCAJAI,343,8,351
140040 NORMANDIA,349,-,349
140045 PACARAIMA,404,9,413
140047 RORAINOPOLIS,547,10,557
140050 SAO JOAO DA BALIZA,158,-,158
140060 SAO LUIZ,62,-,62
140070 UIRAMUTA,344,-,344
150010 ABAETETUBA,2187,85,2272
150013 ABEL FIGUEIREDO,116,-,116
150020 ACARA,444,1,445
150030 AFUA,322,-,322
150034 AGUA AZUL DO NORTE,380,6,386
150040 ALENQUER,397,4,401
150050 ALMEIRIM,446,10,456
150060 ALTAMIRA,2869,239,3108
150070 ANAJAS,506,1,507
150080 ANANINDEUA,5503,711,6214
150085 ANAPU,303,5,308
150090 AUGUSTO CORREA,604,55,659
150095 AURORA DO PARA,353,6,359
150100 AVEIRO,141,1,142
150110 BAGRE,360,-,360
150120 BAIAO,437,-,437
150125 BANNACH,96,1,97
150130 BARCARENA,1692,229,1921
150140 BELEM,23264,4696,27960
150145 BELTERRA,216,3,219
150150 BENEVIDES,748,23,771
150157 BOM JESUS DO TOCANTINS,287,1,288
150160 BONITO,204,-,204
150170 BRAGANCA,1613,48,1661
150172 BRASIL NOVO,239,7,246
150175 BREJO GRANDE DO ARAGUAIA,118,1,119
150178 BREU BRANCO,570,10,580
150180 BREVES,1312,264,1576
150190 BUJARU,269,-,269
150195 CACHOEIRA DO PIRIA,257,-,257
150200 CACHOEIRA DO ARARI,204,3,207
150210 CAMETA,1817,307,2124
150215 CANAA DOS CARAJAS,1473,729,2202
150220 CAPANEMA,1307,83,1390
150230 CAPITAO POCO,625,31,656
150240 CASTANHAL,3035,157,3192
150250 CHAVES,229,-,229
150260 COLARES,140,-,140
150270 CONCEICAO DO ARAGUAIA,790,57,847
150275 CONCORDIA DO PARA,298,12,310
150276 CUMARU DO NORTE,177,-,177
150277 CURIONOPOLIS,401,23,424
150280 CURRALINHO,377,-,377
150285 CURUA,167,9,176
150290 CURUCA,300,-,300
150293 DOM ELISEU,587,59,646
150295 ELDORADO DOS CARAJAS,336,49,385
150300 FARO,192,1,193
150304 FLORESTA DO ARAGUAIA,253,7,260
150307 GARRAFAO DO NORTE,433,-,433
150309 GOIANESIA DO PARA,410,1,411
150310 GURUPA,351,-,351
150320 IGARAPE-ACU,486,5,491
150330 IGARAPE-MIRI,568,5,573
150340 INHANGAPI,161,-,161
150345 IPIXUNA DO PARA,636,78,714
150350 IRITUIA,440,-,440
150360 ITAITUBA,1712,162,1874
150370 ITUPIRANGA,468,3,471
150375 JACAREACANGA,469,11,480
150380 JACUNDA,555,89,644
150390 JURUTI,596,109,705
150400 LIMOEIRO DO AJURU,370,-,370
150405 MAE DO RIO,286,69,355
150410 MAGALHAES BARATA,126,-,126
150420 MARABA,4053,1035,5088
150430 MARACANA,425,-,425
150440 MARAPANIM,241,2,243
150442 MARITUBA,1735,49,1784
150445 MEDICILANDIA,248,10,258
150450 MELGACO,250,-,250
150460 MOCAJUBA,281,-,281
150470 MOJU,477,15,492
150475 MOJUI DOS CAMPOS,225,1,226
150480 MONTE ALEGRE,543,17,560
150490 MUANA,369,-,369
150495 NOVA ESPERANCA DO PIRIA,284,1,285
150497 NOVA IPIXUNA,152,3,155
150500 NOVA TIMBOTEUA,287,12,299
150503 NOVO PROGRESSO,580,66,646
150506 NOVO REPARTIMENTO,667,25,692
150510 OBIDOS,449,40,489
150520 OEIRAS DO PARA,364,-,364
150530 ORIXIMINA,929,185,1114
150540 OUREM,248,-,248
150543 OURILANDIA DO NORTE,897,66,963
150548 PACAJA,499,20,519
150549 PALESTINA DO PARA,73,1,74
150550 PARAGOMINAS,1429,253,1682
150553 PARAUAPEBAS,2864,1097,3961
150555 PAU D'ARCO,140,-,140
150560 PEIXE-BOI,96,-,96
150563 PICARRA,191,1,192
150565 PLACAS,245,3,248
150570 PONTA DE PEDRAS,254,-,254
150580 PORTEL,776,-,776
150590 PORTO DE MOZ,381,3,384
150600 PRAINHA,285,1,286
150610 PRIMAVERA,150,-,150
150611 QUATIPURU,151,-,151
150613 REDENCAO,1474,217,1691
150616 RIO MARIA,336,12,348
150618 RONDON DO PARA,298,31,329
150619 RUROPOLIS,382,7,389
150620 SALINOPOLIS,464,21,485
150630 SALVATERRA,230,-,230
150635 SANTA BARBARA DO PARA,263,-,263
150640 SANTA CRUZ DO ARARI,137,-,137
150650 SANTA IZABEL DO PARA,608,7,615
150655 SANTA LUZIA DO PARA,305,1,306
150658 SANTA MARIA DAS BARREIRAS,229,4,233
150660 SANTA MARIA DO PARA,290,6,296
150670 SANTANA DO ARAGUAIA,524,18,542
150680 SANTAREM,4927,539,5466
150690 SANTAREM NOVO,138,-,138
150700 SANTO ANTONIO DO TAUA,292,1,293
150710 SAO CAETANO DE ODIVELAS,233,-,233
150715 SAO DOMINGOS DO ARAGUAIA,208,2,210
150720 SAO DOMINGOS DO CAPIM,484,2,486
150730 SAO FELIX DO XINGU,907,51,958
150740 SAO FRANCISCO DO PARA,165,-,165
150745 SAO GERALDO DO ARAGUAIA,313,10,323
150746 SAO JOAO DA PONTA,95,-,95
150747 SAO JOAO DE PIRABAS,254,-,254
150750 SAO JOAO DO ARAGUAIA,126,-,126
150760 SAO MIGUEL DO GUAMA,675,37,712
150770 SAO SEBASTIAO DA BOA VISTA,341,-,341
150775 SAPUCAIA,143,-,143
150780 SENADOR JOSE PORFIRIO,154,-,154
150790 SOURE,198,-,198
150795 TAILANDIA,729,120,849
150796 TERRA ALTA,153,-,153
150797 TERRA SANTA,196,6,202
150800 TOME-ACU,745,39,784
150803 TRACUATEUA,290,-,290
150805 TRAIRAO,163,-,163
150808 TUCUMA,457,35,492
150810 TUCURUI,2137,80,2217
150812 ULIANOPOLIS,615,10,625
150815 URUARA,341,9,350
150820 VIGIA,342,1,343
150830 VISEU,651,-,651
150835 VITORIA DO XINGU,501,6,507
150840 XINGUARA,554,122,676
160005 SERRA DO NAVIO,112,1,113
160010 AMAPA,236,1,237
160015 PEDRA BRANCA DO AMAPARI,344,7,351
160020 CALCOENE,229,1,230
160021 CUTIAS,151,-,151
160023 FERREIRA GOMES,260,3,263
160025 ITAUBAL,112,-,112
160027 LARANJAL DO JARI,648,12,660
160030 MACAPA,12092,838,12930
160040 MAZAGAO,358,32,390
160050 OIAPOQUE,450,9,459
160053 PORTO GRANDE,536,5,541
160055 PRACUUBA,64,-,64
160060 SANTANA,1736,111,1847
160070 TARTARUGALZINHO,355,1,356
160080 VITORIA DO JARI,221,6,227
170025 ABREULANDIA,52,-,52
170030 AGUIARNOPOLIS,90,-,90
170035 ALIANCA DO TOCANTINS,83,-,83
170040 ALMAS,134,-,134
170070 ALVORADA,233,3,236
170100 ANANAS,168,-,168
170105 ANGICO,77,-,77
170110 APARECIDA DO RIO NEGRO,55,-,55
170130 ARAGOMINAS,103,-,103
170190 ARAGUACEMA,122,-,122
170200 ARAGUACU,275,-,275
170210 ARAGUAINA,6034,470,6504
170215 ARAGUANA,102,-,102
170220 ARAGUATINS,407,26,433
170230 ARAPOEMA,219,-,219
170240 ARRAIAS,300,3,303
170255 AUGUSTINOPOLIS,1017,4,1021
170270 AURORA DO TOCANTINS,58,-,58
170290 AXIXA DO TOCANTINS,96,-,96
170300 BABACULANDIA,121,-,121
170305 BANDEIRANTES DO TOCANTINS,113,1,114
170307 BARRA DO OURO,55,-,55
170310 BARROLANDIA,87,-,87
170320 BERNARDO SAYAO,53,-,53
170330 BOM JESUS DO TOCANTINS,54,-,54
170360 BRASILANDIA DO TOCANTINS,39,-,39
170370 BREJINHO DE NAZARE,104,-,104
170380 BURITI DO TOCANTINS,119,-,119
170382 CACHOEIRINHA,40,-,40
170384 CAMPOS LINDOS,116,2,118
170386 CARIRI DO TOCANTINS,91,1,92
170388 CARMOLANDIA,40,-,40
170389 CARRASCO BONITO,81,-,81
170390 CASEARA,58,-,58
170410 CENTENARIO,57,-,57
170460 CHAPADA DE AREIA,42,-,42
170510 CHAPADA DA NATIVIDADE,81,-,81
170550 COLINAS DO TOCANTINS,428,30,458
170555 COMBINADO,54,-,54
170560 CONCEICAO DO TOCANTINS,92,1,93
170600 COUTO MAGALHAES,75,2,77
170610 CRISTALANDIA,117,-,117
170625 CRIXAS DO TOCANTINS,39,-,39
170650 DARCINOPOLIS,91,1,92
170700 DIANOPOLIS,441,20,461
170710 DIVINOPOLIS DO TOCANTINS,147,-,147
170720 DOIS IRMAOS DO TOCANTINS,103,-,103
170730 DUERE,119,-,119
170740 ESPERANTINA,92,-,92
170755 FATIMA,81,-,81
170765 FIGUEIROPOLIS,93,-,93
170770 FILADELFIA,143,-,143
170820 FORMOSO DO ARAGUAIA,370,8,378
170825 FORTALEZA DO TABOCAO,72,-,72
170830 GOIANORTE,91,2,93
170900 GOIATINS,187,-,187
170930 GUARAI,642,19,661
170950 GURUPI,2227,222,2449
170980 IPUEIRAS,48,-,48
171050 ITACAJA,199,1,200
171070 ITAGUATINS,100,-,100
171090 ITAPIRATINS,48,-,48
171110 ITAPORA DO TOCANTINS,59,-,59
171150 JAU DO TOCANTINS,56,-,56
171180 JUARINA,35,-,35
171190 LAGOA DA CONFUSAO,141,27,168
171195 LAGOA DO TOCANTINS,75,-,75
171200 LAJEADO,99,2,101
171215 LAVANDEIRA,50,-,50
171240 LIZARDA,34,-,34
171245 LUZINOPOLIS,61,2,63
171250 MARIANOPOLIS DO TOCANTINS,108,-,108
171270 MATEIROS,39,-,39
171280 MAURILANDIA DO TOCANTINS,55,-,55
171320 MIRACEMA DO TOCANTINS,624,9,633
171330 MIRANORTE,156,14,170
171360 MONTE DO CARMO,138,-,138
171370 MONTE SANTO DO TOCANTINS,31,-,31
171380 PALMEIRAS DO TOCANTINS,79,-,79
171395 MURICILANDIA,69,-,69
171420 NATIVIDADE,125,3,128
171430 NAZARE,63,-,63
171488 NOVA OLINDA,140,1,141
171500 NOVA ROSALANDIA,88,-,88
171510 NOVO ACORDO,67,-,67
171515 NOVO ALEGRE,73,-,73
171525 NOVO JARDIM,52,-,52
171550 OLIVEIRA DE FATIMA,54,-,54
171570 PALMEIRANTE,66,52,118
171575 PALMEIROPOLIS,139,5,144
171610 PARAISO DO TOCANTINS,1013,177,1190
171620 PARANA,185,1,186
171630 PAU D'ARCO,74,-,74
171650 PEDRO AFONSO,387,7,394
171660 PEIXE,207,-,207
171665 PEQUIZEIRO,87,3,90
171670 COLMEIA,111,2,113
171700 PINDORAMA DO TOCANTINS,109,-,109
171720 PIRAQUE,55,-,55
171750 PIUM,119,-,119
171780 PONTE ALTA DO BOM JESUS,82,1,83
171790 PONTE ALTA DO TOCANTINS,149,1,150
171800 PORTO ALEGRE DO TOCANTINS,45,-,45
171820 PORTO NACIONAL,1986,111,2097
171830 PRAIA NORTE,132,-,132
171840 PRESIDENTE KENNEDY,57,-,57
171845 PUGMIL,46,-,46
171850 RECURSOLANDIA,64,-,64
171855 RIACHINHO,66,-,66
171865 RIO DA CONCEICAO,47,-,47
171870 RIO DOS BOIS,46,-,46
171875 RIO SONO,108,-,108
171880 SAMPAIO,58,1,59
171884 SANDOLANDIA,52,-,52
171886 SANTA FE DO ARAGUAIA,100,-,100
171888 SANTA MARIA DO TOCANTINS,46,-,46
171889 SANTA RITA DO TOCANTINS,59,-,59
171890 SANTA ROSA DO TOCANTINS,83,1,84
171900 SANTA TEREZA DO TOCANTINS,62,-,62
172000 SANTA TEREZINHA DO TOCANTINS,63,-,63
172010 SAO BENTO DO TOCANTINS,90,-,90
172015 SAO FELIX DO TOCANTINS,40,1,41
172020 SAO MIGUEL DO TOCANTINS,157,-,157
172025 SAO SALVADOR DO TOCANTINS,67,-,67
172030 SAO SEBASTIAO DO TOCANTINS,63,-,63
172049 SAO VALERIO,90,-,90
172065 SILVANOPOLIS,104,2,106
172080 SITIO NOVO DO TOCANTINS,224,-,224
172085 SUCUPIRA,31,-,31
172090 TAGUATINGA,256,3,259
172093 TAIPAS DO TOCANTINS,38,-,38
172097 TALISMA,55,-,55
172100 PALMAS,7942,1545,9487
172110 TOCANTINIA,170,-,170
172120 TOCANTINOPOLIS,357,14,371
172125 TUPIRAMA,63,-,63
172130 TUPIRATINS,36,-,36
172208 WANDERLANDIA,135,3,138
172210 XAMBIOA,212,9,221
210005 ACAILANDIA,1424,400,1824
210010 AFONSO CUNHA,97,-,97
210015 AGUA DOCE DO MARANHAO,128,-,128
210020 ALCANTARA,267,4,271
210030 ALDEIAS ALTAS,341,-,341
210040 ALTAMIRA DO MARANHAO,117,-,117
210043 ALTO ALEGRE DO MARANHAO,498,1,499
210047 ALTO ALEGRE DO PINDARE,462,9,471
210050 ALTO PARNAIBA,161,12,173
210055 AMAPA DO MARANHAO,95,-,95
210060 AMARANTE DO MARANHAO,960,-,960
210070 ANAJATUBA,338,3,341
210080 ANAPURUS,168,6,174
210083 APICUM-ACU,204,-,204
210087 ARAGUANA,167,-,167
210090 ARAIOSES,321,-,321
210095 ARAME,331,7,338
210100 ARARI,427,-,427
210110 AXIXA,164,-,164
210120 BACABAL,2071,213,2284
210125 BACABEIRA,256,1,257
210130 BACURI,229,1,230
210135 BACURITUBA,75,-,75
210140 BALSAS,1541,232,1773
210150 BARAO DE GRAJAU,245,2,247
210160 BARRA DO CORDA,1613,39,1652
210170 BARREIRINHAS,820,15,835
210173 BELAGUA,133,-,133
210177 BELA VISTA DO MARANHAO,204,-,204
210180 BENEDITO LEITE,86,4,90
210190 BEQUIMAO,304,34,338
210193 BERNARDO DO MEARIM,137,-,137
210197 BOA VISTA DO GURUPI,84,-,84
210200 BOM JARDIM,544,-,544
210203 BOM JESUS DAS SELVAS,411,-,411
210207 BOM LUGAR,133,4,137
210210 BREJO,358,-,358
210215 BREJO DE AREIA,84,3,87
210220 BURITI,331,2,333
210230 BURITI BRAVO,369,-,369
210232 BURITICUPU,954,19,973
210235 BURITIRANA,170,-,170
210237 CACHOEIRA GRANDE,134,-,134
210240 CAJAPIO,151,-,151
210250 CAJARI,197,-,197
210255 CAMPESTRE DO MARANHAO,169,3,172
210260 CANDIDO MENDES,251,-,251
210270 CANTANHEDE,342,-,342
210275 CAPINZAL DO NORTE,253,1,254
210280 CAROLINA,265,7,272
210290 CARUTAPERA,503,1,504
210300 CAXIAS,3574,277,3851
210310 CEDRAL,100,-,100
210312 CENTRAL DO MARANHAO,107,-,107
210315 CENTRO DO GUILHERME,139,-,139
210317 CENTRO NOVO DO MARANHAO,260,-,260
210320 CHAPADINHA,1292,105,1397
210325 CIDELANDIA,191,-,191
210330 CODO,1726,45,1771
210340 COELHO NETO,755,46,801
210350 COLINAS,914,23,937
210355 CONCEICAO DO LAGO-ACU,187,-,187
210360 COROATA,1331,19,1350
210370 CURURUPU,585,-,585
210375 DAVINOPOLIS,137,-,137
210380 DOM PEDRO,382,2,384
210390 DUQUE BACELAR,186,6,192
210400 ESPERANTINOPOLIS,329,3,332
210405 ESTREITO,496,14,510
210407 FEIRA NOVA DO MARANHAO,128,2,130
210408 FERNANDO FALCAO,161,-,161
210409 FORMOSA DA SERRA NEGRA,235,-,235
210410 FORTALEZA DOS NOGUEIRAS,162,3,165
210420 FORTUNA,212,-,212
210430 GODOFREDO VIANA,121,6,127
210440 GONCALVES DIAS,234,-,234
210450 GOVERNADOR ARCHER,141,-,141
210455 GOVERNADOR EDISON LOBAO,250,23,273
210460 GOVERNADOR EUGENIO BARROS,220,-,220
210462 GOVERNADOR LUIZ ROCHA,113,-,113
210465 GOVERNADOR NEWTON BELLO,170,-,170
210467 GOVERNADOR NUNES FREIRE,262,-,262
210470 GRACA ARANHA,90,-,90
210480 GRAJAU,1024,1,1025
210490 GUIMARAES,144,-,144
210500 HUMBERTO DE CAMPOS,386,2,388
210510 ICATU,298,1,299
210515 IGARAPE DO MEIO,204,-,204
210520 IGARAPE GRANDE,233,5,238
210530 IMPERATRIZ,5116,1102,6218
210535 ITAIPAVA DO GRAJAU,245,-,245
210540 ITAPECURU MIRIM,808,49,857
210542 ITINGA DO MARANHAO,279,2,281
210545 JATOBA,128,-,128
210547 JENIPAPO DOS VIEIRAS,250,1,251
210550 JOAO LISBOA,402,6,408
210560 JOSELANDIA,171,1,172
210565 JUNCO DO MARANHAO,66,-,66
210570 LAGO DA PEDRA,843,26,869
210580 LAGO DO JUNCO,195,-,195
210590 LAGO VERDE,163,-,163
210592 LAGOA DO MATO,136,-,136
210594 LAGO DOS RODRIGUES,144,-,144
210596 LAGOA GRANDE DO MARANHAO,146,-,146
210598 LAJEADO NOVO,75,-,75
210600 LIMA CAMPOS,193,45,238
210610 LORETO,174,1,175
210620 LUIS DOMINGUES,118,-,118
210630 MAGALHAES DE ALMEIDA,193,-,193
210632 MARACACUME,237,3,240
210635 MARAJA DO SENA,76,-,76
210637 MARANHAOZINHO,150,-,150
210640 MATA ROMA,341,1,342
210650 MATINHA,360,8,368
210660 MATOES,435,2,437
210663 MATOES DO NORTE,206,4,210
210667 MILAGRES DO MARANHAO,127,-,127
210670 MIRADOR,270,-,270
210675 MIRANDA DO NORTE,498,2,500
210680 MIRINZAL,143,2,145
210690 MONCAO,549,-,549
210700 MONTES ALTOS,151,-,151
210710 MORROS,372,2,374
210720 NINA RODRIGUES,210,-,210
210725 NOVA COLINAS,78,2,80
210730 NOVA IORQUE,65,-,65
210735 NOVA OLINDA DO MARANHAO,233,-,233
210740 OLHO D'AGUA DAS CUNHAS,223,2,225
210745 OLINDA NOVA DO MARANHAO,164,-,164
210750 PACO DO LUMIAR,1333,97,1430
210760 PALMEIRANDIA,234,1,235
210770 PARAIBANO,255,1,256
210780 PARNARAMA,533,13,546
210790 PASSAGEM FRANCA,209,-,209
210800 PASTOS BONS,269,1,270
210805 PAULINO NEVES,255,-,255
210810 PAULO RAMOS,287,-,287
210820 PEDREIRAS,881,56,937
210825 PEDRO DO ROSARIO,388,16,404
210830 PENALVA,430,1,431
210840 PERI MIRIM,188,-,188
210845 PERITORO,469,7,476
210850 PINDARE-MIRIM,370,-,370
210860 PINHEIRO,1352,74,1426
210870 PIO XII,346,-,346
210880 PIRAPEMAS,226,1,227
210890 POCAO DE PEDRAS,217,1,218
210900 PORTO FRANCO,394,7,401
210905 PORTO RICO DO MARANHAO,95,2,97
210910 PRESIDENTE DUTRA,1060,62,1122
210920 PRESIDENTE JUSCELINO,229,-,229
210923 PRESIDENTE MEDICI,201,-,201
210927 PRESIDENTE SARNEY,218,3,221
210930 PRESIDENTE VARGAS,223,-,223
210940 PRIMEIRA CRUZ,126,-,126
210945 RAPOSA,454,27,481
210950 RIACHAO,288,1,289
210955 RIBAMAR FIQUENE,126,-,126
210960 ROSARIO,543,17,560
210970 SAMBAIBA,87,-,87
210975 SANTA FILOMENA DO MARANHAO,123,-,123
210980 SANTA HELENA,397,-,397
210990 SANTA INES,1420,208,1628
211000 SANTA LUZIA,652,21,673
211003 SANTA LUZIA DO PARUA,453,-,453
211010 SANTA QUITERIA DO MARANHAO,427,1,428
211020 SANTA RITA,681,9,690
211023 SANTANA DO MARANHAO,154,-,154
211027 SANTO AMARO DO MARANHAO,156,-,156
211030 SANTO ANTONIO DOS LOPES,213,2,215
211040 SAO BENEDITO DO RIO PRETO,406,-,406
211050 SAO BENTO,487,-,487
211060 SAO BERNARDO,413,3,416
211065 SAO DOMINGOS DO AZEITAO,109,-,109
211070 SAO DOMINGOS DO MARANHAO,618,1,619
211080 SAO FELIX DE BALSAS,93,-,93
211085 SAO FRANCISCO DO BREJAO,142,-,142
211090 SAO FRANCISCO DO MARANHAO,171,1,172
211100 SAO JOAO BATISTA,241,-,241
211102 SAO JOAO DO CARU,205,-,205
211105 SAO JOAO DO PARAISO,109,9,118
211107 SAO JOAO DO SOTER,357,7,364
211110 SAO JOAO DOS PATOS,383,-,383
211120 SAO JOSE DE RIBAMAR,1822,114,1936
211125 SAO JOSE DOS BASILIOS,104,-,104
211130 SAO LUIS,25443,7929,33372
211140 SAO LUIS GONZAGA DO MARANHAO,207,2,209
211150 SAO MATEUS DO MARANHAO,530,36,566
211153 SAO PEDRO DA AGUA BRANCA,185,1,186
211157 SAO PEDRO DOS CRENTES,132,8,140
211160 SAO RAIMUNDO DAS MANGABEIRAS,278,2,280
211163 SAO RAIMUNDO DO DOCA BEZERRA,107,-,107
211167 SAO ROBERTO,90,-,90
211170 SAO VICENTE FERRER,251,-,251
211172 SATUBINHA,211,-,211
211174 SENADOR ALEXANDRE COSTA,150,-,150
211176 SENADOR LA ROCQUE,216,-,216
211178 SERRANO DO MARANHAO,154,-,154
211180 SITIO NOVO,325,3,328
211190 SUCUPIRA DO NORTE,179,-,179
211195 SUCUPIRA DO RIACHAO,90,-,90
211200 TASSO FRAGOSO,148,7,155
211210 TIMBIRAS,465,3,468
211220 TIMON,2181,71,2252
211223 TRIZIDELA DO VALE,285,-,285
211227 TUFILANDIA,147,-,147
211230 TUNTUM,792,1,793
211240 TURIACU,378,-,378
211245 TURILANDIA,272,-,272
211250 TUTOIA,596,11,607
211260 URBANO SANTOS,430,-,430
211270 VARGEM GRANDE,559,2,561
211280 VIANA,662,8,670
211285 VILA NOVA DOS MARTIRIOS,185,-,185
211290 VITORIA DO MEARIM,478,5,483
211300 VITORINO FREIRE,384,1,385
211400 ZE DOCA,563,5,568
220005 ACAUA,81,-,81
220010 AGRICOLANDIA,100,-,100
220020 AGUA BRANCA,303,7,310
220025 ALAGOINHA DO PIAUI,71,-,71
220027 ALEGRETE DO PIAUI,63,-,63
220030 ALTO LONGA,136,-,136
220040 ALTOS,506,15,521
220045 ALVORADA DO GURGUEIA,72,-,72
220050 AMARANTE,304,2,306
220060 ANGICAL DO PIAUI,127,3,130
220070 ANISIO DE ABREU,105,-,105
220080 ANTONIO ALMEIDA,67,-,67
220090 AROAZES,84,-,84
220095 AROEIRAS DO ITAIM,27,1,28
220100 ARRAIAL,76,-,76
220105 ASSUNCAO DO PIAUI,80,-,80
220110 AVELINO LOPES,147,-,147
220115 BAIXA GRANDE DO RIBEIRO,154,1,155
220117 BARRA D'ALCANTARA,57,-,57
220120 BARRAS,574,6,580
220130 BARREIRAS DO PIAUI,63,-,63
220140 BARRO DURO,102,-,102
220150 BATALHA,236,4,240
220155 BELA VISTA DO PIAUI,55,-,55
220157 BELEM DO PIAUI,39,-,39
220160 BENEDITINOS,123,-,123
220170 BERTOLINIA,92,1,93
220173 BETANIA DO PIAUI,95,1,96
220177 BOA HORA,62,-,62
220180 BOCAINA,95,1,96
220190 BOM JESUS,618,38,656
220191 BOM PRINCIPIO DO PIAUI,82,-,82
220192 BONFIM DO PIAUI,60,1,61
220194 BOQUEIRAO DO PIAUI,69,-,69
220196 BRASILEIRA,91,6,97
220198 BREJO DO PIAUI,45,-,45
220200 BURITI DOS LOPES,245,2,247
220202 BURITI DOS MONTES,111,3,114
220205 CABECEIRAS DO PIAUI,76,-,76
220207 CAJAZEIRAS DO PIAUI,63,-,63
220208 CAJUEIRO DA PRAIA,86,-,86
220209 CALDEIRAO GRANDE DO PIAUI,71,-,71
220210 CAMPINAS DO PIAUI,60,-,60
220211 CAMPO ALEGRE DO FIDALGO,29,1,30
220213 CAMPO GRANDE DO PIAUI,65,-,65
220217 CAMPO LARGO DO PIAUI,66,-,66
220220 CAMPO MAIOR,1059,114,1173
220225 CANAVIEIRA,53,-,53
220230 CANTO DO BURITI,338,3,341
220240 CAPITAO DE CAMPOS,139,-,139
220245 CAPITAO GERVASIO OLIVEIRA,55,-,55
220250 CARACOL,106,2,108
220253 CARAUBAS DO PIAUI,73,-,73
220255 CARIDADE DO PIAUI,62,2,64
220260 CASTELO DO PIAUI,208,3,211
220265 CAXINGO,54,-,54
220270 COCAL,300,2,302
220271 COCAL DE TELHA,59,-,59
220272 COCAL DOS ALVES,75,-,75
220273 COIVARAS,47,-,47
220275 COLONIA DO GURGUEIA,80,1,81
220277 COLONIA DO PIAUI,87,-,87
220280 CONCEICAO DO CANINDE,80,-,80
220285 CORONEL JOSE DIAS,34,-,34
220290 CORRENTE,375,14,389
220300 CRISTALANDIA DO PIAUI,98,-,98
220310 CRISTINO CASTRO,148,-,148
220320 CURIMATA,244,-,244
220323 CURRAIS,64,-,64
220325 CURRALINHOS,65,-,65
220327 CURRAL NOVO DO PIAUI,69,-,69
220330 DEMERVAL LOBAO,274,-,274
220335 DIRCEU ARCOVERDE,86,-,86
220340 DOM EXPEDITO LOPES,69,-,69
220342 DOMINGOS MOURAO,46,-,46
220345 DOM INOCENCIO,131,-,131
220350 ELESBAO VELOSO,253,5,258
220360 ELISEU MARTINS,76,-,76
220370 ESPERANTINA,501,26,527
220375 FARTURA DO PIAUI,50,-,50
220380 FLORES DO PIAUI,63,-,63
220385 FLORESTA DO PIAUI,41,-,41
220390 FLORIANO,1862,133,1995
220400 FRANCINOPOLIS,116,-,116
220410 FRANCISCO AYRES,64,-,64
220415 FRANCISCO MACEDO,32,2,34
220420 FRANCISCO SANTOS,86,1,87
220430 FRONTEIRAS,156,2,158
220435 GEMINIANO,51,1,52
220440 GILBUES,148,-,148
220450 GUADALUPE,165,5,170
220455 GUARIBAS,42,1,43
220460 HUGO NAPOLEAO,62,-,62
220465 ILHA GRANDE,113,-,113
220470 INHUMA,224,4,228
220480 IPIRANGA DO PIAUI,141,3,144
220490 ISAIAS COELHO,85,-,85
220500 ITAINOPOLIS,160,5,165
220510 ITAUEIRA,168,2,170
220515 JACOBINA DO PIAUI,101,8,109
220520 JAICOS,225,4,229
220525 JARDIM DO MULATO,69,-,69
220527 JATOBA DO PIAUI,55,-,55
220530 JERUMENHA,60,-,60
220535 JOAO COSTA,44,-,44
220540 JOAQUIM PIRES,118,-,118
220545 JOCA MARQUES,70,-,70
220550 JOSE DE FREITAS,383,6,389
220551 JUAZEIRO DO PIAUI,53,1,54
220552 JULIO BORGES,95,2,97
220553 JUREMA,63,-,63
220554 LAGOINHA DO PIAUI,50,-,50
220555 LAGOA ALEGRE,69,-,69
220556 LAGOA DO BARRO DO PIAUI,95,-,95
220557 LAGOA DE SAO FRANCISCO,74,-,74
220558 LAGOA DO PIAUI,42,-,42
220559 LAGOA DO SITIO,49,1,50
220560 LANDRI SALES,77,-,77
220570 LUIS CORREIA,308,3,311
220580 LUZILANDIA,386,2,388
220585 MADEIRO,78,-,78
220590 MANOEL EMIDIO,93,-,93
220595 MARCOLANDIA,129,1,130
220600 MARCOS PARENTE,83,-,83
220605 MASSAPE DO PIAUI,59,1,60
220610 MATIAS OLIMPIO,106,-,106
220620 MIGUEL ALVES,312,-,312
220630 MIGUEL LEAO,46,-,46
220635 MILTON BRANDAO,69,-,69
220640 MONSENHOR GIL,146,-,146
220650 MONSENHOR HIPOLITO,94,-,94
220660 MONTE ALEGRE DO PIAUI,163,3,166
220665 MORRO CABECA NO TEMPO,53,-,53
220667 MORRO DO CHAPEU DO PIAUI,61,1,62
220669 MURICI DOS PORTELAS,77,1,78
220670 NAZARE DO PIAUI,69,-,69
220672 NAZARIA,87,-,87
220675 NOSSA SENHORA DE NAZARE,59,-,59
220680 NOSSA SENHORA DOS REMEDIOS,91,-,91
220690 NOVO ORIENTE DO PIAUI,88,-,88
220695 NOVO SANTO ANTONIO,56,-,56
220700 OEIRAS,791,16,807
220710 OLHO D'AGUA DO PIAUI,36,-,36
220720 PADRE MARCOS,72,-,72
220730 PAES LANDIM,99,-,99
220735 PAJEU DO PIAUI,40,-,40
220740 PALMEIRA DO PIAUI,57,-,57
220750 PALMEIRAIS,172,-,172
220755 PAQUETA,44,-,44
220760 PARNAGUA,136,-,136
220770 PARNAIBA,2618,363,2981
220775 PASSAGEM FRANCA DO PIAUI,51,-,51
220777 PATOS DO PIAUI,58,-,58
220779 PAU D'ARCO DO PIAUI,53,-,53
220780 PAULISTANA,428,48,476
220785 PAVUSSU,41,-,41
220790 PEDRO II,502,10,512
220793 PEDRO LAURENTINO,32,-,32
220795 NOVA SANTA RITA,44,-,44
220800 PICOS,1600,575,2175
220810 PIMENTEIRAS,166,-,166
220820 PIO IX,204,3,207
220830 PIRACURUCA,256,9,265
220840 PIRIPIRI,1238,62,1300
220850 PORTO,158,-,158
220855 PORTO ALEGRE DO PIAUI,41,-,41
220860 PRATA DO PIAUI,67,-,67
220865 QUEIMADA NOVA,110,1,111
220870 REDENCAO DO GURGUEIA,78,-,78
220880 REGENERACAO,220,-,220
220885 RIACHO FRIO,55,-,55
220887 RIBEIRA DO PIAUI,55,-,55
220890 RIBEIRO GONCALVES,109,-,109
220900 RIO GRANDE DO PIAUI,87,-,87
220910 SANTA CRUZ DO PIAUI,75,3,78
220915 SANTA CRUZ DOS MILAGRES,56,-,56
220920 SANTA FILOMENA,98,2,100
220930 SANTA LUZ,65,1,66
220935 SANTANA DO PIAUI,47,-,47
220937 SANTA ROSA DO PIAUI,67,-,67
220940 SANTO ANTONIO DE LISBOA,60,-,60
220945 SANTO ANTONIO DOS MILAGRES,31,-,31
220950 SANTO INACIO DO PIAUI,62,-,62
220955 SAO BRAZ DO PIAUI,49,-,49
220960 SAO FELIX DO PIAUI,53,-,53
220965 SAO FRANCISCO DE ASSIS DO PIAUI,56,-,56
220970 SAO FRANCISCO DO PIAUI,66,-,66
220975 SAO GONCALO DO GURGUEIA,41,-,41
220980 SAO GONCALO DO PIAUI,56,1,57
220985 SAO JOAO DA CANABRAVA,64,-,64
220987 SAO JOAO DA FRONTEIRA,50,-,50
220990 SAO JOAO DA SERRA,71,-,71
220995 SAO JOAO DA VARJOTA,44,1,45
220997 SAO JOAO DO ARRAIAL,77,1,78
221000 SAO JOAO DO PIAUI,438,31,469
221005 SAO JOSE DO DIVINO,75,1,76
221010 SAO JOSE DO PEIXE,44,-,44
221020 SAO JOSE DO PIAUI,74,-,74
221030 SAO JULIAO,45,1,46
221035 SAO LOURENCO DO PIAUI,52,-,52
221037 SAO LUIS DO PIAUI,43,-,43
221038 SAO MIGUEL DA BAIXA GRANDE,35,-,35
221039 SAO MIGUEL DO FIDALGO,39,5,44
221040 SAO MIGUEL DO TAPUIO,216,1,217
221050 SAO PEDRO DO PIAUI,175,-,175
221060 SAO RAIMUNDO NONATO,683,26,709
221062 SEBASTIAO BARROS,48,-,48
221063 SEBASTIAO LEAL,49,-,49
221065 SIGEFREDO PACHECO,60,-,60
221070 SIMOES,167,3,170
221080 SIMPLICIO MENDES,320,4,324
221090 SOCORRO DO PIAUI,86,-,86
221093 SUSSUAPARA,53,-,53
221095 TAMBORIL DO PIAUI,30,-,30
221097 TANQUE DO PIAUI,53,3,56
221100 TERESINA,18597,3606,22203
221110 UNIAO,390,6,396
221120 URUCUI,468,12,480
221130 VALENCA DO PIAUI,372,6,378
221135 VARZEA BRANCA,49,-,49
221140 VARZEA GRANDE,74,-,74
221150 VERA MENDES,38,-,38
221160 VILA NOVA DO PIAUI,41,2,43
221170 WALL FERRAZ,51,2,53
230010 ABAIARA,130,2,132
230015 ACARAPE,173,-,173
230020 ACARAU,853,105,958
230030 ACOPIARA,432,55,487
230040 AIUABA,240,-,240
230050 ALCANTARAS,219,-,219
230060 ALTANEIRA,145,-,145
230070 ALTO SANTO,336,19,355
230075 AMONTADA,342,2,344
230080 ANTONINA DO NORTE,158,-,158
230090 APUIARES,179,-,179
230100 AQUIRAZ,1456,123,1579
230110 ARACATI,1195,194,1389
230120 ARACOIABA,631,13,644
230125 ARARENDA,174,-,174
230130 ARARIPE,237,3,240
230140 ARATUBA,180,-,180
230150 ARNEIROZ,139,-,139
230160 ASSARE,320,5,325
230170 AURORA,308,3,311
230180 BAIXIO,102,-,102
230185 BANABUIU,372,3,375
230190 BARBALHA,2156,56,2212
230195 BARREIRA,220,-,220
230200 BARRO,294,7,301
230205 BARROQUINHA,289,-,289
230210 BATURITE,703,51,754
230220 BEBERIBE,527,13,540
230230 BELA CRUZ,408,22,430
230240 BOA VIAGEM,468,14,482
230250 BREJO SANTO,880,56,936
230260 CAMOCIM,909,43,952
230270 CAMPOS SALES,262,26,288
230280 CANINDE,962,59,1021
230290 CAPISTRANO,193,5,198
230300 CARIDADE,221,-,221
230310 CARIRE,278,-,278
230320 CARIRIACU,380,6,386
230330 CARIUS,189,2,191
230340 CARNAUBAL,316,12,328
230350 CASCAVEL,1134,82,1216
230360 CATARINA,239,-,239
230365 CATUNDA,226,-,226
230370 CAUCAIA,3436,382,3818
230380 CEDRO,270,5,275
230390 CHAVAL,241,-,241
230393 CHORO,214,-,214
230395 CHOROZINHO,220,-,220
230400 COREAU,312,20,332
230410 CRATEUS,1634,174,1808
230420 CRATO,1959,253,2212
230423 CROATA,332,9,341
230425 CRUZ,473,23,496
230426 DEPUTADO IRAPUAN PINHEIRO,134,-,134
230427 ERERE,113,2,115
230428 EUSEBIO,1186,181,1367
230430 FARIAS BRITO,298,14,312
230435 FORQUILHA,357,6,363
230440 FORTALEZA,45571,13787,59358
230445 FORTIM,267,7,274
230450 FRECHEIRINHA,339,1,340
230460 GENERAL SAMPAIO,124,-,124
230465 GRACA,201,1,202
230470 GRANJA,700,16,716
230480 GRANJEIRO,100,-,100
230490 GROAIRAS,139,1,140
230495 GUAIUBA,258,6,264
230500 GUARACIABA DO NORTE,423,82,505
230510 GUARAMIRANGA,105,-,105
230520 HIDROLANDIA,362,-,362
230523 HORIZONTE,910,28,938
230526 IBARETAMA,207,1,208
230530 IBIAPINA,400,8,408
230533 IBICUITINGA,164,61,225
230535 ICAPUI,282,-,282
230540 ICO,824,34,858
230550 IGUATU,1697,243,1940
230560 INDEPENDENCIA,425,13,438
230565 IPAPORANGA,238,-,238
230570 IPAUMIRIM,161,27,188
230580 IPU,522,25,547
230590 IPUEIRAS,435,13,448
230600 IRACEMA,219,3,222
230610 IRAUCUBA,360,-,360
230620 ITAICABA,147,1,148
230625 ITAITINGA,636,10,646
230630 ITAPAGE,585,65,650
230640 ITAPIPOCA,2160,227,2387
230650 ITAPIUNA,306,13,319
230655 ITAREMA,548,6,554
230660 ITATIRA,402,6,408
230670 JAGUARETAMA,299,-,299
230680 JAGUARIBARA,184,2,186
230690 JAGUARIBE,486,55,541
230700 JAGUARUANA,429,32,461
230710 JARDIM,292,-,292
230720 JATI,164,-,164
230725 JIJOCA DE JERICOACOARA,441,9,450
230730 JUAZEIRO DO NORTE,3998,839,4837
230740 JUCAS,334,3,337
230750 LAVRAS DA MANGABEIRA,340,9,349
230760 LIMOEIRO DO NORTE,1572,125,1697
230763 MADALENA,252,1,253
230765 MARACANAU,3066,678,3744
230770 MARANGUAPE,998,258,1256
230780 MARCO,294,5,299
230790 MARTINOPOLE,249,2,251
230800 MASSAPE,485,5,490
230810 MAURITI,553,29,582
230820 MERUOCA,218,10,228
230830 MILAGRES,359,9,368
230835 MILHA,279,9,288
230837 MIRAIMA,151,-,151
230840 MISSAO VELHA,363,-,363
230850 MOMBACA,503,16,519
230860 MONSENHOR TABOSA,403,1,404
230870 MORADA NOVA,544,41,585
230880 MORAUJO,143,-,143
230890 MORRINHOS,273,1,274
230900 MUCAMBO,227,59,286
230910 MULUNGU,145,2,147
230920 NOVA OLINDA,158,2,160
230930 NOVA RUSSAS,404,10,414
230940 NOVO ORIENTE,369,1,370
230945 OCARA,344,1,345
230950 OROS,285,6,291
230960 PACAJUS,798,42,840
230970 PACATUBA,683,4,687
230980 PACOTI,146,5,151
230990 PACUJA,110,5,115
231000 PALHANO,162,1,163
231010 PALMACIA,168,-,168
231020 PARACURU,455,12,467
231025 PARAIPABA,425,19,444
231030 PARAMBU,423,7,430
231040 PARAMOTI,158,-,158
231050 PEDRA BRANCA,709,25,734
231060 PENAFORTE,163,28,191
231070 PENTECOSTE,485,27,512
231080 PEREIRO,198,7,205
231085 PINDORETAMA,302,2,304
231090 PIQUET CARNEIRO,244,-,244
231095 PIRES FERREIRA,183,5,188
231100 PORANGA,156,-,156
231110 PORTEIRAS,165,3,168
231120 POTENGI,123,4,127
231123 POTIRETAMA,172,-,172
231126 QUITERIANOPOLIS,364,7,371
231130 QUIXADA,1480,151,1631
231135 QUIXELO,203,7,210
231140 QUIXERAMOBIM,1978,30,2008
231150 QUIXERE,308,19,327
231160 REDENCAO,497,16,513
231170 RERIUTABA,436,1,437
231180 RUSSAS,801,82,883
231190 SABOEIRO,192,-,192
231195 SALITRE,270,1,271
231200 SANTANA DO ACARAU,446,4,450
231210 SANTANA DO CARIRI,188,1,189
231220 SANTA QUITERIA,444,2,446
231230 SAO BENEDITO,576,220,796
231240 SAO GONCALO DO AMARANTE,1366,114,1480
231250 SAO JOAO DO JAGUARIBE,140,8,148
231260 SAO LUIS DO CURU,128,-,128
231270 SENADOR POMPEU,380,1,381
231280 SENADOR SA,101,-,101
231290 SOBRAL,6975,1569,8544
231300 SOLONOPOLE,298,2,300
231310 TABULEIRO DO NORTE,458,55,513
231320 TAMBORIL,370,3,373
231325 TARRAFAS,82,-,82
231330 TAUA,1117,38,1155
231335 TEJUCUOCA,275,-,275
231340 TIANGUA,1187,73,1260
231350 TRAIRI,567,18,585
231355 TURURU,179,-,179
231360 UBAJARA,474,6,480
231370 UMARI,128,2,130
231375 UMIRIM,160,1,161
231380 URUBURETAMA,202,1,203
231390 URUOCA,282,3,285
231395 VARJOTA,386,7,393
231400 VARZEA ALEGRE,396,21,417
231410 VICOSA DO CEARA,625,11,636
240010 ACARI,140,-,140
240020 ACU,967,137,1104
240030 AFONSO BEZERRA,144,4,148
240040 AGUA NOVA,44,-,44
240050 ALEXANDRIA,315,29,344
240060 ALMINO AFONSO,132,-,132
240070 ALTO DO RODRIGUES,157,9,166
240080 ANGICOS,230,14,244
240090 ANTONIO MARTINS,121,-,121
240100 APODI,489,119,608
240110 AREIA BRANCA,405,23,428
240120 ARES,238,-,238
240130 AUGUSTO SEVERO,121,-,121
240140 BAIA FORMOSA,129,-,129
240145 BARAUNA,468,45,513
240150 BARCELONA,67,-,67
240160 BENTO FERNANDES,68,-,68
240165 BODO,53,-,53
240170 BOM JESUS,162,1,163
240180 BREJINHO,173,-,173
240185 CAICARA DO NORTE,107,2,109
240190 CAICARA DO RIO DO VENTO,105,-,105
240200 CAICO,1745,228,1973
240210 CAMPO REDONDO,196,3,199
240220 CANGUARETAMA,454,2,456
240230 CARAUBAS,365,10,375
240240 CARNAUBA DOS DANTAS,174,-,174
240250 CARNAUBAIS,126,1,127
240260 CEARA-MIRIM,779,83,862
240270 CERRO CORA,118,-,118
240280 CORONEL EZEQUIEL,85,-,85
240290 CORONEL JOAO PESSOA,86,-,86
240300 CRUZETA,112,-,112
240310 CURRAIS NOVOS,1008,97,1105
240320 DOUTOR SEVERIANO,89,-,89
240325 PARNAMIRIM,3468,213,3681
240330 ENCANTO,107,1,108
240340 EQUADOR,126,-,126
240350 ESPIRITO SANTO,906,2,908
240360 EXTREMOZ,495,3,498
240370 FELIPE GUERRA,112,-,112
240375 FERNANDO PEDROZA,80,-,80
240380 FLORANIA,138,-,138
240390 FRANCISCO DANTAS,45,-,45
240400 FRUTUOSO GOMES,107,1,108
240410 GALINHOS,80,-,80
240420 GOIANINHA,406,8,414
240430 GOVERNADOR DIX-SEPT ROSADO,146,3,149
240440 GROSSOS,141,-,141
240450 GUAMARE,687,1,688
240460 IELMO MARINHO,163,-,163
240470 IPANGUACU,153,-,153
240480 IPUEIRA,73,-,73
240485 ITAJA,130,2,132
240490 ITAU,77,4,81
240500 JACANA,157,-,157
240510 JANDAIRA,148,-,148
240520 JANDUIS,134,-,134
240530 JANUARIO CICCO,118,-,118
240540 JAPI,91,-,91
240550 JARDIM DE ANGICOS,90,-,90
240560 JARDIM DE PIRANHAS,191,1,192
240570 JARDIM DO SERIDO,150,5,155
240580 JOAO CAMARA,598,22,620
240590 JOAO DIAS,54,-,54
240600 JOSE DA PENHA,96,-,96
240610 JUCURUTU,293,1,294
240615 JUNDIA,55,-,55
240620 LAGOA D'ANTA,109,-,109
240630 LAGOA DE PEDRAS,98,-,98
240640 LAGOA DE VELHOS,63,-,63
240650 LAGOA NOVA,154,5,159
240660 LAGOA SALGADA,67,-,67
240670 LAJES,182,2,184
240680 LAJES PINTADAS,113,-,113
240690 LUCRECIA,120,8,128
240700 LUIS GOMES,114,4,118
240710 MACAIBA,1199,29,1228
240720 MACAU,340,14,354
240725 MAJOR SALES,70,-,70
240730 MARCELINO VIEIRA,83,1,84
240740 MARTINS,119,1,120
240750 MAXARANGUAPE,160,30,190
240760 MESSIAS TARGINO,93,-,93
240770 MONTANHAS,145,-,145
240780 MONTE ALEGRE,290,4,294
240790 MONTE DAS GAMELEIRAS,70,95,165
240800 MOSSORO,4790,858,5648
240810 NATAL,17838,6204,24042
240820 NISIA FLORESTA,295,4,299
240830 NOVA CRUZ,597,2,599
240840 OLHO-D'AGUA DO BORGES,112,-,112
240850 OURO BRANCO,94,-,94
240860 PARANA,108,-,108
240870 PARAU,69,-,69
240880 PARAZINHO,99,-,99
240890 PARELHAS,358,8,366
240895 RIO DO FOGO,242,8,250
240910 PASSA E FICA,206,-,206
240920 PASSAGEM,48,-,48
240930 PATU,189,1,190
240933 SANTA MARIA,121,-,121
240940 PAU DOS FERROS,1082,45,1127
240950 PEDRA GRANDE,105,-,105
240960 PEDRA PRETA,63,-,63
240970 PEDRO AVELINO,109,-,109
240980 PEDRO VELHO,240,-,240
240990 PENDENCIAS,239,4,243
241000 PILOES,57,-,57
241010 POCO BRANCO,224,-,224
241020 PORTALEGRE,105,1,106
241025 PORTO DO MANGUE,100,-,100
241030 SERRA CAIADA,128,8,136
241040 PUREZA,94,-,94
241050 RAFAEL FERNANDES,61,10,71
241060 RAFAEL GODEIRO,61,-,61
241070 RIACHO DA CRUZ,56,-,56
241080 RIACHO DE SANTANA,42,-,42
241090 RIACHUELO,134,-,134
241100 RODOLFO FERNANDES,59,1,60
241105 TIBAU,157,3,160
241110 RUY BARBOSA,67,-,67
241120 SANTA CRUZ,1059,30,1089
241140 SANTANA DO MATOS,125,-,125
241142 SANTANA DO SERIDO,67,1,68
241150 SANTO ANTONIO,548,3,551
241160 SAO BENTO DO NORTE,74,-,74
241170 SAO BENTO DO TRAIRI,114,-,114
241180 SAO FERNANDO,61,-,61
241190 SAO FRANCISCO DO OESTE,50,-,50
241200 SAO GONCALO DO AMARANTE,935,93,1028
241210 SAO JOAO DO SABUGI,106,6,112
241220 SAO JOSE DE MIPIBU,869,27,896
241230 SAO JOSE DO CAMPESTRE,195,-,195
241240 SAO JOSE DO SERIDO,82,1,83
241250 SAO MIGUEL,228,5,233
241255 SAO MIGUEL DO GOSTOSO,172,-,172
241260 SAO PAULO DO POTENGI,366,3,369
241270 SAO PEDRO,67,-,67
241280 SAO RAFAEL,95,-,95
241290 SAO TOME,137,-,137
241300 SAO VICENTE,120,1,121
241310 SENADOR ELOI DE SOUZA,89,-,89
241320 SENADOR GEORGINO AVELINO,81,-,81
241330 SERRA DE SAO BENTO,112,-,112
241335 SERRA DO MEL,122,1,123
241340 SERRA NEGRA DO NORTE,99,1,100
241350 SERRINHA,104,-,104
241355 SERRINHA DOS PINTOS,63,-,63
241360 SEVERIANO MELO,82,2,84
241370 SITIO NOVO,102,-,102
241380 TABOLEIRO GRANDE,44,1,45
241390 TAIPU,148,-,148
241400 TANGARA,201,-,201
241410 TENENTE ANANIAS,134,7,141
241415 TENENTE LAURENTINO CRUZ,95,1,96
241420 TIBAU DO SUL,217,-,217
241430 TIMBAUBA DOS BATISTAS,47,-,47
241440 TOUROS,373,8,381
241445 TRIUNFO POTIGUAR,115,-,115
241450 UMARIZAL,117,-,117
241460 UPANEMA,190,-,190
241470 VARZEA,60,-,60
241475 VENHA-VER,56,-,56
241480 VERA CRUZ,174,-,174
241490 VICOSA,36,-,36
241500 VILA FLOR,66,1,67
250010 AGUA BRANCA,220,1,221
250020 AGUIAR,162,2,164
250030 ALAGOA GRANDE,367,3,370
250040 ALAGOA NOVA,271,5,276
250050 ALAGOINHA,172,-,172
250053 ALCANTIL,117,-,117
250057 ALGODAO DE JANDAIRA,39,2,41
250060 ALHANDRA,397,3,400
250070 SAO JOAO DO RIO DO PEIXE,325,5,330
250073 AMPARO,52,-,52
250077 APARECIDA,103,2,105
250080 ARACAGI,214,-,214
250090 ARARA,142,1,143
250100 ARARUNA,207,7,214
250110 AREIA,298,6,304
250115 AREIA DE BARAUNAS,53,2,55
250120 AREIAL,84,-,84
250130 AROEIRAS,228,2,230
250135 ASSUNCAO,70,-,70
250140 BAIA DA TRAICAO,234,-,234
250150 BANANEIRAS,289,3,292
250153 BARAUNA,98,-,98
250157 BARRA DE SANTANA,151,-,151
250160 BARRA DE SANTA ROSA,163,24,187
250170 BARRA DE SAO MIGUEL,112,-,112
250180 BAYEUX,1016,43,1059
250190 BELEM,377,9,386
250200 BELEM DO BREJO DO CRUZ,103,2,105
250205 BERNARDINO BATISTA,81,-,81
250210 BOA VENTURA,118,2,120
250215 BOA VISTA,122,4,126
250220 BOM JESUS,66,-,66
250230 BOM SUCESSO,95,1,96
250240 BONITO DE SANTA FE,152,8,160
250250 BOQUEIRAO,352,4,356
250260 IGARACY,91,5,96
250270 BORBOREMA,51,-,51
250280 BREJO DO CRUZ,191,5,196
250290 BREJO DOS SANTOS,125,1,126
250300 CAAPORA,303,1,304
250310 CABACEIRAS,110,-,110
250320 CABEDELO,1120,86,1206
250330 CACHOEIRA DOS INDIOS,105,-,105
250340 CACIMBA DE AREIA,86,1,87
250350 CACIMBA DE DENTRO,164,7,171
250355 CACIMBAS,107,25,132
250360 CAICARA,102,7,109
250370 CAJAZEIRAS,1788,181,1969
250375 CAJAZEIRINHAS,99,-,99
250380 CALDAS BRANDAO,94,-,94
250390 CAMALAU,92,-,92
250400 CAMPINA GRANDE,10636,1721,12357
250403 CAPIM,116,-,116
250407 CARAUBAS,67,-,67
250410 CARRAPATEIRA,58,-,58
250415 CASSERENGUE,88,-,88
250420 CATINGUEIRA,93,2,95
250430 CATOLE DO ROCHA,599,19,618
250435 CATURITE,66,-,66
250440 CONCEICAO,277,6,283
250450 CONDADO,107,3,110
250460 CONDE,384,46,430
250470 CONGO,100,1,101
250480 COREMAS,342,12,354
250485 COXIXOLA,28,-,28
250490 CRUZ DO ESPIRITO SANTO,172,1,173
250500 CUBATI,130,2,132
250510 CUITE,376,7,383
250520 CUITEGI,72,-,72
250523 CUITE DE MAMANGUAPE,112,-,112
250527 CURRAL DE CIMA,82,1,83
250530 CURRAL VELHO,37,-,37
250535 DAMIAO,60,25,85
250540 DESTERRO,116,3,119
250550 VISTA SERRANA,64,2,66
250560 DIAMANTE,90,-,90
250570 DONA INES,174,-,174
250580 DUAS ESTRADAS,66,-,66
250590 EMAS,45,-,45
250600 ESPERANCA,519,47,566
250610 FAGUNDES,106,-,106
250620 FREI MARTINHO,98,2,100
250625 GADO BRAVO,84,-,84
250630 GUARABIRA,1127,182,1309
250640 GURINHEM,185,-,185
250650 GURJAO,52,2,54
250660 IBIARA,101,-,101
250670 IMACULADA,150,4,154
250680 INGA,277,1,278
250690 ITABAIANA,688,54,742
250700 ITAPORANGA,524,27,551
250710 ITAPOROROCA,236,3,239
250720 ITATUBA,133,-,133
250730 JACARAU,223,11,234
250740 JERICO,117,4,121
250750 JOAO PESSOA,19172,3997,23169
250760 JUAREZ TAVORA,98,2,100
250770 JUAZEIRINHO,214,8,222
250780 JUNCO DO SERIDO,93,1,94
250790 JURIPIRANGA,165,3,168
250800 JURU,141,2,143
250810 LAGOA,57,-,57
250820 LAGOA DE DENTRO,108,1,109
250830 LAGOA SECA,279,6,285
250840 LASTRO,58,-,58
250850 LIVRAMENTO,97,1,98
250855 LOGRADOURO,72,1,73
250860 LUCENA,182,2,184
250870 MAE D'AGUA,72,-,72
250880 MALTA,60,1,61
250890 MAMANGUAPE,993,22,1015
250900 MANAIRA,114,2,116
250905 MARCACAO,174,-,174
250910 MARI,239,13,252
250915 MARIZOPOLIS,65,2,67
250920 MASSARANDUBA,135,-,135
250930 MATARACA,154,1,155
250933 MATINHAS,43,-,43
250937 MATO GROSSO,37,-,37
250939 MATUREIA,89,15,104
250940 MOGEIRO,186,2,188
250950 MONTADAS,59,2,61
250960 MONTE HOREBE,66,1,67
250970 MONTEIRO,1038,28,1066
250980 MULUNGU,92,1,93
250990 NATUBA,148,-,148
251000 NAZAREZINHO,64,-,64
251010 NOVA FLORESTA,143,9,152
251020 NOVA OLINDA,98,-,98
251030 NOVA PALMEIRA,95,-,95
251040 OLHO D'AGUA,91,-,91
251050 OLIVEDOS,46,-,46
251060 OURO VELHO,50,-,50
251065 PARARI,34,-,34
251070 PASSAGEM,63,-,63
251080 PATOS,3144,563,3707
251090 PAULISTA,167,1,168
251100 PEDRA BRANCA,62,-,62
251110 PEDRA LAVRADA,121,-,121
251120 PEDRAS DE FOGO,400,10,410
251130 PIANCO,548,-,548
251140 PICUI,524,12,536
251150 PILAR,190,1,191
251160 PILOES,61,-,61
251170 PILOEZINHOS,58,4,62
251180 PIRPIRITUBA,110,2,112
251190 PITIMBU,264,1,265
251200 POCINHOS,254,-,254
251203 POCO DANTAS,64,-,64
251207 POCO DE JOSE DE MOURA,77,-,77
251210 POMBAL,589,28,617
251220 PRATA,85,1,86
251230 PRINCESA ISABEL,683,46,729
251240 PUXINANA,124,-,124
251250 QUEIMADAS,744,9,753
251260 QUIXABA,51,-,51
251270 REMIGIO,173,10,183
251272 PEDRO REGIS,67,1,68
251274 RIACHAO,59,-,59
251275 RIACHAO DO BACAMARTE,57,-,57
251276 RIACHAO DO POCO,74,1,75
251278 RIACHO DE SANTO ANTONIO,70,-,70
251280 RIACHO DOS CAVALOS,69,-,69
251290 RIO TINTO,330,3,333
251300 SALGADINHO,56,-,56
251310 SALGADO DE SAO FELIX,157,2,159
251315 SANTA CECILIA,81,-,81
251320 SANTA CRUZ,89,1,90
251330 SANTA HELENA,98,-,98
251335 SANTA INES,62,-,62
251340 SANTA LUZIA,388,4,392
251350 SANTANA DE MANGUEIRA,72,-,72
251360 SANTANA DOS GARROTES,118,8,126
251365 JOCA CLAUDINO,51,-,51
251370 SANTA RITA,1826,73,1899
251380 SANTA TERESINHA,50,18,68
251385 SANTO ANDRE,56,-,56
251390 SAO BENTO,397,129,526
251392 SAO BENTINHO,91,2,93
251394 SAO DOMINGOS DO CARIRI,50,-,50
251396 SAO DOMINGOS,41,-,41
251398 SAO FRANCISCO,65,-,65
251400 SAO JOAO DO CARIRI,79,1,80
251410 SAO JOAO DO TIGRE,80,-,80
251420 SAO JOSE DA LAGOA TAPADA,82,6,88
251430 SAO JOSE DE CAIANA,81,-,81
251440 SAO JOSE DE ESPINHARAS,90,-,90
251445 SAO JOSE DOS RAMOS,93,6,99
251450 SAO JOSE DE PIRANHAS,255,6,261
251455 SAO JOSE DE PRINCESA,47,-,47
251460 SAO JOSE DO BONFIM,41,2,43
251465 SAO JOSE DO BREJO DO CRUZ,24,-,24
251470 SAO JOSE DO SABUGI,109,-,109
251480 SAO JOSE DOS CORDEIROS,45,-,45
251490 SAO MAMEDE,132,4,136
251500 SAO MIGUEL DE TAIPU,115,-,115
251510 SAO SEBASTIAO DE LAGOA DE ROCA,115,-,115
251520 SAO SEBASTIAO DO UMBUZEIRO,36,-,36
251530 SAPE,604,4,608
251540 SAO VICENTE DO SERIDO,119,2,121
251550 SERRA BRANCA,171,4,175
251560 SERRA DA RAIZ,45,-,45
251570 SERRA GRANDE,61,-,61
251580 SERRA REDONDA,83,1,84
251590 SERRARIA,117,-,117
251593 SERTAOZINHO,68,-,68
251597 SOBRADO,100,-,100
251600 SOLANEA,343,15,358
251610 SOLEDADE,245,13,258
251615 SOSSEGO,58,-,58
251620 SOUSA,1092,139,1231
251630 SUME,297,7,304
251640 TACIMA,141,-,141
251650 TAPEROA,369,-,369
251660 TAVARES,164,2,166
251670 TEIXEIRA,249,10,259
251675 TENORIO,59,-,59
251680 TRIUNFO,124,1,125
251690 UIRAUNA,275,3,278
251700 UMBUZEIRO,176,-,176
251710 VARZEA,45,-,45
251720 VIEIROPOLIS,72,-,72
251740 ZABELE,31,-,31
260005 ABREU E LIMA,912,178,1090
260010 AFOGADOS DA INGAZEIRA,939,36,975
260020 AFRANIO,259,15,274
260030 AGRESTINA,332,83,415
260040 AGUA PRETA,321,-,321
260050 AGUAS BELAS,430,3,433
260060 ALAGOINHA,228,1,229
260070 ALIANCA,352,-,352
260080 ALTINHO,231,3,234
260090 AMARAJI,186,2,188
260100 ANGELIM,147,-,147
260105 ARACOIABA,280,1,281
260110 ARARIPINA,1082,49,1131
260120 ARCOVERDE,2078,165,2243
260130 BARRA DE GUABIRABA,181,-,181
260140 BARREIROS,629,4,633
260150 BELEM DE MARIA,111,-,111
260160 BELEM DE SAO FRANCISCO,238,3,241
260170 BELO JARDIM,661,133,794
260180 BETANIA,125,-,125
260190 BEZERROS,936,57,993
260200 BODOCO,425,15,440
260210 BOM CONSELHO,496,17,513
260220 BOM JARDIM,350,-,350
260230 BONITO,390,3,393
260240 BREJAO,168,-,168
260250 BREJINHO,145,-,145
260260 BREJO DA MADRE DE DEUS,517,7,524
260270 BUENOS AIRES,126,1,127
260280 BUIQUE,464,14,478
260290 CABO DE SANTO AGOSTINHO,3387,455,3842
260300 CABROBO,472,3,475
260310 CACHOEIRINHA,185,6,191
260320 CAETES,283,1,284
260330 CALCADO,137,-,137
260340 CALUMBI,100,1,101
260345 CAMARAGIBE,1388,742,2130
260350 CAMOCIM DE SAO FELIX,161,2,163
260360 CAMUTANGA,117,-,117
260370 CANHOTINHO,258,5,263
260380 CAPOEIRAS,230,1,231
260390 CARNAIBA,320,-,320
260392 CARNAUBEIRA DA PENHA,207,-,207
260400 CARPINA,1077,207,1284
260410 CARUARU,7003,2168,9171
260415 CASINHAS,190,-,190
260420 CATENDE,310,3,313
260430 CEDRO,238,-,238
260440 CHA DE ALEGRIA,137,-,137
260450 CHA GRANDE,246,4,250
260460 CONDADO,180,1,181
260470 CORRENTES,174,-,174
260480 CORTES,220,3,223
260490 CUMARU,211,1,212
260500 CUPIRA,238,4,242
260510 CUSTODIA,334,20,354
260515 DORMENTES,264,12,276
260520 ESCADA,712,37,749
260530 EXU,310,4,314
260540 FEIRA NOVA,269,-,269
260545 FERNANDO DE NORONHA,141,1,142
260550 FERREIROS,120,-,120
260560 FLORES,196,1,197
260570 FLORESTA,317,8,325
260580 FREI MIGUELINHO,161,-,161
260590 GAMELEIRA,227,1,228
260600 GARANHUNS,2390,256,2646
260610 GLORIA DO GOITA,240,9,249
260620 GOIANA,1785,131,1916
260630 GRANITO,137,2,139
260640 GRAVATA,824,225,1049
260650 IATI,218,1,219
260660 IBIMIRIM,361,3,364
260670 IBIRAJUBA,111,-,111
260680 IGARASSU,1555,100,1655
260690 IGUARACY,171,-,171
260700 INAJA,215,-,215
260710 INGAZEIRA,116,-,116
260720 IPOJUCA,1522,125,1647
260730 IPUBI,432,7,439
260740 ITACURUBA,86,-,86
260750 ITAIBA,233,5,238
260760 ILHA DE ITAMARACA,348,1,349
260765 ITAMBE,355,2,357
260770 ITAPETIM,212,-,212
260775 ITAPISSUMA,366,3,369
260780 ITAQUITINGA,161,1,162
260790 JABOATAO DOS GUARARAPES,6034,1589,7623
260795 JAQUEIRA,165,2,167
260800 JATAUBA,298,1,299
260805 JATOBA,290,6,296
260810 JOAO ALFREDO,318,6,324
260820 JOAQUIM NABUCO,109,-,109
260825 JUCATI,127,-,127
260830 JUPI,181,3,184
260840 JUREMA,176,-,176
260845 LAGOA DO CARRO,189,-,189
260850 LAGOA DE ITAENGA,218,2,220
260860 LAGOA DO OURO,179,2,181
260870 LAGOA DOS GATOS,137,-,137
260875 LAGOA GRANDE,315,11,326
260880 LAJEDO,321,33,354
260890 LIMOEIRO,1206,92,1298
260900 MACAPARANA,336,-,336
260910 MACHADOS,166,-,166
260915 MANARI,266,-,266
260920 MARAIAL,113,-,113
260930 MIRANDIBA,203,-,203
260940 MORENO,657,13,670
260950 NAZARE DA MATA,433,2,435
260960 OLINDA,3581,874,4455
260970 OROBO,194,-,194
260980 OROCO,229,1,230
260990 OURICURI,931,19,950
261000 PALMARES,1588,14,1602
261010 PALMEIRINA,93,-,93
261020 PANELAS,291,1,292
261030 PARANATAMA,189,1,190
261040 PARNAMIRIM,259,5,264
261050 PASSIRA,249,-,249
261060 PAUDALHO,544,38,582
261070 PAULISTA,3033,337,3370
261080 PEDRA,229,1,230
261090 PESQUEIRA,671,40,711
261100 PETROLANDIA,402,29,431
261110 PETROLINA,6443,1625,8068
261120 POCAO,143,-,143
261130 POMBOS,233,2,235
261140 PRIMAVERA,127,-,127
261150 QUIPAPA,224,2,226
261153 QUIXABA,140,-,140
261160 RECIFE,46538,13173,59711
261170 RIACHO DAS ALMAS,299,3,302
261180 RIBEIRAO,344,5,349
261190 RIO FORMOSO,214,1,215
261200 SAIRE,133,6,139
261210 SALGADINHO,118,-,118
261220 SALGUEIRO,1478,121,1599
261230 SALOA,166,2,168
261240 SANHARO,239,-,239
261245 SANTA CRUZ,193,-,193
261247 SANTA CRUZ DA BAIXA VERDE,124,1,125
261250 SANTA CRUZ DO CAPIBARIBE,903,127,1030
261255 SANTA FILOMENA,131,-,131
261260 SANTA MARIA DA BOA VISTA,374,6,380
261270 SANTA MARIA DO CAMBUCA,129,-,129
261280 SANTA TEREZINHA,202,-,202
261290 SAO BENEDITO DO SUL,108,-,108
261300 SAO BENTO DO UNA,437,73,510
261310 SAO CAITANO,276,7,283
261320 SAO JOAO,252,2,254
261330 SAO JOAQUIM DO MONTE,247,8,255
261340 SAO JOSE DA COROA GRANDE,229,1,230
261350 SAO JOSE DO BELMONTE,356,9,365
261360 SAO JOSE DO EGITO,414,2,416
261370 SAO LOURENCO DA MATA,909,34,943
261380 SAO VICENTE FERRER,192,-,192
261390 SERRA TALHADA,1964,133,2097
261400 SERRITA,223,1,224
261410 SERTANIA,424,13,437
261420 SIRINHAEM,300,-,300
261430 MOREILANDIA,149,-,149
261440 SOLIDAO,95,2,97
261450 SURUBIM,633,18,651
261460 TABIRA,337,8,345
261470 TACAIMBO,101,-,101
261480 TACARATU,262,9,271
261485 TAMANDARE,251,3,254
261500 TAQUARITINGA DO NORTE,237,2,239
261510 TEREZINHA,97,-,97
261520 TERRA NOVA,116,-,116
261530 TIMBAUBA,553,55,608
261540 TORITAMA,317,10,327
261550 TRACUNHAEM,136,-,136
261560 TRINDADE,286,16,302
261570 TRIUNFO,151,3,154
261580 TUPANATINGA,254,1,255
261590 TUPARETAMA,117,-,117
261600 VENTUROSA,220,11,231
261610 VERDEJANTE,108,-,108
261618 VERTENTE DO LERIO,110,-,110
261620 VERTENTES,252,11,263
261630 VICENCIA,272,-,272
261640 VITORIA DE SANTO ANTAO,1920,349,2269
261650 XEXEU,180,-,180
270010 AGUA BRANCA,315,-,315
270020 ANADIA,230,-,230
270030 ARAPIRACA,4424,527,4951
270040 ATALAIA,531,17,548
270050 BARRA DE SANTO ANTONIO,255,1,256
270060 BARRA DE SAO MIGUEL,162,7,169
270070 BATALHA,242,2,244
270080 BELEM,84,-,84
270090 BELO MONTE,84,1,85
270100 BOCA DA MATA,315,43,358
270110 BRANQUINHA,170,-,170
270120 CACIMBINHAS,147,1,148
270130 CAJUEIRO,245,1,246
270135 CAMPESTRE,102,-,102
270140 CAMPO ALEGRE,526,-,526
270150 CAMPO GRANDE,123,-,123
270160 CANAPI,322,-,322
270170 CAPELA,318,-,318
270180 CARNEIROS,123,-,123
270190 CHA PRETA,108,1,109
270200 COITE DO NOIA,149,-,149
270210 COLONIA LEOPOLDINA,257,4,261
270220 COQUEIRO SECO,121,-,121
270230 CORURIPE,1212,11,1223
270235 CRAIBAS,313,-,313
270240 DELMIRO GOUVEIA,1410,35,1445
270250 DOIS RIACHOS,148,1,149
270255 ESTRELA DE ALAGOAS,184,11,195
270260 FEIRA GRANDE,231,4,235
270270 FELIZ DESERTO,70,-,70
270280 FLEXEIRAS,169,1,170
270290 GIRAU DO PONCIANO,460,13,473
270300 IBATEGUARA,182,-,182
270310 IGACI,248,1,249
270320 IGREJA NOVA,222,2,224
270330 INHAPI,274,2,276
270340 JACARE DOS HOMENS,78,-,78
270350 JACUIPE,71,-,71
270360 JAPARATINGA,111,-,111
270370 JARAMATAIA,83,-,83
270375 JEQUIA DA PRAIA,190,-,190
270380 JOAQUIM GOMES,282,1,283
270390 JUNDIA,84,-,84
270400 JUNQUEIRO,479,6,485
270410 LAGOA DA CANOA,233,-,233
270420 LIMOEIRO DE ANADIA,435,-,435
270430 MACEIO,21701,4411,26112
270440 MAJOR ISIDORO,260,-,260
270450 MARAGOGI,407,11,418
270460 MARAVILHA,122,-,122
270470 MARECHAL DEODORO,685,19,704
270480 MARIBONDO,198,3,201
270490 MAR VERMELHO,47,-,47
270500 MATA GRANDE,366,3,369
270510 MATRIZ DE CAMARAGIBE,355,3,358
270520 MESSIAS,189,3,192
270530 MINADOR DO NEGRAO,76,-,76
270540 MONTEIROPOLIS,83,-,83
270550 MURICI,281,2,283
270560 NOVO LINO,183,-,183
270570 OLHO D'AGUA DAS FLORES,216,2,218
270580 OLHO D'AGUA DO CASADO,94,1,95
270590 OLHO D'AGUA GRANDE,62,-,62
270600 OLIVENCA,108,1,109
270610 OURO BRANCO,253,1,254
270620 PALESTINA,82,-,82
270630 PALMEIRA DOS INDIOS,1077,76,1153
270640 PAO DE ACUCAR,322,4,326
270642 PARICONHA,197,-,197
270644 PARIPUEIRA,216,25,241
270650 PASSO DE CAMARAGIBE,197,1,198
270660 PAULO JACINTO,98,-,98
270670 PENEDO,1003,49,1052
270680 PIACABUCU,284,-,284
270690 PILAR,510,10,520
270700 PINDOBA,56,-,56
270710 PIRANHAS,338,9,347
270720 POCO DAS TRINCHEIRAS,116,1,117
270730 PORTO CALVO,957,1,958
270740 PORTO DE PEDRAS,142,3,145
270750 PORTO REAL DO COLEGIO,276,3,279
270760 QUEBRANGULO,158,2,160
270770 RIO LARGO,847,79,926
270780 ROTEIRO,86,-,86
270790 SANTA LUZIA DO NORTE,113,-,113
270800 SANTANA DO IPANEMA,1001,28,1029
270810 SANTANA DO MUNDAU,163,3,166
270820 SAO BRAS,105,-,105
270830 SAO JOSE DA LAJE,423,-,423
270840 SAO JOSE DA TAPERA,462,-,462
270850 SAO LUIS DO QUITUNDE,372,4,376
270860 SAO MIGUEL DOS CAMPOS,1257,49,1306
270870 SAO MIGUEL DOS MILAGRES,116,-,116
270880 SAO SEBASTIAO,423,13,436
270890 SATUBA,246,13,259
270895 SENADOR RUI PALMEIRA,148,-,148
270900 TANQUE D'ARCA,78,-,78
270910 TAQUARANA,270,-,270
270915 TEOTONIO VILELA,493,9,502
270920 TRAIPU,284,-,284
270930 UNIAO DOS PALMARES,1287,18,1305
270940 VICOSA,341,8,349
280010 AMPARO DE SAO FRANCISCO,47,1,48
280020 AQUIDABA,258,19,277
280030 ARACAJU,18114,5433,23547
280040 ARAUA,150,-,150
280050 AREIA BRANCA,303,3,306
280060 BARRA DOS COQUEIROS,545,28,573
280067 BOQUIM,347,4,351
280070 BREJO GRANDE,123,1,124
280100 CAMPO DO BRITO,258,7,265
280110 CANHOBA,77,-,77
280120 CANINDE DE SAO FRANCISCO,486,6,492
280130 CAPELA,521,2,523
280140 CARIRA,233,4,237
280150 CARMOPOLIS,310,7,317
280160 CEDRO DE SAO JOAO,119,-,119
280170 CRISTINAPOLIS,282,-,282
280190 CUMBE,53,-,53
280200 DIVINA PASTORA,123,-,123
280210 ESTANCIA,1295,77,1372
280220 FEIRA NOVA,62,-,62
280230 FREI PAULO,195,-,195
280240 GARARU,119,2,121
280250 GENERAL MAYNARD,69,-,69
280260 GRACHO CARDOSO,82,-,82
280270 ILHA DAS FLORES,97,2,99
280280 INDIAROBA,206,2,208
280290 ITABAIANA,1601,220,1821
280300 ITABAIANINHA,358,5,363
280310 ITABI,63,3,66
280320 ITAPORANGA D'AJUDA,410,9,419
280330 JAPARATUBA,248,3,251
280340 JAPOATA,156,-,156
280350 LAGARTO,2352,58,2410
280360 LARANJEIRAS,276,-,276
280370 MACAMBIRA,91,-,91
280380 MALHADA DOS BOIS,69,-,69
280390 MALHADOR,103,-,103
280400 MARUIM,139,1,140
280410 MOITA BONITA,126,-,126
280420 MONTE ALEGRE DE SERGIPE,175,1,176
280430 MURIBECA,93,-,93
280440 NEOPOLIS,316,12,328
280445 NOSSA SENHORA APARECIDA,125,-,125
280450 NOSSA SENHORA DA GLORIA,684,38,722
280460 NOSSA SENHORA DAS DORES,251,10,261
280470 NOSSA SENHORA DE LOURDES,60,-,60
280480 NOSSA SENHORA DO SOCORRO,1955,91,2046
280490 PACATUBA,178,-,178
280500 PEDRA MOLE,57,-,57
280510 PEDRINHAS,93,-,93
280520 PINHAO,85,-,85
280530 PIRAMBU,88,1,89
280540 POCO REDONDO,249,-,249
280550 POCO VERDE,218,9,227
280560 PORTO DA FOLHA,346,1,347
280570 PROPRIA,621,46,667
280580 RIACHAO DO DANTAS,215,-,215
280590 RIACHUELO,137,-,137
280600 RIBEIROPOLIS,199,11,210
280610 ROSARIO DO CATETE,157,2,159
280620 SALGADO,199,-,199
280630 SANTA LUZIA DO ITANHY,145,2,147
280640 SANTANA DO SAO FRANCISCO,112,-,112
280650 SANTA ROSA DE LIMA,41,-,41
280660 SANTO AMARO DAS BROTAS,174,-,174
280670 SAO CRISTOVAO,735,71,806
280680 SAO DOMINGOS,130,2,132
280690 SAO FRANCISCO,88,-,88
280700 SAO MIGUEL DO ALEIXO,35,-,35
280710 SIMAO DIAS,546,17,563
280720 SIRIRI,94,1,95
280730 TELHA,48,-,48
280740 TOBIAS BARRETO,584,16,600
280750 TOMAR DO GERU,139,-,139
280760 UMBAUBA,240,5,245
290010 ABAIRA,135,1,136
290020 ABARE,253,3,256
290030 ACAJUTIBA,223,3,226
290035 ADUSTINA,184,10,194
290040 AGUA FRIA,174,-,174
290050 ERICO CARDOSO,172,13,185
290060 AIQUARA,93,-,93
290070 ALAGOINHAS,2706,1249,3955
290080 ALCOBACA,362,5,367
290090 ALMADINA,78,-,78
290100 AMARGOSA,576,144,720
290110 AMELIA RODRIGUES,336,3,339
290115 AMERICA DOURADA,229,-,229
290120 ANAGE,252,2,254
290130 ANDARAI,164,4,168
290135 ANDORINHA,174,6,180
290140 ANGICAL,210,13,223
290150 ANGUERA,144,-,144
290160 ANTAS,272,11,283
290170 ANTONIO CARDOSO,168,-,168
290180 ANTONIO GONCALVES,171,-,171
290190 APORA,209,-,209
290195 APUAREMA,98,-,98
290200 ARACATU,273,42,315
290205 ARACAS,152,6,158
290210 ARACI,547,9,556
290220 ARAMARI,105,2,107
290225 ARATACA,102,-,102
290230 ARATUIPE,111,1,112
290240 AURELINO LEAL,184,-,184
290250 BAIANOPOLIS,165,3,168
290260 BAIXA GRANDE,178,8,186
290265 BANZAE,211,2,213
290270 BARRA,475,2,477
290280 BARRA DA ESTIVA,274,15,289
290290 BARRA DO CHOCA,543,18,561
290300 BARRA DO MENDES,207,14,221
290310 BARRA DO ROCHA,120,-,120
290320 BARREIRAS,3535,365,3900
290323 BARRO ALTO,159,2,161
290327 BARROCAS,223,7,230
290330 BARRO PRETO,121,2,123
290340 BELMONTE,223,7,230
290350 BELO CAMPO,326,14,340
290360 BIRITINGA,211,1,212
290370 BOA NOVA,149,-,149
290380 BOA VISTA DO TUPIM,262,2,264
290390 BOM JESUS DA LAPA,1270,76,1346
290395 BOM JESUS DA SERRA,109,2,111
290400 BONINAL,155,-,155
290405 BONITO,281,4,285
290410 BOQUIRA,347,25,372
290420 BOTUPORA,211,21,232
290430 BREJOES,204,6,210
290440 BREJOLANDIA,153,-,153
290450 BROTAS DE MACAUBAS,161,13,174
290460 BRUMADO,1029,161,1190
290470 BUERAREMA,202,-,202
290475 BURITIRAMA,269,1,270
290480 CAATIBA,147,1,148
290485 CABACEIRAS DO PARAGUACU,250,1,251
290490 CACHOEIRA,407,52,459
290500 CACULE,274,90,364
290510 CAEM,124,-,124
290515 CAETANOS,135,4,139
290520 CAETITE,1082,153,1235
290530 CAFARNAUM,233,5,238
290540 CAIRU,252,-,252
290550 CALDEIRAO GRANDE,140,-,140
290560 CAMACAN,440,18,458
290570 CAMACARI,4333,1978,6311
290580 CAMAMU,308,10,318
290590 CAMPO ALEGRE DE LOURDES,336,10,346
290600 CAMPO FORMOSO,865,55,920
290610 CANAPOLIS,170,-,170
290620 CANARANA,280,15,295
290630 CANAVIEIRAS,384,46,430
290640 CANDEAL,114,2,116
290650 CANDEIAS,867,156,1023
290660 CANDIBA,135,9,144
290670 CANDIDO SALES,345,1,346
290680 CANSANCAO,381,36,417
290682 CANUDOS,202,-,202
290685 CAPELA DO ALTO ALEGRE,120,21,141
290687 CAPIM GROSSO,430,47,477
290689 CARAIBAS,97,-,97
290690 CARAVELAS,223,4,227
290700 CARDEAL DA SILVA,143,3,146
290710 CARINHANHA,276,12,288
290720 CASA NOVA,504,11,515
290730 CASTRO ALVES,431,42,473
290740 CATOLANDIA,66,-,66
290750 CATU,610,338,948
290755 CATURAMA,164,5,169
290760 CENTRAL,216,-,216
290770 CHORROCHO,192,3,195
290780 CICERO DANTAS,401,22,423
290790 CIPO,191,6,197
290800 COARACI,277,5,282
290810 COCOS,227,-,227
290820 CONCEICAO DA FEIRA,247,24,271
290830 CONCEICAO DO ALMEIDA,345,25,370
290840 CONCEICAO DO COITE,724,153,877
290850 CONCEICAO DO JACUIPE,596,63,659
290860 CONDE,219,10,229
290870 CONDEUBA,289,15,304
290880 CONTENDAS DO SINCORA,93,-,93
290890 CORACAO DE MARIA,273,3,276
290900 CORDEIROS,144,7,151
290910 CORIBE,250,4,254
290920 CORONEL JOAO SA,207,-,207
290930 CORRENTINA,434,16,450
290940 COTEGIPE,135,-,135
290950 CRAVOLANDIA,90,-,90
290960 CRISOPOLIS,261,-,261
290970 CRISTOPOLIS,206,1,207
290980 CRUZ DAS ALMAS,876,270,1146
290990 CURACA,407,12,419
291000 DARIO MEIRA,163,-,163
291005 DIAS D'AVILA,741,222,963
291010 DOM BASILIO,234,8,242
291020 DOM MACEDO COSTA,68,-,68
291030 ELISIO MEDRADO,135,3,138
291040 ENCRUZILHADA,283,3,286
291050 ENTRE RIOS,517,33,550
291060 ESPLANADA,489,27,516
291070 EUCLIDES DA CUNHA,716,94,810
291072 EUNAPOLIS,1377,593,1970
291075 FATIMA,255,-,255
291077 FEIRA DA MATA,82,-,82
291080 FEIRA DE SANTANA,10688,1737,12425
291085 FILADELFIA,291,2,293
291090 FIRMINO ALVES,84,-,84
291100 FLORESTA AZUL,118,4,122
291110 FORMOSA DO RIO PRETO,398,2,400
291120 GANDU,494,239,733
291125 GAVIAO,68,-,68
291130 GENTIO DO OURO,171,4,175
291140 GLORIA,179,-,179
291150 GONGOGI,169,1,170
291160 GOVERNADOR MANGABEIRA,270,89,359
291165 GUAJERU,196,26,222
291170 GUANAMBI,1996,393,2389
291180 GUARATINGA,185,1,186
291185 HELIOPOLIS,151,-,151
291190 IACU,306,6,312
291200 IBIASSUCE,153,8,161
291210 IBICARAI,360,20,380
291220 IBICOARA,275,14,289
291230 IBICUI,215,8,223
291240 IBIPEBA,253,5,258
291250 IBIPITANGA,233,40,273
291260 IBIQUERA,60,-,60
291270 IBIRAPITANGA,295,2,297
291280 IBIRAPUA,196,5,201
291290 IBIRATAIA,267,6,273
291300 IBITIARA,173,12,185
291310 IBITITA,155,3,158
291320 IBOTIRAMA,615,42,657
291330 ICHU,95,2,97
291340 IGAPORA,222,8,230
291345 IGRAPIUNA,213,3,216
291350 IGUAI,232,-,232
291360 ILHEUS,3368,537,3905
291370 INHAMBUPE,335,13,348
291380 IPECAETA,146,-,146
291390 IPIAU,619,127,746
291400 IPIRA,468,52,520
291410 IPUPIARA,114,3,117
291420 IRAJUBA,101,-,101
291430 IRAMAIA,122,2,124
291440 IRAQUARA,295,7,302
291450 IRARA,402,53,455
291460 IRECE,2267,129,2396
291465 ITABELA,315,18,333
291470 ITABERABA,1264,156,1420
291480 ITABUNA,4178,888,5066
291490 ITACARE,322,27,349
291500 ITAETE,172,3,175
291510 ITAGI,189,3,192
291520 ITAGIBA,121,4,125
291530 ITAGIMIRIM,110,-,110
291535 ITAGUACU DA BAHIA,278,-,278
291540 ITAJU DO COLONIA,74,-,74
291550 ITAJUIPE,203,48,251
291560 ITAMARAJU,602,67,669
291570 ITAMARI,98,-,98
291580 ITAMBE,290,31,321
291590 ITANAGRA,141,-,141
291600 ITANHEM,256,15,271
291610 ITAPARICA,364,29,393
291620 ITAPE,113,9,122
291630 ITAPEBI,111,1,112
291640 ITAPETINGA,1005,153,1158
291650 ITAPICURU,466,-,466
291660 ITAPITANGA,108,-,108
291670 ITAQUARA,104,3,107
291680 ITARANTIM,279,7,286
291685 ITATIM,198,3,201
291690 ITIRUCU,145,1,146
291700 ITIUBA,340,15,355
291710 ITORORO,217,5,222
291720 ITUACU,243,8,251
291730 ITUBERA,253,107,360
291733 IUIU,159,3,162
291735 JABORANDI,167,2,169
291740 JACARACI,230,6,236
291750 JACOBINA,1390,329,1719
291760 JAGUAQUARA,606,79,685
291770 JAGUARARI,581,22,603
291780 JAGUARIPE,152,-,152
291790 JANDAIRA,115,-,115
291800 JEQUIE,3681,437,4118
291810 JEREMOABO,482,33,515
291820 JIQUIRICA,174,11,185
291830 JITAUNA,178,6,184
291835 JOAO DOURADO,259,6,265
291840 JUAZEIRO,4148,432,4580
291845 JUCURUCU,96,-,96
291850 JUSSARA,168,2,170
291855 JUSSARI,92,-,92
291860 JUSSIAPE,129,8,137
291870 LAFAIETE COUTINHO,62,-,62
291875 LAGOA REAL,152,2,154
291880 LAJE,425,27,452
291890 LAJEDAO,86,1,87
291900 LAJEDINHO,41,-,41
291905 LAJEDO DO TABOCAL,78,-,78
291910 LAMARAO,121,-,121
291915 LAPAO,285,6,291
291920 LAURO DE FREITAS,3697,988,4685
291930 LENCOIS,154,-,154
291940 LICINIO DE ALMEIDA,136,5,141
291950 LIVRAMENTO DE NOSSA SENHORA,517,101,618
291955 LUIS EDUARDO MAGALHAES,1292,322,1614
291960 MACAJUBA,177,2,179
291970 MACARANI,201,13,214
291980 MACAUBAS,685,73,758
291990 MACURURE,148,-,148
291992 MADRE DE DEUS,532,31,563
291995 MAETINGA,154,-,154
292000 MAIQUINIQUE,138,3,141
292010 MAIRI,349,-,349
292020 MALHADA,182,4,186
292030 MALHADA DE PEDRAS,96,-,96
292040 MANOEL VITORINO,128,-,128
292045 MANSIDAO,129,-,129
292050 MARACAS,328,109,437
292060 MARAGOGIPE,408,32,440
292070 MARAU,161,2,163
292080 MARCIONILIO SOUZA,154,3,157
292090 MASCOTE,191,-,191
292100 MATA DE SAO JOAO,484,86,570
292105 MATINA,143,26,169
292110 MEDEIROS NETO,286,17,303
292120 MIGUEL CALMON,358,28,386
292130 MILAGRES,149,1,150
292140 MIRANGABA,173,2,175
292145 MIRANTE,139,2,141
292150 MONTE SANTO,455,6,461
292160 MORPARA,128,1,129
292170 MORRO DO CHAPEU,504,9,513
292180 MORTUGABA,144,18,162
292190 MUCUGE,272,8,280
292200 MUCURI,536,86,622
292205 MULUNGU DO MORRO,199,2,201
292210 MUNDO NOVO,239,2,241
292220 MUNIZ FERREIRA,122,-,122
292225 MUQUEM DE SAO FRANCISCO,87,-,87
292230 MURITIBA,298,26,324
292240 MUTUIPE,286,16,302
292250 NAZARE,360,72,432
292260 NILO PECANHA,118,-,118
292265 NORDESTINA,259,-,259
292270 NOVA CANAA,213,3,216
292273 NOVA FATIMA,81,11,92
292275 NOVA IBIA,77,2,79
292280 NOVA ITARANA,134,-,134
292285 NOVA REDENCAO,120,-,120
292290 NOVA SOURE,274,5,279
292300 NOVA VICOSA,335,30,365
292303 NOVO HORIZONTE,144,4,148
292305 NOVO TRIUNFO,177,7,184
292310 OLINDINA,243,12,255
292320 OLIVEIRA DOS BREJINHOS,361,11,372
292330 OURICANGAS,112,-,112
292335 OUROLANDIA,237,17,254
292340 PALMAS DE MONTE ALTO,197,8,205
292350 PALMEIRAS,110,8,118
292360 PARAMIRIM,469,96,565
292370 PARATINGA,343,4,347
292380 PARIPIRANGA,251,75,326
292390 PAU BRASIL,188,-,188
292400 PAULO AFONSO,1652,536,2188
292405 PE DE SERRA,200,4,204
292410 PEDRAO,101,5,106
292420 PEDRO ALEXANDRE,167,3,170
292430 PIATA,320,14,334
292440 PILAO ARCADO,284,8,292
292450 PINDAI,165,5,170
292460 PINDOBACU,339,4,343
292465 PINTADAS,149,4,153
292467 PIRAI DO NORTE,96,1,97
292470 PIRIPA,168,7,175
292480 PIRITIBA,216,10,226
292490 PLANALTINO,154,2,156
292500 PLANALTO,332,40,372
292510 POCOES,503,184,687
292520 POJUCA,438,71,509
292525 PONTO NOVO,282,2,284
292530 PORTO SEGURO,2349,954,3303
292540 POTIRAGUA,100,-,100
292550 PRADO,424,16,440
292560 PRESIDENTE DUTRA,177,1,178
292570 PRESIDENTE JANIO QUADROS,184,5,189
292575 PRESIDENTE TANCREDO NEVES,223,41,264
292580 QUEIMADAS,235,6,241
292590 QUIJINGUE,215,-,215
292593 QUIXABEIRA,101,8,109
292595 RAFAEL JAMBEIRO,265,-,265
292600 REMANSO,616,31,647
292610 RETIROLANDIA,179,5,184
292620 RIACHAO DAS NEVES,219,-,219
292630 RIACHAO DO JACUIPE,336,35,371
292640 RIACHO DE SANTANA,400,12,412
292650 RIBEIRA DO AMPARO,124,-,124
292660 RIBEIRA DO POMBAL,1098,115,1213
292665 RIBEIRAO DO LARGO,103,-,103
292670 RIO DE CONTAS,216,3,219
292680 RIO DO ANTONIO,166,1,167
292690 RIO DO PIRES,188,3,191
292700 RIO REAL,429,16,445
292710 RODELAS,235,10,245
292720 RUY BARBOSA,431,24,455
292730 SALINAS DA MARGARIDA,153,7,160
292740 SALVADOR,56663,11796,68459
292750 SANTA BARBARA,193,20,213
292760 SANTA BRIGIDA,208,3,211
292770 SANTA CRUZ CABRALIA,353,14,367
292780 SANTA CRUZ DA VITORIA,76,-,76
292790 SANTA INES,163,5,168
292800 SANTALUZ,485,45,530
292805 SANTA LUZIA,136,-,136
292810 SANTA MARIA DA VITORIA,606,54,660
292820 SANTANA,237,3,240
292830 SANTANOPOLIS,125,-,125
292840 SANTA RITA DE CASSIA,314,2,316
292850 SANTA TERESINHA,188,4,192
292860 SANTO AMARO,479,56,535
292870 SANTO ANTONIO DE JESUS,2553,1161,3714
292880 SANTO ESTEVAO,456,94,550
292890 SAO DESIDERIO,415,19,434
292895 SAO DOMINGOS,140,3,143
292900 SAO FELIX,233,-,233
292905 SAO FELIX DO CORIBE,192,2,194
292910 SAO FELIPE,266,28,294
292920 SAO FRANCISCO DO CONDE,956,23,979
292925 SAO GABRIEL,160,2,162
292930 SAO GONCALO DOS CAMPOS,281,15,296
292935 SAO JOSE DA VITORIA,88,-,88
292937 SAO JOSE DO JACUIPE,100,-,100
292940 SAO MIGUEL DAS MATAS,164,-,164
292950 SAO SEBASTIAO DO PASSE,441,44,485
292960 SAPEACU,398,4,402
292970 SATIRO DIAS,232,1,233
292975 SAUBARA,160,-,160
292980 SAUDE,126,1,127
292990 SEABRA,859,168,1027
293000 SEBASTIAO LARANJEIRAS,199,2,201
293010 SENHOR DO BONFIM,1070,249,1319
293015 SERRA DO RAMALHO,299,11,310
293020 SENTO SE,327,2,329
293030 SERRA DOURADA,299,10,309
293040 SERRA PRETA,145,1,146
293050 SERRINHA,1053,293,1346
293060 SERROLANDIA,182,6,188
293070 SIMOES FILHO,1195,135,1330
293075 SITIO DO MATO,114,-,114
293076 SITIO DO QUINTO,118,2,120
293077 SOBRADINHO,303,6,309
293080 SOUTO SOARES,171,-,171
293090 TABOCAS DO BREJO VELHO,178,-,178
293100 TANHACU,266,7,273
293105 TANQUE NOVO,325,14,339
293110 TANQUINHO,82,3,85
293120 TAPEROA,179,-,179
293130 TAPIRAMUTA,225,3,228
293135 TEIXEIRA DE FREITAS,2681,433,3114
293140 TEODORO SAMPAIO,138,11,149
293150 TEOFILANDIA,234,27,261
293160 TEOLANDIA,179,6,185
293170 TERRA NOVA,184,3,187
293180 TREMEDAL,247,9,256
293190 TUCANO,601,11,612
293200 UAUA,344,25,369
293210 UBAIRA,200,10,210
293220 UBAITABA,161,7,168
293230 UBATA,185,17,202
293240 UIBAI,135,1,136
293245 UMBURANAS,181,-,181
293250 UNA,297,13,310
293260 URANDI,199,10,209
293270 URUCUCA,204,4,208
293280 UTINGA,214,6,220
293290 VALENCA,1014,233,1247
293300 VALENTE,278,10,288
293305 VARZEA DA ROCA,156,-,156
293310 VARZEA DO POCO,64,-,64
293315 VARZEA NOVA,123,7,130
293317 VARZEDO,91,-,91
293320 VERA CRUZ,328,22,350
293325 VEREDA,115,1,116
293330 VITORIA DA CONQUISTA,6310,1880,8190
293340 WAGNER,110,3,113
293345 WANDERLEY,160,6,166
293350 WENCESLAU GUIMARAES,252,14,266
293360 XIQUE-XIQUE,506,41,547
310010 ABADIA DOS DOURADOS,100,7,107
310020 ABAETE,382,59,441
310030 ABRE CAMPO,214,67,281
310040 ACAIACA,74,4,78
310050 ACUCENA,141,1,142
310060 AGUA BOA,170,22,192
310070 AGUA COMPRIDA,58,-,58
310080 AGUANIL,61,4,65
310090 AGUAS FORMOSAS,381,24,405
310100 AGUAS VERMELHAS,221,6,227
310110 AIMORES,410,33,443
310120 AIURUOCA,222,6,228
310130 ALAGOA,73,1,74
310140 ALBERTINA,78,-,78
310150 ALEM PARAIBA,633,113,746
310160 ALFENAS,2394,383,2777
310163 ALFREDO VASCONCELOS,87,2,89
310170 ALMENARA,622,38,660
310180 ALPERCATA,73,2,75
310190 ALPINOPOLIS,326,64,390
310200 ALTEROSA,198,81,279
310205 ALTO CAPARAO,88,6,94
310210 ALTO RIO DOCE,162,58,220
310220 ALVARENGA,100,3,103
310230 ALVINOPOLIS,205,20,225
310240 ALVORADA DE MINAS,113,4,117
310250 AMPARO DO SERRA,60,2,62
310260 ANDRADAS,502,203,705
310270 CACHOEIRA DE PAJEU,156,2,158
310280 ANDRELANDIA,183,89,272
310285 ANGELANDIA,119,5,124
310290 ANTONIO CARLOS,254,21,275
310300 ANTONIO DIAS,144,5,149
310310 ANTONIO PRADO DE MINAS,63,-,63
310320 ARACAI,76,-,76
310330 ARACITABA,49,-,49
310340 ARACUAI,609,42,651
310350 ARAGUARI,3206,788,3994
310360 ARANTINA,78,15,93
310370 ARAPONGA,129,2,131
310375 ARAPORA,213,9,222
310380 ARAPUA,71,-,71
310390 ARAUJOS,112,7,119
310400 ARAXA,1835,639,2474
310410 ARCEBURGO,148,10,158
310420 ARCOS,529,127,656
310430 AREADO,201,61,262
310440 ARGIRITA,50,-,50
310445 ARICANDUVA,79,6,85
310450 ARINOS,351,82,433
310460 ASTOLFO DUTRA,157,35,192
310470 ATALEIA,182,4,186
310480 AUGUSTO DE LIMA,92,16,108
310490 BAEPENDI,448,40,488
310500 BALDIM,117,14,131
310510 BAMBUI,467,236,703
310520 BANDEIRA,66,13,79
310530 BANDEIRA DO SUL,87,7,94
310540 BARAO DE COCAIS,515,368,883
310550 BARAO DE MONTE ALTO,93,1,94
310560 BARBACENA,4071,1102,5173
310570 BARRA LONGA,76,-,76
310590 BARROSO,503,42,545
310600 BELA VISTA DE MINAS,118,43,161
310610 BELMIRO BRAGA,104,2,106
310620 BELO HORIZONTE,67605,34165,101770
310630 BELO ORIENTE,522,101,623
310640 BELO VALE,220,-,220
310650 BERILO,147,8,155
310660 BERTOPOLIS,95,-,95
310665 BERIZAL,69,2,71
310670 BETIM,7339,3642,10981
310680 BIAS FORTES,71,-,71
310690 BICAS,263,42,305
310700 BIQUINHAS,59,-,59
310710 BOA ESPERANCA,618,98,716
310720 BOCAINA DE MINAS,102,13,115
310730 BOCAIUVA,703,64,767
310740 BOM DESPACHO,861,169,1030
310750 BOM JARDIM DE MINAS,159,62,221
310760 BOM JESUS DA PENHA,80,3,83
310770 BOM JESUS DO AMPARO,48,2,50
310780 BOM JESUS DO GALHO,234,4,238
310790 BOM REPOUSO,122,14,136
310800 BOM SUCESSO,214,20,234
310810 BONFIM,89,13,102
310820 BONFINOPOLIS DE MINAS,124,4,128
310825 BONITO DE MINAS,212,2,214
310830 BORDA DA MATA,180,33,213
310840 BOTELHOS,205,25,230
310850 BOTUMIRIM,68,4,72
310855 BRASILANDIA DE MINAS,260,26,286
310860 BRASILIA DE MINAS,791,157,948
310870 BRAS PIRES,79,2,81
310880 BRAUNAS,63,5,68
310890 BRAZOPOLIS,163,36,199
310900 BRUMADINHO,1362,143,1505
310910 BUENO BRANDAO,142,34,176
310920 BUENOPOLIS,134,-,134
310925 BUGRE,82,1,83
310930 BURITIS,353,31,384
310940 BURITIZEIRO,432,42,474
310945 CABECEIRA GRANDE,128,12,140
310950 CABO VERDE,174,9,183
310960 CACHOEIRA DA PRATA,70,5,75
310970 CACHOEIRA DE MINAS,192,19,211
310980 CACHOEIRA DOURADA,74,-,74
310990 CAETANOPOLIS,230,73,303
311000 CAETE,410,53,463
311010 CAIANA,71,1,72
311020 CAJURI,75,3,78
311030 CALDAS,226,17,243
311040 CAMACHO,64,2,66
311050 CAMANDUCAIA,267,42,309
311060 CAMBUI,382,123,505
311070 CAMBUQUIRA,203,18,221
311080 CAMPANARIO,85,-,85
311090 CAMPANHA,242,68,310
311100 CAMPESTRE,277,50,327
311110 CAMPINA VERDE,365,81,446
311115 CAMPO AZUL,86,3,89
311120 CAMPO BELO,1293,200,1493
311130 CAMPO DO MEIO,180,5,185
311140 CAMPO FLORIDO,130,6,136
311150 CAMPOS ALTOS,198,8,206
311160 CAMPOS GERAIS,347,12,359
311170 CANAA,128,9,137
311180 CANAPOLIS,162,55,217
311190 CANA VERDE,70,2,72
311200 CANDEIAS,185,68,253
311205 CANTAGALO,69,-,69
311210 CAPARAO,65,2,67
311220 CAPELA NOVA,80,5,85
311230 CAPELINHA,588,118,706
311240 CAPETINGA,82,3,85
311250 CAPIM BRANCO,104,12,116
311260 CAPINOPOLIS,190,21,211
311265 CAPITAO ANDRADE,99,-,99
311270 CAPITAO ENEAS,233,11,244
311280 CAPITOLIO,184,46,230
311290 CAPUTIRA,98,4,102
311300 CARAI,191,13,204
311310 CARANAIBA,47,3,50
311320 CARANDAI,453,148,601
311330 CARANGOLA,1033,92,1125
311340 CARATINGA,1424,344,1768
311350 CARBONITA,121,20,141
311360 CAREACU,93,36,129
311370 CARLOS CHAGAS,229,14,243
311380 CARMESIA,63,-,63
311390 CARMO DA CACHOEIRA,142,5,147
311400 CARMO DA MATA,156,10,166
311410 CARMO DE MINAS,187,24,211
311420 CARMO DO CAJURU,218,18,236
311430 CARMO DO PARANAIBA,543,192,735
311440 CARMO DO RIO CLARO,269,50,319
311450 CARMOPOLIS DE MINAS,197,80,277
311455 CARNEIRINHO,166,9,175
311460 CARRANCAS,85,1,86
311470 CARVALHOPOLIS,56,5,61
311480 CARVALHOS,77,7,84
311490 CASA GRANDE,38,-,38
311500 CASCALHO RICO,79,-,79
311510 CASSIA,320,22,342
311520 CONCEICAO DA BARRA DE MINAS,79,1,80
311530 CATAGUASES,1159,346,1505
311535 CATAS ALTAS,72,8,80
311540 CATAS ALTAS DA NORUEGA,47,-,47
311545 CATUJI,91,1,92
311547 CATUTI,92,-,92
311550 CAXAMBU,328,183,511
311560 CEDRO DO ABAETE,35,2,37
311570 CENTRAL DE MINAS,93,10,103
311580 CENTRALINA,166,2,168
311590 CHACARA,68,1,69
311600 CHALE,86,5,91
311610 CHAPADA DO NORTE,232,5,237
311615 CHAPADA GAUCHA,230,49,279
311620 CHIADOR,93,-,93
311630 CIPOTANEA,83,8,91
311640 CLARAVAL,65,-,65
311650 CLARO DOS POCOES,112,1,113
311660 CLAUDIO,405,129,534
311670 COIMBRA,82,8,90
311680 COLUNA,145,59,204
311690 COMENDADOR GOMES,55,3,58
311700 COMERCINHO,92,9,101
311710 CONCEICAO DA APARECIDA,145,77,222
311720 CONCEICAO DAS PEDRAS,52,-,52
311730 CONCEICAO DAS ALAGOAS,465,46,511
311740 CONCEICAO DE IPANEMA,69,3,72
311750 CONCEICAO DO MATO DENTRO,389,79,468
311760 CONCEICAO DO PARA,88,4,92
311770 CONCEICAO DO RIO VERDE,208,28,236
311780 CONCEICAO DOS OUROS,117,25,142
311783 CONEGO MARINHO,98,5,103
311787 CONFINS,159,30,189
311790 CONGONHAL,138,17,155
311800 CONGONHAS,1389,274,1663
311810 CONGONHAS DO NORTE,70,3,73
311820 CONQUISTA,118,9,127
311830 CONSELHEIRO LAFAIETE,2307,688,2995
311840 CONSELHEIRO PENA,298,56,354
311850 CONSOLACAO,20,1,21
311860 CONTAGEM,8108,3203,11311
311870 COQUEIRAL,114,7,121
311880 CORACAO DE JESUS,552,25,577
311890 CORDISBURGO,79,2,81
311900 CORDISLANDIA,42,1,43
311910 CORINTO,283,53,336
311920 COROACI,112,7,119
311930 COROMANDEL,430,182,612
311940 CORONEL FABRICIANO,1471,1050,2521
311950 CORONEL MURTA,97,1,98
311960 CORONEL PACHECO,63,1,64
311970 CORONEL XAVIER CHAVES,47,1,48
311980 CORREGO DANTA,63,3,66
311990 CORREGO DO BOM JESUS,36,-,36
311995 CORREGO FUNDO,90,6,96
312000 CORREGO NOVO,72,-,72
312010 COUTO DE MAGALHAES DE MINAS,72,3,75
312015 CRISOLITA,85,1,86
312020 CRISTAIS,147,21,168
312030 CRISTALIA,84,-,84
312040 CRISTIANO OTONI,46,2,48
312050 CRISTINA,150,14,164
312060 CRUCILANDIA,79,161,240
312070 CRUZEIRO DA FORTALEZA,73,-,73
312080 CRUZILIA,296,14,310
312083 CUPARAQUE,83,2,85
312087 CURRAL DE DENTRO,142,1,143
312090 CURVELO,1510,497,2007
312100 DATAS,111,3,114
312110 DELFIM MOREIRA,121,19,140
312120 DELFINOPOLIS,110,4,114
312125 DELTA,154,7,161
312130 DESCOBERTO,90,1,91
312140 DESTERRO DE ENTRE RIOS,119,14,133
312150 DESTERRO DO MELO,44,3,47
312160 DIAMANTINA,1723,147,1870
312170 DIOGO DE VASCONCELOS,49,1,50
312180 DIONISIO,126,3,129
312190 DIVINESIA,84,9,93
312200 DIVINO,229,140,369
312210 DIVINO DAS LARANJEIRAS,89,2,91
312220 DIVINOLANDIA DE MINAS,82,6,88
312230 DIVINOPOLIS,4912,2742,7654
312235 DIVISA ALEGRE,83,6,89
312240 DIVISA NOVA,88,4,92
312245 DIVISOPOLIS,113,5,118
312247 DOM BOSCO,89,3,92
312250 DOM CAVATI,74,6,80
312260 DOM JOAQUIM,108,-,108
312270 DOM SILVERIO,118,8,126
312280 DOM VICOSO,57,4,61
312290 DONA EUSEBIA,63,-,63
312300 DORES DE CAMPOS,91,13,104
312310 DORES DE GUANHAES,65,2,67
312320 DORES DO INDAIA,186,28,214
312330 DORES DO TURVO,65,4,69
312340 DORESOPOLIS,48,3,51
312350 DOURADOQUARA,54,1,55
312352 DURANDE,91,2,93
312360 ELOI MENDES,312,147,459
312370 ENGENHEIRO CALDAS,152,23,175
312380 ENGENHEIRO NAVARRO,85,3,88
312385 ENTRE FOLHAS,74,1,75
312390 ENTRE RIOS DE MINAS,224,76,300
312400 ERVALIA,276,18,294
312410 ESMERALDAS,631,79,710
312420 ESPERA FELIZ,308,13,321
312430 ESPINOSA,394,65,459
312440 ESPIRITO SANTO DO DOURADO,70,1,71
312450 ESTIVA,110,3,113
312460 ESTRELA DALVA,51,-,51
312470 ESTRELA DO INDAIA,53,7,60
312480 ESTRELA DO SUL,140,1,141
312490 EUGENOPOLIS,159,33,192
312500 EWBANK DA CAMARA,89,-,89
312510 EXTREMA,748,166,914
312520 FAMA,39,1,40
312530 FARIA LEMOS,58,1,59
312540 FELICIO DOS SANTOS,120,-,120
312550 SAO GONCALO DO RIO PRETO,73,1,74
312560 FELISBURGO,123,1,124
312570 FELIXLANDIA,248,54,302
312580 FERNANDES TOURINHO,45,1,46
312590 FERROS,114,26,140
312595 FERVEDOURO,211,2,213
312600 FLORESTAL,102,40,142
312610 FORMIGA,1052,212,1264
312620 FORMOSO,173,-,173
312630 FORTALEZA DE MINAS,68,-,68
312640 FORTUNA DE MINAS,81,-,81
312650 FRANCISCO BADARO,152,9,161
312660 FRANCISCO DUMONT,85,7,92
312670 FRANCISCO SA,465,17,482
312675 FRANCISCOPOLIS,112,-,112
312680 FREI GASPAR,76,-,76
312690 FREI INOCENCIO,176,1,177
312695 FREI LAGONEGRO,34,-,34
312700 FRONTEIRA,339,29,368
312705 FRONTEIRA DOS VALES,69,-,69
312707 FRUTA DE LEITE,76,-,76
312710 FRUTAL,891,382,1273
312720 FUNILANDIA,92,1,93
312730 GALILEIA,108,2,110
312733 GAMELEIRAS,113,-,113
312735 GLAUCILANDIA,42,-,42
312737 GOIABEIRA,94,5,99
312738 GOIANA,80,5,85
312740 GONCALVES,54,-,54
312750 GONZAGA,94,12,106
312760 GOUVEIA,161,1,162
312770 GOVERNADOR VALADARES,4391,2037,6428
312780 GRAO MOGOL,254,-,254
312790 GRUPIARA,85,-,85
312800 GUANHAES,549,86,635
312810 GUAPE,133,10,143
312820 GUARACIABA,116,5,121
312825 GUARACIAMA,68,-,68
312830 GUARANESIA,332,13,345
312840 GUARANI,114,4,118
312850 GUARARA,52,3,55
312860 GUARDA-MOR,149,12,161
312870 GUAXUPE,883,198,1081
312880 GUIDOVAL,90,15,105
312890 GUIMARANIA,117,17,134
312900 GUIRICEMA,127,6,133
312910 GURINHATA,100,-,100
312920 HELIODORA,78,9,87
312930 IAPU,119,7,126
312940 IBERTIOGA,174,6,180
312950 IBIA,314,66,380
312960 IBIAI,107,2,109
312965 IBIRACATU,88,-,88
312970 IBIRACI,178,31,209
312980 IBIRITE,1778,270,2048
312990 IBITIURA DE MINAS,47,1,48
313000 IBITURUNA,42,-,42
313005 ICARAI DE MINAS,121,-,121
313010 IGARAPE,644,65,709
313020 IGARATINGA,155,2,157
313030 IGUATAMA,131,23,154
313040 IJACI,59,18,77
313050 ILICINEA,195,16,211
313055 IMBE DE MINAS,84,-,84
313060 INCONFIDENTES,67,2,69
313065 INDAIABIRA,98,2,100
313070 INDIANOPOLIS,118,5,123
313080 INGAI,51,-,51
313090 INHAPIM,371,34,405
313100 INHAUMA,119,1,120
313110 INIMUTABA,111,21,132
313115 IPABA,262,7,269
313120 IPANEMA,265,55,320
313130 IPATINGA,5140,1479,6619
313140 IPIACU,74,3,77
313150 IPUIUNA,138,17,155
313160 IRAI DE MINAS,112,3,115
313170 ITABIRA,2708,450,3158
313180 ITABIRINHA,194,7,201
313190 ITABIRITO,1079,181,1260
313200 ITACAMBIRA,99,-,99
313210 ITACARAMBI,294,7,301
313220 ITAGUARA,233,29,262
313230 ITAIPE,134,6,140
313240 ITAJUBA,1853,652,2505
313250 ITAMARANDIBA,541,151,692
313260 ITAMARATI DE MINAS,50,3,53
313270 ITAMBACURI,468,20,488
313280 ITAMBE DO MATO DENTRO,48,-,48
313290 ITAMOGI,145,13,158
313300 ITAMONTE,199,29,228
313310 ITANHANDU,388,84,472
313320 ITANHOMI,163,7,170
313330 ITAOBIM,450,28,478
313340 ITAPAGIPE,204,26,230
313350 ITAPECERICA,192,33,225
313360 ITAPEVA,106,15,121
313370 ITATIAIUCU,241,17,258
313375 ITAU DE MINAS,199,40,239
313380 ITAUNA,1088,272,1360
313390 ITAVERAVA,86,11,97
313400 ITINGA,160,31,191
313410 ITUETA,103,4,107
313420 ITUIUTABA,1110,571,1681
313430 ITUMIRIM,107,4,111
313440 ITURAMA,546,212,758
313450 ITUTINGA,87,2,89
313460 JABOTICATUBAS,255,44,299
313470 JACINTO,270,5,275
313480 JACUI,66,4,70
313490 JACUTINGA,258,42,300
313500 JAGUARACU,53,1,54
313505 JAIBA,511,26,537
313507 JAMPRUCA,51,1,52
313510 JANAUBA,1558,150,1708
313520 JANUARIA,927,93,1020
313530 JAPARAIBA,58,21,79
313535 JAPONVAR,120,5,125
313540 JECEABA,148,28,176
313545 JENIPAPO DE MINAS,90,3,93
313550 JEQUERI,163,10,173
313560 JEQUITAI,139,3,142
313570 JEQUITIBA,125,4,129
313580 JEQUITINHONHA,379,10,389
313590 JESUANIA,72,1,73
313600 JOAIMA,174,22,196
313610 JOANESIA,73,1,74
313620 JOAO MONLEVADE,914,607,1521
313630 JOAO PINHEIRO,862,93,955
313640 JOAQUIM FELICIO,101,5,106
313650 JORDANIA,183,39,222
313652 JOSE GONCALVES DE MINAS,76,1,77
313655 JOSE RAYDAN,64,-,64
313657 JOSENOPOLIS,55,-,55
313660 NOVA UNIAO,107,-,107
313665 JUATUBA,340,174,514
313670 JUIZ DE FORA,13722,8552,22274
313680 JURAMENTO,83,1,84
313690 JURUAIA,176,12,188
313695 JUVENILIA,79,1,80
313700 LADAINHA,251,18,269
313710 LAGAMAR,112,24,136
313720 LAGOA DA PRATA,591,432,1023
313730 LAGOA DOS PATOS,85,-,85
313740 LAGOA DOURADA,116,19,135
313750 LAGOA FORMOSA,226,51,277
313753 LAGOA GRANDE,155,18,173
313760 LAGOA SANTA,1059,391,1450
313770 LAJINHA,241,13,254
313780 LAMBARI,309,33,342
313790 LAMIM,77,-,77
313800 LARANJAL,90,14,104
313810 LASSANCE,174,-,174
313820 LAVRAS,1973,799,2772
313830 LEANDRO FERREIRA,43,3,46
313835 LEME DO PRADO,65,3,68
313840 LEOPOLDINA,770,84,854
313850 LIBERDADE,95,32,127
313860 LIMA DUARTE,299,57,356
313862 LIMEIRA DO OESTE,189,9,198
313865 LONTRA,137,6,143
313867 LUISBURGO,84,8,92
313868 LUISLANDIA,75,1,76
313870 LUMINARIAS,89,4,93
313880 LUZ,264,23,287
313890 MACHACALIS,161,3,164
313900 MACHADO,618,359,977
313910 MADRE DE DEUS DE MINAS,65,7,72
313920 MALACACHETA,220,26,246
313925 MAMONAS,95,-,95
313930 MANGA,364,13,377
313940 MANHUACU,1820,519,2339
313950 MANHUMIRIM,396,25,421
313960 MANTENA,494,67,561
313970 MARAVILHAS,107,1,108
313980 MAR DE ESPANHA,181,36,217
313990 MARIA DA FE,140,17,157
314000 MARIANA,1041,191,1232
314010 MARILAC,70,-,70
314015 MARIO CAMPOS,151,-,151
314020 MARIPA DE MINAS,66,-,66
314030 MARLIERIA,80,-,80
314040 MARMELOPOLIS,38,1,39
314050 MARTINHO CAMPOS,160,60,220
314053 MARTINS SOARES,57,3,60
314055 MATA VERDE,80,7,87
314060 MATERLANDIA,58,1,59
314070 MATEUS LEME,546,113,659
314080 MATIAS BARBOSA,194,12,206
314085 MATIAS CARDOSO,125,1,126
314090 MATIPO,260,20,280
314100 MATO VERDE,259,14,273
314110 MATOZINHOS,371,62,433
314120 MATUTINA,75,4,79
314130 MEDEIROS,66,2,68
314140 MEDINA,311,11,322
314150 MENDES PIMENTEL,95,1,96
314160 MERCES,133,12,145
314170 MESQUITA,93,-,93
314180 MINAS NOVAS,389,27,416
314190 MINDURI,78,4,82
314200 MIRABELA,302,3,305
314210 MIRADOURO,182,5,187
314220 MIRAI,207,12,219
314225 MIRAVANIA,87,1,88
314230 MOEDA,77,1,78
314240 MOEMA,103,2,105
314250 MONJOLOS,72,-,72
314260 MONSENHOR PAULO,116,7,123
314270 MONTALVANIA,196,6,202
314280 MONTE ALEGRE DE MINAS,238,2,240
314290 MONTE AZUL,370,6,376
314300 MONTE BELO,148,89,237
314310 MONTE CARMELO,682,143,825
314315 MONTE FORMOSO,68,1,69
314320 MONTE SANTO DE MINAS,295,38,333
314330 MONTES CLAROS,10443,1477,11920
314340 MONTE SIAO,170,58,228
314345 MONTEZUMA,124,4,128
314350 MORADA NOVA DE MINAS,138,12,150
314360 MORRO DA GARCA,47,-,47
314370 MORRO DO PILAR,46,1,47
314380 MUNHOZ,110,1,111
314390 MURIAE,3202,187,3389
314400 MUTUM,328,17,345
314410 MUZAMBINHO,223,33,256
314420 NACIP RAYDAN,68,-,68
314430 NANUQUE,376,186,562
314435 NAQUE,86,14,100
314437 NATALANDIA,91,-,91
314440 NATERCIA,73,5,78
314450 NAZARENO,149,13,162
314460 NEPOMUCENO,246,16,262
314465 NINHEIRA,161,3,164
314467 NOVA BELEM,76,4,80
314470 NOVA ERA,166,52,218
314480 NOVA LIMA,1736,826,2562
314490 NOVA MODICA,63,3,66
314500 NOVA PONTE,232,64,296
314505 NOVA PORTEIRINHA,68,-,68
314510 NOVA RESENDE,161,22,183
314520 NOVA SERRANA,1143,282,1425
314530 NOVO CRUZEIRO,286,27,313
314535 NOVO ORIENTE DE MINAS,106,1,107
314537 NOVORIZONTE,86,3,89
314540 OLARIA,70,-,70
314545 OLHOS-D'AGUA,69,2,71
314550 OLIMPIO NORONHA,51,8,59
314560 OLIVEIRA,873,77,950
314570 OLIVEIRA FORTES,35,-,35
314580 ONCA DE PITANGUI,58,-,58
314585 ORATORIOS,57,4,61
314587 ORIZANIA,90,2,92
314590 OURO BRANCO,529,688,1217
314600 OURO FINO,365,94,459
314610 OURO PRETO,1379,240,1619
314620 OURO VERDE DE MINAS,131,4,135
314625 PADRE CARVALHO,93,1,94
314630 PADRE PARAISO,251,12,263
314640 PAINEIRAS,65,7,72
314650 PAINS,117,8,125
314655 PAI PEDRO,74,3,77
314660 PAIVA,37,-,37
314670 PALMA,105,10,115
314675 PALMOPOLIS,110,2,112
314690 PAPAGAIOS,165,18,183
314700 PARACATU,1261,339,1600
314710 PARA DE MINAS,1664,220,1884
314720 PARAGUACU,247,34,281
314730 PARAISOPOLIS,241,129,370
314740 PARAOPEBA,294,130,424
314750 PASSABEM,37,2,39
314760 PASSA QUATRO,218,30,248
314770 PASSA TEMPO,118,9,127
314780 PASSA-VINTE,6,1,7
314790 PASSOS,2871,446,3317
314795 PATIS,79,-,79
314800 PATOS DE MINAS,3124,1824,4948
314810 PATROCINIO,1466,364,1830
314820 PATROCINIO DO MURIAE,96,4,100
314830 PAULA CANDIDO,86,27,113
314840 PAULISTAS,77,2,79
314850 PAVAO,107,6,113
314860 PECANHA,321,83,404
314870 PEDRA AZUL,395,11,406
314875 PEDRA BONITA,75,2,77
314880 PEDRA DO ANTA,107,2,109
314890 PEDRA DO INDAIA,67,2,69
314900 PEDRA DOURADA,45,1,46
314910 PEDRALVA,125,12,137
314915 PEDRAS DE MARIA DA CRUZ,119,-,119
314920 PEDRINOPOLIS,71,1,72
314930 PEDRO LEOPOLDO,592,184,776
314940 PEDRO TEIXEIRA,69,1,70
314950 PEQUERI,68,-,68
314960 PEQUI,93,8,101
314970 PERDIGAO,120,5,125
314980 PERDIZES,296,23,319
314990 PERDOES,241,21,262
314995 PERIQUITO,88,-,88
315000 PESCADOR,78,14,92
315010 PIAU,66,-,66
315015 PIEDADE DE CARATINGA,87,-,87
315020 PIEDADE DE PONTE NOVA,67,1,68
315030 PIEDADE DO RIO GRANDE,100,17,117
315040 PIEDADE DOS GERAIS,68,-,68
315050 PIMENTA,131,16,147
315053 PINGO-D'AGUA,85,2,87
315057 PINTOPOLIS,118,-,118
315060 PIRACEMA,96,2,98
315070 PIRAJUBA,133,2,135
315080 PIRANGA,245,13,258
315090 PIRANGUCU,56,9,65
315100 PIRANGUINHO,70,19,89
315110 PIRAPETINGA,190,17,207
315120 PIRAPORA,1131,98,1229
315130 PIRAUBA,112,43,155
315140 PITANGUI,256,306,562
315150 PIUMHI,813,99,912
315160 PLANURA,178,6,184
315170 POCO FUNDO,418,24,442
315180 POCOS DE CALDAS,3384,1946,5330
315190 POCRANE,117,3,120
315200 POMPEU,400,135,535
315210 PONTE NOVA,1651,171,1822
315213 PONTO CHIQUE,95,2,97
315217 PONTO DOS VOLANTES,147,3,150
315220 PORTEIRINHA,497,39,536
315230 PORTO FIRME,131,4,135
315240 POTE,202,8,210
315250 POUSO ALEGRE,2463,886,3349
315260 POUSO ALTO,106,6,112
315270 PRADOS,111,6,117
315280 PRATA,406,47,453
315290 PRATAPOLIS,94,9,103
315300 PRATINHA,62,3,65
315310 PRESIDENTE BERNARDES,128,1,129
315320 PRESIDENTE JUSCELINO,83,-,83
315330 PRESIDENTE KUBITSCHEK,58,-,58
315340 PRESIDENTE OLEGARIO,244,11,255
315350 ALTO JEQUITIBA,84,6,90
315360 PRUDENTE DE MORAIS,140,-,140
315370 QUARTEL GERAL,61,-,61
315380 QUELUZITO,38,-,38
315390 RAPOSOS,154,5,159
315400 RAUL SOARES,336,38,374
315410 RECREIO,140,3,143
315415 REDUTO,82,1,83
315420 RESENDE COSTA,176,52,228
315430 RESPLENDOR,360,24,384
315440 RESSAQUINHA,118,5,123
315445 RIACHINHO,101,4,105
315450 RIACHO DOS MACHADOS,120,9,129
315460 RIBEIRAO DAS NEVES,2370,221,2591
315470 RIBEIRAO VERMELHO,67,5,72
315480 RIO ACIMA,139,-,139
315490 RIO CASCA,202,82,284
315500 RIO DOCE,49,-,49
315510 RIO DO PRADO,96,1,97
315520 RIO ESPERA,94,1,95
315530 RIO MANSO,68,-,68
315540 RIO NOVO,145,27,172
315550 RIO PARANAIBA,145,23,168
315560 RIO PARDO DE MINAS,361,15,376
315570 RIO PIRACICABA,160,18,178
315580 RIO POMBA,283,40,323
315590 RIO PRETO,133,14,147
315600 RIO VERMELHO,174,18,192
315610 RITAPOLIS,71,4,75
315620 ROCHEDO DE MINAS,55,-,55
315630 RODEIRO,74,10,84
315640 ROMARIA,58,1,59
315645 ROSARIO DA LIMEIRA,45,8,53
315650 RUBELITA,96,-,96
315660 RUBIM,167,7,174
315670 SABARA,1040,104,1144
315680 SABINOPOLIS,174,9,183
315690 SACRAMENTO,592,105,697
315700 SALINAS,751,127,878
315710 SALTO DA DIVISA,119,6,125
315720 SANTA BARBARA,298,113,411
315725 SANTA BARBARA DO LESTE,67,-,67
315727 SANTA BARBARA DO MONTE VERDE,79,-,79
315730 SANTA BARBARA DO TUGURIO,50,-,50
315733 SANTA CRUZ DE MINAS,81,7,88
315737 SANTA CRUZ DE SALINAS,76,-,76
315740 SANTA CRUZ DO ESCALVADO,67,-,67
315750 SANTA EFIGENIA DE MINAS,63,-,63
315760 SANTA FE DE MINAS,73,-,73
315765 SANTA HELENA DE MINAS,124,3,127
315770 SANTA JULIANA,183,26,209
315780 SANTA LUZIA,1605,362,1967
315790 SANTA MARGARIDA,176,12,188
315800 SANTA MARIA DE ITABIRA,113,20,133
315810 SANTA MARIA DO SALTO,109,5,114
315820 SANTA MARIA DO SUACUI,277,20,297
315830 SANTANA DA VARGEM,81,2,83
315840 SANTANA DE CATAGUASES,43,1,44
315850 SANTANA DE PIRAPAMA,102,1,103
315860 SANTANA DO DESERTO,89,1,90
315870 SANTANA DO GARAMBEU,55,-,55
315880 SANTANA DO JACARE,86,2,88
315890 SANTANA DO MANHUACU,104,6,110
315895 SANTANA DO PARAISO,320,42,362
315900 SANTANA DO RIACHO,77,-,77
315910 SANTANA DOS MONTES,44,-,44
315920 SANTA RITA DE CALDAS,87,20,107
315930 SANTA RITA DE JACUTINGA,87,2,89
315935 SANTA RITA DE MINAS,81,2,83
315940 SANTA RITA DE IBITIPOCA,50,-,50
315950 SANTA RITA DO ITUETO,94,3,97
315960 SANTA RITA DO SAPUCAI,435,318,753
315970 SANTA ROSA DA SERRA,81,5,86
315980 SANTA VITORIA,324,30,354
315990 SANTO ANTONIO DO AMPARO,374,107,481
316000 SANTO ANTONIO DO AVENTUREIRO,52,1,53
316010 SANTO ANTONIO DO GRAMA,67,2,69
316020 SANTO ANTONIO DO ITAMBE,77,3,80
316030 SANTO ANTONIO DO JACINTO,147,1,148
316040 SANTO ANTONIO DO MONTE,565,31,596
316045 SANTO ANTONIO DO RETIRO,127,2,129
316050 SANTO ANTONIO DO RIO ABAIXO,30,-,30
316060 SANTO HIPOLITO,58,-,58
316070 SANTOS DUMONT,675,95,770
316080 SAO BENTO ABADE,84,-,84
316090 SAO BRAS DO SUACUI,76,7,83
316095 SAO DOMINGOS DAS DORES,71,2,73
316100 SAO DOMINGOS DO PRATA,227,35,262
316105 SAO FELIX DE MINAS,116,-,116
316110 SAO FRANCISCO,635,27,662
316120 SAO FRANCISCO DE PAULA,68,-,68
316130 SAO FRANCISCO DE SALES,106,7,113
316140 SAO FRANCISCO DO GLORIA,84,4,88
316150 SAO GERALDO,82,2,84
316160 SAO GERALDO DA PIEDADE,54,-,54
316165 SAO GERALDO DO BAIXIO,52,-,52
316170 SAO GONCALO DO ABAETE,101,8,109
316180 SAO GONCALO DO PARA,148,19,167
316190 SAO GONCALO DO RIO ABAIXO,280,30,310
316200 SAO GONCALO DO SAPUCAI,351,42,393
316210 SAO GOTARDO,524,159,683
316220 SAO JOAO BATISTA DO GLORIA,140,3,143
316225 SAO JOAO DA LAGOA,97,-,97
316230 SAO JOAO DA MATA,50,1,51
316240 SAO JOAO DA PONTE,355,7,362
316245 SAO JOAO DAS MISSOES,241,2,243
316250 SAO JOAO DEL REI,2287,444,2731
316255 SAO JOAO DO MANHUACU,96,2,98
316257 SAO JOAO DO MANTENINHA,92,1,93
316260 SAO JOAO DO ORIENTE,90,-,90
316265 SAO JOAO DO PACUI,76,2,78
316270 SAO JOAO DO PARAISO,358,15,373
316280 SAO JOAO EVANGELISTA,253,15,268
316290 SAO JOAO NEPOMUCENO,348,85,433
316292 SAO JOAQUIM DE BICAS,484,28,512
316294 SAO JOSE DA BARRA,129,3,132
316295 SAO JOSE DA LAPA,286,30,316
316300 SAO JOSE DA SAFIRA,63,-,63
316310 SAO JOSE DA VARGINHA,89,4,93
316320 SAO JOSE DO ALEGRE,46,3,49
316330 SAO JOSE DO DIVINO,71,2,73
316340 SAO JOSE DO GOIABAL,94,-,94
316350 SAO JOSE DO JACURI,88,1,89
316360 SAO JOSE DO MANTIMENTO,59,1,60
316370 SAO LOURENCO,1191,326,1517
316380 SAO MIGUEL DO ANTA,90,8,98
316390 SAO PEDRO DA UNIAO,65,3,68
316400 SAO PEDRO DOS FERROS,71,11,82
316410 SAO PEDRO DO SUACUI,49,-,49
316420 SAO ROMAO,112,-,112
316430 SAO ROQUE DE MINAS,97,2,99
316440 SAO SEBASTIAO DA BELA VISTA,58,1,59
316443 SAO SEBASTIAO DA VARGEM ALEGRE,62,-,62
316447 SAO SEBASTIAO DO ANTA,75,5,80
316450 SAO SEBASTIAO DO MARANHAO,132,6,138
316460 SAO SEBASTIAO DO OESTE,94,4,98
316470 SAO SEBASTIAO DO PARAISO,1711,276,1987
316480 SAO SEBASTIAO DO RIO PRETO,40,-,40
316490 SAO SEBASTIAO DO RIO VERDE,47,1,48
316500 SAO TIAGO,158,25,183
316510 SAO TOMAS DE AQUINO,101,2,103
316520 SAO THOME DAS LETRAS,108,40,148
316530 SAO VICENTE DE MINAS,124,18,142
316540 SAPUCAI-MIRIM,73,4,77
316550 SARDOA,87,-,87
316553 SARZEDO,582,73,655
316555 SETUBINHA,96,1,97
316556 SEM-PEIXE,58,-,58
316557 SENADOR AMARAL,83,2,85
316560 SENADOR CORTES,33,-,33
316570 SENADOR FIRMINO,147,16,163
316580 SENADOR JOSE BENTO,37,-,37
316590 SENADOR MODESTINO GONCALVES,91,-,91
316600 SENHORA DE OLIVEIRA,78,1,79
316610 SENHORA DO PORTO,56,1,57
316620 SENHORA DOS REMEDIOS,75,37,112
316630 SERICITA,99,5,104
316640 SERITINGA,48,6,54
316650 SERRA AZUL DE MINAS,65,2,67
316660 SERRA DA SAUDADE,29,-,29
316670 SERRA DOS AIMORES,80,-,80
316680 SERRA DO SALITRE,241,28,269
316690 SERRANIA,84,2,86
316695 SERRANOPOLIS DE MINAS,57,-,57
316700 SERRANOS,51,-,51
316710 SERRO,301,8,309
316720 SETE LAGOAS,3925,1162,5087
316730 SILVEIRANIA,48,-,48
316740 SILVIANOPOLIS,62,5,67
316750 SIMAO PEREIRA,69,-,69
316760 SIMONESIA,190,10,200
316770 SOBRALIA,97,18,115
316780 SOLEDADE DE MINAS,40,3,43
316790 TABULEIRO,77,2,79
316800 TAIOBEIRAS,936,21,957
316805 TAPARUBA,87,-,87
316810 TAPIRA,76,6,82
316820 TAPIRAI,45,-,45
316830 TAQUARACU DE MINAS,75,1,76
316840 TARUMIRIM,217,6,223
316850 TEIXEIRAS,193,13,206
316860 TEOFILO OTONI,4015,454,4469
316870 TIMOTEO,1069,418,1487
316880 TIRADENTES,92,16,108
316890 TIROS,103,9,112
316900 TOCANTINS,139,12,151
316905 TOCOS DO MOJI,44,6,50
316910 TOLEDO,74,1,75
316920 TOMBOS,156,51,207
316930 TRES CORACOES,1204,384,1588
316935 TRES MARIAS,426,91,517
316940 TRES PONTAS,935,388,1323
316950 TUMIRITINGA,90,19,109
316960 TUPACIGUARA,446,51,497
316970 TURMALINA,307,42,349
316980 TURVOLANDIA,67,2,69
316990 UBA,1873,371,2244
317000 UBAI,157,6,163
317005 UBAPORANGA,137,4,141
317010 UBERABA,7827,2576,10403
317020 UBERLANDIA,13079,13080,26159
317030 UMBURATIBA,54,-,54
317040 UNAI,1147,609,1756
317043 UNIAO DE MINAS,82,1,83
317047 URUANA DE MINAS,91,-,91
317050 URUCANIA,115,3,118
317052 URUCUIA,239,13,252
317057 VARGEM ALEGRE,65,5,70
317060 VARGEM BONITA,44,-,44
317065 VARGEM GRANDE DO RIO PARDO,133,5,138
317070 VARGINHA,2524,931,3455
317075 VARJAO DE MINAS,120,4,124
317080 VARZEA DA PALMA,444,38,482
317090 VARZELANDIA,245,4,249
317100 VAZANTE,325,88,413
317103 VERDELANDIA,159,16,175
317107 VEREDINHA,81,1,82
317110 VERISSIMO,77,-,77
317115 VERMELHO NOVO,59,16,75
317120 VESPASIANO,1465,314,1779
317130 VICOSA,1350,734,2084
317140 VIEIRAS,75,-,75
317150 MATHIAS LOBATO,77,1,78
317160 VIRGEM DA LAPA,145,12,157
317170 VIRGINIA,103,16,119
317180 VIRGINOPOLIS,140,14,154
317190 VIRGOLANDIA,141,1,142
317200 VISCONDE DO RIO BRANCO,574,85,659
317210 VOLTA GRANDE,70,2,72
317220 WENCESLAU BRAZ,30,-,30
320010 AFONSO CLAUDIO,445,156,601
320013 AGUIA BRANCA,182,17,199
320016 AGUA DOCE DO NORTE,119,8,127
320020 ALEGRE,429,158,587
320030 ALFREDO CHAVES,227,65,292
320035 ALTO RIO NOVO,91,2,93
320040 ANCHIETA,776,148,924
320050 APIACA,173,23,196
320060 ARACRUZ,1735,555,2290
320070 ATILIO VIVACQUA,236,18,254
320080 BAIXO GUANDU,518,83,601
320090 BARRA DE SAO FRANCISCO,828,234,1062
320100 BOA ESPERANCA,191,90,281
320110 BOM JESUS DO NORTE,203,10,213
320115 BREJETUBA,187,15,202
320120 CACHOEIRO DE ITAPEMIRIM,5590,1459,7049
320130 CARIACICA,2880,1344,4224
320140 CASTELO,478,240,718
320150 COLATINA,3326,787,4113
320160 CONCEICAO DA BARRA,384,52,436
320170 CONCEICAO DO CASTELO,176,31,207
320180 DIVINO DE SAO LOURENCO,102,21,123
320190 DOMINGOS MARTINS,499,69,568
320200 DORES DO RIO PRETO,109,12,121
320210 ECOPORANGA,249,54,303
320220 FUNDAO,246,82,328
320225 GOVERNADOR LINDENBERG,190,91,281
320230 GUACUI,647,41,688
320240 GUARAPARI,1432,917,2349
320245 IBATIBA,241,257,498
320250 IBIRACU,150,26,176
320255 IBITIRAMA,110,43,153
320260 ICONHA,212,80,292
320265 IRUPI,160,55,215
320270 ITAGUACU,174,66,240
320280 ITAPEMIRIM,1045,127,1172
320290 ITARANA,171,16,187
320300 IUNA,286,98,384
320305 JAGUARE,290,220,510
320310 JERONIMO MONTEIRO,285,53,338
320313 JOAO NEIVA,217,22,239
320316 LARANJA DA TERRA,189,41,230
320320 LINHARES,3241,1722,4963
320330 MANTENOPOLIS,154,24,178
320332 MARATAIZES,550,194,744
320334 MARECHAL FLORIANO,246,74,320
320335 MARILANDIA,148,34,182
320340 MIMOSO DO SUL,480,164,644
320350 MONTANHA,286,127,413
320360 MUCURICI,125,8,133
320370 MUNIZ FREIRE,291,33,324
320380 MUQUI,187,22,209
320390 NOVA VENECIA,769,296,1065
320400 PANCAS,258,34,292
320405 PEDRO CANARIO,291,30,321
320410 PINHEIROS,276,209,485
320420 PIUMA,344,41,385
320425 PONTO BELO,119,17,136
320430 PRESIDENTE KENNEDY,346,19,365
320435 RIO BANANAL,192,39,231
320440 RIO NOVO DO SUL,146,16,162
320450 SANTA LEOPOLDINA,222,17,239
320455 SANTA MARIA DE JETIBA,480,394,874
320460 SANTA TERESA,588,113,701
320465 SAO DOMINGOS DO NORTE,132,9,141
320470 SAO GABRIEL DA PALHA,344,163,507
320480 SAO JOSE DO CALCADO,534,34,568
320490 SAO MATEUS,1682,433,2115
320495 SAO ROQUE DO CANAA,146,50,196
320500 SERRA,8151,2342,10493
320501 SOORETAMA,302,40,342
320503 VARGEM ALTA,313,34,347
320506 VENDA NOVA DO IMIGRANTE,545,202,747
320510 VIANA,882,67,949
320515 VILA PAVAO,113,63,176
320517 VILA VALERIO,130,64,194
320520 VILA VELHA,8002,3868,11870
320530 VITORIA,12709,5224,17933
330010 ANGRA DOS REIS,3672,977,4649
330015 APERIBE,233,23,256
330020 ARARUAMA,2118,423,2541
330022 AREAL,255,31,286
330023 ARMACAO DOS BUZIOS,865,110,975
330025 ARRAIAL DO CABO,1181,17,1198
330030 BARRA DO PIRAI,1232,209,1441
330040 BARRA MANSA,2934,854,3788
330045 BELFORD ROXO,4656,343,4999
330050 BOM JARDIM,335,54,389
330060 BOM JESUS DO ITABAPOANA,1617,176,1793
330070 CABO FRIO,4026,694,4720
330080 CACHOEIRAS DE MACACU,1181,77,1258
330090 CAMBUCI,273,4,277
330093 CARAPEBUS,519,37,556
330095 COMENDADOR LEVY GASPARIAN,261,25,286
330100 CAMPOS DOS GOYTACAZES,10387,2742,13129
330110 CANTAGALO,343,149,492
330115 CARDOSO MOREIRA,187,22,209
330120 CARMO,492,31,523
330130 CASIMIRO DE ABREU,1005,52,1057
330140 CONCEICAO DE MACABU,302,26,328
330150 CORDEIRO,297,75,372
330160 DUAS BARRAS,181,17,198
330170 DUQUE DE CAXIAS,12466,3528,15994
330180 ENGENHEIRO PAULO DE FRONTIN,306,1,307
330185 GUAPIMIRIM,822,147,969
330187 IGUABA GRANDE,597,33,630
330190 ITABORAI,3784,636,4420
330200 ITAGUAI,1779,418,2197
330205 ITALVA,186,16,202
330210 ITAOCARA,497,34,531
330220 ITAPERUNA,3894,439,4333
330225 ITATIAIA,538,59,597
330227 JAPERI,982,30,1012
330230 LAJE DO MURIAE,205,2,207
330240 MACAE,4146,2539,6685
330245 MACUCO,108,6,114
330250 MAGE,3655,383,4038
330260 MANGARATIBA,1242,21,1263
330270 MARICA,4289,277,4566
330280 MENDES,435,18,453
330285 MESQUITA,2731,176,2907
330290 MIGUEL PEREIRA,469,58,527
330300 MIRACEMA,385,45,430
330310 NATIVIDADE,311,34,345
330320 NILOPOLIS,2540,718,3258
330330 NITEROI,10446,7579,18025
330340 NOVA FRIBURGO,2418,1648,4066
330350 NOVA IGUACU,9194,2836,12030
330360 PARACAMBI,908,69,977
330370 PARAIBA DO SUL,1035,51,1086
330380 PARATY,778,39,817
330385 PATY DO ALFERES,281,39,320
330390 PETROPOLIS,6531,1541,8072
330395 PINHEIRAL,527,37,564
330400 PIRAI,862,26,888
330410 PORCIUNCULA,325,94,419
330411 PORTO REAL,570,40,610
330412 QUATIS,254,19,273
330414 QUEIMADOS,1257,114,1371
330415 QUISSAMA,540,4,544
330420 RESENDE,2236,976,3212
330430 RIO BONITO,1147,237,1384
330440 RIO CLARO,322,4,326
330450 RIO DAS FLORES,303,-,303
330452 RIO DAS OSTRAS,1330,651,1981
330455 RIO DE JANEIRO,110606,63920,174526
330460 SANTA MARIA MADALENA,151,18,169
330470 SANTO ANTONIO DE PADUA,560,127,687
330475 SAO FRANCISCO DE ITABAPOANA,728,68,796
330480 SAO FIDELIS,581,50,631
330490 SAO GONCALO,8867,2197,11064
330500 SAO JOAO DA BARRA,1228,67,1295
330510 SAO JOAO DE MERITI,3678,660,4338
330513 SAO JOSE DE UBA,169,20,189
330515 SAO JOSE DO VALE DO RIO PRETO,361,68,429
330520 SAO PEDRO DA ALDEIA,1019,245,1264
330530 SAO SEBASTIAO DO ALTO,179,-,179
330540 SAPUCAIA,355,11,366
330550 SAQUAREMA,2240,91,2331
330555 SEROPEDICA,1185,82,1267
330560 SILVA JARDIM,488,13,501
330570 SUMIDOURO,235,-,235
330575 TANGUA,415,50,465
330580 TERESOPOLIS,3434,642,4076
330590 TRAJANO DE MORAES,123,6,129
330600 TRES RIOS,1384,332,1716
330610 VALENCA,1633,327,1960
330615 VARRE-SAI,136,12,148
330620 VASSOURAS,1138,170,1308
330630 VOLTA REDONDA,5495,2828,8323
350010 ADAMANTINA,893,154,1047
350020 ADOLFO,114,3,117
350030 AGUAI,390,93,483
350040 AGUAS DA PRATA,80,12,92
350050 AGUAS DE LINDOIA,234,41,275
350055 AGUAS DE SANTA BARBARA,110,3,113
350060 AGUAS DE SAO PEDRO,100,2,102
350070 AGUDOS,507,26,533
350075 ALAMBARI,84,8,92
350080 ALFREDO MARCONDES,91,2,93
350090 ALTAIR,82,-,82
350100 ALTINOPOLIS,257,29,286
350110 ALTO ALEGRE,85,3,88
350115 ALUMINIO,132,42,174
350120 ALVARES FLORENCE,95,1,96
350130 ALVARES MACHADO,383,20,403
350140 ALVARO DE CARVALHO,71,-,71
350150 ALVINLANDIA,45,-,45
350160 AMERICANA,2784,2577,5361
350170 AMERICO BRASILIENSE,1104,41,1145
350180 AMERICO DE CAMPOS,112,7,119
350190 AMPARO,1329,458,1787
350200 ANALANDIA,81,1,82
350210 ANDRADINA,1072,276,1348
350220 ANGATUBA,367,40,407
350230 ANHEMBI,89,2,91
350240 ANHUMAS,76,2,78
350250 APARECIDA,602,38,640
350260 APARECIDA D'OESTE,85,-,85
350270 APIAI,494,23,517
350275 ARACARIGUAMA,312,26,338
350280 ARACATUBA,3982,901,4883
350290 ARACOIABA DA SERRA,259,95,354
350300 ARAMINA,101,4,105
350310 ARANDU,98,1,99
350315 ARAPEI,88,-,88
350320 ARARAQUARA,4615,2826,7441
350330 ARARAS,2041,784,2825
350335 ARCO-IRIS,26,1,27
350340 AREALVA,113,19,132
350350 AREIAS,74,-,74
350360 AREIOPOLIS,111,6,117
350370 ARIRANHA,128,28,156
350380 ARTUR NOGUEIRA,453,147,600
350390 ARUJA,1003,383,1386
350395 ASPASIA,61,-,61
350400 ASSIS,2122,731,2853
350410 ATIBAIA,1965,1968,3933
350420 AURIFLAMA,199,20,219
350430 AVAI,66,-,66
350440 AVANHANDAVA,151,10,161
350450 AVARE,1304,200,1504
350460 BADY BASSITT,376,13,389
350470 BALBINOS,82,-,82
350480 BALSAMO,130,6,136
350490 BANANAL,159,9,168
350500 BARAO DE ANTONINA,49,-,49
350510 BARBOSA,77,-,77
350520 BARIRI,414,41,455
350530 BARRA BONITA,487,118,605
350535 BARRA DO CHAPEU,83,-,83
350540 BARRA DO TURVO,104,-,104
350550 BARRETOS,5929,462,6391
350560 BARRINHA,327,167,494
350570 BARUERI,6649,2473,9122
350580 BASTOS,386,29,415
350590 BATATAIS,958,240,1198
350600 BAURU,8298,2816,11114
350610 BEBEDOURO,1492,506,1998
350620 BENTO DE ABREU,35,-,35
350630 BERNARDINO DE CAMPOS,213,9,222
350635 BERTIOGA,600,210,810
350640 BILAC,97,8,105
350650 BIRIGUI,1225,378,1603
350660 BIRITIBA-MIRIM,364,20,384
350670 BOA ESPERANCA DO SUL,174,2,176
350680 BOCAINA,111,31,142
350690 BOFETE,143,22,165
350700 BOITUVA,897,227,1124
350710 BOM JESUS DOS PERDOES,199,21,220
350715 BOM SUCESSO DE ITARARE,57,-,57
350720 BORA,37,-,37
350730 BORACEIA,63,1,64
350740 BORBOREMA,281,19,300
350745 BOREBI,55,-,55
350750 BOTUCATU,5737,1563,7300
350760 BRAGANCA PAULISTA,4046,654,4700
350770 BRAUNA,60,-,60
350775 BREJO ALEGRE,56,-,56
350780 BRODOWSKI,373,51,424
350790 BROTAS,224,98,322
350800 BURI,227,56,283
350810 BURITAMA,214,26,240
350820 BURITIZAL,72,4,76
350830 CABRALIA PAULISTA,57,-,57
350840 CABREUVA,543,101,644
350850 CACAPAVA,1179,518,1697
350860 CACHOEIRA PAULISTA,451,198,649
350870 CACONDE,216,38,254
350880 CAFELANDIA,193,35,228
350890 CAIABU,80,-,80
350900 CAIEIRAS,1731,513,2244
350910 CAIUA,83,-,83
350920 CAJAMAR,1201,257,1458
350925 CAJATI,372,29,401
350930 CAJOBI,151,1,152
350940 CAJURU,331,77,408
350945 CAMPINA DO MONTE ALEGRE,61,5,66
350950 CAMPINAS,23506,14970,38476
350960 CAMPO LIMPO PAULISTA,749,101,850
350970 CAMPOS DO JORDAO,747,144,891
350980 CAMPOS NOVOS PAULISTA,78,-,78
350990 CANANEIA,148,4,152
350995 CANAS,66,-,66
351000 CANDIDO MOTA,354,66,420
351010 CANDIDO RODRIGUES,62,-,62
351015 CANITAR,80,-,80
351020 CAPAO BONITO,657,66,723
351030 CAPELA DO ALTO,258,37,295
351040 CAPIVARI,714,436,1150
351050 CARAGUATATUBA,3514,645,4159
351060 CARAPICUIBA,3116,685,3801
351070 CARDOSO,181,10,191
351080 CASA BRANCA,837,63,900
351090 CASSIA DOS COQUEIROS,68,-,68
351100 CASTILHO,275,18,293
351110 CATANDUVA,3746,783,4529
351120 CATIGUA,95,7,102
351130 CEDRAL,183,25,208
351140 CERQUEIRA CESAR,248,12,260
351150 CERQUILHO,367,250,617
351160 CESARIO LANGE,204,17,221
351170 CHARQUEADA,152,43,195
351190 CLEMENTINA,76,5,81
351200 COLINA,384,46,430
351210 COLOMBIA,180,11,191
351220 CONCHAL,301,23,324
351230 CONCHAS,145,48,193
351240 CORDEIROPOLIS,333,83,416
351250 COROADOS,44,-,44
351260 CORONEL MACEDO,58,-,58
351270 CORUMBATAI,96,1,97
351280 COSMOPOLIS,723,93,816
351290 COSMORAMA,83,2,85
351300 COTIA,2501,1185,3686
351310 CRAVINHOS,384,132,516
351320 CRISTAIS PAULISTA,138,5,143
351330 CRUZALIA,63,-,63
351340 CRUZEIRO,1211,361,1572
351350 CUBATAO,2239,237,2476
351360 CUNHA,227,44,271
351370 DESCALVADO,370,117,487
351380 DIADEMA,5148,1384,6532
351385 DIRCE REIS,37,-,37
351390 DIVINOLANDIA,645,12,657
351400 DOBRADA,77,15,92
351410 DOIS CORREGOS,304,48,352
351420 DOLCINOPOLIS,57,-,57
351430 DOURADO,129,11,140
351440 DRACENA,937,223,1160
351450 DUARTINA,182,36,218
351460 DUMONT,123,1,124
351470 ECHAPORA,92,4,96
351480 ELDORADO,191,3,194
351490 ELIAS FAUSTO,194,30,224
351492 ELISIARIO,52,1,53
351495 EMBAUBA,59,5,64
351500 EMBU DAS ARTES,2555,282,2837
351510 EMBU-GUACU,549,71,620
351512 EMILIANOPOLIS,55,4,59
351515 ENGENHEIRO COELHO,182,144,326
351518 ESPIRITO SANTO DO PINHAL,1048,165,1213
351519 ESPIRITO SANTO DO TURVO,60,-,60
351520 ESTRELA D'OESTE,156,15,171
351530 ESTRELA DO NORTE,95,-,95
351535 EUCLIDES DA CUNHA PAULISTA,121,7,128
351540 FARTURA,248,36,284
351550 FERNANDOPOLIS,1362,558,1920
351560 FERNANDO PRESTES,103,2,105
351565 FERNAO,50,1,51
351570 FERRAZ DE VASCONCELOS,2358,79,2437
351580 FLORA RICA,43,-,43
351590 FLOREAL,43,-,43
351600 FLORIDA PAULISTA,121,9,130
351610 FLORINIA,68,-,68
351620 FRANCA,5088,2010,7098
351630 FRANCISCO MORATO,1940,111,2051
351640 FRANCO DA ROCHA,2851,264,3115
351650 GABRIEL MONTEIRO,48,1,49
351660 GALIA,122,3,125
351670 GARCA,897,85,982
351680 GASTAO VIDIGAL,46,-,46
351685 GAVIAO PEIXOTO,66,-,66
351690 GENERAL SALGADO,113,15,128
351700 GETULINA,137,11,148
351710 GLICERIO,61,-,61
351720 GUAICARA,142,10,152
351730 GUAIMBE,69,-,69
351740 GUAIRA,472,85,557
351750 GUAPIACU,288,7,295
351760 GUAPIARA,210,2,212
351770 GUARA,319,37,356
351780 GUARACAI,140,5,145
351790 GUARACI,152,16,168
351800 GUARANI D'OESTE,59,1,60
351810 GUARANTA,98,-,98
351820 GUARARAPES,348,61,409
351830 GUARAREMA,363,47,410
351840 GUARATINGUETA,2229,1489,3718
351850 GUAREI,175,4,179
351860 GUARIBA,385,98,483
351870 GUARUJA,4460,780,5240
351880 GUARULHOS,15163,4591,19754
351885 GUATAPARA,132,1,133
351890 GUZOLANDIA,44,-,44
351900 HERCULANDIA,134,3,137
351905 HOLAMBRA,100,38,138
351907 HORTOLANDIA,1930,413,2343
351910 IACANGA,134,7,141
351920 IACRI,83,1,84
351925 IARAS,101,1,102
351930 IBATE,234,52,286
351940 IBIRA,130,14,144
351950 IBIRAREMA,84,6,90
351960 IBITINGA,708,171,879
351970 IBIUNA,542,130,672
351980 ICEM,162,34,196
351990 IEPE,157,16,173
352000 IGARACU DO TIETE,201,6,207
352010 IGARAPAVA,408,55,463
352020 IGARATA,124,4,128
352030 IGUAPE,375,14,389
352040 ILHABELA,1140,62,1202
352042 ILHA COMPRIDA,178,8,186
352044 ILHA SOLTEIRA,514,108,622
352050 INDAIATUBA,2839,1194,4033
352060 INDIANA,77,3,80
352070 INDIAPORA,100,12,112
352080 INUBIA PAULISTA,51,-,51
352090 IPAUSSU,147,11,158
352100 IPERO,334,15,349
352110 IPEUNA,159,6,165
352115 IPIGUA,120,-,120
352120 IPORANGA,91,-,91
352130 IPUA,293,62,355
352140 IRACEMAPOLIS,240,20,260
352150 IRAPUA,81,7,88
352160 IRAPURU,132,-,132
352170 ITABERA,269,2,271
352180 ITAI,246,11,257
352190 ITAJOBI,209,14,223
352200 ITAJU,35,-,35
352210 ITANHAEM,1856,172,2028
352215 ITAOCA,44,-,44
352220 ITAPECERICA DA SERRA,1987,649,2636
352230 ITAPETININGA,2269,561,2830
352240 ITAPEVA,1706,359,2065
352250 ITAPEVI,2715,909,3624
352260 ITAPIRA,1646,734,2380
352265 ITAPIRAPUA PAULISTA,79,-,79
352270 ITAPOLIS,502,67,569
352280 ITAPORANGA,210,36,246
352290 ITAPUI,142,5,147
352300 ITAPURA,58,3,61
352310 ITAQUAQUECETUBA,2289,277,2566
352320 ITARARE,561,59,620
352330 ITARIRI,214,12,226
352340 ITATIBA,1392,245,1637
352350 ITATINGA,128,12,140
352360 ITIRAPINA,267,21,288
352370 ITIRAPUA,90,-,90
352380 ITOBI,67,3,70
352390 ITU,2633,685,3318
352400 ITUPEVA,739,144,883
352410 ITUVERAVA,798,222,1020
352420 JABORANDI,117,7,124
352430 JABOTICABAL,1070,523,1593
352440 JACAREI,3749,1920,5669
352450 JACI,206,2,208
352460 JACUPIRANGA,248,7,255
352470 JAGUARIUNA,1203,149,1352
352480 JALES,1356,239,1595
352490 JAMBEIRO,83,2,85
352500 JANDIRA,665,140,805
352510 JARDINOPOLIS,368,55,423
352520 JARINU,283,34,317
352530 JAU,4414,617,5031
352540 JERIQUARA,62,-,62
352550 JOANOPOLIS,140,17,157
352560 JOAO RAMALHO,73,1,74
352570 JOSE BONIFACIO,376,79,455
352580 JULIO MESQUITA,56,4,60
352585 JUMIRIM,53,1,54
352590 JUNDIAI,6249,5150,11399
352600 JUNQUEIROPOLIS,305,19,324
352610 JUQUIA,252,3,255
352620 JUQUITIBA,317,10,327
352630 LAGOINHA,77,13,90
352640 LARANJAL PAULISTA,323,53,376
352650 LAVINIA,96,-,96
352660 LAVRINHAS,65,3,68
352670 LEME,1332,305,1637
352680 LENCOIS PAULISTA,885,288,1173
352690 LIMEIRA,3648,2955,6603
352700 LINDOIA,102,16,118
352710 LINS,1199,699,1898
352720 LORENA,1255,1229,2484
352725 LOURDES,32,-,32
352730 LOUVEIRA,742,51,793
352740 LUCELIA,230,22,252
352750 LUCIANOPOLIS,39,-,39
352760 LUIS ANTONIO,259,14,273
352770 LUIZIANIA,73,11,84
352780 LUPERCIO,45,-,45
352790 LUTECIA,65,-,65
352800 MACATUBA,143,29,172
352810 MACAUBAL,115,8,123
352820 MACEDONIA,81,1,82
352830 MAGDA,61,-,61
352840 MAIRINQUE,392,53,445
352850 MAIRIPORA,957,53,1010
352860 MANDURI,135,31,166
352870 MARABA PAULISTA,59,-,59
352880 MARACAI,151,18,169
352885 MARAPOAMA,65,1,66
352890 MARIAPOLIS,42,1,43
352900 MARILIA,6870,966,7836
352910 MARINOPOLIS,47,-,47
352920 MARTINOPOLIS,356,56,412
352930 MATAO,1173,275,1448
352940 MAUA,3707,2184,5891
352950 MENDONCA,101,1,102
352960 MERIDIANO,53,14,67
352965 MESOPOLIS,44,1,45
352970 MIGUELOPOLIS,364,28,392
352980 MINEIROS DO TIETE,127,-,127
352990 MIRACATU,307,2,309
353000 MIRA ESTRELA,77,1,78
353010 MIRANDOPOLIS,455,87,542
353020 MIRANTE DO PARANAPANEMA,342,18,360
353030 MIRASSOL,531,202,733
353040 MIRASSOLANDIA,75,-,75
353050 MOCOCA,1080,312,1392
353060 MOGI DAS CRUZES,6296,4354,10650
353070 MOGI GUACU,2176,678,2854
353080 MOGI MIRIM,1432,739,2171
353090 MOMBUCA,46,-,46
353100 MONCOES,77,1,78
353110 MONGAGUA,538,39,577
353120 MONTE ALEGRE DO SUL,111,8,119
353130 MONTE ALTO,679,290,969
353140 MONTE APRAZIVEL,228,44,272
353150 MONTE AZUL PAULISTA,239,36,275
353160 MONTE CASTELO,68,-,68
353170 MONTEIRO LOBATO,73,9,82
353180 MONTE MOR,455,94,549
353190 MORRO AGUDO,532,66,598
353200 MORUNGABA,140,10,150
353205 MOTUCA,64,1,65
353210 MURUTINGA DO SUL,54,2,56
353215 NANTES,66,1,67
353220 NARANDIBA,98,-,98
353230 NATIVIDADE DA SERRA,67,-,67
353240 NAZARE PAULISTA,151,8,159
353250 NEVES PAULISTA,85,4,89
353260 NHANDEARA,195,45,240
353270 NIPOA,80,2,82
353280 NOVA ALIANCA,130,1,131
353282 NOVA CAMPINA,160,-,160
353284 NOVA CANAA PAULISTA,41,-,41
353286 NOVA CASTILHO,46,-,46
353290 NOVA EUROPA,141,20,161
353300 NOVA GRANADA,234,50,284
353310 NOVA GUATAPORANGA,49,-,49
353320 NOVA INDEPENDENCIA,76,5,81
353325 NOVAIS,76,-,76
353330 NOVA LUZITANIA,43,1,44
353340 NOVA ODESSA,466,71,537
353350 NOVO HORIZONTE,668,108,776
353360 NUPORANGA,97,16,113
353370 OCAUCU,49,-,49
353380 OLEO,36,-,36
353390 OLIMPIA,808,206,1014
353400 ONDA VERDE,85,3,88
353410 ORIENTE,77,5,82
353420 ORINDIUVA,134,16,150
353430 ORLANDIA,422,237,659
353440 OSASCO,7290,7350,14640
353450 OSCAR BRESSANE,67,-,67
353460 OSVALDO CRUZ,381,81,462
353470 OURINHOS,2060,730,2790
353475 OUROESTE,220,20,240
353480 OURO VERDE,87,4,91
353490 PACAEMBU,176,10,186
353500 PALESTINA,174,25,199
353510 PALMARES PAULISTA,111,31,142
353520 PALMEIRA D'OESTE,108,12,120
353530 PALMITAL,373,44,417
353540 PANORAMA,174,10,184
353550 PARAGUACU PAULISTA,748,60,808
353560 PARAIBUNA,186,17,203
353570 PARAISO,130,7,137
353580 PARANAPANEMA,209,31,240
353590 PARANAPUA,57,-,57
353600 PARAPUA,111,3,114
353610 PARDINHO,70,1,71
353620 PARIQUERA-ACU,1336,12,1348
353625 PARISI,62,-,62
353630 PATROCINIO PAULISTA,279,3,282
353640 PAULICEIA,128,5,133
353650 PAULINIA,1683,396,2079
353657 PAULISTANIA,50,-,50
353660 PAULO DE FARIA,105,1,106
353670 PEDERNEIRAS,580,147,727
353680 PEDRA BELA,67,-,67
353690 PEDRANOPOLIS,45,1,46
353700 PEDREGULHO,230,16,246
353710 PEDREIRA,364,85,449
353715 PEDRINHAS PAULISTA,67,-,67
353720 PEDRO DE TOLEDO,160,7,167
353730 PENAPOLIS,835,204,1039
353740 PEREIRA BARRETO,257,78,335
353750 PEREIRAS,93,3,96
353760 PERUIBE,614,130,744
353770 PIACATU,63,5,68
353780 PIEDADE,293,76,369
353790 PILAR DO SUL,235,31,266
353800 PINDAMONHANGABA,2153,1124,3277
353810 PINDORAMA,184,8,192
353820 PINHALZINHO,99,12,111
353830 PIQUEROBI,55,-,55
353850 PIQUETE,126,10,136
353860 PIRACAIA,226,34,260
353870 PIRACICABA,6111,3771,9882
353880 PIRAJU,487,68,555
353890 PIRAJUI,565,32,597
353900 PIRANGI,140,23,163
353910 PIRAPORA DO BOM JESUS,163,12,175
353920 PIRAPOZINHO,285,35,320
353930 PIRASSUNUNGA,1306,435,1741
353940 PIRATININGA,176,7,183
353950 PITANGUEIRAS,436,102,538
353960 PLANALTO,92,-,92
353970 PLATINA,75,-,75
353980 POA,520,162,682
353990 POLONI,92,23,115
354000 POMPEIA,505,104,609
354010 PONGAI,53,-,53
354020 PONTAL,532,116,648
354025 PONTALINDA,40,-,40
354030 PONTES GESTAL,101,7,108
354040 POPULINA,80,18,98
354050 PORANGABA,118,14,132
354060 PORTO FELIZ,708,93,801
354070 PORTO FERREIRA,555,173,728
354075 POTIM,173,8,181
354080 POTIRENDABA,152,43,195
354085 PRACINHA,58,-,58
354090 PRADOPOLIS,169,21,190
354100 PRAIA GRANDE,4329,730,5059
354105 PRATANIA,57,1,58
354110 PRESIDENTE ALVES,48,-,48
354120 PRESIDENTE BERNARDES,251,30,281
354130 PRESIDENTE EPITACIO,602,77,679
354140 PRESIDENTE PRUDENTE,6040,2507,8547
354150 PRESIDENTE VENCESLAU,530,72,602
354160 PROMISSAO,714,51,765
354165 QUADRA,69,2,71
354170 QUATA,218,23,241
354180 QUEIROZ,70,-,70
354190 QUELUZ,128,2,130
354200 QUINTANA,107,5,112
354210 RAFARD,83,-,83
354220 RANCHARIA,407,129,536
354230 REDENCAO DA SERRA,72,1,73
354240 REGENTE FEIJO,270,27,297
354250 REGINOPOLIS,95,4,99
354260 REGISTRO,1675,240,1915
354270 RESTINGA,96,-,96
354280 RIBEIRA,70,-,70
354290 RIBEIRAO BONITO,90,20,110
354300 RIBEIRAO BRANCO,253,3,256
354310 RIBEIRAO CORRENTE,36,-,36
354320 RIBEIRAO DO SUL,67,-,67
354323 RIBEIRAO DOS INDIOS,53,-,53
354325 RIBEIRAO GRANDE,57,-,57
354330 RIBEIRAO PIRES,1044,644,1688
354340 RIBEIRAO PRETO,14033,6220,20253
354350 RIVERSUL,82,-,82
354360 RIFAINA,89,-,89
354370 RINCAO,108,2,110
354380 RINOPOLIS,127,2,129
354390 RIO CLARO,2837,1777,4614
354400 RIO DAS PEDRAS,223,56,279
354410 RIO GRANDE DA SERRA,303,4,307
354420 RIOLANDIA,144,2,146
354425 ROSANA,470,22,492
354430 ROSEIRA,186,10,196
354440 RUBIACEA,41,1,42
354450 RUBINEIA,70,-,70
354460 SABINO,65,2,67
354470 SAGRES,39,-,39
354480 SALES,123,1,124
354490 SALES OLIVEIRA,173,34,207
354500 SALESOPOLIS,171,2,173
354510 SALMOURAO,51,-,51
354515 SALTINHO,117,5,122
354520 SALTO,1001,278,1279
354530 SALTO DE PIRAPORA,519,54,573
354540 SALTO GRANDE,147,-,147
354550 SANDOVALINA,86,5,91
354560 SANTA ADELIA,187,34,221
354570 SANTA ALBERTINA,72,9,81
354580 SANTA BARBARA D'OESTE,1544,444,1988
354600 SANTA BRANCA,162,13,175
354610 SANTA CLARA D'OESTE,61,3,64
354620 SANTA CRUZ DA CONCEICAO,45,-,45
354625 SANTA CRUZ DA ESPERANCA,61,-,61
354630 SANTA CRUZ DAS PALMEIRAS,303,78,381
354640 SANTA CRUZ DO RIO PARDO,828,116,944
354650 SANTA ERNESTINA,52,4,56
354660 SANTA FE DO SUL,657,108,765
354670 SANTA GERTRUDES,227,41,268
354680 SANTA ISABEL,711,118,829
354690 SANTA LUCIA,59,-,59
354700 SANTA MARIA DA SERRA,63,2,65
354710 SANTA MERCEDES,62,2,64
354720 SANTANA DA PONTE PENSA,39,2,41
354730 SANTANA DE PARNAIBA,2092,242,2334
354740 SANTA RITA D'OESTE,48,-,48
354750 SANTA RITA DO PASSA QUATRO,526,47,573
354760 SANTA ROSA DE VITERBO,215,94,309
354765 SANTA SALETE,37,-,37
354770 SANTO ANASTACIO,199,39,238
354780 SANTO ANDRE,9093,7506,16599
354790 SANTO ANTONIO DA ALEGRIA,115,2,117
354800 SANTO ANTONIO DE POSSE,243,121,364
354805 SANTO ANTONIO DO ARACANGUA,138,2,140
354810 SANTO ANTONIO DO JARDIM,68,2,70
354820 SANTO ANTONIO DO PINHAL,94,4,98
354830 SANTO EXPEDITO,61,-,61
354840 SANTOPOLIS DO AGUAPEI,63,-,63
354850 SANTOS,10782,5708,16490
354860 SAO BENTO DO SAPUCAI,158,11,169
354870 SAO BERNARDO DO CAMPO,10412,6816,17228
354880 SAO CAETANO DO SUL,3837,1834,5671
354890 SAO CARLOS,3490,1396,4886
354900 SAO FRANCISCO,62,1,63
354910 SAO JOAO DA BOA VISTA,1771,1242,3013
354920 SAO JOAO DAS DUAS PONTES,30,-,30
354925 SAO JOAO DE IRACEMA,48,-,48
354930 SAO JOAO DO PAU D'ALHO,46,3,49
354940 SAO JOAQUIM DA BARRA,708,167,875
354950 SAO JOSE DA BELA VISTA,90,-,90
354960 SAO JOSE DO BARREIRO,50,1,51
354970 SAO JOSE DO RIO PARDO,876,300,1176
354980 SAO JOSE DO RIO PRETO,11577,3710,15287
354990 SAO JOSE DOS CAMPOS,11514,6681,18195
354995 SAO LOURENCO DA SERRA,170,20,190
355000 SAO LUIS DO PARAITINGA,119,1,120
355010 SAO MANUEL,451,76,527
355020 SAO MIGUEL ARCANJO,439,45,484
355030 SAO PAULO,185173,110045,295218
355040 SAO PEDRO,540,103,643
355050 SAO PEDRO DO TURVO,83,-,83
355060 SAO ROQUE,895,1028,1923
355070 SAO SEBASTIAO,1565,360,1925
355080 SAO SEBASTIAO DA GRAMA,145,23,168
355090 SAO SIMAO,184,24,208
355100 SAO VICENTE,2212,349,2561
355110 SARAPUI,128,1,129
355120 SARUTAIA,32,-,32
355130 SEBASTIANOPOLIS DO SUL,63,1,64
355140 SERRA AZUL,122,1,123
355150 SERRANA,616,72,688
355160 SERRA NEGRA,315,45,360
355170 SERTAOZINHO,1471,1229,2700
355180 SETE BARRAS,120,5,125
355190 SEVERINIA,126,8,134
355200 SILVEIRAS,102,-,102
355210 SOCORRO,382,47,429
355220 SOROCABA,10660,7319,17979
355230 SUD MENNUCCI,162,9,171
355240 SUMARE,2702,612,3314
355250 SUZANO,2508,727,3235
355255 SUZANAPOLIS,54,12,66
355260 TABAPUA,192,12,204
355270 TABATINGA,141,31,172
355280 TABOAO DA SERRA,3282,303,3585
355290 TACIBA,102,-,102
355300 TAGUAI,158,7,165
355310 TAIACU,69,5,74
355320 TAIUVA,77,11,88
355330 TAMBAU,235,95,330
355340 TANABI,276,31,307
355350 TAPIRAI,72,-,72
355360 TAPIRATIBA,141,15,156
355365 TAQUARAL,53,-,53
355370 TAQUARITINGA,567,182,749
355380 TAQUARITUBA,274,11,285
355385 TAQUARIVAI,80,-,80
355390 TARABAI,93,1,94
355395 TARUMA,151,7,158
355400 TATUI,1404,852,2256
355410 TAUBATE,5843,1888,7731
355420 TEJUPA,29,-,29
355430 TEODORO SAMPAIO,333,38,371
355440 TERRA ROXA,94,5,99
355450 TIETE,388,117,505
355460 TIMBURI,52,-,52
355465 TORRE DE PEDRA,40,1,41
355470 TORRINHA,94,3,97
355475 TRABIJU,50,-,50
355480 TREMEMBE,296,34,330
355490 TRES FRONTEIRAS,44,2,46
355495 TUIUTI,50,-,50
355500 TUPA,1194,254,1448
355510 TUPI PAULISTA,258,34,292
355520 TURIUBA,39,-,39
355530 TURMALINA,53,-,53
355535 UBARANA,78,-,78
355540 UBATUBA,1737,189,1926
355550 UBIRAJARA,64,-,64
355560 UCHOA,123,15,138
355570 UNIAO PAULISTA,46,-,46
355580 URANIA,125,1,126
355590 URU,30,-,30
355600 URUPES,157,24,181
355610 VALENTIM GENTIL,194,16,210
355620 VALINHOS,1290,722,2012
355630 VALPARAISO,313,36,349
355635 VARGEM,85,4,89
355640 VARGEM GRANDE DO SUL,379,115,494
355645 VARGEM GRANDE PAULISTA,348,105,453
355650 VARZEA PAULISTA,510,71,581
355660 VERA CRUZ,103,15,118
355670 VINHEDO,913,328,1241
355680 VIRADOURO,257,28,285
355690 VISTA ALEGRE DO ALTO,57,5,62
355695 VITORIA BRASIL,28,-,28
355700 VOTORANTIM,931,364,1295
355710 VOTUPORANGA,2177,759,2936
355715 ZACARIAS,41,-,41
355720 CHAVANTES,96,6,102
355730 ESTIVA GERBI,135,-,135
410010 ABATIA,72,3,75
410020 ADRIANOPOLIS,131,10,141
410030 AGUDOS DO SUL,119,18,137
410040 ALMIRANTE TAMANDARE,657,109,766
410045 ALTAMIRA DO PARANA,113,1,114
410050 ALTONIA,174,106,280
410060 ALTO PARANA,118,10,128
410070 ALTO PIQUIRI,103,21,124
410080 ALVORADA DO SUL,164,5,169
410090 AMAPORA,73,-,73
410100 AMPERE,230,89,319
410105 ANAHY,82,1,83
410110 ANDIRA,205,43,248
410115 ANGULO,57,4,61
410120 ANTONINA,249,12,261
410130 ANTONIO OLINTO,91,5,96
410140 APUCARANA,2123,489,2612
410150 ARAPONGAS,1826,357,2183
410160 ARAPOTI,280,69,349
410165 ARAPUA,42,-,42
410170 ARARUNA,166,74,240
410180 ARAUCARIA,2886,670,3556
410185 ARIRANHA DO IVAI,40,1,41
410190 ASSAI,149,40,189
410200 ASSIS CHATEAUBRIAND,525,105,630
410210 ASTORGA,353,67,420
410220 ATALAIA,87,4,91
410230 BALSA NOVA,135,10,145
410240 BANDEIRANTES,383,100,483
410250 BARBOSA FERRAZ,199,60,259
410260 BARRACAO,122,29,151
410270 BARRA DO JACARE,42,-,42
410275 BELA VISTA DA CAROBA,55,1,56
410280 BELA VISTA DO PARAISO,178,28,206
410290 BITURUNA,219,8,227
410300 BOA ESPERANCA,68,21,89
410302 BOA ESPERANCA DO IGUACU,39,-,39
410304 BOA VENTURA DE SAO ROQUE,58,2,60
410305 BOA VISTA DA APARECIDA,134,5,139
410310 BOCAIUVA DO SUL,134,10,144
410315 BOM JESUS DO SUL,56,-,56
410320 BOM SUCESSO,107,14,121
410322 BOM SUCESSO DO SUL,61,1,62
410330 BORRAZOPOLIS,103,13,116
410335 BRAGANEY,77,4,81
410337 BRASILANDIA DO SUL,106,8,114
410340 CAFEARA,45,-,45
410345 CAFELANDIA,224,58,282
410347 CAFEZAL DO SUL,74,1,75
410350 CALIFORNIA,75,3,78
410360 CAMBARA,222,37,259
410370 CAMBE,1492,235,1727
410380 CAMBIRA,104,10,114
410390 CAMPINA DA LAGOA,145,43,188
410395 CAMPINA DO SIMAO,48,8,56
410400 CAMPINA GRANDE DO SUL,2275,1037,3312
410405 CAMPO BONITO,65,2,67
410410 CAMPO DO TENENTE,109,2,111
410420 CAMPO LARGO,4684,501,5185
410425 CAMPO MAGRO,257,9,266
410430 CAMPO MOURAO,2457,1621,4078
410440 CANDIDO DE ABREU,190,6,196
410442 CANDOI,144,10,154
410445 CANTAGALO,111,10,121
410450 CAPANEMA,182,33,215
410460 CAPITAO LEONIDAS MARQUES,176,16,192
410465 CARAMBEI,224,80,304
410470 CARLOPOLIS,159,7,166
410480 CASCAVEL,9791,2315,12106
410490 CASTRO,845,227,1072
410500 CATANDUVAS,136,5,141
410510 CENTENARIO DO SUL,150,16,166
410520 CERRO AZUL,156,3,159
410530 CEU AZUL,136,14,150
410540 CHOPINZINHO,447,139,586
410550 CIANORTE,1537,265,1802
410560 CIDADE GAUCHA,111,29,140
410570 CLEVELANDIA,174,16,190
410580 COLOMBO,1719,291,2010
410590 COLORADO,601,93,694
410600 CONGONHINHAS,78,1,79
410610 CONSELHEIRO MAIRINCK,63,1,64
410620 CONTENDA,190,25,215
410630 CORBELIA,363,103,466
410640 CORNELIO PROCOPIO,1058,239,1297
410645 CORONEL DOMINGOS SOARES,95,1,96
410650 CORONEL VIVIDA,322,45,367
410655 CORUMBATAI DO SUL,55,9,64
410657 CRUZEIRO DO IGUACU,72,5,77
410660 CRUZEIRO DO OESTE,226,24,250
410670 CRUZEIRO DO SUL,61,1,62
410680 CRUZ MACHADO,186,6,192
410685 CRUZMALTINA,43,3,46
410690 CURITIBA,33703,16977,50680
410700 CURIUVA,172,18,190
410710 DIAMANTE DO NORTE,72,1,73
410712 DIAMANTE DO SUL,40,-,40
410715 DIAMANTE D'OESTE,65,6,71
410720 DOIS VIZINHOS,612,159,771
410725 DOURADINA,128,19,147
410730 DOUTOR CAMARGO,101,19,120
410740 ENEAS MARQUES,74,9,83
410750 ENGENHEIRO BELTRAO,191,77,268
410752 ESPERANCA NOVA,51,3,54
410753 ENTRE RIOS DO OESTE,51,6,57
410754 ESPIGAO ALTO DO IGUACU,57,2,59
410755 FAROL,45,4,49
410760 FAXINAL,167,57,224
410765 FAZENDA RIO GRANDE,838,286,1124
410770 FENIX,62,16,78
410773 FERNANDES PINHEIRO,115,1,116
410775 FIGUEIRA,93,15,108
410780 FLORAI,73,18,91
410785 FLOR DA SERRA DO SUL,73,7,80
410790 FLORESTA,134,24,158
410800 FLORESTOPOLIS,138,6,144
410810 FLORIDA,46,-,46
410820 FORMOSA DO OESTE,79,4,83
410830 FOZ DO IGUACU,4623,966,5589
410832 FRANCISCO ALVES,79,2,81
410840 FRANCISCO BELTRAO,2248,803,3051
410845 FOZ DO JORDAO,60,7,67
410850 GENERAL CARNEIRO,103,22,125
410855 GODOY MOREIRA,51,2,53
410860 GOIOERE,452,257,709
410865 GOIOXIM,93,3,96
410870 GRANDES RIOS,72,9,81
410880 GUAIRA,420,198,618
410890 GUAIRACA,99,3,102
410895 GUAMIRANGA,131,4,135
410900 GUAPIRAMA,52,1,53
410910 GUAPOREMA,39,1,40
410920 GUARACI,90,2,92
410930 GUARANIACU,214,30,244
410940 GUARAPUAVA,3770,706,4476
410950 GUARAQUECABA,137,1,138
410960 GUARATUBA,386,83,469
410965 HONORIO SERPA,106,1,107
410970 IBAITI,289,55,344
410975 IBEMA,73,1,74
410980 IBIPORA,875,114,989
410990 ICARAIMA,126,4,130
411000 IGUARACU,76,13,89
411005 IGUATU,46,-,46
411007 IMBAU,85,6,91
411010 IMBITUVA,265,45,310
411020 INACIO MARTINS,169,11,180
411030 INAJA,53,1,54
411040 INDIANOPOLIS,72,6,78
411050 IPIRANGA,185,14,199
411060 IPORA,232,22,254
411065 IRACEMA DO OESTE,46,-,46
411070 IRATI,818,272,1090
411080 IRETAMA,128,59,187
411090 ITAGUAJE,55,1,56
411095 ITAIPULANDIA,152,19,171
411100 ITAMBARACA,82,-,82
411110 ITAMBE,91,12,103
411120 ITAPEJARA D'OESTE,136,11,147
411125 ITAPERUCU,219,9,228
411130 ITAUNA DO SUL,55,1,56
411140 IVAI,140,4,144
411150 IVAIPORA,1079,134,1213
411155 IVATE,81,7,88
411160 IVATUBA,57,1,58
411170 JABOTI,87,6,93
411180 JACAREZINHO,793,92,885
411190 JAGUAPITA,234,14,248
411200 JAGUARIAIVA,332,64,396
411210 JANDAIA DO SUL,408,71,479
411220 JANIOPOLIS,116,29,145
411230 JAPIRA,77,2,79
411240 JAPURA,85,4,89
411250 JARDIM ALEGRE,120,9,129
411260 JARDIM OLINDA,31,-,31
411270 JATAIZINHO,106,1,107
411275 JESUITAS,93,5,98
411280 JOAQUIM TAVORA,131,19,150
411290 JUNDIAI DO SUL,58,1,59
411295 JURANDA,160,38,198
411300 JUSSARA,90,12,102
411310 KALORE,112,-,112
411320 LAPA,853,100,953
411325 LARANJAL,59,-,59
411330 LARANJEIRAS DO SUL,467,86,553
411340 LEOPOLIS,68,1,69
411342 LIDIANOPOLIS,41,1,42
411345 LINDOESTE,105,1,106
411350 LOANDA,364,80,444
411360 LOBATO,65,5,70
411370 LONDRINA,12191,2425,14616
411373 LUIZIANA,98,3,101
411375 LUNARDELLI,60,3,63
411380 LUPIONOPOLIS,96,1,97
411390 MALLET,163,41,204
411400 MAMBORE,157,74,231
411410 MANDAGUACU,221,34,255
411420 MANDAGUARI,393,192,585
411430 MANDIRITUBA,183,8,191
411435 MANFRINOPOLIS,44,1,45
411440 MANGUEIRINHA,235,16,251
411450 MANOEL RIBAS,180,17,197
411460 MARECHAL CANDIDO RONDON,491,400,891
411470 MARIA HELENA,74,4,78
411480 MARIALVA,396,62,458
411490 MARILANDIA DO SUL,108,1,109
411500 MARILENA,91,4,95
411510 MARILUZ,79,22,101
411520 MARINGA,7742,3993,11735
411530 MARIOPOLIS,79,2,81
411535 MARIPA,76,8,84
411540 MARMELEIRO,177,51,228
411545 MARQUINHO,52,1,53
411550 MARUMBI,48,4,52
411560 MATELANDIA,237,67,304
411570 MATINHOS,382,87,469
411573 MATO RICO,58,4,62
411575 MAUA DA SERRA,104,20,124
411580 MEDIANEIRA,590,253,843
411585 MERCEDES,78,22,100
411590 MIRADOR,51,-,51
411600 MIRASELVA,43,-,43
411605 MISSAL,189,26,215
411610 MOREIRA SALES,142,56,198
411620 MORRETES,190,46,236
411630 MUNHOZ DE MELO,71,5,76
411640 NOSSA SENHORA DAS GRACAS,71,13,84
411650 NOVA ALIANCA DO IVAI,35,-,35
411660 NOVA AMERICA DA COLINA,38,-,38
411670 NOVA AURORA,184,13,197
411680 NOVA CANTU,75,24,99
411690 NOVA ESPERANCA,256,77,333
411695 NOVA ESPERANCA DO SUDOESTE,69,3,72
411700 NOVA FATIMA,66,5,71
411705 NOVA LARANJEIRAS,150,8,158
411710 NOVA LONDRINA,134,20,154
411720 NOVA OLIMPIA,94,7,101
411721 NOVA SANTA BARBARA,48,1,49
411722 NOVA SANTA ROSA,103,12,115
411725 NOVA PRATA DO IGUACU,92,25,117
411727 NOVA TEBAS,142,1,143
411729 NOVO ITACOLOMI,54,-,54
411730 ORTIGUEIRA,208,25,233
411740 OURIZONA,40,-,40
411745 OURO VERDE DO OESTE,96,3,99
411750 PAICANDU,370,26,396
411760 PALMAS,415,75,490
411770 PALMEIRA,410,68,478
411780 PALMITAL,111,9,120
411790 PALOTINA,414,163,577
411800 PARAISO DO NORTE,83,30,113
411810 PARANACITY,105,13,118
411820 PARANAGUA,2086,392,2478
411830 PARANAPOEMA,44,-,44
411840 PARANAVAI,1403,430,1833
411845 PATO BRAGADO,76,5,81
411850 PATO BRANCO,2487,1016,3503
411860 PAULA FREITAS,86,6,92
411870 PAULO FRONTIN,77,7,84
411880 PEABIRU,139,69,208
411885 PEROBAL,70,-,70
411890 PEROLA,138,51,189
411900 PEROLA D'OESTE,80,8,88
411910 PIEN,153,33,186
411915 PINHAIS,1749,1590,3339
411920 PINHALAO,66,19,85
411925 PINHAL DE SAO BENTO,34,1,35
411930 PINHAO,237,60,297
411940 PIRAI DO SUL,250,37,287
411950 PIRAQUARA,1394,141,1535
411960 PITANGA,374,90,464
411965 PITANGUEIRAS,22,-,22
411970 PLANALTINA DO PARANA,65,-,65
411980 PLANALTO,151,34,185
411990 PONTA GROSSA,4705,2021,6726
411995 PONTAL DO PARANA,242,58,300
412000 PORECATU,136,9,145
412010 PORTO AMAZONAS,60,14,74
412015 PORTO BARREIRO,38,1,39
412020 PORTO RICO,48,-,48
412030 PORTO VITORIA,64,2,66
412033 PRADO FERREIRA,56,1,57
412035 PRANCHITA,121,29,150
412040 PRESIDENTE CASTELO BRANCO,70,-,70
412050 PRIMEIRO DE MAIO,106,13,119
412060 PRUDENTOPOLIS,515,97,612
412065 QUARTO CENTENARIO,58,1,59
412070 QUATIGUA,82,7,89
412080 QUATRO BARRAS,196,51,247
412085 QUATRO PONTES,42,14,56
412090 QUEDAS DO IGUACU,306,51,357
412100 QUERENCIA DO NORTE,118,6,124
412110 QUINTA DO SOL,89,8,97
412120 QUITANDINHA,175,40,215
412125 RAMILANDIA,41,3,44
412130 RANCHO ALEGRE,44,6,50
412135 RANCHO ALEGRE D'OESTE,28,12,40
412140 REALEZA,158,50,208
412150 REBOUCAS,246,50,296
412160 RENASCENCA,78,14,92
412170 RESERVA,206,29,235
412175 RESERVA DO IGUACU,115,-,115
412180 RIBEIRAO CLARO,92,19,111
412190 RIBEIRAO DO PINHAL,130,21,151
412200 RIO AZUL,220,62,282
412210 RIO BOM,51,4,55
412215 RIO BONITO DO IGUACU,174,4,178
412217 RIO BRANCO DO IVAI,60,1,61
412220 RIO BRANCO DO SUL,283,30,313
412230 RIO NEGRO,516,108,624
412240 ROLANDIA,753,183,936
412250 RONCADOR,150,48,198
412260 RONDON,104,18,122
412265 ROSARIO DO IVAI,66,2,68
412270 SABAUDIA,85,10,95
412280 SALGADO FILHO,47,3,50
412290 SALTO DO ITARARE,64,1,65
412300 SALTO DO LONTRA,172,35,207
412310 SANTA AMELIA,28,-,28
412320 SANTA CECILIA DO PAVAO,48,1,49
412330 SANTA CRUZ DE MONTE CASTELO,86,10,96
412340 SANTA FE,120,43,163
412350 SANTA HELENA,303,66,369
412360 SANTA INES,22,-,22
412370 SANTA ISABEL DO IVAI,74,7,81
412380 SANTA IZABEL DO OESTE,169,87,256
412382 SANTA LUCIA,50,1,51
412385 SANTA MARIA DO OESTE,102,3,105
412390 SANTA MARIANA,147,11,158
412395 SANTA MONICA,37,1,38
412400 SANTANA DO ITARARE,103,2,105
412402 SANTA TEREZA DO OESTE,134,2,136
412405 SANTA TEREZINHA DE ITAIPU,207,36,243
412410 SANTO ANTONIO DA PLATINA,805,114,919
412420 SANTO ANTONIO DO CAIUA,59,1,60
412430 SANTO ANTONIO DO PARAISO,47,-,47
412440 SANTO ANTONIO DO SUDOESTE,219,115,334
412450 SANTO INACIO,84,10,94
412460 SAO CARLOS DO IVAI,71,9,80
412470 SAO JERONIMO DA SERRA,135,4,139
412480 SAO JOAO,112,21,133
412490 SAO JOAO DO CAIUA,84,-,84
412500 SAO JOAO DO IVAI,135,8,143
412510 SAO JOAO DO TRIUNFO,141,6,147
412520 SAO JORGE D'OESTE,107,32,139
412530 SAO JORGE DO IVAI,75,3,78
412535 SAO JORGE DO PATROCINIO,91,7,98
412540 SAO JOSE DA BOA VISTA,95,1,96
412545 SAO JOSE DAS PALMEIRAS,60,2,62
412550 SAO JOSE DOS PINHAIS,2327,899,3226
412555 SAO MANOEL DO PARANA,38,-,38
412560 SAO MATEUS DO SUL,330,109,439
412570 SAO MIGUEL DO IGUACU,323,41,364
412575 SAO PEDRO DO IGUACU,92,-,92
412580 SAO PEDRO DO IVAI,89,1,90
412590 SAO PEDRO DO PARANA,40,1,41
412600 SAO SEBASTIAO DA AMOREIRA,117,5,122
412610 SAO TOME,67,2,69
412620 SAPOPEMA,101,10,111
412625 SARANDI,1014,123,1137
412627 SAUDADE DO IGUACU,70,-,70
412630 SENGES,171,4,175
412635 SERRANOPOLIS DO IGUACU,42,2,44
412640 SERTANEJA,124,5,129
412650 SERTANOPOLIS,188,45,233
412660 SIQUEIRA CAMPOS,213,50,263
412665 SULINA,53,-,53
412667 TAMARANA,179,16,195
412670 TAMBOARA,68,3,71
412680 TAPEJARA,110,11,121
412690 TAPIRA,77,1,78
412700 TEIXEIRA SOARES,134,2,136
412710 TELEMACO BORBA,880,268,1148
412720 TERRA BOA,286,70,356
412730 TERRA RICA,182,23,205
412740 TERRA ROXA,140,31,171
412750 TIBAGI,177,5,182
412760 TIJUCAS DO SUL,278,16,294
412770 TOLEDO,2204,749,2953
412780 TOMAZINA,99,1,100
412785 TRES BARRAS DO PARANA,149,7,156
412788 TUNAS DO PARANA,55,2,57
412790 TUNEIRAS DO OESTE,85,3,88
412795 TUPASSI,93,9,102
412796 TURVO,211,23,234
412800 UBIRATA,328,237,565
412810 UMUARAMA,3050,566,3616
412820 UNIAO DA VITORIA,846,365,1211
412830 UNIFLOR,41,-,41
412840 URAI,111,4,115
412850 WENCESLAU BRAZ,159,24,183
412853 VENTANIA,116,2,118
412855 VERA CRUZ DO OESTE,144,12,156
412860 VERE,85,26,111
412862 ALTO PARAISO,56,-,56
412863 DOUTOR ULYSSES,87,1,88
412865 VIRMOND,66,8,74
412870 VITORINO,80,-,80
412880 XAMBRE,71,1,72
420005 ABDON BATISTA,60,-,60
420010 ABELARDO LUZ,272,78,350
420020 AGROLANDIA,151,14,165
420030 AGRONOMICA,47,4,51
420040 AGUA DOCE,141,13,154
420050 AGUAS DE CHAPECO,76,1,77
420055 AGUAS FRIAS,32,4,36
420060 AGUAS MORNAS,95,7,102
420070 ALFREDO WAGNER,126,22,148
420075 ALTO BELA VISTA,38,-,38
420080 ANCHIETA,82,5,87
420090 ANGELINA,90,1,91
420100 ANITA GARIBALDI,153,5,158
420110 ANITAPOLIS,63,24,87
420120 ANTONIO CARLOS,163,85,248
420125 APIUNA,123,8,131
420127 ARABUTA,88,5,93
420130 ARAQUARI,514,52,566
420140 ARARANGUA,1284,549,1833
420150 ARMAZEM,232,9,241
420160 ARROIO TRINTA,74,20,94
420165 ARVOREDO,35,1,36
420170 ASCURRA,79,14,93
420180 ATALANTA,35,-,35
420190 AURORA,60,6,66
420195 BALNEARIO ARROIO DO SILVA,154,16,170
420200 BALNEARIO CAMBORIU,2674,2367,5041
420205 BALNEARIO BARRA DO SUL,191,5,196
420207 BALNEARIO GAIVOTA,137,30,167
420208 BANDEIRANTE,36,-,36
420209 BARRA BONITA,33,-,33
420210 BARRA VELHA,554,40,594
420213 BELA VISTA DO TOLDO,82,15,97
420215 BELMONTE,36,3,39
420220 BENEDITO NOVO,130,9,139
420230 BIGUACU,1247,347,1594
420240 BLUMENAU,6438,2552,8990
420243 BOCAINA DO SUL,61,8,69
420245 BOMBINHAS,403,48,451
420250 BOM JARDIM DA SERRA,75,15,90
420253 BOM JESUS,41,-,41
420257 BOM JESUS DO OESTE,45,1,46
420260 BOM RETIRO,151,10,161
420270 BOTUVERA,71,1,72
420280 BRACO DO NORTE,685,103,788
420285 BRACO DO TROMBUDO,65,2,67
420287 BRUNOPOLIS,33,1,34
420290 BRUSQUE,2469,472,2941
420300 CACADOR,1317,180,1497
420310 CAIBI,126,8,134
420315 CALMON,54,1,55
420320 CAMBORIU,592,332,924
420325 CAPAO ALTO,34,-,34
420330 CAMPO ALEGRE,187,10,197
420340 CAMPO BELO DO SUL,156,30,186
420350 CAMPO ERE,171,16,187
420360 CAMPOS NOVOS,579,111,690
420370 CANELINHA,158,6,164
420380 CANOINHAS,1007,337,1344
420390 CAPINZAL,263,135,398
420395 CAPIVARI DE BAIXO,236,11,247
420400 CATANDUVAS,107,24,131
420410 CAXAMBU DO SUL,78,11,89
420415 CELSO RAMOS,33,1,34
420417 CERRO NEGRO,40,3,43
420419 CHAPADAO DO LAGEADO,42,4,46
420420 CHAPECO,4228,2168,6396
420425 COCAL DO SUL,345,74,419
420430 CONCORDIA,1544,408,1952
420435 CORDILHEIRA ALTA,46,-,46
420440 CORONEL FREITAS,130,8,138
420445 CORONEL MARTINS,36,3,39
420450 CORUPA,187,58,245
420455 CORREIA PINTO,187,27,214
420460 CRICIUMA,4467,2071,6538
420470 CUNHA PORA,172,47,219
420475 CUNHATAI,33,1,34
420480 CURITIBANOS,834,204,1038
420490 DESCANSO,123,30,153
420500 DIONISIO CERQUEIRA,296,33,329
420510 DONA EMMA,36,-,36
420515 DOUTOR PEDRINHO,36,-,36
420517 ENTRE RIOS,53,-,53
420519 ERMO,47,-,47
420520 ERVAL VELHO,44,8,52
420530 FAXINAL DOS GUEDES,132,36,168
420535 FLOR DO SERTAO,35,-,35
420540 FLORIANOPOLIS,12953,7460,20413
420543 FORMOSA DO SUL,35,3,38
420545 FORQUILHINHA,335,24,359
420550 FRAIBURGO,593,120,713
420555 FREI ROGERIO,37,-,37
420560 GALVAO,57,3,60
420570 GAROPABA,460,62,522
420580 GARUVA,304,39,343
420590 GASPAR,792,60,852
420600 GOVERNADOR CELSO RAMOS,331,9,340
420610 GRAO PARA,77,4,81
420620 GRAVATAL,128,10,138
420630 GUABIRUBA,189,20,209
420640 GUARACIABA,179,10,189
420650 GUARAMIRIM,508,76,584
420660 GUARUJA DO SUL,106,9,115
420665 GUATAMBU,72,3,75
420670 HERVAL D'OESTE,229,51,280
420675 IBIAM,35,1,36
420680 IBICARE,33,27,60
420690 IBIRAMA,576,27,603
420700 ICARA,687,181,868
420710 ILHOTA,156,13,169
420720 IMARUI,180,9,189
420730 IMBITUBA,635,177,812
420740 IMBUIA,83,-,83
420750 INDAIAL,826,205,1031
420757 IOMERE,59,2,61
420760 IPIRA,80,1,81
420765 IPORA DO OESTE,177,21,198
420768 IPUACU,85,2,87
420770 IPUMIRIM,85,4,89
420775 IRACEMINHA,56,10,66
420780 IRANI,167,15,182
420785 IRATI,44,-,44
420790 IRINEOPOLIS,116,11,127
420800 ITA,121,14,135
420810 ITAIOPOLIS,227,156,383
420820 ITAJAI,5128,2343,7471
420830 ITAPEMA,870,506,1376
420840 ITAPIRANGA,212,18,230
420845 ITAPOA,364,63,427
420850 ITUPORANGA,495,75,570
420860 JABORA,78,2,80
420870 JACINTO MACHADO,166,6,172
420880 JAGUARUNA,343,142,485
420890 JARAGUA DO SUL,3578,930,4508
420895 JARDINOPOLIS,36,1,37
420900 JOACABA,1619,375,1994
420910 JOINVILLE,8780,5982,14762
420915 JOSE BOITEUX,115,-,115
420917 JUPIA,40,-,40
420920 LACERDOPOLIS,24,-,24
420930 LAGES,3934,549,4483
420940 LAGUNA,719,65,784
420945 LAJEADO GRANDE,29,-,29
420950 LAURENTINO,59,6,65
420960 LAURO MULLER,242,17,259
420970 LEBON REGIS,120,8,128
420980 LEOBERTO LEAL,41,3,44
420985 LINDOIA DO SUL,80,7,87
420990 LONTRAS,143,6,149
421000 LUIZ ALVES,192,35,227
421003 LUZERNA,111,8,119
421005 MACIEIRA,42,-,42
421010 MAFRA,1402,121,1523
421020 MAJOR GERCINO,42,-,42
421030 MAJOR VIEIRA,98,5,103
421040 MARACAJA,68,4,72
421050 MARAVILHA,531,103,634
421055 MAREMA,36,-,36
421060 MASSARANDUBA,221,57,278
421070 MATOS COSTA,67,-,67
421080 MELEIRO,158,60,218
421085 MIRIM DOCE,25,1,26
421090 MODELO,82,9,91
421100 MONDAI,195,17,212
421105 MONTE CARLO,110,8,118
421110 MONTE CASTELO,99,2,101
421120 MORRO DA FUMACA,246,29,275
421125 MORRO GRANDE,32,1,33
421130 NAVEGANTES,721,186,907
421140 NOVA ERECHIM,87,8,95
421145 NOVA ITABERABA,49,3,52
421150 NOVA TRENTO,256,15,271
421160 NOVA VENEZA,270,28,298
421165 NOVO HORIZONTE,35,-,35
421170 ORLEANS,331,65,396
421175 OTACILIO COSTA,231,69,300
421180 OURO,48,12,60
421185 OURO VERDE,44,-,44
421187 PAIAL,35,-,35
421189 PAINEL,36,3,39
421190 PALHOCA,1778,1344,3122
421200 PALMA SOLA,165,8,173
421205 PALMEIRA,31,15,46
421210 PALMITOS,197,26,223
421220 PAPANDUVA,206,7,213
421223 PARAISO,62,5,67
421225 PASSO DE TORRES,109,2,111
421227 PASSOS MAIA,57,3,60
421230 PAULO LOPES,97,-,97
421240 PEDRAS GRANDES,48,5,53
421250 PENHA,415,44,459
421260 PERITIBA,59,2,61
421265 PESCARIA BRAVA,94,1,95
421270 PETROLANDIA,83,3,86
421280 BALNEARIO PICARRAS,373,64,437
421290 PINHALZINHO,308,72,380
421300 PINHEIRO PRETO,32,1,33
421310 PIRATUBA,57,6,63
421315 PLANALTO ALEGRE,42,6,48
421320 POMERODE,454,101,555
421330 PONTE ALTA,49,1,50
421335 PONTE ALTA DO NORTE,34,-,34
421340 PONTE SERRADA,187,22,209
421350 PORTO BELO,399,38,437
421360 PORTO UNIAO,570,138,708
421370 POUSO REDONDO,194,39,233
421380 PRAIA GRANDE,196,17,213
421390 PRESIDENTE CASTELLO BRANCO,20,3,23
421400 PRESIDENTE GETULIO,205,48,253
421410 PRESIDENTE NEREU,32,-,32
421415 PRINCESA,40,-,40
421420 QUILOMBO,164,31,195
421430 RANCHO QUEIMADO,63,4,67
421440 RIO DAS ANTAS,58,3,61
421450 RIO DO CAMPO,78,5,83
421460 RIO DO OESTE,44,6,50
421470 RIO DOS CEDROS,158,13,171
421480 RIO DO SUL,1351,359,1710
421490 RIO FORTUNA,80,2,82
421500 RIO NEGRINHO,506,116,622
421505 RIO RUFINO,55,6,61
421507 RIQUEZA,34,4,38
421510 RODEIO,102,20,122
421520 ROMELANDIA,58,-,58
421530 SALETE,92,9,101
421535 SALTINHO,34,-,34
421540 SALTO VELOSO,54,8,62
421545 SANGAO,128,2,130
421550 SANTA CECILIA,173,20,193
421555 SANTA HELENA,31,-,31
421560 SANTA ROSA DE LIMA,38,-,38
421565 SANTA ROSA DO SUL,104,4,108
421567 SANTA TEREZINHA,59,2,61
421568 SANTA TEREZINHA DO PROGRESSO,26,-,26
421569 SANTIAGO DO SUL,32,-,32
421570 SANTO AMARO DA IMPERATRIZ,513,87,600
421575 SAO BERNARDINO,36,-,36
421580 SAO BENTO DO SUL,1006,357,1363
421590 SAO BONIFACIO,65,10,75
421600 SAO CARLOS,179,16,195
421605 SAO CRISTOVAO DO SUL,53,-,53
421610 SAO DOMINGOS,93,26,119
421620 SAO FRANCISCO DO SUL,650,110,760
421625 SAO JOAO DO OESTE,99,5,104
421630 SAO JOAO BATISTA,276,44,320
421635 SAO JOAO DO ITAPERIU,68,28,96
421640 SAO JOAO DO SUL,78,3,81
421650 SAO JOAQUIM,349,85,434
421660 SAO JOSE,4631,1436,6067
421670 SAO JOSE DO CEDRO,192,37,229
421680 SAO JOSE DO CERRITO,64,2,66
421690 SAO LOURENCO DO OESTE,327,100,427
421700 SAO LUDGERO,151,12,163
421710 SAO MARTINHO,56,-,56
421715 SAO MIGUEL DA BOA VISTA,35,-,35
421720 SAO MIGUEL DO OESTE,903,247,1150
421725 SAO PEDRO DE ALCANTARA,222,1,223
421730 SAUDADES,93,20,113
421740 SCHROEDER,131,12,143
421750 SEARA,287,45,332
421755 SERRA ALTA,33,1,34
421760 SIDEROPOLIS,162,14,176
421770 SOMBRIO,700,73,773
421775 SUL BRASIL,37,2,39
421780 TAIO,231,39,270
421790 TANGARA,162,4,166
421795 TIGRINHOS,37,-,37
421800 TIJUCAS,678,131,809
421810 TIMBE DO SUL,134,3,137
421820 TIMBO,702,260,962
421825 TIMBO GRANDE,70,-,70
421830 TRES BARRAS,330,6,336
421835 TREVISO,80,6,86
421840 TREZE DE MAIO,111,5,116
421850 TREZE TILIAS,88,30,118
421860 TROMBUDO CENTRAL,121,12,133
421870 TUBARAO,2069,823,2892
421875 TUNAPOLIS,103,13,116
421880 TURVO,165,22,187
421885 UNIAO DO OESTE,31,-,31
421890 URUBICI,188,9,197
421895 URUPEMA,38,1,39
421900 URUSSANGA,272,43,315
421910 VARGEAO,63,2,65
421915 VARGEM,39,3,42
421917 VARGEM BONITA,52,1,53
421920 VIDAL RAMOS,97,5,102
421930 VIDEIRA,892,277,1169
421935 VITOR MEIRELES,57,5,62
421940 WITMARSUM,83,1,84
421950 XANXERE,998,259,1257
421960 XAVANTINA,52,2,54
421970 XAXIM,370,93,463
421985 ZORTEA,25,2,27
422000 BALNEARIO RINCAO,153,8,161
430003 ACEGUA,96,-,96
430005 AGUA SANTA,56,16,72
430010 AGUDO,172,37,209
430020 AJURICABA,151,15,166
430030 ALECRIM,104,3,107
430040 ALEGRETE,1373,150,1523
430045 ALEGRIA,62,2,64
430047 ALMIRANTE TAMANDARE DO SUL,40,1,41
430050 ALPESTRE,88,18,106
430055 ALTO ALEGRE,29,3,32
430057 ALTO FELIZ,73,1,74
430060 ALVORADA,1239,217,1456
430063 AMARAL FERRADOR,84,1,85
430064 AMETISTA DO SUL,129,4,133
430066 ANDRE DA ROCHA,39,-,39
430070 ANTA GORDA,92,15,107
430080 ANTONIO PRADO,210,80,290
430085 ARAMBARE,86,8,94
430087 ARARICA,129,2,131
430090 ARATIBA,116,22,138
430100 ARROIO DO MEIO,424,33,457
430105 ARROIO DO SAL,172,10,182
430107 ARROIO DO PADRE,69,1,70
430110 ARROIO DOS RATOS,130,35,165
430120 ARROIO DO TIGRE,191,37,228
430130 ARROIO GRANDE,325,18,343
430140 ARVOREZINHA,138,9,147
430150 AUGUSTO PESTANA,128,17,145
430155 AUREA,52,3,55
430160 BAGE,1603,232,1835
430163 BALNEARIO PINHAL,205,28,233
430165 BARAO,91,1,92
430170 BARAO DE COTEGIPE,67,6,73
430175 BARAO DO TRIUNFO,52,1,53
430180 BARRACAO,65,11,76
430185 BARRA DO GUARITA,39,-,39
430187 BARRA DO QUARAI,56,1,57
430190 BARRA DO RIBEIRO,177,15,192
430192 BARRA DO RIO AZUL,35,-,35
430195 BARRA FUNDA,42,1,43
430200 BARROS CASSAL,112,23,135
430205 BENJAMIN CONSTANT DO SUL,56,-,56
430210 BENTO GONCALVES,2498,451,2949
430215 BOA VISTA DAS MISSOES,45,19,64
430220 BOA VISTA DO BURICA,128,29,157
430222 BOA VISTA DO CADEADO,58,1,59
430223 BOA VISTA DO INCRA,41,-,41
430225 BOA VISTA DO SUL,19,1,20
430230 BOM JESUS,138,21,159
430235 BOM PRINCIPIO,152,32,184
430237 BOM PROGRESSO,39,-,39
430240 BOM RETIRO DO SUL,208,21,229
430245 BOQUEIRAO DO LEAO,92,8,100
430250 BOSSOROCA,73,8,81
430258 BOZANO,34,7,41
430260 BRAGA,45,-,45
430265 BROCHIER,50,4,54
430270 BUTIA,199,20,219
430280 CACAPAVA DO SUL,334,44,378
430290 CACEQUI,208,19,227
430300 CACHOEIRA DO SUL,1640,203,1843
430310 CACHOEIRINHA,1339,516,1855
430320 CACIQUE DOBLE,93,3,96
430330 CAIBATE,88,6,94
430340 CAICARA,74,8,82
430350 CAMAQUA,766,407,1173
430355 CAMARGO,51,-,51
430360 CAMBARA DO SUL,122,1,123
430367 CAMPESTRE DA SERRA,35,3,38
430370 CAMPINA DAS MISSOES,105,26,131
430380 CAMPINAS DO SUL,101,1,102
430390 CAMPO BOM,882,215,1097
430400 CAMPO NOVO,86,1,87
430410 CAMPOS BORGES,61,4,65
430420 CANDELARIA,378,79,457
430430 CANDIDO GODOI,112,17,129
430435 CANDIOTA,127,12,139
430440 CANELA,498,165,663
430450 CANGUCU,460,37,497
430460 CANOAS,6982,1729,8711
430461 CANUDOS DO VALE,37,1,38
430462 CAPAO BONITO DO SUL,34,-,34
430463 CAPAO DA CANOA,1146,165,1311
430465 CAPAO DO CIPO,51,1,52
430466 CAPAO DO LEAO,233,8,241
430467 CAPIVARI DO SUL,72,9,81
430468 CAPELA DE SANTANA,124,15,139
430469 CAPITAO,39,2,41
430470 CARAZINHO,1342,251,1593
430471 CARAA,68,-,68
430480 CARLOS BARBOSA,427,81,508
430485 CARLOS GOMES,35,-,35
430490 CASCA,138,38,176
430495 CASEIROS,35,-,35
430500 CATUIPE,110,10,120
430510 CAXIAS DO SUL,7275,3611,10886
430511 CENTENARIO,28,1,29
430512 CERRITO,59,-,59
430513 CERRO BRANCO,60,5,65
430515 CERRO GRANDE,43,1,44
430517 CERRO GRANDE DO SUL,114,2,116
430520 CERRO LARGO,162,45,207
430530 CHAPADA,134,9,143
430535 CHARQUEADAS,466,127,593
430537 CHARRUA,45,3,48
430540 CHIAPETTA,103,-,103
430543 CHUI,61,3,64
430544 CHUVISCA,50,3,53
430545 CIDREIRA,156,6,162
430550 CIRIACO,75,6,81
430558 COLINAS,43,1,44
430560 COLORADO,60,1,61
430570 CONDOR,96,2,98
430580 CONSTANTINA,151,9,160
430583 COQUEIRO BAIXO,31,-,31
430585 COQUEIROS DO SUL,43,-,43
430587 CORONEL BARROS,44,1,45
430590 CORONEL BICACO,110,-,110
430593 CORONEL PILAR,17,-,17
430595 COTIPORA,52,3,55
430597 COXILHA,76,-,76
430600 CRISSIUMAL,263,11,274
430605 CRISTAL,96,15,111
430607 CRISTAL DO SUL,39,2,41
430610 CRUZ ALTA,853,488,1341
430613 CRUZALTENSE,34,-,34
430620 CRUZEIRO DO SUL,116,5,121
430630 DAVID CANABARRO,117,3,120
430632 DERRUBADAS,42,-,42
430635 DEZESSEIS DE NOVEMBRO,32,1,33
430637 DILERMANDO DE AGUIAR,45,12,57
430640 DOIS IRMAOS,391,149,540
430642 DOIS IRMAOS DAS MISSOES,29,-,29
430645 DOIS LAJEADOS,62,8,70
430650 DOM FELICIANO,179,36,215
430655 DOM PEDRO DE ALCANTARA,53,-,53
430660 DOM PEDRITO,421,92,513
430670 DONA FRANCISCA,42,-,42
430673 DOUTOR MAURICIO CARDOSO,54,16,70
430675 DOUTOR RICARDO,32,2,34
430676 ELDORADO DO SUL,392,22,414
430680 ENCANTADO,497,132,629
430690 ENCRUZILHADA DO SUL,277,33,310
430692 ENGENHO VELHO,35,1,36
430693 ENTRE-IJUIS,88,6,94
430695 ENTRE RIOS DO SUL,57,5,62
430697 EREBANGO,56,-,56
430700 ERECHIM,1355,1070,2425
430705 ERNESTINA,42,-,42
430710 HERVAL,99,12,111
430720 ERVAL GRANDE,66,1,67
430730 ERVAL SECO,90,1,91
430740 ESMERALDA,41,2,43
430745 ESPERANCA DO SUL,44,-,44
430750 ESPUMOSO,255,63,318
430755 ESTACAO,76,10,86
430760 ESTANCIA VELHA,438,127,565
430770 ESTEIO,1661,245,1906
430780 ESTRELA,800,112,912
430781 ESTRELA VELHA,43,12,55
430783 EUGENIO DE CASTRO,39,3,42
430786 FAGUNDES VARELA,33,6,39
430790 FARROUPILHA,868,222,1090
430800 FAXINAL DO SOTURNO,1083,14,1097
430805 FAXINALZINHO,41,-,41
430807 FAZENDA VILANOVA,45,11,56
430810 FELIZ,214,99,313
430820 FLORES DA CUNHA,302,128,430
430825 FLORIANO PEIXOTO,32,-,32
430830 FONTOURA XAVIER,126,1,127
430840 FORMIGUEIRO,71,4,75
430843 FORQUETINHA,39,-,39
430845 FORTALEZA DOS VALOS,68,1,69
430850 FREDERICO WESTPHALEN,711,97,808
430860 GARIBALDI,386,70,456
430865 GARRUCHOS,47,10,57
430870 GAURAMA,76,20,96
430880 GENERAL CAMARA,65,3,68
430885 GENTIL,46,-,46
430890 GETULIO VARGAS,291,44,335
430900 GIRUA,418,24,442
430905 GLORINHA,91,3,94
430910 GRAMADO,733,259,992
430912 GRAMADO DOS LOUREIROS,44,-,44
430915 GRAMADO XAVIER,59,4,63
430920 GRAVATAI,3050,717,3767
430925 GUABIJU,29,2,31
430930 GUAIBA,840,288,1128
430940 GUAPORE,380,101,481
430950 GUARANI DAS MISSOES,97,38,135
430955 HARMONIA,60,2,62
430957 HERVEIRAS,36,-,36
430960 HORIZONTINA,256,71,327
430965 HULHA NEGRA,56,1,57
430970 HUMAITA,50,8,58
430975 IBARAMA,46,3,49
430980 IBIACA,64,1,65
430990 IBIRAIARAS,67,21,88
430995 IBIRAPUITA,57,1,58
431000 IBIRUBA,299,96,395
431010 IGREJINHA,931,191,1122
431020 IJUI,1722,883,2605
431030 ILOPOLIS,65,15,80
431033 IMBE,347,22,369
431036 IMIGRANTE,41,2,43
431040 INDEPENDENCIA,75,7,82
431041 INHACORA,46,-,46
431043 IPE,47,5,52
431046 IPIRANGA DO SUL,32,-,32
431050 IRAI,143,4,147
431053 ITAARA,35,33,68
431055 ITACURUBI,49,2,51
431057 ITAPUCA,28,-,28
431060 ITAQUI,439,59,498
431065 ITATI,76,3,79
431070 ITATIBA DO SUL,49,-,49
431075 IVORA,30,3,33
431080 IVOTI,305,177,482
431085 JABOTICABA,99,3,102
431087 JACUIZINHO,31,-,31
431090 JACUTINGA,45,2,47
431100 JAGUARAO,281,24,305
431110 JAGUARI,122,8,130
431112 JAQUIRANA,65,-,65
431113 JARI,47,1,48
431115 JOIA,69,14,83
431120 JULIO DE CASTILHOS,265,32,297
431123 LAGOA BONITA DO SUL,26,14,40
431125 LAGOAO,66,-,66
431127 LAGOA DOS TRES CANTOS,31,-,31
431130 LAGOA VERMELHA,461,109,570
431140 LAJEADO,2363,608,2971
431142 LAJEADO DO BUGRE,44,-,44
431150 LAVRAS DO SUL,90,6,96
431160 LIBERATO SALZANO,53,9,62
431162 LINDOLFO COLLOR,52,3,55
431164 LINHA NOVA,26,-,26
431170 MACHADINHO,88,8,96
431171 MACAMBARA,56,9,65
431173 MAMPITUBA,48,1,49
431175 MANOEL VIANA,72,2,74
431177 MAQUINE,68,4,72
431179 MARATA,55,2,57
431180 MARAU,586,219,805
431190 MARCELINO RAMOS,90,6,96
431198 MARIANA PIMENTEL,31,-,31
431200 MARIANO MORO,37,-,37
431205 MARQUES DE SOUZA,79,2,81
431210 MATA,69,5,74
431213 MATO CASTELHANO,63,-,63
431215 MATO LEITAO,52,1,53
431217 MATO QUEIMADO,30,-,30
431220 MAXIMILIANO DE ALMEIDA,54,8,62
431225 MINAS DO LEAO,75,-,75
431230 MIRAGUAI,60,9,69
431235 MONTAURI,26,5,31
431237 MONTE ALEGRE DOS CAMPOS,49,-,49
431238 MONTE BELO DO SUL,42,3,45
431240 MONTENEGRO,1163,1006,2169
431242 MORMACO,43,-,43
431244 MORRINHOS DO SUL,45,1,46
431245 MORRO REDONDO,68,14,82
431247 MORRO REUTER,62,11,73
431250 MOSTARDAS,116,8,124
431260 MUCUM,95,8,103
431261 MUITOS CAPOES,39,-,39
431262 MULITERNO,47,2,49
431265 NAO-ME-TOQUE,231,109,340
431267 NICOLAU VERGUEIRO,33,-,33
431270 NONOAI,339,7,346
431275 NOVA ALVORADA,61,1,62
431280 NOVA ARACA,54,8,62
431290 NOVA BASSANO,105,39,144
431295 NOVA BOA VISTA,45,-,45
431300 NOVA BRESCIA,47,2,49
431301 NOVA CANDELARIA,49,1,50
431303 NOVA ESPERANCA DO SUL,56,-,56
431306 NOVA HARTZ,106,91,197
431308 NOVA PADUA,22,-,22
431310 NOVA PALMA,116,17,133
431320 NOVA PETROPOLIS,293,58,351
431330 NOVA PRATA,419,236,655
431333 NOVA RAMADA,35,1,36
431335 NOVA ROMA DO SUL,27,2,29
431337 NOVA SANTA RITA,273,20,293
431339 NOVO CABRAIS,41,5,46
431340 NOVO HAMBURGO,2526,3340,5866
431342 NOVO MACHADO,53,3,56
431344 NOVO TIRADENTES,48,2,50
431346 NOVO XINGU,42,5,47
431349 NOVO BARREIRO,76,7,83
431350 OSORIO,1021,110,1131
431360 PAIM FILHO,79,4,83
431365 PALMARES DO SUL,158,9,167
431370 PALMEIRA DAS MISSOES,520,64,584
431380 PALMITINHO,136,26,162
431390 PANAMBI,492,119,611
431395 PANTANO GRANDE,136,22,158
431400 PARAI,115,27,142
431402 PARAISO DO SUL,53,18,71
431403 PARECI NOVO,49,-,49
431405 PAROBE,724,90,814
431406 PASSA SETE,50,-,50
431407 PASSO DO SOBRADO,77,1,78
431410 PASSO FUNDO,6172,1972,8144
431413 PAULO BENTO,26,-,26
431415 PAVERAMA,94,4,98
431417 PEDRAS ALTAS,45,1,46
431420 PEDRO OSORIO,97,4,101
431430 PEJUCARA,67,7,74
431440 PELOTAS,6907,1546,8453
431442 PICADA CAFE,59,-,59
431445 PINHAL,36,1,37
431446 PINHAL DA SERRA,40,-,40
431447 PINHAL GRANDE,55,4,59
431449 PINHEIRINHO DO VALE,43,1,44
431450 PINHEIRO MACHADO,163,12,175
431454 PINTO BANDEIRA,16,13,29
431455 PIRAPO,47,-,47
431460 PIRATINI,206,23,229
431470 PLANALTO,165,13,178
431475 POCO DAS ANTAS,34,1,35
431477 PONTAO,42,2,44
431478 PONTE PRETA,29,-,29
431480 PORTAO,300,157,457
431490 PORTO ALEGRE,45626,16543,62169
431500 PORTO LUCENA,90,1,91
431505 PORTO MAUA,30,2,32
431507 PORTO VERA CRUZ,18,1,19
431510 PORTO XAVIER,122,25,147
431513 POUSO NOVO,32,-,32
431514 PRESIDENTE LUCENA,34,-,34
431515 PROGRESSO,137,6,143
431517 PROTASIO ALVES,25,2,27
431520 PUTINGA,56,1,57
431530 QUARAI,369,39,408
431531 QUATRO IRMAOS,23,-,23
431532 QUEVEDOS,33,-,33
431535 QUINZE DE NOVEMBRO,57,9,66
431540 REDENTORA,116,4,120
431545 RELVADO,31,4,35
431550 RESTINGA SECA,184,26,210
431555 RIO DOS INDIOS,36,-,36
431560 RIO GRANDE,4300,945,5245
431570 RIO PARDO,529,100,629
431575 RIOZINHO,71,3,74
431580 ROCA SALES,93,3,96
431590 RODEIO BONITO,136,4,140
431595 ROLADOR,34,-,34
431600 ROLANTE,253,70,323
431610 RONDA ALTA,286,4,290
431620 RONDINHA,73,1,74
431630 ROQUE GONZALES,77,8,85
431640 ROSARIO DO SUL,538,129,667
431642 SAGRADA FAMILIA,43,-,43
431643 SALDANHA MARINHO,70,14,84
431645 SALTO DO JACUI,204,14,218
431647 SALVADOR DAS MISSOES,38,8,46
431650 SALVADOR DO SUL,81,16,97
431660 SANANDUVA,340,61,401
431670 SANTA BARBARA DO SUL,129,4,133
431673 SANTA CECILIA DO SUL,32,-,32
431675 SANTA CLARA DO SUL,74,17,91
431680 SANTA CRUZ DO SUL,3129,533,3662
431690 SANTA MARIA,4378,2793,7171
431695 SANTA MARIA DO HERVAL,29,4,33
431697 SANTA MARGARIDA DO SUL,35,-,35
431700 SANTANA DA BOA VISTA,68,-,68
431710 SANT'ANA DO LIVRAMENTO,927,282,1209
431720 SANTA ROSA,1594,659,2253
431725 SANTA TEREZA,23,-,23
431730 SANTA VITORIA DO PALMAR,393,33,426
431740 SANTIAGO,728,167,895
431750 SANTO ANGELO,939,913,1852
431755 SANTO ANTONIO DO PALMA,28,-,28
431760 SANTO ANTONIO DA PATRULHA,462,133,595
431770 SANTO ANTONIO DAS MISSOES,113,13,126
431775 SANTO ANTONIO DO PLANALTO,30,3,33
431780 SANTO AUGUSTO,224,16,240
431790 SANTO CRISTO,212,14,226
431795 SANTO EXPEDITO DO SUL,24,2,26
431800 SAO BORJA,1065,79,1144
431805 SAO DOMINGOS DO SUL,44,2,46
431810 SAO FRANCISCO DE ASSIS,203,31,234
431820 SAO FRANCISCO DE PAULA,207,15,222
431830 SAO GABRIEL,1134,88,1222
431840 SAO JERONIMO,710,75,785
431842 SAO JOAO DA URTIGA,52,5,57
431843 SAO JOAO DO POLESINE,50,2,52
431844 SAO JORGE,26,-,26
431845 SAO JOSE DAS MISSOES,46,-,46
431846 SAO JOSE DO HERVAL,47,-,47
431848 SAO JOSE DO HORTENCIO,48,1,49
431849 SAO JOSE DO INHACORA,44,1,45
431850 SAO JOSE DO NORTE,318,10,328
431860 SAO JOSE DO OURO,125,20,145
431861 SAO JOSE DO SUL,44,-,44
431862 SAO JOSE DOS AUSENTES,73,1,74
431870 SAO LEOPOLDO,1674,782,2456
431880 SAO LOURENCO DO SUL,532,49,581
431890 SAO LUIZ GONZAGA,450,91,541
431900 SAO MARCOS,227,54,281
431910 SAO MARTINHO,94,2,96
431912 SAO MARTINHO DA SERRA,33,-,33
431915 SAO MIGUEL DAS MISSOES,103,5,108
431920 SAO NICOLAU,88,-,88
431930 SAO PAULO DAS MISSOES,107,3,110
431935 SAO PEDRO DA SERRA,28,3,31
431936 SAO PEDRO DAS MISSOES,37,1,38
431937 SAO PEDRO DO BUTIA,45,3,48
431940 SAO PEDRO DO SUL,205,21,226
431950 SAO SEBASTIAO DO CAI,268,61,329
431960 SAO SEPE,195,12,207
431970 SAO VALENTIM,51,-,51
431971 SAO VALENTIM DO SUL,24,2,26
431973 SAO VALERIO DO SUL,45,-,45
431975 SAO VENDELINO,26,1,27
431980 SAO VICENTE DO SUL,81,5,86
431990 SAPIRANGA,462,369,831
432000 SAPUCAIA DO SUL,1764,378,2142
432010 SARANDI,308,88,396
432020 SEBERI,216,19,235
432023 SEDE NOVA,43,1,44
432026 SEGREDO,73,3,76
432030 SELBACH,81,1,82
432032 SENADOR SALGADO FILHO,39,2,41
432035 SENTINELA DO SUL,46,-,46
432040 SERAFINA CORREA,206,136,342
432045 SERIO,35,1,36
432050 SERTAO,117,8,125
432055 SERTAO SANTANA,84,5,89
432057 SETE DE SETEMBRO,31,5,36
432060 SEVERIANO DE ALMEIDA,65,2,67
432065 SILVEIRA MARTINS,25,1,26
432067 SINIMBU,107,9,116
432070 SOBRADINHO,139,74,213
432080 SOLEDADE,474,85,559
432085 TABAI,50,3,53
432090 TAPEJARA,351,358,709
432100 TAPERA,120,20,140
432110 TAPES,143,26,169
432120 TAQUARA,589,101,690
432130 TAQUARI,312,142,454
432132 TAQUARUCU DO SUL,49,1,50
432135 TAVARES,74,-,74
432140 TENENTE PORTELA,773,56,829
432143 TERRA DE AREIA,98,17,115
432145 TEUTONIA,528,52,580
432146 TIO HUGO,38,-,38
432147 TIRADENTES DO SUL,39,-,39
432149 TOROPI,33,6,39
432150 TORRES,612,141,753
432160 TRAMANDAI,849,99,948
432162 TRAVESSEIRO,23,1,24
432163 TRES ARROIOS,53,-,53
432166 TRES CACHOEIRAS,118,10,128
432170 TRES COROAS,211,72,283
432180 TRES DE MAIO,426,115,541
432183 TRES FORQUILHAS,50,2,52
432185 TRES PALMEIRAS,61,-,61
432190 TRES PASSOS,531,85,616
432195 TRINDADE DO SUL,89,3,92
432200 TRIUNFO,321,29,350
432210 TUCUNDUVA,78,9,87
432215 TUNAS,42,1,43
432218 TUPANCI DO SUL,18,1,19
432220 TUPANCIRETA,164,27,191
432225 TUPANDI,40,4,44
432230 TUPARENDI,104,11,115
432232 TURUCU,51,-,51
432234 UBIRETAMA,26,-,26
432235 UNIAO DA SERRA,29,-,29
432237 UNISTALDA,41,-,41
432240 URUGUAIANA,1535,279,1814
432250 VACARIA,828,213,1041
432252 VALE VERDE,44,-,44
432253 VALE DO SOL,99,7,106
432254 VALE REAL,49,4,53
432255 VANINI,42,-,42
432260 VENANCIO AIRES,1083,164,1247
432270 VERA CRUZ,268,58,326
432280 VERANOPOLIS,290,84,374
432285 VESPASIANO CORREA,32,1,33
432290 VIADUTOS,61,2,63
432300 VIAMAO,1926,275,2201
432310 VICENTE DUTRA,48,-,48
432320 VICTOR GRAEFF,38,5,43
432330 VILA FLORES,36,5,41
432335 VILA LANGARO,32,-,32
432340 VILA MARIA,48,2,50
432345 VILA NOVA DO SUL,50,2,52
432350 VISTA ALEGRE,32,-,32
432360 VISTA ALEGRE DO PRATA,15,2,17
432370 VISTA GAUCHA,28,-,28
432375 VITORIA DAS MISSOES,38,8,46
432377 WESTFALIA,33,5,38
432380 XANGRI-LA,277,68,345
500020 AGUA CLARA,251,47,298
500025 ALCINOPOLIS,129,3,132
500060 AMAMBAI,525,290,815
500070 ANASTACIO,348,8,356
500080 ANAURILANDIA,157,5,162
500085 ANGELICA,166,12,178
500090 ANTONIO JOAO,202,9,211
500100 APARECIDA DO TABOADO,367,67,434
500110 AQUIDAUANA,828,121,949
500124 ARAL MOREIRA,204,1,205
500150 BANDEIRANTES,176,3,179
500190 BATAGUASSU,356,61,417
500200 BATAYPORA,157,10,167
500210 BELA VISTA,267,33,300
500215 BODOQUENA,148,7,155
500220 BONITO,312,25,337
500230 BRASILANDIA,235,16,251
500240 CAARAPO,462,53,515
500260 CAMAPUA,235,29,264
500270 CAMPO GRANDE,20474,4989,25463
500280 CARACOL,95,-,95
500290 CASSILANDIA,322,53,375
500295 CHAPADAO DO SUL,482,109,591
500310 CORGUINHO,92,-,92
500315 CORONEL SAPUCAIA,179,15,194
500320 CORUMBA,1415,210,1625
500325 COSTA RICA,562,70,632
500330 COXIM,683,102,785
500345 DEODAPOLIS,236,28,264
500348 DOIS IRMAOS DO BURITI,199,4,203
500350 DOURADINA,94,7,101
500370 DOURADOS,5122,1238,6360
500375 ELDORADO,141,27,168
500380 FATIMA DO SUL,384,95,479
500390 FIGUEIRAO,74,2,76
500400 GLORIA DE DOURADOS,115,24,139
500410 GUIA LOPES DA LAGUNA,145,11,156
500430 IGUATEMI,212,29,241
500440 INOCENCIA,192,6,198
500450 ITAPORA,324,18,342
500460 ITAQUIRAI,231,5,236
500470 IVINHEMA,366,112,478
500480 JAPORA,146,-,146
500490 JARAGUARI,121,-,121
500500 JARDIM,333,44,377
500510 JATEI,91,1,92
500515 JUTI,112,4,116
500520 LADARIO,153,242,395
500525 LAGUNA CARAPA,130,4,134
500540 MARACAJU,697,30,727
500560 MIRANDA,379,4,383
500568 MUNDO NOVO,193,45,238
500570 NAVIRAI,772,93,865
500580 NIOAQUE,220,3,223
500600 NOVA ALVORADA DO SUL,316,23,339
500620 NOVA ANDRADINA,892,285,1177
500625 NOVO HORIZONTE DO SUL,96,-,96
500627 PARAISO DAS AGUAS,119,9,128
500630 PARANAIBA,743,275,1018
500635 PARANHOS,198,10,208
500640 PEDRO GOMES,101,8,109
500660 PONTA PORA,1615,166,1781
500690 PORTO MURTINHO,218,7,225
500710 RIBAS DO RIO PARDO,292,45,337
500720 RIO BRILHANTE,512,74,586
500730 RIO NEGRO,94,4,98
500740 RIO VERDE DE MATO GROSSO,323,25,348
500750 ROCHEDO,113,2,115
500755 SANTA RITA DO PARDO,135,4,139
500769 SAO GABRIEL DO OESTE,481,51,532
500770 SETE QUEDAS,127,16,143
500780 SELVIRIA,119,11,130
500790 SIDROLANDIA,542,53,595
500793 SONORA,251,18,269
500795 TACURU,162,4,166
500797 TAQUARUSSU,85,2,87
500800 TERENOS,241,2,243
500830 TRES LAGOAS,3267,597,3864
500840 VICENTINA,125,-,125
510010 ACORIZAL,96,1,97
510020 AGUA BOA,614,123,737
510025 ALTA FLORESTA,975,237,1212
510030 ALTO ARAGUAIA,231,50,281
510035 ALTO BOA VISTA,105,13,118
510040 ALTO GARCAS,152,10,162
510050 ALTO PARAGUAI,159,-,159
510060 ALTO TAQUARI,134,17,151
510080 APIACAS,121,11,132
510100 ARAGUAIANA,118,1,119
510120 ARAGUAINHA,35,1,36
510125 ARAPUTANGA,183,53,236
510130 ARENAPOLIS,179,16,195
510140 ARIPUANA,328,50,378
510160 BARAO DE MELGACO,88,1,89
510170 BARRA DO BUGRES,416,64,480
510180 BARRA DO GARCAS,1381,370,1751
510185 BOM JESUS DO ARAGUAIA,93,3,96
510190 BRASNORTE,376,9,385
510250 CACERES,1778,314,2092
510260 CAMPINAPOLIS,417,7,424
510263 CAMPO NOVO DO PARECIS,495,449,944
510267 CAMPO VERDE,679,138,817
510268 CAMPOS DE JULIO,166,19,185
510269 CANABRAVA DO NORTE,87,11,98
510270 CANARANA,423,143,566
510279 CARLINDA,114,6,120
510285 CASTANHEIRA,90,9,99
510300 CHAPADA DOS GUIMARAES,229,33,262
510305 CLAUDIA,194,1,195
510310 COCALINHO,129,10,139
510320 COLIDER,748,105,853
510325 COLNIZA,294,57,351
510330 COMODORO,280,39,319
510335 CONFRESA,520,183,703
510336 CONQUISTA D'OESTE,83,1,84
510337 COTRIGUACU,169,20,189
510340 CUIABA,13197,5063,18260
510343 CURVELANDIA,69,2,71
510345 DENISE,78,6,84
510350 DIAMANTINO,467,18,485
510360 DOM AQUINO,107,1,108
510370 FELIZ NATAL,213,6,219
510380 FIGUEIROPOLIS D'OESTE,49,-,49
510385 GAUCHA DO NORTE,169,27,196
510390 GENERAL CARNEIRO,92,1,93
510395 GLORIA D'OESTE,52,-,52
510410 GUARANTA DO NORTE,489,87,576
510420 GUIRATINGA,143,8,151
510450 INDIAVAI,47,-,47
510452 IPIRANGA DO NORTE,126,6,132
510454 ITANHANGA,90,2,92
510455 ITAUBA,103,2,105
510460 ITIQUIRA,239,9,248
510480 JACIARA,415,80,495
510490 JANGADA,136,2,138
510500 JAURU,122,3,125
510510 JUARA,453,134,587
510515 JUINA,778,345,1123
510517 JURUENA,137,24,161
510520 JUSCIMEIRA,206,7,213
510523 LAMBARI D'OESTE,76,-,76
510525 LUCAS DO RIO VERDE,1406,208,1614
510530 LUCIARA,78,2,80
510550 VILA BELA DA SANTISSIMA TRINDADE,256,1,257
510558 MARCELANDIA,170,13,183
510560 MATUPA,242,70,312
510562 MIRASSOL D'OESTE,267,70,337
510590 NOBRES,225,76,301
510600 NORTELANDIA,84,3,87
510610 NOSSA SENHORA DO LIVRAMENTO,120,2,122
510615 NOVA BANDEIRANTES,139,11,150
510617 NOVA NAZARE,63,1,64
510618 NOVA LACERDA,78,1,79
510619 NOVA SANTA HELENA,81,1,82
510620 NOVA BRASILANDIA,77,-,77
510621 NOVA CANAA DO NORTE,160,8,168
510622 NOVA MUTUM,935,243,1178
510623 NOVA OLIMPIA,216,51,267
510624 NOVA UBIRATA,176,-,176
510625 NOVA XAVANTINA,339,50,389
510626 NOVO MUNDO,101,3,104
510627 NOVO HORIZONTE DO NORTE,84,8,92
510628 NOVO SAO JOAQUIM,127,3,130
510629 PARANAITA,202,24,226
510630 PARANATINGA,344,37,381
510631 NOVO SANTO ANTONIO,54,2,56
510637 PEDRA PRETA,203,8,211
510642 PEIXOTO DE AZEVEDO,530,18,548
510645 PLANALTO DA SERRA,76,1,77
510650 POCONE,442,46,488
510665 PONTAL DO ARAGUAIA,89,1,90
510670 PONTE BRANCA,84,1,85
510675 PONTES E LACERDA,567,104,671
510677 PORTO ALEGRE DO NORTE,158,-,158
510680 PORTO DOS GAUCHOS,125,11,136
510682 PORTO ESPERIDIAO,143,2,145
510685 PORTO ESTRELA,60,1,61
510700 POXOREO,237,8,245
510704 PRIMAVERA DO LESTE,1244,721,1965
510706 QUERENCIA,442,92,534
510710 SAO JOSE DOS QUATRO MARCOS,181,22,203
510715 RESERVA DO CABACAL,68,-,68
510718 RIBEIRAO CASCALHEIRA,150,9,159
510719 RIBEIRAOZINHO,64,2,66
510720 RIO BRANCO,73,3,76
510724 SANTA CARMEM,80,5,85
510726 SANTO AFONSO,85,2,87
510729 SAO JOSE DO POVO,60,-,60
510730 SAO JOSE DO RIO CLARO,292,42,334
510735 SAO JOSE DO XINGU,98,-,98
510740 SAO PEDRO DA CIPA,50,-,50
510757 RONDOLANDIA,67,1,68
510760 RONDONOPOLIS,4727,999,5726
510770 ROSARIO OESTE,191,1,192
510774 SANTA CRUZ DO XINGU,56,4,60
510775 SALTO DO CEU,82,8,90
510776 SANTA RITA DO TRIVELATO,78,5,83
510777 SANTA TEREZINHA,168,-,168
510779 SANTO ANTONIO DO LESTE,66,-,66
510780 SANTO ANTONIO DO LEVERGER,304,-,304
510785 SAO FELIX DO ARAGUAIA,287,8,295
510787 SAPEZAL,360,55,415
510788 SERRA NOVA DOURADA,51,1,52
510790 SINOP,3113,1301,4414
510792 SORRISO,1571,740,2311
510794 TABAPORA,135,12,147
510795 TANGARA DA SERRA,1170,681,1851
510800 TAPURAH,170,12,182
510805 TERRA NOVA DO NORTE,151,10,161
510810 TESOURO,73,2,75
510820 TORIXOREU,99,4,103
510830 UNIAO DO SUL,77,10,87
510835 VALE DE SAO DOMINGOS,79,1,80
510840 VARZEA GRANDE,3320,457,3777
510850 VERA,123,22,145
510860 VILA RICA,208,45,253
510880 NOVA GUARITA,75,1,76
510885 NOVA MARILANDIA,90,-,90
510890 NOVA MARINGA,93,1,94
510895 NOVA MONTE VERDE,109,3,112
520005 ABADIA DE GOIAS,187,12,199
520010 ABADIANIA,229,31,260
520013 ACREUNA,271,38,309
520015 ADELANDIA,46,-,46
520017 AGUA FRIA DE GOIAS,57,11,68
520020 AGUA LIMPA,40,-,40
520025 AGUAS LINDAS DE GOIAS,2138,208,2346
520030 ALEXANIA,354,22,376
520050 ALOANDIA,48,2,50
520055 ALTO HORIZONTE,188,1,189
520060 ALTO PARAISO DE GOIAS,184,29,213
520080 ALVORADA DO NORTE,154,6,160
520082 AMARALINA,61,-,61
520085 AMERICANO DO BRASIL,77,5,82
520090 AMORINOPOLIS,77,-,77
520110 ANAPOLIS,6865,2594,9459
520120 ANHANGUERA,25,-,25
520130 ANICUNS,269,28,297
520140 APARECIDA DE GOIANIA,7558,852,8410
520145 APARECIDA DO RIO DOCE,49,-,49
520150 APORE,91,-,91
520160 ARACU,96,12,108
520170 ARAGARCAS,285,4,289
520180 ARAGOIANIA,146,4,150
520215 ARAGUAPAZ,113,-,113
520235 ARENOPOLIS,97,-,97
520250 ARUANA,125,1,126
520260 AURILANDIA,54,8,62
520280 AVELINOPOLIS,59,-,59
520310 BALIZA,63,-,63
520320 BARRO ALTO,198,28,226
520330 BELA VISTA DE GOIAS,423,39,462
520340 BOM JARDIM DE GOIAS,126,4,130
520350 BOM JESUS DE GOIAS,304,38,342
520355 BONFINOPOLIS,133,-,133
520357 BONOPOLIS,75,2,77
520360 BRAZABRANTES,80,-,80
520380 BRITANIA,144,6,150
520390 BURITI ALEGRE,151,7,158
520393 BURITI DE GOIAS,64,1,65
520396 BURITINOPOLIS,44,-,44
520400 CABECEIRAS,109,1,110
520410 CACHOEIRA ALTA,132,8,140
520420 CACHOEIRA DE GOIAS,39,1,40
520425 CACHOEIRA DOURADA,151,8,159
520430 CACU,192,15,207
520440 CAIAPONIA,225,5,230
520450 CALDAS NOVAS,1275,221,1496
520455 CALDAZINHA,57,1,58
520460 CAMPESTRE DE GOIAS,54,-,54
520465 CAMPINACU,103,2,105
520470 CAMPINORTE,161,22,183
520480 CAMPO ALEGRE DE GOIAS,113,5,118
520485 CAMPO LIMPO DE GOIAS,109,-,109
520490 CAMPOS BELOS,293,78,371
520495 CAMPOS VERDES,63,-,63
520500 CARMO DO RIO VERDE,147,5,152
520505 CASTELANDIA,72,-,72
520510 CATALAO,1657,640,2297
520520 CATURAI,92,2,94
520530 CAVALCANTE,159,-,159
520540 CERES,874,188,1062
520545 CEZARINA,143,2,145
520547 CHAPADAO DO CEU,236,6,242
520549 CIDADE OCIDENTAL,679,67,746
520551 COCALZINHO DE GOIAS,351,31,382
520552 COLINAS DO SUL,79,-,79
520570 CORREGO DO OURO,43,1,44
520580 CORUMBA DE GOIAS,162,7,169
520590 CORUMBAIBA,115,2,117
520620 CRISTALINA,794,95,889
520630 CRISTIANOPOLIS,51,4,55
520640 CRIXAS,269,66,335
520650 CROMINIA,99,-,99
520660 CUMARI,57,-,57
520670 DAMIANOPOLIS,84,-,84
520680 DAMOLANDIA,83,-,83
520690 DAVINOPOLIS,50,-,50
520710 DIORAMA,100,-,100
520725 DOVERLANDIA,109,-,109
520735 EDEALINA,132,3,135
520740 EDEIA,203,18,221
520750 ESTRELA DO NORTE,67,-,67
520753 FAINA,103,1,104
520760 FAZENDA NOVA,97,-,97
520780 FIRMINOPOLIS,157,16,173
520790 FLORES DE GOIAS,211,1,212
520800 FORMOSA,1977,363,2340
520810 FORMOSO,73,1,74
520815 GAMELEIRA DE GOIAS,66,2,68
520830 DIVINOPOLIS DE GOIAS,105,2,107
520840 GOIANAPOLIS,181,29,210
520850 GOIANDIRA,77,-,77
520860 GOIANESIA,1007,206,1213
520870 GOIANIA,30721,9625,40346
520880 GOIANIRA,411,14,425
520890 GOIAS,575,19,594
520910 GOIATUBA,525,197,722
520915 GOUVELANDIA,96,1,97
520920 GUAPO,196,9,205
520929 GUARAITA,68,-,68
520940 GUARANI DE GOIAS,50,-,50
520945 GUARINOS,39,-,39
520960 HEITORAI,62,13,75
520970 HIDROLANDIA,271,3,274
520980 HIDROLINA,87,-,87
520990 IACIARA,147,-,147
520993 INACIOLANDIA,118,7,125
520995 INDIARA,270,12,282
521000 INHUMAS,653,131,784
521010 IPAMERI,533,90,623
521015 IPIRANGA DE GOIAS,52,1,53
521020 IPORA,525,207,732
521030 ISRAELANDIA,54,-,54
521040 ITABERAI,574,135,709
521056 ITAGUARI,76,-,76
521060 ITAGUARU,99,2,101
521080 ITAJA,87,-,87
521090 ITAPACI,287,72,359
521100 ITAPIRAPUA,106,-,106
521120 ITAPURANGA,258,72,330
521130 ITARUMA,122,3,125
521140 ITAUCU,125,-,125
521150 ITUMBIARA,2175,651,2826
521160 IVOLANDIA,110,-,110
521170 JANDAIA,110,-,110
521180 JARAGUA,648,66,714
521190 JATAI,1835,398,2233
521200 JAUPACI,64,-,64
521205 JESUPOLIS,39,-,39
521210 JOVIANIA,145,5,150
521220 JUSSARA,267,93,360
521225 LAGOA SANTA,34,-,34
521230 LEOPOLDO DE BULHOES,82,-,82
521250 LUZIANIA,2346,541,2887
521260 MAIRIPOTABA,45,-,45
521270 MAMBAI,127,2,129
521280 MARA ROSA,150,37,187
521290 MARZAGAO,66,-,66
521295 MATRINCHA,63,-,63
521300 MAURILANDIA,143,6,149
521305 MIMOSO DE GOIAS,40,-,40
521308 MINACU,458,59,517
521310 MINEIROS,1210,233,1443
521340 MOIPORA,46,-,46
521350 MONTE ALEGRE DE GOIAS,122,9,131
521370 MONTES CLAROS DE GOIAS,119,3,122
521375 MONTIVIDIU,161,6,167
521377 MONTIVIDIU DO NORTE,55,1,56
521380 MORRINHOS,591,171,762
521385 MORRO AGUDO DE GOIAS,49,-,49
521390 MOSSAMEDES,72,2,74
521400 MOZARLANDIA,200,43,243
521405 MUNDO NOVO,132,-,132
521410 MUTUNOPOLIS,58,-,58
521440 NAZARIO,120,2,122
521450 NEROPOLIS,575,35,610
521460 NIQUELANDIA,310,169,479
521470 NOVA AMERICA,43,1,44
521480 NOVA AURORA,52,1,53
521483 NOVA CRIXAS,146,2,148
521486 NOVA GLORIA,74,1,75
521487 NOVA IGUACU DE GOIAS,43,1,44
521490 NOVA ROMA,69,-,69
521500 NOVA VENEZA,98,4,102
521520 NOVO BRASIL,66,-,66
521523 NOVO GAMA,768,33,801
521525 NOVO PLANALTO,67,-,67
521530 ORIZONA,210,18,228
521540 OURO VERDE DE GOIAS,72,2,74
521550 OUVIDOR,96,10,106
521560 PADRE BERNARDO,354,20,374
521565 PALESTINA DE GOIAS,57,-,57
521570 PALMEIRAS DE GOIAS,358,53,411
521580 PALMELO,94,3,97
521590 PALMINOPOLIS,83,-,83
521600 PANAMA,59,-,59
521630 PARANAIGUARA,120,11,131
521640 PARAUNA,211,8,219
521645 PEROLANDIA,80,-,80
521680 PETROLINA DE GOIAS,128,11,139
521690 PILAR DE GOIAS,65,1,66
521710 PIRACANJUBA,371,105,476
521720 PIRANHAS,128,8,136
521730 PIRENOPOLIS,451,16,467
521740 PIRES DO RIO,353,108,461
521760 PLANALTINA,976,81,1057
521770 PONTALINA,248,28,276
521800 PORANGATU,589,93,682
521805 PORTEIRAO,59,3,62
521810 PORTELANDIA,76,1,77
521830 POSSE,503,53,556
521839 PROFESSOR JAMIL,63,-,63
521850 QUIRINOPOLIS,736,298,1034
521860 RIALMA,150,17,167
521870 RIANAPOLIS,60,16,76
521878 RIO QUENTE,111,1,112
521880 RIO VERDE,4191,1158,5349
521890 RUBIATABA,273,21,294
521900 SANCLERLANDIA,104,9,113
521910 SANTA BARBARA DE GOIAS,82,20,102
521920 SANTA CRUZ DE GOIAS,79,1,80
521925 SANTA FE DE GOIAS,70,-,70
521930 SANTA HELENA DE GOIAS,1112,70,1182
521935 SANTA ISABEL,58,1,59
521940 SANTA RITA DO ARAGUAIA,66,-,66
521945 SANTA RITA DO NOVO DESTINO,50,-,50
521950 SANTA ROSA DE GOIAS,64,-,64
521960 SANTA TEREZA DE GOIAS,98,-,98
521970 SANTA TEREZINHA DE GOIAS,120,7,127
521971 SANTO ANTONIO DA BARRA,77,3,80
521973 SANTO ANTONIO DE GOIAS,119,3,122
521975 SANTO ANTONIO DO DESCOBERTO,469,132,601
521980 SAO DOMINGOS,127,-,127
521990 SAO FRANCISCO DE GOIAS,100,2,102
522000 SAO JOAO D'ALIANCA,171,2,173
522005 SAO JOAO DA PARAUNA,40,-,40
522010 SAO LUIS DE MONTES BELOS,737,84,821
522015 SAO LUIZ DO NORTE,99,1,100
522020 SAO MIGUEL DO ARAGUAIA,259,40,299
522026 SAO MIGUEL DO PASSA QUATRO,64,-,64
522028 SAO PATRICIO,41,-,41
522040 SAO SIMAO,357,41,398
522045 SENADOR CANEDO,1514,99,1613
522050 SERRANOPOLIS,82,-,82
522060 SILVANIA,300,33,333
522068 SIMOLANDIA,88,1,89
522070 SITIO D'ABADIA,56,1,57
522100 TAQUARAL DE GOIAS,63,2,65
522108 TERESINA DE GOIAS,61,6,67
522119 TEREZOPOLIS DE GOIAS,73,2,75
522130 TRES RANCHOS,79,23,102
522140 TRINDADE,1983,147,2130
522145 TROMBAS,62,-,62
522150 TURVANIA,94,1,95
522155 TURVELANDIA,109,2,111
522157 UIRAPURU,59,2,61
522160 URUACU,1876,98,1974
522170 URUANA,179,17,196
522180 URUTAI,50,2,52
522185 VALPARAISO DE GOIAS,1918,246,2164
522190 VARJAO,49,-,49
522200 VIANOPOLIS,150,7,157
522205 VICENTINOPOLIS,104,6,110
522220 VILA BOA,95,-,95
522230 VILA PROPICIO,93,-,93
530010 BRASILIA,49927,36964,86891
Total,3363336,929557,4292893
Fonte: Ministério da Saúde - Cadastro Nacional dos Estabelecimentos de Saúde do Brasil - CNES,,,
Nota:,,,
- Os dados relativos ao Cadastro Nacional de Estabelecimentos de Saúde (CNES) exibidos no TABNET referem-se aos registros constantes no Banco de Dados Nacional do CNES com status ATIVO.,,,
"- A partir do processamento de junho de 2012, houve mudança na classificação da natureza e esfera dos estabelecimentos. Com isso, temos que:",,,
,,,
"Até maio de 2012 estas informações estão disponíveis como ""Natureza"" e ""Esfera Administrativa"".",,,
"De junho de 2012 a outubro de 2015, estão disponíveis tanto como ""Natureza"" e ""Esfera Administrativa"", como ""Natureza Jurídica"" e ""Esfera Jurídica"".",,,
"A partir de novembro de 2015, estão disponíveis como ""Natureza Jurídica"" e ""Esfera Jurídica"".",,,